query,gold_ids,missing_gold_ids,view,k,pass_at_k,hit_ids,first_hit_rank,recall_ids,recall_scores,recall_views
12v逆变器,['5359'],[],description,1,0,[],,['60977'],[0.33162593841552734],['description']
12v逆变器,['5359'],[],description,3,0,[],,"['60977', '51044', '5544']","[0.33162593841552734, 0.3267558813095093, 0.31840676069259644]","['description', 'description', 'description']"
304不锈钢,['5359'],[],description,1,0,[],,['60977'],[0.4208466112613678],['description']
304不锈钢,['5359'],[],description,3,0,[],,"['60977', '5881', '51323']","[0.4208466112613678, 0.4024081230163574, 0.39735332131385803]","['description', 'description', 'description']"
4.2米厢式货车,['5359'],[],description,1,0,[],,['50760'],[0.4222334623336792],['description']
4.2米厢式货车,['5359'],[],description,3,0,[],,"['50760', '5819', '50574']","[0.4222334623336792, 0.39405766129493713, 0.38833656907081604]","['description', 'description', 'description']"
60吨地磅价格大概要多少钱,['5359'],[],description,1,0,[],,['60338'],[0.45904970169067383],['description']
60吨地磅价格大概要多少钱,['5359'],[],description,3,0,[],,"['60338', '51590', '60540']","[0.45904970169067383, 0.41899383068084717, 0.40128466486930847]","['description', 'description', 'description']"
pc板,['5359'],[],description,1,0,[],,['60977'],[0.4400169253349304],['description']
pc板,['5359'],[],description,3,0,[],,"['60977', '51388', '47198']","[0.4400169253349304, 0.4028964638710022, 0.39623022079467773]","['description', 'description', 'description']"
pe管厂家,['5359'],[],description,1,1,['5359'],1.0,['5359'],[0.40602317452430725],['description']
pe管厂家,['5359'],[],description,3,1,['5359'],1.0,"['5359', '47198', '5881']","[0.40602317452430725, 0.3596579134464264, 0.33434295654296875]","['description', 'description', 'description']"
pt螺纹,['5359'],[],description,1,0,[],,['47198'],[0.3881140649318695],['description']
pt螺纹,['5359'],[],description,3,0,[],,"['47198', '51388', '60977']","[0.3881140649318695, 0.3790883421897888, 0.37900203466415405]","['description', 'description', 'description']"
三轮电车,['5359'],[],description,1,0,[],,['5271'],[0.4974714517593384],['description']
三轮电车,['5359'],[],description,3,0,[],,"['5271', '5819', '50574']","[0.4974714517593384, 0.4738537669181824, 0.45069509744644165]","['description', 'description', 'description']"
不锈钢架子,['5359'],[],description,1,1,['5359'],1.0,['5359'],[0.3342762589454651],['description']
不锈钢架子,['5359'],[],description,3,1,['5359'],1.0,"['5359', '5103', '60977']","[0.3342762589454651, 0.3174009323120117, 0.3054882287979126]","['description', 'description', 'description']"
不锈钢管,['5359'],[],description,1,0,[],,['51590'],[0.38485199213027954],['description']
不锈钢管,['5359'],[],description,3,0,[],,"['51590', '51088', '5881']","[0.38485199213027954, 0.3808324337005615, 0.36533334851264954]","['description', 'description', 'description']"
东元电机,['5359'],[],description,1,0,[],,['5881'],[0.4879944324493408],['description']
东元电机,['5359'],[],description,3,0,[],,"['5881', '5271', '5544']","[0.4879944324493408, 0.3768045902252197, 0.3747509717941284]","['description', 'description', 'description']"
东风洒水车,['5359'],[],description,1,0,[],,['5819'],[0.36942368745803833],['description']
东风洒水车,['5359'],[],description,3,0,[],,"['5819', '5271', '47198']","[0.36942368745803833, 0.3603938817977905, 0.34380704164505005]","['description', 'description', 'description']"
中央空调一拖四大概价位。,['5359'],[],description,1,0,[],,['5881'],[0.498226523399353],['description']
中央空调一拖四大概价位。,['5359'],[],description,3,0,[],,"['5881', '60338', '60540']","[0.498226523399353, 0.48434367775917053, 0.45870715379714966]","['description', 'description', 'description']"
书多少钱一斤,['5359'],[],description,1,0,[],,['60338'],[0.53055739402771],['description']
书多少钱一斤,['5359'],[],description,3,0,[],,"['60338', '51590', '61800']","[0.53055739402771, 0.4872649312019348, 0.4580778479576111]","['description', 'description', 'description']"
今日白钨价格,['5359'],[],description,1,0,[],,['51590'],[0.6158604025840759],['description']
今日白钨价格,['5359'],[],description,3,0,[],,"['51590', '51088', '51255']","[0.6158604025840759, 0.5854014754295349, 0.5627554655075073]","['description', 'description', 'description']"
伸缩门,['5359'],[],description,1,0,[],,['5671'],[0.4661233723163605],['description']
伸缩门,['5359'],[],description,3,1,['5359'],3.0,"['5671', '52523', '5359']","[0.4661233723163605, 0.44609206914901733, 0.4328263998031616]","['description', 'description', 'description']"
佳通轮胎,['5359'],[],description,1,0,[],,['5881'],[0.4280402958393097],['description']
佳通轮胎,['5359'],[],description,3,0,[],,"['5881', '47198', '51323']","[0.4280402958393097, 0.4186762273311615, 0.4047238230705261]","['description', 'description', 'description']"
保洁清洗,['5359'],[],description,1,0,[],,['5778'],[0.46171385049819946],['description']
保洁清洗,['5359'],[],description,3,0,[],,"['5778', '47198', '47272']","[0.46171385049819946, 0.45988577604293823, 0.42289918661117554]","['description', 'description', 'description']"
保鲜柜,['5359'],[],description,1,0,[],,['5544'],[0.4049474000930786],['description']
保鲜柜,['5359'],[],description,3,0,[],,"['5544', '60977', '5881']","[0.4049474000930786, 0.39674386382102966, 0.3920164406299591]","['description', 'description', 'description']"
充电桩一个多少钱,['5359'],[],description,1,0,[],,['60338'],[0.5174158811569214],['description']
充电桩一个多少钱,['5359'],[],description,3,0,[],,"['60338', '47198', '60540']","[0.5174158811569214, 0.4763498306274414, 0.46399933099746704]","['description', 'description', 'description']"
内衣内衣,['5359'],[],description,1,0,[],,['60977'],[0.45387160778045654],['description']
内衣内衣,['5359'],[],description,3,0,[],,"['60977', '51388', '51377']","[0.45387160778045654, 0.4155786633491516, 0.40782424807548523]","['description', 'description', 'description']"
农村化粪池,['5359'],[],description,1,0,[],,['51388'],[0.3754796087741852],['description']
农村化粪池,['5359'],[],description,3,0,[],,"['51388', '51377', '47198']","[0.3754796087741852, 0.37135979533195496, 0.370761513710022]","['description', 'description', 'description']"
冬虫夏草,['5359'],[],description,1,0,[],,['51323'],[0.4868287444114685],['description']
冬虫夏草,['5359'],[],description,3,0,[],,"['51323', '51377', '51388']","[0.4868287444114685, 0.4670064449310303, 0.46463900804519653]","['description', 'description', 'description']"
冷风机厂家,['5359'],[],description,1,0,[],,['5881'],[0.37299683690071106],['description']
冷风机厂家,['5359'],[],description,3,1,['5359'],2.0,"['5881', '5359', '5544']","[0.37299683690071106, 0.37162545323371887, 0.2884454131126404]","['description', 'description', 'description']"
刹虫剂,['5359'],[],description,1,0,[],,['60977'],[0.3803941011428833],['description']
刹虫剂,['5359'],[],description,3,0,[],,"['60977', '51388', '51323']","[0.3803941011428833, 0.37975627183914185, 0.37665730714797974]","['description', 'description', 'description']"
割草机,['5359'],[],description,1,0,[],,['60977'],[0.3803868889808655],['description']
割草机,['5359'],[],description,3,0,[],,"['60977', '51474', '5544']","[0.3803868889808655, 0.3714398443698883, 0.3690563440322876]","['description', 'description', 'description']"
办公室家具,['5359'],[],description,1,0,[],,['267'],[0.41862237453460693],['description']
办公室家具,['5359'],[],description,3,1,['5359'],3.0,"['267', '51712', '5359']","[0.41862237453460693, 0.39638373255729675, 0.3753974139690399]","['description', 'description', 'description']"
包多少钱,['5359'],[],description,1,0,[],,['60338'],[0.6061990261077881],['description']
包多少钱,['5359'],[],description,3,0,[],,"['60338', '60540', '47198']","[0.6061990261077881, 0.5360826253890991, 0.5357248783111572]","['description', 'description', 'description']"
包装箱,['5359'],[],description,1,0,[],,['60977'],[0.46476244926452637],['description']
包装箱,['5359'],[],description,3,0,[],,"['60977', '267', '51712']","[0.46476244926452637, 0.44687315821647644, 0.44028139114379883]","['description', 'description', 'description']"
叉车,['5359'],[],description,1,0,[],,['60977'],[0.46292850375175476],['description']
叉车,['5359'],[],description,3,0,[],,"['60977', '5819', '5271']","[0.46292850375175476, 0.4414501190185547, 0.4349018633365631]","['description', 'description', 'description']"
变频器维修,['5359'],[],description,1,0,[],,['60977'],[0.38098788261413574],['description']
变频器维修,['5359'],[],description,3,0,[],,"['60977', '5881', '51388']","[0.38098788261413574, 0.37025418877601624, 0.34002572298049927]","['description', 'description', 'description']"
喷雾设备,['5359'],[],description,1,0,[],,['5544'],[0.3685983419418335],['description']
喷雾设备,['5359'],[],description,3,0,[],,"['5544', '60977', '5881']","[0.3685983419418335, 0.3357066512107849, 0.33186012506484985]","['description', 'description', 'description']"
围栏护栏厂家,['5359'],[],description,1,1,['5359'],1.0,['5359'],[0.5213585495948792],['description']
围栏护栏厂家,['5359'],[],description,3,1,['5359'],1.0,"['5359', '39537', '28128']","[0.5213585495948792, 0.3148917853832245, 0.3097248375415802]","['description', 'description', 'description']"
土工布价格,['5359'],[],description,1,0,[],,['60338'],[0.43641260266304016],['description']
土工布价格,['5359'],[],description,3,0,[],,"['60338', '5671', '51590']","[0.43641260266304016, 0.39269572496414185, 0.38915711641311646]","['description', 'description', 'description']"
塑料桶厂家,['5359'],[],description,1,1,['5359'],1.0,['5359'],[0.38584965467453003],['description']
塑料桶厂家,['5359'],[],description,3,1,['5359'],1.0,"['5359', '5881', '51457']","[0.38584965467453003, 0.32205215096473694, 0.3030014634132385]","['description', 'description', 'description']"
塑胶地板,['5359'],[],description,1,0,[],,['47242'],[0.3696417808532715],['description']
塑胶地板,['5359'],[],description,3,0,[],,"['47242', '5671', '47198']","[0.3696417808532715, 0.36340564489364624, 0.36247265338897705]","['description', 'description', 'description']"
大蒜价格,['5359'],[],description,1,0,[],,['51590'],[0.5518367886543274],['description']
大蒜价格,['5359'],[],description,3,0,[],,"['51590', '60338', '51088']","[0.5518367886543274, 0.516646683216095, 0.4952700138092041]","['description', 'description', 'description']"
太阳能路灯,['5359'],[],description,1,0,[],,['47242'],[0.38455426692962646],['description']
太阳能路灯,['5359'],[],description,3,0,[],,"['47242', '47198', '5671']","[0.38455426692962646, 0.3810807466506958, 0.3686792254447937]","['description', 'description', 'description']"
家具翻新贴纸,['5359'],[],description,1,0,[],,['60977'],[0.34786203503608704],['description']
家具翻新贴纸,['5359'],[],description,3,0,[],,"['60977', '5550', '5778']","[0.34786203503608704, 0.33106744289398193, 0.3165501356124878]","['description', 'description', 'description']"
小发电机,['5359'],[],description,1,0,[],,['51377'],[0.442702054977417],['description']
小发电机,['5359'],[],description,3,0,[],,"['51377', '5179', '62248']","[0.442702054977417, 0.4307568669319153, 0.4304300844669342]","['description', 'description', 'description']"
小型电动四轮车,['5359'],[],description,1,0,[],,['5271'],[0.44083768129348755],['description']
小型电动四轮车,['5359'],[],description,3,0,[],,"['5271', '5819', '50574']","[0.44083768129348755, 0.43326833844184875, 0.4076581597328186]","['description', 'description', 'description']"
山东路沿石厂家联系方式,['5359'],[],description,1,1,['5359'],1.0,['5359'],[0.4130540192127228],['description']
山东路沿石厂家联系方式,['5359'],[],description,3,1,['5359'],1.0,"['5359', '47198', '5012']","[0.4130540192127228, 0.3419610857963562, 0.3298981785774231]","['description', 'description', 'description']"
山梨醇,['5359'],[],description,1,0,[],,['51388'],[0.4284208416938782],['description']
山梨醇,['5359'],[],description,3,0,[],,"['51388', '60977', '51377']","[0.4284208416938782, 0.4219560921192169, 0.41389200091362]","['description', 'description', 'description']"
干燥机,['5359'],[],description,1,0,[],,['60977'],[0.4018688499927521],['description']
干燥机,['5359'],[],description,3,0,[],,"['60977', '51323', '5544']","[0.4018688499927521, 0.40044093132019043, 0.3959016799926758]","['description', 'description', 'description']"
库车,['5359'],[],description,1,0,[],,['51323'],[0.4647117853164673],['description']
库车,['5359'],[],description,3,0,[],,"['51323', '5671', '47198']","[0.4647117853164673, 0.4610385000705719, 0.4428865313529968]","['description', 'description', 'description']"
废旧回收,['5359'],[],description,1,0,[],,['5103'],[0.4522625207901001],['description']
废旧回收,['5359'],[],description,3,0,[],,"['5103', '267', '47198']","[0.4522625207901001, 0.43948841094970703, 0.438048392534256]","['description', 'description', 'description']"
开裆连体裤,['5359'],[],description,1,0,[],,['51382'],[0.2779439389705658],['description']
开裆连体裤,['5359'],[],description,3,0,[],,"['51382', '51381', '51379']","[0.2779439389705658, 0.27582216262817383, 0.26836657524108887]","['description', 'description', 'description']"
托运汽车,['5359'],[],description,1,0,[],,['5819'],[0.4849485456943512],['description']
托运汽车,['5359'],[],description,3,0,[],,"['5819', '47198', '50574']","[0.4849485456943512, 0.4764356315135956, 0.4731638431549072]","['description', 'description', 'description']"
拉杆箱维修价目表,['5359'],[],description,1,0,[],,['60338'],[0.3626095652580261],['description']
拉杆箱维修价目表,['5359'],[],description,3,0,[],,"['60338', '61800', '51590']","[0.3626095652580261, 0.3484116792678833, 0.3255354166030884]","['description', 'description', 'description']"
拖拉机价格,['5359'],[],description,1,0,[],,['60338'],[0.5286960005760193],['description']
拖拉机价格,['5359'],[],description,3,0,[],,"['60338', '60540', '50760']","[0.5286960005760193, 0.4885921776294708, 0.4608805775642395]","['description', 'description', 'description']"
接骨丹,['5359'],[],description,1,0,[],,['51323'],[0.3976678252220154],['description']
接骨丹,['5359'],[],description,3,0,[],,"['51323', '5671', '51388']","[0.3976678252220154, 0.3772907555103302, 0.3731796145439148]","['description', 'description', 'description']"
数字瓦多少钱一平米,['5359'],[],description,1,0,[],,['60338'],[0.540009617805481],['description']
数字瓦多少钱一平米,['5359'],[],description,3,0,[],,"['60338', '47198', '51590']","[0.540009617805481, 0.4591779112815857, 0.4567403197288513]","['description', 'description', 'description']"
数控机床,['5359'],[],description,1,0,[],,['51323'],[0.4165579676628113],['description']
数控机床,['5359'],[],description,3,0,[],,"['51323', '51044', '60293']","[0.4165579676628113, 0.38748621940612793, 0.3871232271194458]","['description', 'description', 'description']"
木方,['5359'],[],description,1,0,[],,['51388'],[0.45942485332489014],['description']
木方,['5359'],[],description,3,0,[],,"['51388', '51323', '51377']","[0.45942485332489014, 0.45575207471847534, 0.4408710300922394]","['description', 'description', 'description']"
机器人一台多少钱,['5359'],[],description,1,0,[],,['60338'],[0.5649785399436951],['description']
机器人一台多少钱,['5359'],[],description,3,0,[],,"['60338', '60540', '60977']","[0.5649785399436951, 0.5289748907089233, 0.4633328318595886]","['description', 'description', 'description']"
机油多少钱一桶,['5359'],[],description,1,0,[],,['60338'],[0.5275899171829224],['description']
机油多少钱一桶,['5359'],[],description,3,0,[],,"['60338', '51590', '47198']","[0.5275899171829224, 0.4559576213359833, 0.4556908905506134]","['description', 'description', 'description']"
构树,['5359'],[],description,1,0,[],,['51323'],[0.4737885594367981],['description']
构树,['5359'],[],description,3,0,[],,"['51323', '51377', '51388']","[0.4737885594367981, 0.45488131046295166, 0.45053738355636597]","['description', 'description', 'description']"
树脂,['5359'],[],description,1,0,[],,['51388'],[0.47969791293144226],['description']
树脂,['5359'],[],description,3,0,[],,"['51388', '51377', '51323']","[0.47969791293144226, 0.46186238527297974, 0.454303503036499]","['description', 'description', 'description']"
格力空调价格多少钱,['5359'],[],description,1,0,[],,['60338'],[0.4909704327583313],['description']
格力空调价格多少钱,['5359'],[],description,3,0,[],,"['60338', '5881', '51590']","[0.4909704327583313, 0.47897326946258545, 0.4698725640773773]","['description', 'description', 'description']"
桌子价格,['5359'],[],description,1,0,[],,['60338'],[0.5340152382850647],['description']
桌子价格,['5359'],[],description,3,0,[],,"['60338', '60977', '5671']","[0.5340152382850647, 0.5064706802368164, 0.5046640634536743]","['description', 'description', 'description']"
检测仪,['5359'],[],description,1,0,[],,['5544'],[0.4707515239715576],['description']
检测仪,['5359'],[],description,3,0,[],,"['5544', '60977', '5881']","[0.4707515239715576, 0.4323083460330963, 0.4079854488372803]","['description', 'description', 'description']"
楔形钢板,['5359'],[],description,1,0,[],,['51323'],[0.41550350189208984],['description']
楔形钢板,['5359'],[],description,3,0,[],,"['51323', '5550', '51388']","[0.41550350189208984, 0.41211605072021484, 0.39873915910720825]","['description', 'description', 'description']"
橡皮膏,['5359'],[],description,1,0,[],,['51388'],[0.4481813907623291],['description']
橡皮膏,['5359'],[],description,3,0,[],,"['51388', '51381', '51323']","[0.4481813907623291, 0.4291604161262512, 0.42739567160606384]","['description', 'description', 'description']"
气化器,['5359'],[],description,1,0,[],,['51323'],[0.3973545432090759],['description']
气化器,['5359'],[],description,3,0,[],,"['51323', '60977', '5544']","[0.3973545432090759, 0.38242417573928833, 0.3700892925262451]","['description', 'description', 'description']"
氯化锌,['5359'],[],description,1,0,[],,['51388'],[0.4436124563217163],['description']
氯化锌,['5359'],[],description,3,0,[],,"['51388', '51323', '51377']","[0.4436124563217163, 0.44121772050857544, 0.4205452799797058]","['description', 'description', 'description']"
水泥管厂,['5359'],[],description,1,1,['5359'],1.0,['5359'],[0.4129263162612915],['description']
水泥管厂,['5359'],[],description,3,1,['5359'],1.0,"['5359', '47242', '47198']","[0.4129263162612915, 0.3984694480895996, 0.3859034776687622]","['description', 'description', 'description']"
水泵,['5359'],[],description,1,0,[],,['51388'],[0.39499545097351074],['description']
水泵,['5359'],[],description,3,0,[],,"['51388', '5881', '60977']","[0.39499545097351074, 0.3943781852722168, 0.3806649446487427]","['description', 'description', 'description']"
污水处理设备,['5359'],[],description,1,0,[],,['5881'],[0.34828704595565796],['description']
污水处理设备,['5359'],[],description,3,1,['5359'],2.0,"['5881', '5359', '267']","[0.34828704595565796, 0.32906168699264526, 0.3190237879753113]","['description', 'description', 'description']"
污水池,['5359'],[],description,1,0,[],,['47272'],[0.4665064215660095],['description']
污水池,['5359'],[],description,3,0,[],,"['47272', '5671', '47242']","[0.4665064215660095, 0.4433439373970032, 0.43730026483535767]","['description', 'description', 'description']"
汽车遮阳棚,['5359'],[],description,1,0,[],,['5819'],[0.3533186912536621],['description']
汽车遮阳棚,['5359'],[],description,3,1,['5359'],3.0,"['5819', '50574', '5359']","[0.3533186912536621, 0.3516419529914856, 0.30844563245773315]","['description', 'description', 'description']"
沙发床,['5359'],[],description,1,0,[],,['60977'],[0.41573622822761536],['description']
沙发床,['5359'],[],description,3,0,[],,"['60977', '50133', '47272']","[0.41573622822761536, 0.407370388507843, 0.4037203788757324]","['description', 'description', 'description']"
洗澡热水器,['5359'],[],description,1,0,[],,['5881'],[0.38326340913772583],['description']
洗澡热水器,['5359'],[],description,3,0,[],,"['5881', '60977', '50192']","[0.38326340913772583, 0.3669995069503784, 0.36417073011398315]","['description', 'description', 'description']"
洗石机,['5359'],[],description,1,0,[],,['51377'],[0.4033283591270447],['description']
洗石机,['5359'],[],description,3,0,[],,"['51377', '51388', '60977']","[0.4033283591270447, 0.3998938798904419, 0.3976605236530304]","['description', 'description', 'description']"
液氨价格,['5359'],[],description,1,0,[],,['60338'],[0.4665142297744751],['description']
液氨价格,['5359'],[],description,3,0,[],,"['60338', '51255', '51590']","[0.4665142297744751, 0.45315879583358765, 0.4349246025085449]","['description', 'description', 'description']"
混凝土搅拌机,['5359'],[],description,1,1,['5359'],1.0,['5359'],[0.3450421392917633],['description']
混凝土搅拌机,['5359'],[],description,3,1,['5359'],1.0,"['5359', '60977', '5881']","[0.3450421392917633, 0.3429732322692871, 0.34291893243789673]","['description', 'description', 'description']"
湖北白麻价格,['5359'],[],description,1,0,[],,['61800'],[0.4066241681575775],['description']
湖北白麻价格,['5359'],[],description,3,0,[],,"['61800', '60338', '50192']","[0.4066241681575775, 0.3927413821220398, 0.3659913241863251]","['description', 'description', 'description']"
滤油机,['5359'],[],description,1,0,[],,['5881'],[0.3385288119316101],['description']
滤油机,['5359'],[],description,3,0,[],,"['5881', '60977', '5544']","[0.3385288119316101, 0.3332732915878296, 0.33071380853652954]","['description', 'description', 'description']"
火花塞,['5359'],[],description,1,0,[],,['60977'],[0.4437969923019409],['description']
火花塞,['5359'],[],description,3,0,[],,"['60977', '5550', '51388']","[0.4437969923019409, 0.4193767011165619, 0.4177914261817932]","['description', 'description', 'description']"
玉米机,['5359'],[],description,1,0,[],,['51323'],[0.3370729684829712],['description']
玉米机,['5359'],[],description,3,0,[],,"['51323', '60977', '51388']","[0.3370729684829712, 0.3321080803871155, 0.32879284024238586]","['description', 'description', 'description']"
环氧砂浆,['5359'],[],description,1,0,[],,['5544'],[0.3129827678203583],['description']
环氧砂浆,['5359'],[],description,3,0,[],,"['5544', '47198', '39537']","[0.3129827678203583, 0.3102912902832031, 0.29595857858657837]","['description', 'description', 'description']"
玻璃门窗,['5359'],[],description,1,0,[],,['47242'],[0.4094715714454651],['description']
玻璃门窗,['5359'],[],description,3,0,[],,"['47242', '267', '51712']","[0.4094715714454651, 0.4017837941646576, 0.3968990445137024]","['description', 'description', 'description']"
瓷砖品牌,['5359'],[],description,1,0,[],,['5881'],[0.5005890130996704],['description']
瓷砖品牌,['5359'],[],description,3,0,[],,"['5881', '60977', '5882']","[0.5005890130996704, 0.45523202419281006, 0.4441748857498169]","['description', 'description', 'description']"
电动升降机,['5359'],[],description,1,1,['5359'],1.0,['5359'],[0.3787316679954529],['description']
电动升降机,['5359'],[],description,3,1,['5359'],1.0,"['5359', '5881', '60977']","[0.3787316679954529, 0.3699224889278412, 0.3682442009449005]","['description', 'description', 'description']"
电压器,['5359'],[],description,1,0,[],,['60977'],[0.5124180316925049],['description']
电压器,['5359'],[],description,3,0,[],,"['60977', '51388', '51323']","[0.5124180316925049, 0.47384634613990784, 0.4725950360298157]","['description', 'description', 'description']"
电磁阀,['5359'],[],description,1,0,[],,['5881'],[0.38866832852363586],['description']
电磁阀,['5359'],[],description,3,0,[],,"['5881', '60977', '5544']","[0.38866832852363586, 0.3634774088859558, 0.35659030079841614]","['description', 'description', 'description']"
电话机器人,['5359'],[],description,1,0,[],,['51474'],[0.5039553046226501],['description']
电话机器人,['5359'],[],description,3,0,[],,"['51474', '47198', '5012']","[0.5039553046226501, 0.5005851984024048, 0.4961930811405182]","['description', 'description', 'description']"
电饭锅价格,['5359'],[],description,1,0,[],,['60338'],[0.48188433051109314],['description']
电饭锅价格,['5359'],[],description,3,0,[],,"['60338', '5544', '60540']","[0.48188433051109314, 0.45100629329681396, 0.44740837812423706]","['description', 'description', 'description']"
男性情趣用品,['5359'],[],description,1,0,[],,['60977'],[0.4379281997680664],['description']
男性情趣用品,['5359'],[],description,3,0,[],,"['60977', '47272', '5544']","[0.4379281997680664, 0.3780567944049835, 0.3773060441017151]","['description', 'description', 'description']"
石膏板,['5359'],[],description,1,0,[],,['267'],[0.4279667139053345],['description']
石膏板,['5359'],[],description,3,0,[],,"['267', '51712', '5103']","[0.4279667139053345, 0.4226873219013214, 0.419697105884552]","['description', 'description', 'description']"
石雕的价格,['5359'],[],description,1,0,[],,['60338'],[0.457405686378479],['description']
石雕的价格,['5359'],[],description,3,0,[],,"['60338', '5671', '51590']","[0.457405686378479, 0.40655896067619324, 0.38832610845565796]","['description', 'description', 'description']"
硅胶娃娃,['5359'],[],description,1,0,[],,['60977'],[0.30766844749450684],['description']
硅胶娃娃,['5359'],[],description,3,0,[],,"['60977', '50393', '51381']","[0.30766844749450684, 0.3061908483505249, 0.2970709502696991]","['description', 'description', 'description']"
空调一台多少钱,['5359'],[],description,1,0,[],,['60338'],[0.5765764117240906],['description']
空调一台多少钱,['5359'],[],description,3,0,[],,"['60338', '60540', '5881']","[0.5765764117240906, 0.5331785082817078, 0.505573034286499]","['description', 'description', 'description']"
竹简,['5359'],[],description,1,0,[],,['52524'],[0.5943620204925537],['description']
竹简,['5359'],[],description,3,0,[],,"['52524', '51388', '51323']","[0.5943620204925537, 0.5574131011962891, 0.5527856945991516]","['description', 'description', 'description']"
索菲亚岩板瓷砖,['5359'],[],description,1,0,[],,['5881'],[0.34307581186294556],['description']
索菲亚岩板瓷砖,['5359'],[],description,3,0,[],,"['5881', '5103', '60977']","[0.34307581186294556, 0.3122996687889099, 0.28230342268943787]","['description', 'description', 'description']"
紫阳花,['5359'],[],description,1,0,[],,['51377'],[0.49562644958496094],['description']
紫阳花,['5359'],[],description,3,0,[],,"['51377', '51388', '51378']","[0.49562644958496094, 0.46569743752479553, 0.4632425904273987]","['description', 'description', 'description']"
纸箱厂设备多少钱一套,['5359'],[],description,1,0,[],,['60338'],[0.47016116976737976],['description']
纸箱厂设备多少钱一套,['5359'],[],description,3,0,[],,"['60338', '60540', '61800']","[0.47016116976737976, 0.4011524021625519, 0.38897550106048584]","['description', 'description', 'description']"
线圈,['5359'],[],description,1,0,[],,['51377'],[0.5302451848983765],['description']
线圈,['5359'],[],description,3,0,[],,"['51377', '51388', '51323']","[0.5302451848983765, 0.5254353880882263, 0.5146931409835815]","['description', 'description', 'description']"
绢布,['5359'],[],description,1,0,[],,['51323'],[0.4765719175338745],['description']
绢布,['5359'],[],description,3,0,[],,"['51323', '51377', '51388']","[0.4765719175338745, 0.4735463261604309, 0.4578405022621155]","['description', 'description', 'description']"
翡翠原石,['5359'],[],description,1,0,[],,['51388'],[0.43881887197494507],['description']
翡翠原石,['5359'],[],description,3,0,[],,"['51388', '51377', '51323']","[0.43881887197494507, 0.43148767948150635, 0.4256240129470825]","['description', 'description', 'description']"
耐高温轴承,['5359'],[],description,1,0,[],,['5881'],[0.3419411778450012],['description']
耐高温轴承,['5359'],[],description,3,0,[],,"['5881', '5103', '51323']","[0.3419411778450012, 0.295417845249176, 0.29012179374694824]","['description', 'description', 'description']"
聚氨酯多少钱一吨,['5359'],[],description,1,0,[],,['60338'],[0.46962153911590576],['description']
聚氨酯多少钱一吨,['5359'],[],description,3,0,[],,"['60338', '51590', '60540']","[0.46962153911590576, 0.4345199763774872, 0.4191691279411316]","['description', 'description', 'description']"
脚手架,['5359'],[],description,1,0,[],,['267'],[0.500468373298645],['description']
脚手架,['5359'],[],description,3,0,[],,"['267', '51323', '51377']","[0.500468373298645, 0.49935081601142883, 0.4865001440048218]","['description', 'description', 'description']"
草甘膦,['5359'],[],description,1,0,[],,['51388'],[0.4627562165260315],['description']
草甘膦,['5359'],[],description,3,0,[],,"['51388', '51323', '51377']","[0.4627562165260315, 0.45569029450416565, 0.43443381786346436]","['description', 'description', 'description']"
葫芦,['5359'],[],description,1,0,[],,['51377'],[0.5193147659301758],['description']
葫芦,['5359'],[],description,3,0,[],,"['51377', '51388', '51323']","[0.5193147659301758, 0.5162819623947144, 0.5035238265991211]","['description', 'description', 'description']"
蒸煮锅,['5359'],[],description,1,0,[],,['47272'],[0.3748454451560974],['description']
蒸煮锅,['5359'],[],description,3,0,[],,"['47272', '5881', '51323']","[0.3748454451560974, 0.33353757858276367, 0.30147600173950195]","['description', 'description', 'description']"
蕾丝睡衣,['5359'],[],description,1,0,[],,['51377'],[0.35548827052116394],['description']
蕾丝睡衣,['5359'],[],description,3,0,[],,"['51377', '60977', '51323']","[0.35548827052116394, 0.3433515727519989, 0.3412679433822632]","['description', 'description', 'description']"
装修公司推荐,['5359'],[],description,1,0,[],,['47198'],[0.5622462034225464],['description']
装修公司推荐,['5359'],[],description,3,0,[],,"['47198', '51474', '47272']","[0.5622462034225464, 0.5414933562278748, 0.5239671468734741]","['description', 'description', 'description']"
输送机厂家,['5359'],[],description,1,1,['5359'],1.0,['5359'],[0.4975793957710266],['description']
输送机厂家,['5359'],[],description,3,1,['5359'],1.0,"['5359', '5881', '5103']","[0.4975793957710266, 0.40428656339645386, 0.3712024688720703]","['description', 'description', 'description']"
边坡防护施工,['5359'],[],description,1,1,['5359'],1.0,['5359'],[0.3418589234352112],['description']
边坡防护施工,['5359'],[],description,3,1,['5359'],1.0,"['5359', '5671', '47242']","[0.3418589234352112, 0.33299386501312256, 0.3275981545448303]","['description', 'description', 'description']"
连体裙,['5359'],[],description,1,0,[],,['51377'],[0.4009968638420105],['description']
连体裙,['5359'],[],description,3,0,[],,"['51377', '51381', '51387']","[0.4009968638420105, 0.38428032398223877, 0.37907299399375916]","['description', 'description', 'description']"
连轴器,['5359'],[],description,1,0,[],,['60977'],[0.41538912057876587],['description']
连轴器,['5359'],[],description,3,0,[],,"['60977', '51388', '51377']","[0.41538912057876587, 0.4044969081878662, 0.3962970972061157]","['description', 'description', 'description']"
酒多少钱一瓶,['5359'],[],description,1,0,[],,['60338'],[0.5586652755737305],['description']
酒多少钱一瓶,['5359'],[],description,3,0,[],,"['60338', '61800', '51590']","[0.5586652755737305, 0.5065428018569946, 0.4852656126022339]","['description', 'description', 'description']"
酸枣仁的价格,['5359'],[],description,1,0,[],,['60338'],[0.47487449645996094],['description']
酸枣仁的价格,['5359'],[],description,3,0,[],,"['60338', '51590', '36607']","[0.47487449645996094, 0.4388939142227173, 0.4254274368286133]","['description', 'description', 'description']"
野生黄精多少一斤市场价,['5359'],[],description,1,0,[],,['51590'],[0.41021257638931274],['description']
野生黄精多少一斤市场价,['5359'],[],description,3,0,[],,"['51590', '61800', '60338']","[0.41021257638931274, 0.4024956226348877, 0.37159645557403564]","['description', 'description', 'description']"
钇价格,['5359'],[],description,1,0,[],,['51590'],[0.6597464084625244],['description']
钇价格,['5359'],[],description,3,0,[],,"['51590', '60338', '51088']","[0.6597464084625244, 0.601597249507904, 0.5859401226043701]","['description', 'description', 'description']"
钢丝网,['5359'],[],description,1,0,[],,['51323'],[0.45642927289009094],['description']
钢丝网,['5359'],[],description,3,0,[],,"['51323', '60977', '51388']","[0.45642927289009094, 0.45003393292427063, 0.4471040964126587]","['description', 'description', 'description']"
铆钉,['5359'],[],description,1,0,[],,['5550'],[0.4546992778778076],['description']
铆钉,['5359'],[],description,3,0,[],,"['5550', '60977', '51388']","[0.4546992778778076, 0.4416329860687256, 0.4406666159629822]","['description', 'description', 'description']"
铜价格,['5359'],[],description,1,0,[],,['51590'],[0.6549120545387268],['description']
铜价格,['5359'],[],description,3,0,[],,"['51590', '51088', '51255']","[0.6549120545387268, 0.6363319754600525, 0.5946155190467834]","['description', 'description', 'description']"
铝单板,['5359'],[],description,1,1,['5359'],1.0,['5359'],[0.44003430008888245],['description']
铝单板,['5359'],[],description,3,1,['5359'],1.0,"['5359', '60977', '5428']","[0.44003430008888245, 0.4354252219200134, 0.43407323956489563]","['description', 'description', 'description']"
镀锌钢板,['5359'],[],description,1,0,[],,['51323'],[0.41429954767227173],['description']
镀锌钢板,['5359'],[],description,3,1,['5359'],3.0,"['51323', '51088', '5359']","[0.41429954767227173, 0.39988985657691956, 0.3904142677783966]","['description', 'description', 'description']"
防水板,['5359'],[],description,1,0,[],,['5671'],[0.40059059858322144],['description']
防水板,['5359'],[],description,3,1,['5359'],2.0,"['5671', '5359', '47272']","[0.40059059858322144, 0.39980989694595337, 0.3882155418395996]","['description', 'description', 'description']"
防腐钢管,['5359'],[],description,1,0,[],,['51388'],[0.3842918276786804],['description']
防腐钢管,['5359'],[],description,3,0,[],,"['51388', '51377', '51323']","[0.3842918276786804, 0.3734767436981201, 0.37326759099960327]","['description', 'description', 'description']"
附近加气块砖生产厂家,['5359'],[],description,1,1,['5359'],1.0,['5359'],[0.3875870108604431],['description']
附近加气块砖生产厂家,['5359'],[],description,3,1,['5359'],1.0,"['5359', '47198', '50192']","[0.3875870108604431, 0.38278865814208984, 0.356313556432724]","['description', 'description', 'description']"
附近工厂,['5359'],[],description,1,0,[],,['47198'],[0.627030074596405],['description']
附近工厂,['5359'],[],description,3,0,[],,"['47198', '47242', '50192']","[0.627030074596405, 0.5608552098274231, 0.5587835311889648]","['description', 'description', 'description']"
颜料厂家,['5359'],[],description,1,1,['5359'],1.0,['5359'],[0.4970223009586334],['description']
颜料厂家,['5359'],[],description,3,1,['5359'],1.0,"['5359', '5544', '5103']","[0.4970223009586334, 0.42427903413772583, 0.4021901488304138]","['description', 'description', 'description']"
风机,['5359'],[],description,1,0,[],,['60977'],[0.4276134669780731],['description']
风机,['5359'],[],description,3,0,[],,"['60977', '51388', '5881']","[0.4276134669780731, 0.41695839166641235, 0.40673959255218506]","['description', 'description', 'description']"
飞机模型,['5359'],[],description,1,0,[],,['51388'],[0.38262975215911865],['description']
飞机模型,['5359'],[],description,3,0,[],,"['51388', '5671', '60977']","[0.38262975215911865, 0.37784308195114136, 0.37658825516700745]","['description', 'description', 'description']"
饮料厂家联系方式,['5359'],[],description,1,0,[],,['5012'],[0.4859347939491272],['description']
饮料厂家联系方式,['5359'],[],description,3,1,['5359'],2.0,"['5012', '5359', '47198']","[0.4859347939491272, 0.47493454813957214, 0.474191278219223]","['description', 'description', 'description']"
马桶维修,['5359'],[],description,1,0,[],,['47272'],[0.364840030670166],['description']
马桶维修,['5359'],[],description,3,0,[],,"['47272', '47198', '5671']","[0.364840030670166, 0.35674166679382324, 0.3563755750656128]","['description', 'description', 'description']"
高压开关,['5359'],[],description,1,0,[],,['5881'],[0.4165503680706024],['description']
高压开关,['5359'],[],description,3,0,[],,"['5881', '5432', '50709']","[0.4165503680706024, 0.36864495277404785, 0.36659908294677734]","['description', 'description', 'description']"
高压软管,['5359'],[],description,1,1,['5359'],1.0,['5359'],[0.32612982392311096],['description']
高压软管,['5359'],[],description,3,1,['5359'],1.0,"['5359', '5881', '51323']","[0.32612982392311096, 0.3184396028518677, 0.30464819073677063]","['description', 'description', 'description']"
鲤鱼,['5359'],[],description,1,0,[],,['51323'],[0.47855645418167114],['description']
鲤鱼,['5359'],[],description,3,0,[],,"['51323', '51388', '51377']","[0.47855645418167114, 0.4732697606086731, 0.4639679193496704]","['description', 'description', 'description']"
黄金回收价格是多少,['5359'],[],description,1,0,[],,['51590'],[0.7291008234024048],['description']
黄金回收价格是多少,['5359'],[],description,3,0,[],,"['51590', '51088', '60338']","[0.7291008234024048, 0.6117755770683289, 0.4874933660030365]","['description', 'description', 'description']"
12v逆变器,['5359'],[],merged,1,0,[],,['51044'],[0.36004048585891724],['title_description']
12v逆变器,['5359'],[],merged,3,0,[],,"['51044', '60977', '5544']","[0.36004048585891724, 0.3371232748031616, 0.31840676069259644]","['title_description', 'title_description', 'description']"
304不锈钢,['5359'],[],merged,1,0,[],,['60977'],[0.4396987557411194],['title_description']
304不锈钢,['5359'],[],merged,3,0,[],,"['60977', '50161', '47272']","[0.4396987557411194, 0.42221367359161377, 0.4121033847332001]","['title_description', 'title_description', 'title_description']"
4.2米厢式货车,['5359'],[],merged,1,0,[],,['50760'],[0.4222334623336792],['description']
4.2米厢式货车,['5359'],[],merged,3,0,[],,"['50760', '5819', '50574']","[0.4222334623336792, 0.39405766129493713, 0.38833656907081604]","['description', 'description', 'description']"
60吨地磅价格大概要多少钱,['5359'],[],merged,1,0,[],,['60338'],[0.45904970169067383],['description']
60吨地磅价格大概要多少钱,['5359'],[],merged,3,0,[],,"['60338', '60540', '51590']","[0.45904970169067383, 0.42569810152053833, 0.41899383068084717]","['description', 'title_description', 'description']"
pc板,['5359'],[],merged,1,0,[],,['60977'],[0.45694249868392944],['title_description']
pc板,['5359'],[],merged,3,0,[],,"['60977', '51044', '47242']","[0.45694249868392944, 0.4487021565437317, 0.4079858064651489]","['title_description', 'title_description', 'title_description']"
pe管厂家,['5359'],[],merged,1,1,['5359'],1.0,['5359'],[0.40602317452430725],['description']
pe管厂家,['5359'],[],merged,3,1,['5359'],1.0,"['5359', '47198', '5103']","[0.40602317452430725, 0.3596579134464264, 0.34673601388931274]","['description', 'description', 'title_description']"
pt螺纹,['5359'],[],merged,1,0,[],,['60977'],[0.39220190048217773],['title_description']
pt螺纹,['5359'],[],merged,3,0,[],,"['60977', '47266', '47198']","[0.39220190048217773, 0.39026975631713867, 0.3881140649318695]","['title_description', 'title_description', 'description']"
三轮电车,['5359'],[],merged,1,0,[],,['5271'],[0.4974714517593384],['description']
三轮电车,['5359'],[],merged,3,0,[],,"['5271', '5819', '47190']","[0.4974714517593384, 0.4738537669181824, 0.45580124855041504]","['description', 'description', 'title_description']"
不锈钢架子,['5359'],[],merged,1,1,['5359'],1.0,['5359'],[0.33550840616226196],['title_description']
不锈钢架子,['5359'],[],merged,3,1,['5359'],1.0,"['5359', '5103', '50926']","[0.33550840616226196, 0.3174009323120117, 0.3173629343509674]","['title_description', 'description', 'title_description']"
不锈钢管,['5359'],[],merged,1,0,[],,['51590'],[0.39614367485046387],['title_description']
不锈钢管,['5359'],[],merged,3,0,[],,"['51590', '50926', '51088']","[0.39614367485046387, 0.3809947967529297, 0.3808324337005615]","['title_description', 'title_description', 'description']"
东元电机,['5359'],[],merged,1,0,[],,['5881'],[0.5091135501861572],['title_description']
东元电机,['5359'],[],merged,3,0,[],,"['5881', '5271', '60977']","[0.5091135501861572, 0.3768045902252197, 0.3760981559753418]","['title_description', 'description', 'title_description']"
东风洒水车,['5359'],[],merged,1,0,[],,['5819'],[0.36942368745803833],['description']
东风洒水车,['5359'],[],merged,3,0,[],,"['5819', '5271', '47198']","[0.36942368745803833, 0.3603938817977905, 0.34380704164505005]","['description', 'description', 'description']"
中央空调一拖四大概价位。,['5359'],[],merged,1,0,[],,['5881'],[0.498226523399353],['description']
中央空调一拖四大概价位。,['5359'],[],merged,3,0,[],,"['5881', '60338', '60540']","[0.498226523399353, 0.48434367775917053, 0.45870715379714966]","['description', 'description', 'description']"
书多少钱一斤,['5359'],[],merged,1,0,[],,['60338'],[0.53055739402771],['description']
书多少钱一斤,['5359'],[],merged,3,0,[],,"['60338', '60540', '51590']","[0.53055739402771, 0.4924820363521576, 0.49029654264450073]","['description', 'title_description', 'title_description']"
今日白钨价格,['5359'],[],merged,1,0,[],,['51590'],[0.6158604025840759],['description']
今日白钨价格,['5359'],[],merged,3,0,[],,"['51590', '51088', '51255']","[0.6158604025840759, 0.5854014754295349, 0.5627554655075073]","['description', 'description', 'description']"
伸缩门,['5359'],[],merged,1,0,[],,['5671'],[0.4869862198829651],['title_description']
伸缩门,['5359'],[],merged,3,0,[],,"['5671', '47242', '52523']","[0.4869862198829651, 0.4584379196166992, 0.44609206914901733]","['title_description', 'title_description', 'description']"
佳通轮胎,['5359'],[],merged,1,0,[],,['5881'],[0.4384918510913849],['title_description']
佳通轮胎,['5359'],[],merged,3,0,[],,"['5881', '60977', '47242']","[0.4384918510913849, 0.4251890778541565, 0.41997313499450684]","['title_description', 'title_description', 'title_description']"
保洁清洗,['5359'],[],merged,1,0,[],,['5778'],[0.5099471211433411],['title_description']
保洁清洗,['5359'],[],merged,3,0,[],,"['5778', '47198', '47272']","[0.5099471211433411, 0.45988577604293823, 0.45734989643096924]","['title_description', 'description', 'title_description']"
保鲜柜,['5359'],[],merged,1,0,[],,['5881'],[0.4219537377357483],['title_description']
保鲜柜,['5359'],[],merged,3,0,[],,"['5881', '60977', '47272']","[0.4219537377357483, 0.41132020950317383, 0.40859049558639526]","['title_description', 'title_description', 'title_description']"
充电桩一个多少钱,['5359'],[],merged,1,0,[],,['60338'],[0.5174158811569214],['description']
充电桩一个多少钱,['5359'],[],merged,3,0,[],,"['60338', '60540', '47198']","[0.5174158811569214, 0.48408764600753784, 0.4763498306274414]","['description', 'title_description', 'description']"
内衣内衣,['5359'],[],merged,1,0,[],,['60977'],[0.462655246257782],['title_description']
内衣内衣,['5359'],[],merged,3,0,[],,"['60977', '47272', '51388']","[0.462655246257782, 0.4160309433937073, 0.4155786633491516]","['title_description', 'title_description', 'description']"
农村化粪池,['5359'],[],merged,1,0,[],,['47242'],[0.40550893545150757],['title_description']
农村化粪池,['5359'],[],merged,3,0,[],,"['47242', '47272', '51388']","[0.40550893545150757, 0.38599199056625366, 0.3754796087741852]","['title_description', 'title_description', 'description']"
冬虫夏草,['5359'],[],merged,1,0,[],,['51323'],[0.4868287444114685],['description']
冬虫夏草,['5359'],[],merged,3,0,[],,"['51323', '47272', '51377']","[0.4868287444114685, 0.48413071036338806, 0.4670064449310303]","['description', 'title_description', 'description']"
冷风机厂家,['5359'],[],merged,1,0,[],,['5881'],[0.38232606649398804],['title_description']
冷风机厂家,['5359'],[],merged,3,1,['5359'],2.0,"['5881', '5359', '60265']","[0.38232606649398804, 0.37340933084487915, 0.2987120747566223]","['title_description', 'title_description', 'title_description']"
刹虫剂,['5359'],[],merged,1,0,[],,['60977'],[0.39727073907852173],['title_description']
刹虫剂,['5359'],[],merged,3,0,[],,"['60977', '51044', '51388']","[0.39727073907852173, 0.38452619314193726, 0.37975627183914185]","['title_description', 'title_description', 'description']"
割草机,['5359'],[],merged,1,0,[],,['60977'],[0.39131292700767517],['title_description']
割草机,['5359'],[],merged,3,0,[],,"['60977', '51474', '5544']","[0.39131292700767517, 0.3714398443698883, 0.3690563440322876]","['title_description', 'description', 'description']"
办公室家具,['5359'],[],merged,1,0,[],,['267'],[0.41862237453460693],['description']
办公室家具,['5359'],[],merged,3,0,[],,"['267', '47242', '51712']","[0.41862237453460693, 0.401019811630249, 0.39638373255729675]","['description', 'title_description', 'description']"
包多少钱,['5359'],[],merged,1,0,[],,['60338'],[0.6061990261077881],['description']
包多少钱,['5359'],[],merged,3,0,[],,"['60338', '60540', '61111']","[0.6061990261077881, 0.5526959300041199, 0.5518509149551392]","['description', 'title_description', 'title_description']"
包装箱,['5359'],[],merged,1,0,[],,['60977'],[0.4904782772064209],['title_description']
包装箱,['5359'],[],merged,3,0,[],,"['60977', '267', '51712']","[0.4904782772064209, 0.45833325386047363, 0.44028139114379883]","['title_description', 'title_description', 'description']"
叉车,['5359'],[],merged,1,0,[],,['60977'],[0.48043093085289],['title_description']
叉车,['5359'],[],merged,3,0,[],,"['60977', '5819', '47242']","[0.48043093085289, 0.4414501190185547, 0.44002461433410645]","['title_description', 'description', 'title_description']"
变频器维修,['5359'],[],merged,1,0,[],,['60977'],[0.39017102122306824],['title_description']
变频器维修,['5359'],[],merged,3,0,[],,"['60977', '5778', '5881']","[0.39017102122306824, 0.3725278079509735, 0.37025418877601624]","['title_description', 'title_description', 'description']"
喷雾设备,['5359'],[],merged,1,0,[],,['5544'],[0.3685983419418335],['description']
喷雾设备,['5359'],[],merged,3,0,[],,"['5544', '5881', '60977']","[0.3685983419418335, 0.3466093838214874, 0.3460988998413086]","['description', 'title_description', 'title_description']"
围栏护栏厂家,['5359'],[],merged,1,1,['5359'],1.0,['5359'],[0.5213585495948792],['description']
围栏护栏厂家,['5359'],[],merged,3,1,['5359'],1.0,"['5359', '5103', '50731']","[0.5213585495948792, 0.3398805260658264, 0.3265976905822754]","['description', 'title_description', 'title_description']"
土工布价格,['5359'],[],merged,1,0,[],,['60338'],[0.43641260266304016],['description']
土工布价格,['5359'],[],merged,3,0,[],,"['60338', '5671', '51590']","[0.43641260266304016, 0.39269572496414185, 0.39212533831596375]","['description', 'description', 'title_description']"
塑料桶厂家,['5359'],[],merged,1,1,['5359'],1.0,['5359'],[0.40126606822013855],['title_description']
塑料桶厂家,['5359'],[],merged,3,1,['5359'],1.0,"['5359', '5103', '5881']","[0.40126606822013855, 0.33075055480003357, 0.3279908299446106]","['title_description', 'title_description', 'title_description']"
塑胶地板,['5359'],[],merged,1,0,[],,['47242'],[0.3861444592475891],['title_description']
塑胶地板,['5359'],[],merged,3,0,[],,"['47242', '60977', '5671']","[0.3861444592475891, 0.3748951554298401, 0.3703605532646179]","['title_description', 'title_description', 'title_description']"
大蒜价格,['5359'],[],merged,1,0,[],,['51590'],[0.5518367886543274],['description']
大蒜价格,['5359'],[],merged,3,0,[],,"['51590', '60338', '50926']","[0.5518367886543274, 0.516646683216095, 0.5137797594070435]","['description', 'description', 'title_description']"
太阳能路灯,['5359'],[],merged,1,0,[],,['47242'],[0.41352248191833496],['title_description']
太阳能路灯,['5359'],[],merged,3,0,[],,"['47242', '47266', '47190']","[0.41352248191833496, 0.39056217670440674, 0.38458412885665894]","['title_description', 'title_description', 'title_description']"
家具翻新贴纸,['5359'],[],merged,1,0,[],,['60977'],[0.35262346267700195],['title_description']
家具翻新贴纸,['5359'],[],merged,3,0,[],,"['60977', '5778', '5550']","[0.35262346267700195, 0.34979522228240967, 0.33106744289398193]","['title_description', 'title_description', 'description']"
小发电机,['5359'],[],merged,1,0,[],,['23'],[0.4515236020088196],['title_description']
小发电机,['5359'],[],merged,3,0,[],,"['23', '51377', '60977']","[0.4515236020088196, 0.442702054977417, 0.43683767318725586]","['title_description', 'description', 'title_description']"
小型电动四轮车,['5359'],[],merged,1,0,[],,['5271'],[0.44083768129348755],['description']
小型电动四轮车,['5359'],[],merged,3,0,[],,"['5271', '5819', '50574']","[0.44083768129348755, 0.43326833844184875, 0.4076581597328186]","['description', 'description', 'description']"
山东路沿石厂家联系方式,['5359'],[],merged,1,1,['5359'],1.0,['5359'],[0.4130540192127228],['description']
山东路沿石厂家联系方式,['5359'],[],merged,3,1,['5359'],1.0,"['5359', '5103', '47198']","[0.4130540192127228, 0.353768527507782, 0.3419610857963562]","['description', 'title_description', 'description']"
山梨醇,['5359'],[],merged,1,0,[],,['60977'],[0.43717700242996216],['title_description']
山梨醇,['5359'],[],merged,3,0,[],,"['60977', '23', '85']","[0.43717700242996216, 0.4354199171066284, 0.42899858951568604]","['title_description', 'title_description', 'title_description']"
干燥机,['5359'],[],merged,1,0,[],,['60977'],[0.41621047258377075],['title_description']
干燥机,['5359'],[],merged,3,0,[],,"['60977', '51044', '5881']","[0.41621047258377075, 0.4143413305282593, 0.40148407220840454]","['title_description', 'title_description', 'title_description']"
库车,['5359'],[],merged,1,0,[],,['47242'],[0.5028159618377686],['title_description']
库车,['5359'],[],merged,3,0,[],,"['47242', '5671', '62106']","[0.5028159618377686, 0.49879318475723267, 0.4985612630844116]","['title_description', 'title_description', 'title_description']"
废旧回收,['5359'],[],merged,1,0,[],,['60977'],[0.46261098980903625],['title_description']
废旧回收,['5359'],[],merged,3,0,[],,"['60977', '47272', '5103']","[0.46261098980903625, 0.45570188760757446, 0.45302674174308777]","['title_description', 'title_description', 'title_description']"
开裆连体裤,['5359'],[],merged,1,0,[],,['51382'],[0.2779439389705658],['description']
开裆连体裤,['5359'],[],merged,3,0,[],,"['51382', '51387', '51381']","[0.2779439389705658, 0.27592790126800537, 0.27582216262817383]","['description', 'title_description', 'description']"
托运汽车,['5359'],[],merged,1,0,[],,['60874'],[0.5096948742866516],['title_description']
托运汽车,['5359'],[],merged,3,0,[],,"['60874', '47190', '5819']","[0.5096948742866516, 0.49175894260406494, 0.4849485456943512]","['title_description', 'title_description', 'description']"
拉杆箱维修价目表,['5359'],[],merged,1,0,[],,['60338'],[0.3626095652580261],['description']
拉杆箱维修价目表,['5359'],[],merged,3,0,[],,"['60338', '61800', '60540']","[0.3626095652580261, 0.35703951120376587, 0.3402572274208069]","['description', 'title_description', 'title_description']"
拖拉机价格,['5359'],[],merged,1,0,[],,['60338'],[0.5286960005760193],['description']
拖拉机价格,['5359'],[],merged,3,0,[],,"['60338', '60540', '60977']","[0.5286960005760193, 0.5100057125091553, 0.47962215542793274]","['description', 'title_description', 'title_description']"
接骨丹,['5359'],[],merged,1,0,[],,['51323'],[0.3976678252220154],['description']
接骨丹,['5359'],[],merged,3,0,[],,"['51323', '5671', '51388']","[0.3976678252220154, 0.3958417773246765, 0.3731796145439148]","['description', 'title_description', 'description']"
数字瓦多少钱一平米,['5359'],[],merged,1,0,[],,['60338'],[0.540009617805481],['description']
数字瓦多少钱一平米,['5359'],[],merged,3,0,[],,"['60338', '51590', '60540']","[0.540009617805481, 0.48236653208732605, 0.47820958495140076]","['description', 'title_description', 'title_description']"
数控机床,['5359'],[],merged,1,0,[],,['51044'],[0.44412362575531006],['title_description']
数控机床,['5359'],[],merged,3,0,[],,"['51044', '51323', '47242']","[0.44412362575531006, 0.4165579676628113, 0.39814355969429016]","['title_description', 'description', 'title_description']"
木方,['5359'],[],merged,1,0,[],,['51388'],[0.45942485332489014],['description']
木方,['5359'],[],merged,3,0,[],,"['51388', '51323', '51044']","[0.45942485332489014, 0.45575207471847534, 0.4504394829273224]","['description', 'description', 'title_description']"
机器人一台多少钱,['5359'],[],merged,1,0,[],,['60338'],[0.5649785399436951],['description']
机器人一台多少钱,['5359'],[],merged,3,0,[],,"['60338', '60540', '60977']","[0.5649785399436951, 0.5379414558410645, 0.48711830377578735]","['description', 'title_description', 'title_description']"
机油多少钱一桶,['5359'],[],merged,1,0,[],,['60338'],[0.5275899171829224],['description']
机油多少钱一桶,['5359'],[],merged,3,0,[],,"['60338', '51590', '60540']","[0.5275899171829224, 0.46560996770858765, 0.46448004245758057]","['description', 'title_description', 'title_description']"
构树,['5359'],[],merged,1,0,[],,['51323'],[0.4737885594367981],['description']
构树,['5359'],[],merged,3,0,[],,"['51323', '51377', '51388']","[0.4737885594367981, 0.45488131046295166, 0.45053738355636597]","['description', 'description', 'description']"
树脂,['5359'],[],merged,1,0,[],,['51388'],[0.47969791293144226],['description']
树脂,['5359'],[],merged,3,0,[],,"['51388', '51044', '60977']","[0.47969791293144226, 0.4734336733818054, 0.46821945905685425]","['description', 'title_description', 'title_description']"
格力空调价格多少钱,['5359'],[],merged,1,0,[],,['60338'],[0.4909704327583313],['description']
格力空调价格多少钱,['5359'],[],merged,3,0,[],,"['60338', '5881', '60540']","[0.4909704327583313, 0.47916069626808167, 0.47306716442108154]","['description', 'title_description', 'title_description']"
桌子价格,['5359'],[],merged,1,0,[],,['60338'],[0.5340152382850647],['description']
桌子价格,['5359'],[],merged,3,0,[],,"['60338', '60977', '60540']","[0.5340152382850647, 0.5289759039878845, 0.527091920375824]","['description', 'title_description', 'title_description']"
检测仪,['5359'],[],merged,1,0,[],,['5544'],[0.4707515239715576],['description']
检测仪,['5359'],[],merged,3,0,[],,"['5544', '60977', '51044']","[0.4707515239715576, 0.44677937030792236, 0.43174082040786743]","['description', 'title_description', 'title_description']"
楔形钢板,['5359'],[],merged,1,0,[],,['51044'],[0.442188560962677],['title_description']
楔形钢板,['5359'],[],merged,3,0,[],,"['51044', '51323', '5550']","[0.442188560962677, 0.41550350189208984, 0.41211605072021484]","['title_description', 'description', 'description']"
橡皮膏,['5359'],[],merged,1,0,[],,['51388'],[0.4481813907623291],['description']
橡皮膏,['5359'],[],merged,3,0,[],,"['51388', '23', '51381']","[0.4481813907623291, 0.4374915659427643, 0.4337780773639679]","['description', 'title_description', 'title_description']"
气化器,['5359'],[],merged,1,0,[],,['51323'],[0.3973545432090759],['description']
气化器,['5359'],[],merged,3,0,[],,"['51323', '51044', '60977']","[0.3973545432090759, 0.39733192324638367, 0.39570415019989014]","['description', 'title_description', 'title_description']"
氯化锌,['5359'],[],merged,1,0,[],,['51044'],[0.4491206705570221],['title_description']
氯化锌,['5359'],[],merged,3,0,[],,"['51044', '51388', '51323']","[0.4491206705570221, 0.4436124563217163, 0.44121772050857544]","['title_description', 'description', 'description']"
水泥管厂,['5359'],[],merged,1,0,[],,['47242'],[0.4191243648529053],['title_description']
水泥管厂,['5359'],[],merged,3,1,['5359'],2.0,"['47242', '5359', '47198']","[0.4191243648529053, 0.4129263162612915, 0.3859034776687622]","['title_description', 'description', 'description']"
水泵,['5359'],[],merged,1,0,[],,['5881'],[0.4193224310874939],['title_description']
水泵,['5359'],[],merged,3,0,[],,"['5881', '47242', '47272']","[0.4193224310874939, 0.4058121144771576, 0.39733177423477173]","['title_description', 'title_description', 'title_description']"
污水处理设备,['5359'],[],merged,1,0,[],,['5881'],[0.35972297191619873],['title_description']
污水处理设备,['5359'],[],merged,3,0,[],,"['5881', '47242', '47272']","[0.35972297191619873, 0.35611820220947266, 0.341548889875412]","['title_description', 'title_description', 'title_description']"
污水池,['5359'],[],merged,1,0,[],,['47272'],[0.4857536852359772],['title_description']
污水池,['5359'],[],merged,3,0,[],,"['47272', '47242', '5671']","[0.4857536852359772, 0.47760945558547974, 0.44965529441833496]","['title_description', 'title_description', 'title_description']"
汽车遮阳棚,['5359'],[],merged,1,0,[],,['50574'],[0.3765793740749359],['title_description']
汽车遮阳棚,['5359'],[],merged,3,1,['5359'],3.0,"['50574', '5819', '5359']","[0.3765793740749359, 0.3533186912536621, 0.30844563245773315]","['title_description', 'description', 'description']"
沙发床,['5359'],[],merged,1,0,[],,['47272'],[0.43256163597106934],['title_description']
沙发床,['5359'],[],merged,3,0,[],,"['47272', '60977', '50133']","[0.43256163597106934, 0.42835533618927, 0.407370388507843]","['title_description', 'title_description', 'description']"
洗澡热水器,['5359'],[],merged,1,0,[],,['5881'],[0.4139721393585205],['title_description']
洗澡热水器,['5359'],[],merged,3,0,[],,"['5881', '47272', '60977']","[0.4139721393585205, 0.3816172480583191, 0.381411612033844]","['title_description', 'title_description', 'title_description']"
洗石机,['5359'],[],merged,1,0,[],,['60977'],[0.4126700758934021],['title_description']
洗石机,['5359'],[],merged,3,0,[],,"['60977', '51377', '51388']","[0.4126700758934021, 0.4033283591270447, 0.3998938798904419]","['title_description', 'description', 'description']"
液氨价格,['5359'],[],merged,1,0,[],,['60338'],[0.4665142297744751],['description']
液氨价格,['5359'],[],merged,3,0,[],,"['60338', '51255', '51590']","[0.4665142297744751, 0.45315879583358765, 0.4349246025085449]","['description', 'description', 'description']"
混凝土搅拌机,['5359'],[],merged,1,0,[],,['47272'],[0.35742461681365967],['title_description']
混凝土搅拌机,['5359'],[],merged,3,0,[],,"['47272', '60977', '47242']","[0.35742461681365967, 0.3549528121948242, 0.3540356159210205]","['title_description', 'title_description', 'title_description']"
湖北白麻价格,['5359'],[],merged,1,0,[],,['61800'],[0.4066241681575775],['description']
湖北白麻价格,['5359'],[],merged,3,0,[],,"['61800', '60338', '5103']","[0.4066241681575775, 0.3927413821220398, 0.38474246859550476]","['description', 'description', 'title_description']"
滤油机,['5359'],[],merged,1,0,[],,['5881'],[0.3600568175315857],['title_description']
滤油机,['5359'],[],merged,3,0,[],,"['5881', '60977', '47272']","[0.3600568175315857, 0.3475160002708435, 0.33487460017204285]","['title_description', 'title_description', 'title_description']"
火花塞,['5359'],[],merged,1,0,[],,['60977'],[0.4611057937145233],['title_description']
火花塞,['5359'],[],merged,3,0,[],,"['60977', '5550', '51388']","[0.4611057937145233, 0.4193767011165619, 0.4177914261817932]","['title_description', 'description', 'description']"
玉米机,['5359'],[],merged,1,0,[],,['60977'],[0.34659695625305176],['title_description']
玉米机,['5359'],[],merged,3,0,[],,"['60977', '51323', '51388']","[0.34659695625305176, 0.3370729684829712, 0.32879284024238586]","['title_description', 'description', 'description']"
环氧砂浆,['5359'],[],merged,1,0,[],,['47272'],[0.31993329524993896],['title_description']
环氧砂浆,['5359'],[],merged,3,0,[],,"['47272', '47242', '5544']","[0.31993329524993896, 0.31871163845062256, 0.3143611550331116]","['title_description', 'title_description', 'title_description']"
玻璃门窗,['5359'],[],merged,1,0,[],,['47242'],[0.4308547079563141],['title_description']
玻璃门窗,['5359'],[],merged,3,0,[],,"['47242', '5671', '60977']","[0.4308547079563141, 0.40872472524642944, 0.4051908254623413]","['title_description', 'title_description', 'title_description']"
瓷砖品牌,['5359'],[],merged,1,0,[],,['5881'],[0.5005890130996704],['description']
瓷砖品牌,['5359'],[],merged,3,0,[],,"['5881', '60977', '47272']","[0.5005890130996704, 0.4781470000743866, 0.46235114336013794]","['description', 'title_description', 'title_description']"
电动升降机,['5359'],[],merged,1,0,[],,['47242'],[0.39967700839042664],['title_description']
电动升降机,['5359'],[],merged,3,1,['5359'],2.0,"['47242', '5359', '60977']","[0.39967700839042664, 0.3787316679954529, 0.37671035528182983]","['title_description', 'description', 'title_description']"
电压器,['5359'],[],merged,1,0,[],,['60977'],[0.5259787440299988],['title_description']
电压器,['5359'],[],merged,3,0,[],,"['60977', '51044', '51275']","[0.5259787440299988, 0.48297107219696045, 0.4773038327693939]","['title_description', 'title_description', 'title_description']"
电磁阀,['5359'],[],merged,1,0,[],,['5881'],[0.4066493511199951],['title_description']
电磁阀,['5359'],[],merged,3,0,[],,"['5881', '60977', '51044']","[0.4066493511199951, 0.3778536319732666, 0.37051907181739807]","['title_description', 'title_description', 'title_description']"
电话机器人,['5359'],[],merged,1,0,[],,['51474'],[0.5039553046226501],['description']
电话机器人,['5359'],[],merged,3,0,[],,"['51474', '61111', '47198']","[0.5039553046226501, 0.5019633769989014, 0.5005851984024048]","['description', 'title_description', 'description']"
电饭锅价格,['5359'],[],merged,1,0,[],,['60338'],[0.48188433051109314],['description']
电饭锅价格,['5359'],[],merged,3,0,[],,"['60338', '60540', '47272']","[0.48188433051109314, 0.4710376262664795, 0.4530794024467468]","['description', 'title_description', 'title_description']"
男性情趣用品,['5359'],[],merged,1,0,[],,['60977'],[0.4461718499660492],['title_description']
男性情趣用品,['5359'],[],merged,3,0,[],,"['60977', '47272', '5544']","[0.4461718499660492, 0.4028850197792053, 0.3773060441017151]","['title_description', 'title_description', 'description']"
石膏板,['5359'],[],merged,1,0,[],,['51044'],[0.4539949297904968],['title_description']
石膏板,['5359'],[],merged,3,0,[],,"['51044', '50926', '267']","[0.4539949297904968, 0.4405958652496338, 0.43686673045158386]","['title_description', 'title_description', 'title_description']"
石雕的价格,['5359'],[],merged,1,0,[],,['60338'],[0.457405686378479],['description']
石雕的价格,['5359'],[],merged,3,0,[],,"['60338', '5671', '51590']","[0.457405686378479, 0.42397287487983704, 0.3989103436470032]","['description', 'title_description', 'title_description']"
硅胶娃娃,['5359'],[],merged,1,0,[],,['60977'],[0.3161478042602539],['title_description']
硅胶娃娃,['5359'],[],merged,3,0,[],,"['60977', '50393', '51275']","[0.3161478042602539, 0.3061908483505249, 0.3035810589790344]","['title_description', 'description', 'title_description']"
空调一台多少钱,['5359'],[],merged,1,0,[],,['60338'],[0.5765764117240906],['description']
空调一台多少钱,['5359'],[],merged,3,0,[],,"['60338', '60540', '5881']","[0.5765764117240906, 0.5486244559288025, 0.505573034286499]","['description', 'title_description', 'description']"
竹简,['5359'],[],merged,1,0,[],,['52524'],[0.5943620204925537],['description']
竹简,['5359'],[],merged,3,0,[],,"['52524', '51388', '51323']","[0.5943620204925537, 0.5574131011962891, 0.5527856945991516]","['description', 'description', 'description']"
索菲亚岩板瓷砖,['5359'],[],merged,1,0,[],,['5881'],[0.34307581186294556],['description']
索菲亚岩板瓷砖,['5359'],[],merged,3,0,[],,"['5881', '5103', '47272']","[0.34307581186294556, 0.3122996687889099, 0.2920408248901367]","['description', 'description', 'title_description']"
紫阳花,['5359'],[],merged,1,0,[],,['51377'],[0.49562644958496094],['description']
紫阳花,['5359'],[],merged,3,0,[],,"['51377', '51388', '51378']","[0.49562644958496094, 0.46569743752479553, 0.4632425904273987]","['description', 'description', 'description']"
纸箱厂设备多少钱一套,['5359'],[],merged,1,0,[],,['60338'],[0.47016116976737976],['description']
纸箱厂设备多少钱一套,['5359'],[],merged,3,0,[],,"['60338', '60540', '61800']","[0.47016116976737976, 0.4148405194282532, 0.4070240557193756]","['description', 'title_description', 'title_description']"
线圈,['5359'],[],merged,1,0,[],,['51377'],[0.5302451848983765],['description']
线圈,['5359'],[],merged,3,0,[],,"['51377', '51388', '51381']","[0.5302451848983765, 0.5254353880882263, 0.5163260102272034]","['description', 'description', 'title_description']"
绢布,['5359'],[],merged,1,0,[],,['51323'],[0.4765719175338745],['description']
绢布,['5359'],[],merged,3,0,[],,"['51323', '51377', '51388']","[0.4765719175338745, 0.4735463261604309, 0.4578405022621155]","['description', 'description', 'description']"
翡翠原石,['5359'],[],merged,1,0,[],,['5671'],[0.44219300150871277],['title_description']
翡翠原石,['5359'],[],merged,3,0,[],,"['5671', '51388', '51323']","[0.44219300150871277, 0.43881887197494507, 0.43449610471725464]","['title_description', 'description', 'title_description']"
耐高温轴承,['5359'],[],merged,1,0,[],,['5881'],[0.3419411778450012],['description']
耐高温轴承,['5359'],[],merged,3,0,[],,"['5881', '47242', '47272']","[0.3419411778450012, 0.31969285011291504, 0.3041936755180359]","['description', 'title_description', 'title_description']"
聚氨酯多少钱一吨,['5359'],[],merged,1,0,[],,['60338'],[0.46962153911590576],['description']
聚氨酯多少钱一吨,['5359'],[],merged,3,0,[],,"['60338', '60540', '51590']","[0.46962153911590576, 0.4474024176597595, 0.437203586101532]","['description', 'title_description', 'title_description']"
脚手架,['5359'],[],merged,1,0,[],,['50926'],[0.5208300352096558],['title_description']
脚手架,['5359'],[],merged,3,0,[],,"['50926', '47242', '267']","[0.5208300352096558, 0.5033371448516846, 0.500468373298645]","['title_description', 'title_description', 'description']"
草甘膦,['5359'],[],merged,1,0,[],,['51388'],[0.4627562165260315],['description']
草甘膦,['5359'],[],merged,3,0,[],,"['51388', '51323', '60977']","[0.4627562165260315, 0.45569029450416565, 0.45276838541030884]","['description', 'description', 'title_description']"
葫芦,['5359'],[],merged,1,0,[],,['51377'],[0.5193147659301758],['description']
葫芦,['5359'],[],merged,3,0,[],,"['51377', '51388', '51381']","[0.5193147659301758, 0.5162819623947144, 0.507897138595581]","['description', 'description', 'title_description']"
蒸煮锅,['5359'],[],merged,1,0,[],,['47272'],[0.39425796270370483],['title_description']
蒸煮锅,['5359'],[],merged,3,0,[],,"['47272', '5881', '47242']","[0.39425796270370483, 0.3570234775543213, 0.3081429898738861]","['title_description', 'title_description', 'title_description']"
蕾丝睡衣,['5359'],[],merged,1,0,[],,['51377'],[0.35548827052116394],['description']
蕾丝睡衣,['5359'],[],merged,3,0,[],,"['51377', '23', '60977']","[0.35548827052116394, 0.3541688919067383, 0.3506335914134979]","['description', 'title_description', 'title_description']"
装修公司推荐,['5359'],[],merged,1,0,[],,['47198'],[0.5622462034225464],['description']
装修公司推荐,['5359'],[],merged,3,0,[],,"['47198', '47272', '60977']","[0.5622462034225464, 0.5606487393379211, 0.5485260486602783]","['description', 'title_description', 'title_description']"
输送机厂家,['5359'],[],merged,1,1,['5359'],1.0,['5359'],[0.5029794573783875],['title_description']
输送机厂家,['5359'],[],merged,3,1,['5359'],1.0,"['5359', '5103', '5881']","[0.5029794573783875, 0.41980600357055664, 0.40428656339645386]","['title_description', 'title_description', 'description']"
边坡防护施工,['5359'],[],merged,1,0,[],,['47242'],[0.3591766059398651],['title_description']
边坡防护施工,['5359'],[],merged,3,1,['5359'],2.0,"['47242', '5359', '5671']","[0.3591766059398651, 0.3418589234352112, 0.3393634259700775]","['title_description', 'description', 'title_description']"
连体裙,['5359'],[],merged,1,0,[],,['51387'],[0.40987056493759155],['title_description']
连体裙,['5359'],[],merged,3,0,[],,"['51387', '51377', '51381']","[0.40987056493759155, 0.4009968638420105, 0.38861361145973206]","['title_description', 'description', 'title_description']"
连轴器,['5359'],[],merged,1,0,[],,['60977'],[0.4330642819404602],['title_description']
连轴器,['5359'],[],merged,3,0,[],,"['60977', '51387', '51381']","[0.4330642819404602, 0.4137369990348816, 0.40853601694107056]","['title_description', 'title_description', 'title_description']"
酒多少钱一瓶,['5359'],[],merged,1,0,[],,['60338'],[0.5586652755737305],['description']
酒多少钱一瓶,['5359'],[],merged,3,0,[],,"['60338', '61800', '51590']","[0.5586652755737305, 0.5154908895492554, 0.4864503741264343]","['description', 'title_description', 'title_description']"
酸枣仁的价格,['5359'],[],merged,1,0,[],,['60338'],[0.47487449645996094],['description']
酸枣仁的价格,['5359'],[],merged,3,0,[],,"['60338', '51590', '36607']","[0.47487449645996094, 0.4388939142227173, 0.4254274368286133]","['description', 'description', 'description']"
野生黄精多少一斤市场价,['5359'],[],merged,1,0,[],,['51590'],[0.41021257638931274],['description']
野生黄精多少一斤市场价,['5359'],[],merged,3,0,[],,"['51590', '61800', '60338']","[0.41021257638931274, 0.4024956226348877, 0.37159645557403564]","['description', 'description', 'description']"
钇价格,['5359'],[],merged,1,0,[],,['51590'],[0.6646260023117065],['title_description']
钇价格,['5359'],[],merged,3,0,[],,"['51590', '60338', '51088']","[0.6646260023117065, 0.601597249507904, 0.5859401226043701]","['title_description', 'description', 'description']"
钢丝网,['5359'],[],merged,1,0,[],,['60977'],[0.46897122263908386],['title_description']
钢丝网,['5359'],[],merged,3,0,[],,"['60977', '47242', '51323']","[0.46897122263908386, 0.4642946720123291, 0.45642927289009094]","['title_description', 'title_description', 'description']"
铆钉,['5359'],[],merged,1,0,[],,['60977'],[0.4597536623477936],['title_description']
铆钉,['5359'],[],merged,3,0,[],,"['60977', '5550', '51388']","[0.4597536623477936, 0.4546992778778076, 0.4406666159629822]","['title_description', 'description', 'description']"
铜价格,['5359'],[],merged,1,0,[],,['51590'],[0.6549120545387268],['description']
铜价格,['5359'],[],merged,3,0,[],,"['51590', '51088', '51255']","[0.6549120545387268, 0.6363319754600525, 0.5946155190467834]","['description', 'description', 'description']"
铝单板,['5359'],[],merged,1,0,[],,['28128'],[0.5027279853820801],['title_description']
铝单板,['5359'],[],merged,3,0,[],,"['28128', '28126', '51457']","[0.5027279853820801, 0.4964717924594879, 0.49636733531951904]","['title_description', 'title_description', 'title_description']"
镀锌钢板,['5359'],[],merged,1,0,[],,['51323'],[0.41429954767227173],['description']
镀锌钢板,['5359'],[],merged,3,0,[],,"['51323', '50926', '51590']","[0.41429954767227173, 0.40946251153945923, 0.4039039611816406]","['description', 'title_description', 'title_description']"
防水板,['5359'],[],merged,1,0,[],,['5671'],[0.41128647327423096],['title_description']
防水板,['5359'],[],merged,3,0,[],,"['5671', '47272', '47242']","[0.41128647327423096, 0.4039313793182373, 0.40355467796325684]","['title_description', 'title_description', 'title_description']"
防腐钢管,['5359'],[],merged,1,0,[],,['51388'],[0.3842918276786804],['description']
防腐钢管,['5359'],[],merged,3,0,[],,"['51388', '47266', '51377']","[0.3842918276786804, 0.380412220954895, 0.3734767436981201]","['description', 'title_description', 'description']"
附近加气块砖生产厂家,['5359'],[],merged,1,1,['5359'],1.0,['5359'],[0.3875870108604431],['description']
附近加气块砖生产厂家,['5359'],[],merged,3,1,['5359'],1.0,"['5359', '47198', '47242']","[0.3875870108604431, 0.38278865814208984, 0.3603442907333374]","['description', 'description', 'title_description']"
附近工厂,['5359'],[],merged,1,0,[],,['47198'],[0.627030074596405],['description']
附近工厂,['5359'],[],merged,3,0,[],,"['47198', '47242', '47190']","[0.627030074596405, 0.5931167602539062, 0.5716150999069214]","['description', 'title_description', 'title_description']"
颜料厂家,['5359'],[],merged,1,1,['5359'],1.0,['5359'],[0.4970223009586334],['description']
颜料厂家,['5359'],[],merged,3,1,['5359'],1.0,"['5359', '5103', '5544']","[0.4970223009586334, 0.4286307096481323, 0.42427903413772583]","['description', 'title_description', 'description']"
风机,['5359'],[],merged,1,0,[],,['60977'],[0.4425812363624573],['title_description']
风机,['5359'],[],merged,3,0,[],,"['60977', '51044', '47242']","[0.4425812363624573, 0.42684948444366455, 0.4238823652267456]","['title_description', 'title_description', 'title_description']"
飞机模型,['5359'],[],merged,1,0,[],,['60868'],[0.4199618697166443],['title_description']
飞机模型,['5359'],[],merged,3,0,[],,"['60868', '5671', '60977']","[0.4199618697166443, 0.4014059901237488, 0.3931728005409241]","['title_description', 'title_description', 'title_description']"
饮料厂家联系方式,['5359'],[],merged,1,0,[],,['5012'],[0.4859347939491272],['description']
饮料厂家联系方式,['5359'],[],merged,3,1,['5359'],2.0,"['5012', '5359', '47198']","[0.4859347939491272, 0.47493454813957214, 0.474191278219223]","['description', 'description', 'description']"
马桶维修,['5359'],[],merged,1,0,[],,['47272'],[0.38586780428886414],['title_description']
马桶维修,['5359'],[],merged,3,0,[],,"['47272', '5671', '47266']","[0.38586780428886414, 0.36850643157958984, 0.3670337200164795]","['title_description', 'title_description', 'title_description']"
高压开关,['5359'],[],merged,1,0,[],,['5881'],[0.4165503680706024],['description']
高压开关,['5359'],[],merged,3,0,[],,"['5881', '50926', '60977']","[0.4165503680706024, 0.38710176944732666, 0.3785141110420227]","['description', 'title_description', 'title_description']"
高压软管,['5359'],[],merged,1,0,[],,['5881'],[0.3291710615158081],['title_description']
高压软管,['5359'],[],merged,3,1,['5359'],3.0,"['5881', '47272', '5359']","[0.3291710615158081, 0.3284319043159485, 0.32612982392311096]","['title_description', 'title_description', 'description']"
鲤鱼,['5359'],[],merged,1,0,[],,['51323'],[0.47855645418167114],['description']
鲤鱼,['5359'],[],merged,3,0,[],,"['51323', '51388', '51377']","[0.47855645418167114, 0.4732697606086731, 0.4639679193496704]","['description', 'description', 'description']"
黄金回收价格是多少,['5359'],[],merged,1,0,[],,['51590'],[0.7291008234024048],['description']
黄金回收价格是多少,['5359'],[],merged,3,0,[],,"['51590', '51088', '36607']","[0.7291008234024048, 0.6117755770683289, 0.506125807762146]","['description', 'description', 'title_description']"
12v逆变器,['5359'],[],title_description,1,0,[],,['51044'],[0.36004048585891724],['title_description']
12v逆变器,['5359'],[],title_description,3,0,[],,"['51044', '60977', '5881']","[0.36004048585891724, 0.3371232748031616, 0.31359368562698364]","['title_description', 'title_description', 'title_description']"
304不锈钢,['5359'],[],title_description,1,0,[],,['60977'],[0.4396987557411194],['title_description']
304不锈钢,['5359'],[],title_description,3,0,[],,"['60977', '50161', '47272']","[0.4396987557411194, 0.42221367359161377, 0.4121033847332001]","['title_description', 'title_description', 'title_description']"
4.2米厢式货车,['5359'],[],title_description,1,0,[],,['50760'],[0.4212806820869446],['title_description']
4.2米厢式货车,['5359'],[],title_description,3,0,[],,"['50760', '60874', '5819']","[0.4212806820869446, 0.3747541308403015, 0.3688756227493286]","['title_description', 'title_description', 'title_description']"
60吨地磅价格大概要多少钱,['5359'],[],title_description,1,0,[],,['60540'],[0.42569810152053833],['title_description']
60吨地磅价格大概要多少钱,['5359'],[],title_description,3,0,[],,"['60540', '51590', '5103']","[0.42569810152053833, 0.4061421751976013, 0.4006001949310303]","['title_description', 'title_description', 'title_description']"
pc板,['5359'],[],title_description,1,0,[],,['60977'],[0.45694249868392944],['title_description']
pc板,['5359'],[],title_description,3,0,[],,"['60977', '51044', '47242']","[0.45694249868392944, 0.4487021565437317, 0.4079858064651489]","['title_description', 'title_description', 'title_description']"
pe管厂家,['5359'],[],title_description,1,1,['5359'],1.0,['5359'],[0.4051285982131958],['title_description']
pe管厂家,['5359'],[],title_description,3,1,['5359'],1.0,"['5359', '5103', '47242']","[0.4051285982131958, 0.34673601388931274, 0.34626954793930054]","['title_description', 'title_description', 'title_description']"
pt螺纹,['5359'],[],title_description,1,0,[],,['60977'],[0.39220190048217773],['title_description']
pt螺纹,['5359'],[],title_description,3,0,[],,"['60977', '47266', '47242']","[0.39220190048217773, 0.39026975631713867, 0.3709132969379425]","['title_description', 'title_description', 'title_description']"
三轮电车,['5359'],[],title_description,1,0,[],,['47190'],[0.45580124855041504],['title_description']
三轮电车,['5359'],[],title_description,3,0,[],,"['47190', '47266', '5271']","[0.45580124855041504, 0.4555506706237793, 0.45465710759162903]","['title_description', 'title_description', 'title_description']"
不锈钢架子,['5359'],[],title_description,1,1,['5359'],1.0,['5359'],[0.33550840616226196],['title_description']
不锈钢架子,['5359'],[],title_description,3,1,['5359'],1.0,"['5359', '50926', '60977']","[0.33550840616226196, 0.3173629343509674, 0.31566861271858215]","['title_description', 'title_description', 'title_description']"
不锈钢管,['5359'],[],title_description,1,0,[],,['51590'],[0.39614367485046387],['title_description']
不锈钢管,['5359'],[],title_description,3,0,[],,"['51590', '50926', '47272']","[0.39614367485046387, 0.3809947967529297, 0.37499693036079407]","['title_description', 'title_description', 'title_description']"
东元电机,['5359'],[],title_description,1,0,[],,['5881'],[0.5091135501861572],['title_description']
东元电机,['5359'],[],title_description,3,0,[],,"['5881', '60977', '47242']","[0.5091135501861572, 0.3760981559753418, 0.3644387722015381]","['title_description', 'title_description', 'title_description']"
东风洒水车,['5359'],[],title_description,1,0,[],,['5819'],[0.35502418875694275],['title_description']
东风洒水车,['5359'],[],title_description,3,0,[],,"['5819', '5271', '47190']","[0.35502418875694275, 0.3458520472049713, 0.3344133496284485]","['title_description', 'title_description', 'title_description']"
中央空调一拖四大概价位。,['5359'],[],title_description,1,0,[],,['5881'],[0.4734216034412384],['title_description']
中央空调一拖四大概价位。,['5359'],[],title_description,3,0,[],,"['5881', '60540', '60977']","[0.4734216034412384, 0.45583778619766235, 0.448108047246933]","['title_description', 'title_description', 'title_description']"
书多少钱一斤,['5359'],[],title_description,1,0,[],,['60540'],[0.4924820363521576],['title_description']
书多少钱一斤,['5359'],[],title_description,3,0,[],,"['60540', '51590', '61800']","[0.4924820363521576, 0.49029654264450073, 0.4846712350845337]","['title_description', 'title_description', 'title_description']"
今日白钨价格,['5359'],[],title_description,1,0,[],,['51590'],[0.5899529457092285],['title_description']
今日白钨价格,['5359'],[],title_description,3,0,[],,"['51590', '51088', '5432']","[0.5899529457092285, 0.5563534498214722, 0.5248469114303589]","['title_description', 'title_description', 'title_description']"
伸缩门,['5359'],[],title_description,1,0,[],,['5671'],[0.4869862198829651],['title_description']
伸缩门,['5359'],[],title_description,3,0,[],,"['5671', '47242', '51323']","[0.4869862198829651, 0.4584379196166992, 0.43156659603118896]","['title_description', 'title_description', 'title_description']"
佳通轮胎,['5359'],[],title_description,1,0,[],,['5881'],[0.4384918510913849],['title_description']
佳通轮胎,['5359'],[],title_description,3,0,[],,"['5881', '60977', '47242']","[0.4384918510913849, 0.4251890778541565, 0.41997313499450684]","['title_description', 'title_description', 'title_description']"
保洁清洗,['5359'],[],title_description,1,0,[],,['5778'],[0.5099471211433411],['title_description']
保洁清洗,['5359'],[],title_description,3,0,[],,"['5778', '47272', '47242']","[0.5099471211433411, 0.45734989643096924, 0.4548167586326599]","['title_description', 'title_description', 'title_description']"
保鲜柜,['5359'],[],title_description,1,0,[],,['5881'],[0.4219537377357483],['title_description']
保鲜柜,['5359'],[],title_description,3,0,[],,"['5881', '60977', '47272']","[0.4219537377357483, 0.41132020950317383, 0.40859049558639526]","['title_description', 'title_description', 'title_description']"
充电桩一个多少钱,['5359'],[],title_description,1,0,[],,['60540'],[0.48408764600753784],['title_description']
充电桩一个多少钱,['5359'],[],title_description,3,0,[],,"['60540', '60338', '47198']","[0.48408764600753784, 0.4507855772972107, 0.438111275434494]","['title_description', 'title_description', 'title_description']"
内衣内衣,['5359'],[],title_description,1,0,[],,['60977'],[0.462655246257782],['title_description']
内衣内衣,['5359'],[],title_description,3,0,[],,"['60977', '47272', '51386']","[0.462655246257782, 0.4160309433937073, 0.4142478108406067]","['title_description', 'title_description', 'title_description']"
农村化粪池,['5359'],[],title_description,1,0,[],,['47242'],[0.40550893545150757],['title_description']
农村化粪池,['5359'],[],title_description,3,0,[],,"['47242', '47272', '60977']","[0.40550893545150757, 0.38599199056625366, 0.36661818623542786]","['title_description', 'title_description', 'title_description']"
冬虫夏草,['5359'],[],title_description,1,0,[],,['47272'],[0.48413071036338806],['title_description']
冬虫夏草,['5359'],[],title_description,3,0,[],,"['47272', '51323', '5671']","[0.48413071036338806, 0.4784852862358093, 0.45913031697273254]","['title_description', 'title_description', 'title_description']"
冷风机厂家,['5359'],[],title_description,1,0,[],,['5881'],[0.38232606649398804],['title_description']
冷风机厂家,['5359'],[],title_description,3,1,['5359'],2.0,"['5881', '5359', '60265']","[0.38232606649398804, 0.37340933084487915, 0.2987120747566223]","['title_description', 'title_description', 'title_description']"
刹虫剂,['5359'],[],title_description,1,0,[],,['60977'],[0.39727073907852173],['title_description']
刹虫剂,['5359'],[],title_description,3,0,[],,"['60977', '51044', '5671']","[0.39727073907852173, 0.38452619314193726, 0.3764100968837738]","['title_description', 'title_description', 'title_description']"
割草机,['5359'],[],title_description,1,0,[],,['60977'],[0.39131292700767517],['title_description']
割草机,['5359'],[],title_description,3,0,[],,"['60977', '47190', '51044']","[0.39131292700767517, 0.36714082956314087, 0.3659246563911438]","['title_description', 'title_description', 'title_description']"
办公室家具,['5359'],[],title_description,1,0,[],,['267'],[0.41467586159706116],['title_description']
办公室家具,['5359'],[],title_description,3,0,[],,"['267', '47242', '51712']","[0.41467586159706116, 0.401019811630249, 0.38760867714881897]","['title_description', 'title_description', 'title_description']"
包多少钱,['5359'],[],title_description,1,0,[],,['60540'],[0.5526959300041199],['title_description']
包多少钱,['5359'],[],title_description,3,0,[],,"['60540', '61111', '60977']","[0.5526959300041199, 0.5518509149551392, 0.5414832830429077]","['title_description', 'title_description', 'title_description']"
包装箱,['5359'],[],title_description,1,0,[],,['60977'],[0.4904782772064209],['title_description']
包装箱,['5359'],[],title_description,3,0,[],,"['60977', '267', '5671']","[0.4904782772064209, 0.45833325386047363, 0.4389074444770813]","['title_description', 'title_description', 'title_description']"
叉车,['5359'],[],title_description,1,0,[],,['60977'],[0.48043093085289],['title_description']
叉车,['5359'],[],title_description,3,0,[],,"['60977', '47242', '47190']","[0.48043093085289, 0.44002461433410645, 0.4375486373901367]","['title_description', 'title_description', 'title_description']"
变频器维修,['5359'],[],title_description,1,0,[],,['60977'],[0.39017102122306824],['title_description']
变频器维修,['5359'],[],title_description,3,0,[],,"['60977', '5778', '5881']","[0.39017102122306824, 0.3725278079509735, 0.3582160472869873]","['title_description', 'title_description', 'title_description']"
喷雾设备,['5359'],[],title_description,1,0,[],,['5881'],[0.3466093838214874],['title_description']
喷雾设备,['5359'],[],title_description,3,0,[],,"['5881', '60977', '5544']","[0.3466093838214874, 0.3460988998413086, 0.33950313925743103]","['title_description', 'title_description', 'title_description']"
围栏护栏厂家,['5359'],[],title_description,1,1,['5359'],1.0,['5359'],[0.49609237909317017],['title_description']
围栏护栏厂家,['5359'],[],title_description,3,1,['5359'],1.0,"['5359', '5103', '50731']","[0.49609237909317017, 0.3398805260658264, 0.3265976905822754]","['title_description', 'title_description', 'title_description']"
土工布价格,['5359'],[],title_description,1,0,[],,['60338'],[0.40838900208473206],['title_description']
土工布价格,['5359'],[],title_description,3,0,[],,"['60338', '51590', '60540']","[0.40838900208473206, 0.39212533831596375, 0.3898048400878906]","['title_description', 'title_description', 'title_description']"
塑料桶厂家,['5359'],[],title_description,1,1,['5359'],1.0,['5359'],[0.40126606822013855],['title_description']
塑料桶厂家,['5359'],[],title_description,3,1,['5359'],1.0,"['5359', '5103', '5881']","[0.40126606822013855, 0.33075055480003357, 0.3279908299446106]","['title_description', 'title_description', 'title_description']"
塑胶地板,['5359'],[],title_description,1,0,[],,['47242'],[0.3861444592475891],['title_description']
塑胶地板,['5359'],[],title_description,3,0,[],,"['47242', '60977', '5671']","[0.3861444592475891, 0.3748951554298401, 0.3703605532646179]","['title_description', 'title_description', 'title_description']"
大蒜价格,['5359'],[],title_description,1,0,[],,['51590'],[0.5403639674186707],['title_description']
大蒜价格,['5359'],[],title_description,3,0,[],,"['51590', '50926', '5432']","[0.5403639674186707, 0.5137797594070435, 0.48320910334587097]","['title_description', 'title_description', 'title_description']"
太阳能路灯,['5359'],[],title_description,1,0,[],,['47242'],[0.41352248191833496],['title_description']
太阳能路灯,['5359'],[],title_description,3,0,[],,"['47242', '47266', '47190']","[0.41352248191833496, 0.39056217670440674, 0.38458412885665894]","['title_description', 'title_description', 'title_description']"
家具翻新贴纸,['5359'],[],title_description,1,0,[],,['60977'],[0.35262346267700195],['title_description']
家具翻新贴纸,['5359'],[],title_description,3,0,[],,"['60977', '5778', '5601']","[0.35262346267700195, 0.34979522228240967, 0.3307395875453949]","['title_description', 'title_description', 'title_description']"
小发电机,['5359'],[],title_description,1,0,[],,['23'],[0.4515236020088196],['title_description']
小发电机,['5359'],[],title_description,3,0,[],,"['23', '60977', '62248']","[0.4515236020088196, 0.43683767318725586, 0.42612820863723755]","['title_description', 'title_description', 'title_description']"
小型电动四轮车,['5359'],[],title_description,1,0,[],,['5819'],[0.4034423530101776],['title_description']
小型电动四轮车,['5359'],[],title_description,3,0,[],,"['5819', '5271', '50760']","[0.4034423530101776, 0.40311112999916077, 0.3903317451477051]","['title_description', 'title_description', 'title_description']"
山东路沿石厂家联系方式,['5359'],[],title_description,1,1,['5359'],1.0,['5359'],[0.40042394399642944],['title_description']
山东路沿石厂家联系方式,['5359'],[],title_description,3,1,['5359'],1.0,"['5359', '5103', '47190']","[0.40042394399642944, 0.353768527507782, 0.3376503884792328]","['title_description', 'title_description', 'title_description']"
山梨醇,['5359'],[],title_description,1,0,[],,['60977'],[0.43717700242996216],['title_description']
山梨醇,['5359'],[],title_description,3,0,[],,"['60977', '23', '85']","[0.43717700242996216, 0.4354199171066284, 0.42899858951568604]","['title_description', 'title_description', 'title_description']"
干燥机,['5359'],[],title_description,1,0,[],,['60977'],[0.41621047258377075],['title_description']
干燥机,['5359'],[],title_description,3,0,[],,"['60977', '51044', '5881']","[0.41621047258377075, 0.4143413305282593, 0.40148407220840454]","['title_description', 'title_description', 'title_description']"
库车,['5359'],[],title_description,1,0,[],,['47242'],[0.5028159618377686],['title_description']
库车,['5359'],[],title_description,3,0,[],,"['47242', '5671', '62106']","[0.5028159618377686, 0.49879318475723267, 0.4985612630844116]","['title_description', 'title_description', 'title_description']"
废旧回收,['5359'],[],title_description,1,0,[],,['60977'],[0.46261098980903625],['title_description']
废旧回收,['5359'],[],title_description,3,0,[],,"['60977', '47272', '5103']","[0.46261098980903625, 0.45570188760757446, 0.45302674174308777]","['title_description', 'title_description', 'title_description']"
开裆连体裤,['5359'],[],title_description,1,0,[],,['51387'],[0.27592790126800537],['title_description']
开裆连体裤,['5359'],[],title_description,3,0,[],,"['51387', '51379', '51382']","[0.27592790126800537, 0.27391496300697327, 0.2703043520450592]","['title_description', 'title_description', 'title_description']"
托运汽车,['5359'],[],title_description,1,0,[],,['60874'],[0.5096948742866516],['title_description']
托运汽车,['5359'],[],title_description,3,0,[],,"['60874', '47190', '5778']","[0.5096948742866516, 0.49175894260406494, 0.4829486012458801]","['title_description', 'title_description', 'title_description']"
拉杆箱维修价目表,['5359'],[],title_description,1,0,[],,['61800'],[0.35703951120376587],['title_description']
拉杆箱维修价目表,['5359'],[],title_description,3,0,[],,"['61800', '60540', '60338']","[0.35703951120376587, 0.3402572274208069, 0.32836124300956726]","['title_description', 'title_description', 'title_description']"
拖拉机价格,['5359'],[],title_description,1,0,[],,['60540'],[0.5100057125091553],['title_description']
拖拉机价格,['5359'],[],title_description,3,0,[],,"['60540', '60977', '60338']","[0.5100057125091553, 0.47962215542793274, 0.4695378541946411]","['title_description', 'title_description', 'title_description']"
接骨丹,['5359'],[],title_description,1,0,[],,['51323'],[0.3970666527748108],['title_description']
接骨丹,['5359'],[],title_description,3,0,[],,"['51323', '5671', '47272']","[0.3970666527748108, 0.3958417773246765, 0.3731459975242615]","['title_description', 'title_description', 'title_description']"
数字瓦多少钱一平米,['5359'],[],title_description,1,0,[],,['60338'],[0.48325490951538086],['title_description']
数字瓦多少钱一平米,['5359'],[],title_description,3,0,[],,"['60338', '51590', '60540']","[0.48325490951538086, 0.48236653208732605, 0.47820958495140076]","['title_description', 'title_description', 'title_description']"
数控机床,['5359'],[],title_description,1,0,[],,['51044'],[0.44412362575531006],['title_description']
数控机床,['5359'],[],title_description,3,0,[],,"['51044', '47242', '50926']","[0.44412362575531006, 0.39814355969429016, 0.388150155544281]","['title_description', 'title_description', 'title_description']"
木方,['5359'],[],title_description,1,0,[],,['51388'],[0.45258182287216187],['title_description']
木方,['5359'],[],title_description,3,0,[],,"['51388', '51044', '51382']","[0.45258182287216187, 0.4504394829273224, 0.4391084909439087]","['title_description', 'title_description', 'title_description']"
机器人一台多少钱,['5359'],[],title_description,1,0,[],,['60540'],[0.5379414558410645],['title_description']
机器人一台多少钱,['5359'],[],title_description,3,0,[],,"['60540', '60338', '60977']","[0.5379414558410645, 0.48857447504997253, 0.48711830377578735]","['title_description', 'title_description', 'title_description']"
机油多少钱一桶,['5359'],[],title_description,1,0,[],,['60338'],[0.4667084217071533],['title_description']
机油多少钱一桶,['5359'],[],title_description,3,0,[],,"['60338', '51590', '60540']","[0.4667084217071533, 0.46560996770858765, 0.46448004245758057]","['title_description', 'title_description', 'title_description']"
构树,['5359'],[],title_description,1,0,[],,['51323'],[0.45376187562942505],['title_description']
构树,['5359'],[],title_description,3,0,[],,"['51323', '51388', '51381']","[0.45376187562942505, 0.4418972432613373, 0.43826401233673096]","['title_description', 'title_description', 'title_description']"
树脂,['5359'],[],title_description,1,0,[],,['51044'],[0.4734336733818054],['title_description']
树脂,['5359'],[],title_description,3,0,[],,"['51044', '51388', '60977']","[0.4734336733818054, 0.47118571400642395, 0.46821945905685425]","['title_description', 'title_description', 'title_description']"
格力空调价格多少钱,['5359'],[],title_description,1,0,[],,['5881'],[0.47916069626808167],['title_description']
格力空调价格多少钱,['5359'],[],title_description,3,0,[],,"['5881', '60540', '51590']","[0.47916069626808167, 0.47306716442108154, 0.46524351835250854]","['title_description', 'title_description', 'title_description']"
桌子价格,['5359'],[],title_description,1,0,[],,['60977'],[0.5289759039878845],['title_description']
桌子价格,['5359'],[],title_description,3,0,[],,"['60977', '60540', '5671']","[0.5289759039878845, 0.527091920375824, 0.5060213804244995]","['title_description', 'title_description', 'title_description']"
检测仪,['5359'],[],title_description,1,0,[],,['60977'],[0.44677937030792236],['title_description']
检测仪,['5359'],[],title_description,3,0,[],,"['60977', '51044', '5544']","[0.44677937030792236, 0.43174082040786743, 0.41975992918014526]","['title_description', 'title_description', 'title_description']"
楔形钢板,['5359'],[],title_description,1,0,[],,['51044'],[0.442188560962677],['title_description']
楔形钢板,['5359'],[],title_description,3,0,[],,"['51044', '60977', '51712']","[0.442188560962677, 0.4117654263973236, 0.4001006484031677]","['title_description', 'title_description', 'title_description']"
橡皮膏,['5359'],[],title_description,1,0,[],,['51388'],[0.44465750455856323],['title_description']
橡皮膏,['5359'],[],title_description,3,0,[],,"['51388', '23', '51381']","[0.44465750455856323, 0.4374915659427643, 0.4337780773639679]","['title_description', 'title_description', 'title_description']"
气化器,['5359'],[],title_description,1,0,[],,['51044'],[0.39733192324638367],['title_description']
气化器,['5359'],[],title_description,3,0,[],,"['51044', '60977', '51323']","[0.39733192324638367, 0.39570415019989014, 0.39218154549598694]","['title_description', 'title_description', 'title_description']"
氯化锌,['5359'],[],title_description,1,0,[],,['51044'],[0.4491206705570221],['title_description']
氯化锌,['5359'],[],title_description,3,0,[],,"['51044', '51388', '51381']","[0.4491206705570221, 0.4377124607563019, 0.4370320439338684]","['title_description', 'title_description', 'title_description']"
水泥管厂,['5359'],[],title_description,1,0,[],,['47242'],[0.4191243648529053],['title_description']
水泥管厂,['5359'],[],title_description,3,1,['5359'],2.0,"['47242', '5359', '47190']","[0.4191243648529053, 0.4092937707901001, 0.37266087532043457]","['title_description', 'title_description', 'title_description']"
水泵,['5359'],[],title_description,1,0,[],,['5881'],[0.4193224310874939],['title_description']
水泵,['5359'],[],title_description,3,0,[],,"['5881', '47242', '47272']","[0.4193224310874939, 0.4058121144771576, 0.39733177423477173]","['title_description', 'title_description', 'title_description']"
污水处理设备,['5359'],[],title_description,1,0,[],,['5881'],[0.35972297191619873],['title_description']
污水处理设备,['5359'],[],title_description,3,0,[],,"['5881', '47242', '47272']","[0.35972297191619873, 0.35611820220947266, 0.341548889875412]","['title_description', 'title_description', 'title_description']"
污水池,['5359'],[],title_description,1,0,[],,['47272'],[0.4857536852359772],['title_description']
污水池,['5359'],[],title_description,3,0,[],,"['47272', '47242', '5671']","[0.4857536852359772, 0.47760945558547974, 0.44965529441833496]","['title_description', 'title_description', 'title_description']"
汽车遮阳棚,['5359'],[],title_description,1,0,[],,['50574'],[0.3765793740749359],['title_description']
汽车遮阳棚,['5359'],[],title_description,3,0,[],,"['50574', '5819', '50760']","[0.3765793740749359, 0.3354964852333069, 0.29842913150787354]","['title_description', 'title_description', 'title_description']"
沙发床,['5359'],[],title_description,1,0,[],,['47272'],[0.43256163597106934],['title_description']
沙发床,['5359'],[],title_description,3,0,[],,"['47272', '60977', '50192']","[0.43256163597106934, 0.42835533618927, 0.39008209109306335]","['title_description', 'title_description', 'title_description']"
洗澡热水器,['5359'],[],title_description,1,0,[],,['5881'],[0.4139721393585205],['title_description']
洗澡热水器,['5359'],[],title_description,3,0,[],,"['5881', '47272', '60977']","[0.4139721393585205, 0.3816172480583191, 0.381411612033844]","['title_description', 'title_description', 'title_description']"
洗石机,['5359'],[],title_description,1,0,[],,['60977'],[0.4126700758934021],['title_description']
洗石机,['5359'],[],title_description,3,0,[],,"['60977', '51388', '47242']","[0.4126700758934021, 0.39561569690704346, 0.38838809728622437]","['title_description', 'title_description', 'title_description']"
液氨价格,['5359'],[],title_description,1,0,[],,['51255'],[0.4408129155635834],['title_description']
液氨价格,['5359'],[],title_description,3,0,[],,"['51255', '51590', '60338']","[0.4408129155635834, 0.42249250411987305, 0.4185481071472168]","['title_description', 'title_description', 'title_description']"
混凝土搅拌机,['5359'],[],title_description,1,0,[],,['47272'],[0.35742461681365967],['title_description']
混凝土搅拌机,['5359'],[],title_description,3,0,[],,"['47272', '60977', '47242']","[0.35742461681365967, 0.3549528121948242, 0.3540356159210205]","['title_description', 'title_description', 'title_description']"
湖北白麻价格,['5359'],[],title_description,1,0,[],,['61800'],[0.3862949013710022],['title_description']
湖北白麻价格,['5359'],[],title_description,3,0,[],,"['61800', '5103', '50192']","[0.3862949013710022, 0.38474246859550476, 0.36137399077415466]","['title_description', 'title_description', 'title_description']"
滤油机,['5359'],[],title_description,1,0,[],,['5881'],[0.3600568175315857],['title_description']
滤油机,['5359'],[],title_description,3,0,[],,"['5881', '60977', '47272']","[0.3600568175315857, 0.3475160002708435, 0.33487460017204285]","['title_description', 'title_description', 'title_description']"
火花塞,['5359'],[],title_description,1,0,[],,['60977'],[0.4611057937145233],['title_description']
火花塞,['5359'],[],title_description,3,0,[],,"['60977', '51044', '51388']","[0.4611057937145233, 0.4170979857444763, 0.40932005643844604]","['title_description', 'title_description', 'title_description']"
玉米机,['5359'],[],title_description,1,0,[],,['60977'],[0.34659695625305176],['title_description']
玉米机,['5359'],[],title_description,3,0,[],,"['60977', '51044', '51388']","[0.34659695625305176, 0.32783177495002747, 0.3226669728755951]","['title_description', 'title_description', 'title_description']"
环氧砂浆,['5359'],[],title_description,1,0,[],,['47272'],[0.31993329524993896],['title_description']
环氧砂浆,['5359'],[],title_description,3,0,[],,"['47272', '47242', '5544']","[0.31993329524993896, 0.31871163845062256, 0.3143611550331116]","['title_description', 'title_description', 'title_description']"
玻璃门窗,['5359'],[],title_description,1,0,[],,['47242'],[0.4308547079563141],['title_description']
玻璃门窗,['5359'],[],title_description,3,0,[],,"['47242', '5671', '60977']","[0.4308547079563141, 0.40872472524642944, 0.4051908254623413]","['title_description', 'title_description', 'title_description']"
瓷砖品牌,['5359'],[],title_description,1,0,[],,['5881'],[0.48874783515930176],['title_description']
瓷砖品牌,['5359'],[],title_description,3,0,[],,"['5881', '60977', '47272']","[0.48874783515930176, 0.4781470000743866, 0.46235114336013794]","['title_description', 'title_description', 'title_description']"
电动升降机,['5359'],[],title_description,1,0,[],,['47242'],[0.39967700839042664],['title_description']
电动升降机,['5359'],[],title_description,3,1,['5359'],3.0,"['47242', '60977', '5359']","[0.39967700839042664, 0.37671035528182983, 0.37417349219322205]","['title_description', 'title_description', 'title_description']"
电压器,['5359'],[],title_description,1,0,[],,['60977'],[0.5259787440299988],['title_description']
电压器,['5359'],[],title_description,3,0,[],,"['60977', '51044', '51275']","[0.5259787440299988, 0.48297107219696045, 0.4773038327693939]","['title_description', 'title_description', 'title_description']"
电磁阀,['5359'],[],title_description,1,0,[],,['5881'],[0.4066493511199951],['title_description']
电磁阀,['5359'],[],title_description,3,0,[],,"['5881', '60977', '51044']","[0.4066493511199951, 0.3778536319732666, 0.37051907181739807]","['title_description', 'title_description', 'title_description']"
电话机器人,['5359'],[],title_description,1,0,[],,['61111'],[0.5019633769989014],['title_description']
电话机器人,['5359'],[],title_description,3,0,[],,"['61111', '5601', '5012']","[0.5019633769989014, 0.4917713403701782, 0.4892086386680603]","['title_description', 'title_description', 'title_description']"
电饭锅价格,['5359'],[],title_description,1,0,[],,['60540'],[0.4710376262664795],['title_description']
电饭锅价格,['5359'],[],title_description,3,0,[],,"['60540', '47272', '5544']","[0.4710376262664795, 0.4530794024467468, 0.4519176483154297]","['title_description', 'title_description', 'title_description']"
男性情趣用品,['5359'],[],title_description,1,0,[],,['60977'],[0.4461718499660492],['title_description']
男性情趣用品,['5359'],[],title_description,3,0,[],,"['60977', '47272', '51381']","[0.4461718499660492, 0.4028850197792053, 0.3744848072528839]","['title_description', 'title_description', 'title_description']"
石膏板,['5359'],[],title_description,1,0,[],,['51044'],[0.4539949297904968],['title_description']
石膏板,['5359'],[],title_description,3,0,[],,"['51044', '50926', '267']","[0.4539949297904968, 0.4405958652496338, 0.43686673045158386]","['title_description', 'title_description', 'title_description']"
石雕的价格,['5359'],[],title_description,1,0,[],,['5671'],[0.42397287487983704],['title_description']
石雕的价格,['5359'],[],title_description,3,0,[],,"['5671', '51590', '60540']","[0.42397287487983704, 0.3989103436470032, 0.3954596221446991]","['title_description', 'title_description', 'title_description']"
硅胶娃娃,['5359'],[],title_description,1,0,[],,['60977'],[0.3161478042602539],['title_description']
硅胶娃娃,['5359'],[],title_description,3,0,[],,"['60977', '51275', '23']","[0.3161478042602539, 0.3035810589790344, 0.3027920722961426]","['title_description', 'title_description', 'title_description']"
空调一台多少钱,['5359'],[],title_description,1,0,[],,['60540'],[0.5486244559288025],['title_description']
空调一台多少钱,['5359'],[],title_description,3,0,[],,"['60540', '60977', '60338']","[0.5486244559288025, 0.5047047138214111, 0.4984338879585266]","['title_description', 'title_description', 'title_description']"
竹简,['5359'],[],title_description,1,0,[],,['51388'],[0.5556313395500183],['title_description']
竹简,['5359'],[],title_description,3,0,[],,"['51388', '267', '51381']","[0.5556313395500183, 0.5496081113815308, 0.5487191677093506]","['title_description', 'title_description', 'title_description']"
索菲亚岩板瓷砖,['5359'],[],title_description,1,0,[],,['5881'],[0.3303559124469757],['title_description']
索菲亚岩板瓷砖,['5359'],[],title_description,3,0,[],,"['5881', '47272', '60977']","[0.3303559124469757, 0.2920408248901367, 0.29156064987182617]","['title_description', 'title_description', 'title_description']"
紫阳花,['5359'],[],title_description,1,0,[],,['51377'],[0.47281622886657715],['title_description']
紫阳花,['5359'],[],title_description,3,0,[],,"['51377', '51376', '51388']","[0.47281622886657715, 0.45814862847328186, 0.45292556285858154]","['title_description', 'title_description', 'title_description']"
纸箱厂设备多少钱一套,['5359'],[],title_description,1,0,[],,['60540'],[0.4148405194282532],['title_description']
纸箱厂设备多少钱一套,['5359'],[],title_description,3,0,[],,"['60540', '61800', '60338']","[0.4148405194282532, 0.4070240557193756, 0.399626225233078]","['title_description', 'title_description', 'title_description']"
线圈,['5359'],[],title_description,1,0,[],,['51381'],[0.5163260102272034],['title_description']
线圈,['5359'],[],title_description,3,0,[],,"['51381', '51388', '47266']","[0.5163260102272034, 0.515218198299408, 0.5106469392776489]","['title_description', 'title_description', 'title_description']"
绢布,['5359'],[],title_description,1,0,[],,['51381'],[0.4513314962387085],['title_description']
绢布,['5359'],[],title_description,3,0,[],,"['51381', '51388', '51323']","[0.4513314962387085, 0.4475440979003906, 0.4453963041305542]","['title_description', 'title_description', 'title_description']"
翡翠原石,['5359'],[],title_description,1,0,[],,['5671'],[0.44219300150871277],['title_description']
翡翠原石,['5359'],[],title_description,3,0,[],,"['5671', '51323', '51388']","[0.44219300150871277, 0.43449610471725464, 0.4341754913330078]","['title_description', 'title_description', 'title_description']"
耐高温轴承,['5359'],[],title_description,1,0,[],,['5881'],[0.33504629135131836],['title_description']
耐高温轴承,['5359'],[],title_description,3,0,[],,"['5881', '47242', '47272']","[0.33504629135131836, 0.31969285011291504, 0.3041936755180359]","['title_description', 'title_description', 'title_description']"
聚氨酯多少钱一吨,['5359'],[],title_description,1,0,[],,['60540'],[0.4474024176597595],['title_description']
聚氨酯多少钱一吨,['5359'],[],title_description,3,0,[],,"['60540', '51590', '60338']","[0.4474024176597595, 0.437203586101532, 0.4279251992702484]","['title_description', 'title_description', 'title_description']"
脚手架,['5359'],[],title_description,1,0,[],,['50926'],[0.5208300352096558],['title_description']
脚手架,['5359'],[],title_description,3,0,[],,"['50926', '47242', '60977']","[0.5208300352096558, 0.5033371448516846, 0.4944365322589874]","['title_description', 'title_description', 'title_description']"
草甘膦,['5359'],[],title_description,1,0,[],,['51388'],[0.4550827145576477],['title_description']
草甘膦,['5359'],[],title_description,3,0,[],,"['51388', '60977', '51323']","[0.4550827145576477, 0.45276838541030884, 0.4456530809402466]","['title_description', 'title_description', 'title_description']"
葫芦,['5359'],[],title_description,1,0,[],,['51381'],[0.507897138595581],['title_description']
葫芦,['5359'],[],title_description,3,0,[],,"['51381', '47272', '51388']","[0.507897138595581, 0.5075439214706421, 0.5045584440231323]","['title_description', 'title_description', 'title_description']"
蒸煮锅,['5359'],[],title_description,1,0,[],,['47272'],[0.39425796270370483],['title_description']
蒸煮锅,['5359'],[],title_description,3,0,[],,"['47272', '5881', '47242']","[0.39425796270370483, 0.3570234775543213, 0.3081429898738861]","['title_description', 'title_description', 'title_description']"
蕾丝睡衣,['5359'],[],title_description,1,0,[],,['23'],[0.3541688919067383],['title_description']
蕾丝睡衣,['5359'],[],title_description,3,0,[],,"['23', '60977', '51275']","[0.3541688919067383, 0.3506335914134979, 0.3458905816078186]","['title_description', 'title_description', 'title_description']"
装修公司推荐,['5359'],[],title_description,1,0,[],,['47272'],[0.5606487393379211],['title_description']
装修公司推荐,['5359'],[],title_description,3,0,[],,"['47272', '60977', '5778']","[0.5606487393379211, 0.5485260486602783, 0.5484375357627869]","['title_description', 'title_description', 'title_description']"
输送机厂家,['5359'],[],title_description,1,1,['5359'],1.0,['5359'],[0.5029794573783875],['title_description']
输送机厂家,['5359'],[],title_description,3,1,['5359'],1.0,"['5359', '5103', '5881']","[0.5029794573783875, 0.41980600357055664, 0.39510780572891235]","['title_description', 'title_description', 'title_description']"
边坡防护施工,['5359'],[],title_description,1,0,[],,['47242'],[0.3591766059398651],['title_description']
边坡防护施工,['5359'],[],title_description,3,1,['5359'],3.0,"['47242', '5671', '5359']","[0.3591766059398651, 0.3393634259700775, 0.33567118644714355]","['title_description', 'title_description', 'title_description']"
连体裙,['5359'],[],title_description,1,0,[],,['51387'],[0.40987056493759155],['title_description']
连体裙,['5359'],[],title_description,3,0,[],,"['51387', '51381', '51386']","[0.40987056493759155, 0.38861361145973206, 0.37894493341445923]","['title_description', 'title_description', 'title_description']"
连轴器,['5359'],[],title_description,1,0,[],,['60977'],[0.4330642819404602],['title_description']
连轴器,['5359'],[],title_description,3,0,[],,"['60977', '51387', '51381']","[0.4330642819404602, 0.4137369990348816, 0.40853601694107056]","['title_description', 'title_description', 'title_description']"
酒多少钱一瓶,['5359'],[],title_description,1,0,[],,['61800'],[0.5154908895492554],['title_description']
酒多少钱一瓶,['5359'],[],title_description,3,0,[],,"['61800', '51590', '60338']","[0.5154908895492554, 0.4864503741264343, 0.4848637580871582]","['title_description', 'title_description', 'title_description']"
酸枣仁的价格,['5359'],[],title_description,1,0,[],,['51590'],[0.43267393112182617],['title_description']
酸枣仁的价格,['5359'],[],title_description,3,0,[],,"['51590', '60977', '60338']","[0.43267393112182617, 0.4207861125469208, 0.4193291962146759]","['title_description', 'title_description', 'title_description']"
野生黄精多少一斤市场价,['5359'],[],title_description,1,0,[],,['51590'],[0.3967822194099426],['title_description']
野生黄精多少一斤市场价,['5359'],[],title_description,3,0,[],,"['51590', '61800', '60338']","[0.3967822194099426, 0.3648507297039032, 0.3454848825931549]","['title_description', 'title_description', 'title_description']"
钇价格,['5359'],[],title_description,1,0,[],,['51590'],[0.6646260023117065],['title_description']
钇价格,['5359'],[],title_description,3,0,[],,"['51590', '51088', '60338']","[0.6646260023117065, 0.5511883497238159, 0.5492196083068848]","['title_description', 'title_description', 'title_description']"
钢丝网,['5359'],[],title_description,1,0,[],,['60977'],[0.46897122263908386],['title_description']
钢丝网,['5359'],[],title_description,3,0,[],,"['60977', '47242', '47266']","[0.46897122263908386, 0.4642946720123291, 0.4513692557811737]","['title_description', 'title_description', 'title_description']"
铆钉,['5359'],[],title_description,1,0,[],,['60977'],[0.4597536623477936],['title_description']
铆钉,['5359'],[],title_description,3,0,[],,"['60977', '51388', '51381']","[0.4597536623477936, 0.4361332356929779, 0.43298202753067017]","['title_description', 'title_description', 'title_description']"
铜价格,['5359'],[],title_description,1,0,[],,['51590'],[0.6294137239456177],['title_description']
铜价格,['5359'],[],title_description,3,0,[],,"['51590', '51088', '51255']","[0.6294137239456177, 0.5965613126754761, 0.5643911361694336]","['title_description', 'title_description', 'title_description']"
铝单板,['5359'],[],title_description,1,0,[],,['28128'],[0.5027279853820801],['title_description']
铝单板,['5359'],[],title_description,3,0,[],,"['28128', '28126', '51457']","[0.5027279853820801, 0.4964717924594879, 0.49636733531951904]","['title_description', 'title_description', 'title_description']"
镀锌钢板,['5359'],[],title_description,1,0,[],,['50926'],[0.40946251153945923],['title_description']
镀锌钢板,['5359'],[],title_description,3,0,[],,"['50926', '51590', '60977']","[0.40946251153945923, 0.4039039611816406, 0.40123042464256287]","['title_description', 'title_description', 'title_description']"
防水板,['5359'],[],title_description,1,0,[],,['5671'],[0.41128647327423096],['title_description']
防水板,['5359'],[],title_description,3,0,[],,"['5671', '47272', '47242']","[0.41128647327423096, 0.4039313793182373, 0.40355467796325684]","['title_description', 'title_description', 'title_description']"
防腐钢管,['5359'],[],title_description,1,0,[],,['47266'],[0.380412220954895],['title_description']
防腐钢管,['5359'],[],title_description,3,0,[],,"['47266', '51388', '60977']","[0.380412220954895, 0.3718891739845276, 0.36949652433395386]","['title_description', 'title_description', 'title_description']"
附近加气块砖生产厂家,['5359'],[],title_description,1,1,['5359'],1.0,['5359'],[0.37983834743499756],['title_description']
附近加气块砖生产厂家,['5359'],[],title_description,3,1,['5359'],1.0,"['5359', '47242', '5103']","[0.37983834743499756, 0.3603442907333374, 0.3565903604030609]","['title_description', 'title_description', 'title_description']"
附近工厂,['5359'],[],title_description,1,0,[],,['47242'],[0.5931167602539062],['title_description']
附近工厂,['5359'],[],title_description,3,0,[],,"['47242', '47190', '47266']","[0.5931167602539062, 0.5716150999069214, 0.5443276762962341]","['title_description', 'title_description', 'title_description']"
颜料厂家,['5359'],[],title_description,1,1,['5359'],1.0,['5359'],[0.49488595128059387],['title_description']
颜料厂家,['5359'],[],title_description,3,1,['5359'],1.0,"['5359', '5103', '60977']","[0.49488595128059387, 0.4286307096481323, 0.408733606338501]","['title_description', 'title_description', 'title_description']"
风机,['5359'],[],title_description,1,0,[],,['60977'],[0.4425812363624573],['title_description']
风机,['5359'],[],title_description,3,0,[],,"['60977', '51044', '47242']","[0.4425812363624573, 0.42684948444366455, 0.4238823652267456]","['title_description', 'title_description', 'title_description']"
飞机模型,['5359'],[],title_description,1,0,[],,['60868'],[0.4199618697166443],['title_description']
飞机模型,['5359'],[],title_description,3,0,[],,"['60868', '5671', '60977']","[0.4199618697166443, 0.4014059901237488, 0.3931728005409241]","['title_description', 'title_description', 'title_description']"
饮料厂家联系方式,['5359'],[],title_description,1,0,[],,['5012'],[0.4719550609588623],['title_description']
饮料厂家联系方式,['5359'],[],title_description,3,1,['5359'],2.0,"['5012', '5359', '60265']","[0.4719550609588623, 0.4679983854293823, 0.46688112616539]","['title_description', 'title_description', 'title_description']"
马桶维修,['5359'],[],title_description,1,0,[],,['47272'],[0.38586780428886414],['title_description']
马桶维修,['5359'],[],title_description,3,0,[],,"['47272', '5671', '47266']","[0.38586780428886414, 0.36850643157958984, 0.3670337200164795]","['title_description', 'title_description', 'title_description']"
高压开关,['5359'],[],title_description,1,0,[],,['5881'],[0.4028046727180481],['title_description']
高压开关,['5359'],[],title_description,3,0,[],,"['5881', '50926', '60977']","[0.4028046727180481, 0.38710176944732666, 0.3785141110420227]","['title_description', 'title_description', 'title_description']"
高压软管,['5359'],[],title_description,1,0,[],,['5881'],[0.3291710615158081],['title_description']
高压软管,['5359'],[],title_description,3,1,['5359'],3.0,"['5881', '47272', '5359']","[0.3291710615158081, 0.3284319043159485, 0.3255479335784912]","['title_description', 'title_description', 'title_description']"
鲤鱼,['5359'],[],title_description,1,0,[],,['51388'],[0.4617377519607544],['title_description']
鲤鱼,['5359'],[],title_description,3,0,[],,"['51388', '51381', '51323']","[0.4617377519607544, 0.45819127559661865, 0.4529350996017456]","['title_description', 'title_description', 'title_description']"
黄金回收价格是多少,['5359'],[],title_description,1,0,[],,['51590'],[0.6943486928939819],['title_description']
黄金回收价格是多少,['5359'],[],title_description,3,0,[],,"['51590', '51088', '36607']","[0.6943486928939819, 0.576533317565918, 0.506125807762146]","['title_description', 'title_description', 'title_description']"
