query,gold_ids,missing_gold_ids,view,k,pass_at_k,hit_ids,first_hit_rank,recall_ids,recall_scores,recall_views
19号世界杯赛程,['4999'],[],description,1,0,[],,['5550'],[0.4926658868789673],['description']
19号世界杯赛程,['4999'],[],description,3,0,[],,"['5550', '62016', '60293']","[0.4926658868789673, 0.4515092372894287, 0.439175009727478]","['description', 'description', 'description']"
2024欧洲杯,['4999'],[],description,1,0,[],,['62016'],[0.6013711094856262],['description']
2024欧洲杯,['4999'],[],description,3,0,[],,"['62016', '5550', '51323']","[0.6013711094856262, 0.4662381410598755, 0.42184701561927795]","['description', 'description', 'description']"
2025-2026赛季英超积分榜,['4999'],[],description,1,0,[],,['62016'],[0.5755389332771301],['description']
2025-2026赛季英超积分榜,['4999'],[],description,3,0,[],,"['62016', '5550', '51323']","[0.5755389332771301, 0.46700552105903625, 0.4100361764431]","['description', 'description', 'description']"
2026世界杯何时开始,['4999'],[],description,1,0,[],,['5550'],[0.4605445861816406],['description']
2026世界杯何时开始,['4999'],[],description,3,0,[],,"['5550', '62016', '51323']","[0.4605445861816406, 0.436255544424057, 0.4300839602947235]","['description', 'description', 'description']"
2026世界杯回放免费,['4999'],[],description,1,0,[],,['62016'],[0.3930665850639343],['description']
2026世界杯回放免费,['4999'],[],description,3,0,[],,"['62016', '5550', '85']","[0.3930665850639343, 0.39231938123703003, 0.35618990659713745]","['description', 'description', 'description']"
2026世界杯的赛程表,['4999'],[],description,1,0,[],,['62016'],[0.551167368888855],['description']
2026世界杯的赛程表,['4999'],[],description,3,0,[],,"['62016', '5550', '51323']","[0.551167368888855, 0.5107846260070801, 0.4744589924812317]","['description', 'description', 'description']"
2026年nba总决赛,['4999'],[],description,1,0,[],,['5550'],[0.41750970482826233],['description']
2026年nba总决赛,['4999'],[],description,3,0,[],,"['5550', '62016', '51323']","[0.41750970482826233, 0.3928799629211426, 0.36938929557800293]","['description', 'description', 'description']"
2026年世界女排联赛赛程,['4999'],[],description,1,0,[],,['62016'],[0.48803842067718506],['description']
2026年世界女排联赛赛程,['4999'],[],description,3,0,[],,"['62016', '5550', '51323']","[0.48803842067718506, 0.45158979296684265, 0.3918626010417938]","['description', 'description', 'description']"
2026年世界杯4分之一赛程,['4999'],[],description,1,0,[],,['62016'],[0.5312360525131226],['description']
2026年世界杯4分之一赛程,['4999'],[],description,3,0,[],,"['62016', '5550', '51323']","[0.5312360525131226, 0.49464255571365356, 0.4091265797615051]","['description', 'description', 'description']"
2026年世界杯7月6日比赛,['4999'],[],description,1,0,[],,['62016'],[0.525275707244873],['description']
2026年世界杯7月6日比赛,['4999'],[],description,3,0,[],,"['62016', '5550', '5601']","[0.525275707244873, 0.4717760682106018, 0.42554426193237305]","['description', 'description', 'description']"
2026年世界杯8强,['4999'],[],description,1,0,[],,['62016'],[0.4421730935573578],['description']
2026年世界杯8强,['4999'],[],description,3,0,[],,"['62016', '5550', '51323']","[0.4421730935573578, 0.4361664652824402, 0.3485734760761261]","['description', 'description', 'description']"
2026年世界杯八强对阵表,['4999'],[],description,1,0,[],,['62016'],[0.488198459148407],['description']
2026年世界杯八强对阵表,['4999'],[],description,3,0,[],,"['62016', '5550', '51323']","[0.488198459148407, 0.4459315240383148, 0.3870377242565155]","['description', 'description', 'description']"
2026年世界杯决赛时间,['4999'],[],description,1,0,[],,['62016'],[0.47352591156959534],['description']
2026年世界杯决赛时间,['4999'],[],description,3,0,[],,"['62016', '5550', '51323']","[0.47352591156959534, 0.45723414421081543, 0.41269952058792114]","['description', 'description', 'description']"
2026年世界杯几时结束,['4999'],[],description,1,0,[],,['62016'],[0.45544201135635376],['description']
2026年世界杯几时结束,['4999'],[],description,3,0,[],,"['62016', '5550', '51323']","[0.45544201135635376, 0.44107967615127563, 0.43332934379577637]","['description', 'description', 'description']"
2026年世界杯战绩一览表,['4999'],[],description,1,0,[],,['62016'],[0.5054396390914917],['description']
2026年世界杯战绩一览表,['4999'],[],description,3,0,[],,"['62016', '5550', '51323']","[0.5054396390914917, 0.47174811363220215, 0.41144731640815735]","['description', 'description', 'description']"
2026年世界杯比分情况,['4999'],[],description,1,0,[],,['62016'],[0.48008760809898376],['description']
2026年世界杯比分情况,['4999'],[],description,3,0,[],,"['62016', '5550', '51323']","[0.48008760809898376, 0.4439767003059387, 0.39881765842437744]","['description', 'description', 'description']"
2026年世界杯积分榜,['4999'],[],description,1,0,[],,['62016'],[0.5029526948928833],['description']
2026年世界杯积分榜,['4999'],[],description,3,0,[],,"['62016', '5550', '51323']","[0.5029526948928833, 0.48516345024108887, 0.41961079835891724]","['description', 'description', 'description']"
2026年世界杯都有哪些球队,['4999'],[],description,1,0,[],,['5550'],[0.45383399724960327],['description']
2026年世界杯都有哪些球队,['4999'],[],description,3,0,[],,"['5550', '62016', '51323']","[0.45383399724960327, 0.4427570700645447, 0.3825567066669464]","['description', 'description', 'description']"
2026年中甲联赛,['4999'],[],description,1,0,[],,['62016'],[0.4560249447822571],['description']
2026年中甲联赛,['4999'],[],description,3,0,[],,"['62016', '5550', '51323']","[0.4560249447822571, 0.4406123757362366, 0.3843405842781067]","['description', 'description', 'description']"
2026年中超积分榜,['4999'],[],description,1,0,[],,['62016'],[0.48741576075553894],['description']
2026年中超积分榜,['4999'],[],description,3,0,[],,"['62016', '5550', '51323']","[0.48741576075553894, 0.4546484351158142, 0.4406743049621582]","['description', 'description', 'description']"
2026年女篮亚洲杯赛程,['4999'],[],description,1,0,[],,['5550'],[0.41288477182388306],['description']
2026年女篮亚洲杯赛程,['4999'],[],description,3,0,[],,"['5550', '62016', '51323']","[0.41288477182388306, 0.41073673963546753, 0.3837960660457611]","['description', 'description', 'description']"
2026年欧洲杯,['4999'],[],description,1,0,[],,['62016'],[0.6207873821258545],['description']
2026年欧洲杯,['4999'],[],description,3,0,[],,"['62016', '5550', '51323']","[0.6207873821258545, 0.47578567266464233, 0.38740670680999756]","['description', 'description', 'description']"
2026年的欧冠冠军是谁,['4999'],[],description,1,0,[],,['62016'],[0.6037248969078064],['description']
2026年的欧冠冠军是谁,['4999'],[],description,3,0,[],,"['62016', '5550', '51323']","[0.6037248969078064, 0.44620031118392944, 0.3716626763343811]","['description', 'description', 'description']"
2026年美加墨世界杯赛程,['4999'],[],description,1,0,[],,['5550'],[0.48801714181900024],['description']
2026年美加墨世界杯赛程,['4999'],[],description,3,0,[],,"['5550', '62016', '51323']","[0.48801714181900024, 0.4836891293525696, 0.39659547805786133]","['description', 'description', 'description']"
2026年足球世界杯8强,['4999'],[],description,1,0,[],,['62016'],[0.4301861822605133],['description']
2026年足球世界杯8强,['4999'],[],description,3,0,[],,"['62016', '5550', '51323']","[0.4301861822605133, 0.4233025312423706, 0.35128146409988403]","['description', 'description', 'description']"
2026挪超赛程,['4999'],[],description,1,0,[],,['62016'],[0.49521300196647644],['description']
2026挪超赛程,['4999'],[],description,3,0,[],,"['62016', '5550', '60293']","[0.49521300196647644, 0.44071975350379944, 0.3826156258583069]","['description', 'description', 'description']"
2026温网比赛日程,['4999'],[],description,1,0,[],,['5550'],[0.4795593023300171],['description']
2026温网比赛日程,['4999'],[],description,3,0,[],,"['5550', '62016', '51323']","[0.4795593023300171, 0.4726018011569977, 0.4448245167732239]","['description', 'description', 'description']"
2026美加墨世界杯对阵图,['4999'],[],description,1,0,[],,['5550'],[0.46182650327682495],['description']
2026美加墨世界杯对阵图,['4999'],[],description,3,0,[],,"['5550', '62016', '51323']","[0.46182650327682495, 0.4280102252960205, 0.3788246512413025]","['description', 'description', 'description']"
26年欧冠资格赛排名,['4999'],[],description,1,0,[],,['62016'],[0.7456945776939392],['description']
26年欧冠资格赛排名,['4999'],[],description,3,0,[],,"['62016', '5550', '60293']","[0.7456945776939392, 0.46726107597351074, 0.40708106756210327]","['description', 'description', 'description']"
6月11日世界杯比赛,['4999'],[],description,1,0,[],,['5550'],[0.4871334731578827],['description']
6月11日世界杯比赛,['4999'],[],description,3,0,[],,"['5550', '62016', '5601']","[0.4871334731578827, 0.4354037046432495, 0.40296176075935364]","['description', 'description', 'description']"
7月7号世界杯比赛结果,['4999'],[],description,1,0,[],,['62016'],[0.48000335693359375],['description']
7月7号世界杯比赛结果,['4999'],[],description,3,0,[],,"['62016', '5550', '5601']","[0.48000335693359375, 0.419853150844574, 0.38226383924484253]","['description', 'description', 'description']"
7月7号世界杯的比赛,['4999'],[],description,1,0,[],,['5550'],[0.502833902835846],['description']
7月7号世界杯的比赛,['4999'],[],description,3,0,[],,"['5550', '62016', '5601']","[0.502833902835846, 0.4724467396736145, 0.4299088716506958]","['description', 'description', 'description']"
7月7号世界杯赛程表,['4999'],[],description,1,0,[],,['62016'],[0.5174674987792969],['description']
7月7号世界杯赛程表,['4999'],[],description,3,0,[],,"['62016', '5550', '51323']","[0.5174674987792969, 0.44760626554489136, 0.4244542419910431]","['description', 'description', 'description']"
7月8日欧冠比赛结果,['4999'],[],description,1,0,[],,['62016'],[0.6612448692321777],['description']
7月8日欧冠比赛结果,['4999'],[],description,3,0,[],,"['62016', '5550', '5601']","[0.6612448692321777, 0.4146159887313843, 0.3623547852039337]","['description', 'description', 'description']"
9号世界杯,['4999'],[],description,1,0,[],,['5550'],[0.5339328050613403],['description']
9号世界杯,['4999'],[],description,3,0,[],,"['5550', '51323', '5601']","[0.5339328050613403, 0.44972139596939087, 0.430118590593338]","['description', 'description', 'description']"
cba新赛季开启时间,['4999'],[],description,1,0,[],,['5550'],[0.4377843141555786],['description']
cba新赛季开启时间,['4999'],[],description,3,0,[],,"['5550', '62016', '50159']","[0.4377843141555786, 0.42931127548217773, 0.3707399368286133]","['description', 'description', 'description']"
lpl赛程,['4999'],[],description,1,0,[],,['5550'],[0.5426466464996338],['description']
lpl赛程,['4999'],[],description,3,0,[],,"['5550', '62016', '60293']","[0.5426466464996338, 0.523186206817627, 0.5046343207359314]","['description', 'description', 'description']"
msi 2026赛程,['4999'],[],description,1,0,[],,['5550'],[0.4760594666004181],['description']
msi 2026赛程,['4999'],[],description,3,0,[],,"['5550', '62016', '51323']","[0.4760594666004181, 0.46703600883483887, 0.41075119376182556]","['description', 'description', 'description']"
nba 赛程,['4999'],[],description,1,0,[],,['5550'],[0.5258543491363525],['description']
nba 赛程,['4999'],[],description,3,0,[],,"['5550', '60293', '62016']","[0.5258543491363525, 0.48788732290267944, 0.47404396533966064]","['description', 'description', 'description']"
nba2025-26赛季赛程,['4999'],[],description,1,0,[],,['62016'],[0.5135990977287292],['description']
nba2025-26赛季赛程,['4999'],[],description,3,0,[],,"['62016', '5550', '51323']","[0.5135990977287292, 0.45953693985939026, 0.4312152862548828]","['description', 'description', 'description']"
nba2026赛季开赛时间,['4999'],[],description,1,0,[],,['62016'],[0.46543407440185547],['description']
nba2026赛季开赛时间,['4999'],[],description,3,0,[],,"['62016', '5550', '51323']","[0.46543407440185547, 0.45803552865982056, 0.44346940517425537]","['description', 'description', 'description']"
nba什么时候开赛,['4999'],[],description,1,0,[],,['5550'],[0.4665243625640869],['description']
nba什么时候开赛,['4999'],[],description,3,0,[],,"['5550', '5601', '60293']","[0.4665243625640869, 0.43373894691467285, 0.4240211248397827]","['description', 'description', 'description']"
nba夏季联赛,['4999'],[],description,1,0,[],,['5550'],[0.4133984446525574],['description']
nba夏季联赛,['4999'],[],description,3,0,[],,"['5550', '62016', '51323']","[0.4133984446525574, 0.38390547037124634, 0.3354647159576416]","['description', 'description', 'description']"
nba季前赛程,['4999'],[],description,1,0,[],,['5550'],[0.48120594024658203],['description']
nba季前赛程,['4999'],[],description,3,0,[],,"['5550', '62016', '60293']","[0.48120594024658203, 0.4746806025505066, 0.43799325823783875]","['description', 'description', 'description']"
u20世界杯,['4999'],[],description,1,0,[],,['5550'],[0.45046108961105347],['description']
u20世界杯,['4999'],[],description,3,0,[],,"['5550', '62016', '51323']","[0.45046108961105347, 0.41830864548683167, 0.41045334935188293]","['description', 'description', 'description']"
wtt瑞典大满贯赛程2026,['4999'],[],description,1,0,[],,['5550'],[0.45348918437957764],['description']
wtt瑞典大满贯赛程2026,['4999'],[],description,3,0,[],,"['5550', '51323', '62016']","[0.45348918437957764, 0.4352322518825531, 0.3922480344772339]","['description', 'description', 'description']"
世界女排联赛排名,['4999'],[],description,1,0,[],,['5550'],[0.40860605239868164],['description']
世界女排联赛排名,['4999'],[],description,3,0,[],,"['5550', '4551', '51129']","[0.40860605239868164, 0.4079960286617279, 0.3959677815437317]","['description', 'description', 'description']"
世界女排联赛赛程,['4999'],[],description,1,0,[],,['62016'],[0.4495292901992798],['description']
世界女排联赛赛程,['4999'],[],description,3,0,[],,"['62016', '5550', '60293']","[0.4495292901992798, 0.42612501978874207, 0.38073545694351196]","['description', 'description', 'description']"
世界怀8强,['4999'],[],description,1,0,[],,['5550'],[0.4107704162597656],['description']
世界怀8强,['4999'],[],description,3,0,[],,"['5550', '62016', '51323']","[0.4107704162597656, 0.38116180896759033, 0.3287121653556824]","['description', 'description', 'description']"
世界杯1/4决赛对阵表,['4999'],[],description,1,0,[],,['62016'],[0.5081398487091064],['description']
世界杯1/4决赛对阵表,['4999'],[],description,3,0,[],,"['62016', '5550', '51323']","[0.5081398487091064, 0.4912223815917969, 0.40298569202423096]","['description', 'description', 'description']"
世界杯1/4决赛时间,['4999'],[],description,1,0,[],,['62016'],[0.5152915716171265],['description']
世界杯1/4决赛时间,['4999'],[],description,3,0,[],,"['62016', '5550', '60293']","[0.5152915716171265, 0.470354825258255, 0.4541669487953186]","['description', 'description', 'description']"
世界杯11日赛程,['4999'],[],description,1,0,[],,['5550'],[0.48122867941856384],['description']
世界杯11日赛程,['4999'],[],description,3,0,[],,"['5550', '62016', '60293']","[0.48122867941856384, 0.4752068817615509, 0.40416455268859863]","['description', 'description', 'description']"
世界杯16强,['4999'],[],description,1,0,[],,['62016'],[0.4696190655231476],['description']
世界杯16强,['4999'],[],description,3,0,[],,"['62016', '5550', '60977']","[0.4696190655231476, 0.4618523120880127, 0.3599269986152649]","['description', 'description', 'description']"
世界杯23号比赛,['4999'],[],description,1,0,[],,['5550'],[0.5065721273422241],['description']
世界杯23号比赛,['4999'],[],description,3,0,[],,"['5550', '62016', '5601']","[0.5065721273422241, 0.46798479557037354, 0.4136079251766205]","['description', 'description', 'description']"
世界杯32强对阵表,['4999'],[],description,1,0,[],,['5550'],[0.4207414388656616],['description']
世界杯32强对阵表,['4999'],[],description,3,0,[],,"['5550', '62016', '51323']","[0.4207414388656616, 0.4052671790122986, 0.34357988834381104]","['description', 'description', 'description']"
世界杯8强对阵图,['4999'],[],description,1,0,[],,['5550'],[0.4041290581226349],['description']
世界杯8强对阵图,['4999'],[],description,3,0,[],,"['5550', '62016', '60977']","[0.4041290581226349, 0.37792515754699707, 0.34108519554138184]","['description', 'description', 'description']"
世界杯今天比赛结果如何,['4999'],[],description,1,0,[],,['5550'],[0.48940375447273254],['description']
世界杯今天比赛结果如何,['4999'],[],description,3,0,[],,"['5550', '62016', '60977']","[0.48940375447273254, 0.4772484302520752, 0.40514105558395386]","['description', 'description', 'description']"
世界杯今日战况,['4999'],[],description,1,0,[],,['5550'],[0.4625056982040405],['description']
世界杯今日战况,['4999'],[],description,3,0,[],,"['5550', '62016', '50926']","[0.4625056982040405, 0.4074970483779907, 0.387483149766922]","['description', 'description', 'description']"
世界杯入围球队,['4999'],[],description,1,0,[],,['5550'],[0.5483179688453674],['description']
世界杯入围球队,['4999'],[],description,3,0,[],,"['5550', '62016', '4551']","[0.5483179688453674, 0.4877135157585144, 0.3963988125324249]","['description', 'description', 'description']"
世界杯八强的赛程表,['4999'],[],description,1,0,[],,['62016'],[0.5040489435195923],['description']
世界杯八强的赛程表,['4999'],[],description,3,0,[],,"['62016', '5550', '51323']","[0.5040489435195923, 0.4667322039604187, 0.3941744565963745]","['description', 'description', 'description']"
世界杯半决赛时间,['4999'],[],description,1,0,[],,['62016'],[0.4793541431427002],['description']
世界杯半决赛时间,['4999'],[],description,3,0,[],,"['62016', '5550', '60293']","[0.4793541431427002, 0.46820953488349915, 0.40469831228256226]","['description', 'description', 'description']"
世界杯四分之一决赛都有哪队,['4999'],[],description,1,0,[],,['5550'],[0.4737250804901123],['description']
世界杯四分之一决赛都有哪队,['4999'],[],description,3,0,[],,"['5550', '62016', '51323']","[0.4737250804901123, 0.4703589379787445, 0.35933420062065125]","['description', 'description', 'description']"
世界杯四分之一赛程表,['4999'],[],description,1,0,[],,['62016'],[0.4973454177379608],['description']
世界杯四分之一赛程表,['4999'],[],description,3,0,[],,"['62016', '5550', '51323']","[0.4973454177379608, 0.44396358728408813, 0.37106961011886597]","['description', 'description', 'description']"
世界杯四强名单,['4999'],[],description,1,0,[],,['5550'],[0.46988368034362793],['description']
世界杯四强名单,['4999'],[],description,3,0,[],,"['5550', '62016', '51323']","[0.46988368034362793, 0.44643324613571167, 0.36445024609565735]","['description', 'description', 'description']"
世界杯对阵图,['4999'],[],description,1,0,[],,['5550'],[0.5167374014854431],['description']
世界杯对阵图,['4999'],[],description,3,0,[],,"['5550', '62016', '51323']","[0.5167374014854431, 0.4627135097980499, 0.3729894161224365]","['description', 'description', 'description']"
世界杯战况最新,['4999'],[],description,1,0,[],,['5550'],[0.47123366594314575],['description']
世界杯战况最新,['4999'],[],description,3,0,[],,"['5550', '62016', '50926']","[0.47123366594314575, 0.4470393657684326, 0.3856842815876007]","['description', 'description', 'description']"
世界杯战绩,['4999'],[],description,1,0,[],,['5550'],[0.5113867521286011],['description']
世界杯战绩,['4999'],[],description,3,0,[],,"['5550', '62016', '85']","[0.5113867521286011, 0.4774966835975647, 0.3703443109989166]","['description', 'description', 'description']"
世界杯战绩表最新,['4999'],[],description,1,0,[],,['5550'],[0.45766833424568176],['description']
世界杯战绩表最新,['4999'],[],description,3,0,[],,"['5550', '62016', '50926']","[0.45766833424568176, 0.4575165808200836, 0.36949294805526733]","['description', 'description', 'description']"
世界杯排名第一,['4999'],[],description,1,0,[],,['5550'],[0.5380797386169434],['description']
世界杯排名第一,['4999'],[],description,3,0,[],,"['5550', '62016', '5143']","[0.5380797386169434, 0.4009382128715515, 0.39845699071884155]","['description', 'description', 'description']"
世界杯接下来的比赛,['4999'],[],description,1,0,[],,['5550'],[0.5549241304397583],['description']
世界杯接下来的比赛,['4999'],[],description,3,0,[],,"['5550', '62016', '60977']","[0.5549241304397583, 0.5298956036567688, 0.4047262966632843]","['description', 'description', 'description']"
世界杯时间安排,['4999'],[],description,1,0,[],,['5550'],[0.5389319658279419],['description']
世界杯时间安排,['4999'],[],description,3,0,[],,"['5550', '62016', '60293']","[0.5389319658279419, 0.49447327852249146, 0.456459105014801]","['description', 'description', 'description']"
世界杯明天的比赛赛程,['4999'],[],description,1,0,[],,['62016'],[0.4964912533760071],['description']
世界杯明天的比赛赛程,['4999'],[],description,3,0,[],,"['62016', '5550', '60293']","[0.4964912533760071, 0.48531684279441833, 0.3766792118549347]","['description', 'description', 'description']"
世界杯最新战况最新消息,['4999'],[],description,1,0,[],,['5550'],[0.4272755980491638],['description']
世界杯最新战况最新消息,['4999'],[],description,3,0,[],,"['5550', '62016', '50926']","[0.4272755980491638, 0.41291871666908264, 0.3994467258453369]","['description', 'description', 'description']"
世界杯欧洲球队有哪些,['4999'],[],description,1,0,[],,['62016'],[0.5173897743225098],['description']
世界杯欧洲球队有哪些,['4999'],[],description,3,0,[],,"['62016', '5550', '5293']","[0.5173897743225098, 0.4470664858818054, 0.33128294348716736]","['description', 'description', 'description']"
世界杯比赛多久,['4999'],[],description,1,0,[],,['5550'],[0.5077921152114868],['description']
世界杯比赛多久,['4999'],[],description,3,0,[],,"['5550', '62016', '60293']","[0.5077921152114868, 0.45204272866249084, 0.39381977915763855]","['description', 'description', 'description']"
世界杯比赛结果,['4999'],[],description,1,0,[],,['62016'],[0.5312560796737671],['description']
世界杯比赛结果,['4999'],[],description,3,0,[],,"['62016', '5550', '60977']","[0.5312560796737671, 0.5022883415222168, 0.3847630023956299]","['description', 'description', 'description']"
世界杯瑞士排名第几,['4999'],[],description,1,0,[],,['5550'],[0.42543330788612366],['description']
世界杯瑞士排名第几,['4999'],[],description,3,0,[],,"['5550', '62016', '51129']","[0.42543330788612366, 0.4011235237121582, 0.3959134817123413]","['description', 'description', 'description']"
世界杯的八强是哪些队伍,['4999'],[],description,1,0,[],,['5550'],[0.47778069972991943],['description']
世界杯的八强是哪些队伍,['4999'],[],description,3,0,[],,"['5550', '62016', '51323']","[0.47778069972991943, 0.44399023056030273, 0.381716787815094]","['description', 'description', 'description']"
世界杯的赛程,['4999'],[],description,1,0,[],,['5550'],[0.5916796922683716],['description']
世界杯的赛程,['4999'],[],description,3,0,[],,"['5550', '62016', '60293']","[0.5916796922683716, 0.56632000207901, 0.47395697236061096]","['description', 'description', 'description']"
世界杯目前比分,['4999'],[],description,1,0,[],,['5550'],[0.48538142442703247],['description']
世界杯目前比分,['4999'],[],description,3,0,[],,"['5550', '62016', '36607']","[0.48538142442703247, 0.4577213525772095, 0.4240037500858307]","['description', 'description', 'description']"
世界杯积分排行榜,['4999'],[],description,1,0,[],,['62016'],[0.5272244811058044],['description']
世界杯积分排行榜,['4999'],[],description,3,0,[],,"['62016', '5550', '50926']","[0.5272244811058044, 0.5215036869049072, 0.44786393642425537]","['description', 'description', 'description']"
世界杯赛程时间表2026年,['4999'],[],description,1,0,[],,['62016'],[0.5433488488197327],['description']
世界杯赛程时间表2026年,['4999'],[],description,3,0,[],,"['62016', '5550', '51323']","[0.5433488488197327, 0.4889705777168274, 0.4592612683773041]","['description', 'description', 'description']"
世界杯赛程比分查询,['4999'],[],description,1,0,[],,['62016'],[0.5391864776611328],['description']
世界杯赛程比分查询,['4999'],[],description,3,0,[],,"['62016', '5550', '60293']","[0.5391864776611328, 0.4909123182296753, 0.4516827166080475]","['description', 'description', 'description']"
世界杯赛程表,['4999'],[],description,1,0,[],,['62016'],[0.5338332056999207],['description']
世界杯赛程表,['4999'],[],description,3,0,[],,"['62016', '5550', '60293']","[0.5338332056999207, 0.530636191368103, 0.4328058958053589]","['description', 'description', 'description']"
世界杯队伍排名,['4999'],[],description,1,0,[],,['5550'],[0.5214788913726807],['description']
世界杯队伍排名,['4999'],[],description,3,0,[],,"['5550', '62016', '4551']","[0.5214788913726807, 0.45866456627845764, 0.4545356035232544]","['description', 'description', 'description']"
世预赛赛程,['4999'],[],description,1,0,[],,['62016'],[0.5449143648147583],['description']
世预赛赛程,['4999'],[],description,3,0,[],,"['62016', '5550', '60293']","[0.5449143648147583, 0.5101850032806396, 0.45437726378440857]","['description', 'description', 'description']"
中冠附加赛,['4999'],[],description,1,0,[],,['5550'],[0.4436376988887787],['description']
中冠附加赛,['4999'],[],description,3,0,[],,"['5550', '62016', '5671']","[0.4436376988887787, 0.4201177954673767, 0.33893072605133057]","['description', 'description', 'description']"
中超积分榜排名,['4999'],[],description,1,0,[],,['62016'],[0.49471813440322876],['description']
中超积分榜排名,['4999'],[],description,3,0,[],,"['62016', '5550', '4551']","[0.49471813440322876, 0.4858866333961487, 0.45977306365966797]","['description', 'description', 'description']"
中超第18轮赛程表,['4999'],[],description,1,0,[],,['62016'],[0.4540821611881256],['description']
中超第18轮赛程表,['4999'],[],description,3,0,[],,"['62016', '5550', '5851']","[0.4540821611881256, 0.41618987917900085, 0.36746644973754883]","['description', 'description', 'description']"
中超赛程,['4999'],[],description,1,0,[],,['5550'],[0.5512678623199463],['description']
中超赛程,['4999'],[],description,3,0,[],,"['5550', '62016', '60293']","[0.5512678623199463, 0.5480715036392212, 0.4498106837272644]","['description', 'description', 'description']"
九号有世界杯比赛吗,['4999'],[],description,1,0,[],,['5550'],[0.5288452506065369],['description']
九号有世界杯比赛吗,['4999'],[],description,3,0,[],,"['5550', '5601', '62016']","[0.5288452506065369, 0.47301730513572693, 0.4626305103302002]","['description', 'description', 'description']"
亚洲杯,['4999'],[],description,1,0,[],,['5550'],[0.46751803159713745],['description']
亚洲杯,['4999'],[],description,3,0,[],,"['5550', '62016', '51323']","[0.46751803159713745, 0.45728516578674316, 0.41625335812568665]","['description', 'description', 'description']"
今天世界杯几点开始,['4999'],[],description,1,0,[],,['5550'],[0.4657672643661499],['description']
今天世界杯几点开始,['4999'],[],description,3,0,[],,"['5550', '60293', '5601']","[0.4657672643661499, 0.42583489418029785, 0.4194616377353668]","['description', 'description', 'description']"
今天世界杯哪个队比赛,['4999'],[],description,1,0,[],,['5550'],[0.5095441341400146],['description']
今天世界杯哪个队比赛,['4999'],[],description,3,0,[],,"['5550', '62016', '5293']","[0.5095441341400146, 0.4450295567512512, 0.3795045018196106]","['description', 'description', 'description']"
今天世界杯比赛结果,['4999'],[],description,1,0,[],,['5550'],[0.4634600579738617],['description']
今天世界杯比赛结果,['4999'],[],description,3,0,[],,"['5550', '62016', '5601']","[0.4634600579738617, 0.45930108428001404, 0.42198091745376587]","['description', 'description', 'description']"
今天世界杯谁赢了,['4999'],[],description,1,0,[],,['5550'],[0.4543001055717468],['description']
今天世界杯谁赢了,['4999'],[],description,3,0,[],,"['5550', '62016', '5601']","[0.4543001055717468, 0.41732466220855713, 0.36757075786590576]","['description', 'description', 'description']"
今天世界杯赛,['4999'],[],description,1,0,[],,['5550'],[0.5536428093910217],['description']
今天世界杯赛,['4999'],[],description,3,0,[],,"['5550', '5601', '61111']","[0.5536428093910217, 0.454547643661499, 0.4211650490760803]","['description', 'description', 'description']"
今天世界杯赛程时间表,['4999'],[],description,1,0,[],,['5550'],[0.49343618750572205],['description']
今天世界杯赛程时间表,['4999'],[],description,3,0,[],,"['5550', '62016', '60293']","[0.49343618750572205, 0.49268221855163574, 0.45246782898902893]","['description', 'description', 'description']"
今天女排联赛时间,['4999'],[],description,1,0,[],,['5550'],[0.459239661693573],['description']
今天女排联赛时间,['4999'],[],description,3,0,[],,"['5550', '5601', '62016']","[0.459239661693573, 0.44135913252830505, 0.4317612051963806]","['description', 'description', 'description']"
今天🈶世界杯比赛吗,['4999'],[],description,1,0,[],,['5550'],[0.5388122200965881],['description']
今天🈶世界杯比赛吗,['4999'],[],description,3,0,[],,"['5550', '5601', '61111']","[0.5388122200965881, 0.5078740119934082, 0.4803416430950165]","['description', 'description', 'description']"
今日世界杯比分,['4999'],[],description,1,0,[],,['36607'],[0.4415818452835083],['description']
今日世界杯比分,['4999'],[],description,3,0,[],,"['36607', '5550', '50926']","[0.4415818452835083, 0.43439793586730957, 0.4337630271911621]","['description', 'description', 'description']"
今日世界杯比分是多少,['4999'],[],description,1,0,[],,['5550'],[0.4582092761993408],['description']
今日世界杯比分是多少,['4999'],[],description,3,0,[],,"['5550', '36607', '5293']","[0.4582092761993408, 0.4560176730155945, 0.45071786642074585]","['description', 'description', 'description']"
体彩世界杯,['4999'],[],description,1,0,[],,['5550'],[0.5166500210762024],['description']
体彩世界杯,['4999'],[],description,3,0,[],,"['5550', '5671', '60977']","[0.5166500210762024, 0.4450710415840149, 0.42886269092559814]","['description', 'description', 'description']"
在哪里可以看世界杯,['4999'],[],description,1,0,[],,['5550'],[0.5454998016357422],['description']
在哪里可以看世界杯,['4999'],[],description,3,0,[],,"['5550', '47198', '267']","[0.5454998016357422, 0.4645269513130188, 0.45442521572113037]","['description', 'description', 'description']"
女篮世界杯,['4999'],[],description,1,0,[],,['5550'],[0.3681427240371704],['description']
女篮世界杯,['4999'],[],description,3,0,[],,"['5550', '51323', '267']","[0.3681427240371704, 0.3223820924758911, 0.3139146566390991]","['description', 'description', 'description']"
成都混团2026赛程表,['4999'],[],description,1,0,[],,['62016'],[0.49973511695861816],['description']
成都混团2026赛程表,['4999'],[],description,3,0,[],,"['62016', '5550', '51323']","[0.49973511695861816, 0.48591166734695435, 0.4269225001335144]","['description', 'description', 'description']"
昨晚世界杯比赛结果如何,['4999'],[],description,1,0,[],,['62016'],[0.45966553688049316],['description']
昨晚世界杯比赛结果如何,['4999'],[],description,3,0,[],,"['62016', '5550', '5601']","[0.45966553688049316, 0.4360036253929138, 0.3811159133911133]","['description', 'description', 'description']"
最新世界杯结果,['4999'],[],description,1,0,[],,['62016'],[0.5014770030975342],['description']
最新世界杯结果,['4999'],[],description,3,0,[],,"['62016', '5550', '60293']","[0.5014770030975342, 0.46974319219589233, 0.40889859199523926]","['description', 'description', 'description']"
最新苏超积分榜排名,['4999'],[],description,1,0,[],,['5143'],[0.46265995502471924],['description']
最新苏超积分榜排名,['4999'],[],description,3,0,[],,"['5143', '5550', '62016']","[0.46265995502471924, 0.4475856125354767, 0.44507336616516113]","['description', 'description', 'description']"
本次世界杯什么时候结束,['4999'],[],description,1,0,[],,['5550'],[0.4966328740119934],['description']
本次世界杯什么时候结束,['4999'],[],description,3,0,[],,"['5550', '60293', '5601']","[0.4966328740119934, 0.4726077914237976, 0.4688583314418793]","['description', 'description', 'description']"
本次世界杯八强名单,['4999'],[],description,1,0,[],,['5550'],[0.4931957721710205],['description']
本次世界杯八强名单,['4999'],[],description,3,0,[],,"['5550', '62016', '51323']","[0.4931957721710205, 0.44370201230049133, 0.38340890407562256]","['description', 'description', 'description']"
欧冠赛程,['4999'],[],description,1,0,[],,['62016'],[0.7335947155952454],['description']
欧冠赛程,['4999'],[],description,3,0,[],,"['62016', '5550', '60293']","[0.7335947155952454, 0.5266062021255493, 0.4268302619457245]","['description', 'description', 'description']"
欧洲杯排名,['4999'],[],description,1,0,[],,['62016'],[0.6076043844223022],['description']
欧洲杯排名,['4999'],[],description,3,0,[],,"['62016', '5550', '4551']","[0.6076043844223022, 0.46892547607421875, 0.4384520947933197]","['description', 'description', 'description']"
欧罗巴联赛最新比分赛果,['4999'],[],description,1,0,[],,['62016'],[0.6381389498710632],['description']
欧罗巴联赛最新比分赛果,['4999'],[],description,3,0,[],,"['62016', '5293', '5550']","[0.6381389498710632, 0.419981986284256, 0.40905699133872986]","['description', 'description', 'description']"
温网半决赛赛程,['4999'],[],description,1,0,[],,['62016'],[0.45745065808296204],['description']
温网半决赛赛程,['4999'],[],description,3,0,[],,"['62016', '5550', '60293']","[0.45745065808296204, 0.43856528401374817, 0.37844425439834595]","['description', 'description', 'description']"
温网总决赛,['4999'],[],description,1,0,[],,['5550'],[0.41215938329696655],['description']
温网总决赛,['4999'],[],description,3,0,[],,"['5550', '62016', '5012']","[0.41215938329696655, 0.3737279176712036, 0.34566667675971985]","['description', 'description', 'description']"
温网的比赛日程,['4999'],[],description,1,0,[],,['5550'],[0.5338301658630371],['description']
温网的比赛日程,['4999'],[],description,3,0,[],,"['5550', '62016', '60293']","[0.5338301658630371, 0.4784853458404541, 0.4501340687274933]","['description', 'description', 'description']"
王楚欣世界杯,['4999'],[],description,1,0,[],,['51388'],[0.3336716592311859],['description']
王楚欣世界杯,['4999'],[],description,3,0,[],,"['51388', '5550', '51323']","[0.3336716592311859, 0.33206039667129517, 0.3251805901527405]","['description', 'description', 'description']"
现在世界杯什么情况,['4999'],[],description,1,0,[],,['5550'],[0.5376632213592529],['description']
现在世界杯什么情况,['4999'],[],description,3,0,[],,"['5550', '62016', '60293']","[0.5376632213592529, 0.42775875329971313, 0.4212873876094818]","['description', 'description', 'description']"
现在世界杯比赛情况,['4999'],[],description,1,0,[],,['5550'],[0.5625945329666138],['description']
现在世界杯比赛情况,['4999'],[],description,3,0,[],,"['5550', '62016', '60977']","[0.5625945329666138, 0.47364819049835205, 0.44658514857292175]","['description', 'description', 'description']"
瑞超积分榜最新,['4999'],[],description,1,0,[],,['5550'],[0.4891102612018585],['description']
瑞超积分榜最新,['4999'],[],description,3,0,[],,"['5550', '62016', '5143']","[0.4891102612018585, 0.4632876515388489, 0.45615828037261963]","['description', 'description', 'description']"
男篮世界杯预选赛亚洲赛程,['4999'],[],description,1,0,[],,['5550'],[0.3920728862285614],['description']
男篮世界杯预选赛亚洲赛程,['4999'],[],description,3,0,[],,"['5550', '62016', '5671']","[0.3920728862285614, 0.377996027469635, 0.2826370894908905]","['description', 'description', 'description']"
美加墨世界杯,['4999'],[],description,1,0,[],,['5550'],[0.3905888497829437],['description']
美加墨世界杯,['4999'],[],description,3,0,[],,"['5550', '62016', '85']","[0.3905888497829437, 0.3192163109779358, 0.313046932220459]","['description', 'description', 'description']"
美加墨世界杯分组,['4999'],[],description,1,0,[],,['5550'],[0.43979957699775696],['description']
美加墨世界杯分组,['4999'],[],description,3,0,[],,"['5550', '62016', '85']","[0.43979957699775696, 0.3532469570636749, 0.3198159635066986]","['description', 'description', 'description']"
美加墨世界杯赛程,['4999'],[],description,1,0,[],,['5550'],[0.4353412985801697],['description']
美加墨世界杯赛程,['4999'],[],description,3,0,[],,"['5550', '62016', '51323']","[0.4353412985801697, 0.41206932067871094, 0.3212089538574219]","['description', 'description', 'description']"
美加莫世界杯赛程,['4999'],[],description,1,0,[],,['5550'],[0.45567944645881653],['description']
美加莫世界杯赛程,['4999'],[],description,3,0,[],,"['5550', '62016', '60293']","[0.45567944645881653, 0.4221082925796509, 0.3444187641143799]","['description', 'description', 'description']"
苏超比赛日程,['4999'],[],description,1,0,[],,['5550'],[0.4951162338256836],['description']
苏超比赛日程,['4999'],[],description,3,0,[],,"['5550', '62016', '5601']","[0.4951162338256836, 0.4839669466018677, 0.4008105993270874]","['description', 'description', 'description']"
足球世界杯,['4999'],[],description,1,0,[],,['5550'],[0.5124880075454712],['description']
足球世界杯,['4999'],[],description,3,0,[],,"['5550', '62016', '51323']","[0.5124880075454712, 0.40563255548477173, 0.38303136825561523]","['description', 'description', 'description']"
足球世界杯今日战况,['4999'],[],description,1,0,[],,['5550'],[0.39084187150001526],['description']
足球世界杯今日战况,['4999'],[],description,3,0,[],,"['5550', '51255', '5293']","[0.39084187150001526, 0.35856300592422485, 0.34663665294647217]","['description', 'description', 'description']"
足球世界杯比分,['4999'],[],description,1,0,[],,['5550'],[0.4154055118560791],['description']
足球世界杯比分,['4999'],[],description,3,0,[],,"['5550', '62016', '5293']","[0.4154055118560791, 0.4063992202281952, 0.39803236722946167]","['description', 'description', 'description']"
足球世界杯比赛战绩表,['4999'],[],description,1,0,[],,['5550'],[0.43824303150177],['description']
足球世界杯比赛战绩表,['4999'],[],description,3,0,[],,"['5550', '62016', '5802']","[0.43824303150177, 0.42344748973846436, 0.3542783856391907]","['description', 'description', 'description']"
足球世界杯赛比赛结果,['4999'],[],description,1,0,[],,['5550'],[0.48793092370033264],['description']
足球世界杯赛比赛结果,['4999'],[],description,3,0,[],,"['5550', '62016', '51388']","[0.48793092370033264, 0.4708409309387207, 0.3708426356315613]","['description', 'description', 'description']"
闽超比赛时间表,['4999'],[],description,1,0,[],,['62016'],[0.45530274510383606],['description']
闽超比赛时间表,['4999'],[],description,3,0,[],,"['62016', '5550', '60293']","[0.45530274510383606, 0.4489010274410248, 0.4099906086921692]","['description', 'description', 'description']"
19号世界杯赛程,['4999'],[],merged,1,0,[],,['62016'],[0.5361766815185547],['title_description']
19号世界杯赛程,['4999'],[],merged,3,0,[],,"['62016', '5550', '60293']","[0.5361766815185547, 0.4926658868789673, 0.439175009727478]","['title_description', 'description', 'description']"
2024欧洲杯,['4999'],[],merged,1,0,[],,['62016'],[0.6213990449905396],['title_description']
2024欧洲杯,['4999'],[],merged,3,0,[],,"['62016', '5550', '51323']","[0.6213990449905396, 0.4662381410598755, 0.42184701561927795]","['title_description', 'description', 'description']"
2025-2026赛季英超积分榜,['4999'],[],merged,1,0,[],,['62016'],[0.5755389332771301],['description']
2025-2026赛季英超积分榜,['4999'],[],merged,3,0,[],,"['62016', '5550', '51323']","[0.5755389332771301, 0.46700552105903625, 0.4222499430179596]","['description', 'description', 'title_description']"
2026世界杯何时开始,['4999'],[],merged,1,0,[],,['62016'],[0.4923482835292816],['title_description']
2026世界杯何时开始,['4999'],[],merged,3,0,[],,"['62016', '5550', '61111']","[0.4923482835292816, 0.4605445861816406, 0.4471588730812073]","['title_description', 'description', 'title_description']"
2026世界杯回放免费,['4999'],[],merged,1,0,[],,['62016'],[0.44755426049232483],['title_description']
2026世界杯回放免费,['4999'],[],merged,3,0,[],,"['62016', '51275', '5550']","[0.44755426049232483, 0.41337114572525024, 0.39231938123703003]","['title_description', 'title_description', 'description']"
2026世界杯的赛程表,['4999'],[],merged,1,0,[],,['62016'],[0.6088536977767944],['title_description']
2026世界杯的赛程表,['4999'],[],merged,3,0,[],,"['62016', '5550', '51323']","[0.6088536977767944, 0.5107846260070801, 0.4744589924812317]","['title_description', 'description', 'description']"
2026年nba总决赛,['4999'],[],merged,1,0,[],,['62016'],[0.4188748002052307],['title_description']
2026年nba总决赛,['4999'],[],merged,3,0,[],,"['62016', '5550', '51275']","[0.4188748002052307, 0.41750970482826233, 0.37565693259239197]","['title_description', 'description', 'title_description']"
2026年世界女排联赛赛程,['4999'],[],merged,1,0,[],,['62016'],[0.5485126376152039],['title_description']
2026年世界女排联赛赛程,['4999'],[],merged,3,0,[],,"['62016', '5550', '5601']","[0.5485126376152039, 0.45158979296684265, 0.39571112394332886]","['title_description', 'description', 'title_description']"
2026年世界杯4分之一赛程,['4999'],[],merged,1,0,[],,['62016'],[0.5627607107162476],['title_description']
2026年世界杯4分之一赛程,['4999'],[],merged,3,0,[],,"['62016', '5550', '51323']","[0.5627607107162476, 0.49464255571365356, 0.4091265797615051]","['title_description', 'description', 'description']"
2026年世界杯7月6日比赛,['4999'],[],merged,1,0,[],,['62016'],[0.5389207601547241],['title_description']
2026年世界杯7月6日比赛,['4999'],[],merged,3,0,[],,"['62016', '5550', '61111']","[0.5389207601547241, 0.4717760682106018, 0.44150692224502563]","['title_description', 'description', 'title_description']"
2026年世界杯8强,['4999'],[],merged,1,0,[],,['62016'],[0.4868326187133789],['title_description']
2026年世界杯8强,['4999'],[],merged,3,0,[],,"['62016', '5550', '51275']","[0.4868326187133789, 0.4361664652824402, 0.3641778826713562]","['title_description', 'description', 'title_description']"
2026年世界杯八强对阵表,['4999'],[],merged,1,0,[],,['62016'],[0.5124412775039673],['title_description']
2026年世界杯八强对阵表,['4999'],[],merged,3,0,[],,"['62016', '5550', '51323']","[0.5124412775039673, 0.4459315240383148, 0.3870377242565155]","['title_description', 'description', 'description']"
2026年世界杯决赛时间,['4999'],[],merged,1,0,[],,['62016'],[0.5053114891052246],['title_description']
2026年世界杯决赛时间,['4999'],[],merged,3,0,[],,"['62016', '5550', '5601']","[0.5053114891052246, 0.45723414421081543, 0.41389286518096924]","['title_description', 'description', 'title_description']"
2026年世界杯几时结束,['4999'],[],merged,1,0,[],,['62016'],[0.4986027777194977],['title_description']
2026年世界杯几时结束,['4999'],[],merged,3,0,[],,"['62016', '5550', '5601']","[0.4986027777194977, 0.44107967615127563, 0.4386745095252991]","['title_description', 'description', 'title_description']"
2026年世界杯战绩一览表,['4999'],[],merged,1,0,[],,['62016'],[0.5338711142539978],['title_description']
2026年世界杯战绩一览表,['4999'],[],merged,3,0,[],,"['62016', '5550', '51323']","[0.5338711142539978, 0.47174811363220215, 0.41144731640815735]","['title_description', 'description', 'description']"
2026年世界杯比分情况,['4999'],[],merged,1,0,[],,['62016'],[0.5096807479858398],['title_description']
2026年世界杯比分情况,['4999'],[],merged,3,0,[],,"['62016', '5550', '51323']","[0.5096807479858398, 0.4439767003059387, 0.39881765842437744]","['title_description', 'description', 'description']"
2026年世界杯积分榜,['4999'],[],merged,1,0,[],,['62016'],[0.540574312210083],['title_description']
2026年世界杯积分榜,['4999'],[],merged,3,0,[],,"['62016', '5550', '5351']","[0.540574312210083, 0.48516345024108887, 0.4207668900489807]","['title_description', 'description', 'title_description']"
2026年世界杯都有哪些球队,['4999'],[],merged,1,0,[],,['62016'],[0.4665742814540863],['title_description']
2026年世界杯都有哪些球队,['4999'],[],merged,3,0,[],,"['62016', '5550', '51323']","[0.4665742814540863, 0.45383399724960327, 0.3825567066669464]","['title_description', 'description', 'description']"
2026年中甲联赛,['4999'],[],merged,1,0,[],,['62016'],[0.4560249447822571],['description']
2026年中甲联赛,['4999'],[],merged,3,0,[],,"['62016', '5550', '51323']","[0.4560249447822571, 0.4406123757362366, 0.3843405842781067]","['description', 'description', 'description']"
2026年中超积分榜,['4999'],[],merged,1,0,[],,['62016'],[0.5009690523147583],['title_description']
2026年中超积分榜,['4999'],[],merged,3,0,[],,"['62016', '5550', '51323']","[0.5009690523147583, 0.4546484351158142, 0.4406743049621582]","['title_description', 'description', 'description']"
2026年女篮亚洲杯赛程,['4999'],[],merged,1,0,[],,['62016'],[0.46676892042160034],['title_description']
2026年女篮亚洲杯赛程,['4999'],[],merged,3,0,[],,"['62016', '5550', '51323']","[0.46676892042160034, 0.41288477182388306, 0.385077565908432]","['title_description', 'description', 'title_description']"
2026年欧洲杯,['4999'],[],merged,1,0,[],,['62016'],[0.6207873821258545],['description']
2026年欧洲杯,['4999'],[],merged,3,0,[],,"['62016', '5550', '5601']","[0.6207873821258545, 0.47578567266464233, 0.39012283086776733]","['description', 'description', 'title_description']"
2026年的欧冠冠军是谁,['4999'],[],merged,1,0,[],,['62016'],[0.6037248969078064],['description']
2026年的欧冠冠军是谁,['4999'],[],merged,3,0,[],,"['62016', '5550', '51323']","[0.6037248969078064, 0.44620031118392944, 0.3716626763343811]","['description', 'description', 'description']"
2026年美加墨世界杯赛程,['4999'],[],merged,1,0,[],,['62016'],[0.5389528870582581],['title_description']
2026年美加墨世界杯赛程,['4999'],[],merged,3,0,[],,"['62016', '5550', '5601']","[0.5389528870582581, 0.48801714181900024, 0.40161317586898804]","['title_description', 'description', 'title_description']"
2026年足球世界杯8强,['4999'],[],merged,1,0,[],,['62016'],[0.47207313776016235],['title_description']
2026年足球世界杯8强,['4999'],[],merged,3,0,[],,"['62016', '5550', '51275']","[0.47207313776016235, 0.4233025312423706, 0.3516986668109894]","['title_description', 'description', 'title_description']"
2026挪超赛程,['4999'],[],merged,1,0,[],,['62016'],[0.5364594459533691],['title_description']
2026挪超赛程,['4999'],[],merged,3,0,[],,"['62016', '5550', '5601']","[0.5364594459533691, 0.44071975350379944, 0.4022558927536011]","['title_description', 'description', 'title_description']"
2026温网比赛日程,['4999'],[],merged,1,0,[],,['62016'],[0.5402823090553284],['title_description']
2026温网比赛日程,['4999'],[],merged,3,0,[],,"['62016', '5550', '5601']","[0.5402823090553284, 0.4795593023300171, 0.45574235916137695]","['title_description', 'description', 'title_description']"
2026美加墨世界杯对阵图,['4999'],[],merged,1,0,[],,['62016'],[0.46199968457221985],['title_description']
2026美加墨世界杯对阵图,['4999'],[],merged,3,0,[],,"['62016', '5550', '62106']","[0.46199968457221985, 0.46182650327682495, 0.3983151316642761]","['title_description', 'description', 'title_description']"
26年欧冠资格赛排名,['4999'],[],merged,1,0,[],,['62016'],[0.7456945776939392],['description']
26年欧冠资格赛排名,['4999'],[],merged,3,0,[],,"['62016', '5550', '60293']","[0.7456945776939392, 0.46726107597351074, 0.4259919822216034]","['description', 'description', 'title_description']"
6月11日世界杯比赛,['4999'],[],merged,1,0,[],,['5550'],[0.4871334731578827],['description']
6月11日世界杯比赛,['4999'],[],merged,3,0,[],,"['5550', '62016', '61111']","[0.4871334731578827, 0.48587703704833984, 0.4223834276199341]","['description', 'title_description', 'title_description']"
7月7号世界杯比赛结果,['4999'],[],merged,1,0,[],,['62016'],[0.49684417247772217],['title_description']
7月7号世界杯比赛结果,['4999'],[],merged,3,0,[],,"['62016', '5550', '61111']","[0.49684417247772217, 0.419853150844574, 0.4026286005973816]","['title_description', 'description', 'title_description']"
7月7号世界杯的比赛,['4999'],[],merged,1,0,[],,['62016'],[0.5056975483894348],['title_description']
7月7号世界杯的比赛,['4999'],[],merged,3,0,[],,"['62016', '5550', '61111']","[0.5056975483894348, 0.502833902835846, 0.4453561305999756]","['title_description', 'description', 'title_description']"
7月7号世界杯赛程表,['4999'],[],merged,1,0,[],,['62016'],[0.5634857416152954],['title_description']
7月7号世界杯赛程表,['4999'],[],merged,3,0,[],,"['62016', '5550', '5601']","[0.5634857416152954, 0.44760626554489136, 0.4392610788345337]","['title_description', 'description', 'title_description']"
7月8日欧冠比赛结果,['4999'],[],merged,1,0,[],,['62016'],[0.6612448692321777],['description']
7月8日欧冠比赛结果,['4999'],[],merged,3,0,[],,"['62016', '5550', '61111']","[0.6612448692321777, 0.4146159887313843, 0.3820250630378723]","['description', 'description', 'title_description']"
9号世界杯,['4999'],[],merged,1,0,[],,['5550'],[0.5339328050613403],['description']
9号世界杯,['4999'],[],merged,3,0,[],,"['5550', '62016', '51323']","[0.5339328050613403, 0.4835699200630188, 0.44972139596939087]","['description', 'title_description', 'description']"
cba新赛季开启时间,['4999'],[],merged,1,0,[],,['62016'],[0.4669492840766907],['title_description']
cba新赛季开启时间,['4999'],[],merged,3,0,[],,"['62016', '61111', '5550']","[0.4669492840766907, 0.45623981952667236, 0.4377843141555786]","['title_description', 'title_description', 'description']"
lpl赛程,['4999'],[],merged,1,0,[],,['62016'],[0.5902403593063354],['title_description']
lpl赛程,['4999'],[],merged,3,0,[],,"['62016', '5550', '60293']","[0.5902403593063354, 0.5426466464996338, 0.5046343207359314]","['title_description', 'description', 'description']"
msi 2026赛程,['4999'],[],merged,1,0,[],,['62016'],[0.5044984817504883],['title_description']
msi 2026赛程,['4999'],[],merged,3,0,[],,"['62016', '5550', '51323']","[0.5044984817504883, 0.4760594666004181, 0.41075119376182556]","['title_description', 'description', 'description']"
nba 赛程,['4999'],[],merged,1,0,[],,['62016'],[0.5609937310218811],['title_description']
nba 赛程,['4999'],[],merged,3,0,[],,"['62016', '5550', '51275']","[0.5609937310218811, 0.5258543491363525, 0.49070268869400024]","['title_description', 'description', 'title_description']"
nba2025-26赛季赛程,['4999'],[],merged,1,0,[],,['62016'],[0.5544964075088501],['title_description']
nba2025-26赛季赛程,['4999'],[],merged,3,0,[],,"['62016', '5550', '5601']","[0.5544964075088501, 0.45953693985939026, 0.4352027177810669]","['title_description', 'description', 'title_description']"
nba2026赛季开赛时间,['4999'],[],merged,1,0,[],,['62016'],[0.5021506547927856],['title_description']
nba2026赛季开赛时间,['4999'],[],merged,3,0,[],,"['62016', '5550', '61111']","[0.5021506547927856, 0.45803552865982056, 0.4555851221084595]","['title_description', 'description', 'title_description']"
nba什么时候开赛,['4999'],[],merged,1,0,[],,['62016'],[0.4826870858669281],['title_description']
nba什么时候开赛,['4999'],[],merged,3,0,[],,"['62016', '61111', '5550']","[0.4826870858669281, 0.47509029507637024, 0.4665243625640869]","['title_description', 'title_description', 'description']"
nba夏季联赛,['4999'],[],merged,1,0,[],,['62016'],[0.4281262755393982],['title_description']
nba夏季联赛,['4999'],[],merged,3,0,[],,"['62016', '5550', '51275']","[0.4281262755393982, 0.4133984446525574, 0.3709118664264679]","['title_description', 'description', 'title_description']"
nba季前赛程,['4999'],[],merged,1,0,[],,['62016'],[0.5242111682891846],['title_description']
nba季前赛程,['4999'],[],merged,3,0,[],,"['62016', '5550', '60293']","[0.5242111682891846, 0.48120594024658203, 0.43799325823783875]","['title_description', 'description', 'description']"
u20世界杯,['4999'],[],merged,1,0,[],,['62016'],[0.4712477922439575],['title_description']
u20世界杯,['4999'],[],merged,3,0,[],,"['62016', '5550', '51323']","[0.4712477922439575, 0.45046108961105347, 0.41045334935188293]","['title_description', 'description', 'description']"
wtt瑞典大满贯赛程2026,['4999'],[],merged,1,0,[],,['62016'],[0.49141570925712585],['title_description']
wtt瑞典大满贯赛程2026,['4999'],[],merged,3,0,[],,"['62016', '5550', '51323']","[0.49141570925712585, 0.45348918437957764, 0.4352322518825531]","['title_description', 'description', 'description']"
世界女排联赛排名,['4999'],[],merged,1,0,[],,['62016'],[0.45354485511779785],['title_description']
世界女排联赛排名,['4999'],[],merged,3,0,[],,"['62016', '62106', '5550']","[0.45354485511779785, 0.40869617462158203, 0.40860605239868164]","['title_description', 'title_description', 'description']"
世界女排联赛赛程,['4999'],[],merged,1,0,[],,['62016'],[0.5303143858909607],['title_description']
世界女排联赛赛程,['4999'],[],merged,3,0,[],,"['62016', '5550', '51275']","[0.5303143858909607, 0.42612501978874207, 0.38820314407348633]","['title_description', 'description', 'title_description']"
世界怀8强,['4999'],[],merged,1,0,[],,['62016'],[0.4331200420856476],['title_description']
世界怀8强,['4999'],[],merged,3,0,[],,"['62016', '5550', '51275']","[0.4331200420856476, 0.4107704162597656, 0.335387647151947]","['title_description', 'description', 'title_description']"
世界杯1/4决赛对阵表,['4999'],[],merged,1,0,[],,['62016'],[0.5322967767715454],['title_description']
世界杯1/4决赛对阵表,['4999'],[],merged,3,0,[],,"['62016', '5550', '60977']","[0.5322967767715454, 0.4912223815917969, 0.40986573696136475]","['title_description', 'description', 'title_description']"
世界杯1/4决赛时间,['4999'],[],merged,1,0,[],,['62016'],[0.5475725531578064],['title_description']
世界杯1/4决赛时间,['4999'],[],merged,3,0,[],,"['62016', '5550', '60293']","[0.5475725531578064, 0.470354825258255, 0.4541669487953186]","['title_description', 'description', 'description']"
世界杯11日赛程,['4999'],[],merged,1,0,[],,['62016'],[0.5574755668640137],['title_description']
世界杯11日赛程,['4999'],[],merged,3,0,[],,"['62016', '5550', '5601']","[0.5574755668640137, 0.48122867941856384, 0.4137718081474304]","['title_description', 'description', 'title_description']"
世界杯16强,['4999'],[],merged,1,0,[],,['62016'],[0.5142297744750977],['title_description']
世界杯16强,['4999'],[],merged,3,0,[],,"['62016', '5550', '51275']","[0.5142297744750977, 0.4618523120880127, 0.3947364389896393]","['title_description', 'description', 'title_description']"
世界杯23号比赛,['4999'],[],merged,1,0,[],,['62016'],[0.5206219553947449],['title_description']
世界杯23号比赛,['4999'],[],merged,3,0,[],,"['62016', '5550', '51275']","[0.5206219553947449, 0.5065721273422241, 0.4240714907646179]","['title_description', 'description', 'title_description']"
世界杯32强对阵表,['4999'],[],merged,1,0,[],,['62016'],[0.4655895233154297],['title_description']
世界杯32强对阵表,['4999'],[],merged,3,0,[],,"['62016', '5550', '60977']","[0.4655895233154297, 0.4207414388656616, 0.3525499105453491]","['title_description', 'description', 'title_description']"
世界杯8强对阵图,['4999'],[],merged,1,0,[],,['62016'],[0.4471006989479065],['title_description']
世界杯8强对阵图,['4999'],[],merged,3,0,[],,"['62016', '5550', '46679']","[0.4471006989479065, 0.4041290581226349, 0.37868446111679077]","['title_description', 'description', 'title_description']"
世界杯今天比赛结果如何,['4999'],[],merged,1,0,[],,['62016'],[0.5313860177993774],['title_description']
世界杯今天比赛结果如何,['4999'],[],merged,3,0,[],,"['62016', '5550', '60977']","[0.5313860177993774, 0.48940375447273254, 0.4193088412284851]","['title_description', 'description', 'title_description']"
世界杯今日战况,['4999'],[],merged,1,0,[],,['62016'],[0.47193843126296997],['title_description']
世界杯今日战况,['4999'],[],merged,3,0,[],,"['62016', '5550', '50926']","[0.47193843126296997, 0.4688407778739929, 0.42500683665275574]","['title_description', 'title_description', 'title_description']"
世界杯入围球队,['4999'],[],merged,1,0,[],,['5550'],[0.5483179688453674],['description']
世界杯入围球队,['4999'],[],merged,3,0,[],,"['5550', '62016', '4551']","[0.5483179688453674, 0.5407391786575317, 0.3963988125324249]","['description', 'title_description', 'description']"
世界杯八强的赛程表,['4999'],[],merged,1,0,[],,['62016'],[0.5846350193023682],['title_description']
世界杯八强的赛程表,['4999'],[],merged,3,0,[],,"['62016', '5550', '51323']","[0.5846350193023682, 0.4667322039604187, 0.39874547719955444]","['title_description', 'description', 'title_description']"
世界杯半决赛时间,['4999'],[],merged,1,0,[],,['62016'],[0.5228865146636963],['title_description']
世界杯半决赛时间,['4999'],[],merged,3,0,[],,"['62016', '5550', '61111']","[0.5228865146636963, 0.46820953488349915, 0.4266675114631653]","['title_description', 'description', 'title_description']"
世界杯四分之一决赛都有哪队,['4999'],[],merged,1,0,[],,['62016'],[0.4860219359397888],['title_description']
世界杯四分之一决赛都有哪队,['4999'],[],merged,3,0,[],,"['62016', '5550', '60977']","[0.4860219359397888, 0.4737250804901123, 0.37253063917160034]","['title_description', 'description', 'title_description']"
世界杯四分之一赛程表,['4999'],[],merged,1,0,[],,['62016'],[0.5446447134017944],['title_description']
世界杯四分之一赛程表,['4999'],[],merged,3,0,[],,"['62016', '5550', '51323']","[0.5446447134017944, 0.44396358728408813, 0.37106961011886597]","['title_description', 'description', 'description']"
世界杯四强名单,['4999'],[],merged,1,0,[],,['62016'],[0.5143404603004456],['title_description']
世界杯四强名单,['4999'],[],merged,3,0,[],,"['62016', '5550', '51275']","[0.5143404603004456, 0.46988368034362793, 0.3860281705856323]","['title_description', 'description', 'title_description']"
世界杯对阵图,['4999'],[],merged,1,0,[],,['5550'],[0.5167374014854431],['description']
世界杯对阵图,['4999'],[],merged,3,0,[],,"['5550', '62016', '62106']","[0.5167374014854431, 0.5113505125045776, 0.3981393277645111]","['description', 'title_description', 'title_description']"
世界杯战况最新,['4999'],[],merged,1,0,[],,['62016'],[0.5016425848007202],['title_description']
世界杯战况最新,['4999'],[],merged,3,0,[],,"['62016', '5550', '50926']","[0.5016425848007202, 0.4720854163169861, 0.42440512776374817]","['title_description', 'title_description', 'title_description']"
世界杯战绩,['4999'],[],merged,1,0,[],,['62016'],[0.532690167427063],['title_description']
世界杯战绩,['4999'],[],merged,3,0,[],,"['62016', '5550', '50926']","[0.532690167427063, 0.5113867521286011, 0.3864325284957886]","['title_description', 'description', 'title_description']"
世界杯战绩表最新,['4999'],[],merged,1,0,[],,['62016'],[0.5123949646949768],['title_description']
世界杯战绩表最新,['4999'],[],merged,3,0,[],,"['62016', '5550', '50926']","[0.5123949646949768, 0.45766833424568176, 0.4111058712005615]","['title_description', 'description', 'title_description']"
世界杯排名第一,['4999'],[],merged,1,0,[],,['5550'],[0.5380797386169434],['description']
世界杯排名第一,['4999'],[],merged,3,0,[],,"['5550', '62016', '62106']","[0.5380797386169434, 0.46917805075645447, 0.40918195247650146]","['description', 'title_description', 'title_description']"
世界杯接下来的比赛,['4999'],[],merged,1,0,[],,['62016'],[0.5686945915222168],['title_description']
世界杯接下来的比赛,['4999'],[],merged,3,0,[],,"['62016', '5550', '51275']","[0.5686945915222168, 0.5549241304397583, 0.4401599168777466]","['title_description', 'description', 'title_description']"
世界杯时间安排,['4999'],[],merged,1,0,[],,['62016'],[0.5661511421203613],['title_description']
世界杯时间安排,['4999'],[],merged,3,0,[],,"['62016', '5550', '61111']","[0.5661511421203613, 0.5389319658279419, 0.4668472111225128]","['title_description', 'description', 'title_description']"
世界杯明天的比赛赛程,['4999'],[],merged,1,0,[],,['62016'],[0.5689728260040283],['title_description']
世界杯明天的比赛赛程,['4999'],[],merged,3,0,[],,"['62016', '5550', '61111']","[0.5689728260040283, 0.48531684279441833, 0.4065224528312683]","['title_description', 'description', 'title_description']"
世界杯最新战况最新消息,['4999'],[],merged,1,0,[],,['62016'],[0.4642629027366638],['title_description']
世界杯最新战况最新消息,['4999'],[],merged,3,0,[],,"['62016', '5550', '50926']","[0.4642629027366638, 0.43140244483947754, 0.42864301800727844]","['title_description', 'title_description', 'title_description']"
世界杯欧洲球队有哪些,['4999'],[],merged,1,0,[],,['62016'],[0.5572034120559692],['title_description']
世界杯欧洲球队有哪些,['4999'],[],merged,3,1,['4999'],3.0,"['62016', '5550', '4999']","[0.5572034120559692, 0.4470664858818054, 0.35176557302474976]","['title_description', 'description', 'title_description']"
世界杯比赛多久,['4999'],[],merged,1,0,[],,['5550'],[0.5077921152114868],['description']
世界杯比赛多久,['4999'],[],merged,3,0,[],,"['5550', '62016', '60293']","[0.5077921152114868, 0.5056478977203369, 0.39381977915763855]","['description', 'title_description', 'description']"
世界杯比赛结果,['4999'],[],merged,1,0,[],,['62016'],[0.5656536221504211],['title_description']
世界杯比赛结果,['4999'],[],merged,3,0,[],,"['62016', '5550', '60977']","[0.5656536221504211, 0.503650426864624, 0.4000245928764343]","['title_description', 'title_description', 'title_description']"
世界杯瑞士排名第几,['4999'],[],merged,1,0,[],,['62016'],[0.46553701162338257],['title_description']
世界杯瑞士排名第几,['4999'],[],merged,3,0,[],,"['62016', '5550', '51129']","[0.46553701162338257, 0.42543330788612366, 0.3959134817123413]","['title_description', 'description', 'description']"
世界杯的八强是哪些队伍,['4999'],[],merged,1,0,[],,['62016'],[0.49108177423477173],['title_description']
世界杯的八强是哪些队伍,['4999'],[],merged,3,0,[],,"['62016', '5550', '51323']","[0.49108177423477173, 0.47778069972991943, 0.381716787815094]","['title_description', 'description', 'description']"
世界杯的赛程,['4999'],[],merged,1,0,[],,['62016'],[0.63692307472229],['title_description']
世界杯的赛程,['4999'],[],merged,3,0,[],,"['62016', '5550', '60293']","[0.63692307472229, 0.5916796922683716, 0.47395697236061096]","['title_description', 'description', 'description']"
世界杯目前比分,['4999'],[],merged,1,0,[],,['62016'],[0.5091639161109924],['title_description']
世界杯目前比分,['4999'],[],merged,3,0,[],,"['62016', '5550', '50926']","[0.5091639161109924, 0.48538142442703247, 0.433867871761322]","['title_description', 'description', 'title_description']"
世界杯积分排行榜,['4999'],[],merged,1,0,[],,['62016'],[0.5832072496414185],['title_description']
世界杯积分排行榜,['4999'],[],merged,3,0,[],,"['62016', '5550', '50926']","[0.5832072496414185, 0.5215036869049072, 0.4784809947013855]","['title_description', 'description', 'title_description']"
世界杯赛程时间表2026年,['4999'],[],merged,1,0,[],,['62016'],[0.5999221205711365],['title_description']
世界杯赛程时间表2026年,['4999'],[],merged,3,0,[],,"['62016', '5550', '51323']","[0.5999221205711365, 0.4889705777168274, 0.4592612683773041]","['title_description', 'description', 'description']"
世界杯赛程比分查询,['4999'],[],merged,1,0,[],,['62016'],[0.6120430827140808],['title_description']
世界杯赛程比分查询,['4999'],[],merged,3,0,[],,"['62016', '5550', '60293']","[0.6120430827140808, 0.4916576147079468, 0.45614349842071533]","['title_description', 'title_description', 'title_description']"
世界杯赛程表,['4999'],[],merged,1,0,[],,['62016'],[0.6151484847068787],['title_description']
世界杯赛程表,['4999'],[],merged,3,0,[],,"['62016', '5550', '60293']","[0.6151484847068787, 0.530636191368103, 0.4328058958053589]","['title_description', 'description', 'description']"
世界杯队伍排名,['4999'],[],merged,1,0,[],,['5550'],[0.5214788913726807],['description']
世界杯队伍排名,['4999'],[],merged,3,0,[],,"['5550', '62016', '4551']","[0.5214788913726807, 0.5093005299568176, 0.4545356035232544]","['description', 'title_description', 'description']"
世预赛赛程,['4999'],[],merged,1,0,[],,['62016'],[0.5880316495895386],['title_description']
世预赛赛程,['4999'],[],merged,3,0,[],,"['62016', '5550', '60293']","[0.5880316495895386, 0.5101850032806396, 0.45437726378440857]","['title_description', 'description', 'description']"
中冠附加赛,['4999'],[],merged,1,0,[],,['5550'],[0.4436376988887787],['description']
中冠附加赛,['4999'],[],merged,3,0,[],,"['5550', '62016', '5671']","[0.4436376988887787, 0.439228355884552, 0.3462877869606018]","['description', 'title_description', 'title_description']"
中超积分榜排名,['4999'],[],merged,1,0,[],,['62016'],[0.5257004499435425],['title_description']
中超积分榜排名,['4999'],[],merged,3,0,[],,"['62016', '50926', '5550']","[0.5257004499435425, 0.4864659011363983, 0.4858866333961487]","['title_description', 'title_description', 'description']"
中超第18轮赛程表,['4999'],[],merged,1,0,[],,['62016'],[0.48922550678253174],['title_description']
中超第18轮赛程表,['4999'],[],merged,3,0,[],,"['62016', '5550', '5851']","[0.48922550678253174, 0.41618987917900085, 0.36746644973754883]","['title_description', 'description', 'description']"
中超赛程,['4999'],[],merged,1,0,[],,['62016'],[0.6021219491958618],['title_description']
中超赛程,['4999'],[],merged,3,0,[],,"['62016', '5550', '51275']","[0.6021219491958618, 0.5512678623199463, 0.4667280316352844]","['title_description', 'description', 'title_description']"
九号有世界杯比赛吗,['4999'],[],merged,1,0,[],,['62016'],[0.5288882851600647],['title_description']
九号有世界杯比赛吗,['4999'],[],merged,3,0,[],,"['62016', '5550', '61111']","[0.5288882851600647, 0.5288452506065369, 0.5009160041809082]","['title_description', 'description', 'title_description']"
亚洲杯,['4999'],[],merged,1,0,[],,['62016'],[0.4753250777721405],['title_description']
亚洲杯,['4999'],[],merged,3,0,[],,"['62016', '5550', '51323']","[0.4753250777721405, 0.46751803159713745, 0.41625335812568665]","['title_description', 'description', 'description']"
今天世界杯几点开始,['4999'],[],merged,1,0,[],,['62016'],[0.47387319803237915],['title_description']
今天世界杯几点开始,['4999'],[],merged,3,0,[],,"['62016', '5550', '61111']","[0.47387319803237915, 0.4657672643661499, 0.4621144235134125]","['title_description', 'description', 'title_description']"
今天世界杯哪个队比赛,['4999'],[],merged,1,0,[],,['5550'],[0.5095441341400146],['description']
今天世界杯哪个队比赛,['4999'],[],merged,3,1,['4999'],3.0,"['5550', '62016', '4999']","[0.5095441341400146, 0.4906207323074341, 0.3972816467285156]","['description', 'title_description', 'title_description']"
今天世界杯比赛结果,['4999'],[],merged,1,0,[],,['62016'],[0.5043148994445801],['title_description']
今天世界杯比赛结果,['4999'],[],merged,3,0,[],,"['62016', '5550', '61111']","[0.5043148994445801, 0.4634600579738617, 0.44291698932647705]","['title_description', 'description', 'title_description']"
今天世界杯谁赢了,['4999'],[],merged,1,0,[],,['62016'],[0.46798110008239746],['title_description']
今天世界杯谁赢了,['4999'],[],merged,3,0,[],,"['62016', '5550', '5601']","[0.46798110008239746, 0.4543001055717468, 0.3944103717803955]","['title_description', 'description', 'title_description']"
今天世界杯赛,['4999'],[],merged,1,0,[],,['5550'],[0.5536428093910217],['description']
今天世界杯赛,['4999'],[],merged,3,0,[],,"['5550', '62016', '5601']","[0.5536428093910217, 0.4861714839935303, 0.47646409273147583]","['description', 'title_description', 'title_description']"
今天世界杯赛程时间表,['4999'],[],merged,1,0,[],,['62016'],[0.5727330446243286],['title_description']
今天世界杯赛程时间表,['4999'],[],merged,3,0,[],,"['62016', '5550', '5601']","[0.5727330446243286, 0.49343618750572205, 0.4649997353553772]","['title_description', 'description', 'title_description']"
今天女排联赛时间,['4999'],[],merged,1,0,[],,['62016'],[0.4874326288700104],['title_description']
今天女排联赛时间,['4999'],[],merged,3,0,[],,"['62016', '5601', '5550']","[0.4874326288700104, 0.4706757664680481, 0.459239661693573]","['title_description', 'title_description', 'description']"
今天🈶世界杯比赛吗,['4999'],[],merged,1,0,[],,['62016'],[0.541022777557373],['title_description']
今天🈶世界杯比赛吗,['4999'],[],merged,3,0,[],,"['62016', '5550', '61111']","[0.541022777557373, 0.5388122200965881, 0.5300253033638]","['title_description', 'description', 'title_description']"
今日世界杯比分,['4999'],[],merged,1,0,[],,['62016'],[0.48129159212112427],['title_description']
今日世界杯比分,['4999'],[],merged,3,0,[],,"['62016', '50926', '5351']","[0.48129159212112427, 0.47262972593307495, 0.45940056443214417]","['title_description', 'title_description', 'title_description']"
今日世界杯比分是多少,['4999'],[],merged,1,0,[],,['62016'],[0.49196505546569824],['title_description']
今日世界杯比分是多少,['4999'],[],merged,3,0,[],,"['62016', '50926', '5550']","[0.49196505546569824, 0.4777722954750061, 0.4582092761993408]","['title_description', 'title_description', 'description']"
体彩世界杯,['4999'],[],merged,1,0,[],,['5550'],[0.5239413976669312],['title_description']
体彩世界杯,['4999'],[],merged,3,0,[],,"['5550', '62016', '50926']","[0.5239413976669312, 0.47212228178977966, 0.47041022777557373]","['title_description', 'title_description', 'title_description']"
在哪里可以看世界杯,['4999'],[],merged,1,0,[],,['5550'],[0.5454998016357422],['description']
在哪里可以看世界杯,['4999'],[],merged,3,0,[],,"['5550', '51275', '62016']","[0.5454998016357422, 0.5264559984207153, 0.5150927305221558]","['description', 'title_description', 'title_description']"
女篮世界杯,['4999'],[],merged,1,0,[],,['5550'],[0.3681427240371704],['description']
女篮世界杯,['4999'],[],merged,3,0,[],,"['5550', '62016', '50926']","[0.3681427240371704, 0.3457334637641907, 0.3378066420555115]","['description', 'title_description', 'title_description']"
成都混团2026赛程表,['4999'],[],merged,1,0,[],,['62016'],[0.5423180460929871],['title_description']
成都混团2026赛程表,['4999'],[],merged,3,0,[],,"['62016', '5550', '51323']","[0.5423180460929871, 0.48591166734695435, 0.4269225001335144]","['title_description', 'description', 'description']"
昨晚世界杯比赛结果如何,['4999'],[],merged,1,0,[],,['62016'],[0.5131231546401978],['title_description']
昨晚世界杯比赛结果如何,['4999'],[],merged,3,0,[],,"['62016', '5550', '61111']","[0.5131231546401978, 0.4360036253929138, 0.40704458951950073]","['title_description', 'description', 'title_description']"
最新世界杯结果,['4999'],[],merged,1,0,[],,['62016'],[0.5498358011245728],['title_description']
最新世界杯结果,['4999'],[],merged,3,0,[],,"['62016', '5550', '50926']","[0.5498358011245728, 0.4718492329120636, 0.4455186724662781]","['title_description', 'title_description', 'title_description']"
最新苏超积分榜排名,['4999'],[],merged,1,0,[],,['62016'],[0.4900541603565216],['title_description']
最新苏超积分榜排名,['4999'],[],merged,3,0,[],,"['62016', '50926', '5143']","[0.4900541603565216, 0.4730922281742096, 0.4698486328125]","['title_description', 'title_description', 'title_description']"
本次世界杯什么时候结束,['4999'],[],merged,1,0,[],,['62016'],[0.5344264507293701],['title_description']
本次世界杯什么时候结束,['4999'],[],merged,3,0,[],,"['62016', '5550', '5601']","[0.5344264507293701, 0.4966328740119934, 0.48575806617736816]","['title_description', 'description', 'title_description']"
本次世界杯八强名单,['4999'],[],merged,1,0,[],,['62016'],[0.5063502788543701],['title_description']
本次世界杯八强名单,['4999'],[],merged,3,0,[],,"['62016', '5550', '51275']","[0.5063502788543701, 0.4931957721710205, 0.39648860692977905]","['title_description', 'description', 'title_description']"
欧冠赛程,['4999'],[],merged,1,0,[],,['62016'],[0.7413927316665649],['title_description']
欧冠赛程,['4999'],[],merged,3,0,[],,"['62016', '5550', '60293']","[0.7413927316665649, 0.5266062021255493, 0.4268302619457245]","['title_description', 'description', 'description']"
欧洲杯排名,['4999'],[],merged,1,0,[],,['62016'],[0.6229039430618286],['title_description']
欧洲杯排名,['4999'],[],merged,3,0,[],,"['62016', '5550', '4551']","[0.6229039430618286, 0.46892547607421875, 0.4384520947933197]","['title_description', 'description', 'description']"
欧罗巴联赛最新比分赛果,['4999'],[],merged,1,0,[],,['62016'],[0.6400376558303833],['title_description']
欧罗巴联赛最新比分赛果,['4999'],[],merged,3,0,[],,"['62016', '46671', '5293']","[0.6400376558303833, 0.4412698447704315, 0.419981986284256]","['title_description', 'title_description', 'description']"
温网半决赛赛程,['4999'],[],merged,1,0,[],,['62016'],[0.5306759476661682],['title_description']
温网半决赛赛程,['4999'],[],merged,3,0,[],,"['62016', '5550', '51275']","[0.5306759476661682, 0.43856528401374817, 0.4027022123336792]","['title_description', 'description', 'title_description']"
温网总决赛,['4999'],[],merged,1,0,[],,['62016'],[0.43008875846862793],['title_description']
温网总决赛,['4999'],[],merged,3,0,[],,"['62016', '5550', '51275']","[0.43008875846862793, 0.41215938329696655, 0.35825175046920776]","['title_description', 'description', 'title_description']"
温网的比赛日程,['4999'],[],merged,1,0,[],,['62016'],[0.5708394646644592],['title_description']
温网的比赛日程,['4999'],[],merged,3,0,[],,"['62016', '5550', '5601']","[0.5708394646644592, 0.5338301658630371, 0.4766308069229126]","['title_description', 'description', 'title_description']"
王楚欣世界杯,['4999'],[],merged,1,0,[],,['62016'],[0.3509519696235657],['title_description']
王楚欣世界杯,['4999'],[],merged,3,0,[],,"['62016', '51388', '5550']","[0.3509519696235657, 0.3336716592311859, 0.33206039667129517]","['title_description', 'description', 'description']"
现在世界杯什么情况,['4999'],[],merged,1,0,[],,['5550'],[0.5376632213592529],['description']
现在世界杯什么情况,['4999'],[],merged,3,0,[],,"['5550', '62016', '50926']","[0.5376632213592529, 0.5159581899642944, 0.46104854345321655]","['description', 'title_description', 'title_description']"
现在世界杯比赛情况,['4999'],[],merged,1,0,[],,['5550'],[0.5625945329666138],['description']
现在世界杯比赛情况,['4999'],[],merged,3,0,[],,"['5550', '62016', '51275']","[0.5625945329666138, 0.5514103174209595, 0.492610901594162]","['description', 'title_description', 'title_description']"
瑞超积分榜最新,['4999'],[],merged,1,0,[],,['62016'],[0.5207014679908752],['title_description']
瑞超积分榜最新,['4999'],[],merged,3,0,[],,"['62016', '50926', '5550']","[0.5207014679908752, 0.49145662784576416, 0.4891102612018585]","['title_description', 'title_description', 'description']"
男篮世界杯预选赛亚洲赛程,['4999'],[],merged,1,0,[],,['62016'],[0.4368169903755188],['title_description']
男篮世界杯预选赛亚洲赛程,['4999'],[],merged,3,0,[],,"['62016', '5550', '51275']","[0.4368169903755188, 0.3920728862285614, 0.30109602212905884]","['title_description', 'description', 'title_description']"
美加墨世界杯,['4999'],[],merged,1,0,[],,['5550'],[0.3905888497829437],['description']
美加墨世界杯,['4999'],[],merged,3,0,[],,"['5550', '62016', '46671']","[0.3905888497829437, 0.3714631497859955, 0.33644139766693115]","['description', 'title_description', 'title_description']"
美加墨世界杯分组,['4999'],[],merged,1,0,[],,['5550'],[0.43979957699775696],['description']
美加墨世界杯分组,['4999'],[],merged,3,1,['4999'],3.0,"['5550', '62016', '4999']","[0.43979957699775696, 0.38353055715560913, 0.3278777599334717]","['description', 'title_description', 'title_description']"
美加墨世界杯赛程,['4999'],[],merged,1,0,[],,['62016'],[0.4855153262615204],['title_description']
美加墨世界杯赛程,['4999'],[],merged,3,0,[],,"['62016', '5550', '46671']","[0.4855153262615204, 0.4353412985801697, 0.34869951009750366]","['title_description', 'description', 'title_description']"
美加莫世界杯赛程,['4999'],[],merged,1,0,[],,['62016'],[0.5193558931350708],['title_description']
美加莫世界杯赛程,['4999'],[],merged,3,0,[],,"['62016', '5550', '51275']","[0.5193558931350708, 0.45567944645881653, 0.3569193482398987]","['title_description', 'description', 'title_description']"
苏超比赛日程,['4999'],[],merged,1,0,[],,['62016'],[0.5411961674690247],['title_description']
苏超比赛日程,['4999'],[],merged,3,0,[],,"['62016', '5550', '61111']","[0.5411961674690247, 0.496536523103714, 0.42746520042419434]","['title_description', 'title_description', 'title_description']"
足球世界杯,['4999'],[],merged,1,0,[],,['5550'],[0.5128614902496338],['title_description']
足球世界杯,['4999'],[],merged,3,0,[],,"['5550', '62016', '50926']","[0.5128614902496338, 0.47262391448020935, 0.38909804821014404]","['title_description', 'title_description', 'title_description']"
足球世界杯今日战况,['4999'],[],merged,1,0,[],,['62016'],[0.3978714346885681],['title_description']
足球世界杯今日战况,['4999'],[],merged,3,0,[],,"['62016', '5550', '50926']","[0.3978714346885681, 0.39084187150001526, 0.37380483746528625]","['title_description', 'description', 'title_description']"
足球世界杯比分,['4999'],[],merged,1,0,[],,['62016'],[0.46224039793014526],['title_description']
足球世界杯比分,['4999'],[],merged,3,0,[],,"['62016', '5550', '50926']","[0.46224039793014526, 0.4184500575065613, 0.4078499972820282]","['title_description', 'title_description', 'title_description']"
足球世界杯比赛战绩表,['4999'],[],merged,1,0,[],,['62016'],[0.47615909576416016],['title_description']
足球世界杯比赛战绩表,['4999'],[],merged,3,0,[],,"['62016', '5550', '5802']","[0.47615909576416016, 0.4387322962284088, 0.3542783856391907]","['title_description', 'title_description', 'description']"
足球世界杯赛比赛结果,['4999'],[],merged,1,0,[],,['62016'],[0.522739052772522],['title_description']
足球世界杯赛比赛结果,['4999'],[],merged,3,0,[],,"['62016', '5550', '60977']","[0.522739052772522, 0.48793092370033264, 0.3829643726348877]","['title_description', 'description', 'title_description']"
闽超比赛时间表,['4999'],[],merged,1,0,[],,['62016'],[0.49360090494155884],['title_description']
闽超比赛时间表,['4999'],[],merged,3,0,[],,"['62016', '5550', '61111']","[0.49360090494155884, 0.4522375464439392, 0.42070645093917847]","['title_description', 'title_description', 'title_description']"
19号世界杯赛程,['4999'],[],title_description,1,0,[],,['62016'],[0.5361766815185547],['title_description']
19号世界杯赛程,['4999'],[],title_description,3,0,[],,"['62016', '5550', '5601']","[0.5361766815185547, 0.47562548518180847, 0.4338606595993042]","['title_description', 'title_description', 'title_description']"
2024欧洲杯,['4999'],[],title_description,1,0,[],,['62016'],[0.6213990449905396],['title_description']
2024欧洲杯,['4999'],[],title_description,3,0,[],,"['62016', '5550', '51275']","[0.6213990449905396, 0.4467944800853729, 0.4202961325645447]","['title_description', 'title_description', 'title_description']"
2025-2026赛季英超积分榜,['4999'],[],title_description,1,0,[],,['62016'],[0.5703632831573486],['title_description']
2025-2026赛季英超积分榜,['4999'],[],title_description,3,0,[],,"['62016', '5550', '51323']","[0.5703632831573486, 0.45344603061676025, 0.4222499430179596]","['title_description', 'title_description', 'title_description']"
2026世界杯何时开始,['4999'],[],title_description,1,0,[],,['62016'],[0.4923482835292816],['title_description']
2026世界杯何时开始,['4999'],[],title_description,3,0,[],,"['62016', '61111', '5601']","[0.4923482835292816, 0.4471588730812073, 0.44128698110580444]","['title_description', 'title_description', 'title_description']"
2026世界杯回放免费,['4999'],[],title_description,1,0,[],,['62016'],[0.44755426049232483],['title_description']
2026世界杯回放免费,['4999'],[],title_description,3,0,[],,"['62016', '51275', '5550']","[0.44755426049232483, 0.41337114572525024, 0.3785335421562195]","['title_description', 'title_description', 'title_description']"
2026世界杯的赛程表,['4999'],[],title_description,1,0,[],,['62016'],[0.6088536977767944],['title_description']
2026世界杯的赛程表,['4999'],[],title_description,3,0,[],,"['62016', '5550', '5601']","[0.6088536977767944, 0.48810961842536926, 0.46683669090270996]","['title_description', 'title_description', 'title_description']"
2026年nba总决赛,['4999'],[],title_description,1,0,[],,['62016'],[0.4188748002052307],['title_description']
2026年nba总决赛,['4999'],[],title_description,3,0,[],,"['62016', '5550', '51275']","[0.4188748002052307, 0.3975954055786133, 0.37565693259239197]","['title_description', 'title_description', 'title_description']"
2026年世界女排联赛赛程,['4999'],[],title_description,1,0,[],,['62016'],[0.5485126376152039],['title_description']
2026年世界女排联赛赛程,['4999'],[],title_description,3,0,[],,"['62016', '5550', '5601']","[0.5485126376152039, 0.43658798933029175, 0.39571112394332886]","['title_description', 'title_description', 'title_description']"
2026年世界杯4分之一赛程,['4999'],[],title_description,1,0,[],,['62016'],[0.5627607107162476],['title_description']
2026年世界杯4分之一赛程,['4999'],[],title_description,3,0,[],,"['62016', '5550', '60293']","[0.5627607107162476, 0.4618736803531647, 0.4012536406517029]","['title_description', 'title_description', 'title_description']"
2026年世界杯7月6日比赛,['4999'],[],title_description,1,0,[],,['62016'],[0.5389207601547241],['title_description']
2026年世界杯7月6日比赛,['4999'],[],title_description,3,0,[],,"['62016', '5550', '61111']","[0.5389207601547241, 0.45484405755996704, 0.44150692224502563]","['title_description', 'title_description', 'title_description']"
2026年世界杯8强,['4999'],[],title_description,1,0,[],,['62016'],[0.4868326187133789],['title_description']
2026年世界杯8强,['4999'],[],title_description,3,0,[],,"['62016', '5550', '51275']","[0.4868326187133789, 0.4088878631591797, 0.3641778826713562]","['title_description', 'title_description', 'title_description']"
2026年世界杯八强对阵表,['4999'],[],title_description,1,0,[],,['62016'],[0.5124412775039673],['title_description']
2026年世界杯八强对阵表,['4999'],[],title_description,3,0,[],,"['62016', '5550', '51323']","[0.5124412775039673, 0.4138963222503662, 0.38214167952537537]","['title_description', 'title_description', 'title_description']"
2026年世界杯决赛时间,['4999'],[],title_description,1,0,[],,['62016'],[0.5053114891052246],['title_description']
2026年世界杯决赛时间,['4999'],[],title_description,3,0,[],,"['62016', '5550', '5601']","[0.5053114891052246, 0.43658387660980225, 0.41389286518096924]","['title_description', 'title_description', 'title_description']"
2026年世界杯几时结束,['4999'],[],title_description,1,0,[],,['62016'],[0.4986027777194977],['title_description']
2026年世界杯几时结束,['4999'],[],title_description,3,0,[],,"['62016', '5601', '61111']","[0.4986027777194977, 0.4386745095252991, 0.42743948101997375]","['title_description', 'title_description', 'title_description']"
2026年世界杯战绩一览表,['4999'],[],title_description,1,0,[],,['62016'],[0.5338711142539978],['title_description']
2026年世界杯战绩一览表,['4999'],[],title_description,3,0,[],,"['62016', '5550', '51323']","[0.5338711142539978, 0.45177555084228516, 0.3947449326515198]","['title_description', 'title_description', 'title_description']"
2026年世界杯比分情况,['4999'],[],title_description,1,0,[],,['62016'],[0.5096807479858398],['title_description']
2026年世界杯比分情况,['4999'],[],title_description,3,0,[],,"['62016', '5550', '60977']","[0.5096807479858398, 0.4348255395889282, 0.39543306827545166]","['title_description', 'title_description', 'title_description']"
2026年世界杯积分榜,['4999'],[],title_description,1,0,[],,['62016'],[0.540574312210083],['title_description']
2026年世界杯积分榜,['4999'],[],title_description,3,0,[],,"['62016', '5550', '5351']","[0.540574312210083, 0.46308690309524536, 0.4207668900489807]","['title_description', 'title_description', 'title_description']"
2026年世界杯都有哪些球队,['4999'],[],title_description,1,0,[],,['62016'],[0.4665742814540863],['title_description']
2026年世界杯都有哪些球队,['4999'],[],title_description,3,0,[],,"['62016', '5550', '60868']","[0.4665742814540863, 0.4167953133583069, 0.37835800647735596]","['title_description', 'title_description', 'title_description']"
2026年中甲联赛,['4999'],[],title_description,1,0,[],,['62016'],[0.45199429988861084],['title_description']
2026年中甲联赛,['4999'],[],title_description,3,0,[],,"['62016', '5550', '51323']","[0.45199429988861084, 0.4332546591758728, 0.3836030066013336]","['title_description', 'title_description', 'title_description']"
2026年中超积分榜,['4999'],[],title_description,1,0,[],,['62016'],[0.5009690523147583],['title_description']
2026年中超积分榜,['4999'],[],title_description,3,0,[],,"['62016', '5550', '51323']","[0.5009690523147583, 0.44354143738746643, 0.4299072027206421]","['title_description', 'title_description', 'title_description']"
2026年女篮亚洲杯赛程,['4999'],[],title_description,1,0,[],,['62016'],[0.46676892042160034],['title_description']
2026年女篮亚洲杯赛程,['4999'],[],title_description,3,0,[],,"['62016', '5550', '51323']","[0.46676892042160034, 0.39325854182243347, 0.385077565908432]","['title_description', 'title_description', 'title_description']"
2026年欧洲杯,['4999'],[],title_description,1,0,[],,['62016'],[0.6089839935302734],['title_description']
2026年欧洲杯,['4999'],[],title_description,3,0,[],,"['62016', '5550', '5601']","[0.6089839935302734, 0.46006643772125244, 0.39012283086776733]","['title_description', 'title_description', 'title_description']"
2026年的欧冠冠军是谁,['4999'],[],title_description,1,0,[],,['62016'],[0.5918998718261719],['title_description']
2026年的欧冠冠军是谁,['4999'],[],title_description,3,0,[],,"['62016', '5550', '5601']","[0.5918998718261719, 0.4187086820602417, 0.3697328567504883]","['title_description', 'title_description', 'title_description']"
2026年美加墨世界杯赛程,['4999'],[],title_description,1,0,[],,['62016'],[0.5389528870582581],['title_description']
2026年美加墨世界杯赛程,['4999'],[],title_description,3,0,[],,"['62016', '5550', '5601']","[0.5389528870582581, 0.46446362137794495, 0.40161317586898804]","['title_description', 'title_description', 'title_description']"
2026年足球世界杯8强,['4999'],[],title_description,1,0,[],,['62016'],[0.47207313776016235],['title_description']
2026年足球世界杯8强,['4999'],[],title_description,3,0,[],,"['62016', '5550', '51275']","[0.47207313776016235, 0.4013739228248596, 0.3516986668109894]","['title_description', 'title_description', 'title_description']"
2026挪超赛程,['4999'],[],title_description,1,0,[],,['62016'],[0.5364594459533691],['title_description']
2026挪超赛程,['4999'],[],title_description,3,0,[],,"['62016', '5550', '5601']","[0.5364594459533691, 0.42427635192871094, 0.4022558927536011]","['title_description', 'title_description', 'title_description']"
2026温网比赛日程,['4999'],[],title_description,1,0,[],,['62016'],[0.5402823090553284],['title_description']
2026温网比赛日程,['4999'],[],title_description,3,0,[],,"['62016', '5550', '5601']","[0.5402823090553284, 0.46099743247032166, 0.45574235916137695]","['title_description', 'title_description', 'title_description']"
2026美加墨世界杯对阵图,['4999'],[],title_description,1,0,[],,['62016'],[0.46199968457221985],['title_description']
2026美加墨世界杯对阵图,['4999'],[],title_description,3,0,[],,"['62016', '5550', '62106']","[0.46199968457221985, 0.42999619245529175, 0.3983151316642761]","['title_description', 'title_description', 'title_description']"
26年欧冠资格赛排名,['4999'],[],title_description,1,0,[],,['62016'],[0.7220698595046997],['title_description']
26年欧冠资格赛排名,['4999'],[],title_description,3,0,[],,"['62016', '5550', '60293']","[0.7220698595046997, 0.4328758120536804, 0.4259919822216034]","['title_description', 'title_description', 'title_description']"
6月11日世界杯比赛,['4999'],[],title_description,1,0,[],,['62016'],[0.48587703704833984],['title_description']
6月11日世界杯比赛,['4999'],[],title_description,3,0,[],,"['62016', '5550', '61111']","[0.48587703704833984, 0.47665485739707947, 0.4223834276199341]","['title_description', 'title_description', 'title_description']"
7月7号世界杯比赛结果,['4999'],[],title_description,1,0,[],,['62016'],[0.49684417247772217],['title_description']
7月7号世界杯比赛结果,['4999'],[],title_description,3,0,[],,"['62016', '5550', '61111']","[0.49684417247772217, 0.40664219856262207, 0.4026286005973816]","['title_description', 'title_description', 'title_description']"
7月7号世界杯的比赛,['4999'],[],title_description,1,0,[],,['62016'],[0.5056975483894348],['title_description']
7月7号世界杯的比赛,['4999'],[],title_description,3,0,[],,"['62016', '5550', '61111']","[0.5056975483894348, 0.4836937189102173, 0.4453561305999756]","['title_description', 'title_description', 'title_description']"
7月7号世界杯赛程表,['4999'],[],title_description,1,0,[],,['62016'],[0.5634857416152954],['title_description']
7月7号世界杯赛程表,['4999'],[],title_description,3,0,[],,"['62016', '5601', '61111']","[0.5634857416152954, 0.4392610788345337, 0.43620967864990234]","['title_description', 'title_description', 'title_description']"
7月8日欧冠比赛结果,['4999'],[],title_description,1,0,[],,['62016'],[0.6401201486587524],['title_description']
7月8日欧冠比赛结果,['4999'],[],title_description,3,0,[],,"['62016', '5550', '61111']","[0.6401201486587524, 0.4006674885749817, 0.3820250630378723]","['title_description', 'title_description', 'title_description']"
9号世界杯,['4999'],[],title_description,1,0,[],,['5550'],[0.5096867680549622],['title_description']
9号世界杯,['4999'],[],title_description,3,0,[],,"['5550', '62016', '61111']","[0.5096867680549622, 0.4835699200630188, 0.44346266984939575]","['title_description', 'title_description', 'title_description']"
cba新赛季开启时间,['4999'],[],title_description,1,0,[],,['62016'],[0.4669492840766907],['title_description']
cba新赛季开启时间,['4999'],[],title_description,3,0,[],,"['62016', '61111', '5601']","[0.4669492840766907, 0.45623981952667236, 0.42843717336654663]","['title_description', 'title_description', 'title_description']"
lpl赛程,['4999'],[],title_description,1,0,[],,['62016'],[0.5902403593063354],['title_description']
lpl赛程,['4999'],[],title_description,3,0,[],,"['62016', '5550', '60293']","[0.5902403593063354, 0.5076069235801697, 0.4895702600479126]","['title_description', 'title_description', 'title_description']"
msi 2026赛程,['4999'],[],title_description,1,0,[],,['62016'],[0.5044984817504883],['title_description']
msi 2026赛程,['4999'],[],title_description,3,0,[],,"['62016', '5550', '5601']","[0.5044984817504883, 0.4458501636981964, 0.4053853452205658]","['title_description', 'title_description', 'title_description']"
nba 赛程,['4999'],[],title_description,1,0,[],,['62016'],[0.5609937310218811],['title_description']
nba 赛程,['4999'],[],title_description,3,0,[],,"['62016', '5550', '51275']","[0.5609937310218811, 0.5187269449234009, 0.49070268869400024]","['title_description', 'title_description', 'title_description']"
nba2025-26赛季赛程,['4999'],[],title_description,1,0,[],,['62016'],[0.5544964075088501],['title_description']
nba2025-26赛季赛程,['4999'],[],title_description,3,0,[],,"['62016', '5550', '5601']","[0.5544964075088501, 0.4422125518321991, 0.4352027177810669]","['title_description', 'title_description', 'title_description']"
nba2026赛季开赛时间,['4999'],[],title_description,1,0,[],,['62016'],[0.5021506547927856],['title_description']
nba2026赛季开赛时间,['4999'],[],title_description,3,0,[],,"['62016', '61111', '5601']","[0.5021506547927856, 0.4555851221084595, 0.44372403621673584]","['title_description', 'title_description', 'title_description']"
nba什么时候开赛,['4999'],[],title_description,1,0,[],,['62016'],[0.4826870858669281],['title_description']
nba什么时候开赛,['4999'],[],title_description,3,0,[],,"['62016', '61111', '5601']","[0.4826870858669281, 0.47509029507637024, 0.45696425437927246]","['title_description', 'title_description', 'title_description']"
nba夏季联赛,['4999'],[],title_description,1,0,[],,['62016'],[0.4281262755393982],['title_description']
nba夏季联赛,['4999'],[],title_description,3,0,[],,"['62016', '5550', '51275']","[0.4281262755393982, 0.39393579959869385, 0.3709118664264679]","['title_description', 'title_description', 'title_description']"
nba季前赛程,['4999'],[],title_description,1,0,[],,['62016'],[0.5242111682891846],['title_description']
nba季前赛程,['4999'],[],title_description,3,0,[],,"['62016', '5550', '60293']","[0.5242111682891846, 0.45206785202026367, 0.4313979148864746]","['title_description', 'title_description', 'title_description']"
u20世界杯,['4999'],[],title_description,1,0,[],,['62016'],[0.4712477922439575],['title_description']
u20世界杯,['4999'],[],title_description,3,0,[],,"['62016', '5550', '60977']","[0.4712477922439575, 0.41915127635002136, 0.3977615237236023]","['title_description', 'title_description', 'title_description']"
wtt瑞典大满贯赛程2026,['4999'],[],title_description,1,0,[],,['62016'],[0.49141570925712585],['title_description']
wtt瑞典大满贯赛程2026,['4999'],[],title_description,3,0,[],,"['62016', '5550', '51323']","[0.49141570925712585, 0.4429304599761963, 0.4186351001262665]","['title_description', 'title_description', 'title_description']"
世界女排联赛排名,['4999'],[],title_description,1,0,[],,['62016'],[0.45354485511779785],['title_description']
世界女排联赛排名,['4999'],[],title_description,3,0,[],,"['62016', '62106', '62306']","[0.45354485511779785, 0.40869617462158203, 0.40688157081604004]","['title_description', 'title_description', 'title_description']"
世界女排联赛赛程,['4999'],[],title_description,1,0,[],,['62016'],[0.5303143858909607],['title_description']
世界女排联赛赛程,['4999'],[],title_description,3,0,[],,"['62016', '5550', '51275']","[0.5303143858909607, 0.42222002148628235, 0.38820314407348633]","['title_description', 'title_description', 'title_description']"
世界怀8强,['4999'],[],title_description,1,0,[],,['62016'],[0.4331200420856476],['title_description']
世界怀8强,['4999'],[],title_description,3,0,[],,"['62016', '5550', '51275']","[0.4331200420856476, 0.38893258571624756, 0.335387647151947]","['title_description', 'title_description', 'title_description']"
世界杯1/4决赛对阵表,['4999'],[],title_description,1,0,[],,['62016'],[0.5322967767715454],['title_description']
世界杯1/4决赛对阵表,['4999'],[],title_description,3,0,[],,"['62016', '5550', '60977']","[0.5322967767715454, 0.4552854597568512, 0.40986573696136475]","['title_description', 'title_description', 'title_description']"
世界杯1/4决赛时间,['4999'],[],title_description,1,0,[],,['62016'],[0.5475725531578064],['title_description']
世界杯1/4决赛时间,['4999'],[],title_description,3,0,[],,"['62016', '61111', '60293']","[0.5475725531578064, 0.4443247318267822, 0.44412747025489807]","['title_description', 'title_description', 'title_description']"
世界杯11日赛程,['4999'],[],title_description,1,0,[],,['62016'],[0.5574755668640137],['title_description']
世界杯11日赛程,['4999'],[],title_description,3,0,[],,"['62016', '5550', '5601']","[0.5574755668640137, 0.4621238112449646, 0.4137718081474304]","['title_description', 'title_description', 'title_description']"
世界杯16强,['4999'],[],title_description,1,0,[],,['62016'],[0.5142297744750977],['title_description']
世界杯16强,['4999'],[],title_description,3,0,[],,"['62016', '5550', '51275']","[0.5142297744750977, 0.44054436683654785, 0.3947364389896393]","['title_description', 'title_description', 'title_description']"
世界杯23号比赛,['4999'],[],title_description,1,0,[],,['62016'],[0.5206219553947449],['title_description']
世界杯23号比赛,['4999'],[],title_description,3,0,[],,"['62016', '5550', '51275']","[0.5206219553947449, 0.49385932087898254, 0.4240714907646179]","['title_description', 'title_description', 'title_description']"
世界杯32强对阵表,['4999'],[],title_description,1,0,[],,['62016'],[0.4655895233154297],['title_description']
世界杯32强对阵表,['4999'],[],title_description,3,0,[],,"['62016', '5550', '60977']","[0.4655895233154297, 0.4021725654602051, 0.3525499105453491]","['title_description', 'title_description', 'title_description']"
世界杯8强对阵图,['4999'],[],title_description,1,0,[],,['62016'],[0.4471006989479065],['title_description']
世界杯8强对阵图,['4999'],[],title_description,3,0,[],,"['62016', '5550', '46679']","[0.4471006989479065, 0.3822336196899414, 0.37868446111679077]","['title_description', 'title_description', 'title_description']"
世界杯今天比赛结果如何,['4999'],[],title_description,1,0,[],,['62016'],[0.5313860177993774],['title_description']
世界杯今天比赛结果如何,['4999'],[],title_description,3,0,[],,"['62016', '5550', '60977']","[0.5313860177993774, 0.47532451152801514, 0.4193088412284851]","['title_description', 'title_description', 'title_description']"
世界杯今日战况,['4999'],[],title_description,1,0,[],,['62016'],[0.47193843126296997],['title_description']
世界杯今日战况,['4999'],[],title_description,3,0,[],,"['62016', '5550', '50926']","[0.47193843126296997, 0.4688407778739929, 0.42500683665275574]","['title_description', 'title_description', 'title_description']"
世界杯入围球队,['4999'],[],title_description,1,0,[],,['62016'],[0.5407391786575317],['title_description']
世界杯入围球队,['4999'],[],title_description,3,0,[],,"['62016', '5550', '5671']","[0.5407391786575317, 0.5143530368804932, 0.3921765089035034]","['title_description', 'title_description', 'title_description']"
世界杯八强的赛程表,['4999'],[],title_description,1,0,[],,['62016'],[0.5846350193023682],['title_description']
世界杯八强的赛程表,['4999'],[],title_description,3,0,[],,"['62016', '5550', '51323']","[0.5846350193023682, 0.44158411026000977, 0.39874547719955444]","['title_description', 'title_description', 'title_description']"
世界杯半决赛时间,['4999'],[],title_description,1,0,[],,['62016'],[0.5228865146636963],['title_description']
世界杯半决赛时间,['4999'],[],title_description,3,0,[],,"['62016', '5550', '61111']","[0.5228865146636963, 0.4475434422492981, 0.4266675114631653]","['title_description', 'title_description', 'title_description']"
世界杯四分之一决赛都有哪队,['4999'],[],title_description,1,0,[],,['62016'],[0.4860219359397888],['title_description']
世界杯四分之一决赛都有哪队,['4999'],[],title_description,3,0,[],,"['62016', '5550', '60977']","[0.4860219359397888, 0.42391765117645264, 0.37253063917160034]","['title_description', 'title_description', 'title_description']"
世界杯四分之一赛程表,['4999'],[],title_description,1,0,[],,['62016'],[0.5446447134017944],['title_description']
世界杯四分之一赛程表,['4999'],[],title_description,3,0,[],,"['62016', '5550', '51323']","[0.5446447134017944, 0.41652047634124756, 0.3710286617279053]","['title_description', 'title_description', 'title_description']"
世界杯四强名单,['4999'],[],title_description,1,0,[],,['62016'],[0.5143404603004456],['title_description']
世界杯四强名单,['4999'],[],title_description,3,0,[],,"['62016', '5550', '51275']","[0.5143404603004456, 0.4475037455558777, 0.3860281705856323]","['title_description', 'title_description', 'title_description']"
世界杯对阵图,['4999'],[],title_description,1,0,[],,['62016'],[0.5113505125045776],['title_description']
世界杯对阵图,['4999'],[],title_description,3,0,[],,"['62016', '5550', '62106']","[0.5113505125045776, 0.500373363494873, 0.3981393277645111]","['title_description', 'title_description', 'title_description']"
世界杯战况最新,['4999'],[],title_description,1,0,[],,['62016'],[0.5016425848007202],['title_description']
世界杯战况最新,['4999'],[],title_description,3,0,[],,"['62016', '5550', '50926']","[0.5016425848007202, 0.4720854163169861, 0.42440512776374817]","['title_description', 'title_description', 'title_description']"
世界杯战绩,['4999'],[],title_description,1,0,[],,['62016'],[0.532690167427063],['title_description']
世界杯战绩,['4999'],[],title_description,3,0,[],,"['62016', '5550', '50926']","[0.532690167427063, 0.5062098503112793, 0.3864325284957886]","['title_description', 'title_description', 'title_description']"
世界杯战绩表最新,['4999'],[],title_description,1,0,[],,['62016'],[0.5123949646949768],['title_description']
世界杯战绩表最新,['4999'],[],title_description,3,0,[],,"['62016', '5550', '50926']","[0.5123949646949768, 0.45522892475128174, 0.4111058712005615]","['title_description', 'title_description', 'title_description']"
世界杯排名第一,['4999'],[],title_description,1,0,[],,['5550'],[0.5235177278518677],['title_description']
世界杯排名第一,['4999'],[],title_description,3,0,[],,"['5550', '62016', '62106']","[0.5235177278518677, 0.46917805075645447, 0.40918195247650146]","['title_description', 'title_description', 'title_description']"
世界杯接下来的比赛,['4999'],[],title_description,1,0,[],,['62016'],[0.5686945915222168],['title_description']
世界杯接下来的比赛,['4999'],[],title_description,3,0,[],,"['62016', '5550', '51275']","[0.5686945915222168, 0.5498768091201782, 0.4401599168777466]","['title_description', 'title_description', 'title_description']"
世界杯时间安排,['4999'],[],title_description,1,0,[],,['62016'],[0.5661511421203613],['title_description']
世界杯时间安排,['4999'],[],title_description,3,0,[],,"['62016', '5550', '61111']","[0.5661511421203613, 0.5263791084289551, 0.4668472111225128]","['title_description', 'title_description', 'title_description']"
世界杯明天的比赛赛程,['4999'],[],title_description,1,0,[],,['62016'],[0.5689728260040283],['title_description']
世界杯明天的比赛赛程,['4999'],[],title_description,3,0,[],,"['62016', '5550', '61111']","[0.5689728260040283, 0.4790843427181244, 0.4065224528312683]","['title_description', 'title_description', 'title_description']"
世界杯最新战况最新消息,['4999'],[],title_description,1,0,[],,['62016'],[0.4642629027366638],['title_description']
世界杯最新战况最新消息,['4999'],[],title_description,3,0,[],,"['62016', '5550', '50926']","[0.4642629027366638, 0.43140244483947754, 0.42864301800727844]","['title_description', 'title_description', 'title_description']"
世界杯欧洲球队有哪些,['4999'],[],title_description,1,0,[],,['62016'],[0.5572034120559692],['title_description']
世界杯欧洲球队有哪些,['4999'],[],title_description,3,1,['4999'],3.0,"['62016', '5550', '4999']","[0.5572034120559692, 0.42572346329689026, 0.35176557302474976]","['title_description', 'title_description', 'title_description']"
世界杯比赛多久,['4999'],[],title_description,1,0,[],,['62016'],[0.5056478977203369],['title_description']
世界杯比赛多久,['4999'],[],title_description,3,0,[],,"['62016', '5550', '5601']","[0.5056478977203369, 0.4956057071685791, 0.3918164372444153]","['title_description', 'title_description', 'title_description']"
世界杯比赛结果,['4999'],[],title_description,1,0,[],,['62016'],[0.5656536221504211],['title_description']
世界杯比赛结果,['4999'],[],title_description,3,0,[],,"['62016', '5550', '60977']","[0.5656536221504211, 0.503650426864624, 0.4000245928764343]","['title_description', 'title_description', 'title_description']"
世界杯瑞士排名第几,['4999'],[],title_description,1,0,[],,['62016'],[0.46553701162338257],['title_description']
世界杯瑞士排名第几,['4999'],[],title_description,3,1,['4999'],3.0,"['62016', '5550', '4999']","[0.46553701162338257, 0.40075093507766724, 0.3845923840999603]","['title_description', 'title_description', 'title_description']"
世界杯的八强是哪些队伍,['4999'],[],title_description,1,0,[],,['62016'],[0.49108177423477173],['title_description']
世界杯的八强是哪些队伍,['4999'],[],title_description,3,0,[],,"['62016', '5550', '60977']","[0.49108177423477173, 0.4329189658164978, 0.3800230622291565]","['title_description', 'title_description', 'title_description']"
世界杯的赛程,['4999'],[],title_description,1,0,[],,['62016'],[0.63692307472229],['title_description']
世界杯的赛程,['4999'],[],title_description,3,0,[],,"['62016', '5550', '51275']","[0.63692307472229, 0.5735649466514587, 0.4687435030937195]","['title_description', 'title_description', 'title_description']"
世界杯目前比分,['4999'],[],title_description,1,0,[],,['62016'],[0.5091639161109924],['title_description']
世界杯目前比分,['4999'],[],title_description,3,0,[],,"['62016', '5550', '50926']","[0.5091639161109924, 0.4848746657371521, 0.433867871761322]","['title_description', 'title_description', 'title_description']"
世界杯积分排行榜,['4999'],[],title_description,1,0,[],,['62016'],[0.5832072496414185],['title_description']
世界杯积分排行榜,['4999'],[],title_description,3,0,[],,"['62016', '5550', '50926']","[0.5832072496414185, 0.5153704881668091, 0.4784809947013855]","['title_description', 'title_description', 'title_description']"
世界杯赛程时间表2026年,['4999'],[],title_description,1,0,[],,['62016'],[0.5999221205711365],['title_description']
世界杯赛程时间表2026年,['4999'],[],title_description,3,0,[],,"['62016', '5550', '5601']","[0.5999221205711365, 0.4649311304092407, 0.45418471097946167]","['title_description', 'title_description', 'title_description']"
世界杯赛程比分查询,['4999'],[],title_description,1,0,[],,['62016'],[0.6120430827140808],['title_description']
世界杯赛程比分查询,['4999'],[],title_description,3,0,[],,"['62016', '5550', '60293']","[0.6120430827140808, 0.4916576147079468, 0.45614349842071533]","['title_description', 'title_description', 'title_description']"
世界杯赛程表,['4999'],[],title_description,1,0,[],,['62016'],[0.6151484847068787],['title_description']
世界杯赛程表,['4999'],[],title_description,3,0,[],,"['62016', '5550', '60293']","[0.6151484847068787, 0.5202672481536865, 0.4315493702888489]","['title_description', 'title_description', 'title_description']"
世界杯队伍排名,['4999'],[],title_description,1,0,[],,['62016'],[0.5093005299568176],['title_description']
世界杯队伍排名,['4999'],[],title_description,3,0,[],,"['62016', '5550', '62106']","[0.5093005299568176, 0.4928663372993469, 0.42658913135528564]","['title_description', 'title_description', 'title_description']"
世预赛赛程,['4999'],[],title_description,1,0,[],,['62016'],[0.5880316495895386],['title_description']
世预赛赛程,['4999'],[],title_description,3,0,[],,"['62016', '5550', '60293']","[0.5880316495895386, 0.49633094668388367, 0.44375789165496826]","['title_description', 'title_description', 'title_description']"
中冠附加赛,['4999'],[],title_description,1,0,[],,['62016'],[0.439228355884552],['title_description']
中冠附加赛,['4999'],[],title_description,3,0,[],,"['62016', '5550', '5671']","[0.439228355884552, 0.42264294624328613, 0.3462877869606018]","['title_description', 'title_description', 'title_description']"
中超积分榜排名,['4999'],[],title_description,1,0,[],,['62016'],[0.5257004499435425],['title_description']
中超积分榜排名,['4999'],[],title_description,3,0,[],,"['62016', '50926', '5550']","[0.5257004499435425, 0.4864659011363983, 0.4833557903766632]","['title_description', 'title_description', 'title_description']"
中超第18轮赛程表,['4999'],[],title_description,1,0,[],,['62016'],[0.48922550678253174],['title_description']
中超第18轮赛程表,['4999'],[],title_description,3,0,[],,"['62016', '5550', '5851']","[0.48922550678253174, 0.4153333306312561, 0.3669360280036926]","['title_description', 'title_description', 'title_description']"
中超赛程,['4999'],[],title_description,1,0,[],,['62016'],[0.6021219491958618],['title_description']
中超赛程,['4999'],[],title_description,3,0,[],,"['62016', '5550', '51275']","[0.6021219491958618, 0.5502259731292725, 0.4667280316352844]","['title_description', 'title_description', 'title_description']"
九号有世界杯比赛吗,['4999'],[],title_description,1,0,[],,['62016'],[0.5288882851600647],['title_description']
九号有世界杯比赛吗,['4999'],[],title_description,3,0,[],,"['62016', '5550', '61111']","[0.5288882851600647, 0.5093206167221069, 0.5009160041809082]","['title_description', 'title_description', 'title_description']"
亚洲杯,['4999'],[],title_description,1,0,[],,['62016'],[0.4753250777721405],['title_description']
亚洲杯,['4999'],[],title_description,3,0,[],,"['62016', '5550', '51323']","[0.4753250777721405, 0.44944387674331665, 0.4105098247528076]","['title_description', 'title_description', 'title_description']"
今天世界杯几点开始,['4999'],[],title_description,1,0,[],,['62016'],[0.47387319803237915],['title_description']
今天世界杯几点开始,['4999'],[],title_description,3,0,[],,"['62016', '61111', '5601']","[0.47387319803237915, 0.4621144235134125, 0.4421488344669342]","['title_description', 'title_description', 'title_description']"
今天世界杯哪个队比赛,['4999'],[],title_description,1,0,[],,['62016'],[0.4906207323074341],['title_description']
今天世界杯哪个队比赛,['4999'],[],title_description,3,1,['4999'],3.0,"['62016', '5550', '4999']","[0.4906207323074341, 0.47623410820961, 0.3972816467285156]","['title_description', 'title_description', 'title_description']"
今天世界杯比赛结果,['4999'],[],title_description,1,0,[],,['62016'],[0.5043148994445801],['title_description']
今天世界杯比赛结果,['4999'],[],title_description,3,0,[],,"['62016', '5550', '61111']","[0.5043148994445801, 0.4619766175746918, 0.44291698932647705]","['title_description', 'title_description', 'title_description']"
今天世界杯谁赢了,['4999'],[],title_description,1,0,[],,['62016'],[0.46798110008239746],['title_description']
今天世界杯谁赢了,['4999'],[],title_description,3,0,[],,"['62016', '5550', '5601']","[0.46798110008239746, 0.4245262145996094, 0.3944103717803955]","['title_description', 'title_description', 'title_description']"
今天世界杯赛,['4999'],[],title_description,1,0,[],,['5550'],[0.5476475954055786],['title_description']
今天世界杯赛,['4999'],[],title_description,3,0,[],,"['5550', '62016', '5601']","[0.5476475954055786, 0.4861714839935303, 0.47646409273147583]","['title_description', 'title_description', 'title_description']"
今天世界杯赛程时间表,['4999'],[],title_description,1,0,[],,['62016'],[0.5727330446243286],['title_description']
今天世界杯赛程时间表,['4999'],[],title_description,3,0,[],,"['62016', '5550', '5601']","[0.5727330446243286, 0.4750254154205322, 0.4649997353553772]","['title_description', 'title_description', 'title_description']"
今天女排联赛时间,['4999'],[],title_description,1,0,[],,['62016'],[0.4874326288700104],['title_description']
今天女排联赛时间,['4999'],[],title_description,3,0,[],,"['62016', '5601', '61111']","[0.4874326288700104, 0.4706757664680481, 0.4582371115684509]","['title_description', 'title_description', 'title_description']"
今天🈶世界杯比赛吗,['4999'],[],title_description,1,0,[],,['62016'],[0.541022777557373],['title_description']
今天🈶世界杯比赛吗,['4999'],[],title_description,3,0,[],,"['62016', '61111', '5550']","[0.541022777557373, 0.5300253033638, 0.523279070854187]","['title_description', 'title_description', 'title_description']"
今日世界杯比分,['4999'],[],title_description,1,0,[],,['62016'],[0.48129159212112427],['title_description']
今日世界杯比分,['4999'],[],title_description,3,0,[],,"['62016', '50926', '5351']","[0.48129159212112427, 0.47262972593307495, 0.45940056443214417]","['title_description', 'title_description', 'title_description']"
今日世界杯比分是多少,['4999'],[],title_description,1,0,[],,['62016'],[0.49196505546569824],['title_description']
今日世界杯比分是多少,['4999'],[],title_description,3,0,[],,"['62016', '50926', '5351']","[0.49196505546569824, 0.4777722954750061, 0.45012059807777405]","['title_description', 'title_description', 'title_description']"
体彩世界杯,['4999'],[],title_description,1,0,[],,['5550'],[0.5239413976669312],['title_description']
体彩世界杯,['4999'],[],title_description,3,0,[],,"['5550', '62016', '50926']","[0.5239413976669312, 0.47212228178977966, 0.47041022777557373]","['title_description', 'title_description', 'title_description']"
在哪里可以看世界杯,['4999'],[],title_description,1,0,[],,['51275'],[0.5264559984207153],['title_description']
在哪里可以看世界杯,['4999'],[],title_description,3,0,[],,"['51275', '62016', '5550']","[0.5264559984207153, 0.5150927305221558, 0.5033810138702393]","['title_description', 'title_description', 'title_description']"
女篮世界杯,['4999'],[],title_description,1,0,[],,['5550'],[0.36205849051475525],['title_description']
女篮世界杯,['4999'],[],title_description,3,0,[],,"['5550', '62016', '50926']","[0.36205849051475525, 0.3457334637641907, 0.3378066420555115]","['title_description', 'title_description', 'title_description']"
成都混团2026赛程表,['4999'],[],title_description,1,0,[],,['62016'],[0.5423180460929871],['title_description']
成都混团2026赛程表,['4999'],[],title_description,3,0,[],,"['62016', '5550', '5601']","[0.5423180460929871, 0.45360106229782104, 0.4242710471153259]","['title_description', 'title_description', 'title_description']"
昨晚世界杯比赛结果如何,['4999'],[],title_description,1,0,[],,['62016'],[0.5131231546401978],['title_description']
昨晚世界杯比赛结果如何,['4999'],[],title_description,3,0,[],,"['62016', '5550', '61111']","[0.5131231546401978, 0.42181193828582764, 0.40704458951950073]","['title_description', 'title_description', 'title_description']"
最新世界杯结果,['4999'],[],title_description,1,0,[],,['62016'],[0.5498358011245728],['title_description']
最新世界杯结果,['4999'],[],title_description,3,0,[],,"['62016', '5550', '50926']","[0.5498358011245728, 0.4718492329120636, 0.4455186724662781]","['title_description', 'title_description', 'title_description']"
最新苏超积分榜排名,['4999'],[],title_description,1,0,[],,['62016'],[0.4900541603565216],['title_description']
最新苏超积分榜排名,['4999'],[],title_description,3,0,[],,"['62016', '50926', '5143']","[0.4900541603565216, 0.4730922281742096, 0.4698486328125]","['title_description', 'title_description', 'title_description']"
本次世界杯什么时候结束,['4999'],[],title_description,1,0,[],,['62016'],[0.5344264507293701],['title_description']
本次世界杯什么时候结束,['4999'],[],title_description,3,0,[],,"['62016', '5601', '61111']","[0.5344264507293701, 0.48575806617736816, 0.4783039093017578]","['title_description', 'title_description', 'title_description']"
本次世界杯八强名单,['4999'],[],title_description,1,0,[],,['62016'],[0.5063502788543701],['title_description']
本次世界杯八强名单,['4999'],[],title_description,3,0,[],,"['62016', '5550', '51275']","[0.5063502788543701, 0.46082183718681335, 0.39648860692977905]","['title_description', 'title_description', 'title_description']"
欧冠赛程,['4999'],[],title_description,1,0,[],,['62016'],[0.7413927316665649],['title_description']
欧冠赛程,['4999'],[],title_description,3,0,[],,"['62016', '5550', '60293']","[0.7413927316665649, 0.5184370279312134, 0.4218691289424896]","['title_description', 'title_description', 'title_description']"
欧洲杯排名,['4999'],[],title_description,1,0,[],,['62016'],[0.6229039430618286],['title_description']
欧洲杯排名,['4999'],[],title_description,3,0,[],,"['62016', '5550', '62106']","[0.6229039430618286, 0.4506102204322815, 0.4061172604560852]","['title_description', 'title_description', 'title_description']"
欧罗巴联赛最新比分赛果,['4999'],[],title_description,1,0,[],,['62016'],[0.6400376558303833],['title_description']
欧罗巴联赛最新比分赛果,['4999'],[],title_description,3,0,[],,"['62016', '46671', '60977']","[0.6400376558303833, 0.4412698447704315, 0.40973103046417236]","['title_description', 'title_description', 'title_description']"
温网半决赛赛程,['4999'],[],title_description,1,0,[],,['62016'],[0.5306759476661682],['title_description']
温网半决赛赛程,['4999'],[],title_description,3,0,[],,"['62016', '5550', '51275']","[0.5306759476661682, 0.4209379553794861, 0.4027022123336792]","['title_description', 'title_description', 'title_description']"
温网总决赛,['4999'],[],title_description,1,0,[],,['62016'],[0.43008875846862793],['title_description']
温网总决赛,['4999'],[],title_description,3,0,[],,"['62016', '5550', '51275']","[0.43008875846862793, 0.40658050775527954, 0.35825175046920776]","['title_description', 'title_description', 'title_description']"
温网的比赛日程,['4999'],[],title_description,1,0,[],,['62016'],[0.5708394646644592],['title_description']
温网的比赛日程,['4999'],[],title_description,3,0,[],,"['62016', '5550', '5601']","[0.5708394646644592, 0.5225639939308167, 0.4766308069229126]","['title_description', 'title_description', 'title_description']"
王楚欣世界杯,['4999'],[],title_description,1,0,[],,['62016'],[0.3509519696235657],['title_description']
王楚欣世界杯,['4999'],[],title_description,3,0,[],,"['62016', '51388', '47272']","[0.3509519696235657, 0.32993388175964355, 0.315409779548645]","['title_description', 'title_description', 'title_description']"
现在世界杯什么情况,['4999'],[],title_description,1,0,[],,['62016'],[0.5159581899642944],['title_description']
现在世界杯什么情况,['4999'],[],title_description,3,0,[],,"['62016', '5550', '50926']","[0.5159581899642944, 0.5069709420204163, 0.46104854345321655]","['title_description', 'title_description', 'title_description']"
现在世界杯比赛情况,['4999'],[],title_description,1,0,[],,['5550'],[0.5573160648345947],['title_description']
现在世界杯比赛情况,['4999'],[],title_description,3,0,[],,"['5550', '62016', '51275']","[0.5573160648345947, 0.5514103174209595, 0.492610901594162]","['title_description', 'title_description', 'title_description']"
瑞超积分榜最新,['4999'],[],title_description,1,0,[],,['62016'],[0.5207014679908752],['title_description']
瑞超积分榜最新,['4999'],[],title_description,3,0,[],,"['62016', '50926', '5550']","[0.5207014679908752, 0.49145662784576416, 0.4742220640182495]","['title_description', 'title_description', 'title_description']"
男篮世界杯预选赛亚洲赛程,['4999'],[],title_description,1,0,[],,['62016'],[0.4368169903755188],['title_description']
男篮世界杯预选赛亚洲赛程,['4999'],[],title_description,3,0,[],,"['62016', '5550', '51275']","[0.4368169903755188, 0.39106932282447815, 0.30109602212905884]","['title_description', 'title_description', 'title_description']"
美加墨世界杯,['4999'],[],title_description,1,0,[],,['62016'],[0.3714631497859955],['title_description']
美加墨世界杯,['4999'],[],title_description,3,0,[],,"['62016', '5550', '46671']","[0.3714631497859955, 0.3703565001487732, 0.33644139766693115]","['title_description', 'title_description', 'title_description']"
美加墨世界杯分组,['4999'],[],title_description,1,0,[],,['5550'],[0.4047960042953491],['title_description']
美加墨世界杯分组,['4999'],[],title_description,3,1,['4999'],3.0,"['5550', '62016', '4999']","[0.4047960042953491, 0.38353055715560913, 0.3278777599334717]","['title_description', 'title_description', 'title_description']"
美加墨世界杯赛程,['4999'],[],title_description,1,0,[],,['62016'],[0.4855153262615204],['title_description']
美加墨世界杯赛程,['4999'],[],title_description,3,0,[],,"['62016', '5550', '46671']","[0.4855153262615204, 0.41435790061950684, 0.34869951009750366]","['title_description', 'title_description', 'title_description']"
美加莫世界杯赛程,['4999'],[],title_description,1,0,[],,['62016'],[0.5193558931350708],['title_description']
美加莫世界杯赛程,['4999'],[],title_description,3,0,[],,"['62016', '5550', '51275']","[0.5193558931350708, 0.43884530663490295, 0.3569193482398987]","['title_description', 'title_description', 'title_description']"
苏超比赛日程,['4999'],[],title_description,1,0,[],,['62016'],[0.5411961674690247],['title_description']
苏超比赛日程,['4999'],[],title_description,3,0,[],,"['62016', '5550', '61111']","[0.5411961674690247, 0.496536523103714, 0.42746520042419434]","['title_description', 'title_description', 'title_description']"
足球世界杯,['4999'],[],title_description,1,0,[],,['5550'],[0.5128614902496338],['title_description']
足球世界杯,['4999'],[],title_description,3,0,[],,"['5550', '62016', '50926']","[0.5128614902496338, 0.47262391448020935, 0.38909804821014404]","['title_description', 'title_description', 'title_description']"
足球世界杯今日战况,['4999'],[],title_description,1,0,[],,['62016'],[0.3978714346885681],['title_description']
足球世界杯今日战况,['4999'],[],title_description,3,0,[],,"['62016', '5550', '50926']","[0.3978714346885681, 0.39007335901260376, 0.37380483746528625]","['title_description', 'title_description', 'title_description']"
足球世界杯比分,['4999'],[],title_description,1,0,[],,['62016'],[0.46224039793014526],['title_description']
足球世界杯比分,['4999'],[],title_description,3,0,[],,"['62016', '5550', '50926']","[0.46224039793014526, 0.4184500575065613, 0.4078499972820282]","['title_description', 'title_description', 'title_description']"
足球世界杯比赛战绩表,['4999'],[],title_description,1,0,[],,['62016'],[0.47615909576416016],['title_description']
足球世界杯比赛战绩表,['4999'],[],title_description,3,0,[],,"['62016', '5550', '51255']","[0.47615909576416016, 0.4387322962284088, 0.34598371386528015]","['title_description', 'title_description', 'title_description']"
足球世界杯赛比赛结果,['4999'],[],title_description,1,0,[],,['62016'],[0.522739052772522],['title_description']
足球世界杯赛比赛结果,['4999'],[],title_description,3,0,[],,"['62016', '5550', '60977']","[0.522739052772522, 0.4860111474990845, 0.3829643726348877]","['title_description', 'title_description', 'title_description']"
闽超比赛时间表,['4999'],[],title_description,1,0,[],,['62016'],[0.49360090494155884],['title_description']
闽超比赛时间表,['4999'],[],title_description,3,0,[],,"['62016', '5550', '61111']","[0.49360090494155884, 0.4522375464439392, 0.42070645093917847]","['title_description', 'title_description', 'title_description']"
