query,gold_ids,missing_gold_ids,view,k,pass_at_k,hit_ids,first_hit_rank,recall_ids,recall_scores,recall_views
100万左右的商务车,['5271'],[],description,1,0,[],,['50760'],[0.5929864048957825],['description']
100万左右的商务车,['5271'],[],description,3,1,['5271'],3.0,"['50760', '50574', '5271']","[0.5929864048957825, 0.5273220539093018, 0.5257236957550049]","['description', 'description', 'description']"
10万以内的燃油自动挡车型,['5271'],[],description,1,0,[],,['50760'],[0.6079824566841125],['description']
10万以内的燃油自动挡车型,['5271'],[],description,3,1,['5271'],3.0,"['50760', '50574', '5271']","[0.6079824566841125, 0.517650842666626, 0.49918240308761597]","['description', 'description', 'description']"
10万左右的suv,['5271'],[],description,1,0,[],,['50760'],[0.5817028880119324],['description']
10万左右的suv,['5271'],[],description,3,1,['5271'],2.0,"['50760', '5271', '50574']","[0.5817028880119324, 0.5049458146095276, 0.46050864458084106]","['description', 'description', 'description']"
10万左右的油电混合车有哪些,['5271'],[],description,1,0,[],,['50760'],[0.586022138595581],['description']
10万左右的油电混合车有哪些,['5271'],[],description,3,1,['5271'],2.0,"['50760', '5271', '50574']","[0.586022138595581, 0.540199875831604, 0.5200667977333069]","['description', 'description', 'description']"
10万左右的电车,['5271'],[],description,1,0,[],,['50760'],[0.5960454940795898],['description']
10万左右的电车,['5271'],[],description,3,1,['5271'],2.0,"['50760', '5271', '50574']","[0.5960454940795898, 0.5531729459762573, 0.5256778001785278]","['description', 'description', 'description']"
15到20万左右的suv车推荐,['5271'],[],description,1,0,[],,['50760'],[0.6493144035339355],['description']
15到20万左右的suv车推荐,['5271'],[],description,3,1,['5271'],2.0,"['50760', '5271', '50574']","[0.6493144035339355, 0.506248414516449, 0.48919302225112915]","['description', 'description', 'description']"
2026年新款车,['5271'],[],description,1,0,[],,['50760'],[0.5309771299362183],['description']
2026年新款车,['5271'],[],description,3,1,['5271'],2.0,"['50760', '5271', '5819']","[0.5309771299362183, 0.4909518361091614, 0.4877951443195343]","['description', 'description', 'description']"
20万左右买什么车,['5271'],[],description,1,0,[],,['50760'],[0.726604700088501],['description']
20万左右买什么车,['5271'],[],description,3,1,['5271'],3.0,"['50760', '50574', '5271']","[0.726604700088501, 0.5427116751670837, 0.5230076909065247]","['description', 'description', 'description']"
30万左右的suv哪款好,['5271'],[],description,1,0,[],,['50760'],[0.5816546678543091],['description']
30万左右的suv哪款好,['5271'],[],description,3,1,['5271'],2.0,"['50760', '5271', '50574']","[0.5816546678543091, 0.49608296155929565, 0.4924977719783783]","['description', 'description', 'description']"
5万左右的新能源汽车,['5271'],[],description,1,0,[],,['50760'],[0.5778321623802185],['description']
5万左右的新能源汽车,['5271'],[],description,3,1,['5271'],3.0,"['50760', '50574', '5271']","[0.5778321623802185, 0.5201107263565063, 0.5150116086006165]","['description', 'description', 'description']"
5万左右的车,['5271'],[],description,1,0,[],,['50760'],[0.6744008660316467],['description']
5万左右的车,['5271'],[],description,3,1,['5271'],2.0,"['50760', '5271', '50574']","[0.6744008660316467, 0.549909234046936, 0.5451390743255615]","['description', 'description', 'description']"
6座的车有哪些,['5271'],[],description,1,1,['5271'],1.0,['5271'],[0.5541203618049622],['description']
6座的车有哪些,['5271'],[],description,3,1,['5271'],1.0,"['5271', '50760', '50574']","[0.5541203618049622, 0.5442535877227783, 0.5397915244102478]","['description', 'description', 'description']"
7万左右纯电车推荐,['5271'],[],description,1,0,[],,['50760'],[0.5386458039283752],['description']
7万左右纯电车推荐,['5271'],[],description,3,1,['5271'],2.0,"['50760', '5271', '50574']","[0.5386458039283752, 0.5119310617446899, 0.5099104642868042]","['description', 'description', 'description']"
8万左右的车有哪些,['5271'],[],description,1,0,[],,['50760'],[0.6540593504905701],['description']
8万左右的车有哪些,['5271'],[],description,3,1,['5271'],3.0,"['50760', '50574', '5271']","[0.6540593504905701, 0.5524667501449585, 0.5343964695930481]","['description', 'description', 'description']"
91万左右的油的性能车,['5271'],[],description,1,0,[],,['50760'],[0.5105946063995361],['description']
91万左右的油的性能车,['5271'],[],description,3,0,[],,"['50760', '50574', '5819']","[0.5105946063995361, 0.475094735622406, 0.47451251745224]","['description', 'description', 'description']"
hev混合动力汽车推荐,['5271'],[],description,1,1,['5271'],1.0,['5271'],[0.5324969291687012],['description']
hev混合动力汽车推荐,['5271'],[],description,3,1,['5271'],1.0,"['5271', '5819', '50574']","[0.5324969291687012, 0.516525387763977, 0.5106582045555115]","['description', 'description', 'description']"
jeep有合资车吗?,['5271'],[],description,1,1,['5271'],1.0,['5271'],[0.48533231019973755],['description']
jeep有合资车吗?,['5271'],[],description,3,1,['5271'],1.0,"['5271', '5819', '50760']","[0.48533231019973755, 0.47436538338661194, 0.45437780022621155]","['description', 'description', 'description']"
suv5万左右,['5271'],[],description,1,0,[],,['50760'],[0.5559406280517578],['description']
suv5万左右,['5271'],[],description,3,1,['5271'],2.0,"['50760', '5271', '50574']","[0.5559406280517578, 0.5431036949157715, 0.4735719561576843]","['description', 'description', 'description']"
suv车型图片及报价,['5271'],[],description,1,1,['5271'],1.0,['5271'],[0.5895858407020569],['description']
suv车型图片及报价,['5271'],[],description,3,1,['5271'],1.0,"['5271', '50760', '50574']","[0.5895858407020569, 0.5888031721115112, 0.5578571557998657]","['description', 'description', 'description']"
一汽大众新能源车,['5271'],[],description,1,0,[],,['5819'],[0.48374730348587036],['description']
一汽大众新能源车,['5271'],[],description,3,1,['5271'],2.0,"['5819', '5271', '50574']","[0.48374730348587036, 0.4766281843185425, 0.4731931686401367]","['description', 'description', 'description']"
七座商务车有哪些,['5271'],[],description,1,1,['5271'],1.0,['5271'],[0.5283144116401672],['description']
七座商务车有哪些,['5271'],[],description,3,1,['5271'],1.0,"['5271', '50574', '50760']","[0.5283144116401672, 0.5130935907363892, 0.47565755248069763]","['description', 'description', 'description']"
七座柴油车有哪几款,['5271'],[],description,1,1,['5271'],1.0,['5271'],[0.5785644054412842],['description']
七座柴油车有哪几款,['5271'],[],description,3,1,['5271'],1.0,"['5271', '50760', '50574']","[0.5785644054412842, 0.49847954511642456, 0.49444228410720825]","['description', 'description', 'description']"
七座的车,['5271'],[],description,1,1,['5271'],1.0,['5271'],[0.5435976982116699],['description']
七座的车,['5271'],[],description,3,1,['5271'],1.0,"['5271', '5819', '50574']","[0.5435976982116699, 0.5349830985069275, 0.5136690139770508]","['description', 'description', 'description']"
上汽大众suv车型有哪些,['5271'],[],description,1,1,['5271'],1.0,['5271'],[0.527820885181427],['description']
上汽大众suv车型有哪些,['5271'],[],description,3,1,['5271'],1.0,"['5271', '50760', '5819']","[0.527820885181427, 0.49178266525268555, 0.4706122577190399]","['description', 'description', 'description']"
上汽大众纯电动车有哪几款,['5271'],[],description,1,1,['5271'],1.0,['5271'],[0.5359150171279907],['description']
上汽大众纯电动车有哪几款,['5271'],[],description,3,1,['5271'],1.0,"['5271', '50574', '5819']","[0.5359150171279907, 0.47343945503234863, 0.4705811142921448]","['description', 'description', 'description']"
上汽新能源,['5271'],[],description,1,1,['5271'],1.0,['5271'],[0.5242040157318115],['description']
上汽新能源,['5271'],[],description,3,1,['5271'],1.0,"['5271', '5819', '50574']","[0.5242040157318115, 0.4793190360069275, 0.4687095880508423]","['description', 'description', 'description']"
上海大众车型及价格,['5271'],[],description,1,0,[],,['50760'],[0.5629082918167114],['description']
上海大众车型及价格,['5271'],[],description,3,1,['5271'],2.0,"['50760', '5271', '50574']","[0.5629082918167114, 0.5325247049331665, 0.5153678059577942]","['description', 'description', 'description']"
东风日产suv,['5271'],[],description,1,1,['5271'],1.0,['5271'],[0.4770500957965851],['description']
东风日产suv,['5271'],[],description,3,1,['5271'],1.0,"['5271', '5819', '50760']","[0.4770500957965851, 0.4283367395401001, 0.42120176553726196]","['description', 'description', 'description']"
两万左右的新车有哪些,['5271'],[],description,1,0,[],,['50760'],[0.7094874382019043],['description']
两万左右的新车有哪些,['5271'],[],description,3,1,['5271'],3.0,"['50760', '50574', '5271']","[0.7094874382019043, 0.558874249458313, 0.5295777320861816]","['description', 'description', 'description']"
丰田2.0t车型及价格,['5271'],[],description,1,0,[],,['50760'],[0.5978188514709473],['description']
丰田2.0t车型及价格,['5271'],[],description,3,1,['5271'],3.0,"['50760', '4526', '5271']","[0.5978188514709473, 0.4855659604072571, 0.45716598629951477]","['description', 'description', 'description']"
丰田suv车型大全,['5271'],[],description,1,1,['5271'],1.0,['5271'],[0.48869162797927856],['description']
丰田suv车型大全,['5271'],[],description,3,1,['5271'],1.0,"['5271', '50760', '5819']","[0.48869162797927856, 0.45677316188812256, 0.42759019136428833]","['description', 'description', 'description']"
丰田七座商务车,['5271'],[],description,1,0,[],,['50574'],[0.3923240303993225],['description']
丰田七座商务车,['5271'],[],description,3,1,['5271'],2.0,"['50574', '5271', '5819']","[0.3923240303993225, 0.38875097036361694, 0.38556358218193054]","['description', 'description', 'description']"
丰田六座车多少钱,['5271'],[],description,1,0,[],,['50760'],[0.5118128657341003],['description']
丰田六座车多少钱,['5271'],[],description,3,0,[],,"['50760', '60338', '50574']","[0.5118128657341003, 0.49497202038764954, 0.4638783931732178]","['description', 'description', 'description']"
丰田微型车图片,['5271'],[],description,1,0,[],,['5819'],[0.4371464252471924],['description']
丰田微型车图片,['5271'],[],description,3,1,['5271'],3.0,"['5819', '50760', '5271']","[0.4371464252471924, 0.4233437180519104, 0.42331230640411377]","['description', 'description', 'description']"
丰田新款车,['5271'],[],description,1,0,[],,['5819'],[0.4823693633079529],['description']
丰田新款车,['5271'],[],description,3,0,[],,"['5819', '50574', '50760']","[0.4823693633079529, 0.47010189294815063, 0.46586328744888306]","['description', 'description', 'description']"
丰田混动有什么车型,['5271'],[],description,1,1,['5271'],1.0,['5271'],[0.5220292806625366],['description']
丰田混动有什么车型,['5271'],[],description,3,1,['5271'],1.0,"['5271', '50760', '50574']","[0.5220292806625366, 0.48621854186058044, 0.4741207957267761]","['description', 'description', 'description']"
丰田越野车2025最新款多少钱,['5271'],[],description,1,0,[],,['50760'],[0.4893708825111389],['description']
丰田越野车2025最新款多少钱,['5271'],[],description,3,0,[],,"['50760', '60338', '4526']","[0.4893708825111389, 0.47718408703804016, 0.4413735568523407]","['description', 'description', 'description']"
二厢车有哪几款,['5271'],[],description,1,0,[],,['50760'],[0.6237270832061768],['description']
二厢车有哪几款,['5271'],[],description,3,1,['5271'],2.0,"['50760', '5271', '50574']","[0.6237270832061768, 0.5850654244422913, 0.5568816065788269]","['description', 'description', 'description']"
五万左右能买什么油车,['5271'],[],description,1,0,[],,['50760'],[0.6375647783279419],['description']
五万左右能买什么油车,['5271'],[],description,3,0,[],,"['50760', '50574', '5819']","[0.6375647783279419, 0.5516601800918579, 0.5309909582138062]","['description', 'description', 'description']"
五菱混动车型,['5271'],[],description,1,1,['5271'],1.0,['5271'],[0.513351321220398],['description']
五菱混动车型,['5271'],[],description,3,1,['5271'],1.0,"['5271', '5819', '50574']","[0.513351321220398, 0.4654574394226074, 0.4496023654937744]","['description', 'description', 'description']"
五菱电车,['5271'],[],description,1,1,['5271'],1.0,['5271'],[0.5238744616508484],['description']
五菱电车,['5271'],[],description,3,1,['5271'],1.0,"['5271', '5819', '50574']","[0.5238744616508484, 0.4712696075439453, 0.4463418126106262]","['description', 'description', 'description']"
五菱面包车价格,['5271'],[],description,1,0,[],,['60338'],[0.4864351749420166],['description']
五菱面包车价格,['5271'],[],description,3,1,['5271'],3.0,"['60338', '50760', '5271']","[0.4864351749420166, 0.4842793941497803, 0.4788880944252014]","['description', 'description', 'description']"
传祺suv,['5271'],[],description,1,1,['5271'],1.0,['5271'],[0.5155762434005737],['description']
传祺suv,['5271'],[],description,3,1,['5271'],1.0,"['5271', '5819', '50574']","[0.5155762434005737, 0.47410333156585693, 0.47040003538131714]","['description', 'description', 'description']"
兰博基尼跑车价格及图片,['5271'],[],description,1,0,[],,['50760'],[0.4627187252044678],['description']
兰博基尼跑车价格及图片,['5271'],[],description,3,1,['5271'],2.0,"['50760', '5271', '50574']","[0.4627187252044678, 0.4394659996032715, 0.4355224370956421]","['description', 'description', 'description']"
十万的车有哪些,['5271'],[],description,1,0,[],,['50760'],[0.6539860963821411],['description']
十万的车有哪些,['5271'],[],description,3,1,['5271'],2.0,"['50760', '5271', '50574']","[0.6539860963821411, 0.5800542235374451, 0.5698862671852112]","['description', 'description', 'description']"
吉利hev车型有哪些,['5271'],[],description,1,1,['5271'],1.0,['5271'],[0.5997895002365112],['description']
吉利hev车型有哪些,['5271'],[],description,3,1,['5271'],1.0,"['5271', '50574', '5819']","[0.5997895002365112, 0.5247387290000916, 0.5211254358291626]","['description', 'description', 'description']"
吉利新能源汽车的价格,['5271'],[],description,1,1,['5271'],1.0,['5271'],[0.5621026754379272],['description']
吉利新能源汽车的价格,['5271'],[],description,3,1,['5271'],1.0,"['5271', '50574', '60338']","[0.5621026754379272, 0.5400990843772888, 0.5396725535392761]","['description', 'description', 'description']"
吉利汽车图片大全,['5271'],[],description,1,0,[],,['5819'],[0.46750408411026],['description']
吉利汽车图片大全,['5271'],[],description,3,1,['5271'],3.0,"['5819', '50574', '5271']","[0.46750408411026, 0.4538699984550476, 0.43415090441703796]","['description', 'description', 'description']"
吉利电动suv,['5271'],[],description,1,1,['5271'],1.0,['5271'],[0.4973532557487488],['description']
吉利电动suv,['5271'],[],description,3,1,['5271'],1.0,"['5271', '5819', '50574']","[0.4973532557487488, 0.45453524589538574, 0.43242719769477844]","['description', 'description', 'description']"
吉利纯电车有哪些,['5271'],[],description,1,1,['5271'],1.0,['5271'],[0.568062424659729],['description']
吉利纯电车有哪些,['5271'],[],description,3,1,['5271'],1.0,"['5271', '50574', '5819']","[0.568062424659729, 0.5175333023071289, 0.5070164203643799]","['description', 'description', 'description']"
吉普suv,['5271'],[],description,1,1,['5271'],1.0,['5271'],[0.4427833557128906],['description']
吉普suv,['5271'],[],description,3,1,['5271'],1.0,"['5271', '5819', '50574']","[0.4427833557128906, 0.42589420080184937, 0.39861851930618286]","['description', 'description', 'description']"
四轮电动车价格,['5271'],[],description,1,0,[],,['60338'],[0.45822298526763916],['description']
四轮电动车价格,['5271'],[],description,3,1,['5271'],2.0,"['60338', '5271', '50760']","[0.45822298526763916, 0.43769773840904236, 0.4287973642349243]","['description', 'description', 'description']"
四驱的车有哪些,['5271'],[],description,1,1,['5271'],1.0,['5271'],[0.5350698232650757],['description']
四驱的车有哪些,['5271'],[],description,3,1,['5271'],1.0,"['5271', '5819', '50574']","[0.5350698232650757, 0.5229098200798035, 0.5207884907722473]","['description', 'description', 'description']"
国产一百多万的车,['5271'],[],description,1,0,[],,['50760'],[0.4982702136039734],['description']
国产一百多万的车,['5271'],[],description,3,1,['5271'],2.0,"['50760', '5271', '5819']","[0.4982702136039734, 0.4801008701324463, 0.47755277156829834]","['description', 'description', 'description']"
国产油车,['5271'],[],description,1,1,['5271'],1.0,['5271'],[0.5442246794700623],['description']
国产油车,['5271'],[],description,3,1,['5271'],1.0,"['5271', '50760', '5819']","[0.5442246794700623, 0.5280653238296509, 0.5031847953796387]","['description', 'description', 'description']"
埃安有哪些suv车型,['5271'],[],description,1,1,['5271'],1.0,['5271'],[0.5399467349052429],['description']
埃安有哪些suv车型,['5271'],[],description,3,1,['5271'],1.0,"['5271', '50760', '50574']","[0.5399467349052429, 0.4761699140071869, 0.4749322533607483]","['description', 'description', 'description']"
大众10-15万车有哪些,['5271'],[],description,1,0,[],,['50760'],[0.6414592862129211],['description']
大众10-15万车有哪些,['5271'],[],description,3,1,['5271'],2.0,"['50760', '5271', '50574']","[0.6414592862129211, 0.5843260288238525, 0.5534791946411133]","['description', 'description', 'description']"
大众10以下的车型,['5271'],[],description,1,0,[],,['50760'],[0.630126953125],['description']
大众10以下的车型,['5271'],[],description,3,1,['5271'],2.0,"['50760', '5271', '50574']","[0.630126953125, 0.5774553418159485, 0.5509531497955322]","['description', 'description', 'description']"
大众suv车型及价格,['5271'],[],description,1,0,[],,['50760'],[0.5939715504646301],['description']
大众suv车型及价格,['5271'],[],description,3,1,['5271'],2.0,"['50760', '5271', '50574']","[0.5939715504646301, 0.586635410785675, 0.5116409659385681]","['description', 'description', 'description']"
大众皮卡,['5271'],[],description,1,1,['5271'],1.0,['5271'],[0.5254780054092407],['description']
大众皮卡,['5271'],[],description,3,1,['5271'],1.0,"['5271', '5819', '50760']","[0.5254780054092407, 0.49875563383102417, 0.491513729095459]","['description', 'description', 'description']"
大众纯电车有哪几款,['5271'],[],description,1,1,['5271'],1.0,['5271'],[0.568026065826416],['description']
大众纯电车有哪几款,['5271'],[],description,3,1,['5271'],1.0,"['5271', '50574', '50760']","[0.568026065826416, 0.5049573183059692, 0.49726444482803345]","['description', 'description', 'description']"
大众豪车,['5271'],[],description,1,0,[],,['50760'],[0.5021681189537048],['description']
大众豪车,['5271'],[],description,3,1,['5271'],2.0,"['50760', '5271', '5881']","[0.5021681189537048, 0.4962376356124878, 0.4771158993244171]","['description', 'description', 'description']"
大型的mpv,['5271'],[],description,1,1,['5271'],1.0,['5271'],[0.5369645357131958],['description']
大型的mpv,['5271'],[],description,3,1,['5271'],1.0,"['5271', '50760', '5819']","[0.5369645357131958, 0.5048156976699829, 0.4688475430011749]","['description', 'description', 'description']"
奔驰20多万的车有哪些款,['5271'],[],description,1,0,[],,['50760'],[0.6373894810676575],['description']
奔驰20多万的车有哪些款,['5271'],[],description,3,1,['5271'],2.0,"['50760', '5271', '4526']","[0.6373894810676575, 0.5176403522491455, 0.49419406056404114]","['description', 'description', 'description']"
奔驰suv价格,['5271'],[],description,1,0,[],,['50760'],[0.5213596820831299],['description']
奔驰suv价格,['5271'],[],description,3,1,['5271'],3.0,"['50760', '4526', '5271']","[0.5213596820831299, 0.5205724239349365, 0.5131224989891052]","['description', 'description', 'description']"
奔驰商务车七座图片及报价,['5271'],[],description,1,1,['5271'],1.0,['5271'],[0.4380408525466919],['description']
奔驰商务车七座图片及报价,['5271'],[],description,3,1,['5271'],1.0,"['5271', '50574', '4526']","[0.4380408525466919, 0.43634968996047974, 0.429356187582016]","['description', 'description', 'description']"
奔驰油电混合车型有哪几款,['5271'],[],description,1,1,['5271'],1.0,['5271'],[0.5497359037399292],['description']
奔驰油电混合车型有哪几款,['5271'],[],description,3,1,['5271'],1.0,"['5271', '50760', '50574']","[0.5497359037399292, 0.474886417388916, 0.4664781987667084]","['description', 'description', 'description']"
奔驰电车,['5271'],[],description,1,1,['5271'],1.0,['5271'],[0.5380416512489319],['description']
奔驰电车,['5271'],[],description,3,1,['5271'],1.0,"['5271', '5819', '50574']","[0.5380416512489319, 0.4714774191379547, 0.4596102237701416]","['description', 'description', 'description']"
奔驰进口车型有哪几款,['5271'],[],description,1,1,['5271'],1.0,['5271'],[0.5125519633293152],['description']
奔驰进口车型有哪几款,['5271'],[],description,3,1,['5271'],1.0,"['5271', '4526', '50574']","[0.5125519633293152, 0.47419148683547974, 0.4691106677055359]","['description', 'description', 'description']"
奥迪电车,['5271'],[],description,1,1,['5271'],1.0,['5271'],[0.5630559325218201],['description']
奥迪电车,['5271'],[],description,3,1,['5271'],1.0,"['5271', '5819', '50574']","[0.5630559325218201, 0.513211727142334, 0.4689479172229767]","['description', 'description', 'description']"
宋七座车型及价格,['5271'],[],description,1,1,['5271'],1.0,['5271'],[0.5031723380088806],['description']
宋七座车型及价格,['5271'],[],description,3,1,['5271'],1.0,"['5271', '50760', '50574']","[0.5031723380088806, 0.501762330532074, 0.46479177474975586]","['description', 'description', 'description']"
宝马两座,['5271'],[],description,1,1,['5271'],1.0,['5271'],[0.542235791683197],['description']
宝马两座,['5271'],[],description,3,1,['5271'],1.0,"['5271', '50760', '4526']","[0.542235791683197, 0.5012084245681763, 0.49675101041793823]","['description', 'description', 'description']"
宝马哪款是suv,['5271'],[],description,1,1,['5271'],1.0,['5271'],[0.5671224594116211],['description']
宝马哪款是suv,['5271'],[],description,3,1,['5271'],1.0,"['5271', '4526', '50760']","[0.5671224594116211, 0.516554594039917, 0.4430328607559204]","['description', 'description', 'description']"
宝马迷你mini,['5271'],[],description,1,1,['5271'],1.0,['5271'],[0.5377311110496521],['description']
宝马迷你mini,['5271'],[],description,3,1,['5271'],1.0,"['5271', '4526', '5819']","[0.5377311110496521, 0.4937534034252167, 0.4435683786869049]","['description', 'description', 'description']"
宝骏新能源,['5271'],[],description,1,1,['5271'],1.0,['5271'],[0.5644911527633667],['description']
宝骏新能源,['5271'],[],description,3,1,['5271'],1.0,"['5271', '50574', '5819']","[0.5644911527633667, 0.460683673620224, 0.45741307735443115]","['description', 'description', 'description']"
小型mpv车型有哪些,['5271'],[],description,1,1,['5271'],1.0,['5271'],[0.5635172128677368],['description']
小型mpv车型有哪些,['5271'],[],description,3,1,['5271'],1.0,"['5271', '50760', '50574']","[0.5635172128677368, 0.5128780603408813, 0.49886029958724976]","['description', 'description', 'description']"
岚图六座suv多少钱,['5271'],[],description,1,0,[],,['50760'],[0.5042177438735962],['description']
岚图六座suv多少钱,['5271'],[],description,3,1,['5271'],2.0,"['50760', '5271', '50574']","[0.5042177438735962, 0.49548229575157166, 0.479437917470932]","['description', 'description', 'description']"
广汽传祺七座商务车价格,['5271'],[],description,1,0,[],,['50574'],[0.4625299870967865],['description']
广汽传祺七座商务车价格,['5271'],[],description,3,1,['5271'],2.0,"['50574', '5271', '50760']","[0.4625299870967865, 0.44998031854629517, 0.4397154450416565]","['description', 'description', 'description']"
广汽传祺油电混合7座,['5271'],[],description,1,1,['5271'],1.0,['5271'],[0.4178599715232849],['description']
广汽传祺油电混合7座,['5271'],[],description,3,1,['5271'],1.0,"['5271', '5819', '50574']","[0.4178599715232849, 0.4054352045059204, 0.4051000475883484]","['description', 'description', 'description']"
手动挡的车有哪些,['5271'],[],description,1,1,['5271'],1.0,['5271'],[0.523391604423523],['description']
手动挡的车有哪些,['5271'],[],description,3,1,['5271'],1.0,"['5271', '50574', '50760']","[0.523391604423523, 0.5183902382850647, 0.5089926719665527]","['description', 'description', 'description']"
捷豹100万以上的车,['5271'],[],description,1,0,[],,['50760'],[0.47590309381484985],['description']
捷豹100万以上的车,['5271'],[],description,3,0,[],,"['50760', '50574', '5819']","[0.47590309381484985, 0.4614468514919281, 0.4379885792732239]","['description', 'description', 'description']"
捷豹suv,['5271'],[],description,1,1,['5271'],1.0,['5271'],[0.4387897849082947],['description']
捷豹suv,['5271'],[],description,3,1,['5271'],1.0,"['5271', '50574', '5819']","[0.4387897849082947, 0.4275331199169159, 0.42333245277404785]","['description', 'description', 'description']"
新能源汽车有哪些,['5271'],[],description,1,1,['5271'],1.0,['5271'],[0.6158407926559448],['description']
新能源汽车有哪些,['5271'],[],description,3,1,['5271'],1.0,"['5271', '50574', '5819']","[0.6158407926559448, 0.5704033374786377, 0.5460752248764038]","['description', 'description', 'description']"
新能源面包车,['5271'],[],description,1,1,['5271'],1.0,['5271'],[0.5118730664253235],['description']
新能源面包车,['5271'],[],description,3,1,['5271'],1.0,"['5271', '50574', '5819']","[0.5118730664253235, 0.47951674461364746, 0.47658634185791016]","['description', 'description', 'description']"
日产suv全部车型,['5271'],[],description,1,1,['5271'],1.0,['5271'],[0.5575149655342102],['description']
日产suv全部车型,['5271'],[],description,3,1,['5271'],1.0,"['5271', '50760', '5819']","[0.5575149655342102, 0.45534104108810425, 0.43603092432022095]","['description', 'description', 'description']"
最长续航的纯电车是哪一款,['5271'],[],description,1,1,['5271'],1.0,['5271'],[0.5025553703308105],['description']
最长续航的纯电车是哪一款,['5271'],[],description,3,1,['5271'],1.0,"['5271', '50574', '5819']","[0.5025553703308105, 0.4901142418384552, 0.4663444757461548]","['description', 'description', 'description']"
有车价格,['5271'],[],description,1,0,[],,['50760'],[0.684820294380188],['description']
有车价格,['5271'],[],description,3,0,[],,"['50760', '50574', '60338']","[0.684820294380188, 0.6453182101249695, 0.6358710527420044]","['description', 'description', 'description']"
本田suv车型大全,['5271'],[],description,1,1,['5271'],1.0,['5271'],[0.5082039833068848],['description']
本田suv车型大全,['5271'],[],description,3,1,['5271'],1.0,"['5271', '50760', '50574']","[0.5082039833068848, 0.4537419080734253, 0.42567822337150574]","['description', 'description', 'description']"
本田电车,['5271'],[],description,1,1,['5271'],1.0,['5271'],[0.5506213903427124],['description']
本田电车,['5271'],[],description,3,1,['5271'],1.0,"['5271', '5819', '50574']","[0.5506213903427124, 0.4808332026004791, 0.4642212390899658]","['description', 'description', 'description']"
极氪轿车,['5271'],[],description,1,0,[],,['5819'],[0.5135927200317383],['description']
极氪轿车,['5271'],[],description,3,1,['5271'],3.0,"['5819', '50574', '5271']","[0.5135927200317383, 0.48961541056632996, 0.4873000979423523]","['description', 'description', 'description']"
比亚迪suv,['5271'],[],description,1,1,['5271'],1.0,['5271'],[0.7155033349990845],['description']
比亚迪suv,['5271'],[],description,3,1,['5271'],1.0,"['5271', '5819', '50760']","[0.7155033349990845, 0.4915868639945984, 0.48552432656288147]","['description', 'description', 'description']"
比亚迪七座纯电车有哪些,['5271'],[],description,1,1,['5271'],1.0,['5271'],[0.6427953243255615],['description']
比亚迪七座纯电车有哪些,['5271'],[],description,3,1,['5271'],1.0,"['5271', '50574', '5819']","[0.6427953243255615, 0.462100088596344, 0.46204042434692383]","['description', 'description', 'description']"
比亚迪新能源10万以内,['5271'],[],description,1,1,['5271'],1.0,['5271'],[0.6444896459579468],['description']
比亚迪新能源10万以内,['5271'],[],description,3,1,['5271'],1.0,"['5271', '50760', '50574']","[0.6444896459579468, 0.5322675704956055, 0.512485146522522]","['description', 'description', 'description']"
比亚迪新能源汽车2026款最新款价格,['5271'],[],description,1,1,['5271'],1.0,['5271'],[0.6388170719146729],['description']
比亚迪新能源汽车2026款最新款价格,['5271'],[],description,3,1,['5271'],1.0,"['5271', '4526', '50760']","[0.6388170719146729, 0.5124765038490295, 0.5049124956130981]","['description', 'description', 'description']"
比亚迪汽车最贵的车型是哪一款,['5271'],[],description,1,1,['5271'],1.0,['5271'],[0.6925191283226013],['description']
比亚迪汽车最贵的车型是哪一款,['5271'],[],description,3,1,['5271'],1.0,"['5271', '50760', '50574']","[0.6925191283226013, 0.5282065272331238, 0.5240092277526855]","['description', 'description', 'description']"
比亚迪电车,['5271'],[],description,1,1,['5271'],1.0,['5271'],[0.6967895030975342],['description']
比亚迪电车,['5271'],[],description,3,1,['5271'],1.0,"['5271', '5819', '50574']","[0.6967895030975342, 0.5173481702804565, 0.4981493353843689]","['description', 'description', 'description']"
比亚迪纯电越野车报价,['5271'],[],description,1,1,['5271'],1.0,['5271'],[0.6162228584289551],['description']
比亚迪纯电越野车报价,['5271'],[],description,3,1,['5271'],1.0,"['5271', '4526', '50574']","[0.6162228584289551, 0.4996931552886963, 0.478837251663208]","['description', 'description', 'description']"
江铃皮卡,['5271'],[],description,1,0,[],,['5819'],[0.4191446900367737],['description']
江铃皮卡,['5271'],[],description,3,1,['5271'],3.0,"['5819', '50574', '5271']","[0.4191446900367737, 0.4045259952545166, 0.39628076553344727]","['description', 'description', 'description']"
汽车排量,['5271'],[],description,1,0,[],,['50760'],[0.6249682903289795],['description']
汽车排量,['5271'],[],description,3,1,['5271'],3.0,"['50760', '50574', '5271']","[0.6249682903289795, 0.6083881855010986, 0.5723624229431152]","['description', 'description', 'description']"
沃尔沃s,['5271'],[],description,1,1,['5271'],1.0,['5271'],[0.5310908555984497],['description']
沃尔沃s,['5271'],[],description,3,1,['5271'],1.0,"['5271', '50760', '5819']","[0.5310908555984497, 0.5148544907569885, 0.493622362613678]","['description', 'description', 'description']"
混动商务车,['5271'],[],description,1,1,['5271'],1.0,['5271'],[0.5514843463897705],['description']
混动商务车,['5271'],[],description,3,1,['5271'],1.0,"['5271', '50574', '50760']","[0.5514843463897705, 0.48155760765075684, 0.47629985213279724]","['description', 'description', 'description']"
特斯拉电车价格及图片大全,['5271'],[],description,1,1,['5271'],1.0,['5271'],[0.5222526788711548],['description']
特斯拉电车价格及图片大全,['5271'],[],description,3,1,['5271'],1.0,"['5271', '50760', '4526']","[0.5222526788711548, 0.5019857883453369, 0.4730750024318695]","['description', 'description', 'description']"
玛莎拉蒂新款,['5271'],[],description,1,1,['5271'],1.0,['5271'],[0.42886435985565186],['description']
玛莎拉蒂新款,['5271'],[],description,3,1,['5271'],1.0,"['5271', '5819', '50760']","[0.42886435985565186, 0.4268123507499695, 0.4242006540298462]","['description', 'description', 'description']"
现代的suv 最贵,['5271'],[],description,1,1,['5271'],1.0,['5271'],[0.4565353989601135],['description']
现代的suv 最贵,['5271'],[],description,3,1,['5271'],1.0,"['5271', '50760', '4526']","[0.4565353989601135, 0.451163113117218, 0.4042515158653259]","['description', 'description', 'description']"
现在电车多少钱一辆,['5271'],[],description,1,0,[],,['60338'],[0.5643665790557861],['description']
现在电车多少钱一辆,['5271'],[],description,3,1,['5271'],2.0,"['60338', '5271', '50760']","[0.5643665790557861, 0.554936408996582, 0.5528790950775146]","['description', 'description', 'description']"
理想6坐电车多少钱,['5271'],[],description,1,1,['5271'],1.0,['5271'],[0.5512356758117676],['description']
理想6坐电车多少钱,['5271'],[],description,3,1,['5271'],1.0,"['5271', '50760', '60338']","[0.5512356758117676, 0.5374563932418823, 0.5275999307632446]","['description', 'description', 'description']"
电车有哪些款,['5271'],[],description,1,1,['5271'],1.0,['5271'],[0.6299405097961426],['description']
电车有哪些款,['5271'],[],description,3,1,['5271'],1.0,"['5271', '50574', '50760']","[0.6299405097961426, 0.5577305555343628, 0.5540317296981812]","['description', 'description', 'description']"
皮卡车价格大全,['5271'],[],description,1,0,[],,['50760'],[0.5269075632095337],['description']
皮卡车价格大全,['5271'],[],description,3,1,['5271'],2.0,"['50760', '5271', '4526']","[0.5269075632095337, 0.5130594372749329, 0.5086969137191772]","['description', 'description', 'description']"
目前日系最便宜的车,['5271'],[],description,1,0,[],,['50760'],[0.564787745475769],['description']
目前日系最便宜的车,['5271'],[],description,3,0,[],,"['50760', '50574', '5819']","[0.564787745475769, 0.539788007736206, 0.5252822041511536]","['description', 'description', 'description']"
省油的suv,['5271'],[],description,1,1,['5271'],1.0,['5271'],[0.48851698637008667],['description']
省油的suv,['5271'],[],description,3,1,['5271'],1.0,"['5271', '50760', '5819']","[0.48851698637008667, 0.46179354190826416, 0.4579344093799591]","['description', 'description', 'description']"
福特suv七座车型及价格,['5271'],[],description,1,1,['5271'],1.0,['5271'],[0.45950210094451904],['description']
福特suv七座车型及价格,['5271'],[],description,3,1,['5271'],1.0,"['5271', '50760', '4526']","[0.45950210094451904, 0.4490283131599426, 0.4048447012901306]","['description', 'description', 'description']"
福特小车,['5271'],[],description,1,0,[],,['5819'],[0.4761003255844116],['description']
福特小车,['5271'],[],description,3,1,['5271'],3.0,"['5819', '50574', '5271']","[0.4761003255844116, 0.45700448751449585, 0.4463844895362854]","['description', 'description', 'description']"
福田9座车型,['5271'],[],description,1,1,['5271'],1.0,['5271'],[0.49568405747413635],['description']
福田9座车型,['5271'],[],description,3,1,['5271'],1.0,"['5271', '5819', '50760']","[0.49568405747413635, 0.4589880704879761, 0.4496527314186096]","['description', 'description', 'description']"
红旗新能源车,['5271'],[],description,1,1,['5271'],1.0,['5271'],[0.45626747608184814],['description']
红旗新能源车,['5271'],[],description,3,1,['5271'],1.0,"['5271', '5819', '50574']","[0.45626747608184814, 0.43549707531929016, 0.43110862374305725]","['description', 'description', 'description']"
红旗车最便宜的多少钱,['5271'],[],description,1,0,[],,['60338'],[0.589818000793457],['description']
红旗车最便宜的多少钱,['5271'],[],description,3,0,[],,"['60338', '50760', '50574']","[0.589818000793457, 0.5467579364776611, 0.5164656639099121]","['description', 'description', 'description']"
纯电续航600左右的车,['5271'],[],description,1,1,['5271'],1.0,['5271'],[0.5179919600486755],['description']
纯电续航600左右的车,['5271'],[],description,3,1,['5271'],1.0,"['5271', '50760', '50574']","[0.5179919600486755, 0.5052039623260498, 0.4922824501991272]","['description', 'description', 'description']"
美国suv,['5271'],[],description,1,1,['5271'],1.0,['5271'],[0.4773516356945038],['description']
美国suv,['5271'],[],description,3,1,['5271'],1.0,"['5271', '50760', '5819']","[0.4773516356945038, 0.477173388004303, 0.4493974447250366]","['description', 'description', 'description']"
腾势suv,['5271'],[],description,1,1,['5271'],1.0,['5271'],[0.5574732422828674],['description']
腾势suv,['5271'],[],description,3,1,['5271'],1.0,"['5271', '5819', '50760']","[0.5574732422828674, 0.4596062898635864, 0.4468890428543091]","['description', 'description', 'description']"
起亚电车,['5271'],[],description,1,1,['5271'],1.0,['5271'],[0.54767906665802],['description']
起亚电车,['5271'],[],description,3,1,['5271'],1.0,"['5271', '5819', '50574']","[0.54767906665802, 0.5117062330245972, 0.4778403341770172]","['description', 'description', 'description']"
越野车,['5271'],[],description,1,1,['5271'],1.0,['5271'],[0.4831758141517639],['description']
越野车,['5271'],[],description,3,1,['5271'],1.0,"['5271', '50760', '5819']","[0.4831758141517639, 0.48009777069091797, 0.4721824526786804]","['description', 'description', 'description']"
路虎那款车最贵,['5271'],[],description,1,0,[],,['50760'],[0.5143770575523376],['description']
路虎那款车最贵,['5271'],[],description,3,0,[],,"['50760', '50574', '60338']","[0.5143770575523376, 0.499114990234375, 0.47583842277526855]","['description', 'description', 'description']"
那个新能源车最便宜,['5271'],[],description,1,1,['5271'],1.0,['5271'],[0.5723171234130859],['description']
那个新能源车最便宜,['5271'],[],description,3,1,['5271'],1.0,"['5271', '50574', '60338']","[0.5723171234130859, 0.5687376260757446, 0.5685296058654785]","['description', 'description', 'description']"
那个车最好最省油,['5271'],[],description,1,0,[],,['5819'],[0.5593128204345703],['description']
那个车最好最省油,['5271'],[],description,3,0,[],,"['5819', '50574', '50760']","[0.5593128204345703, 0.5585767030715942, 0.5389140844345093]","['description', 'description', 'description']"
都有哪些车,['5271'],[],description,1,1,['5271'],1.0,['5271'],[0.6603581309318542],['description']
都有哪些车,['5271'],[],description,3,1,['5271'],1.0,"['5271', '50574', '50760']","[0.6603581309318542, 0.63573157787323, 0.6222094297409058]","['description', 'description', 'description']"
金杯面包车7座图片,['5271'],[],description,1,1,['5271'],1.0,['5271'],[0.39289388060569763],['description']
金杯面包车7座图片,['5271'],[],description,3,1,['5271'],1.0,"['5271', '5819', '50574']","[0.39289388060569763, 0.3824789524078369, 0.3709617257118225]","['description', 'description', 'description']"
长城suv,['5271'],[],description,1,1,['5271'],1.0,['5271'],[0.4404957890510559],['description']
长城suv,['5271'],[],description,3,1,['5271'],1.0,"['5271', '50760', '5819']","[0.4404957890510559, 0.4292939305305481, 0.4245481789112091]","['description', 'description', 'description']"
长安汽车图片大全,['5271'],[],description,1,0,[],,['5819'],[0.4335256814956665],['description']
长安汽车图片大全,['5271'],[],description,3,0,[],,"['5819', '50574', '50760']","[0.4335256814956665, 0.43035486340522766, 0.4044683575630188]","['description', 'description', 'description']"
长安轿车,['5271'],[],description,1,1,['5271'],1.0,['5271'],[0.4844103157520294],['description']
长安轿车,['5271'],[],description,3,1,['5271'],1.0,"['5271', '5819', '50574']","[0.4844103157520294, 0.4780777096748352, 0.47203075885772705]","['description', 'description', 'description']"
问界车型及价格,['5271'],[],description,1,0,[],,['50760'],[0.6166573762893677],['description']
问界车型及价格,['5271'],[],description,3,1,['5271'],2.0,"['50760', '5271', '50574']","[0.6166573762893677, 0.613013744354248, 0.5772073268890381]","['description', 'description', 'description']"
零跑车价格,['5271'],[],description,1,0,[],,['60338'],[0.5573146343231201],['description']
零跑车价格,['5271'],[],description,3,0,[],,"['60338', '50760', '50574']","[0.5573146343231201, 0.5496991276741028, 0.5163741111755371]","['description', 'description', 'description']"
雷克萨斯跑车,['5271'],[],description,1,0,[],,['50574'],[0.4156182110309601],['description']
雷克萨斯跑车,['5271'],[],description,3,0,[],,"['50574', '5819', '50760']","[0.4156182110309601, 0.40788644552230835, 0.4072215259075165]","['description', 'description', 'description']"
顶级suv,['5271'],[],description,1,1,['5271'],1.0,['5271'],[0.5168850421905518],['description']
顶级suv,['5271'],[],description,3,1,['5271'],1.0,"['5271', '50760', '50574']","[0.5168850421905518, 0.5129531621932983, 0.4711969494819641]","['description', 'description', 'description']"
领跑c13新能源汽车多少钱,['5271'],[],description,1,0,[],,['50574'],[0.5422791838645935],['description']
领跑c13新能源汽车多少钱,['5271'],[],description,3,1,['5271'],3.0,"['50574', '50760', '5271']","[0.5422791838645935, 0.5229263305664062, 0.5202003717422485]","['description', 'description', 'description']"
100万左右的商务车,['5271'],[],merged,1,0,[],,['50760'],[0.6063226461410522],['title_description']
100万左右的商务车,['5271'],[],merged,3,1,['5271'],3.0,"['50760', '50574', '5271']","[0.6063226461410522, 0.5273220539093018, 0.5257236957550049]","['title_description', 'description', 'description']"
10万以内的燃油自动挡车型,['5271'],[],merged,1,0,[],,['50760'],[0.6229509711265564],['title_description']
10万以内的燃油自动挡车型,['5271'],[],merged,3,1,['5271'],3.0,"['50760', '50574', '5271']","[0.6229509711265564, 0.517650842666626, 0.49918240308761597]","['title_description', 'description', 'description']"
10万左右的suv,['5271'],[],merged,1,0,[],,['50760'],[0.5880036950111389],['title_description']
10万左右的suv,['5271'],[],merged,3,1,['5271'],2.0,"['50760', '5271', '50574']","[0.5880036950111389, 0.5049458146095276, 0.46050864458084106]","['title_description', 'description', 'description']"
10万左右的油电混合车有哪些,['5271'],[],merged,1,0,[],,['50760'],[0.6097874641418457],['title_description']
10万左右的油电混合车有哪些,['5271'],[],merged,3,1,['5271'],2.0,"['50760', '5271', '50574']","[0.6097874641418457, 0.540199875831604, 0.5200667977333069]","['title_description', 'description', 'description']"
10万左右的电车,['5271'],[],merged,1,0,[],,['50760'],[0.614855945110321],['title_description']
10万左右的电车,['5271'],[],merged,3,1,['5271'],2.0,"['50760', '5271', '50574']","[0.614855945110321, 0.5531729459762573, 0.5256778001785278]","['title_description', 'description', 'description']"
15到20万左右的suv车推荐,['5271'],[],merged,1,0,[],,['50760'],[0.6540108323097229],['title_description']
15到20万左右的suv车推荐,['5271'],[],merged,3,1,['5271'],2.0,"['50760', '5271', '50574']","[0.6540108323097229, 0.506248414516449, 0.48919302225112915]","['title_description', 'description', 'description']"
2026年新款车,['5271'],[],merged,1,0,[],,['50760'],[0.5309771299362183],['description']
2026年新款车,['5271'],[],merged,3,1,['5271'],3.0,"['50760', '5819', '5271']","[0.5309771299362183, 0.5051406621932983, 0.4909518361091614]","['description', 'title_description', 'description']"
20万左右买什么车,['5271'],[],merged,1,0,[],,['50760'],[0.7304679155349731],['title_description']
20万左右买什么车,['5271'],[],merged,3,1,['5271'],3.0,"['50760', '50574', '5271']","[0.7304679155349731, 0.5427116751670837, 0.5230076909065247]","['title_description', 'description', 'description']"
30万左右的suv哪款好,['5271'],[],merged,1,0,[],,['50760'],[0.6022036075592041],['title_description']
30万左右的suv哪款好,['5271'],[],merged,3,1,['5271'],2.0,"['50760', '5271', '50574']","[0.6022036075592041, 0.49608296155929565, 0.4924977719783783]","['title_description', 'description', 'description']"
5万左右的新能源汽车,['5271'],[],merged,1,0,[],,['50760'],[0.5996735095977783],['title_description']
5万左右的新能源汽车,['5271'],[],merged,3,1,['5271'],3.0,"['50760', '50574', '5271']","[0.5996735095977783, 0.5201107263565063, 0.5150116086006165]","['title_description', 'description', 'description']"
5万左右的车,['5271'],[],merged,1,0,[],,['50760'],[0.6816349625587463],['title_description']
5万左右的车,['5271'],[],merged,3,1,['5271'],2.0,"['50760', '5271', '50574']","[0.6816349625587463, 0.549909234046936, 0.5451390743255615]","['title_description', 'description', 'description']"
6座的车有哪些,['5271'],[],merged,1,1,['5271'],1.0,['5271'],[0.5541203618049622],['description']
6座的车有哪些,['5271'],[],merged,3,1,['5271'],1.0,"['5271', '50760', '50574']","[0.5541203618049622, 0.5442535877227783, 0.5397915244102478]","['description', 'description', 'description']"
7万左右纯电车推荐,['5271'],[],merged,1,0,[],,['50760'],[0.5625898838043213],['title_description']
7万左右纯电车推荐,['5271'],[],merged,3,1,['5271'],2.0,"['50760', '5271', '50574']","[0.5625898838043213, 0.5119310617446899, 0.5099104642868042]","['title_description', 'description', 'description']"
8万左右的车有哪些,['5271'],[],merged,1,0,[],,['50760'],[0.6735858917236328],['title_description']
8万左右的车有哪些,['5271'],[],merged,3,1,['5271'],3.0,"['50760', '50574', '5271']","[0.6735858917236328, 0.5524667501449585, 0.5343964695930481]","['title_description', 'description', 'description']"
91万左右的油的性能车,['5271'],[],merged,1,0,[],,['50760'],[0.5322304964065552],['title_description']
91万左右的油的性能车,['5271'],[],merged,3,0,[],,"['50760', '50574', '5819']","[0.5322304964065552, 0.475094735622406, 0.47451251745224]","['title_description', 'description', 'description']"
hev混合动力汽车推荐,['5271'],[],merged,1,1,['5271'],1.0,['5271'],[0.5324969291687012],['description']
hev混合动力汽车推荐,['5271'],[],merged,3,1,['5271'],1.0,"['5271', '5819', '50574']","[0.5324969291687012, 0.516525387763977, 0.5106582045555115]","['description', 'description', 'description']"
jeep有合资车吗?,['5271'],[],merged,1,1,['5271'],1.0,['5271'],[0.48533231019973755],['description']
jeep有合资车吗?,['5271'],[],merged,3,1,['5271'],1.0,"['5271', '5819', '50574']","[0.48533231019973755, 0.47436538338661194, 0.45685526728630066]","['description', 'description', 'title_description']"
suv5万左右,['5271'],[],merged,1,0,[],,['50760'],[0.5559406280517578],['description']
suv5万左右,['5271'],[],merged,3,1,['5271'],2.0,"['50760', '5271', '50574']","[0.5559406280517578, 0.5431036949157715, 0.4735719561576843]","['description', 'description', 'description']"
suv车型图片及报价,['5271'],[],merged,1,1,['5271'],1.0,['5271'],[0.5895858407020569],['description']
suv车型图片及报价,['5271'],[],merged,3,1,['5271'],1.0,"['5271', '50760', '50574']","[0.5895858407020569, 0.5888031721115112, 0.5578571557998657]","['description', 'description', 'description']"
一汽大众新能源车,['5271'],[],merged,1,0,[],,['5819'],[0.4924035668373108],['title_description']
一汽大众新能源车,['5271'],[],merged,3,1,['5271'],2.0,"['5819', '5271', '50574']","[0.4924035668373108, 0.4766281843185425, 0.4731931686401367]","['title_description', 'description', 'description']"
七座商务车有哪些,['5271'],[],merged,1,1,['5271'],1.0,['5271'],[0.5283144116401672],['description']
七座商务车有哪些,['5271'],[],merged,3,1,['5271'],1.0,"['5271', '50574', '50760']","[0.5283144116401672, 0.5130935907363892, 0.4803929626941681]","['description', 'description', 'title_description']"
七座柴油车有哪几款,['5271'],[],merged,1,1,['5271'],1.0,['5271'],[0.5785644054412842],['description']
七座柴油车有哪几款,['5271'],[],merged,3,1,['5271'],1.0,"['5271', '50760', '50574']","[0.5785644054412842, 0.5051852464675903, 0.49444228410720825]","['description', 'title_description', 'description']"
七座的车,['5271'],[],merged,1,1,['5271'],1.0,['5271'],[0.5435976982116699],['description']
七座的车,['5271'],[],merged,3,1,['5271'],1.0,"['5271', '5819', '50574']","[0.5435976982116699, 0.5349830985069275, 0.5136690139770508]","['description', 'description', 'description']"
上汽大众suv车型有哪些,['5271'],[],merged,1,1,['5271'],1.0,['5271'],[0.527820885181427],['description']
上汽大众suv车型有哪些,['5271'],[],merged,3,1,['5271'],1.0,"['5271', '50760', '5819']","[0.527820885181427, 0.496823251247406, 0.4706122577190399]","['description', 'title_description', 'description']"
上汽大众纯电动车有哪几款,['5271'],[],merged,1,1,['5271'],1.0,['5271'],[0.5359150171279907],['description']
上汽大众纯电动车有哪几款,['5271'],[],merged,3,1,['5271'],1.0,"['5271', '50574', '50760']","[0.5359150171279907, 0.47343945503234863, 0.47313442826271057]","['description', 'description', 'title_description']"
上汽新能源,['5271'],[],merged,1,1,['5271'],1.0,['5271'],[0.5242040157318115],['description']
上汽新能源,['5271'],[],merged,3,1,['5271'],1.0,"['5271', '5819', '50574']","[0.5242040157318115, 0.4873700737953186, 0.4687095880508423]","['description', 'title_description', 'description']"
上海大众车型及价格,['5271'],[],merged,1,0,[],,['50760'],[0.5697488784790039],['title_description']
上海大众车型及价格,['5271'],[],merged,3,1,['5271'],2.0,"['50760', '5271', '50574']","[0.5697488784790039, 0.5325247049331665, 0.5153678059577942]","['title_description', 'description', 'description']"
东风日产suv,['5271'],[],merged,1,1,['5271'],1.0,['5271'],[0.4770500957965851],['description']
东风日产suv,['5271'],[],merged,3,1,['5271'],1.0,"['5271', '5819', '50760']","[0.4770500957965851, 0.4283367395401001, 0.42120176553726196]","['description', 'description', 'description']"
两万左右的新车有哪些,['5271'],[],merged,1,0,[],,['50760'],[0.7171093225479126],['title_description']
两万左右的新车有哪些,['5271'],[],merged,3,1,['5271'],3.0,"['50760', '50574', '5271']","[0.7171093225479126, 0.558874249458313, 0.5295777320861816]","['title_description', 'description', 'description']"
丰田2.0t车型及价格,['5271'],[],merged,1,0,[],,['50760'],[0.5978188514709473],['description']
丰田2.0t车型及价格,['5271'],[],merged,3,0,[],,"['50760', '4526', '60977']","[0.5978188514709473, 0.4962191879749298, 0.4607856571674347]","['description', 'title_description', 'title_description']"
丰田suv车型大全,['5271'],[],merged,1,1,['5271'],1.0,['5271'],[0.48869162797927856],['description']
丰田suv车型大全,['5271'],[],merged,3,1,['5271'],1.0,"['5271', '50760', '5819']","[0.48869162797927856, 0.45943522453308105, 0.42759019136428833]","['description', 'title_description', 'description']"
丰田七座商务车,['5271'],[],merged,1,0,[],,['50574'],[0.3923240303993225],['description']
丰田七座商务车,['5271'],[],merged,3,1,['5271'],2.0,"['50574', '5271', '5819']","[0.3923240303993225, 0.38875097036361694, 0.38556358218193054]","['description', 'description', 'description']"
丰田六座车多少钱,['5271'],[],merged,1,0,[],,['50760'],[0.5118128657341003],['description']
丰田六座车多少钱,['5271'],[],merged,3,0,[],,"['50760', '60338', '4526']","[0.5118128657341003, 0.49497202038764954, 0.47052013874053955]","['description', 'description', 'title_description']"
丰田微型车图片,['5271'],[],merged,1,0,[],,['5819'],[0.4371464252471924],['description']
丰田微型车图片,['5271'],[],merged,3,1,['5271'],3.0,"['5819', '50760', '5271']","[0.4371464252471924, 0.4233437180519104, 0.42331230640411377]","['description', 'description', 'description']"
丰田新款车,['5271'],[],merged,1,0,[],,['5819'],[0.4924054741859436],['title_description']
丰田新款车,['5271'],[],merged,3,0,[],,"['5819', '50760', '50574']","[0.4924054741859436, 0.4707789421081543, 0.47010189294815063]","['title_description', 'title_description', 'description']"
丰田混动有什么车型,['5271'],[],merged,1,1,['5271'],1.0,['5271'],[0.5220292806625366],['description']
丰田混动有什么车型,['5271'],[],merged,3,1,['5271'],1.0,"['5271', '50760', '50574']","[0.5220292806625366, 0.5028237700462341, 0.4741207957267761]","['description', 'title_description', 'description']"
丰田越野车2025最新款多少钱,['5271'],[],merged,1,0,[],,['50760'],[0.4893708825111389],['description']
丰田越野车2025最新款多少钱,['5271'],[],merged,3,0,[],,"['50760', '60338', '4526']","[0.4893708825111389, 0.47718408703804016, 0.4506830871105194]","['description', 'description', 'title_description']"
二厢车有哪几款,['5271'],[],merged,1,0,[],,['50760'],[0.6237270832061768],['description']
二厢车有哪几款,['5271'],[],merged,3,1,['5271'],2.0,"['50760', '5271', '50574']","[0.6237270832061768, 0.5850654244422913, 0.5568816065788269]","['description', 'description', 'description']"
五万左右能买什么油车,['5271'],[],merged,1,0,[],,['50760'],[0.6531013250350952],['title_description']
五万左右能买什么油车,['5271'],[],merged,3,0,[],,"['50760', '50574', '5819']","[0.6531013250350952, 0.5516601800918579, 0.5309909582138062]","['title_description', 'description', 'description']"
五菱混动车型,['5271'],[],merged,1,1,['5271'],1.0,['5271'],[0.513351321220398],['description']
五菱混动车型,['5271'],[],merged,3,1,['5271'],1.0,"['5271', '5819', '50574']","[0.513351321220398, 0.4654574394226074, 0.4496023654937744]","['description', 'description', 'description']"
五菱电车,['5271'],[],merged,1,1,['5271'],1.0,['5271'],[0.5238744616508484],['description']
五菱电车,['5271'],[],merged,3,1,['5271'],1.0,"['5271', '5819', '50574']","[0.5238744616508484, 0.4712696075439453, 0.4463418126106262]","['description', 'description', 'description']"
五菱面包车价格,['5271'],[],merged,1,0,[],,['60338'],[0.4864351749420166],['description']
五菱面包车价格,['5271'],[],merged,3,1,['5271'],3.0,"['60338', '50760', '5271']","[0.4864351749420166, 0.4847032427787781, 0.4788880944252014]","['description', 'title_description', 'description']"
传祺suv,['5271'],[],merged,1,1,['5271'],1.0,['5271'],[0.5155762434005737],['description']
传祺suv,['5271'],[],merged,3,1,['5271'],1.0,"['5271', '5819', '50574']","[0.5155762434005737, 0.47410333156585693, 0.47040003538131714]","['description', 'description', 'description']"
兰博基尼跑车价格及图片,['5271'],[],merged,1,0,[],,['50760'],[0.4627187252044678],['description']
兰博基尼跑车价格及图片,['5271'],[],merged,3,1,['5271'],2.0,"['50760', '5271', '50574']","[0.4627187252044678, 0.4394659996032715, 0.4355224370956421]","['description', 'description', 'description']"
十万的车有哪些,['5271'],[],merged,1,0,[],,['50760'],[0.6591644287109375],['title_description']
十万的车有哪些,['5271'],[],merged,3,1,['5271'],2.0,"['50760', '5271', '50574']","[0.6591644287109375, 0.5800542235374451, 0.5698862671852112]","['title_description', 'description', 'description']"
吉利hev车型有哪些,['5271'],[],merged,1,1,['5271'],1.0,['5271'],[0.5997895002365112],['description']
吉利hev车型有哪些,['5271'],[],merged,3,1,['5271'],1.0,"['5271', '50574', '50760']","[0.5997895002365112, 0.5247387290000916, 0.5226946473121643]","['description', 'description', 'title_description']"
吉利新能源汽车的价格,['5271'],[],merged,1,1,['5271'],1.0,['5271'],[0.5621026754379272],['description']
吉利新能源汽车的价格,['5271'],[],merged,3,1,['5271'],1.0,"['5271', '50574', '50760']","[0.5621026754379272, 0.5400990843772888, 0.5396813154220581]","['description', 'description', 'title_description']"
吉利汽车图片大全,['5271'],[],merged,1,0,[],,['50574'],[0.4717961549758911],['title_description']
吉利汽车图片大全,['5271'],[],merged,3,1,['5271'],3.0,"['50574', '5819', '5271']","[0.4717961549758911, 0.46750408411026, 0.43415090441703796]","['title_description', 'description', 'description']"
吉利电动suv,['5271'],[],merged,1,1,['5271'],1.0,['5271'],[0.4973532557487488],['description']
吉利电动suv,['5271'],[],merged,3,1,['5271'],1.0,"['5271', '5819', '50574']","[0.4973532557487488, 0.45453524589538574, 0.43242719769477844]","['description', 'description', 'description']"
吉利纯电车有哪些,['5271'],[],merged,1,1,['5271'],1.0,['5271'],[0.568062424659729],['description']
吉利纯电车有哪些,['5271'],[],merged,3,1,['5271'],1.0,"['5271', '50574', '5819']","[0.568062424659729, 0.5175333023071289, 0.5070164203643799]","['description', 'description', 'description']"
吉普suv,['5271'],[],merged,1,1,['5271'],1.0,['5271'],[0.4427833557128906],['description']
吉普suv,['5271'],[],merged,3,1,['5271'],1.0,"['5271', '5819', '61111']","[0.4427833557128906, 0.42589420080184937, 0.40097057819366455]","['description', 'description', 'title_description']"
四轮电动车价格,['5271'],[],merged,1,0,[],,['60338'],[0.45822298526763916],['description']
四轮电动车价格,['5271'],[],merged,3,1,['5271'],2.0,"['60338', '5271', '50760']","[0.45822298526763916, 0.43769773840904236, 0.434162974357605]","['description', 'description', 'title_description']"
四驱的车有哪些,['5271'],[],merged,1,1,['5271'],1.0,['5271'],[0.5350698232650757],['description']
四驱的车有哪些,['5271'],[],merged,3,1,['5271'],1.0,"['5271', '5819', '50574']","[0.5350698232650757, 0.5229098200798035, 0.5207884907722473]","['description', 'description', 'description']"
国产一百多万的车,['5271'],[],merged,1,0,[],,['50760'],[0.5085290670394897],['title_description']
国产一百多万的车,['5271'],[],merged,3,1,['5271'],2.0,"['50760', '5271', '5819']","[0.5085290670394897, 0.4801008701324463, 0.47755277156829834]","['title_description', 'description', 'description']"
国产油车,['5271'],[],merged,1,1,['5271'],1.0,['5271'],[0.5442246794700623],['description']
国产油车,['5271'],[],merged,3,1,['5271'],1.0,"['5271', '50760', '5819']","[0.5442246794700623, 0.5280653238296509, 0.5031847953796387]","['description', 'description', 'description']"
埃安有哪些suv车型,['5271'],[],merged,1,1,['5271'],1.0,['5271'],[0.5399467349052429],['description']
埃安有哪些suv车型,['5271'],[],merged,3,1,['5271'],1.0,"['5271', '50760', '50574']","[0.5399467349052429, 0.4872824251651764, 0.4749322533607483]","['description', 'title_description', 'description']"
大众10-15万车有哪些,['5271'],[],merged,1,0,[],,['50760'],[0.6462297439575195],['title_description']
大众10-15万车有哪些,['5271'],[],merged,3,1,['5271'],2.0,"['50760', '5271', '50574']","[0.6462297439575195, 0.5843260288238525, 0.5534791946411133]","['title_description', 'description', 'description']"
大众10以下的车型,['5271'],[],merged,1,0,[],,['50760'],[0.6368541717529297],['title_description']
大众10以下的车型,['5271'],[],merged,3,1,['5271'],2.0,"['50760', '5271', '50574']","[0.6368541717529297, 0.5774553418159485, 0.5509531497955322]","['title_description', 'description', 'description']"
大众suv车型及价格,['5271'],[],merged,1,0,[],,['50760'],[0.5939715504646301],['description']
大众suv车型及价格,['5271'],[],merged,3,1,['5271'],2.0,"['50760', '5271', '50574']","[0.5939715504646301, 0.586635410785675, 0.5116409659385681]","['description', 'description', 'description']"
大众皮卡,['5271'],[],merged,1,1,['5271'],1.0,['5271'],[0.5254780054092407],['description']
大众皮卡,['5271'],[],merged,3,1,['5271'],1.0,"['5271', '5819', '50760']","[0.5254780054092407, 0.49875563383102417, 0.491513729095459]","['description', 'description', 'description']"
大众纯电车有哪几款,['5271'],[],merged,1,1,['5271'],1.0,['5271'],[0.568026065826416],['description']
大众纯电车有哪几款,['5271'],[],merged,3,1,['5271'],1.0,"['5271', '50760', '50574']","[0.568026065826416, 0.5100359916687012, 0.5049573183059692]","['description', 'title_description', 'description']"
大众豪车,['5271'],[],merged,1,0,[],,['50760'],[0.5021681189537048],['description']
大众豪车,['5271'],[],merged,3,1,['5271'],2.0,"['50760', '5271', '5881']","[0.5021681189537048, 0.4962376356124878, 0.4771158993244171]","['description', 'description', 'description']"
大型的mpv,['5271'],[],merged,1,1,['5271'],1.0,['5271'],[0.5369645357131958],['description']
大型的mpv,['5271'],[],merged,3,1,['5271'],1.0,"['5271', '50760', '5819']","[0.5369645357131958, 0.5048156976699829, 0.4688475430011749]","['description', 'description', 'description']"
奔驰20多万的车有哪些款,['5271'],[],merged,1,0,[],,['50760'],[0.6412374377250671],['title_description']
奔驰20多万的车有哪些款,['5271'],[],merged,3,1,['5271'],2.0,"['50760', '5271', '4526']","[0.6412374377250671, 0.5176403522491455, 0.49518531560897827]","['title_description', 'description', 'title_description']"
奔驰suv价格,['5271'],[],merged,1,0,[],,['50760'],[0.5213596820831299],['description']
奔驰suv价格,['5271'],[],merged,3,1,['5271'],3.0,"['50760', '4526', '5271']","[0.5213596820831299, 0.5205724239349365, 0.5131224989891052]","['description', 'description', 'description']"
奔驰商务车七座图片及报价,['5271'],[],merged,1,1,['5271'],1.0,['5271'],[0.4380408525466919],['description']
奔驰商务车七座图片及报价,['5271'],[],merged,3,1,['5271'],1.0,"['5271', '50574', '4526']","[0.4380408525466919, 0.43634968996047974, 0.429356187582016]","['description', 'description', 'description']"
奔驰油电混合车型有哪几款,['5271'],[],merged,1,1,['5271'],1.0,['5271'],[0.5497359037399292],['description']
奔驰油电混合车型有哪几款,['5271'],[],merged,3,1,['5271'],1.0,"['5271', '50760', '50574']","[0.5497359037399292, 0.49252915382385254, 0.4664781987667084]","['description', 'title_description', 'description']"
奔驰电车,['5271'],[],merged,1,1,['5271'],1.0,['5271'],[0.5380416512489319],['description']
奔驰电车,['5271'],[],merged,3,1,['5271'],1.0,"['5271', '5819', '50574']","[0.5380416512489319, 0.4714774191379547, 0.4596102237701416]","['description', 'description', 'description']"
奔驰进口车型有哪几款,['5271'],[],merged,1,1,['5271'],1.0,['5271'],[0.5261504650115967],['title_description']
奔驰进口车型有哪几款,['5271'],[],merged,3,1,['5271'],1.0,"['5271', '50760', '4526']","[0.5261504650115967, 0.47646933794021606, 0.47419148683547974]","['title_description', 'title_description', 'description']"
奥迪电车,['5271'],[],merged,1,1,['5271'],1.0,['5271'],[0.5630559325218201],['description']
奥迪电车,['5271'],[],merged,3,1,['5271'],1.0,"['5271', '5819', '50574']","[0.5630559325218201, 0.513211727142334, 0.4689479172229767]","['description', 'description', 'description']"
宋七座车型及价格,['5271'],[],merged,1,0,[],,['50760'],[0.5062061548233032],['title_description']
宋七座车型及价格,['5271'],[],merged,3,1,['5271'],2.0,"['50760', '5271', '50574']","[0.5062061548233032, 0.5031723380088806, 0.46479177474975586]","['title_description', 'description', 'description']"
宝马两座,['5271'],[],merged,1,1,['5271'],1.0,['5271'],[0.542235791683197],['description']
宝马两座,['5271'],[],merged,3,1,['5271'],1.0,"['5271', '50760', '4526']","[0.542235791683197, 0.5012084245681763, 0.49675101041793823]","['description', 'description', 'description']"
宝马哪款是suv,['5271'],[],merged,1,1,['5271'],1.0,['5271'],[0.5671224594116211],['description']
宝马哪款是suv,['5271'],[],merged,3,1,['5271'],1.0,"['5271', '4526', '50760']","[0.5671224594116211, 0.516554594039917, 0.44615304470062256]","['description', 'description', 'title_description']"
宝马迷你mini,['5271'],[],merged,1,1,['5271'],1.0,['5271'],[0.5377311110496521],['description']
宝马迷你mini,['5271'],[],merged,3,1,['5271'],1.0,"['5271', '4526', '5819']","[0.5377311110496521, 0.4937534034252167, 0.4435683786869049]","['description', 'description', 'description']"
宝骏新能源,['5271'],[],merged,1,1,['5271'],1.0,['5271'],[0.5644911527633667],['description']
宝骏新能源,['5271'],[],merged,3,1,['5271'],1.0,"['5271', '50574', '5819']","[0.5644911527633667, 0.460683673620224, 0.45741307735443115]","['description', 'description', 'description']"
小型mpv车型有哪些,['5271'],[],merged,1,1,['5271'],1.0,['5271'],[0.5635172128677368],['description']
小型mpv车型有哪些,['5271'],[],merged,3,1,['5271'],1.0,"['5271', '50760', '50574']","[0.5635172128677368, 0.5128780603408813, 0.49886029958724976]","['description', 'description', 'description']"
岚图六座suv多少钱,['5271'],[],merged,1,0,[],,['50760'],[0.5042177438735962],['description']
岚图六座suv多少钱,['5271'],[],merged,3,1,['5271'],2.0,"['50760', '5271', '50574']","[0.5042177438735962, 0.49548229575157166, 0.479437917470932]","['description', 'description', 'description']"
广汽传祺七座商务车价格,['5271'],[],merged,1,0,[],,['50574'],[0.4625299870967865],['description']
广汽传祺七座商务车价格,['5271'],[],merged,3,1,['5271'],2.0,"['50574', '5271', '50760']","[0.4625299870967865, 0.44998031854629517, 0.44795215129852295]","['description', 'description', 'title_description']"
广汽传祺油电混合7座,['5271'],[],merged,1,1,['5271'],1.0,['5271'],[0.4178599715232849],['description']
广汽传祺油电混合7座,['5271'],[],merged,3,1,['5271'],1.0,"['5271', '5819', '50574']","[0.4178599715232849, 0.4054352045059204, 0.4051000475883484]","['description', 'description', 'description']"
手动挡的车有哪些,['5271'],[],merged,1,1,['5271'],1.0,['5271'],[0.523391604423523],['description']
手动挡的车有哪些,['5271'],[],merged,3,1,['5271'],1.0,"['5271', '50760', '50574']","[0.523391604423523, 0.5201729536056519, 0.5183902382850647]","['description', 'title_description', 'description']"
捷豹100万以上的车,['5271'],[],merged,1,0,[],,['50760'],[0.4867097735404968],['title_description']
捷豹100万以上的车,['5271'],[],merged,3,0,[],,"['50760', '50574', '5819']","[0.4867097735404968, 0.4614468514919281, 0.4379885792732239]","['title_description', 'description', 'description']"
捷豹suv,['5271'],[],merged,1,1,['5271'],1.0,['5271'],[0.4387897849082947],['description']
捷豹suv,['5271'],[],merged,3,1,['5271'],1.0,"['5271', '50574', '5819']","[0.4387897849082947, 0.4275331199169159, 0.42333245277404785]","['description', 'description', 'description']"
新能源汽车有哪些,['5271'],[],merged,1,1,['5271'],1.0,['5271'],[0.6158407926559448],['description']
新能源汽车有哪些,['5271'],[],merged,3,1,['5271'],1.0,"['5271', '50574', '50760']","[0.6158407926559448, 0.5704033374786377, 0.5501270294189453]","['description', 'description', 'title_description']"
新能源面包车,['5271'],[],merged,1,1,['5271'],1.0,['5271'],[0.5118730664253235],['description']
新能源面包车,['5271'],[],merged,3,1,['5271'],1.0,"['5271', '5819', '50574']","[0.5118730664253235, 0.48153865337371826, 0.47951674461364746]","['description', 'title_description', 'description']"
日产suv全部车型,['5271'],[],merged,1,1,['5271'],1.0,['5271'],[0.5575149655342102],['description']
日产suv全部车型,['5271'],[],merged,3,1,['5271'],1.0,"['5271', '50760', '5819']","[0.5575149655342102, 0.4559837281703949, 0.43603092432022095]","['description', 'title_description', 'description']"
最长续航的纯电车是哪一款,['5271'],[],merged,1,1,['5271'],1.0,['5271'],[0.5025553703308105],['description']
最长续航的纯电车是哪一款,['5271'],[],merged,3,1,['5271'],1.0,"['5271', '50574', '50760']","[0.5025553703308105, 0.4901142418384552, 0.4685725271701813]","['description', 'description', 'title_description']"
有车价格,['5271'],[],merged,1,0,[],,['50760'],[0.684820294380188],['description']
有车价格,['5271'],[],merged,3,0,[],,"['50760', '50574', '60338']","[0.684820294380188, 0.6453182101249695, 0.6358710527420044]","['description', 'description', 'description']"
本田suv车型大全,['5271'],[],merged,1,1,['5271'],1.0,['5271'],[0.5082039833068848],['description']
本田suv车型大全,['5271'],[],merged,3,1,['5271'],1.0,"['5271', '50760', '50574']","[0.5082039833068848, 0.46376025676727295, 0.42567822337150574]","['description', 'title_description', 'description']"
本田电车,['5271'],[],merged,1,1,['5271'],1.0,['5271'],[0.5506213903427124],['description']
本田电车,['5271'],[],merged,3,1,['5271'],1.0,"['5271', '5819', '50574']","[0.5506213903427124, 0.4808332026004791, 0.4642212390899658]","['description', 'description', 'description']"
极氪轿车,['5271'],[],merged,1,0,[],,['5819'],[0.5135927200317383],['description']
极氪轿车,['5271'],[],merged,3,1,['5271'],3.0,"['5819', '50574', '5271']","[0.5135927200317383, 0.48961541056632996, 0.4873000979423523]","['description', 'description', 'description']"
比亚迪suv,['5271'],[],merged,1,1,['5271'],1.0,['5271'],[0.7155033349990845],['description']
比亚迪suv,['5271'],[],merged,3,1,['5271'],1.0,"['5271', '5819', '50760']","[0.7155033349990845, 0.4915868639945984, 0.48552432656288147]","['description', 'description', 'description']"
比亚迪七座纯电车有哪些,['5271'],[],merged,1,1,['5271'],1.0,['5271'],[0.6427953243255615],['description']
比亚迪七座纯电车有哪些,['5271'],[],merged,3,1,['5271'],1.0,"['5271', '50574', '5819']","[0.6427953243255615, 0.462100088596344, 0.46204042434692383]","['description', 'description', 'description']"
比亚迪新能源10万以内,['5271'],[],merged,1,1,['5271'],1.0,['5271'],[0.659081220626831],['title_description']
比亚迪新能源10万以内,['5271'],[],merged,3,1,['5271'],1.0,"['5271', '50760', '50574']","[0.659081220626831, 0.5542858242988586, 0.512485146522522]","['title_description', 'title_description', 'description']"
比亚迪新能源汽车2026款最新款价格,['5271'],[],merged,1,1,['5271'],1.0,['5271'],[0.6460170149803162],['title_description']
比亚迪新能源汽车2026款最新款价格,['5271'],[],merged,3,1,['5271'],1.0,"['5271', '4526', '50760']","[0.6460170149803162, 0.5310474038124084, 0.5049124956130981]","['title_description', 'title_description', 'description']"
比亚迪汽车最贵的车型是哪一款,['5271'],[],merged,1,1,['5271'],1.0,['5271'],[0.7008439302444458],['title_description']
比亚迪汽车最贵的车型是哪一款,['5271'],[],merged,3,1,['5271'],1.0,"['5271', '50760', '50574']","[0.7008439302444458, 0.529726505279541, 0.5240092277526855]","['title_description', 'title_description', 'description']"
比亚迪电车,['5271'],[],merged,1,1,['5271'],1.0,['5271'],[0.6967895030975342],['description']
比亚迪电车,['5271'],[],merged,3,1,['5271'],1.0,"['5271', '5819', '50574']","[0.6967895030975342, 0.5173481702804565, 0.4981493353843689]","['description', 'description', 'description']"
比亚迪纯电越野车报价,['5271'],[],merged,1,1,['5271'],1.0,['5271'],[0.6165516376495361],['title_description']
比亚迪纯电越野车报价,['5271'],[],merged,3,1,['5271'],1.0,"['5271', '4526', '50574']","[0.6165516376495361, 0.5027481913566589, 0.478837251663208]","['title_description', 'title_description', 'description']"
江铃皮卡,['5271'],[],merged,1,0,[],,['5819'],[0.42055171728134155],['title_description']
江铃皮卡,['5271'],[],merged,3,1,['5271'],3.0,"['5819', '50574', '5271']","[0.42055171728134155, 0.4045259952545166, 0.39628076553344727]","['title_description', 'description', 'description']"
汽车排量,['5271'],[],merged,1,0,[],,['50760'],[0.6249682903289795],['description']
汽车排量,['5271'],[],merged,3,1,['5271'],3.0,"['50760', '50574', '5271']","[0.6249682903289795, 0.6083881855010986, 0.5723624229431152]","['description', 'description', 'description']"
沃尔沃s,['5271'],[],merged,1,1,['5271'],1.0,['5271'],[0.5310908555984497],['description']
沃尔沃s,['5271'],[],merged,3,1,['5271'],1.0,"['5271', '50760', '5819']","[0.5310908555984497, 0.5148544907569885, 0.493622362613678]","['description', 'description', 'description']"
混动商务车,['5271'],[],merged,1,1,['5271'],1.0,['5271'],[0.5514843463897705],['description']
混动商务车,['5271'],[],merged,3,1,['5271'],1.0,"['5271', '50574', '50760']","[0.5514843463897705, 0.48155760765075684, 0.47629985213279724]","['description', 'description', 'description']"
特斯拉电车价格及图片大全,['5271'],[],merged,1,1,['5271'],1.0,['5271'],[0.5222526788711548],['description']
特斯拉电车价格及图片大全,['5271'],[],merged,3,1,['5271'],1.0,"['5271', '50760', '60540']","[0.5222526788711548, 0.5019857883453369, 0.4768766760826111]","['description', 'description', 'title_description']"
玛莎拉蒂新款,['5271'],[],merged,1,0,[],,['5819'],[0.4435793161392212],['title_description']
玛莎拉蒂新款,['5271'],[],merged,3,1,['5271'],2.0,"['5819', '5271', '50760']","[0.4435793161392212, 0.42886435985565186, 0.4242006540298462]","['title_description', 'description', 'description']"
现代的suv 最贵,['5271'],[],merged,1,1,['5271'],1.0,['5271'],[0.4565353989601135],['description']
现代的suv 最贵,['5271'],[],merged,3,1,['5271'],1.0,"['5271', '50760', '4526']","[0.4565353989601135, 0.451163113117218, 0.4042515158653259]","['description', 'description', 'description']"
现在电车多少钱一辆,['5271'],[],merged,1,0,[],,['60338'],[0.5643665790557861],['description']
现在电车多少钱一辆,['5271'],[],merged,3,1,['5271'],3.0,"['60338', '50760', '5271']","[0.5643665790557861, 0.5581251382827759, 0.554936408996582]","['description', 'title_description', 'description']"
理想6坐电车多少钱,['5271'],[],merged,1,1,['5271'],1.0,['5271'],[0.5512356758117676],['description']
理想6坐电车多少钱,['5271'],[],merged,3,1,['5271'],1.0,"['5271', '50760', '60338']","[0.5512356758117676, 0.5427991151809692, 0.5275999307632446]","['description', 'title_description', 'description']"
电车有哪些款,['5271'],[],merged,1,1,['5271'],1.0,['5271'],[0.6299405097961426],['description']
电车有哪些款,['5271'],[],merged,3,1,['5271'],1.0,"['5271', '50760', '50574']","[0.6299405097961426, 0.5667630434036255, 0.5577305555343628]","['description', 'title_description', 'description']"
皮卡车价格大全,['5271'],[],merged,1,0,[],,['50760'],[0.5269075632095337],['description']
皮卡车价格大全,['5271'],[],merged,3,1,['5271'],3.0,"['50760', '4526', '5271']","[0.5269075632095337, 0.5191683769226074, 0.5130594372749329]","['description', 'title_description', 'description']"
目前日系最便宜的车,['5271'],[],merged,1,0,[],,['50760'],[0.5720385313034058],['title_description']
目前日系最便宜的车,['5271'],[],merged,3,0,[],,"['50760', '5819', '50574']","[0.5720385313034058, 0.5563974380493164, 0.539788007736206]","['title_description', 'title_description', 'description']"
省油的suv,['5271'],[],merged,1,1,['5271'],1.0,['5271'],[0.48851698637008667],['description']
省油的suv,['5271'],[],merged,3,1,['5271'],1.0,"['5271', '50760', '5819']","[0.48851698637008667, 0.46179354190826416, 0.4579344093799591]","['description', 'description', 'description']"
福特suv七座车型及价格,['5271'],[],merged,1,1,['5271'],1.0,['5271'],[0.45950210094451904],['description']
福特suv七座车型及价格,['5271'],[],merged,3,1,['5271'],1.0,"['5271', '50760', '4526']","[0.45950210094451904, 0.4490283131599426, 0.4048447012901306]","['description', 'description', 'description']"
福特小车,['5271'],[],merged,1,0,[],,['5819'],[0.4761003255844116],['description']
福特小车,['5271'],[],merged,3,1,['5271'],3.0,"['5819', '50574', '5271']","[0.4761003255844116, 0.45700448751449585, 0.4463844895362854]","['description', 'description', 'description']"
福田9座车型,['5271'],[],merged,1,1,['5271'],1.0,['5271'],[0.49568405747413635],['description']
福田9座车型,['5271'],[],merged,3,1,['5271'],1.0,"['5271', '50760', '5819']","[0.49568405747413635, 0.46410995721817017, 0.4589880704879761]","['description', 'title_description', 'description']"
红旗新能源车,['5271'],[],merged,1,0,[],,['5819'],[0.4567211866378784],['title_description']
红旗新能源车,['5271'],[],merged,3,1,['5271'],2.0,"['5819', '5271', '50574']","[0.4567211866378784, 0.45626747608184814, 0.43110862374305725]","['title_description', 'description', 'description']"
红旗车最便宜的多少钱,['5271'],[],merged,1,0,[],,['60338'],[0.589818000793457],['description']
红旗车最便宜的多少钱,['5271'],[],merged,3,0,[],,"['60338', '50760', '50574']","[0.589818000793457, 0.5519423484802246, 0.5164656639099121]","['description', 'title_description', 'description']"
纯电续航600左右的车,['5271'],[],merged,1,0,[],,['50760'],[0.5246329307556152],['title_description']
纯电续航600左右的车,['5271'],[],merged,3,1,['5271'],2.0,"['50760', '5271', '50574']","[0.5246329307556152, 0.5179919600486755, 0.4922824501991272]","['title_description', 'description', 'description']"
美国suv,['5271'],[],merged,1,1,['5271'],1.0,['5271'],[0.4773516356945038],['description']
美国suv,['5271'],[],merged,3,1,['5271'],1.0,"['5271', '50760', '5819']","[0.4773516356945038, 0.477173388004303, 0.4493974447250366]","['description', 'description', 'description']"
腾势suv,['5271'],[],merged,1,1,['5271'],1.0,['5271'],[0.5574732422828674],['description']
腾势suv,['5271'],[],merged,3,1,['5271'],1.0,"['5271', '5819', '50760']","[0.5574732422828674, 0.4596062898635864, 0.4468890428543091]","['description', 'description', 'description']"
起亚电车,['5271'],[],merged,1,1,['5271'],1.0,['5271'],[0.54767906665802],['description']
起亚电车,['5271'],[],merged,3,1,['5271'],1.0,"['5271', '5819', '50574']","[0.54767906665802, 0.5117062330245972, 0.4778403341770172]","['description', 'description', 'description']"
越野车,['5271'],[],merged,1,1,['5271'],1.0,['5271'],[0.4831758141517639],['description']
越野车,['5271'],[],merged,3,1,['5271'],1.0,"['5271', '50760', '5819']","[0.4831758141517639, 0.48009777069091797, 0.4721824526786804]","['description', 'description', 'description']"
路虎那款车最贵,['5271'],[],merged,1,0,[],,['50760'],[0.5143770575523376],['description']
路虎那款车最贵,['5271'],[],merged,3,0,[],,"['50760', '50574', '60338']","[0.5143770575523376, 0.499114990234375, 0.47583842277526855]","['description', 'description', 'description']"
那个新能源车最便宜,['5271'],[],merged,1,1,['5271'],1.0,['5271'],[0.5723171234130859],['description']
那个新能源车最便宜,['5271'],[],merged,3,1,['5271'],1.0,"['5271', '50574', '60338']","[0.5723171234130859, 0.5687376260757446, 0.5685296058654785]","['description', 'description', 'description']"
那个车最好最省油,['5271'],[],merged,1,0,[],,['5819'],[0.5593128204345703],['description']
那个车最好最省油,['5271'],[],merged,3,0,[],,"['5819', '50574', '50760']","[0.5593128204345703, 0.5585767030715942, 0.5459938049316406]","['description', 'description', 'title_description']"
都有哪些车,['5271'],[],merged,1,1,['5271'],1.0,['5271'],[0.6603581309318542],['description']
都有哪些车,['5271'],[],merged,3,1,['5271'],1.0,"['5271', '50574', '50760']","[0.6603581309318542, 0.63573157787323, 0.6319531202316284]","['description', 'description', 'title_description']"
金杯面包车7座图片,['5271'],[],merged,1,1,['5271'],1.0,['5271'],[0.39289388060569763],['description']
金杯面包车7座图片,['5271'],[],merged,3,1,['5271'],1.0,"['5271', '5819', '50574']","[0.39289388060569763, 0.3824789524078369, 0.3709617257118225]","['description', 'description', 'description']"
长城suv,['5271'],[],merged,1,1,['5271'],1.0,['5271'],[0.4404957890510559],['description']
长城suv,['5271'],[],merged,3,1,['5271'],1.0,"['5271', '50760', '5819']","[0.4404957890510559, 0.4292939305305481, 0.4245481789112091]","['description', 'description', 'description']"
长安汽车图片大全,['5271'],[],merged,1,0,[],,['5819'],[0.4335256814956665],['description']
长安汽车图片大全,['5271'],[],merged,3,0,[],,"['5819', '50574', '50760']","[0.4335256814956665, 0.43035486340522766, 0.41565126180648804]","['description', 'description', 'title_description']"
长安轿车,['5271'],[],merged,1,1,['5271'],1.0,['5271'],[0.4844103157520294],['description']
长安轿车,['5271'],[],merged,3,1,['5271'],1.0,"['5271', '5819', '50574']","[0.4844103157520294, 0.48286864161491394, 0.47203075885772705]","['description', 'title_description', 'description']"
问界车型及价格,['5271'],[],merged,1,0,[],,['50760'],[0.625597357749939],['title_description']
问界车型及价格,['5271'],[],merged,3,1,['5271'],2.0,"['50760', '5271', '50574']","[0.625597357749939, 0.613013744354248, 0.5772073268890381]","['title_description', 'description', 'description']"
零跑车价格,['5271'],[],merged,1,0,[],,['60338'],[0.5573146343231201],['description']
零跑车价格,['5271'],[],merged,3,0,[],,"['60338', '50760', '50574']","[0.5573146343231201, 0.5549533367156982, 0.5163741111755371]","['description', 'title_description', 'description']"
雷克萨斯跑车,['5271'],[],merged,1,0,[],,['50574'],[0.4156182110309601],['description']
雷克萨斯跑车,['5271'],[],merged,3,0,[],,"['50574', '5819', '50760']","[0.4156182110309601, 0.41510164737701416, 0.4072215259075165]","['description', 'title_description', 'description']"
顶级suv,['5271'],[],merged,1,1,['5271'],1.0,['5271'],[0.5168850421905518],['description']
顶级suv,['5271'],[],merged,3,1,['5271'],1.0,"['5271', '50760', '50574']","[0.5168850421905518, 0.5129531621932983, 0.4711969494819641]","['description', 'description', 'description']"
领跑c13新能源汽车多少钱,['5271'],[],merged,1,0,[],,['50574'],[0.5422791838645935],['description']
领跑c13新能源汽车多少钱,['5271'],[],merged,3,1,['5271'],3.0,"['50574', '50760', '5271']","[0.5422791838645935, 0.526298999786377, 0.5202003717422485]","['description', 'title_description', 'description']"
100万左右的商务车,['5271'],[],title_description,1,0,[],,['50760'],[0.6063226461410522],['title_description']
100万左右的商务车,['5271'],[],title_description,3,1,['5271'],2.0,"['50760', '5271', '5819']","[0.6063226461410522, 0.5180339217185974, 0.4683980345726013]","['title_description', 'title_description', 'title_description']"
10万以内的燃油自动挡车型,['5271'],[],title_description,1,0,[],,['50760'],[0.6229509711265564],['title_description']
10万以内的燃油自动挡车型,['5271'],[],title_description,3,1,['5271'],2.0,"['50760', '5271', '50574']","[0.6229509711265564, 0.4866623878479004, 0.4661414623260498]","['title_description', 'title_description', 'title_description']"
10万左右的suv,['5271'],[],title_description,1,0,[],,['50760'],[0.5880036950111389],['title_description']
10万左右的suv,['5271'],[],title_description,3,1,['5271'],2.0,"['50760', '5271', '4526']","[0.5880036950111389, 0.48344674706459045, 0.42893487215042114]","['title_description', 'title_description', 'title_description']"
10万左右的油电混合车有哪些,['5271'],[],title_description,1,0,[],,['50760'],[0.6097874641418457],['title_description']
10万左右的油电混合车有哪些,['5271'],[],title_description,3,1,['5271'],2.0,"['50760', '5271', '5819']","[0.6097874641418457, 0.5200908780097961, 0.4810374677181244]","['title_description', 'title_description', 'title_description']"
10万左右的电车,['5271'],[],title_description,1,0,[],,['50760'],[0.614855945110321],['title_description']
10万左右的电车,['5271'],[],title_description,3,1,['5271'],2.0,"['50760', '5271', '5819']","[0.614855945110321, 0.536252498626709, 0.47920122742652893]","['title_description', 'title_description', 'title_description']"
15到20万左右的suv车推荐,['5271'],[],title_description,1,0,[],,['50760'],[0.6540108323097229],['title_description']
15到20万左右的suv车推荐,['5271'],[],title_description,3,1,['5271'],2.0,"['50760', '5271', '5819']","[0.6540108323097229, 0.4836490750312805, 0.46061646938323975]","['title_description', 'title_description', 'title_description']"
2026年新款车,['5271'],[],title_description,1,0,[],,['50760'],[0.5282340049743652],['title_description']
2026年新款车,['5271'],[],title_description,3,0,[],,"['50760', '5819', '61111']","[0.5282340049743652, 0.5051406621932983, 0.47326675057411194]","['title_description', 'title_description', 'title_description']"
20万左右买什么车,['5271'],[],title_description,1,0,[],,['50760'],[0.7304679155349731],['title_description']
20万左右买什么车,['5271'],[],title_description,3,1,['5271'],2.0,"['50760', '5271', '60977']","[0.7304679155349731, 0.4971165955066681, 0.4853752851486206]","['title_description', 'title_description', 'title_description']"
30万左右的suv哪款好,['5271'],[],title_description,1,0,[],,['50760'],[0.6022036075592041],['title_description']
30万左右的suv哪款好,['5271'],[],title_description,3,1,['5271'],2.0,"['50760', '5271', '4526']","[0.6022036075592041, 0.4797689914703369, 0.47210776805877686]","['title_description', 'title_description', 'title_description']"
5万左右的新能源汽车,['5271'],[],title_description,1,0,[],,['50760'],[0.5996735095977783],['title_description']
5万左右的新能源汽车,['5271'],[],title_description,3,1,['5271'],2.0,"['50760', '5271', '5819']","[0.5996735095977783, 0.5079929828643799, 0.48590248823165894]","['title_description', 'title_description', 'title_description']"
5万左右的车,['5271'],[],title_description,1,0,[],,['50760'],[0.6816349625587463],['title_description']
5万左右的车,['5271'],[],title_description,3,1,['5271'],2.0,"['50760', '5271', '5819']","[0.6816349625587463, 0.5250080823898315, 0.515734851360321]","['title_description', 'title_description', 'title_description']"
6座的车有哪些,['5271'],[],title_description,1,0,[],,['50760'],[0.5412057042121887],['title_description']
6座的车有哪些,['5271'],[],title_description,3,1,['5271'],2.0,"['50760', '5271', '5819']","[0.5412057042121887, 0.5199957489967346, 0.4987208843231201]","['title_description', 'title_description', 'title_description']"
7万左右纯电车推荐,['5271'],[],title_description,1,0,[],,['50760'],[0.5625898838043213],['title_description']
7万左右纯电车推荐,['5271'],[],title_description,3,1,['5271'],2.0,"['50760', '5271', '5819']","[0.5625898838043213, 0.4901270866394043, 0.473548024892807]","['title_description', 'title_description', 'title_description']"
8万左右的车有哪些,['5271'],[],title_description,1,0,[],,['50760'],[0.6735858917236328],['title_description']
8万左右的车有哪些,['5271'],[],title_description,3,1,['5271'],2.0,"['50760', '5271', '5819']","[0.6735858917236328, 0.5124434232711792, 0.5083866119384766]","['title_description', 'title_description', 'title_description']"
91万左右的油的性能车,['5271'],[],title_description,1,0,[],,['50760'],[0.5322304964065552],['title_description']
91万左右的油的性能车,['5271'],[],title_description,3,1,['5271'],3.0,"['50760', '5819', '5271']","[0.5322304964065552, 0.4603416919708252, 0.43921828269958496]","['title_description', 'title_description', 'title_description']"
hev混合动力汽车推荐,['5271'],[],title_description,1,1,['5271'],1.0,['5271'],[0.5053245425224304],['title_description']
hev混合动力汽车推荐,['5271'],[],title_description,3,1,['5271'],1.0,"['5271', '50760', '5819']","[0.5053245425224304, 0.5038019418716431, 0.500109851360321]","['title_description', 'title_description', 'title_description']"
jeep有合资车吗?,['5271'],[],title_description,1,0,[],,['50574'],[0.45685526728630066],['title_description']
jeep有合资车吗?,['5271'],[],title_description,3,1,['5271'],2.0,"['50574', '5271', '5819']","[0.45685526728630066, 0.4554494619369507, 0.45456868410110474]","['title_description', 'title_description', 'title_description']"
suv5万左右,['5271'],[],title_description,1,0,[],,['50760'],[0.5485823154449463],['title_description']
suv5万左右,['5271'],[],title_description,3,1,['5271'],2.0,"['50760', '5271', '5819']","[0.5485823154449463, 0.49765336513519287, 0.44247549772262573]","['title_description', 'title_description', 'title_description']"
suv车型图片及报价,['5271'],[],title_description,1,0,[],,['50760'],[0.5849425792694092],['title_description']
suv车型图片及报价,['5271'],[],title_description,3,1,['5271'],2.0,"['50760', '5271', '4526']","[0.5849425792694092, 0.5606570839881897, 0.5369725227355957]","['title_description', 'title_description', 'title_description']"
一汽大众新能源车,['5271'],[],title_description,1,0,[],,['5819'],[0.4924035668373108],['title_description']
一汽大众新能源车,['5271'],[],title_description,3,1,['5271'],2.0,"['5819', '5271', '50760']","[0.4924035668373108, 0.46666136384010315, 0.4582093358039856]","['title_description', 'title_description', 'title_description']"
七座商务车有哪些,['5271'],[],title_description,1,1,['5271'],1.0,['5271'],[0.509169340133667],['title_description']
七座商务车有哪些,['5271'],[],title_description,3,1,['5271'],1.0,"['5271', '50760', '5819']","[0.509169340133667, 0.4803929626941681, 0.45105621218681335]","['title_description', 'title_description', 'title_description']"
七座柴油车有哪几款,['5271'],[],title_description,1,1,['5271'],1.0,['5271'],[0.5607277750968933],['title_description']
七座柴油车有哪几款,['5271'],[],title_description,3,1,['5271'],1.0,"['5271', '50760', '5819']","[0.5607277750968933, 0.5051852464675903, 0.46803492307662964]","['title_description', 'title_description', 'title_description']"
七座的车,['5271'],[],title_description,1,0,[],,['5819'],[0.5171747207641602],['title_description']
七座的车,['5271'],[],title_description,3,1,['5271'],3.0,"['5819', '50760', '5271']","[0.5171747207641602, 0.5040762424468994, 0.5002389550209045]","['title_description', 'title_description', 'title_description']"
上汽大众suv车型有哪些,['5271'],[],title_description,1,1,['5271'],1.0,['5271'],[0.5130704045295715],['title_description']
上汽大众suv车型有哪些,['5271'],[],title_description,3,1,['5271'],1.0,"['5271', '50760', '5819']","[0.5130704045295715, 0.496823251247406, 0.4587194621562958]","['title_description', 'title_description', 'title_description']"
上汽大众纯电动车有哪几款,['5271'],[],title_description,1,1,['5271'],1.0,['5271'],[0.5231192111968994],['title_description']
上汽大众纯电动车有哪几款,['5271'],[],title_description,3,1,['5271'],1.0,"['5271', '50760', '5819']","[0.5231192111968994, 0.47313442826271057, 0.4605448544025421]","['title_description', 'title_description', 'title_description']"
上汽新能源,['5271'],[],title_description,1,1,['5271'],1.0,['5271'],[0.496056467294693],['title_description']
上汽新能源,['5271'],[],title_description,3,1,['5271'],1.0,"['5271', '5819', '50760']","[0.496056467294693, 0.4873700737953186, 0.45536983013153076]","['title_description', 'title_description', 'title_description']"
上海大众车型及价格,['5271'],[],title_description,1,0,[],,['50760'],[0.5697488784790039],['title_description']
上海大众车型及价格,['5271'],[],title_description,3,1,['5271'],2.0,"['50760', '5271', '5819']","[0.5697488784790039, 0.5262739062309265, 0.4775620400905609]","['title_description', 'title_description', 'title_description']"
东风日产suv,['5271'],[],title_description,1,1,['5271'],1.0,['5271'],[0.46355217695236206],['title_description']
东风日产suv,['5271'],[],title_description,3,1,['5271'],1.0,"['5271', '5819', '50760']","[0.46355217695236206, 0.4224015474319458, 0.4175298810005188]","['title_description', 'title_description', 'title_description']"
两万左右的新车有哪些,['5271'],[],title_description,1,0,[],,['50760'],[0.7171093225479126],['title_description']
两万左右的新车有哪些,['5271'],[],title_description,3,1,['5271'],2.0,"['50760', '5271', '5819']","[0.7171093225479126, 0.5184339284896851, 0.516883373260498]","['title_description', 'title_description', 'title_description']"
丰田2.0t车型及价格,['5271'],[],title_description,1,0,[],,['50760'],[0.586702823638916],['title_description']
丰田2.0t车型及价格,['5271'],[],title_description,3,0,[],,"['50760', '4526', '60977']","[0.586702823638916, 0.4962191879749298, 0.4607856571674347]","['title_description', 'title_description', 'title_description']"
丰田suv车型大全,['5271'],[],title_description,1,1,['5271'],1.0,['5271'],[0.47919726371765137],['title_description']
丰田suv车型大全,['5271'],[],title_description,3,1,['5271'],1.0,"['5271', '50760', '5819']","[0.47919726371765137, 0.45943522453308105, 0.4059259295463562]","['title_description', 'title_description', 'title_description']"
丰田七座商务车,['5271'],[],title_description,1,1,['5271'],1.0,['5271'],[0.3803311586380005],['title_description']
丰田七座商务车,['5271'],[],title_description,3,1,['5271'],1.0,"['5271', '5819', '50760']","[0.3803311586380005, 0.3728673756122589, 0.36800915002822876]","['title_description', 'title_description', 'title_description']"
丰田六座车多少钱,['5271'],[],title_description,1,0,[],,['50760'],[0.5079579949378967],['title_description']
丰田六座车多少钱,['5271'],[],title_description,3,0,[],,"['50760', '4526', '5819']","[0.5079579949378967, 0.47052013874053955, 0.4365904927253723]","['title_description', 'title_description', 'title_description']"
丰田微型车图片,['5271'],[],title_description,1,0,[],,['5819'],[0.4233856797218323],['title_description']
丰田微型车图片,['5271'],[],title_description,3,1,['5271'],3.0,"['5819', '50760', '5271']","[0.4233856797218323, 0.4117494821548462, 0.4060368537902832]","['title_description', 'title_description', 'title_description']"
丰田新款车,['5271'],[],title_description,1,0,[],,['5819'],[0.4924054741859436],['title_description']
丰田新款车,['5271'],[],title_description,3,1,['5271'],3.0,"['5819', '50760', '5271']","[0.4924054741859436, 0.4707789421081543, 0.4562947452068329]","['title_description', 'title_description', 'title_description']"
丰田混动有什么车型,['5271'],[],title_description,1,1,['5271'],1.0,['5271'],[0.5211858749389648],['title_description']
丰田混动有什么车型,['5271'],[],title_description,3,1,['5271'],1.0,"['5271', '50760', '5819']","[0.5211858749389648, 0.5028237700462341, 0.4574531316757202]","['title_description', 'title_description', 'title_description']"
丰田越野车2025最新款多少钱,['5271'],[],title_description,1,0,[],,['50760'],[0.48270994424819946],['title_description']
丰田越野车2025最新款多少钱,['5271'],[],title_description,3,0,[],,"['50760', '4526', '60977']","[0.48270994424819946, 0.4506830871105194, 0.4149704575538635]","['title_description', 'title_description', 'title_description']"
二厢车有哪几款,['5271'],[],title_description,1,0,[],,['50760'],[0.6222774982452393],['title_description']
二厢车有哪几款,['5271'],[],title_description,3,1,['5271'],2.0,"['50760', '5271', '5819']","[0.6222774982452393, 0.5632709264755249, 0.5170387625694275]","['title_description', 'title_description', 'title_description']"
五万左右能买什么油车,['5271'],[],title_description,1,0,[],,['50760'],[0.6531013250350952],['title_description']
五万左右能买什么油车,['5271'],[],title_description,3,1,['5271'],2.0,"['50760', '5271', '5819']","[0.6531013250350952, 0.5110223293304443, 0.5031789541244507]","['title_description', 'title_description', 'title_description']"
五菱混动车型,['5271'],[],title_description,1,1,['5271'],1.0,['5271'],[0.5030150413513184],['title_description']
五菱混动车型,['5271'],[],title_description,3,1,['5271'],1.0,"['5271', '5819', '50760']","[0.5030150413513184, 0.4583275616168976, 0.44923025369644165]","['title_description', 'title_description', 'title_description']"
五菱电车,['5271'],[],title_description,1,1,['5271'],1.0,['5271'],[0.49741604924201965],['title_description']
五菱电车,['5271'],[],title_description,3,1,['5271'],1.0,"['5271', '5819', '50760']","[0.49741604924201965, 0.45923125743865967, 0.4233185350894928]","['title_description', 'title_description', 'title_description']"
五菱面包车价格,['5271'],[],title_description,1,0,[],,['50760'],[0.4847032427787781],['title_description']
五菱面包车价格,['5271'],[],title_description,3,1,['5271'],2.0,"['50760', '5271', '4526']","[0.4847032427787781, 0.4549434781074524, 0.4546170234680176]","['title_description', 'title_description', 'title_description']"
传祺suv,['5271'],[],title_description,1,1,['5271'],1.0,['5271'],[0.47764548659324646],['title_description']
传祺suv,['5271'],[],title_description,3,1,['5271'],1.0,"['5271', '5819', '50760']","[0.47764548659324646, 0.4638558626174927, 0.4620683193206787]","['title_description', 'title_description', 'title_description']"
兰博基尼跑车价格及图片,['5271'],[],title_description,1,0,[],,['50760'],[0.4551277160644531],['title_description']
兰博基尼跑车价格及图片,['5271'],[],title_description,3,1,['5271'],2.0,"['50760', '5271', '4526']","[0.4551277160644531, 0.41732096672058105, 0.40897348523139954]","['title_description', 'title_description', 'title_description']"
十万的车有哪些,['5271'],[],title_description,1,0,[],,['50760'],[0.6591644287109375],['title_description']
十万的车有哪些,['5271'],[],title_description,3,1,['5271'],2.0,"['50760', '5271', '5819']","[0.6591644287109375, 0.5548936128616333, 0.5252128839492798]","['title_description', 'title_description', 'title_description']"
吉利hev车型有哪些,['5271'],[],title_description,1,1,['5271'],1.0,['5271'],[0.5817798376083374],['title_description']
吉利hev车型有哪些,['5271'],[],title_description,3,1,['5271'],1.0,"['5271', '50760', '5819']","[0.5817798376083374, 0.5226946473121643, 0.5096123218536377]","['title_description', 'title_description', 'title_description']"
吉利新能源汽车的价格,['5271'],[],title_description,1,0,[],,['50760'],[0.5396813154220581],['title_description']
吉利新能源汽车的价格,['5271'],[],title_description,3,1,['5271'],2.0,"['50760', '5271', '61111']","[0.5396813154220581, 0.5343612432479858, 0.520101010799408]","['title_description', 'title_description', 'title_description']"
吉利汽车图片大全,['5271'],[],title_description,1,0,[],,['50574'],[0.4717961549758911],['title_description']
吉利汽车图片大全,['5271'],[],title_description,3,0,[],,"['50574', '5819', '50760']","[0.4717961549758911, 0.45540618896484375, 0.42756909132003784]","['title_description', 'title_description', 'title_description']"
吉利电动suv,['5271'],[],title_description,1,1,['5271'],1.0,['5271'],[0.4696529805660248],['title_description']
吉利电动suv,['5271'],[],title_description,3,1,['5271'],1.0,"['5271', '5819', '50760']","[0.4696529805660248, 0.44434261322021484, 0.40506553649902344]","['title_description', 'title_description', 'title_description']"
吉利纯电车有哪些,['5271'],[],title_description,1,1,['5271'],1.0,['5271'],[0.5510687232017517],['title_description']
吉利纯电车有哪些,['5271'],[],title_description,3,1,['5271'],1.0,"['5271', '50760', '5819']","[0.5510687232017517, 0.4959288239479065, 0.4937216639518738]","['title_description', 'title_description', 'title_description']"
吉普suv,['5271'],[],title_description,1,1,['5271'],1.0,['5271'],[0.4102492928504944],['title_description']
吉普suv,['5271'],[],title_description,3,1,['5271'],1.0,"['5271', '5819', '61111']","[0.4102492928504944, 0.40540027618408203, 0.40097057819366455]","['title_description', 'title_description', 'title_description']"
四轮电动车价格,['5271'],[],title_description,1,0,[],,['50760'],[0.434162974357605],['title_description']
四轮电动车价格,['5271'],[],title_description,3,0,[],,"['50760', '60540', '60977']","[0.434162974357605, 0.4210713803768158, 0.4102519154548645]","['title_description', 'title_description', 'title_description']"
四驱的车有哪些,['5271'],[],title_description,1,1,['5271'],1.0,['5271'],[0.5109556913375854],['title_description']
四驱的车有哪些,['5271'],[],title_description,3,1,['5271'],1.0,"['5271', '50760', '5819']","[0.5109556913375854, 0.5093379020690918, 0.49518126249313354]","['title_description', 'title_description', 'title_description']"
国产一百多万的车,['5271'],[],title_description,1,0,[],,['50760'],[0.5085290670394897],['title_description']
国产一百多万的车,['5271'],[],title_description,3,1,['5271'],3.0,"['50760', '5819', '5271']","[0.5085290670394897, 0.4760536849498749, 0.45800456404685974]","['title_description', 'title_description', 'title_description']"
国产油车,['5271'],[],title_description,1,0,[],,['50760'],[0.5255236029624939],['title_description']
国产油车,['5271'],[],title_description,3,1,['5271'],2.0,"['50760', '5271', '5819']","[0.5255236029624939, 0.5032058954238892, 0.4921116828918457]","['title_description', 'title_description', 'title_description']"
埃安有哪些suv车型,['5271'],[],title_description,1,1,['5271'],1.0,['5271'],[0.5207521915435791],['title_description']
埃安有哪些suv车型,['5271'],[],title_description,3,1,['5271'],1.0,"['5271', '50760', '5819']","[0.5207521915435791, 0.4872824251651764, 0.4560718834400177]","['title_description', 'title_description', 'title_description']"
大众10-15万车有哪些,['5271'],[],title_description,1,0,[],,['50760'],[0.6462297439575195],['title_description']
大众10-15万车有哪些,['5271'],[],title_description,3,1,['5271'],2.0,"['50760', '5271', '5819']","[0.6462297439575195, 0.5558781623840332, 0.5233446955680847]","['title_description', 'title_description', 'title_description']"
大众10以下的车型,['5271'],[],title_description,1,0,[],,['50760'],[0.6368541717529297],['title_description']
大众10以下的车型,['5271'],[],title_description,3,1,['5271'],2.0,"['50760', '5271', '5819']","[0.6368541717529297, 0.5607254505157471, 0.5417115688323975]","['title_description', 'title_description', 'title_description']"
大众suv车型及价格,['5271'],[],title_description,1,0,[],,['50760'],[0.5872170925140381],['title_description']
大众suv车型及价格,['5271'],[],title_description,3,1,['5271'],2.0,"['50760', '5271', '4526']","[0.5872170925140381, 0.5575754046440125, 0.49813956022262573]","['title_description', 'title_description', 'title_description']"
大众皮卡,['5271'],[],title_description,1,1,['5271'],1.0,['5271'],[0.504310667514801],['title_description']
大众皮卡,['5271'],[],title_description,3,1,['5271'],1.0,"['5271', '5819', '50760']","[0.504310667514801, 0.4941210150718689, 0.48598986864089966]","['title_description', 'title_description', 'title_description']"
大众纯电车有哪几款,['5271'],[],title_description,1,1,['5271'],1.0,['5271'],[0.5576080679893494],['title_description']
大众纯电车有哪几款,['5271'],[],title_description,3,1,['5271'],1.0,"['5271', '50760', '5819']","[0.5576080679893494, 0.5100359916687012, 0.4879370629787445]","['title_description', 'title_description', 'title_description']"
大众豪车,['5271'],[],title_description,1,0,[],,['50760'],[0.4997110962867737],['title_description']
大众豪车,['5271'],[],title_description,3,1,['5271'],2.0,"['50760', '5271', '5819']","[0.4997110962867737, 0.48131781816482544, 0.4719049334526062]","['title_description', 'title_description', 'title_description']"
大型的mpv,['5271'],[],title_description,1,1,['5271'],1.0,['5271'],[0.4994368851184845],['title_description']
大型的mpv,['5271'],[],title_description,3,1,['5271'],1.0,"['5271', '50760', '60977']","[0.4994368851184845, 0.4897145628929138, 0.44532209634780884]","['title_description', 'title_description', 'title_description']"
奔驰20多万的车有哪些款,['5271'],[],title_description,1,0,[],,['50760'],[0.6412374377250671],['title_description']
奔驰20多万的车有哪些款,['5271'],[],title_description,3,1,['5271'],2.0,"['50760', '5271', '4526']","[0.6412374377250671, 0.5142296552658081, 0.49518531560897827]","['title_description', 'title_description', 'title_description']"
奔驰suv价格,['5271'],[],title_description,1,0,[],,['4526'],[0.5183999538421631],['title_description']
奔驰suv价格,['5271'],[],title_description,3,1,['5271'],3.0,"['4526', '50760', '5271']","[0.5183999538421631, 0.5079079270362854, 0.4826102554798126]","['title_description', 'title_description', 'title_description']"
奔驰商务车七座图片及报价,['5271'],[],title_description,1,1,['5271'],1.0,['5271'],[0.4344065189361572],['title_description']
奔驰商务车七座图片及报价,['5271'],[],title_description,3,1,['5271'],1.0,"['5271', '4526', '60874']","[0.4344065189361572, 0.42647385597229004, 0.4145693778991699]","['title_description', 'title_description', 'title_description']"
奔驰油电混合车型有哪几款,['5271'],[],title_description,1,1,['5271'],1.0,['5271'],[0.5439516305923462],['title_description']
奔驰油电混合车型有哪几款,['5271'],[],title_description,3,1,['5271'],1.0,"['5271', '50760', '5819']","[0.5439516305923462, 0.49252915382385254, 0.45914551615715027]","['title_description', 'title_description', 'title_description']"
奔驰电车,['5271'],[],title_description,1,1,['5271'],1.0,['5271'],[0.5223663449287415],['title_description']
奔驰电车,['5271'],[],title_description,3,1,['5271'],1.0,"['5271', '5819', '50760']","[0.5223663449287415, 0.4714573621749878, 0.4356061816215515]","['title_description', 'title_description', 'title_description']"
奔驰进口车型有哪几款,['5271'],[],title_description,1,1,['5271'],1.0,['5271'],[0.5261504650115967],['title_description']
奔驰进口车型有哪几款,['5271'],[],title_description,3,1,['5271'],1.0,"['5271', '50760', '4526']","[0.5261504650115967, 0.47646933794021606, 0.46879470348358154]","['title_description', 'title_description', 'title_description']"
奥迪电车,['5271'],[],title_description,1,1,['5271'],1.0,['5271'],[0.5356975197792053],['title_description']
奥迪电车,['5271'],[],title_description,3,1,['5271'],1.0,"['5271', '5819', '50760']","[0.5356975197792053, 0.504080593585968, 0.4668624997138977]","['title_description', 'title_description', 'title_description']"
宋七座车型及价格,['5271'],[],title_description,1,0,[],,['50760'],[0.5062061548233032],['title_description']
宋七座车型及价格,['5271'],[],title_description,3,1,['5271'],2.0,"['50760', '5271', '4526']","[0.5062061548233032, 0.48527008295059204, 0.45521295070648193]","['title_description', 'title_description', 'title_description']"
宝马两座,['5271'],[],title_description,1,1,['5271'],1.0,['5271'],[0.5281359553337097],['title_description']
宝马两座,['5271'],[],title_description,3,1,['5271'],1.0,"['5271', '50760', '4526']","[0.5281359553337097, 0.491507887840271, 0.4835280179977417]","['title_description', 'title_description', 'title_description']"
宝马哪款是suv,['5271'],[],title_description,1,1,['5271'],1.0,['5271'],[0.5577213764190674],['title_description']
宝马哪款是suv,['5271'],[],title_description,3,1,['5271'],1.0,"['5271', '4526', '50760']","[0.5577213764190674, 0.49966806173324585, 0.44615304470062256]","['title_description', 'title_description', 'title_description']"
宝马迷你mini,['5271'],[],title_description,1,1,['5271'],1.0,['5271'],[0.5306707620620728],['title_description']
宝马迷你mini,['5271'],[],title_description,3,1,['5271'],1.0,"['5271', '4526', '50760']","[0.5306707620620728, 0.47815340757369995, 0.4397631883621216]","['title_description', 'title_description', 'title_description']"
宝骏新能源,['5271'],[],title_description,1,1,['5271'],1.0,['5271'],[0.5496877431869507],['title_description']
宝骏新能源,['5271'],[],title_description,3,1,['5271'],1.0,"['5271', '5819', '47242']","[0.5496877431869507, 0.4551818072795868, 0.43607062101364136]","['title_description', 'title_description', 'title_description']"
小型mpv车型有哪些,['5271'],[],title_description,1,1,['5271'],1.0,['5271'],[0.5424893498420715],['title_description']
小型mpv车型有哪些,['5271'],[],title_description,3,1,['5271'],1.0,"['5271', '50760', '5819']","[0.5424893498420715, 0.5114707946777344, 0.4620722830295563]","['title_description', 'title_description', 'title_description']"
岚图六座suv多少钱,['5271'],[],title_description,1,0,[],,['50760'],[0.5029107332229614],['title_description']
岚图六座suv多少钱,['5271'],[],title_description,3,1,['5271'],2.0,"['50760', '5271', '4526']","[0.5029107332229614, 0.47432392835617065, 0.45580971240997314]","['title_description', 'title_description', 'title_description']"
广汽传祺七座商务车价格,['5271'],[],title_description,1,0,[],,['50760'],[0.44795215129852295],['title_description']
广汽传祺七座商务车价格,['5271'],[],title_description,3,1,['5271'],2.0,"['50760', '5271', '4526']","[0.44795215129852295, 0.4333312511444092, 0.42995500564575195]","['title_description', 'title_description', 'title_description']"
广汽传祺油电混合7座,['5271'],[],title_description,1,1,['5271'],1.0,['5271'],[0.40378621220588684],['title_description']
广汽传祺油电混合7座,['5271'],[],title_description,3,1,['5271'],1.0,"['5271', '5819', '50760']","[0.40378621220588684, 0.3952798843383789, 0.38051486015319824]","['title_description', 'title_description', 'title_description']"
手动挡的车有哪些,['5271'],[],title_description,1,0,[],,['50760'],[0.5201729536056519],['title_description']
手动挡的车有哪些,['5271'],[],title_description,3,1,['5271'],2.0,"['50760', '5271', '50574']","[0.5201729536056519, 0.5099349021911621, 0.4932008683681488]","['title_description', 'title_description', 'title_description']"
捷豹100万以上的车,['5271'],[],title_description,1,0,[],,['50760'],[0.4867097735404968],['title_description']
捷豹100万以上的车,['5271'],[],title_description,3,0,[],,"['50760', '50574', '5819']","[0.4867097735404968, 0.4360203146934509, 0.4152470827102661]","['title_description', 'title_description', 'title_description']"
捷豹suv,['5271'],[],title_description,1,1,['5271'],1.0,['5271'],[0.4179593324661255],['title_description']
捷豹suv,['5271'],[],title_description,3,1,['5271'],1.0,"['5271', '50760', '4526']","[0.4179593324661255, 0.40940845012664795, 0.39855948090553284]","['title_description', 'title_description', 'title_description']"
新能源汽车有哪些,['5271'],[],title_description,1,1,['5271'],1.0,['5271'],[0.5922694206237793],['title_description']
新能源汽车有哪些,['5271'],[],title_description,3,1,['5271'],1.0,"['5271', '50760', '5819']","[0.5922694206237793, 0.5501270294189453, 0.5327003002166748]","['title_description', 'title_description', 'title_description']"
新能源面包车,['5271'],[],title_description,1,1,['5271'],1.0,['5271'],[0.4919757544994354],['title_description']
新能源面包车,['5271'],[],title_description,3,1,['5271'],1.0,"['5271', '5819', '50760']","[0.4919757544994354, 0.48153865337371826, 0.47272026538848877]","['title_description', 'title_description', 'title_description']"
日产suv全部车型,['5271'],[],title_description,1,1,['5271'],1.0,['5271'],[0.5512590408325195],['title_description']
日产suv全部车型,['5271'],[],title_description,3,1,['5271'],1.0,"['5271', '50760', '5819']","[0.5512590408325195, 0.4559837281703949, 0.4351632297039032]","['title_description', 'title_description', 'title_description']"
最长续航的纯电车是哪一款,['5271'],[],title_description,1,1,['5271'],1.0,['5271'],[0.4821152091026306],['title_description']
最长续航的纯电车是哪一款,['5271'],[],title_description,3,1,['5271'],1.0,"['5271', '50760', '5819']","[0.4821152091026306, 0.4685725271701813, 0.4625999331474304]","['title_description', 'title_description', 'title_description']"
有车价格,['5271'],[],title_description,1,0,[],,['50760'],[0.6743287444114685],['title_description']
有车价格,['5271'],[],title_description,3,0,[],,"['50760', '4526', '60977']","[0.6743287444114685, 0.5978994965553284, 0.5918704867362976]","['title_description', 'title_description', 'title_description']"
本田suv车型大全,['5271'],[],title_description,1,1,['5271'],1.0,['5271'],[0.4986419677734375],['title_description']
本田suv车型大全,['5271'],[],title_description,3,1,['5271'],1.0,"['5271', '50760', '47272']","[0.4986419677734375, 0.46376025676727295, 0.40369051694869995]","['title_description', 'title_description', 'title_description']"
本田电车,['5271'],[],title_description,1,1,['5271'],1.0,['5271'],[0.5252518653869629],['title_description']
本田电车,['5271'],[],title_description,3,1,['5271'],1.0,"['5271', '5819', '50760']","[0.5252518653869629, 0.4613889753818512, 0.451632022857666]","['title_description', 'title_description', 'title_description']"
极氪轿车,['5271'],[],title_description,1,0,[],,['5819'],[0.5073599815368652],['title_description']
极氪轿车,['5271'],[],title_description,3,1,['5271'],3.0,"['5819', '50760', '5271']","[0.5073599815368652, 0.47310471534729004, 0.4672805666923523]","['title_description', 'title_description', 'title_description']"
比亚迪suv,['5271'],[],title_description,1,1,['5271'],1.0,['5271'],[0.7104836702346802],['title_description']
比亚迪suv,['5271'],[],title_description,3,1,['5271'],1.0,"['5271', '50760', '5819']","[0.7104836702346802, 0.4821613132953644, 0.469551682472229]","['title_description', 'title_description', 'title_description']"
比亚迪七座纯电车有哪些,['5271'],[],title_description,1,1,['5271'],1.0,['5271'],[0.6391686201095581],['title_description']
比亚迪七座纯电车有哪些,['5271'],[],title_description,3,1,['5271'],1.0,"['5271', '5819', '50760']","[0.6391686201095581, 0.44703879952430725, 0.4406428635120392]","['title_description', 'title_description', 'title_description']"
比亚迪新能源10万以内,['5271'],[],title_description,1,1,['5271'],1.0,['5271'],[0.659081220626831],['title_description']
比亚迪新能源10万以内,['5271'],[],title_description,3,1,['5271'],1.0,"['5271', '50760', '5819']","[0.659081220626831, 0.5542858242988586, 0.47621679306030273]","['title_description', 'title_description', 'title_description']"
比亚迪新能源汽车2026款最新款价格,['5271'],[],title_description,1,1,['5271'],1.0,['5271'],[0.6460170149803162],['title_description']
比亚迪新能源汽车2026款最新款价格,['5271'],[],title_description,3,1,['5271'],1.0,"['5271', '4526', '50760']","[0.6460170149803162, 0.5310474038124084, 0.5039513111114502]","['title_description', 'title_description', 'title_description']"
比亚迪汽车最贵的车型是哪一款,['5271'],[],title_description,1,1,['5271'],1.0,['5271'],[0.7008439302444458],['title_description']
比亚迪汽车最贵的车型是哪一款,['5271'],[],title_description,3,1,['5271'],1.0,"['5271', '50760', '4526']","[0.7008439302444458, 0.529726505279541, 0.5061720609664917]","['title_description', 'title_description', 'title_description']"
比亚迪电车,['5271'],[],title_description,1,1,['5271'],1.0,['5271'],[0.690139651298523],['title_description']
比亚迪电车,['5271'],[],title_description,3,1,['5271'],1.0,"['5271', '5819', '47242']","[0.690139651298523, 0.49893051385879517, 0.4816052317619324]","['title_description', 'title_description', 'title_description']"
比亚迪纯电越野车报价,['5271'],[],title_description,1,1,['5271'],1.0,['5271'],[0.6165516376495361],['title_description']
比亚迪纯电越野车报价,['5271'],[],title_description,3,1,['5271'],1.0,"['5271', '4526', '50760']","[0.6165516376495361, 0.5027481913566589, 0.458953857421875]","['title_description', 'title_description', 'title_description']"
江铃皮卡,['5271'],[],title_description,1,0,[],,['5819'],[0.42055171728134155],['title_description']
江铃皮卡,['5271'],[],title_description,3,1,['5271'],3.0,"['5819', '50574', '5271']","[0.42055171728134155, 0.3979271352291107, 0.3850438892841339]","['title_description', 'title_description', 'title_description']"
汽车排量,['5271'],[],title_description,1,0,[],,['50760'],[0.6165794134140015],['title_description']
汽车排量,['5271'],[],title_description,3,0,[],,"['50760', '5819', '50574']","[0.6165794134140015, 0.5615417957305908, 0.5460415482521057]","['title_description', 'title_description', 'title_description']"
沃尔沃s,['5271'],[],title_description,1,0,[],,['50760'],[0.5015056133270264],['title_description']
沃尔沃s,['5271'],[],title_description,3,1,['5271'],3.0,"['50760', '5819', '5271']","[0.5015056133270264, 0.4841609597206116, 0.4812619090080261]","['title_description', 'title_description', 'title_description']"
混动商务车,['5271'],[],title_description,1,1,['5271'],1.0,['5271'],[0.5235918164253235],['title_description']
混动商务车,['5271'],[],title_description,3,1,['5271'],1.0,"['5271', '50760', '5819']","[0.5235918164253235, 0.4752524197101593, 0.4436853528022766]","['title_description', 'title_description', 'title_description']"
特斯拉电车价格及图片大全,['5271'],[],title_description,1,0,[],,['50760'],[0.5001678466796875],['title_description']
特斯拉电车价格及图片大全,['5271'],[],title_description,3,1,['5271'],2.0,"['50760', '5271', '60540']","[0.5001678466796875, 0.4996756315231323, 0.4768766760826111]","['title_description', 'title_description', 'title_description']"
玛莎拉蒂新款,['5271'],[],title_description,1,0,[],,['5819'],[0.4435793161392212],['title_description']
玛莎拉蒂新款,['5271'],[],title_description,3,0,[],,"['5819', '50760', '50574']","[0.4435793161392212, 0.4205756187438965, 0.41252458095550537]","['title_description', 'title_description', 'title_description']"
现代的suv 最贵,['5271'],[],title_description,1,0,[],,['50760'],[0.4254493713378906],['title_description']
现代的suv 最贵,['5271'],[],title_description,3,1,['5271'],2.0,"['50760', '5271', '4526']","[0.4254493713378906, 0.41759759187698364, 0.40257126092910767]","['title_description', 'title_description', 'title_description']"
现在电车多少钱一辆,['5271'],[],title_description,1,0,[],,['50760'],[0.5581251382827759],['title_description']
现在电车多少钱一辆,['5271'],[],title_description,3,1,['5271'],3.0,"['50760', '60540', '5271']","[0.5581251382827759, 0.5252638459205627, 0.5217316746711731]","['title_description', 'title_description', 'title_description']"
理想6坐电车多少钱,['5271'],[],title_description,1,0,[],,['50760'],[0.5427991151809692],['title_description']
理想6坐电车多少钱,['5271'],[],title_description,3,1,['5271'],2.0,"['50760', '5271', '5819']","[0.5427991151809692, 0.5276782512664795, 0.48800066113471985]","['title_description', 'title_description', 'title_description']"
电车有哪些款,['5271'],[],title_description,1,1,['5271'],1.0,['5271'],[0.6079698204994202],['title_description']
电车有哪些款,['5271'],[],title_description,3,1,['5271'],1.0,"['5271', '50760', '60977']","[0.6079698204994202, 0.5667630434036255, 0.541785717010498]","['title_description', 'title_description', 'title_description']"
皮卡车价格大全,['5271'],[],title_description,1,0,[],,['50760'],[0.5246784687042236],['title_description']
皮卡车价格大全,['5271'],[],title_description,3,1,['5271'],3.0,"['50760', '4526', '5271']","[0.5246784687042236, 0.5191683769226074, 0.4868854582309723]","['title_description', 'title_description', 'title_description']"
目前日系最便宜的车,['5271'],[],title_description,1,0,[],,['50760'],[0.5720385313034058],['title_description']
目前日系最便宜的车,['5271'],[],title_description,3,1,['5271'],3.0,"['50760', '5819', '5271']","[0.5720385313034058, 0.5563974380493164, 0.5031481385231018]","['title_description', 'title_description', 'title_description']"
省油的suv,['5271'],[],title_description,1,0,[],,['50760'],[0.46016448736190796],['title_description']
省油的suv,['5271'],[],title_description,3,1,['5271'],2.0,"['50760', '5271', '5819']","[0.46016448736190796, 0.4522300958633423, 0.4371369481086731]","['title_description', 'title_description', 'title_description']"
福特suv七座车型及价格,['5271'],[],title_description,1,0,[],,['50760'],[0.43475356698036194],['title_description']
福特suv七座车型及价格,['5271'],[],title_description,3,1,['5271'],2.0,"['50760', '5271', '4526']","[0.43475356698036194, 0.430583655834198, 0.40024709701538086]","['title_description', 'title_description', 'title_description']"
福特小车,['5271'],[],title_description,1,0,[],,['5819'],[0.4672570526599884],['title_description']
福特小车,['5271'],[],title_description,3,0,[],,"['5819', '50760', '50574']","[0.4672570526599884, 0.44016319513320923, 0.43242326378822327]","['title_description', 'title_description', 'title_description']"
福田9座车型,['5271'],[],title_description,1,1,['5271'],1.0,['5271'],[0.4933350086212158],['title_description']
福田9座车型,['5271'],[],title_description,3,1,['5271'],1.0,"['5271', '50760', '60874']","[0.4933350086212158, 0.46410995721817017, 0.4532388746738434]","['title_description', 'title_description', 'title_description']"
红旗新能源车,['5271'],[],title_description,1,0,[],,['5819'],[0.4567211866378784],['title_description']
红旗新能源车,['5271'],[],title_description,3,1,['5271'],2.0,"['5819', '5271', '50760']","[0.4567211866378784, 0.4545462727546692, 0.4099857807159424]","['title_description', 'title_description', 'title_description']"
红旗车最便宜的多少钱,['5271'],[],title_description,1,0,[],,['50760'],[0.5519423484802246],['title_description']
红旗车最便宜的多少钱,['5271'],[],title_description,3,0,[],,"['50760', '60338', '4526']","[0.5519423484802246, 0.49565646052360535, 0.4813879728317261]","['title_description', 'title_description', 'title_description']"
纯电续航600左右的车,['5271'],[],title_description,1,0,[],,['50760'],[0.5246329307556152],['title_description']
纯电续航600左右的车,['5271'],[],title_description,3,1,['5271'],2.0,"['50760', '5271', '5819']","[0.5246329307556152, 0.5105050802230835, 0.46769529581069946]","['title_description', 'title_description', 'title_description']"
美国suv,['5271'],[],title_description,1,0,[],,['50760'],[0.4596220552921295],['title_description']
美国suv,['5271'],[],title_description,3,1,['5271'],2.0,"['50760', '5271', '5819']","[0.4596220552921295, 0.4397417902946472, 0.4383125305175781]","['title_description', 'title_description', 'title_description']"
腾势suv,['5271'],[],title_description,1,1,['5271'],1.0,['5271'],[0.5407016277313232],['title_description']
腾势suv,['5271'],[],title_description,3,1,['5271'],1.0,"['5271', '50760', '5819']","[0.5407016277313232, 0.4467925429344177, 0.4430779218673706]","['title_description', 'title_description', 'title_description']"
起亚电车,['5271'],[],title_description,1,1,['5271'],1.0,['5271'],[0.5134474635124207],['title_description']
起亚电车,['5271'],[],title_description,3,1,['5271'],1.0,"['5271', '5819', '47242']","[0.5134474635124207, 0.5045437812805176, 0.4655485153198242]","['title_description', 'title_description', 'title_description']"
越野车,['5271'],[],title_description,1,0,[],,['50760'],[0.4723860025405884],['title_description']
越野车,['5271'],[],title_description,3,1,['5271'],3.0,"['50760', '5819', '5271']","[0.4723860025405884, 0.44745415449142456, 0.44677725434303284]","['title_description', 'title_description', 'title_description']"
路虎那款车最贵,['5271'],[],title_description,1,0,[],,['50760'],[0.5086193084716797],['title_description']
路虎那款车最贵,['5271'],[],title_description,3,1,['5271'],3.0,"['50760', '50574', '5271']","[0.5086193084716797, 0.46768683195114136, 0.45765066146850586]","['title_description', 'title_description', 'title_description']"
那个新能源车最便宜,['5271'],[],title_description,1,0,[],,['50760'],[0.5602184534072876],['title_description']
那个新能源车最便宜,['5271'],[],title_description,3,1,['5271'],3.0,"['50760', '5819', '5271']","[0.5602184534072876, 0.5525544881820679, 0.5511826872825623]","['title_description', 'title_description', 'title_description']"
那个车最好最省油,['5271'],[],title_description,1,0,[],,['5819'],[0.54891037940979],['title_description']
那个车最好最省油,['5271'],[],title_description,3,1,['5271'],3.0,"['5819', '50760', '5271']","[0.54891037940979, 0.5459938049316406, 0.4965295195579529]","['title_description', 'title_description', 'title_description']"
都有哪些车,['5271'],[],title_description,1,0,[],,['50760'],[0.6319531202316284],['title_description']
都有哪些车,['5271'],[],title_description,3,1,['5271'],2.0,"['50760', '5271', '5819']","[0.6319531202316284, 0.6276792287826538, 0.5956835150718689]","['title_description', 'title_description', 'title_description']"
金杯面包车7座图片,['5271'],[],title_description,1,1,['5271'],1.0,['5271'],[0.3798295259475708],['title_description']
金杯面包车7座图片,['5271'],[],title_description,3,1,['5271'],1.0,"['5271', '5819', '47242']","[0.3798295259475708, 0.364687979221344, 0.35145819187164307]","['title_description', 'title_description', 'title_description']"
长城suv,['5271'],[],title_description,1,0,[],,['50760'],[0.4281059503555298],['title_description']
长城suv,['5271'],[],title_description,3,1,['5271'],3.0,"['50760', '5819', '5271']","[0.4281059503555298, 0.4230056405067444, 0.4198572337627411]","['title_description', 'title_description', 'title_description']"
长安汽车图片大全,['5271'],[],title_description,1,0,[],,['5819'],[0.4326777160167694],['title_description']
长安汽车图片大全,['5271'],[],title_description,3,0,[],,"['5819', '50760', '50574']","[0.4326777160167694, 0.41565126180648804, 0.40568476915359497]","['title_description', 'title_description', 'title_description']"
长安轿车,['5271'],[],title_description,1,0,[],,['5819'],[0.48286864161491394],['title_description']
长安轿车,['5271'],[],title_description,3,1,['5271'],2.0,"['5819', '5271', '50760']","[0.48286864161491394, 0.4761273264884949, 0.46820729970932007]","['title_description', 'title_description', 'title_description']"
问界车型及价格,['5271'],[],title_description,1,0,[],,['50760'],[0.625597357749939],['title_description']
问界车型及价格,['5271'],[],title_description,3,1,['5271'],2.0,"['50760', '5271', '4526']","[0.625597357749939, 0.5904446840286255, 0.5642775297164917]","['title_description', 'title_description', 'title_description']"
零跑车价格,['5271'],[],title_description,1,0,[],,['50760'],[0.5549533367156982],['title_description']
零跑车价格,['5271'],[],title_description,3,0,[],,"['50760', '60338', '4526']","[0.5549533367156982, 0.491195946931839, 0.48743101954460144]","['title_description', 'title_description', 'title_description']"
雷克萨斯跑车,['5271'],[],title_description,1,0,[],,['5819'],[0.41510164737701416],['title_description']
雷克萨斯跑车,['5271'],[],title_description,3,0,[],,"['5819', '50574', '50760']","[0.41510164737701416, 0.4043867588043213, 0.403484582901001]","['title_description', 'title_description', 'title_description']"
顶级suv,['5271'],[],title_description,1,0,[],,['50760'],[0.4938061833381653],['title_description']
顶级suv,['5271'],[],title_description,3,1,['5271'],2.0,"['50760', '5271', '60977']","[0.4938061833381653, 0.4728260636329651, 0.45884978771209717]","['title_description', 'title_description', 'title_description']"
领跑c13新能源汽车多少钱,['5271'],[],title_description,1,0,[],,['50760'],[0.526298999786377],['title_description']
领跑c13新能源汽车多少钱,['5271'],[],title_description,3,1,['5271'],3.0,"['50760', '5819', '5271']","[0.526298999786377, 0.5114568471908569, 0.5014303922653198]","['title_description', 'title_description', 'title_description']"
