query,gold_ids,missing_gold_ids,view,k,pass_at_k,hit_ids,first_hit_rank,recall_ids,recall_scores,recall_views
()下()(),['51388'],[],description,1,0,[],,['51382'],[0.5124003887176514],['description']
()下()(),['51388'],[],description,3,1,['51388'],3.0,"['51382', '51387', '51388']","[0.5124003887176514, 0.5014261603355408, 0.49083176255226135]","['description', 'description', 'description']"
aabc式的词语,['51388'],[],description,1,0,[],,['51387'],[0.5638353824615479],['description']
aabc式的词语,['51388'],[],description,3,1,['51388'],3.0,"['51387', '51386', '51388']","[0.5638353824615479, 0.4890672564506531, 0.4635658860206604]","['description', 'description', 'description']"
abab式的四字词语,['51388'],[],description,1,0,[],,['51387'],[0.5088812112808228],['description']
abab式的四字词语,['51388'],[],description,3,1,['51388'],2.0,"['51387', '51388', '51382']","[0.5088812112808228, 0.4400026798248291, 0.4390724301338196]","['description', 'description', 'description']"
abac的四字词语,['51388'],[],description,1,0,[],,['51387'],[0.5344521999359131],['description']
abac的四字词语,['51388'],[],description,3,1,['51388'],3.0,"['51387', '51382', '51388']","[0.5344521999359131, 0.5144383311271667, 0.5118703842163086]","['description', 'description', 'description']"
"abb,的词语",['51388'],[],description,1,0,[],,['51387'],[0.5915218591690063],['description']
"abb,的词语",['51388'],[],description,3,1,['51388'],3.0,"['51387', '51386', '51388']","[0.5915218591690063, 0.5463852286338806, 0.5322197675704956]","['description', 'description', 'description']"
abcc的四字词语,['51388'],[],description,1,0,[],,['51387'],[0.505281388759613],['description']
abcc的四字词语,['51388'],[],description,3,1,['51388'],3.0,"['51387', '51382', '51388']","[0.505281388759613, 0.4650351107120514, 0.4625996947288513]","['description', 'description', 'description']"
一什么什么什么,['51388'],[],description,1,0,[],,['51382'],[0.557762086391449],['description']
一什么什么什么,['51388'],[],description,3,0,[],,"['51382', '51379', '51387']","[0.557762086391449, 0.552064836025238, 0.5469115972518921]","['description', 'description', 'description']"
三的成语,['51388'],[],description,1,0,[],,['51387'],[0.5236907005310059],['description']
三的成语,['51388'],[],description,3,0,[],,"['51387', '52336', '51382']","[0.5236907005310059, 0.5129220485687256, 0.48857560753822327]","['description', 'description', 'description']"
下字开头的成语,['51388'],[],description,1,0,[],,['51379'],[0.5301111936569214],['description']
下字开头的成语,['51388'],[],description,3,0,[],,"['51379', '51382', '51387']","[0.5301111936569214, 0.5084658861160278, 0.48645272850990295]","['description', 'description', 'description']"
不拿当回事用成词语怎么说,['51388'],[],description,1,0,[],,['51387'],[0.5066152811050415],['description']
不拿当回事用成词语怎么说,['51388'],[],description,3,1,['51388'],3.0,"['51387', '51386', '51388']","[0.5066152811050415, 0.48392173647880554, 0.4689207375049591]","['description', 'description', 'description']"
丑字开头的成语,['51388'],[],description,1,0,[],,['51379'],[0.5046935081481934],['description']
丑字开头的成语,['51388'],[],description,3,0,[],,"['51379', '52336', '51382']","[0.5046935081481934, 0.4812898635864258, 0.4812847375869751]","['description', 'description', 'description']"
为了别人牺牲自己的成语,['51388'],[],description,1,0,[],,['52336'],[0.4116453230381012],['description']
为了别人牺牲自己的成语,['51388'],[],description,3,0,[],,"['52336', '51387', '52523']","[0.4116453230381012, 0.40018028020858765, 0.3928769528865814]","['description', 'description', 'description']"
主字开头的词语,['51388'],[],description,1,0,[],,['51379'],[0.5660820007324219],['description']
主字开头的词语,['51388'],[],description,3,0,[],,"['51379', '51382', '51387']","[0.5660820007324219, 0.558648943901062, 0.5211403965950012]","['description', 'description', 'description']"
了结尾的二字词语有哪些,['51388'],[],description,1,0,[],,['51387'],[0.5818799734115601],['description']
了结尾的二字词语有哪些,['51388'],[],description,3,0,[],,"['51387', '51379', '51386']","[0.5818799734115601, 0.5496989488601685, 0.5379288196563721]","['description', 'description', 'description']"
争的成语,['51388'],[],description,1,0,[],,['51387'],[0.48861372470855713],['description']
争的成语,['51388'],[],description,3,0,[],,"['51387', '51382', '52336']","[0.48861372470855713, 0.4776175618171692, 0.4766085743904114]","['description', 'description', 'description']"
二年级四字成语大全,['51388'],[],description,1,0,[],,['51387'],[0.47000056505203247],['description']
二年级四字成语大全,['51388'],[],description,3,0,[],,"['51387', '51382', '52336']","[0.47000056505203247, 0.4549254775047302, 0.446504145860672]","['description', 'description', 'description']"
五年级上册语文词语表,['51388'],[],description,1,0,[],,['51380'],[0.49424850940704346],['description']
五年级上册语文词语表,['51388'],[],description,3,1,['51388'],2.0,"['51380', '51388', '51382']","[0.49424850940704346, 0.4888008236885071, 0.48635658621788025]","['description', 'description', 'description']"
什么举什么什么,['51388'],[],description,1,0,[],,['51387'],[0.5631327629089355],['description']
什么举什么什么,['51388'],[],description,3,0,[],,"['51387', '51386', '51382']","[0.5631327629089355, 0.5434032678604126, 0.5344350337982178]","['description', 'description', 'description']"
什么什么度什么成语,['51388'],[],description,1,0,[],,['51387'],[0.5562824606895447],['description']
什么什么度什么成语,['51388'],[],description,3,0,[],,"['51387', '52336', '51386']","[0.5562824606895447, 0.49766361713409424, 0.4888729453086853]","['description', 'description', 'description']"
什么什么清什么,['51388'],[],description,1,1,['51388'],1.0,['51388'],[0.5274599194526672],['description']
什么什么清什么,['51388'],[],description,3,1,['51388'],1.0,"['51388', '51387', '51381']","[0.5274599194526672, 0.5140953063964844, 0.5127715468406677]","['description', 'description', 'description']"
什么什么面什么成语,['51388'],[],description,1,0,[],,['51387'],[0.49892380833625793],['description']
什么什么面什么成语,['51388'],[],description,3,0,[],,"['51387', '51386', '51382']","[0.49892380833625793, 0.4661499261856079, 0.4655989408493042]","['description', 'description', 'description']"
什么代什么什么成语,['51388'],[],description,1,0,[],,['51387'],[0.5189743041992188],['description']
什么代什么什么成语,['51388'],[],description,3,0,[],,"['51387', '52336', '51379']","[0.5189743041992188, 0.4823293387889862, 0.47819983959198]","['description', 'description', 'description']"
什么林什么竹,['51388'],[],description,1,0,[],,['51382'],[0.4842092990875244],['description']
什么林什么竹,['51388'],[],description,3,1,['51388'],3.0,"['51382', '51381', '51388']","[0.4842092990875244, 0.47630923986434937, 0.46452224254608154]","['description', 'description', 'description']"
什么的四字成语,['51388'],[],description,1,0,[],,['51387'],[0.5492077469825745],['description']
什么的四字成语,['51388'],[],description,3,0,[],,"['51387', '52336', '51382']","[0.5492077469825745, 0.5243831872940063, 0.5065011382102966]","['description', 'description', 'description']"
仔细的成语,['51388'],[],description,1,0,[],,['51387'],[0.5638848543167114],['description']
仔细的成语,['51388'],[],description,3,0,[],,"['51387', '52336', '51386']","[0.5638848543167114, 0.5514957904815674, 0.5486124157905579]","['description', 'description', 'description']"
休戚什么什么成语,['51388'],[],description,1,0,[],,['51387'],[0.4673774242401123],['description']
休戚什么什么成语,['51388'],[],description,3,0,[],,"['51387', '52336', '51386']","[0.4673774242401123, 0.4023054838180542, 0.3965305685997009]","['description', 'description', 'description']"
兔的成语,['51388'],[],description,1,0,[],,['52336'],[0.4920916259288788],['description']
兔的成语,['51388'],[],description,3,1,['51388'],3.0,"['52336', '51387', '51388']","[0.4920916259288788, 0.47538819909095764, 0.4687007963657379]","['description', 'description', 'description']"
六的成语,['51388'],[],description,1,0,[],,['51387'],[0.5237072706222534],['description']
六的成语,['51388'],[],description,3,0,[],,"['51387', '52336', '51382']","[0.5237072706222534, 0.5136691331863403, 0.4983505308628082]","['description', 'description', 'description']"
关于学习的成语有哪些,['51388'],[],description,1,0,[],,['51387'],[0.5407185554504395],['description']
关于学习的成语有哪些,['51388'],[],description,3,0,[],,"['51387', '52336', '51386']","[0.5407185554504395, 0.5142182111740112, 0.4813252091407776]","['description', 'description', 'description']"
冬天的四字词语,['51388'],[],description,1,0,[],,['51387'],[0.4838423430919647],['description']
冬天的四字词语,['51388'],[],description,3,0,[],,"['51387', '51323', '51386']","[0.4838423430919647, 0.4721435308456421, 0.47076207399368286]","['description', 'description', 'description']"
凌四字成语,['51388'],[],description,1,0,[],,['52336'],[0.4940648674964905],['description']
凌四字成语,['51388'],[],description,3,0,[],,"['52336', '51387', '51382']","[0.4940648674964905, 0.49064189195632935, 0.47749608755111694]","['description', 'description', 'description']"
务的成语,['51388'],[],description,1,0,[],,['51387'],[0.5357023477554321],['description']
务的成语,['51388'],[],description,3,1,['51388'],3.0,"['51387', '52336', '51388']","[0.5357023477554321, 0.509315550327301, 0.5006150007247925]","['description', 'description', 'description']"
千 万 的四字成语,['51388'],[],description,1,0,[],,['51387'],[0.49437597393989563],['description']
千 万 的四字成语,['51388'],[],description,3,0,[],,"['51387', '52336', '51382']","[0.49437597393989563, 0.4454173445701599, 0.44124430418014526]","['description', 'description', 'description']"
口碑什么什么四字成语,['51388'],[],description,1,0,[],,['51387'],[0.4814179241657257],['description']
口碑什么什么四字成语,['51388'],[],description,3,0,[],,"['51387', '52336', '51386']","[0.4814179241657257, 0.4570855498313904, 0.4365273714065552]","['description', 'description', 'description']"
古什么今什么,['51388'],[],description,1,0,[],,['51387'],[0.5289914608001709],['description']
古什么今什么,['51388'],[],description,3,0,[],,"['51387', '51382', '51381']","[0.5289914608001709, 0.5186560153961182, 0.5080720782279968]","['description', 'description', 'description']"
句的词语,['51388'],[],description,1,0,[],,['51387'],[0.6701151132583618],['description']
句的词语,['51388'],[],description,3,0,[],,"['51387', '51386', '51379']","[0.6701151132583618, 0.6287733316421509, 0.5922033786773682]","['description', 'description', 'description']"
含箭字的成语,['51388'],[],description,1,0,[],,['52336'],[0.5050448179244995],['description']
含箭字的成语,['51388'],[],description,3,0,[],,"['52336', '51387', '51382']","[0.5050448179244995, 0.48279160261154175, 0.47204506397247314]","['description', 'description', 'description']"
四个字的成语大全,['51388'],[],description,1,0,[],,['51387'],[0.5153105854988098],['description']
四个字的成语大全,['51388'],[],description,3,0,[],,"['51387', '52336', '51382']","[0.5153105854988098, 0.47701793909072876, 0.467335045337677]","['description', 'description', 'description']"
四字开头的成语,['51388'],[],description,1,0,[],,['51379'],[0.5558732151985168],['description']
四字开头的成语,['51388'],[],description,3,0,[],,"['51379', '51382', '51387']","[0.5558732151985168, 0.49993228912353516, 0.49304836988449097]","['description', 'description', 'description']"
在什么什么,['51388'],[],description,1,1,['51388'],1.0,['51388'],[0.5652129054069519],['description']
在什么什么,['51388'],[],description,3,1,['51388'],1.0,"['51388', '51377', '47198']","[0.5652129054069519, 0.5437204837799072, 0.5419099926948547]","['description', 'description', 'description']"
夸女生的词语,['51388'],[],description,1,0,[],,['51387'],[0.4963827431201935],['description']
夸女生的词语,['51388'],[],description,3,1,['51388'],3.0,"['51387', '51386', '51388']","[0.4963827431201935, 0.4646829664707184, 0.40841323137283325]","['description', 'description', 'description']"
奇怪的成语,['51388'],[],description,1,0,[],,['52336'],[0.5792549848556519],['description']
奇怪的成语,['51388'],[],description,3,1,['51388'],3.0,"['52336', '51387', '51388']","[0.5792549848556519, 0.5497114062309265, 0.5227727890014648]","['description', 'description', 'description']"
字开头的成语,['51388'],[],description,1,0,[],,['51379'],[0.5705386996269226],['description']
字开头的成语,['51388'],[],description,3,0,[],,"['51379', '51382', '51381']","[0.5705386996269226, 0.5548417568206787, 0.5307914018630981]","['description', 'description', 'description']"
安逸的四字词语,['51388'],[],description,1,0,[],,['51387'],[0.5076140761375427],['description']
安逸的四字词语,['51388'],[],description,3,0,[],,"['51387', '51386', '52336']","[0.5076140761375427, 0.4696894884109497, 0.4467388093471527]","['description', 'description', 'description']"
寓言故事的成语,['51388'],[],description,1,0,[],,['52336'],[0.5652544498443604],['description']
寓言故事的成语,['51388'],[],description,3,0,[],,"['52336', '52523', '51387']","[0.5652544498443604, 0.5276886224746704, 0.5107631087303162]","['description', 'description', 'description']"
对仗词汇查询,['51388'],[],description,1,0,[],,['51387'],[0.6703426837921143],['description']
对仗词汇查询,['51388'],[],description,3,1,['51388'],3.0,"['51387', '51386', '51388']","[0.6703426837921143, 0.6682242155075073, 0.6446928977966309]","['description', 'description', 'description']"
封字开头的成语,['51388'],[],description,1,0,[],,['51379'],[0.4967655837535858],['description']
封字开头的成语,['51388'],[],description,3,0,[],,"['51379', '51382', '51381']","[0.4967655837535858, 0.4589833915233612, 0.4313841760158539]","['description', 'description', 'description']"
就什么什么什么成语,['51388'],[],description,1,0,[],,['51387'],[0.5700996518135071],['description']
就什么什么什么成语,['51388'],[],description,3,0,[],,"['51387', '52336', '51386']","[0.5700996518135071, 0.5262137651443481, 0.5027571320533752]","['description', 'description', 'description']"
山什么什么四字成语,['51388'],[],description,1,0,[],,['51387'],[0.4929102659225464],['description']
山什么什么四字成语,['51388'],[],description,3,0,[],,"['51387', '51379', '51382']","[0.4929102659225464, 0.4826384484767914, 0.4706389009952545]","['description', 'description', 'description']"
山的成语,['51388'],[],description,1,0,[],,['51387'],[0.5046103596687317],['description']
山的成语,['51388'],[],description,3,0,[],,"['51387', '52336', '51379']","[0.5046103596687317, 0.48978090286254883, 0.47736841440200806]","['description', 'description', 'description']"
带字的成语,['51388'],[],description,1,0,[],,['51382'],[0.5433541536331177],['description']
带字的成语,['51388'],[],description,3,0,[],,"['51382', '51387', '51379']","[0.5433541536331177, 0.5371657609939575, 0.532922625541687]","['description', 'description', 'description']"
形容人品的成语,['51388'],[],description,1,0,[],,['51387'],[0.5108129978179932],['description']
形容人品的成语,['51388'],[],description,3,0,[],,"['51387', '52336', '51386']","[0.5108129978179932, 0.4998188614845276, 0.48871856927871704]","['description', 'description', 'description']"
形容人多的四字词语,['51388'],[],description,1,0,[],,['51387'],[0.51687091588974],['description']
形容人多的四字词语,['51388'],[],description,3,0,[],,"['51387', '51386', '51382']","[0.51687091588974, 0.478971928358078, 0.4532906115055084]","['description', 'description', 'description']"
形容努力的成语,['51388'],[],description,1,0,[],,['51387'],[0.5037274360656738],['description']
形容努力的成语,['51388'],[],description,3,0,[],,"['51387', '52336', '51386']","[0.5037274360656738, 0.4997231364250183, 0.4809577465057373]","['description', 'description', 'description']"
形容友情的成语,['51388'],[],description,1,0,[],,['51387'],[0.49837398529052734],['description']
形容友情的成语,['51388'],[],description,3,0,[],,"['51387', '52336', '51386']","[0.49837398529052734, 0.4938884973526001, 0.47573351860046387]","['description', 'description', 'description']"
形容声音的词语,['51388'],[],description,1,0,[],,['51386'],[0.5688881874084473],['description']
形容声音的词语,['51388'],[],description,3,0,[],,"['51386', '51387', '52523']","[0.5688881874084473, 0.565510630607605, 0.5088196992874146]","['description', 'description', 'description']"
形容天气好的词语,['51388'],[],description,1,0,[],,['51387'],[0.48569419980049133],['description']
形容天气好的词语,['51388'],[],description,3,0,[],,"['51387', '51386', '4982']","[0.48569419980049133, 0.4669787585735321, 0.4141284227371216]","['description', 'description', 'description']"
形容天空的词语,['51388'],[],description,1,0,[],,['51387'],[0.4889906048774719],['description']
形容天空的词语,['51388'],[],description,3,0,[],,"['51387', '51386', '51379']","[0.4889906048774719, 0.47209155559539795, 0.4115544557571411]","['description', 'description', 'description']"
形容失败的成语,['51388'],[],description,1,0,[],,['52336'],[0.47879552841186523],['description']
形容失败的成语,['51388'],[],description,3,0,[],,"['52336', '51387', '51386']","[0.47879552841186523, 0.4641619324684143, 0.4496915340423584]","['description', 'description', 'description']"
形容很痛苦的成语,['51388'],[],description,1,0,[],,['52336'],[0.4739302694797516],['description']
形容很痛苦的成语,['51388'],[],description,3,0,[],,"['52336', '51387', '51386']","[0.4739302694797516, 0.4678121507167816, 0.46136805415153503]","['description', 'description', 'description']"
形容心情的词语,['51388'],[],description,1,0,[],,['51387'],[0.5202537178993225],['description']
形容心情的词语,['51388'],[],description,3,0,[],,"['51387', '51386', '52336']","[0.5202537178993225, 0.5179986953735352, 0.4640888571739197]","['description', 'description', 'description']"
形容时间很紧迫的成语,['51388'],[],description,1,0,[],,['51387'],[0.469247043132782],['description']
形容时间很紧迫的成语,['51388'],[],description,3,0,[],,"['51387', '52336', '51386']","[0.469247043132782, 0.4459724426269531, 0.4325886368751526]","['description', 'description', 'description']"
形容时间快的四字词语,['51388'],[],description,1,0,[],,['51387'],[0.484616756439209],['description']
形容时间快的四字词语,['51388'],[],description,3,0,[],,"['51387', '51386', '51323']","[0.484616756439209, 0.4458507299423218, 0.4449484944343567]","['description', 'description', 'description']"
形容母爱的四字词语,['51388'],[],description,1,0,[],,['51387'],[0.47576427459716797],['description']
形容母爱的四字词语,['51388'],[],description,3,0,[],,"['51387', '51386', '51382']","[0.47576427459716797, 0.4538393020629883, 0.41578972339630127]","['description', 'description', 'description']"
形容男人的词语,['51388'],[],description,1,0,[],,['51387'],[0.5184898972511292],['description']
形容男人的词语,['51388'],[],description,3,1,['51388'],3.0,"['51387', '51386', '51388']","[0.5184898972511292, 0.5123690366744995, 0.4588884115219116]","['description', 'description', 'description']"
形容神态的成语,['51388'],[],description,1,0,[],,['51387'],[0.4970545470714569],['description']
形容神态的成语,['51388'],[],description,3,0,[],,"['51387', '52336', '51386']","[0.4970545470714569, 0.4704607427120209, 0.46313267946243286]","['description', 'description', 'description']"
形容自行车的词语,['51388'],[],description,1,0,[],,['51387'],[0.5828306078910828],['description']
形容自行车的词语,['51388'],[],description,3,1,['51388'],3.0,"['51387', '51386', '51388']","[0.5828306078910828, 0.5549871921539307, 0.49470818042755127]","['description', 'description', 'description']"
形容舍不得的成语,['51388'],[],description,1,0,[],,['51387'],[0.49392610788345337],['description']
形容舍不得的成语,['51388'],[],description,3,0,[],,"['51387', '52336', '51386']","[0.49392610788345337, 0.4817078709602356, 0.46278321743011475]","['description', 'description', 'description']"
形容路途遥远的成语,['51388'],[],description,1,0,[],,['51387'],[0.4785715341567993],['description']
形容路途遥远的成语,['51388'],[],description,3,0,[],,"['51387', '52336', '51386']","[0.4785715341567993, 0.46310341358184814, 0.4494233727455139]","['description', 'description', 'description']"
形容雨的词语,['51388'],[],description,1,0,[],,['51387'],[0.5264426469802856],['description']
形容雨的词语,['51388'],[],description,3,1,['51388'],3.0,"['51387', '51386', '51388']","[0.5264426469802856, 0.522149920463562, 0.48077890276908875]","['description', 'description', 'description']"
怎么组词,['51388'],[],description,1,0,[],,['51382'],[0.6654753684997559],['description']
怎么组词,['51388'],[],description,3,1,['51388'],2.0,"['51382', '51388', '51386']","[0.6654753684997559, 0.6380213499069214, 0.6228746175765991]","['description', 'description', 'description']"
恶衣四字成语,['51388'],[],description,1,0,[],,['52336'],[0.4870178997516632],['description']
恶衣四字成语,['51388'],[],description,3,1,['51388'],3.0,"['52336', '51386', '51388']","[0.4870178997516632, 0.45583903789520264, 0.45292961597442627]","['description', 'description', 'description']"
手的成语,['51388'],[],description,1,0,[],,['51387'],[0.5008732080459595],['description']
手的成语,['51388'],[],description,3,0,[],,"['51387', '51382', '52336']","[0.5008732080459595, 0.49194201827049255, 0.4909031093120575]","['description', 'description', 'description']"
拨成语,['51388'],[],description,1,0,[],,['52336'],[0.7231355309486389],['description']
拨成语,['51388'],[],description,3,1,['51388'],2.0,"['52336', '51388', '51381']","[0.7231355309486389, 0.6831575632095337, 0.6431282758712769]","['description', 'description', 'description']"
拱成语,['51388'],[],description,1,0,[],,['52336'],[0.612160325050354],['description']
拱成语,['51388'],[],description,3,1,['51388'],3.0,"['52336', '52523', '51388']","[0.612160325050354, 0.5690863132476807, 0.568132758140564]","['description', 'description', 'description']"
描写人物外貌的四字词语,['51388'],[],description,1,0,[],,['51387'],[0.48233795166015625],['description']
描写人物外貌的四字词语,['51388'],[],description,3,0,[],,"['51387', '51386', '51382']","[0.48233795166015625, 0.4629679322242737, 0.4513237476348877]","['description', 'description', 'description']"
描写景物的成语,['51388'],[],description,1,0,[],,['51387'],[0.5121352672576904],['description']
描写景物的成语,['51388'],[],description,3,0,[],,"['51387', '51386', '52336']","[0.5121352672576904, 0.4522439241409302, 0.43829041719436646]","['description', 'description', 'description']"
断的成语,['51388'],[],description,1,0,[],,['51387'],[0.5229885578155518],['description']
断的成语,['51388'],[],description,3,0,[],,"['51387', '52336', '51382']","[0.5229885578155518, 0.488202303647995, 0.484575092792511]","['description', 'description', 'description']"
方字开头的成语,['51388'],[],description,1,0,[],,['51382'],[0.5046560168266296],['description']
方字开头的成语,['51388'],[],description,3,1,['51388'],3.0,"['51382', '51379', '51388']","[0.5046560168266296, 0.5036784410476685, 0.48514702916145325]","['description', 'description', 'description']"
更的词语,['51388'],[],description,1,0,[],,['51386'],[0.6201484203338623],['description']
更的词语,['51388'],[],description,3,1,['51388'],2.0,"['51386', '51388', '51387']","[0.6201484203338623, 0.6013988256454468, 0.5998049974441528]","['description', 'description', 'description']"
有什么不什么成语,['51388'],[],description,1,0,[],,['51387'],[0.5698980689048767],['description']
有什么不什么成语,['51388'],[],description,3,0,[],,"['51387', '52336', '51386']","[0.5698980689048767, 0.5122777223587036, 0.4984860122203827]","['description', 'description', 'description']"
有什么关联词语,['51388'],[],description,1,0,[],,['51387'],[0.6592146754264832],['description']
有什么关联词语,['51388'],[],description,3,1,['51388'],3.0,"['51387', '51386', '51388']","[0.6592146754264832, 0.6390057802200317, 0.6153736710548401]","['description', 'description', 'description']"
有开头成语大全100个,['51388'],[],description,1,0,[],,['51379'],[0.5555113554000854],['description']
有开头成语大全100个,['51388'],[],description,3,0,[],,"['51379', '51387', '52336']","[0.5555113554000854, 0.4768895208835602, 0.43255943059921265]","['description', 'description', 'description']"
有教四字成语,['51388'],[],description,1,0,[],,['52336'],[0.5572287440299988],['description']
有教四字成语,['51388'],[],description,3,0,[],,"['52336', '51382', '51387']","[0.5572287440299988, 0.5344694256782532, 0.528925895690918]","['description', 'description', 'description']"
案成语,['51388'],[],description,1,0,[],,['52336'],[0.648504376411438],['description']
案成语,['51388'],[],description,3,1,['51388'],3.0,"['52336', '52523', '51388']","[0.648504376411438, 0.5862734317779541, 0.5852373838424683]","['description', 'description', 'description']"
欧的成语,['51388'],[],description,1,0,[],,['52336'],[0.5404211282730103],['description']
欧的成语,['51388'],[],description,3,1,['51388'],3.0,"['52336', '51387', '51388']","[0.5404211282730103, 0.5230969190597534, 0.50527024269104]","['description', 'description', 'description']"
欲的成语,['51388'],[],description,1,0,[],,['51387'],[0.5083280205726624],['description']
欲的成语,['51388'],[],description,3,0,[],,"['51387', '52336', '51386']","[0.5083280205726624, 0.5062853097915649, 0.49365177750587463]","['description', 'description', 'description']"
民的四字成语,['51388'],[],description,1,0,[],,['52336'],[0.4528661370277405],['description']
民的四字成语,['51388'],[],description,3,0,[],,"['52336', '51382', '51387']","[0.4528661370277405, 0.4517788887023926, 0.44911736249923706]","['description', 'description', 'description']"
浮的成语,['51388'],[],description,1,0,[],,['51387'],[0.5203169584274292],['description']
浮的成语,['51388'],[],description,3,1,['51388'],3.0,"['51387', '52336', '51388']","[0.5203169584274292, 0.5085813999176025, 0.4930322468280792]","['description', 'description', 'description']"
火的成语,['51388'],[],description,1,0,[],,['52336'],[0.5029371976852417],['description']
火的成语,['51388'],[],description,3,1,['51388'],3.0,"['52336', '51387', '51388']","[0.5029371976852417, 0.4911523759365082, 0.4748063385486603]","['description', 'description', 'description']"
白的成语,['51388'],[],description,1,0,[],,['51387'],[0.501667857170105],['description']
白的成语,['51388'],[],description,3,1,['51388'],3.0,"['51387', '51386', '51388']","[0.501667857170105, 0.49400967359542847, 0.4877423048019409]","['description', 'description', 'description']"
的字成语,['51388'],[],description,1,0,[],,['51382'],[0.5835748910903931],['description']
的字成语,['51388'],[],description,3,0,[],,"['51382', '51387', '51381']","[0.5835748910903931, 0.5742323398590088, 0.5479516386985779]","['description', 'description', 'description']"
的开头的成语,['51388'],[],description,1,0,[],,['51379'],[0.6208548545837402],['description']
的开头的成语,['51388'],[],description,3,0,[],,"['51379', '51387', '52336']","[0.6208548545837402, 0.5189521908760071, 0.5082805156707764]","['description', 'description', 'description']"
的开头的词语,['51388'],[],description,1,0,[],,['51379'],[0.6730010509490967],['description']
的开头的词语,['51388'],[],description,3,0,[],,"['51379', '51387', '51386']","[0.6730010509490967, 0.6042593717575073, 0.5700756311416626]","['description', 'description', 'description']"
的成语,['51388'],[],description,1,0,[],,['52336'],[0.6280370950698853],['description']
的成语,['51388'],[],description,3,0,[],,"['52336', '51387', '51386']","[0.6280370950698853, 0.625780463218689, 0.5658001899719238]","['description', 'description', 'description']"
的的四字成语,['51388'],[],description,1,0,[],,['51387'],[0.5657457113265991],['description']
的的四字成语,['51388'],[],description,3,0,[],,"['51387', '51382', '52336']","[0.5657457113265991, 0.5345413684844971, 0.5341602563858032]","['description', 'description', 'description']"
的的词语,['51388'],[],description,1,0,[],,['51387'],[0.7127525806427002],['description']
的的词语,['51388'],[],description,3,1,['51388'],3.0,"['51387', '51386', '51388']","[0.7127525806427002, 0.6633697748184204, 0.620729923248291]","['description', 'description', 'description']"
相什么什么什么四字成语,['51388'],[],description,1,0,[],,['51387'],[0.5188769698143005],['description']
相什么什么什么四字成语,['51388'],[],description,3,0,[],,"['51387', '52336', '51386']","[0.5188769698143005, 0.49349063634872437, 0.47354596853256226]","['description', 'description', 'description']"
看什么,['51388'],[],description,1,1,['51388'],1.0,['51388'],[0.5780043005943298],['description']
看什么,['51388'],[],description,3,1,['51388'],1.0,"['51388', '60977', '5671']","[0.5780043005943298, 0.5680383443832397, 0.5661912560462952]","['description', 'description', 'description']"
移字成语,['51388'],[],description,1,0,[],,['51382'],[0.5650932788848877],['description']
移字成语,['51388'],[],description,3,1,['51388'],3.0,"['51382', '51381', '51388']","[0.5650932788848877, 0.5439590215682983, 0.543587327003479]","['description', 'description', 'description']"
稀的成语,['51388'],[],description,1,0,[],,['51387'],[0.5274548530578613],['description']
稀的成语,['51388'],[],description,3,0,[],,"['51387', '52336', '51386']","[0.5274548530578613, 0.49945971369743347, 0.4966988265514374]","['description', 'description', 'description']"
竞的成语,['51388'],[],description,1,0,[],,['51387'],[0.48651736974716187],['description']
竞的成语,['51388'],[],description,3,0,[],,"['51387', '51382', '52336']","[0.48651736974716187, 0.47870662808418274, 0.477515310049057]","['description', 'description', 'description']"
童的成语,['51388'],[],description,1,0,[],,['51387'],[0.5060781240463257],['description']
童的成语,['51388'],[],description,3,0,[],,"['51387', '52336', '51381']","[0.5060781240463257, 0.4987614154815674, 0.4950910210609436]","['description', 'description', 'description']"
管鲍四字成语,['51388'],[],description,1,0,[],,['51387'],[0.47951990365982056],['description']
管鲍四字成语,['51388'],[],description,3,1,['51388'],2.0,"['51387', '51388', '51382']","[0.47951990365982056, 0.4735140800476074, 0.4689372181892395]","['description', 'description', 'description']"
紫的成语,['51388'],[],description,1,1,['51388'],1.0,['51388'],[0.5175710916519165],['description']
紫的成语,['51388'],[],description,3,1,['51388'],1.0,"['51388', '52336', '51387']","[0.5175710916519165, 0.5130017399787903, 0.5105383992195129]","['description', 'description', 'description']"
绿的四字成语,['51388'],[],description,1,0,[],,['51387'],[0.46542444825172424],['description']
绿的四字成语,['51388'],[],description,3,0,[],,"['51387', '52336', '51382']","[0.46542444825172424, 0.44958096742630005, 0.43868932127952576]","['description', 'description', 'description']"
网的成语,['51388'],[],description,1,0,[],,['51387'],[0.5247154235839844],['description']
网的成语,['51388'],[],description,3,0,[],,"['51387', '52336', '51382']","[0.5247154235839844, 0.5190832018852234, 0.507244348526001]","['description', 'description', 'description']"
舞的成语,['51388'],[],description,1,0,[],,['51387'],[0.5005114078521729],['description']
舞的成语,['51388'],[],description,3,0,[],,"['51387', '52336', '51386']","[0.5005114078521729, 0.4920145273208618, 0.4735928773880005]","['description', 'description', 'description']"
花的成语,['51388'],[],description,1,0,[],,['51387'],[0.48910629749298096],['description']
花的成语,['51388'],[],description,3,0,[],,"['51387', '52336', '51379']","[0.48910629749298096, 0.4591546058654785, 0.450395405292511]","['description', 'description', 'description']"
著什么什么什么成语,['51388'],[],description,1,0,[],,['51387'],[0.5361695885658264],['description']
著什么什么什么成语,['51388'],[],description,3,0,[],,"['51387', '52336', '51379']","[0.5361695885658264, 0.5057653784751892, 0.498390793800354]","['description', 'description', 'description']"
虹的成语,['51388'],[],description,1,0,[],,['52336'],[0.4851827621459961],['description']
虹的成语,['51388'],[],description,3,0,[],,"['52336', '51387', '52523']","[0.4851827621459961, 0.465032696723938, 0.44557690620422363]","['description', 'description', 'description']"
蛇的成语,['51388'],[],description,1,0,[],,['52336'],[0.4838848412036896],['description']
蛇的成语,['51388'],[],description,3,1,['51388'],3.0,"['52336', '51387', '51388']","[0.4838848412036896, 0.44285619258880615, 0.4360973834991455]","['description', 'description', 'description']"
表示专心学的四字词语,['51388'],[],description,1,0,[],,['51387'],[0.5111851692199707],['description']
表示专心学的四字词语,['51388'],[],description,3,0,[],,"['51387', '51386', '51382']","[0.5111851692199707, 0.4778064787387848, 0.4678906798362732]","['description', 'description', 'description']"
表示数量的词语,['51388'],[],description,1,0,[],,['51387'],[0.6498395204544067],['description']
表示数量的词语,['51388'],[],description,3,1,['51388'],3.0,"['51387', '51386', '51388']","[0.6498395204544067, 0.5763243436813354, 0.544617772102356]","['description', 'description', 'description']"
表示讨厌的四字词语有哪些,['51388'],[],description,1,0,[],,['51387'],[0.5046393871307373],['description']
表示讨厌的四字词语有哪些,['51388'],[],description,3,1,['51388'],3.0,"['51387', '51386', '51388']","[0.5046393871307373, 0.4933534860610962, 0.4626215398311615]","['description', 'description', 'description']"
讽刺表面光鲜亮丽的人成语,['51388'],[],description,1,0,[],,['52336'],[0.46863412857055664],['description']
讽刺表面光鲜亮丽的人成语,['51388'],[],description,3,0,[],,"['52336', '51387', '52523']","[0.46863412857055664, 0.44999003410339355, 0.4453759789466858]","['description', 'description', 'description']"
豪的成语,['51388'],[],description,1,0,[],,['52336'],[0.4829707145690918],['description']
豪的成语,['51388'],[],description,3,0,[],,"['52336', '51387', '51379']","[0.4829707145690918, 0.47855883836746216, 0.4463810324668884]","['description', 'description', 'description']"
贵字词语,['51388'],[],description,1,0,[],,['51387'],[0.49170345067977905],['description']
贵字词语,['51388'],[],description,3,1,['51388'],2.0,"['51387', '51388', '51386']","[0.49170345067977905, 0.4782484769821167, 0.47541436553001404]","['description', 'description', 'description']"
赞美的词语,['51388'],[],description,1,0,[],,['51387'],[0.5364199280738831],['description']
赞美的词语,['51388'],[],description,3,1,['51388'],3.0,"['51387', '51386', '51388']","[0.5364199280738831, 0.5095548629760742, 0.46485674381256104]","['description', 'description', 'description']"
赞美老师的成语,['51388'],[],description,1,0,[],,['51387'],[0.4449063539505005],['description']
赞美老师的成语,['51388'],[],description,3,0,[],,"['51387', '52336', '51386']","[0.4449063539505005, 0.440340518951416, 0.43009865283966064]","['description', 'description', 'description']"
追开头的成语,['51388'],[],description,1,0,[],,['51379'],[0.5798705220222473],['description']
追开头的成语,['51388'],[],description,3,0,[],,"['51379', '51382', '52336']","[0.5798705220222473, 0.4876754581928253, 0.4712708294391632]","['description', 'description', 'description']"
遮 成语,['51388'],[],description,1,0,[],,['52336'],[0.5429039597511292],['description']
遮 成语,['51388'],[],description,3,1,['51388'],3.0,"['52336', '52523', '51388']","[0.5429039597511292, 0.5262773633003235, 0.5015493035316467]","['description', 'description', 'description']"
野的成语,['51388'],[],description,1,0,[],,['51387'],[0.5284292697906494],['description']
野的成语,['51388'],[],description,3,0,[],,"['51387', '52336', '51386']","[0.5284292697906494, 0.5185502767562866, 0.5129005312919617]","['description', 'description', 'description']"
金的成语,['51388'],[],description,1,0,[],,['51590'],[0.5260500907897949],['description']
金的成语,['51388'],[],description,3,0,[],,"['51590', '52336', '51379']","[0.5260500907897949, 0.5074628591537476, 0.4952263832092285]","['description', 'description', 'description']"
长打头的成语,['51388'],[],description,1,0,[],,['51379'],[0.4915938377380371],['description']
长打头的成语,['51388'],[],description,3,0,[],,"['51379', '51387', '51382']","[0.4915938377380371, 0.48791879415512085, 0.4472419321537018]","['description', 'description', 'description']"
霜什么什么什么,['51388'],[],description,1,0,[],,['51379'],[0.5021858215332031],['description']
霜什么什么什么,['51388'],[],description,3,0,[],,"['51379', '51387', '51386']","[0.5021858215332031, 0.49709224700927734, 0.4690122604370117]","['description', 'description', 'description']"
露开头的成语,['51388'],[],description,1,0,[],,['51379'],[0.5373735427856445],['description']
露开头的成语,['51388'],[],description,3,0,[],,"['51379', '52523', '51387']","[0.5373735427856445, 0.4827754497528076, 0.45374441146850586]","['description', 'description', 'description']"
颜色的abb词语,['51388'],[],description,1,0,[],,['51387'],[0.5491259098052979],['description']
颜色的abb词语,['51388'],[],description,3,1,['51388'],3.0,"['51387', '51386', '51388']","[0.5491259098052979, 0.5013294219970703, 0.4809931814670563]","['description', 'description', 'description']"
风云组词,['51388'],[],description,1,0,[],,['51382'],[0.5339747667312622],['description']
风云组词,['51388'],[],description,3,1,['51388'],2.0,"['51382', '51388', '51381']","[0.5339747667312622, 0.5075794458389282, 0.496905118227005]","['description', 'description', 'description']"
风结尾的成语,['51388'],[],description,1,0,[],,['51379'],[0.47216227650642395],['description']
风结尾的成语,['51388'],[],description,3,0,[],,"['51379', '51387', '51382']","[0.47216227650642395, 0.4686740040779114, 0.4616360068321228]","['description', 'description', 'description']"
飞的成语,['51388'],[],description,1,0,[],,['52336'],[0.49716079235076904],['description']
飞的成语,['51388'],[],description,3,1,['51388'],3.0,"['52336', '51387', '51388']","[0.49716079235076904, 0.4837491810321808, 0.47768107056617737]","['description', 'description', 'description']"
高什么亮什么四字词语,['51388'],[],description,1,0,[],,['51387'],[0.5023044347763062],['description']
高什么亮什么四字词语,['51388'],[],description,3,0,[],,"['51387', '51386', '51382']","[0.5023044347763062, 0.45552927255630493, 0.4349936246871948]","['description', 'description', 'description']"
默成语,['51388'],[],description,1,0,[],,['52336'],[0.6011203527450562],['description']
默成语,['51388'],[],description,3,1,['51388'],3.0,"['52336', '52523', '51388']","[0.6011203527450562, 0.5840807557106018, 0.5490796566009521]","['description', 'description', 'description']"
()下()(),['51388'],[],merged,1,0,[],,['51387'],[0.5203903913497925],['title_description']
()下()(),['51388'],[],merged,3,0,[],,"['51387', '51382', '51386']","[0.5203903913497925, 0.5142054557800293, 0.4992837905883789]","['title_description', 'title_description', 'title_description']"
aabc式的词语,['51388'],[],merged,1,0,[],,['51387'],[0.5962310433387756],['title_description']
aabc式的词语,['51388'],[],merged,3,1,['51388'],3.0,"['51387', '51386', '51388']","[0.5962310433387756, 0.5052807331085205, 0.4726387858390808]","['title_description', 'title_description', 'title_description']"
abab式的四字词语,['51388'],[],merged,1,0,[],,['51387'],[0.5402557849884033],['title_description']
abab式的四字词语,['51388'],[],merged,3,0,[],,"['51387', '51386', '51323']","[0.5402557849884033, 0.45197272300720215, 0.4475972056388855]","['title_description', 'title_description', 'title_description']"
abac的四字词语,['51388'],[],merged,1,0,[],,['51387'],[0.5587249398231506],['title_description']
abac的四字词语,['51388'],[],merged,3,1,['51388'],2.0,"['51387', '51388', '51382']","[0.5587249398231506, 0.5208607912063599, 0.5206516981124878]","['title_description', 'title_description', 'title_description']"
"abb,的词语",['51388'],[],merged,1,0,[],,['51387'],[0.6254345178604126],['title_description']
"abb,的词语",['51388'],[],merged,3,1,['51388'],3.0,"['51387', '51386', '51388']","[0.6254345178604126, 0.5687738656997681, 0.5419659614562988]","['title_description', 'title_description', 'title_description']"
abcc的四字词语,['51388'],[],merged,1,0,[],,['51387'],[0.5337228775024414],['title_description']
abcc的四字词语,['51388'],[],merged,3,1,['51388'],3.0,"['51387', '51386', '51388']","[0.5337228775024414, 0.4698508679866791, 0.46981120109558105]","['title_description', 'title_description', 'title_description']"
一什么什么什么,['51388'],[],merged,1,0,[],,['51387'],[0.5860627889633179],['title_description']
一什么什么什么,['51388'],[],merged,3,0,[],,"['51387', '51382', '51381']","[0.5860627889633179, 0.5595992803573608, 0.5578645467758179]","['title_description', 'title_description', 'title_description']"
三的成语,['51388'],[],merged,1,0,[],,['51387'],[0.5466976761817932],['title_description']
三的成语,['51388'],[],merged,3,0,[],,"['51387', '52336', '51382']","[0.5466976761817932, 0.5356488227844238, 0.48857560753822327]","['title_description', 'title_description', 'description']"
下字开头的成语,['51388'],[],merged,1,0,[],,['51379'],[0.5301111936569214],['description']
下字开头的成语,['51388'],[],merged,3,0,[],,"['51379', '51382', '52336']","[0.5301111936569214, 0.5084658861160278, 0.5047155618667603]","['description', 'description', 'title_description']"
不拿当回事用成词语怎么说,['51388'],[],merged,1,0,[],,['51387'],[0.5131787061691284],['title_description']
不拿当回事用成词语怎么说,['51388'],[],merged,3,0,[],,"['51387', '52336', '51386']","[0.5131787061691284, 0.5095872282981873, 0.49748843908309937]","['title_description', 'title_description', 'title_description']"
丑字开头的成语,['51388'],[],merged,1,0,[],,['51379'],[0.5046935081481934],['description']
丑字开头的成语,['51388'],[],merged,3,0,[],,"['51379', '52336', '51382']","[0.5046935081481934, 0.5003690123558044, 0.4812847375869751]","['description', 'title_description', 'description']"
为了别人牺牲自己的成语,['51388'],[],merged,1,0,[],,['52336'],[0.44224005937576294],['title_description']
为了别人牺牲自己的成语,['51388'],[],merged,3,0,[],,"['52336', '51387', '52523']","[0.44224005937576294, 0.4008793830871582, 0.3928769528865814]","['title_description', 'title_description', 'description']"
主字开头的词语,['51388'],[],merged,1,0,[],,['51382'],[0.5666995048522949],['title_description']
主字开头的词语,['51388'],[],merged,3,0,[],,"['51382', '51379', '51387']","[0.5666995048522949, 0.5660820007324219, 0.5469073057174683]","['title_description', 'description', 'title_description']"
了结尾的二字词语有哪些,['51388'],[],merged,1,0,[],,['51387'],[0.6036057472229004],['title_description']
了结尾的二字词语有哪些,['51388'],[],merged,3,0,[],,"['51387', '51386', '51379']","[0.6036057472229004, 0.5559490323066711, 0.5496989488601685]","['title_description', 'title_description', 'description']"
争的成语,['51388'],[],merged,1,0,[],,['51387'],[0.5017122030258179],['title_description']
争的成语,['51388'],[],merged,3,0,[],,"['51387', '52336', '51382']","[0.5017122030258179, 0.49769437313079834, 0.4776175618171692]","['title_description', 'title_description', 'description']"
二年级四字成语大全,['51388'],[],merged,1,0,[],,['52336'],[0.48951566219329834],['title_description']
二年级四字成语大全,['51388'],[],merged,3,0,[],,"['52336', '51387', '51323']","[0.48951566219329834, 0.47000056505203247, 0.46323853731155396]","['title_description', 'description', 'title_description']"
五年级上册语文词语表,['51388'],[],merged,1,1,['51388'],1.0,['51388'],[0.5049876570701599],['title_description']
五年级上册语文词语表,['51388'],[],merged,3,1,['51388'],1.0,"['51388', '51382', '51380']","[0.5049876570701599, 0.49465808272361755, 0.49424850940704346]","['title_description', 'title_description', 'description']"
什么举什么什么,['51388'],[],merged,1,0,[],,['51387'],[0.5887653827667236],['title_description']
什么举什么什么,['51388'],[],merged,3,0,[],,"['51387', '51386', '52336']","[0.5887653827667236, 0.5568408370018005, 0.5417634844779968]","['title_description', 'title_description', 'title_description']"
什么什么度什么成语,['51388'],[],merged,1,0,[],,['51387'],[0.5669805407524109],['title_description']
什么什么度什么成语,['51388'],[],merged,3,0,[],,"['51387', '52336', '51386']","[0.5669805407524109, 0.5305942893028259, 0.5069519877433777]","['title_description', 'title_description', 'title_description']"
什么什么清什么,['51388'],[],merged,1,0,[],,['51387'],[0.5368728041648865],['title_description']
什么什么清什么,['51388'],[],merged,3,1,['51388'],2.0,"['51387', '51388', '51386']","[0.5368728041648865, 0.5353134870529175, 0.5307926535606384]","['title_description', 'title_description', 'title_description']"
什么什么面什么成语,['51388'],[],merged,1,0,[],,['51387'],[0.5193867683410645],['title_description']
什么什么面什么成语,['51388'],[],merged,3,0,[],,"['51387', '52336', '51386']","[0.5193867683410645, 0.49945420026779175, 0.4838663339614868]","['title_description', 'title_description', 'title_description']"
什么代什么什么成语,['51388'],[],merged,1,0,[],,['51387'],[0.5432344675064087],['title_description']
什么代什么什么成语,['51388'],[],merged,3,0,[],,"['51387', '52336', '51386']","[0.5432344675064087, 0.5153768062591553, 0.4848906993865967]","['title_description', 'title_description', 'title_description']"
什么林什么竹,['51388'],[],merged,1,0,[],,['51381'],[0.4869477450847626],['title_description']
什么林什么竹,['51388'],[],merged,3,0,[],,"['51381', '51382', '51387']","[0.4869477450847626, 0.4842092990875244, 0.483699768781662]","['title_description', 'description', 'title_description']"
什么的四字成语,['51388'],[],merged,1,0,[],,['51387'],[0.5662277936935425],['title_description']
什么的四字成语,['51388'],[],merged,3,0,[],,"['51387', '52336', '51386']","[0.5662277936935425, 0.5618133544921875, 0.5123645663261414]","['title_description', 'title_description', 'title_description']"
仔细的成语,['51388'],[],merged,1,0,[],,['52336'],[0.5801091194152832],['title_description']
仔细的成语,['51388'],[],merged,3,0,[],,"['52336', '51386', '51387']","[0.5801091194152832, 0.5787808895111084, 0.5697033405303955]","['title_description', 'title_description', 'title_description']"
休戚什么什么成语,['51388'],[],merged,1,0,[],,['51387'],[0.47278332710266113],['title_description']
休戚什么什么成语,['51388'],[],merged,3,0,[],,"['51387', '52336', '51386']","[0.47278332710266113, 0.4403398633003235, 0.40132319927215576]","['title_description', 'title_description', 'title_description']"
兔的成语,['51388'],[],merged,1,0,[],,['52336'],[0.5071319937705994],['title_description']
兔的成语,['51388'],[],merged,3,0,[],,"['52336', '51387', '51381']","[0.5071319937705994, 0.49301451444625854, 0.47084254026412964]","['title_description', 'title_description', 'title_description']"
六的成语,['51388'],[],merged,1,0,[],,['51387'],[0.5419576168060303],['title_description']
六的成语,['51388'],[],merged,3,0,[],,"['51387', '52336', '51382']","[0.5419576168060303, 0.5387623310089111, 0.4983505308628082]","['title_description', 'title_description', 'description']"
关于学习的成语有哪些,['51388'],[],merged,1,0,[],,['52336'],[0.5693598985671997],['title_description']
关于学习的成语有哪些,['51388'],[],merged,3,0,[],,"['52336', '51387', '51386']","[0.5693598985671997, 0.5407185554504395, 0.4869542717933655]","['title_description', 'description', 'title_description']"
冬天的四字词语,['51388'],[],merged,1,0,[],,['51387'],[0.5064979791641235],['title_description']
冬天的四字词语,['51388'],[],merged,3,0,[],,"['51387', '51386', '51323']","[0.5064979791641235, 0.4854534864425659, 0.4829387664794922]","['title_description', 'title_description', 'title_description']"
凌四字成语,['51388'],[],merged,1,0,[],,['52336'],[0.5246119499206543],['title_description']
凌四字成语,['51388'],[],merged,3,0,[],,"['52336', '51387', '51382']","[0.5246119499206543, 0.5061981678009033, 0.47749608755111694]","['title_description', 'title_description', 'description']"
务的成语,['51388'],[],merged,1,0,[],,['52336'],[0.5498069524765015],['title_description']
务的成语,['51388'],[],merged,3,0,[],,"['52336', '51387', '51386']","[0.5498069524765015, 0.5475567579269409, 0.5137774348258972]","['title_description', 'title_description', 'title_description']"
千 万 的四字成语,['51388'],[],merged,1,0,[],,['51387'],[0.5092582106590271],['title_description']
千 万 的四字成语,['51388'],[],merged,3,0,[],,"['51387', '52336', '51382']","[0.5092582106590271, 0.48155754804611206, 0.44124430418014526]","['title_description', 'title_description', 'description']"
口碑什么什么四字成语,['51388'],[],merged,1,0,[],,['51387'],[0.4868350028991699],['title_description']
口碑什么什么四字成语,['51388'],[],merged,3,0,[],,"['51387', '52336', '5819']","[0.4868350028991699, 0.48114898800849915, 0.476304292678833]","['title_description', 'title_description', 'title_description']"
古什么今什么,['51388'],[],merged,1,0,[],,['51387'],[0.5511006116867065],['title_description']
古什么今什么,['51388'],[],merged,3,0,[],,"['51387', '51382', '51381']","[0.5511006116867065, 0.5186560153961182, 0.51722651720047]","['title_description', 'description', 'title_description']"
句的词语,['51388'],[],merged,1,0,[],,['51387'],[0.6888664960861206],['title_description']
句的词语,['51388'],[],merged,3,0,[],,"['51387', '51386', '51379']","[0.6888664960861206, 0.6378262042999268, 0.5922033786773682]","['title_description', 'title_description', 'description']"
含箭字的成语,['51388'],[],merged,1,0,[],,['52336'],[0.5494834184646606],['title_description']
含箭字的成语,['51388'],[],merged,3,0,[],,"['52336', '51387', '51379']","[0.5494834184646606, 0.48886215686798096, 0.47886937856674194]","['title_description', 'title_description', 'title_description']"
四个字的成语大全,['51388'],[],merged,1,0,[],,['52336'],[0.5267536640167236],['title_description']
四个字的成语大全,['51388'],[],merged,3,0,[],,"['52336', '51387', '51382']","[0.5267536640167236, 0.518993079662323, 0.467335045337677]","['title_description', 'title_description', 'description']"
四字开头的成语,['51388'],[],merged,1,0,[],,['51379'],[0.5590164661407471],['title_description']
四字开头的成语,['51388'],[],merged,3,0,[],,"['51379', '52336', '51387']","[0.5590164661407471, 0.5178885459899902, 0.511184811592102]","['title_description', 'title_description', 'title_description']"
在什么什么,['51388'],[],merged,1,1,['51388'],1.0,['51388'],[0.5653382539749146],['title_description']
在什么什么,['51388'],[],merged,3,1,['51388'],1.0,"['51388', '51386', '51381']","[0.5653382539749146, 0.5635489225387573, 0.5581598281860352]","['title_description', 'title_description', 'title_description']"
夸女生的词语,['51388'],[],merged,1,0,[],,['51387'],[0.5054842233657837],['title_description']
夸女生的词语,['51388'],[],merged,3,0,[],,"['51387', '51386', '52336']","[0.5054842233657837, 0.48480847477912903, 0.4207571744918823]","['title_description', 'title_description', 'title_description']"
奇怪的成语,['51388'],[],merged,1,0,[],,['52336'],[0.5863208770751953],['title_description']
奇怪的成语,['51388'],[],merged,3,1,['51388'],3.0,"['52336', '51387', '51388']","[0.5863208770751953, 0.5669325590133667, 0.5235315561294556]","['title_description', 'title_description', 'title_description']"
字开头的成语,['51388'],[],merged,1,0,[],,['51379'],[0.5705386996269226],['description']
字开头的成语,['51388'],[],merged,3,0,[],,"['51379', '51382', '52336']","[0.5705386996269226, 0.5565155744552612, 0.5467036366462708]","['description', 'title_description', 'title_description']"
安逸的四字词语,['51388'],[],merged,1,0,[],,['51387'],[0.5228772759437561],['title_description']
安逸的四字词语,['51388'],[],merged,3,0,[],,"['51387', '52336', '51386']","[0.5228772759437561, 0.48626554012298584, 0.4846872389316559]","['title_description', 'title_description', 'title_description']"
寓言故事的成语,['51388'],[],merged,1,0,[],,['52336'],[0.5721153020858765],['title_description']
寓言故事的成语,['51388'],[],merged,3,0,[],,"['52336', '52523', '51387']","[0.5721153020858765, 0.5276886224746704, 0.512711763381958]","['title_description', 'description', 'title_description']"
对仗词汇查询,['51388'],[],merged,1,0,[],,['51387'],[0.6931807398796082],['title_description']
对仗词汇查询,['51388'],[],merged,3,1,['51388'],3.0,"['51387', '51386', '51388']","[0.6931807398796082, 0.6741597652435303, 0.658133864402771]","['title_description', 'title_description', 'title_description']"
封字开头的成语,['51388'],[],merged,1,0,[],,['51379'],[0.514717698097229],['title_description']
封字开头的成语,['51388'],[],merged,3,0,[],,"['51379', '51382', '52336']","[0.514717698097229, 0.46167120337486267, 0.45289671421051025]","['title_description', 'title_description', 'title_description']"
就什么什么什么成语,['51388'],[],merged,1,0,[],,['51387'],[0.5871976613998413],['title_description']
就什么什么什么成语,['51388'],[],merged,3,0,[],,"['51387', '52336', '51386']","[0.5871976613998413, 0.5665887594223022, 0.5168056488037109]","['title_description', 'title_description', 'title_description']"
山什么什么四字成语,['51388'],[],merged,1,0,[],,['51387'],[0.5175423622131348],['title_description']
山什么什么四字成语,['51388'],[],merged,3,0,[],,"['51387', '52336', '51379']","[0.5175423622131348, 0.48712170124053955, 0.4826384484767914]","['title_description', 'title_description', 'description']"
山的成语,['51388'],[],merged,1,0,[],,['51387'],[0.521971583366394],['title_description']
山的成语,['51388'],[],merged,3,0,[],,"['51387', '52336', '51379']","[0.521971583366394, 0.5112357139587402, 0.47736841440200806]","['title_description', 'title_description', 'description']"
带字的成语,['51388'],[],merged,1,0,[],,['52336'],[0.5665361881256104],['title_description']
带字的成语,['51388'],[],merged,3,0,[],,"['52336', '51387', '51382']","[0.5665361881256104, 0.5562469959259033, 0.5485334396362305]","['title_description', 'title_description', 'title_description']"
形容人品的成语,['51388'],[],merged,1,0,[],,['52336'],[0.52241051197052],['title_description']
形容人品的成语,['51388'],[],merged,3,0,[],,"['52336', '51387', '51386']","[0.52241051197052, 0.5180761814117432, 0.49535447359085083]","['title_description', 'title_description', 'title_description']"
形容人多的四字词语,['51388'],[],merged,1,0,[],,['51387'],[0.5271713733673096],['title_description']
形容人多的四字词语,['51388'],[],merged,3,0,[],,"['51387', '51386', '51382']","[0.5271713733673096, 0.4878407120704651, 0.4532906115055084]","['title_description', 'title_description', 'description']"
形容努力的成语,['51388'],[],merged,1,0,[],,['52336'],[0.5342612862586975],['title_description']
形容努力的成语,['51388'],[],merged,3,0,[],,"['52336', '51387', '51386']","[0.5342612862586975, 0.5057111978530884, 0.48616379499435425]","['title_description', 'title_description', 'title_description']"
形容友情的成语,['51388'],[],merged,1,0,[],,['52336'],[0.5096129179000854],['title_description']
形容友情的成语,['51388'],[],merged,3,0,[],,"['52336', '51387', '51386']","[0.5096129179000854, 0.5071173906326294, 0.47573351860046387]","['title_description', 'title_description', 'description']"
形容声音的词语,['51388'],[],merged,1,0,[],,['51387'],[0.5754470825195312],['title_description']
形容声音的词语,['51388'],[],merged,3,0,[],,"['51387', '51386', '52523']","[0.5754470825195312, 0.5688881874084473, 0.5088196992874146]","['title_description', 'description', 'description']"
形容天气好的词语,['51388'],[],merged,1,0,[],,['51387'],[0.489168256521225],['title_description']
形容天气好的词语,['51388'],[],merged,3,0,[],,"['51387', '51386', '52336']","[0.489168256521225, 0.47237876057624817, 0.4307052791118622]","['title_description', 'title_description', 'title_description']"
形容天空的词语,['51388'],[],merged,1,0,[],,['51387'],[0.499912291765213],['title_description']
形容天空的词语,['51388'],[],merged,3,0,[],,"['51387', '51386', '52336']","[0.499912291765213, 0.4744408130645752, 0.42423704266548157]","['title_description', 'title_description', 'title_description']"
形容失败的成语,['51388'],[],merged,1,0,[],,['52336'],[0.5001397132873535],['title_description']
形容失败的成语,['51388'],[],merged,3,0,[],,"['52336', '51387', '51386']","[0.5001397132873535, 0.4669146239757538, 0.4496915340423584]","['title_description', 'title_description', 'description']"
形容很痛苦的成语,['51388'],[],merged,1,0,[],,['52336'],[0.49650347232818604],['title_description']
形容很痛苦的成语,['51388'],[],merged,3,0,[],,"['52336', '51387', '51386']","[0.49650347232818604, 0.46877628564834595, 0.46136805415153503]","['title_description', 'title_description', 'description']"
形容心情的词语,['51388'],[],merged,1,0,[],,['51387'],[0.5333665609359741],['title_description']
形容心情的词语,['51388'],[],merged,3,0,[],,"['51387', '51386', '52336']","[0.5333665609359741, 0.519368052482605, 0.49694955348968506]","['title_description', 'title_description', 'title_description']"
形容时间很紧迫的成语,['51388'],[],merged,1,0,[],,['52336'],[0.4912925362586975],['title_description']
形容时间很紧迫的成语,['51388'],[],merged,3,0,[],,"['52336', '51387', '51386']","[0.4912925362586975, 0.47724151611328125, 0.4572049379348755]","['title_description', 'title_description', 'title_description']"
形容时间快的四字词语,['51388'],[],merged,1,0,[],,['51387'],[0.4990888237953186],['title_description']
形容时间快的四字词语,['51388'],[],merged,3,0,[],,"['51387', '51386', '51323']","[0.4990888237953186, 0.4656652808189392, 0.45963674783706665]","['title_description', 'title_description', 'title_description']"
形容母爱的四字词语,['51388'],[],merged,1,0,[],,['51387'],[0.48737871646881104],['title_description']
形容母爱的四字词语,['51388'],[],merged,3,0,[],,"['51387', '51386', '52336']","[0.48737871646881104, 0.4612373113632202, 0.4353979229927063]","['title_description', 'title_description', 'title_description']"
形容男人的词语,['51388'],[],merged,1,0,[],,['51387'],[0.5337988138198853],['title_description']
形容男人的词语,['51388'],[],merged,3,0,[],,"['51387', '51386', '52336']","[0.5337988138198853, 0.5153210163116455, 0.4778786301612854]","['title_description', 'title_description', 'title_description']"
形容神态的成语,['51388'],[],merged,1,0,[],,['51387'],[0.5051944255828857],['title_description']
形容神态的成语,['51388'],[],merged,3,0,[],,"['51387', '52336', '51386']","[0.5051944255828857, 0.5039094686508179, 0.46313267946243286]","['title_description', 'title_description', 'description']"
形容自行车的词语,['51388'],[],merged,1,0,[],,['51387'],[0.6032907962799072],['title_description']
形容自行车的词语,['51388'],[],merged,3,1,['51388'],3.0,"['51387', '51386', '51388']","[0.6032907962799072, 0.555726170539856, 0.5021089315414429]","['title_description', 'title_description', 'title_description']"
形容舍不得的成语,['51388'],[],merged,1,0,[],,['52336'],[0.5304161310195923],['title_description']
形容舍不得的成语,['51388'],[],merged,3,0,[],,"['52336', '51387', '51386']","[0.5304161310195923, 0.49575188755989075, 0.46278321743011475]","['title_description', 'title_description', 'description']"
形容路途遥远的成语,['51388'],[],merged,1,0,[],,['52336'],[0.49300098419189453],['title_description']
形容路途遥远的成语,['51388'],[],merged,3,0,[],,"['52336', '51387', '51386']","[0.49300098419189453, 0.47952795028686523, 0.4494233727455139]","['title_description', 'title_description', 'description']"
形容雨的词语,['51388'],[],merged,1,0,[],,['51387'],[0.5446354150772095],['title_description']
形容雨的词语,['51388'],[],merged,3,1,['51388'],3.0,"['51387', '51386', '51388']","[0.5446354150772095, 0.5275887846946716, 0.4872758984565735]","['title_description', 'title_description', 'title_description']"
怎么组词,['51388'],[],merged,1,0,[],,['51382'],[0.6813059449195862],['title_description']
怎么组词,['51388'],[],merged,3,1,['51388'],2.0,"['51382', '51388', '51387']","[0.6813059449195862, 0.6428415179252625, 0.6411632299423218]","['title_description', 'title_description', 'title_description']"
恶衣四字成语,['51388'],[],merged,1,0,[],,['52336'],[0.4870178997516632],['description']
恶衣四字成语,['51388'],[],merged,3,0,[],,"['52336', '51387', '51386']","[0.4870178997516632, 0.4594663679599762, 0.45665937662124634]","['description', 'title_description', 'title_description']"
手的成语,['51388'],[],merged,1,0,[],,['52336'],[0.5385905504226685],['title_description']
手的成语,['51388'],[],merged,3,0,[],,"['52336', '51387', '51382']","[0.5385905504226685, 0.5140389204025269, 0.49194201827049255]","['title_description', 'title_description', 'description']"
拨成语,['51388'],[],merged,1,0,[],,['52336'],[0.7424166798591614],['title_description']
拨成语,['51388'],[],merged,3,1,['51388'],2.0,"['52336', '51388', '51382']","[0.7424166798591614, 0.6856399774551392, 0.6525927782058716]","['title_description', 'title_description', 'title_description']"
拱成语,['51388'],[],merged,1,0,[],,['52336'],[0.632010817527771],['title_description']
拱成语,['51388'],[],merged,3,1,['51388'],3.0,"['52336', '51387', '51388']","[0.632010817527771, 0.5748051404953003, 0.5723497867584229]","['title_description', 'title_description', 'title_description']"
描写人物外貌的四字词语,['51388'],[],merged,1,0,[],,['51387'],[0.4940897226333618],['title_description']
描写人物外貌的四字词语,['51388'],[],merged,3,0,[],,"['51387', '51386', '51382']","[0.4940897226333618, 0.4812517762184143, 0.4581494927406311]","['title_description', 'title_description', 'title_description']"
描写景物的成语,['51388'],[],merged,1,0,[],,['51387'],[0.5136336088180542],['title_description']
描写景物的成语,['51388'],[],merged,3,0,[],,"['51387', '52336', '51386']","[0.5136336088180542, 0.47612881660461426, 0.45687729120254517]","['title_description', 'title_description', 'title_description']"
断的成语,['51388'],[],merged,1,0,[],,['51387'],[0.5383946895599365],['title_description']
断的成语,['51388'],[],merged,3,0,[],,"['51387', '52336', '51382']","[0.5383946895599365, 0.5227168202400208, 0.484575092792511]","['title_description', 'title_description', 'description']"
方字开头的成语,['51388'],[],merged,1,0,[],,['51379'],[0.5134703516960144],['title_description']
方字开头的成语,['51388'],[],merged,3,0,[],,"['51379', '51382', '52336']","[0.5134703516960144, 0.5090298652648926, 0.5052770376205444]","['title_description', 'title_description', 'title_description']"
更的词语,['51388'],[],merged,1,0,[],,['51386'],[0.6353259086608887],['title_description']
更的词语,['51388'],[],merged,3,1,['51388'],3.0,"['51386', '51387', '51388']","[0.6353259086608887, 0.6239182949066162, 0.611457109451294]","['title_description', 'title_description', 'title_description']"
有什么不什么成语,['51388'],[],merged,1,0,[],,['51387'],[0.5839122533798218],['title_description']
有什么不什么成语,['51388'],[],merged,3,0,[],,"['51387', '52336', '51386']","[0.5839122533798218, 0.5423805713653564, 0.5074262619018555]","['title_description', 'title_description', 'title_description']"
有什么关联词语,['51388'],[],merged,1,0,[],,['51387'],[0.6892476677894592],['title_description']
有什么关联词语,['51388'],[],merged,3,0,[],,"['51387', '51386', '51381']","[0.6892476677894592, 0.6775510311126709, 0.6289321184158325]","['title_description', 'title_description', 'title_description']"
有开头成语大全100个,['51388'],[],merged,1,0,[],,['51379'],[0.5711609125137329],['title_description']
有开头成语大全100个,['51388'],[],merged,3,0,[],,"['51379', '51387', '52336']","[0.5711609125137329, 0.48193269968032837, 0.47739118337631226]","['title_description', 'title_description', 'title_description']"
有教四字成语,['51388'],[],merged,1,0,[],,['52336'],[0.5852711796760559],['title_description']
有教四字成语,['51388'],[],merged,3,0,[],,"['52336', '51382', '51387']","[0.5852711796760559, 0.5381090044975281, 0.5348637700080872]","['title_description', 'title_description', 'title_description']"
案成语,['51388'],[],merged,1,0,[],,['52336'],[0.6577203273773193],['title_description']
案成语,['51388'],[],merged,3,1,['51388'],2.0,"['52336', '51388', '52523']","[0.6577203273773193, 0.5865743160247803, 0.5862734317779541]","['title_description', 'title_description', 'description']"
欧的成语,['51388'],[],merged,1,0,[],,['52336'],[0.5670034885406494],['title_description']
欧的成语,['51388'],[],merged,3,1,['51388'],3.0,"['52336', '51387', '51388']","[0.5670034885406494, 0.5389457941055298, 0.50527024269104]","['title_description', 'title_description', 'description']"
欲的成语,['51388'],[],merged,1,0,[],,['52336'],[0.5377795100212097],['title_description']
欲的成语,['51388'],[],merged,3,0,[],,"['52336', '51386', '51387']","[0.5377795100212097, 0.5313175320625305, 0.5248488187789917]","['title_description', 'title_description', 'title_description']"
民的四字成语,['51388'],[],merged,1,0,[],,['52336'],[0.47668230533599854],['title_description']
民的四字成语,['51388'],[],merged,3,0,[],,"['52336', '51387', '51382']","[0.47668230533599854, 0.46368515491485596, 0.4517788887023926]","['title_description', 'title_description', 'description']"
浮的成语,['51388'],[],merged,1,0,[],,['52336'],[0.5379341840744019],['title_description']
浮的成语,['51388'],[],merged,3,1,['51388'],3.0,"['52336', '51387', '51388']","[0.5379341840744019, 0.5320922136306763, 0.4930322468280792]","['title_description', 'title_description', 'description']"
火的成语,['51388'],[],merged,1,0,[],,['52336'],[0.5327311754226685],['title_description']
火的成语,['51388'],[],merged,3,1,['51388'],3.0,"['52336', '51387', '51388']","[0.5327311754226685, 0.5057786703109741, 0.4748063385486603]","['title_description', 'title_description', 'description']"
白的成语,['51388'],[],merged,1,0,[],,['51387'],[0.5229349136352539],['title_description']
白的成语,['51388'],[],merged,3,0,[],,"['51387', '52336', '51386']","[0.5229349136352539, 0.501481294631958, 0.49400967359542847]","['title_description', 'title_description', 'description']"
的字成语,['51388'],[],merged,1,0,[],,['52336'],[0.5960422158241272],['title_description']
的字成语,['51388'],[],merged,3,0,[],,"['52336', '51387', '51382']","[0.5960422158241272, 0.5895915627479553, 0.5835748910903931]","['title_description', 'title_description', 'description']"
的开头的成语,['51388'],[],merged,1,0,[],,['51379'],[0.6331707239151001],['title_description']
的开头的成语,['51388'],[],merged,3,0,[],,"['51379', '52336', '51387']","[0.6331707239151001, 0.5427429676055908, 0.5354436635971069]","['title_description', 'title_description', 'title_description']"
的开头的词语,['51388'],[],merged,1,0,[],,['51379'],[0.6730010509490967],['description']
的开头的词语,['51388'],[],merged,3,0,[],,"['51379', '51387', '51386']","[0.6730010509490967, 0.6289923191070557, 0.5834206342697144]","['description', 'title_description', 'title_description']"
的成语,['51388'],[],merged,1,0,[],,['52336'],[0.6584165096282959],['title_description']
的成语,['51388'],[],merged,3,0,[],,"['52336', '51387', '51386']","[0.6584165096282959, 0.6447041034698486, 0.5658001899719238]","['title_description', 'title_description', 'description']"
的的四字成语,['51388'],[],merged,1,0,[],,['51387'],[0.5874224901199341],['title_description']
的的四字成语,['51388'],[],merged,3,0,[],,"['51387', '52336', '51382']","[0.5874224901199341, 0.5646201372146606, 0.5345413684844971]","['title_description', 'title_description', 'description']"
的的词语,['51388'],[],merged,1,0,[],,['51387'],[0.738558828830719],['title_description']
的的词语,['51388'],[],merged,3,1,['51388'],3.0,"['51387', '51386', '51388']","[0.738558828830719, 0.6750913858413696, 0.6324541568756104]","['title_description', 'title_description', 'title_description']"
相什么什么什么四字成语,['51388'],[],merged,1,0,[],,['51387'],[0.5405514240264893],['title_description']
相什么什么什么四字成语,['51388'],[],merged,3,0,[],,"['51387', '52336', '51386']","[0.5405514240264893, 0.5203866362571716, 0.47354596853256226]","['title_description', 'title_description', 'description']"
看什么,['51388'],[],merged,1,0,[],,['51275'],[0.6295351982116699],['title_description']
看什么,['51388'],[],merged,3,0,[],,"['51275', '60977', '5671']","[0.6295351982116699, 0.5928192138671875, 0.5884881615638733]","['title_description', 'title_description', 'title_description']"
移字成语,['51388'],[],merged,1,0,[],,['51382'],[0.5650932788848877],['description']
移字成语,['51388'],[],merged,3,0,[],,"['51382', '52336', '51381']","[0.5650932788848877, 0.5518582463264465, 0.5456163883209229]","['description', 'title_description', 'title_description']"
稀的成语,['51388'],[],merged,1,0,[],,['51387'],[0.5460432171821594],['title_description']
稀的成语,['51388'],[],merged,3,0,[],,"['51387', '52336', '51386']","[0.5460432171821594, 0.5294784307479858, 0.5001576542854309]","['title_description', 'title_description', 'title_description']"
竞的成语,['51388'],[],merged,1,0,[],,['51387'],[0.5024484395980835],['title_description']
竞的成语,['51388'],[],merged,3,0,[],,"['51387', '52336', '51382']","[0.5024484395980835, 0.5003184080123901, 0.47870662808418274]","['title_description', 'title_description', 'description']"
童的成语,['51388'],[],merged,1,0,[],,['52336'],[0.526902973651886],['title_description']
童的成语,['51388'],[],merged,3,0,[],,"['52336', '51387', '51381']","[0.526902973651886, 0.5122710466384888, 0.4950910210609436]","['title_description', 'title_description', 'description']"
管鲍四字成语,['51388'],[],merged,1,0,[],,['51387'],[0.4994329512119293],['title_description']
管鲍四字成语,['51388'],[],merged,3,0,[],,"['51387', '52336', '51381']","[0.4994329512119293, 0.49236708879470825, 0.478524386882782]","['title_description', 'title_description', 'title_description']"
紫的成语,['51388'],[],merged,1,0,[],,['52336'],[0.5269632339477539],['title_description']
紫的成语,['51388'],[],merged,3,1,['51388'],3.0,"['52336', '51387', '51388']","[0.5269632339477539, 0.5214579105377197, 0.5175710916519165]","['title_description', 'title_description', 'description']"
绿的四字成语,['51388'],[],merged,1,0,[],,['52336'],[0.4764912724494934],['title_description']
绿的四字成语,['51388'],[],merged,3,0,[],,"['52336', '51387', '51382']","[0.4764912724494934, 0.4756762981414795, 0.43868932127952576]","['title_description', 'title_description', 'description']"
网的成语,['51388'],[],merged,1,0,[],,['52336'],[0.5520145297050476],['title_description']
网的成语,['51388'],[],merged,3,0,[],,"['52336', '51387', '51382']","[0.5520145297050476, 0.5378435850143433, 0.507244348526001]","['title_description', 'title_description', 'description']"
舞的成语,['51388'],[],merged,1,0,[],,['52336'],[0.5206924676895142],['title_description']
舞的成语,['51388'],[],merged,3,0,[],,"['52336', '51387', '51386']","[0.5206924676895142, 0.5120769739151001, 0.4735928773880005]","['title_description', 'title_description', 'description']"
花的成语,['51388'],[],merged,1,0,[],,['51387'],[0.5061584711074829],['title_description']
花的成语,['51388'],[],merged,3,0,[],,"['51387', '51379', '52336']","[0.5061584711074829, 0.5021332502365112, 0.5012649297714233]","['title_description', 'title_description', 'title_description']"
著什么什么什么成语,['51388'],[],merged,1,0,[],,['51387'],[0.5494263172149658],['title_description']
著什么什么什么成语,['51388'],[],merged,3,0,[],,"['51387', '52336', '51379']","[0.5494263172149658, 0.5429531931877136, 0.498390793800354]","['title_description', 'title_description', 'description']"
虹的成语,['51388'],[],merged,1,0,[],,['52336'],[0.5029790997505188],['title_description']
虹的成语,['51388'],[],merged,3,0,[],,"['52336', '51387', '52523']","[0.5029790997505188, 0.4735521376132965, 0.44557690620422363]","['title_description', 'title_description', 'description']"
蛇的成语,['51388'],[],merged,1,0,[],,['52336'],[0.49560627341270447],['title_description']
蛇的成语,['51388'],[],merged,3,1,['51388'],3.0,"['52336', '51387', '51388']","[0.49560627341270447, 0.4560997188091278, 0.4360973834991455]","['title_description', 'title_description', 'description']"
表示专心学的四字词语,['51388'],[],merged,1,0,[],,['51387'],[0.5151351094245911],['title_description']
表示专心学的四字词语,['51388'],[],merged,3,0,[],,"['51387', '51386', '52336']","[0.5151351094245911, 0.5022616386413574, 0.49403828382492065]","['title_description', 'title_description', 'title_description']"
表示数量的词语,['51388'],[],merged,1,0,[],,['51387'],[0.6846084594726562],['title_description']
表示数量的词语,['51388'],[],merged,3,1,['51388'],3.0,"['51387', '51386', '51388']","[0.6846084594726562, 0.5972089767456055, 0.554635763168335]","['title_description', 'title_description', 'title_description']"
表示讨厌的四字词语有哪些,['51388'],[],merged,1,0,[],,['51387'],[0.5137794017791748],['title_description']
表示讨厌的四字词语有哪些,['51388'],[],merged,3,0,[],,"['51387', '51386', '52336']","[0.5137794017791748, 0.5042776465415955, 0.4857872426509857]","['title_description', 'title_description', 'title_description']"
讽刺表面光鲜亮丽的人成语,['51388'],[],merged,1,0,[],,['52336'],[0.49907809495925903],['title_description']
讽刺表面光鲜亮丽的人成语,['51388'],[],merged,3,0,[],,"['52336', '51387', '52523']","[0.49907809495925903, 0.44999003410339355, 0.4453759789466858]","['title_description', 'description', 'description']"
豪的成语,['51388'],[],merged,1,0,[],,['52336'],[0.5360375046730042],['title_description']
豪的成语,['51388'],[],merged,3,0,[],,"['52336', '51387', '51386']","[0.5360375046730042, 0.49705496430397034, 0.4614521265029907]","['title_description', 'title_description', 'title_description']"
贵字词语,['51388'],[],merged,1,0,[],,['51387'],[0.5124757885932922],['title_description']
贵字词语,['51388'],[],merged,3,0,[],,"['51387', '51386', '52336']","[0.5124757885932922, 0.5056643486022949, 0.4862173795700073]","['title_description', 'title_description', 'title_description']"
赞美的词语,['51388'],[],merged,1,0,[],,['51387'],[0.5443103909492493],['title_description']
赞美的词语,['51388'],[],merged,3,0,[],,"['51387', '51386', '52336']","[0.5443103909492493, 0.5356630086898804, 0.4835626482963562]","['title_description', 'title_description', 'title_description']"
赞美老师的成语,['51388'],[],merged,1,0,[],,['52336'],[0.46476423740386963],['title_description']
赞美老师的成语,['51388'],[],merged,3,0,[],,"['52336', '51387', '51386']","[0.46476423740386963, 0.4449063539505005, 0.43009865283966064]","['title_description', 'description', 'description']"
追开头的成语,['51388'],[],merged,1,0,[],,['51379'],[0.582040548324585],['title_description']
追开头的成语,['51388'],[],merged,3,0,[],,"['51379', '52336', '51382']","[0.582040548324585, 0.49229696393013, 0.4876754581928253]","['title_description', 'title_description', 'description']"
遮 成语,['51388'],[],merged,1,0,[],,['52336'],[0.5707665681838989],['title_description']
遮 成语,['51388'],[],merged,3,1,['51388'],3.0,"['52336', '52523', '51388']","[0.5707665681838989, 0.5262773633003235, 0.5037128925323486]","['title_description', 'description', 'title_description']"
野的成语,['51388'],[],merged,1,0,[],,['51387'],[0.547503650188446],['title_description']
野的成语,['51388'],[],merged,3,0,[],,"['51387', '52336', '51386']","[0.547503650188446, 0.5456385016441345, 0.5129005312919617]","['title_description', 'title_description', 'description']"
金的成语,['51388'],[],merged,1,0,[],,['51590'],[0.5260500907897949],['description']
金的成语,['51388'],[],merged,3,0,[],,"['51590', '52336', '51387']","[0.5260500907897949, 0.5179208517074585, 0.5144408941268921]","['description', 'title_description', 'title_description']"
长打头的成语,['51388'],[],merged,1,0,[],,['51387'],[0.5018981695175171],['title_description']
长打头的成语,['51388'],[],merged,3,0,[],,"['51387', '51379', '52336']","[0.5018981695175171, 0.4981210231781006, 0.48389875888824463]","['title_description', 'title_description', 'title_description']"
霜什么什么什么,['51388'],[],merged,1,0,[],,['51387'],[0.5239803791046143],['title_description']
霜什么什么什么,['51388'],[],merged,3,0,[],,"['51387', '51379', '51386']","[0.5239803791046143, 0.5039141774177551, 0.4908468425273895]","['title_description', 'title_description', 'title_description']"
露开头的成语,['51388'],[],merged,1,0,[],,['51379'],[0.5576181411743164],['title_description']
露开头的成语,['51388'],[],merged,3,0,[],,"['51379', '52336', '52523']","[0.5576181411743164, 0.48657143115997314, 0.4827754497528076]","['title_description', 'title_description', 'description']"
颜色的abb词语,['51388'],[],merged,1,0,[],,['51387'],[0.5666687488555908],['title_description']
颜色的abb词语,['51388'],[],merged,3,1,['51388'],3.0,"['51387', '51386', '51388']","[0.5666687488555908, 0.515611469745636, 0.49204468727111816]","['title_description', 'title_description', 'title_description']"
风云组词,['51388'],[],merged,1,0,[],,['51382'],[0.5502560138702393],['title_description']
风云组词,['51388'],[],merged,3,1,['51388'],3.0,"['51382', '51381', '51388']","[0.5502560138702393, 0.5137969851493835, 0.5082933902740479]","['title_description', 'title_description', 'title_description']"
风结尾的成语,['51388'],[],merged,1,0,[],,['51379'],[0.48807984590530396],['title_description']
风结尾的成语,['51388'],[],merged,3,0,[],,"['51379', '51387', '52336']","[0.48807984590530396, 0.4814581274986267, 0.46423089504241943]","['title_description', 'title_description', 'title_description']"
飞的成语,['51388'],[],merged,1,0,[],,['52336'],[0.5148606300354004],['title_description']
飞的成语,['51388'],[],merged,3,0,[],,"['52336', '51379', '51387']","[0.5148606300354004, 0.5016379356384277, 0.49278584122657776]","['title_description', 'title_description', 'title_description']"
高什么亮什么四字词语,['51388'],[],merged,1,0,[],,['51387'],[0.5130826234817505],['title_description']
高什么亮什么四字词语,['51388'],[],merged,3,0,[],,"['51387', '51386', '52336']","[0.5130826234817505, 0.47833049297332764, 0.4617117643356323]","['title_description', 'title_description', 'title_description']"
默成语,['51388'],[],merged,1,0,[],,['52336'],[0.6244610548019409],['title_description']
默成语,['51388'],[],merged,3,1,['51388'],3.0,"['52336', '52523', '51388']","[0.6244610548019409, 0.5840807557106018, 0.5515515208244324]","['title_description', 'description', 'title_description']"
()下()(),['51388'],[],title_description,1,0,[],,['51387'],[0.5203903913497925],['title_description']
()下()(),['51388'],[],title_description,3,0,[],,"['51387', '51382', '51386']","[0.5203903913497925, 0.5142054557800293, 0.4992837905883789]","['title_description', 'title_description', 'title_description']"
aabc式的词语,['51388'],[],title_description,1,0,[],,['51387'],[0.5962310433387756],['title_description']
aabc式的词语,['51388'],[],title_description,3,1,['51388'],3.0,"['51387', '51386', '51388']","[0.5962310433387756, 0.5052807331085205, 0.4726387858390808]","['title_description', 'title_description', 'title_description']"
abab式的四字词语,['51388'],[],title_description,1,0,[],,['51387'],[0.5402557849884033],['title_description']
abab式的四字词语,['51388'],[],title_description,3,0,[],,"['51387', '51386', '51323']","[0.5402557849884033, 0.45197272300720215, 0.4475972056388855]","['title_description', 'title_description', 'title_description']"
abac的四字词语,['51388'],[],title_description,1,0,[],,['51387'],[0.5587249398231506],['title_description']
abac的四字词语,['51388'],[],title_description,3,1,['51388'],2.0,"['51387', '51388', '51382']","[0.5587249398231506, 0.5208607912063599, 0.5206516981124878]","['title_description', 'title_description', 'title_description']"
"abb,的词语",['51388'],[],title_description,1,0,[],,['51387'],[0.6254345178604126],['title_description']
"abb,的词语",['51388'],[],title_description,3,1,['51388'],3.0,"['51387', '51386', '51388']","[0.6254345178604126, 0.5687738656997681, 0.5419659614562988]","['title_description', 'title_description', 'title_description']"
abcc的四字词语,['51388'],[],title_description,1,0,[],,['51387'],[0.5337228775024414],['title_description']
abcc的四字词语,['51388'],[],title_description,3,1,['51388'],3.0,"['51387', '51386', '51388']","[0.5337228775024414, 0.4698508679866791, 0.46981120109558105]","['title_description', 'title_description', 'title_description']"
一什么什么什么,['51388'],[],title_description,1,0,[],,['51387'],[0.5860627889633179],['title_description']
一什么什么什么,['51388'],[],title_description,3,0,[],,"['51387', '51382', '51381']","[0.5860627889633179, 0.5595992803573608, 0.5578645467758179]","['title_description', 'title_description', 'title_description']"
三的成语,['51388'],[],title_description,1,0,[],,['51387'],[0.5466976761817932],['title_description']
三的成语,['51388'],[],title_description,3,0,[],,"['51387', '52336', '51382']","[0.5466976761817932, 0.5356488227844238, 0.4793189465999603]","['title_description', 'title_description', 'title_description']"
下字开头的成语,['51388'],[],title_description,1,0,[],,['51379'],[0.5295339822769165],['title_description']
下字开头的成语,['51388'],[],title_description,3,0,[],,"['51379', '52336', '51382']","[0.5295339822769165, 0.5047155618667603, 0.5041476488113403]","['title_description', 'title_description', 'title_description']"
不拿当回事用成词语怎么说,['51388'],[],title_description,1,0,[],,['51387'],[0.5131787061691284],['title_description']
不拿当回事用成词语怎么说,['51388'],[],title_description,3,0,[],,"['51387', '52336', '51386']","[0.5131787061691284, 0.5095872282981873, 0.49748843908309937]","['title_description', 'title_description', 'title_description']"
丑字开头的成语,['51388'],[],title_description,1,0,[],,['52336'],[0.5003690123558044],['title_description']
丑字开头的成语,['51388'],[],title_description,3,0,[],,"['52336', '51379', '51382']","[0.5003690123558044, 0.4996539354324341, 0.47506827116012573]","['title_description', 'title_description', 'title_description']"
为了别人牺牲自己的成语,['51388'],[],title_description,1,0,[],,['52336'],[0.44224005937576294],['title_description']
为了别人牺牲自己的成语,['51388'],[],title_description,3,0,[],,"['52336', '51387', '52523']","[0.44224005937576294, 0.4008793830871582, 0.3913020193576813]","['title_description', 'title_description', 'title_description']"
主字开头的词语,['51388'],[],title_description,1,0,[],,['51382'],[0.5666995048522949],['title_description']
主字开头的词语,['51388'],[],title_description,3,0,[],,"['51382', '51379', '51387']","[0.5666995048522949, 0.5578637719154358, 0.5469073057174683]","['title_description', 'title_description', 'title_description']"
了结尾的二字词语有哪些,['51388'],[],title_description,1,0,[],,['51387'],[0.6036057472229004],['title_description']
了结尾的二字词语有哪些,['51388'],[],title_description,3,0,[],,"['51387', '51386', '51382']","[0.6036057472229004, 0.5559490323066711, 0.5270891189575195]","['title_description', 'title_description', 'title_description']"
争的成语,['51388'],[],title_description,1,0,[],,['51387'],[0.5017122030258179],['title_description']
争的成语,['51388'],[],title_description,3,0,[],,"['51387', '52336', '51382']","[0.5017122030258179, 0.49769437313079834, 0.46980544924736023]","['title_description', 'title_description', 'title_description']"
二年级四字成语大全,['51388'],[],title_description,1,0,[],,['52336'],[0.48951566219329834],['title_description']
二年级四字成语大全,['51388'],[],title_description,3,0,[],,"['52336', '51387', '51323']","[0.48951566219329834, 0.4698692560195923, 0.46323853731155396]","['title_description', 'title_description', 'title_description']"
五年级上册语文词语表,['51388'],[],title_description,1,1,['51388'],1.0,['51388'],[0.5049876570701599],['title_description']
五年级上册语文词语表,['51388'],[],title_description,3,1,['51388'],1.0,"['51388', '51382', '51386']","[0.5049876570701599, 0.49465808272361755, 0.4912637174129486]","['title_description', 'title_description', 'title_description']"
什么举什么什么,['51388'],[],title_description,1,0,[],,['51387'],[0.5887653827667236],['title_description']
什么举什么什么,['51388'],[],title_description,3,0,[],,"['51387', '51386', '52336']","[0.5887653827667236, 0.5568408370018005, 0.5417634844779968]","['title_description', 'title_description', 'title_description']"
什么什么度什么成语,['51388'],[],title_description,1,0,[],,['51387'],[0.5669805407524109],['title_description']
什么什么度什么成语,['51388'],[],title_description,3,0,[],,"['51387', '52336', '51386']","[0.5669805407524109, 0.5305942893028259, 0.5069519877433777]","['title_description', 'title_description', 'title_description']"
什么什么清什么,['51388'],[],title_description,1,0,[],,['51387'],[0.5368728041648865],['title_description']
什么什么清什么,['51388'],[],title_description,3,1,['51388'],2.0,"['51387', '51388', '51386']","[0.5368728041648865, 0.5353134870529175, 0.5307926535606384]","['title_description', 'title_description', 'title_description']"
什么什么面什么成语,['51388'],[],title_description,1,0,[],,['51387'],[0.5193867683410645],['title_description']
什么什么面什么成语,['51388'],[],title_description,3,0,[],,"['51387', '52336', '51386']","[0.5193867683410645, 0.49945420026779175, 0.4838663339614868]","['title_description', 'title_description', 'title_description']"
什么代什么什么成语,['51388'],[],title_description,1,0,[],,['51387'],[0.5432344675064087],['title_description']
什么代什么什么成语,['51388'],[],title_description,3,0,[],,"['51387', '52336', '51386']","[0.5432344675064087, 0.5153768062591553, 0.4848906993865967]","['title_description', 'title_description', 'title_description']"
什么林什么竹,['51388'],[],title_description,1,0,[],,['51381'],[0.4869477450847626],['title_description']
什么林什么竹,['51388'],[],title_description,3,0,[],,"['51381', '51387', '51382']","[0.4869477450847626, 0.483699768781662, 0.48233869671821594]","['title_description', 'title_description', 'title_description']"
什么的四字成语,['51388'],[],title_description,1,0,[],,['51387'],[0.5662277936935425],['title_description']
什么的四字成语,['51388'],[],title_description,3,0,[],,"['51387', '52336', '51386']","[0.5662277936935425, 0.5618133544921875, 0.5123645663261414]","['title_description', 'title_description', 'title_description']"
仔细的成语,['51388'],[],title_description,1,0,[],,['52336'],[0.5801091194152832],['title_description']
仔细的成语,['51388'],[],title_description,3,0,[],,"['52336', '51386', '51387']","[0.5801091194152832, 0.5787808895111084, 0.5697033405303955]","['title_description', 'title_description', 'title_description']"
休戚什么什么成语,['51388'],[],title_description,1,0,[],,['51387'],[0.47278332710266113],['title_description']
休戚什么什么成语,['51388'],[],title_description,3,0,[],,"['51387', '52336', '51386']","[0.47278332710266113, 0.4403398633003235, 0.40132319927215576]","['title_description', 'title_description', 'title_description']"
兔的成语,['51388'],[],title_description,1,0,[],,['52336'],[0.5071319937705994],['title_description']
兔的成语,['51388'],[],title_description,3,0,[],,"['52336', '51387', '51381']","[0.5071319937705994, 0.49301451444625854, 0.47084254026412964]","['title_description', 'title_description', 'title_description']"
六的成语,['51388'],[],title_description,1,0,[],,['51387'],[0.5419576168060303],['title_description']
六的成语,['51388'],[],title_description,3,0,[],,"['51387', '52336', '51382']","[0.5419576168060303, 0.5387623310089111, 0.48905250430107117]","['title_description', 'title_description', 'title_description']"
关于学习的成语有哪些,['51388'],[],title_description,1,0,[],,['52336'],[0.5693598985671997],['title_description']
关于学习的成语有哪些,['51388'],[],title_description,3,0,[],,"['52336', '51387', '51386']","[0.5693598985671997, 0.5278171896934509, 0.4869542717933655]","['title_description', 'title_description', 'title_description']"
冬天的四字词语,['51388'],[],title_description,1,0,[],,['51387'],[0.5064979791641235],['title_description']
冬天的四字词语,['51388'],[],title_description,3,0,[],,"['51387', '51386', '51323']","[0.5064979791641235, 0.4854534864425659, 0.4829387664794922]","['title_description', 'title_description', 'title_description']"
凌四字成语,['51388'],[],title_description,1,0,[],,['52336'],[0.5246119499206543],['title_description']
凌四字成语,['51388'],[],title_description,3,0,[],,"['52336', '51387', '51382']","[0.5246119499206543, 0.5061981678009033, 0.47462335228919983]","['title_description', 'title_description', 'title_description']"
务的成语,['51388'],[],title_description,1,0,[],,['52336'],[0.5498069524765015],['title_description']
务的成语,['51388'],[],title_description,3,0,[],,"['52336', '51387', '51386']","[0.5498069524765015, 0.5475567579269409, 0.5137774348258972]","['title_description', 'title_description', 'title_description']"
千 万 的四字成语,['51388'],[],title_description,1,0,[],,['51387'],[0.5092582106590271],['title_description']
千 万 的四字成语,['51388'],[],title_description,3,0,[],,"['51387', '52336', '51323']","[0.5092582106590271, 0.48155754804611206, 0.4403552711009979]","['title_description', 'title_description', 'title_description']"
口碑什么什么四字成语,['51388'],[],title_description,1,0,[],,['51387'],[0.4868350028991699],['title_description']
口碑什么什么四字成语,['51388'],[],title_description,3,0,[],,"['51387', '52336', '5819']","[0.4868350028991699, 0.48114898800849915, 0.476304292678833]","['title_description', 'title_description', 'title_description']"
古什么今什么,['51388'],[],title_description,1,0,[],,['51387'],[0.5511006116867065],['title_description']
古什么今什么,['51388'],[],title_description,3,0,[],,"['51387', '51381', '51382']","[0.5511006116867065, 0.51722651720047, 0.5155535936355591]","['title_description', 'title_description', 'title_description']"
句的词语,['51388'],[],title_description,1,0,[],,['51387'],[0.6888664960861206],['title_description']
句的词语,['51388'],[],title_description,3,0,[],,"['51387', '51386', '52336']","[0.6888664960861206, 0.6378262042999268, 0.5910329818725586]","['title_description', 'title_description', 'title_description']"
含箭字的成语,['51388'],[],title_description,1,0,[],,['52336'],[0.5494834184646606],['title_description']
含箭字的成语,['51388'],[],title_description,3,0,[],,"['52336', '51387', '51379']","[0.5494834184646606, 0.48886215686798096, 0.47886937856674194]","['title_description', 'title_description', 'title_description']"
四个字的成语大全,['51388'],[],title_description,1,0,[],,['52336'],[0.5267536640167236],['title_description']
四个字的成语大全,['51388'],[],title_description,3,0,[],,"['52336', '51387', '51382']","[0.5267536640167236, 0.518993079662323, 0.46342164278030396]","['title_description', 'title_description', 'title_description']"
四字开头的成语,['51388'],[],title_description,1,0,[],,['51379'],[0.5590164661407471],['title_description']
四字开头的成语,['51388'],[],title_description,3,0,[],,"['51379', '52336', '51387']","[0.5590164661407471, 0.5178885459899902, 0.511184811592102]","['title_description', 'title_description', 'title_description']"
在什么什么,['51388'],[],title_description,1,1,['51388'],1.0,['51388'],[0.5653382539749146],['title_description']
在什么什么,['51388'],[],title_description,3,1,['51388'],1.0,"['51388', '51386', '51381']","[0.5653382539749146, 0.5635489225387573, 0.5581598281860352]","['title_description', 'title_description', 'title_description']"
夸女生的词语,['51388'],[],title_description,1,0,[],,['51387'],[0.5054842233657837],['title_description']
夸女生的词语,['51388'],[],title_description,3,0,[],,"['51387', '51386', '52336']","[0.5054842233657837, 0.48480847477912903, 0.4207571744918823]","['title_description', 'title_description', 'title_description']"
奇怪的成语,['51388'],[],title_description,1,0,[],,['52336'],[0.5863208770751953],['title_description']
奇怪的成语,['51388'],[],title_description,3,1,['51388'],3.0,"['52336', '51387', '51388']","[0.5863208770751953, 0.5669325590133667, 0.5235315561294556]","['title_description', 'title_description', 'title_description']"
字开头的成语,['51388'],[],title_description,1,0,[],,['51379'],[0.5663397908210754],['title_description']
字开头的成语,['51388'],[],title_description,3,0,[],,"['51379', '51382', '52336']","[0.5663397908210754, 0.5565155744552612, 0.5467036366462708]","['title_description', 'title_description', 'title_description']"
安逸的四字词语,['51388'],[],title_description,1,0,[],,['51387'],[0.5228772759437561],['title_description']
安逸的四字词语,['51388'],[],title_description,3,0,[],,"['51387', '52336', '51386']","[0.5228772759437561, 0.48626554012298584, 0.4846872389316559]","['title_description', 'title_description', 'title_description']"
寓言故事的成语,['51388'],[],title_description,1,0,[],,['52336'],[0.5721153020858765],['title_description']
寓言故事的成语,['51388'],[],title_description,3,0,[],,"['52336', '51387', '52523']","[0.5721153020858765, 0.512711763381958, 0.49192607402801514]","['title_description', 'title_description', 'title_description']"
对仗词汇查询,['51388'],[],title_description,1,0,[],,['51387'],[0.6931807398796082],['title_description']
对仗词汇查询,['51388'],[],title_description,3,1,['51388'],3.0,"['51387', '51386', '51388']","[0.6931807398796082, 0.6741597652435303, 0.658133864402771]","['title_description', 'title_description', 'title_description']"
封字开头的成语,['51388'],[],title_description,1,0,[],,['51379'],[0.514717698097229],['title_description']
封字开头的成语,['51388'],[],title_description,3,0,[],,"['51379', '51382', '52336']","[0.514717698097229, 0.46167120337486267, 0.45289671421051025]","['title_description', 'title_description', 'title_description']"
就什么什么什么成语,['51388'],[],title_description,1,0,[],,['51387'],[0.5871976613998413],['title_description']
就什么什么什么成语,['51388'],[],title_description,3,0,[],,"['51387', '52336', '51386']","[0.5871976613998413, 0.5665887594223022, 0.5168056488037109]","['title_description', 'title_description', 'title_description']"
山什么什么四字成语,['51388'],[],title_description,1,0,[],,['51387'],[0.5175423622131348],['title_description']
山什么什么四字成语,['51388'],[],title_description,3,0,[],,"['51387', '52336', '51379']","[0.5175423622131348, 0.48712170124053955, 0.475938618183136]","['title_description', 'title_description', 'title_description']"
山的成语,['51388'],[],title_description,1,0,[],,['51387'],[0.521971583366394],['title_description']
山的成语,['51388'],[],title_description,3,0,[],,"['51387', '52336', '51379']","[0.521971583366394, 0.5112357139587402, 0.4683253765106201]","['title_description', 'title_description', 'title_description']"
带字的成语,['51388'],[],title_description,1,0,[],,['52336'],[0.5665361881256104],['title_description']
带字的成语,['51388'],[],title_description,3,0,[],,"['52336', '51387', '51382']","[0.5665361881256104, 0.5562469959259033, 0.5485334396362305]","['title_description', 'title_description', 'title_description']"
形容人品的成语,['51388'],[],title_description,1,0,[],,['52336'],[0.52241051197052],['title_description']
形容人品的成语,['51388'],[],title_description,3,0,[],,"['52336', '51387', '51386']","[0.52241051197052, 0.5180761814117432, 0.49535447359085083]","['title_description', 'title_description', 'title_description']"
形容人多的四字词语,['51388'],[],title_description,1,0,[],,['51387'],[0.5271713733673096],['title_description']
形容人多的四字词语,['51388'],[],title_description,3,0,[],,"['51387', '51386', '52336']","[0.5271713733673096, 0.4878407120704651, 0.44812050461769104]","['title_description', 'title_description', 'title_description']"
形容努力的成语,['51388'],[],title_description,1,0,[],,['52336'],[0.5342612862586975],['title_description']
形容努力的成语,['51388'],[],title_description,3,0,[],,"['52336', '51387', '51386']","[0.5342612862586975, 0.5057111978530884, 0.48616379499435425]","['title_description', 'title_description', 'title_description']"
形容友情的成语,['51388'],[],title_description,1,0,[],,['52336'],[0.5096129179000854],['title_description']
形容友情的成语,['51388'],[],title_description,3,0,[],,"['52336', '51387', '51386']","[0.5096129179000854, 0.5071173906326294, 0.46652811765670776]","['title_description', 'title_description', 'title_description']"
形容声音的词语,['51388'],[],title_description,1,0,[],,['51387'],[0.5754470825195312],['title_description']
形容声音的词语,['51388'],[],title_description,3,1,['51388'],3.0,"['51387', '51386', '51388']","[0.5754470825195312, 0.5549622774124146, 0.5061355233192444]","['title_description', 'title_description', 'title_description']"
形容天气好的词语,['51388'],[],title_description,1,0,[],,['51387'],[0.489168256521225],['title_description']
形容天气好的词语,['51388'],[],title_description,3,0,[],,"['51387', '51386', '52336']","[0.489168256521225, 0.47237876057624817, 0.4307052791118622]","['title_description', 'title_description', 'title_description']"
形容天空的词语,['51388'],[],title_description,1,0,[],,['51387'],[0.499912291765213],['title_description']
形容天空的词语,['51388'],[],title_description,3,0,[],,"['51387', '51386', '52336']","[0.499912291765213, 0.4744408130645752, 0.42423704266548157]","['title_description', 'title_description', 'title_description']"
形容失败的成语,['51388'],[],title_description,1,0,[],,['52336'],[0.5001397132873535],['title_description']
形容失败的成语,['51388'],[],title_description,3,0,[],,"['52336', '51387', '51386']","[0.5001397132873535, 0.4669146239757538, 0.44319799542427063]","['title_description', 'title_description', 'title_description']"
形容很痛苦的成语,['51388'],[],title_description,1,0,[],,['52336'],[0.49650347232818604],['title_description']
形容很痛苦的成语,['51388'],[],title_description,3,0,[],,"['52336', '51387', '51386']","[0.49650347232818604, 0.46877628564834595, 0.45277512073516846]","['title_description', 'title_description', 'title_description']"
形容心情的词语,['51388'],[],title_description,1,0,[],,['51387'],[0.5333665609359741],['title_description']
形容心情的词语,['51388'],[],title_description,3,0,[],,"['51387', '51386', '52336']","[0.5333665609359741, 0.519368052482605, 0.49694955348968506]","['title_description', 'title_description', 'title_description']"
形容时间很紧迫的成语,['51388'],[],title_description,1,0,[],,['52336'],[0.4912925362586975],['title_description']
形容时间很紧迫的成语,['51388'],[],title_description,3,0,[],,"['52336', '51387', '51386']","[0.4912925362586975, 0.47724151611328125, 0.4572049379348755]","['title_description', 'title_description', 'title_description']"
形容时间快的四字词语,['51388'],[],title_description,1,0,[],,['51387'],[0.4990888237953186],['title_description']
形容时间快的四字词语,['51388'],[],title_description,3,0,[],,"['51387', '51386', '51323']","[0.4990888237953186, 0.4656652808189392, 0.45963674783706665]","['title_description', 'title_description', 'title_description']"
形容母爱的四字词语,['51388'],[],title_description,1,0,[],,['51387'],[0.48737871646881104],['title_description']
形容母爱的四字词语,['51388'],[],title_description,3,0,[],,"['51387', '51386', '52336']","[0.48737871646881104, 0.4612373113632202, 0.4353979229927063]","['title_description', 'title_description', 'title_description']"
形容男人的词语,['51388'],[],title_description,1,0,[],,['51387'],[0.5337988138198853],['title_description']
形容男人的词语,['51388'],[],title_description,3,0,[],,"['51387', '51386', '52336']","[0.5337988138198853, 0.5153210163116455, 0.4778786301612854]","['title_description', 'title_description', 'title_description']"
形容神态的成语,['51388'],[],title_description,1,0,[],,['51387'],[0.5051944255828857],['title_description']
形容神态的成语,['51388'],[],title_description,3,0,[],,"['51387', '52336', '51386']","[0.5051944255828857, 0.5039094686508179, 0.45781210064888]","['title_description', 'title_description', 'title_description']"
形容自行车的词语,['51388'],[],title_description,1,0,[],,['51387'],[0.6032907962799072],['title_description']
形容自行车的词语,['51388'],[],title_description,3,1,['51388'],3.0,"['51387', '51386', '51388']","[0.6032907962799072, 0.555726170539856, 0.5021089315414429]","['title_description', 'title_description', 'title_description']"
形容舍不得的成语,['51388'],[],title_description,1,0,[],,['52336'],[0.5304161310195923],['title_description']
形容舍不得的成语,['51388'],[],title_description,3,0,[],,"['52336', '51387', '51386']","[0.5304161310195923, 0.49575188755989075, 0.46184906363487244]","['title_description', 'title_description', 'title_description']"
形容路途遥远的成语,['51388'],[],title_description,1,0,[],,['52336'],[0.49300098419189453],['title_description']
形容路途遥远的成语,['51388'],[],title_description,3,0,[],,"['52336', '51387', '51386']","[0.49300098419189453, 0.47952795028686523, 0.4481191635131836]","['title_description', 'title_description', 'title_description']"
形容雨的词语,['51388'],[],title_description,1,0,[],,['51387'],[0.5446354150772095],['title_description']
形容雨的词语,['51388'],[],title_description,3,1,['51388'],3.0,"['51387', '51386', '51388']","[0.5446354150772095, 0.5275887846946716, 0.4872758984565735]","['title_description', 'title_description', 'title_description']"
怎么组词,['51388'],[],title_description,1,0,[],,['51382'],[0.6813059449195862],['title_description']
怎么组词,['51388'],[],title_description,3,1,['51388'],2.0,"['51382', '51388', '51387']","[0.6813059449195862, 0.6428415179252625, 0.6411632299423218]","['title_description', 'title_description', 'title_description']"
恶衣四字成语,['51388'],[],title_description,1,0,[],,['52336'],[0.48485854268074036],['title_description']
恶衣四字成语,['51388'],[],title_description,3,0,[],,"['52336', '51387', '51386']","[0.48485854268074036, 0.4594663679599762, 0.45665937662124634]","['title_description', 'title_description', 'title_description']"
手的成语,['51388'],[],title_description,1,0,[],,['52336'],[0.5385905504226685],['title_description']
手的成语,['51388'],[],title_description,3,0,[],,"['52336', '51387', '51382']","[0.5385905504226685, 0.5140389204025269, 0.49008244276046753]","['title_description', 'title_description', 'title_description']"
拨成语,['51388'],[],title_description,1,0,[],,['52336'],[0.7424166798591614],['title_description']
拨成语,['51388'],[],title_description,3,1,['51388'],2.0,"['52336', '51388', '51382']","[0.7424166798591614, 0.6856399774551392, 0.6525927782058716]","['title_description', 'title_description', 'title_description']"
拱成语,['51388'],[],title_description,1,0,[],,['52336'],[0.632010817527771],['title_description']
拱成语,['51388'],[],title_description,3,1,['51388'],3.0,"['52336', '51387', '51388']","[0.632010817527771, 0.5748051404953003, 0.5723497867584229]","['title_description', 'title_description', 'title_description']"
描写人物外貌的四字词语,['51388'],[],title_description,1,0,[],,['51387'],[0.4940897226333618],['title_description']
描写人物外貌的四字词语,['51388'],[],title_description,3,0,[],,"['51387', '51386', '51382']","[0.4940897226333618, 0.4812517762184143, 0.4581494927406311]","['title_description', 'title_description', 'title_description']"
描写景物的成语,['51388'],[],title_description,1,0,[],,['51387'],[0.5136336088180542],['title_description']
描写景物的成语,['51388'],[],title_description,3,0,[],,"['51387', '52336', '51386']","[0.5136336088180542, 0.47612881660461426, 0.45687729120254517]","['title_description', 'title_description', 'title_description']"
断的成语,['51388'],[],title_description,1,0,[],,['51387'],[0.5383946895599365],['title_description']
断的成语,['51388'],[],title_description,3,0,[],,"['51387', '52336', '51386']","[0.5383946895599365, 0.5227168202400208, 0.47027942538261414]","['title_description', 'title_description', 'title_description']"
方字开头的成语,['51388'],[],title_description,1,0,[],,['51379'],[0.5134703516960144],['title_description']
方字开头的成语,['51388'],[],title_description,3,0,[],,"['51379', '51382', '52336']","[0.5134703516960144, 0.5090298652648926, 0.5052770376205444]","['title_description', 'title_description', 'title_description']"
更的词语,['51388'],[],title_description,1,0,[],,['51386'],[0.6353259086608887],['title_description']
更的词语,['51388'],[],title_description,3,1,['51388'],3.0,"['51386', '51387', '51388']","[0.6353259086608887, 0.6239182949066162, 0.611457109451294]","['title_description', 'title_description', 'title_description']"
有什么不什么成语,['51388'],[],title_description,1,0,[],,['51387'],[0.5839122533798218],['title_description']
有什么不什么成语,['51388'],[],title_description,3,0,[],,"['51387', '52336', '51386']","[0.5839122533798218, 0.5423805713653564, 0.5074262619018555]","['title_description', 'title_description', 'title_description']"
有什么关联词语,['51388'],[],title_description,1,0,[],,['51387'],[0.6892476677894592],['title_description']
有什么关联词语,['51388'],[],title_description,3,0,[],,"['51387', '51386', '51381']","[0.6892476677894592, 0.6775510311126709, 0.6289321184158325]","['title_description', 'title_description', 'title_description']"
有开头成语大全100个,['51388'],[],title_description,1,0,[],,['51379'],[0.5711609125137329],['title_description']
有开头成语大全100个,['51388'],[],title_description,3,0,[],,"['51379', '51387', '52336']","[0.5711609125137329, 0.48193269968032837, 0.47739118337631226]","['title_description', 'title_description', 'title_description']"
有教四字成语,['51388'],[],title_description,1,0,[],,['52336'],[0.5852711796760559],['title_description']
有教四字成语,['51388'],[],title_description,3,0,[],,"['52336', '51382', '51387']","[0.5852711796760559, 0.5381090044975281, 0.5348637700080872]","['title_description', 'title_description', 'title_description']"
案成语,['51388'],[],title_description,1,0,[],,['52336'],[0.6577203273773193],['title_description']
案成语,['51388'],[],title_description,3,1,['51388'],2.0,"['52336', '51388', '51387']","[0.6577203273773193, 0.5865743160247803, 0.5713440179824829]","['title_description', 'title_description', 'title_description']"
欧的成语,['51388'],[],title_description,1,0,[],,['52336'],[0.5670034885406494],['title_description']
欧的成语,['51388'],[],title_description,3,1,['51388'],3.0,"['52336', '51387', '51388']","[0.5670034885406494, 0.5389457941055298, 0.5026549100875854]","['title_description', 'title_description', 'title_description']"
欲的成语,['51388'],[],title_description,1,0,[],,['52336'],[0.5377795100212097],['title_description']
欲的成语,['51388'],[],title_description,3,0,[],,"['52336', '51386', '51387']","[0.5377795100212097, 0.5313175320625305, 0.5248488187789917]","['title_description', 'title_description', 'title_description']"
民的四字成语,['51388'],[],title_description,1,0,[],,['52336'],[0.47668230533599854],['title_description']
民的四字成语,['51388'],[],title_description,3,0,[],,"['52336', '51387', '51382']","[0.47668230533599854, 0.46368515491485596, 0.4461889863014221]","['title_description', 'title_description', 'title_description']"
浮的成语,['51388'],[],title_description,1,0,[],,['52336'],[0.5379341840744019],['title_description']
浮的成语,['51388'],[],title_description,3,1,['51388'],3.0,"['52336', '51387', '51388']","[0.5379341840744019, 0.5320922136306763, 0.49141839146614075]","['title_description', 'title_description', 'title_description']"
火的成语,['51388'],[],title_description,1,0,[],,['52336'],[0.5327311754226685],['title_description']
火的成语,['51388'],[],title_description,3,1,['51388'],3.0,"['52336', '51387', '51388']","[0.5327311754226685, 0.5057786703109741, 0.4744701087474823]","['title_description', 'title_description', 'title_description']"
白的成语,['51388'],[],title_description,1,0,[],,['51387'],[0.5229349136352539],['title_description']
白的成语,['51388'],[],title_description,3,1,['51388'],3.0,"['51387', '52336', '51388']","[0.5229349136352539, 0.501481294631958, 0.4892179071903229]","['title_description', 'title_description', 'title_description']"
的字成语,['51388'],[],title_description,1,0,[],,['52336'],[0.5960422158241272],['title_description']
的字成语,['51388'],[],title_description,3,0,[],,"['52336', '51387', '51382']","[0.5960422158241272, 0.5895915627479553, 0.5775957107543945]","['title_description', 'title_description', 'title_description']"
的开头的成语,['51388'],[],title_description,1,0,[],,['51379'],[0.6331707239151001],['title_description']
的开头的成语,['51388'],[],title_description,3,0,[],,"['51379', '52336', '51387']","[0.6331707239151001, 0.5427429676055908, 0.5354436635971069]","['title_description', 'title_description', 'title_description']"
的开头的词语,['51388'],[],title_description,1,0,[],,['51379'],[0.6686100363731384],['title_description']
的开头的词语,['51388'],[],title_description,3,0,[],,"['51379', '51387', '51386']","[0.6686100363731384, 0.6289923191070557, 0.5834206342697144]","['title_description', 'title_description', 'title_description']"
的成语,['51388'],[],title_description,1,0,[],,['52336'],[0.6584165096282959],['title_description']
的成语,['51388'],[],title_description,3,0,[],,"['52336', '51387', '51386']","[0.6584165096282959, 0.6447041034698486, 0.5620505809783936]","['title_description', 'title_description', 'title_description']"
的的四字成语,['51388'],[],title_description,1,0,[],,['51387'],[0.5874224901199341],['title_description']
的的四字成语,['51388'],[],title_description,3,0,[],,"['51387', '52336', '51382']","[0.5874224901199341, 0.5646201372146606, 0.5277770757675171]","['title_description', 'title_description', 'title_description']"
的的词语,['51388'],[],title_description,1,0,[],,['51387'],[0.738558828830719],['title_description']
的的词语,['51388'],[],title_description,3,1,['51388'],3.0,"['51387', '51386', '51388']","[0.738558828830719, 0.6750913858413696, 0.6324541568756104]","['title_description', 'title_description', 'title_description']"
相什么什么什么四字成语,['51388'],[],title_description,1,0,[],,['51387'],[0.5405514240264893],['title_description']
相什么什么什么四字成语,['51388'],[],title_description,3,0,[],,"['51387', '52336', '51386']","[0.5405514240264893, 0.5203866362571716, 0.4729607105255127]","['title_description', 'title_description', 'title_description']"
看什么,['51388'],[],title_description,1,0,[],,['51275'],[0.6295351982116699],['title_description']
看什么,['51388'],[],title_description,3,0,[],,"['51275', '60977', '5671']","[0.6295351982116699, 0.5928192138671875, 0.5884881615638733]","['title_description', 'title_description', 'title_description']"
移字成语,['51388'],[],title_description,1,0,[],,['51382'],[0.5611624717712402],['title_description']
移字成语,['51388'],[],title_description,3,0,[],,"['51382', '52336', '51381']","[0.5611624717712402, 0.5518582463264465, 0.5456163883209229]","['title_description', 'title_description', 'title_description']"
稀的成语,['51388'],[],title_description,1,0,[],,['51387'],[0.5460432171821594],['title_description']
稀的成语,['51388'],[],title_description,3,0,[],,"['51387', '52336', '51386']","[0.5460432171821594, 0.5294784307479858, 0.5001576542854309]","['title_description', 'title_description', 'title_description']"
竞的成语,['51388'],[],title_description,1,0,[],,['51387'],[0.5024484395980835],['title_description']
竞的成语,['51388'],[],title_description,3,0,[],,"['51387', '52336', '51381']","[0.5024484395980835, 0.5003184080123901, 0.47029685974121094]","['title_description', 'title_description', 'title_description']"
童的成语,['51388'],[],title_description,1,0,[],,['52336'],[0.526902973651886],['title_description']
童的成语,['51388'],[],title_description,3,0,[],,"['52336', '51387', '51381']","[0.526902973651886, 0.5122710466384888, 0.48739519715309143]","['title_description', 'title_description', 'title_description']"
管鲍四字成语,['51388'],[],title_description,1,0,[],,['51387'],[0.4994329512119293],['title_description']
管鲍四字成语,['51388'],[],title_description,3,0,[],,"['51387', '52336', '51381']","[0.4994329512119293, 0.49236708879470825, 0.478524386882782]","['title_description', 'title_description', 'title_description']"
紫的成语,['51388'],[],title_description,1,0,[],,['52336'],[0.5269632339477539],['title_description']
紫的成语,['51388'],[],title_description,3,1,['51388'],3.0,"['52336', '51387', '51388']","[0.5269632339477539, 0.5214579105377197, 0.512627363204956]","['title_description', 'title_description', 'title_description']"
绿的四字成语,['51388'],[],title_description,1,0,[],,['52336'],[0.4764912724494934],['title_description']
绿的四字成语,['51388'],[],title_description,3,0,[],,"['52336', '51387', '51382']","[0.4764912724494934, 0.4756762981414795, 0.43193796277046204]","['title_description', 'title_description', 'title_description']"
网的成语,['51388'],[],title_description,1,0,[],,['52336'],[0.5520145297050476],['title_description']
网的成语,['51388'],[],title_description,3,0,[],,"['52336', '51387', '51382']","[0.5520145297050476, 0.5378435850143433, 0.5064289569854736]","['title_description', 'title_description', 'title_description']"
舞的成语,['51388'],[],title_description,1,0,[],,['52336'],[0.5206924676895142],['title_description']
舞的成语,['51388'],[],title_description,3,0,[],,"['52336', '51387', '52523']","[0.5206924676895142, 0.5120769739151001, 0.4723348617553711]","['title_description', 'title_description', 'title_description']"
花的成语,['51388'],[],title_description,1,0,[],,['51387'],[0.5061584711074829],['title_description']
花的成语,['51388'],[],title_description,3,0,[],,"['51387', '51379', '52336']","[0.5061584711074829, 0.5021332502365112, 0.5012649297714233]","['title_description', 'title_description', 'title_description']"
著什么什么什么成语,['51388'],[],title_description,1,0,[],,['51387'],[0.5494263172149658],['title_description']
著什么什么什么成语,['51388'],[],title_description,3,0,[],,"['51387', '52336', '51386']","[0.5494263172149658, 0.5429531931877136, 0.4908812642097473]","['title_description', 'title_description', 'title_description']"
虹的成语,['51388'],[],title_description,1,0,[],,['52336'],[0.5029790997505188],['title_description']
虹的成语,['51388'],[],title_description,3,1,['51388'],3.0,"['52336', '51387', '51388']","[0.5029790997505188, 0.4735521376132965, 0.44065773487091064]","['title_description', 'title_description', 'title_description']"
蛇的成语,['51388'],[],title_description,1,0,[],,['52336'],[0.49560627341270447],['title_description']
蛇的成语,['51388'],[],title_description,3,0,[],,"['52336', '51387', '51381']","[0.49560627341270447, 0.4560997188091278, 0.4341399073600769]","['title_description', 'title_description', 'title_description']"
表示专心学的四字词语,['51388'],[],title_description,1,0,[],,['51387'],[0.5151351094245911],['title_description']
表示专心学的四字词语,['51388'],[],title_description,3,0,[],,"['51387', '51386', '52336']","[0.5151351094245911, 0.5022616386413574, 0.49403828382492065]","['title_description', 'title_description', 'title_description']"
表示数量的词语,['51388'],[],title_description,1,0,[],,['51387'],[0.6846084594726562],['title_description']
表示数量的词语,['51388'],[],title_description,3,1,['51388'],3.0,"['51387', '51386', '51388']","[0.6846084594726562, 0.5972089767456055, 0.554635763168335]","['title_description', 'title_description', 'title_description']"
表示讨厌的四字词语有哪些,['51388'],[],title_description,1,0,[],,['51387'],[0.5137794017791748],['title_description']
表示讨厌的四字词语有哪些,['51388'],[],title_description,3,0,[],,"['51387', '51386', '52336']","[0.5137794017791748, 0.5042776465415955, 0.4857872426509857]","['title_description', 'title_description', 'title_description']"
讽刺表面光鲜亮丽的人成语,['51388'],[],title_description,1,0,[],,['52336'],[0.49907809495925903],['title_description']
讽刺表面光鲜亮丽的人成语,['51388'],[],title_description,3,0,[],,"['52336', '51387', '52523']","[0.49907809495925903, 0.44830626249313354, 0.4398166239261627]","['title_description', 'title_description', 'title_description']"
豪的成语,['51388'],[],title_description,1,0,[],,['52336'],[0.5360375046730042],['title_description']
豪的成语,['51388'],[],title_description,3,0,[],,"['52336', '51387', '51386']","[0.5360375046730042, 0.49705496430397034, 0.4614521265029907]","['title_description', 'title_description', 'title_description']"
贵字词语,['51388'],[],title_description,1,0,[],,['51387'],[0.5124757885932922],['title_description']
贵字词语,['51388'],[],title_description,3,0,[],,"['51387', '51386', '52336']","[0.5124757885932922, 0.5056643486022949, 0.4862173795700073]","['title_description', 'title_description', 'title_description']"
赞美的词语,['51388'],[],title_description,1,0,[],,['51387'],[0.5443103909492493],['title_description']
赞美的词语,['51388'],[],title_description,3,0,[],,"['51387', '51386', '52336']","[0.5443103909492493, 0.5356630086898804, 0.4835626482963562]","['title_description', 'title_description', 'title_description']"
赞美老师的成语,['51388'],[],title_description,1,0,[],,['52336'],[0.46476423740386963],['title_description']
赞美老师的成语,['51388'],[],title_description,3,0,[],,"['52336', '51387', '51386']","[0.46476423740386963, 0.4372568726539612, 0.4218420386314392]","['title_description', 'title_description', 'title_description']"
追开头的成语,['51388'],[],title_description,1,0,[],,['51379'],[0.582040548324585],['title_description']
追开头的成语,['51388'],[],title_description,3,0,[],,"['51379', '52336', '51382']","[0.582040548324585, 0.49229696393013, 0.4869866371154785]","['title_description', 'title_description', 'title_description']"
遮 成语,['51388'],[],title_description,1,0,[],,['52336'],[0.5707665681838989],['title_description']
遮 成语,['51388'],[],title_description,3,1,['51388'],3.0,"['52336', '52523', '51388']","[0.5707665681838989, 0.5064765214920044, 0.5037128925323486]","['title_description', 'title_description', 'title_description']"
野的成语,['51388'],[],title_description,1,0,[],,['51387'],[0.547503650188446],['title_description']
野的成语,['51388'],[],title_description,3,0,[],,"['51387', '52336', '51386']","[0.547503650188446, 0.5456385016441345, 0.510235607624054]","['title_description', 'title_description', 'title_description']"
金的成语,['51388'],[],title_description,1,0,[],,['52336'],[0.5179208517074585],['title_description']
金的成语,['51388'],[],title_description,3,0,[],,"['52336', '51387', '51590']","[0.5179208517074585, 0.5144408941268921, 0.48777252435684204]","['title_description', 'title_description', 'title_description']"
长打头的成语,['51388'],[],title_description,1,0,[],,['51387'],[0.5018981695175171],['title_description']
长打头的成语,['51388'],[],title_description,3,0,[],,"['51387', '51379', '52336']","[0.5018981695175171, 0.4981210231781006, 0.48389875888824463]","['title_description', 'title_description', 'title_description']"
霜什么什么什么,['51388'],[],title_description,1,0,[],,['51387'],[0.5239803791046143],['title_description']
霜什么什么什么,['51388'],[],title_description,3,0,[],,"['51387', '51379', '51386']","[0.5239803791046143, 0.5039141774177551, 0.4908468425273895]","['title_description', 'title_description', 'title_description']"
露开头的成语,['51388'],[],title_description,1,0,[],,['51379'],[0.5576181411743164],['title_description']
露开头的成语,['51388'],[],title_description,3,0,[],,"['51379', '52336', '52523']","[0.5576181411743164, 0.48657143115997314, 0.47914770245552063]","['title_description', 'title_description', 'title_description']"
颜色的abb词语,['51388'],[],title_description,1,0,[],,['51387'],[0.5666687488555908],['title_description']
颜色的abb词语,['51388'],[],title_description,3,1,['51388'],3.0,"['51387', '51386', '51388']","[0.5666687488555908, 0.515611469745636, 0.49204468727111816]","['title_description', 'title_description', 'title_description']"
风云组词,['51388'],[],title_description,1,0,[],,['51382'],[0.5502560138702393],['title_description']
风云组词,['51388'],[],title_description,3,1,['51388'],3.0,"['51382', '51381', '51388']","[0.5502560138702393, 0.5137969851493835, 0.5082933902740479]","['title_description', 'title_description', 'title_description']"
风结尾的成语,['51388'],[],title_description,1,0,[],,['51379'],[0.48807984590530396],['title_description']
风结尾的成语,['51388'],[],title_description,3,0,[],,"['51379', '51387', '52336']","[0.48807984590530396, 0.4814581274986267, 0.46423089504241943]","['title_description', 'title_description', 'title_description']"
飞的成语,['51388'],[],title_description,1,0,[],,['52336'],[0.5148606300354004],['title_description']
飞的成语,['51388'],[],title_description,3,0,[],,"['52336', '51379', '51387']","[0.5148606300354004, 0.5016379356384277, 0.49278584122657776]","['title_description', 'title_description', 'title_description']"
高什么亮什么四字词语,['51388'],[],title_description,1,0,[],,['51387'],[0.5130826234817505],['title_description']
高什么亮什么四字词语,['51388'],[],title_description,3,0,[],,"['51387', '51386', '52336']","[0.5130826234817505, 0.47833049297332764, 0.4617117643356323]","['title_description', 'title_description', 'title_description']"
默成语,['51388'],[],title_description,1,0,[],,['52336'],[0.6244610548019409],['title_description']
默成语,['51388'],[],title_description,3,1,['51388'],2.0,"['52336', '51388', '52523']","[0.6244610548019409, 0.5515515208244324, 0.5469364523887634]","['title_description', 'title_description', 'title_description']"
