query,gold_ids,missing_gold_ids,view,k,pass_at_k,hit_ids,first_hit_rank,recall_ids,recall_scores,recall_views
6画的字有哪些,['51382'],[],description,1,0,[],,['51381'],[0.5684266090393066],['description']
6画的字有哪些,['51382'],[],description,3,1,['51382'],2.0,"['51381', '51382', '51380']","[0.5684266090393066, 0.5666747093200684, 0.5380184650421143]","['description', 'description', 'description']"
an 怎么读,['51382'],[],description,1,0,[],,['51388'],[0.5566184520721436],['description']
an 怎么读,['51382'],[],description,3,0,[],,"['51388', '51381', '52524']","[0.5566184520721436, 0.5482001900672913, 0.5461791157722473]","['description', 'description', 'description']"
bian的拼音有哪些字,['51382'],[],description,1,0,[],,['51381'],[0.605099081993103],['description']
bian的拼音有哪些字,['51382'],[],description,3,1,['51382'],3.0,"['51381', '51388', '51382']","[0.605099081993103, 0.6047042012214661, 0.5841637849807739]","['description', 'description', 'description']"
chu的汉字,['51382'],[],description,1,0,[],,['51381'],[0.6350976228713989],['description']
chu的汉字,['51382'],[],description,3,1,['51382'],3.0,"['51381', '51388', '51382']","[0.6350976228713989, 0.5937376022338867, 0.5924288034439087]","['description', 'description', 'description']"
ge拼音的汉字,['51382'],[],description,1,0,[],,['51381'],[0.601152777671814],['description']
ge拼音的汉字,['51382'],[],description,3,1,['51382'],3.0,"['51381', '51388', '51382']","[0.601152777671814, 0.550472617149353, 0.5475651025772095]","['description', 'description', 'description']"
li tou拼音的汉字,['51382'],[],description,1,0,[],,['51381'],[0.6281721591949463],['description']
li tou拼音的汉字,['51382'],[],description,3,1,['51382'],2.0,"['51381', '51382', '51388']","[0.6281721591949463, 0.596060037612915, 0.5731840133666992]","['description', 'description', 'description']"
n的一二三四声调汉字,['51382'],[],description,1,0,[],,['51381'],[0.6245994567871094],['description']
n的一二三四声调汉字,['51382'],[],description,3,1,['51382'],2.0,"['51381', '51382', '51323']","[0.6245994567871094, 0.5965826511383057, 0.572262167930603]","['description', 'description', 'description']"
peng的汉字,['51382'],[],description,1,0,[],,['51388'],[0.6320657134056091],['description']
peng的汉字,['51382'],[],description,3,1,['51382'],3.0,"['51388', '51381', '51382']","[0.6320657134056091, 0.6316169500350952, 0.6062446236610413]","['description', 'description', 'description']"
yi的汉字,['51382'],[],description,1,0,[],,['51381'],[0.6385412216186523],['description']
yi的汉字,['51382'],[],description,3,1,['51382'],3.0,"['51381', '51388', '51382']","[0.6385412216186523, 0.6134874820709229, 0.595523476600647]","['description', 'description', 'description']"
yun的汉字有哪些,['51382'],[],description,1,0,[],,['51381'],[0.616989254951477],['description']
yun的汉字有哪些,['51382'],[],description,3,1,['51382'],2.0,"['51381', '51382', '51388']","[0.616989254951477, 0.5741791725158691, 0.5690517425537109]","['description', 'description', 'description']"
ài,['51382'],[],description,1,0,[],,['51388'],[0.6964805722236633],['description']
ài,['51382'],[],description,3,0,[],,"['51388', '51377', '51323']","[0.6964805722236633, 0.6856744885444641, 0.6558867692947388]","['description', 'description', 'description']"
一个今一个黑念什么,['51382'],[],description,1,0,[],,['51381'],[0.5372322797775269],['description']
一个今一个黑念什么,['51382'],[],description,3,1,['51382'],3.0,"['51381', '51388', '51382']","[0.5372322797775269, 0.5257104635238647, 0.5241994857788086]","['description', 'description', 'description']"
一个单人旁一个失念什么,['51382'],[],description,1,1,['51382'],1.0,['51382'],[0.5029895305633545],['description']
一个单人旁一个失念什么,['51382'],[],description,3,1,['51382'],1.0,"['51382', '51381', '51388']","[0.5029895305633545, 0.49333739280700684, 0.48501890897750854]","['description', 'description', 'description']"
一个单人旁是什么字,['51382'],[],description,1,1,['51382'],1.0,['51382'],[0.5390442609786987],['description']
一个单人旁是什么字,['51382'],[],description,3,1,['51382'],1.0,"['51382', '51381', '51388']","[0.5390442609786987, 0.5188102722167969, 0.5075311064720154]","['description', 'description', 'description']"
一个吉字一个页字念什么,['51382'],[],description,1,1,['51382'],1.0,['51382'],[0.5328332781791687],['description']
一个吉字一个页字念什么,['51382'],[],description,3,1,['51382'],1.0,"['51382', '51381', '51388']","[0.5328332781791687, 0.5273643732070923, 0.513999879360199]","['description', 'description', 'description']"
一个大一个力读什么,['51382'],[],description,1,1,['51382'],1.0,['51382'],[0.5301698446273804],['description']
一个大一个力读什么,['51382'],[],description,3,1,['51382'],1.0,"['51382', '51388', '51323']","[0.5301698446273804, 0.5117818713188171, 0.4993831217288971]","['description', 'description', 'description']"
一个宝盖头一个,['51382'],[],description,1,1,['51382'],1.0,['51382'],[0.505334734916687],['description']
一个宝盖头一个,['51382'],[],description,3,1,['51382'],1.0,"['51382', '51381', '51388']","[0.505334734916687, 0.4923257529735565, 0.47542431950569153]","['description', 'description', 'description']"
一个尸一个九念什么,['51382'],[],description,1,1,['51382'],1.0,['51382'],[0.4826950132846832],['description']
一个尸一个九念什么,['51382'],[],description,3,1,['51382'],1.0,"['51382', '51381', '51388']","[0.4826950132846832, 0.48076295852661133, 0.4759090542793274]","['description', 'description', 'description']"
一个山字一个乔字念什么,['51382'],[],description,1,1,['51382'],1.0,['51382'],[0.49101722240448],['description']
一个山字一个乔字念什么,['51382'],[],description,3,1,['51382'],1.0,"['51382', '51381', '51388']","[0.49101722240448, 0.4886246919631958, 0.45563116669654846]","['description', 'description', 'description']"
一个山已念什么,['51382'],[],description,1,0,[],,['51381'],[0.4908739924430847],['description']
一个山已念什么,['51382'],[],description,3,1,['51382'],2.0,"['51381', '51382', '51388']","[0.4908739924430847, 0.4854751527309418, 0.4582805037498474]","['description', 'description', 'description']"
一个巾一个隹,['51382'],[],description,1,1,['51382'],1.0,['51382'],[0.5427442193031311],['description']
一个巾一个隹,['51382'],[],description,3,1,['51382'],1.0,"['51382', '51381', '51388']","[0.5427442193031311, 0.5157612562179565, 0.5083829164505005]","['description', 'description', 'description']"
一个提手旁一个,['51382'],[],description,1,1,['51382'],1.0,['51382'],[0.53672194480896],['description']
一个提手旁一个,['51382'],[],description,3,1,['51382'],1.0,"['51382', '51381', '51380']","[0.53672194480896, 0.5091204643249512, 0.5029296278953552]","['description', 'description', 'description']"
一个日,['51382'],[],description,1,0,[],,['5601'],[0.5778157114982605],['description']
一个日,['51382'],[],description,3,0,[],,"['5601', '51323', '61111']","[0.5778157114982605, 0.5734931230545044, 0.5602935552597046]","['description', 'description', 'description']"
一个木字旁一个,['51382'],[],description,1,1,['51382'],1.0,['51382'],[0.5672221779823303],['description']
一个木字旁一个,['51382'],[],description,3,1,['51382'],1.0,"['51382', '51381', '51388']","[0.5672221779823303, 0.5496493577957153, 0.5403364300727844]","['description', 'description', 'description']"
一个火一个只念什么,['51382'],[],description,1,1,['51382'],1.0,['51382'],[0.519603431224823],['description']
一个火一个只念什么,['51382'],[],description,3,1,['51382'],1.0,"['51382', '51381', '51388']","[0.519603431224823, 0.5079869627952576, 0.5025649070739746]","['description', 'description', 'description']"
一个王一个是读什么,['51382'],[],description,1,1,['51382'],1.0,['51382'],[0.49748754501342773],['description']
一个王一个是读什么,['51382'],[],description,3,1,['51382'],1.0,"['51382', '51388', '51381']","[0.49748754501342773, 0.4943583905696869, 0.48559194803237915]","['description', 'description', 'description']"
一个目一个敢念什么,['51382'],[],description,1,0,[],,['51381'],[0.46466463804244995],['description']
一个目一个敢念什么,['51382'],[],description,3,1,['51382'],2.0,"['51381', '51382', '51388']","[0.46466463804244995, 0.4644851088523865, 0.45430654287338257]","['description', 'description', 'description']"
一个竹字头下面这个单字念什么,['51382'],[],description,1,1,['51382'],1.0,['51382'],[0.5105562806129456],['description']
一个竹字头下面这个单字念什么,['51382'],[],description,3,1,['51382'],1.0,"['51382', '51381', '51388']","[0.5105562806129456, 0.490270733833313, 0.4847111701965332]","['description', 'description', 'description']"
一个肖一个立刀旁怎么读,['51382'],[],description,1,1,['51382'],1.0,['51382'],[0.48327016830444336],['description']
一个肖一个立刀旁怎么读,['51382'],[],description,3,1,['51382'],1.0,"['51382', '51380', '51381']","[0.48327016830444336, 0.46047571301460266, 0.4550003707408905]","['description', 'description', 'description']"
一个西一个木念什么,['51382'],[],description,1,1,['51382'],1.0,['51382'],[0.5077622532844543],['description']
一个西一个木念什么,['51382'],[],description,3,1,['51382'],1.0,"['51382', '51388', '51381']","[0.5077622532844543, 0.507593035697937, 0.5008007287979126]","['description', 'description', 'description']"
一个足就念什么,['51382'],[],description,1,1,['51382'],1.0,['51382'],[0.531690776348114],['description']
一个足就念什么,['51382'],[],description,3,1,['51382'],1.0,"['51382', '51388', '51381']","[0.531690776348114, 0.5112364888191223, 0.5103293061256409]","['description', 'description', 'description']"
一个金字旁一个贝念什么,['51382'],[],description,1,0,[],,['51388'],[0.4732707440853119],['description']
一个金字旁一个贝念什么,['51382'],[],description,3,1,['51382'],3.0,"['51388', '51381', '51382']","[0.4732707440853119, 0.46488726139068604, 0.4489346146583557]","['description', 'description', 'description']"
一个门一个虫念什么,['51382'],[],description,1,0,[],,['51388'],[0.5060563087463379],['description']
一个门一个虫念什么,['51382'],[],description,3,0,[],,"['51388', '52523', '51381']","[0.5060563087463379, 0.5048333406448364, 0.5020264387130737]","['description', 'description', 'description']"
一个骨一个各读什么,['51382'],[],description,1,1,['51382'],1.0,['51382'],[0.5104795694351196],['description']
一个骨一个各读什么,['51382'],[],description,3,1,['51382'],1.0,"['51382', '51381', '51380']","[0.5104795694351196, 0.49167513847351074, 0.46667829155921936]","['description', 'description', 'description']"
三个土字念什么,['51382'],[],description,1,0,[],,['51381'],[0.507784903049469],['description']
三个土字念什么,['51382'],[],description,3,1,['51382'],2.0,"['51381', '51382', '51388']","[0.507784903049469, 0.5006744861602783, 0.46960440278053284]","['description', 'description', 'description']"
三撇的字有哪些,['51382'],[],description,1,1,['51382'],1.0,['51382'],[0.5672308206558228],['description']
三撇的字有哪些,['51382'],[],description,3,1,['51382'],1.0,"['51382', '51381', '51388']","[0.5672308206558228, 0.5408772230148315, 0.5119905471801758]","['description', 'description', 'description']"
三滴水加完怎么念,['51382'],[],description,1,1,['51382'],1.0,['51382'],[0.4973655343055725],['description']
三滴水加完怎么念,['51382'],[],description,3,1,['51382'],1.0,"['51382', '51388', '51381']","[0.4973655343055725, 0.47337523102760315, 0.4700195789337158]","['description', 'description', 'description']"
三点水一个屯怎么读,['51382'],[],description,1,1,['51382'],1.0,['51382'],[0.5248367190361023],['description']
三点水一个屯怎么读,['51382'],[],description,3,1,['51382'],1.0,"['51382', '51381', '51388']","[0.5248367190361023, 0.5108026266098022, 0.47398513555526733]","['description', 'description', 'description']"
三点水加完怎么读,['51382'],[],description,1,1,['51382'],1.0,['51382'],[0.5519077777862549],['description']
三点水加完怎么读,['51382'],[],description,3,1,['51382'],1.0,"['51382', '51381', '51388']","[0.5519077777862549, 0.5134328007698059, 0.49976634979248047]","['description', 'description', 'description']"
三点水加昆字念什么,['51382'],[],description,1,0,[],,['51381'],[0.5174974203109741],['description']
三点水加昆字念什么,['51382'],[],description,3,1,['51382'],2.0,"['51381', '51382', '51388']","[0.5174974203109741, 0.5172973871231079, 0.4871894121170044]","['description', 'description', 'description']"
三点水有念什么,['51382'],[],description,1,1,['51382'],1.0,['51382'],[0.5108636617660522],['description']
三点水有念什么,['51382'],[],description,3,1,['51382'],1.0,"['51382', '51381', '51388']","[0.5108636617660522, 0.4961363673210144, 0.4682488441467285]","['description', 'description', 'description']"
三点水那个字,['51382'],[],description,1,1,['51382'],1.0,['51382'],[0.5458042621612549],['description']
三点水那个字,['51382'],[],description,3,1,['51382'],1.0,"['51382', '51381', '51388']","[0.5458042621612549, 0.5245031714439392, 0.5034351944923401]","['description', 'description', 'description']"
上面一个处下面一个日读什么,['51382'],[],description,1,1,['51382'],1.0,['51382'],[0.4816439151763916],['description']
上面一个处下面一个日读什么,['51382'],[],description,3,1,['51382'],1.0,"['51382', '51388', '51381']","[0.4816439151763916, 0.47156840562820435, 0.46658557653427124]","['description', 'description', 'description']"
上面一个矛一个反文旁下面一个鸟,['51382'],[],description,1,1,['51382'],1.0,['51382'],[0.5344104766845703],['description']
上面一个矛一个反文旁下面一个鸟,['51382'],[],description,3,1,['51382'],1.0,"['51382', '51388', '51381']","[0.5344104766845703, 0.51214200258255, 0.4998069107532501]","['description', 'description', 'description']"
上面一个羽下面一个隹,['51382'],[],description,1,1,['51382'],1.0,['51382'],[0.5561827421188354],['description']
上面一个羽下面一个隹,['51382'],[],description,3,1,['51382'],1.0,"['51382', '51388', '51381']","[0.5561827421188354, 0.5476557612419128, 0.5472631454467773]","['description', 'description', 'description']"
上面宝盖头下面石头的石是什么字,['51382'],[],description,1,1,['51382'],1.0,['51382'],[0.5091694593429565],['description']
上面宝盖头下面石头的石是什么字,['51382'],[],description,3,1,['51382'],1.0,"['51382', '51381', '51380']","[0.5091694593429565, 0.48432350158691406, 0.4645237922668457]","['description', 'description', 'description']"
不下面一个一念什么,['51382'],[],description,1,1,['51382'],1.0,['51382'],[0.5477988123893738],['description']
不下面一个一念什么,['51382'],[],description,3,1,['51382'],1.0,"['51382', '51381', '51388']","[0.5477988123893738, 0.5418525338172913, 0.5304888486862183]","['description', 'description', 'description']"
不皿是什么字,['51382'],[],description,1,0,[],,['51381'],[0.5345613956451416],['description']
不皿是什么字,['51382'],[],description,3,1,['51382'],3.0,"['51381', '51388', '51382']","[0.5345613956451416, 0.5319712162017822, 0.5238351821899414]","['description', 'description', 'description']"
世界上最难的字,['51382'],[],description,1,1,['51382'],1.0,['51382'],[0.5355521440505981],['description']
世界上最难的字,['51382'],[],description,3,1,['51382'],1.0,"['51382', '51381', '51388']","[0.5355521440505981, 0.5311300754547119, 0.5212597846984863]","['description', 'description', 'description']"
之同音字,['51382'],[],description,1,0,[],,['51381'],[0.8074684143066406],['description']
之同音字,['51382'],[],description,3,1,['51382'],2.0,"['51381', '51382', '51388']","[0.8074684143066406, 0.6790506839752197, 0.67756187915802]","['description', 'description', 'description']"
也在土后面是什么字,['51382'],[],description,1,1,['51382'],1.0,['51382'],[0.5473358631134033],['description']
也在土后面是什么字,['51382'],[],description,3,1,['51382'],1.0,"['51382', '51381', '51380']","[0.5473358631134033, 0.5399580001831055, 0.5150266885757446]","['description', 'description', 'description']"
了口是什么字,['51382'],[],description,1,0,[],,['51381'],[0.5237342119216919],['description']
了口是什么字,['51382'],[],description,3,1,['51382'],2.0,"['51381', '51382', '51388']","[0.5237342119216919, 0.5145247578620911, 0.5125989317893982]","['description', 'description', 'description']"
二声的bin,['51382'],[],description,1,0,[],,['51388'],[0.572325587272644],['description']
二声的bin,['51382'],[],description,3,1,['51382'],3.0,"['51388', '51381', '51382']","[0.572325587272644, 0.5433875918388367, 0.5316633582115173]","['description', 'description', 'description']"
于加,['51382'],[],description,1,0,[],,['51377'],[0.5571631193161011],['description']
于加,['51382'],[],description,3,0,[],,"['51377', '51323', '51388']","[0.5571631193161011, 0.5297441482543945, 0.5112375020980835]","['description', 'description', 'description']"
五行属水的字,['51382'],[],description,1,0,[],,['51381'],[0.5642406940460205],['description']
五行属水的字,['51382'],[],description,3,1,['51382'],2.0,"['51381', '51382', '51380']","[0.5642406940460205, 0.5292378664016724, 0.5180355310440063]","['description', 'description', 'description']"
党字头下面黄字念什么,['51382'],[],description,1,1,['51382'],1.0,['51382'],[0.5472285151481628],['description']
党字头下面黄字念什么,['51382'],[],description,3,1,['51382'],1.0,"['51382', '51381', '51388']","[0.5472285151481628, 0.5466053485870361, 0.5239455103874207]","['description', 'description', 'description']"
加一个走之旁念什么,['51382'],[],description,1,1,['51382'],1.0,['51382'],[0.5140466094017029],['description']
加一个走之旁念什么,['51382'],[],description,3,1,['51382'],1.0,"['51382', '51381', '51388']","[0.5140466094017029, 0.4852396845817566, 0.4800078868865967]","['description', 'description', 'description']"
十二画字有哪些,['51382'],[],description,1,1,['51382'],1.0,['51382'],[0.5875113010406494],['description']
十二画字有哪些,['51382'],[],description,3,1,['51382'],1.0,"['51382', '51381', '51323']","[0.5875113010406494, 0.5750423073768616, 0.5637320280075073]","['description', 'description', 'description']"
单人旁加个同读什么,['51382'],[],description,1,0,[],,['51381'],[0.5840167999267578],['description']
单人旁加个同读什么,['51382'],[],description,3,1,['51382'],2.0,"['51381', '51382', '51388']","[0.5840167999267578, 0.5258970856666565, 0.485975056886673]","['description', 'description', 'description']"
占加偏旁组成新字,['51382'],[],description,1,1,['51382'],1.0,['51382'],[0.5563749074935913],['description']
占加偏旁组成新字,['51382'],[],description,3,1,['51382'],1.0,"['51382', '51381', '51380']","[0.5563749074935913, 0.5178198218345642, 0.5008870363235474]","['description', 'description', 'description']"
反字旁的字,['51382'],[],description,1,1,['51382'],1.0,['51382'],[0.6018524765968323],['description']
反字旁的字,['51382'],[],description,3,1,['51382'],1.0,"['51382', '51388', '51381']","[0.6018524765968323, 0.5571198463439941, 0.5565176010131836]","['description', 'description', 'description']"
反犬旁加一个犬字念什么,['51382'],[],description,1,1,['51382'],1.0,['51382'],[0.5005010366439819],['description']
反犬旁加一个犬字念什么,['51382'],[],description,3,1,['51382'],1.0,"['51382', '51388', '51381']","[0.5005010366439819, 0.4988688826560974, 0.4788955748081207]","['description', 'description', 'description']"
呈耳刀念什么,['51382'],[],description,1,0,[],,['51388'],[0.5007206201553345],['description']
呈耳刀念什么,['51382'],[],description,3,1,['51382'],3.0,"['51388', '51381', '51382']","[0.5007206201553345, 0.4952601194381714, 0.4931674599647522]","['description', 'description', 'description']"
呈耳朵旁是什么字,['51382'],[],description,1,0,[],,['51381'],[0.530072808265686],['description']
呈耳朵旁是什么字,['51382'],[],description,3,1,['51382'],3.0,"['51381', '51388', '51382']","[0.530072808265686, 0.5216042995452881, 0.5160151124000549]","['description', 'description', 'description']"
告字加耳刀念什么,['51382'],[],description,1,0,[],,['51381'],[0.5117123126983643],['description']
告字加耳刀念什么,['51382'],[],description,3,1,['51382'],2.0,"['51381', '51382', '51388']","[0.5117123126983643, 0.5101299285888672, 0.5041436553001404]","['description', 'description', 'description']"
噎同音字,['51382'],[],description,1,0,[],,['51381'],[0.6108872890472412],['description']
噎同音字,['51382'],[],description,3,1,['51382'],3.0,"['51381', '51388', '51382']","[0.6108872890472412, 0.5355330109596252, 0.5331767797470093]","['description', 'description', 'description']"
四个又念什么字,['51382'],[],description,1,1,['51382'],1.0,['51382'],[0.5783054232597351],['description']
四个又念什么字,['51382'],[],description,3,1,['51382'],1.0,"['51382', '51381', '51388']","[0.5783054232597351, 0.5759505033493042, 0.5649508833885193]","['description', 'description', 'description']"
土亏加起来是什么字,['51382'],[],description,1,1,['51382'],1.0,['51382'],[0.5065468549728394],['description']
土亏加起来是什么字,['51382'],[],description,3,1,['51382'],1.0,"['51382', '51381', '51388']","[0.5065468549728394, 0.4958467483520508, 0.4875491261482239]","['description', 'description', 'description']"
夸瓜合起来念什么,['51382'],[],description,1,0,[],,['51388'],[0.5033960938453674],['description']
夸瓜合起来念什么,['51382'],[],description,3,1,['51382'],2.0,"['51388', '51382', '51381']","[0.5033960938453674, 0.49288010597229004, 0.4879992604255676]","['description', 'description', 'description']"
女字旁加是念什么,['51382'],[],description,1,0,[],,['51381'],[0.496869295835495],['description']
女字旁加是念什么,['51382'],[],description,3,1,['51382'],2.0,"['51381', '51382', '51388']","[0.496869295835495, 0.4956885576248169, 0.4782198965549469]","['description', 'description', 'description']"
女字旁加臣念什么字,['51382'],[],description,1,0,[],,['51381'],[0.5300592184066772],['description']
女字旁加臣念什么字,['51382'],[],description,3,1,['51382'],2.0,"['51381', '51382', '51380']","[0.5300592184066772, 0.5245891809463501, 0.5123276710510254]","['description', 'description', 'description']"
妹和妺的读音区别,['51382'],[],description,1,0,[],,['51388'],[0.5042675137519836],['description']
妹和妺的读音区别,['51382'],[],description,3,1,['51382'],3.0,"['51388', '51381', '51382']","[0.5042675137519836, 0.5007809400558472, 0.4992830753326416]","['description', 'description', 'description']"
子下面一个心读什么,['51382'],[],description,1,0,[],,['51381'],[0.4931148290634155],['description']
子下面一个心读什么,['51382'],[],description,3,1,['51382'],3.0,"['51381', '51388', '51382']","[0.4931148290634155, 0.4901406764984131, 0.4852612614631653]","['description', 'description', 'description']"
字旁的字有哪些,['51382'],[],description,1,0,[],,['51381'],[0.6279252171516418],['description']
字旁的字有哪些,['51382'],[],description,3,1,['51382'],2.0,"['51381', '51382', '51380']","[0.6279252171516418, 0.6266515851020813, 0.5870132446289062]","['description', 'description', 'description']"
就加鸟念什么,['51382'],[],description,1,1,['51382'],1.0,['51382'],[0.48531198501586914],['description']
就加鸟念什么,['51382'],[],description,3,1,['51382'],1.0,"['51382', '51388', '51381']","[0.48531198501586914, 0.48324382305145264, 0.4820944666862488]","['description', 'description', 'description']"
属金的字有哪些,['51382'],[],description,1,0,[],,['51381'],[0.5737863779067993],['description']
属金的字有哪些,['51382'],[],description,3,1,['51382'],3.0,"['51381', '51590', '51382']","[0.5737863779067993, 0.541344940662384, 0.5228767991065979]","['description', 'description', 'description']"
山下面有个今怎么读,['51382'],[],description,1,0,[],,['51381'],[0.48611581325531006],['description']
山下面有个今怎么读,['51382'],[],description,3,1,['51382'],2.0,"['51381', '51382', '52524']","[0.48611581325531006, 0.4822366535663605, 0.48009905219078064]","['description', 'description', 'description']"
山加我读什么字,['51382'],[],description,1,1,['51382'],1.0,['51382'],[0.48880109190940857],['description']
山加我读什么字,['51382'],[],description,3,1,['51382'],1.0,"['51382', '51381', '51388']","[0.48880109190940857, 0.48491835594177246, 0.4602028727531433]","['description', 'description', 'description']"
山豆页念什么,['51382'],[],description,1,0,[],,['51388'],[0.4690844714641571],['description']
山豆页念什么,['51382'],[],description,3,1,['51382'],3.0,"['51388', '51381', '51382']","[0.4690844714641571, 0.4628702402114868, 0.4563555419445038]","['description', 'description', 'description']"
左虫右卑念什么,['51382'],[],description,1,0,[],,['51388'],[0.5273206830024719],['description']
左虫右卑念什么,['51382'],[],description,3,1,['51382'],2.0,"['51388', '51382', '51381']","[0.5273206830024719, 0.5167385339736938, 0.5021779537200928]","['description', 'description', 'description']"
已加一笔是什么字,['51382'],[],description,1,1,['51382'],1.0,['51382'],[0.5623177886009216],['description']
已加一笔是什么字,['51382'],[],description,3,1,['51382'],1.0,"['51382', '51381', '51388']","[0.5623177886009216, 0.5456262826919556, 0.5373324155807495]","['description', 'description', 'description']"
带王的字,['51382'],[],description,1,0,[],,['51381'],[0.5602010488510132],['description']
带王的字,['51382'],[],description,3,1,['51382'],2.0,"['51381', '51382', '51388']","[0.5602010488510132, 0.5520365238189697, 0.5271036624908447]","['description', 'description', 'description']"
弓加山加又字念什么,['51382'],[],description,1,1,['51382'],1.0,['51382'],[0.4894747734069824],['description']
弓加山加又字念什么,['51382'],[],description,3,1,['51382'],1.0,"['51382', '51381', '51388']","[0.4894747734069824, 0.4714414179325104, 0.4553416967391968]","['description', 'description', 'description']"
弓肖,['51382'],[],description,1,0,[],,['51388'],[0.5230557322502136],['description']
弓肖,['51382'],[],description,3,0,[],,"['51388', '51381', '51377']","[0.5230557322502136, 0.5189542770385742, 0.5094541311264038]","['description', 'description', 'description']"
心字旁的字,['51382'],[],description,1,0,[],,['51381'],[0.5590134859085083],['description']
心字旁的字,['51382'],[],description,3,1,['51382'],2.0,"['51381', '51382', '51380']","[0.5590134859085083, 0.5440735816955566, 0.524612307548523]","['description', 'description', 'description']"
拼音pu,['51382'],[],description,1,0,[],,['51388'],[0.7016152143478394],['description']
拼音pu,['51382'],[],description,3,0,[],,"['51388', '51381', '51377']","[0.7016152143478394, 0.6899844408035278, 0.6523988246917725]","['description', 'description', 'description']"
提手旁一个句怎么读,['51382'],[],description,1,1,['51382'],1.0,['51382'],[0.5044765472412109],['description']
提手旁一个句怎么读,['51382'],[],description,3,1,['51382'],1.0,"['51382', '51381', '51388']","[0.5044765472412109, 0.4684397280216217, 0.46805596351623535]","['description', 'description', 'description']"
提手旁加旁念什么,['51382'],[],description,1,1,['51382'],1.0,['51382'],[0.5032613277435303],['description']
提手旁加旁念什么,['51382'],[],description,3,1,['51382'],1.0,"['51382', '51381', '51380']","[0.5032613277435303, 0.4722582697868347, 0.4598369002342224]","['description', 'description', 'description']"
提手旁的有哪些字,['51382'],[],description,1,1,['51382'],1.0,['51382'],[0.5812944173812866],['description']
提手旁的有哪些字,['51382'],[],description,3,1,['51382'],1.0,"['51382', '51381', '51380']","[0.5812944173812866, 0.5626649856567383, 0.5227837562561035]","['description', 'description', 'description']"
日出的拼音,['51382'],[],description,1,0,[],,['51388'],[0.5098667144775391],['description']
日出的拼音,['51382'],[],description,3,1,['51382'],3.0,"['51388', '51381', '51382']","[0.5098667144775391, 0.4995744228363037, 0.4746722877025604]","['description', 'description', 'description']"
日加立念什么字,['51382'],[],description,1,0,[],,['51388'],[0.4992970824241638],['description']
日加立念什么字,['51382'],[],description,3,1,['51382'],2.0,"['51388', '51382', '51381']","[0.4992970824241638, 0.49702978134155273, 0.49629271030426025]","['description', 'description', 'description']"
日字旁有什么字,['51382'],[],description,1,1,['51382'],1.0,['51382'],[0.5472668409347534],['description']
日字旁有什么字,['51382'],[],description,3,1,['51382'],1.0,"['51382', '51381', '51380']","[0.5472668409347534, 0.5424127578735352, 0.5266299247741699]","['description', 'description', 'description']"
月加完念什么,['51382'],[],description,1,0,[],,['51323'],[0.5121203064918518],['description']
月加完念什么,['51382'],[],description,3,1,['51382'],2.0,"['51323', '51382', '51388']","[0.5121203064918518, 0.49094152450561523, 0.4853214621543884]","['description', 'description', 'description']"
月加并,['51382'],[],description,1,0,[],,['51323'],[0.5825004577636719],['description']
月加并,['51382'],[],description,3,0,[],,"['51323', '62497', '61111']","[0.5825004577636719, 0.5749791264533997, 0.5695434212684631]","['description', 'description', 'description']"
月国怎么读,['51382'],[],description,1,0,[],,['51323'],[0.46572697162628174],['description']
月国怎么读,['51382'],[],description,3,0,[],,"['51323', '51381', '51388']","[0.46572697162628174, 0.4584876000881195, 0.45589300990104675]","['description', 'description', 'description']"
月米读什么,['51382'],[],description,1,0,[],,['51388'],[0.5378819704055786],['description']
月米读什么,['51382'],[],description,3,1,['51382'],3.0,"['51388', '51381', '51382']","[0.5378819704055786, 0.5300941467285156, 0.517263650894165]","['description', 'description', 'description']"
木或读什么,['51382'],[],description,1,1,['51382'],1.0,['51382'],[0.54573655128479],['description']
木或读什么,['51382'],[],description,3,1,['51382'],1.0,"['51382', '51381', '51388']","[0.54573655128479, 0.530339777469635, 0.5286504626274109]","['description', 'description', 'description']"
木石,['51382'],[],description,1,0,[],,['51377'],[0.5691319704055786],['description']
木石,['51382'],[],description,3,0,[],,"['51377', '51388', '51323']","[0.5691319704055786, 0.5659202337265015, 0.5519160032272339]","['description', 'description', 'description']"
来贝念什么,['51382'],[],description,1,0,[],,['51388'],[0.5426729917526245],['description']
来贝念什么,['51382'],[],description,3,1,['51382'],3.0,"['51388', '51381', '51382']","[0.5426729917526245, 0.5357648134231567, 0.5067092180252075]","['description', 'description', 'description']"
火字旁的字有哪些,['51382'],[],description,1,1,['51382'],1.0,['51382'],[0.5558287501335144],['description']
火字旁的字有哪些,['51382'],[],description,3,1,['51382'],1.0,"['51382', '51381', '51380']","[0.5558287501335144, 0.5552029609680176, 0.5105025172233582]","['description', 'description', 'description']"
王加是什么字,['51382'],[],description,1,1,['51382'],1.0,['51382'],[0.49088478088378906],['description']
王加是什么字,['51382'],[],description,3,1,['51382'],1.0,"['51382', '51388', '51381']","[0.49088478088378906, 0.4868353009223938, 0.48236873745918274]","['description', 'description', 'description']"
石肖念什么,['51382'],[],description,1,0,[],,['51381'],[0.5045216083526611],['description']
石肖念什么,['51382'],[],description,3,1,['51382'],3.0,"['51381', '51388', '51382']","[0.5045216083526611, 0.49503815174102783, 0.4889993965625763]","['description', 'description', 'description']"
穴宝盖加音,['51382'],[],description,1,0,[],,['51381'],[0.5093648433685303],['description']
穴宝盖加音,['51382'],[],description,3,1,['51382'],3.0,"['51381', '51388', '51382']","[0.5093648433685303, 0.4936922788619995, 0.49198293685913086]","['description', 'description', 'description']"
竖心旁加音念什么,['51382'],[],description,1,0,[],,['51381'],[0.5118621587753296],['description']
竖心旁加音念什么,['51382'],[],description,3,1,['51382'],3.0,"['51381', '51388', '51382']","[0.5118621587753296, 0.5092841386795044, 0.5092471837997437]","['description', 'description', 'description']"
竹字头一个马字念什么,['51382'],[],description,1,1,['51382'],1.0,['51382'],[0.5102260112762451],['description']
竹字头一个马字念什么,['51382'],[],description,3,1,['51382'],1.0,"['51382', '51381', '51388']","[0.5102260112762451, 0.4999840259552002, 0.4927738606929779]","['description', 'description', 'description']"
竹字头下面一个虎念什么,['51382'],[],description,1,0,[],,['51381'],[0.5281516313552856],['description']
竹字头下面一个虎念什么,['51382'],[],description,3,1,['51382'],2.0,"['51381', '51382', '51388']","[0.5281516313552856, 0.5177130699157715, 0.5111862421035767]","['description', 'description', 'description']"
竹字头者,['51382'],[],description,1,1,['51382'],1.0,['51382'],[0.583096981048584],['description']
竹字头者,['51382'],[],description,3,1,['51382'],1.0,"['51382', '51381', '51388']","[0.583096981048584, 0.5820801258087158, 0.5530962944030762]","['description', 'description', 'description']"
米字旁的字,['51382'],[],description,1,1,['51382'],1.0,['51382'],[0.5581398010253906],['description']
米字旁的字,['51382'],[],description,3,1,['51382'],1.0,"['51382', '51381', '51388']","[0.5581398010253906, 0.5527334809303284, 0.5345045924186707]","['description', 'description', 'description']"
绞丝旁加个,['51382'],[],description,1,1,['51382'],1.0,['51382'],[0.5384730100631714],['description']
绞丝旁加个,['51382'],[],description,3,1,['51382'],1.0,"['51382', '51381', '51388']","[0.5384730100631714, 0.5189388990402222, 0.5018529295921326]","['description', 'description', 'description']"
羧同音字,['51382'],[],description,1,0,[],,['51381'],[0.6546674966812134],['description']
羧同音字,['51382'],[],description,3,1,['51382'],3.0,"['51381', '51388', '51382']","[0.6546674966812134, 0.5690256357192993, 0.5561995506286621]","['description', 'description', 'description']"
羽加中念什么,['51382'],[],description,1,0,[],,['51381'],[0.5118539333343506],['description']
羽加中念什么,['51382'],[],description,3,1,['51382'],3.0,"['51381', '51388', '51382']","[0.5118539333343506, 0.5047191381454468, 0.49947983026504517]","['description', 'description', 'description']"
草字头下面一个的读什么,['51382'],[],description,1,1,['51382'],1.0,['51382'],[0.49060600996017456],['description']
草字头下面一个的读什么,['51382'],[],description,3,1,['51382'],1.0,"['51382', '51388', '51381']","[0.49060600996017456, 0.4843830168247223, 0.4819486141204834]","['description', 'description', 'description']"
草字头下面高念什么,['51382'],[],description,1,0,[],,['51381'],[0.499696284532547],['description']
草字头下面高念什么,['51382'],[],description,3,1,['51382'],2.0,"['51381', '51382', '51388']","[0.499696284532547, 0.4935765266418457, 0.46805787086486816]","['description', 'description', 'description']"
草字头加,['51382'],[],description,1,1,['51382'],1.0,['51382'],[0.5252760648727417],['description']
草字头加,['51382'],[],description,3,1,['51382'],1.0,"['51382', '51381', '51388']","[0.5252760648727417, 0.5033186674118042, 0.4913949966430664]","['description', 'description', 'description']"
草字头加丙念什么,['51382'],[],description,1,1,['51382'],1.0,['51382'],[0.47968465089797974],['description']
草字头加丙念什么,['51382'],[],description,3,1,['51382'],1.0,"['51382', '51388', '51381']","[0.47968465089797974, 0.47288843989372253, 0.47230982780456543]","['description', 'description', 'description']"
草字头加焉,['51382'],[],description,1,1,['51382'],1.0,['51382'],[0.4846610426902771],['description']
草字头加焉,['51382'],[],description,3,1,['51382'],1.0,"['51382', '51381', '51388']","[0.4846610426902771, 0.463447630405426, 0.4556165337562561]","['description', 'description', 'description']"
草字头我念什么,['51382'],[],description,1,0,[],,['51381'],[0.5262061357498169],['description']
草字头我念什么,['51382'],[],description,3,1,['51382'],2.0,"['51381', '51382', '51388']","[0.5262061357498169, 0.5247635841369629, 0.4995114803314209]","['description', 'description', 'description']"
莫的同音字,['51382'],[],description,1,0,[],,['51381'],[0.6072759628295898],['description']
莫的同音字,['51382'],[],description,3,1,['51382'],2.0,"['51381', '51382', '51388']","[0.6072759628295898, 0.5377233028411865, 0.5237151980400085]","['description', 'description', 'description']"
衣字旁者,['51382'],[],description,1,0,[],,['51381'],[0.5585713386535645],['description']
衣字旁者,['51382'],[],description,3,1,['51382'],2.0,"['51381', '51382', '51388']","[0.5585713386535645, 0.5419263243675232, 0.5340273976325989]","['description', 'description', 'description']"
衣补旁,['51382'],[],description,1,1,['51382'],1.0,['51382'],[0.4948539435863495],['description']
衣补旁,['51382'],[],description,3,1,['51382'],1.0,"['51382', '51388', '51381']","[0.4948539435863495, 0.4925323724746704, 0.48989641666412354]","['description', 'description', 'description']"
言字旁加个先,['51382'],[],description,1,1,['51382'],1.0,['51382'],[0.5427471995353699],['description']
言字旁加个先,['51382'],[],description,3,1,['51382'],1.0,"['51382', '51381', '51388']","[0.5427471995353699, 0.529103696346283, 0.5149808526039124]","['description', 'description', 'description']"
言字旁加音念什么,['51382'],[],description,1,0,[],,['51381'],[0.5863094925880432],['description']
言字旁加音念什么,['51382'],[],description,3,1,['51382'],2.0,"['51381', '51382', '51388']","[0.5863094925880432, 0.578697144985199, 0.5498386025428772]","['description', 'description', 'description']"
讠字旁的字,['51382'],[],description,1,0,[],,['51381'],[0.5731459856033325],['description']
讠字旁的字,['51382'],[],description,3,1,['51382'],2.0,"['51381', '51382', '51388']","[0.5731459856033325, 0.5498849153518677, 0.5344386100769043]","['description', 'description', 'description']"
走之字底的字,['51382'],[],description,1,1,['51382'],1.0,['51382'],[0.5165911912918091],['description']
走之字底的字,['51382'],[],description,3,1,['51382'],1.0,"['51382', '51381', '51380']","[0.5165911912918091, 0.4987383484840393, 0.49379533529281616]","['description', 'description', 'description']"
酉加是怎么读,['51382'],[],description,1,0,[],,['51381'],[0.5066410303115845],['description']
酉加是怎么读,['51382'],[],description,3,1,['51382'],3.0,"['51381', '51388', '51382']","[0.5066410303115845, 0.4954511225223541, 0.49321165680885315]","['description', 'description', 'description']"
金字旁了,['51382'],[],description,1,0,[],,['51381'],[0.5873513221740723],['description']
金字旁了,['51382'],[],description,3,1,['51382'],2.0,"['51381', '51382', '51388']","[0.5873513221740723, 0.5868016481399536, 0.5616912245750427]","['description', 'description', 'description']"
金字旁加一个高念什么,['51382'],[],description,1,0,[],,['51381'],[0.5199942588806152],['description']
金字旁加一个高念什么,['51382'],[],description,3,1,['51382'],2.0,"['51381', '51382', '51388']","[0.5199942588806152, 0.5086710453033447, 0.48682790994644165]","['description', 'description', 'description']"
金字旁来读什么,['51382'],[],description,1,1,['51382'],1.0,['51382'],[0.5480995774269104],['description']
金字旁来读什么,['51382'],[],description,3,1,['51382'],1.0,"['51382', '51381', '51388']","[0.5480995774269104, 0.5444024801254272, 0.5241808891296387]","['description', 'description', 'description']"
钅字旁加个,['51382'],[],description,1,0,[],,['51381'],[0.5213550925254822],['description']
钅字旁加个,['51382'],[],description,3,1,['51382'],3.0,"['51381', '51388', '51382']","[0.5213550925254822, 0.49700459837913513, 0.494263619184494]","['description', 'description', 'description']"
闲的同音字有哪些,['51382'],[],description,1,0,[],,['51381'],[0.6807868480682373],['description']
闲的同音字有哪些,['51382'],[],description,3,1,['51382'],3.0,"['51381', '51388', '51382']","[0.6807868480682373, 0.5863476395606995, 0.5850938558578491]","['description', 'description', 'description']"
雀同音字,['51382'],[],description,1,0,[],,['51381'],[0.6295443773269653],['description']
雀同音字,['51382'],[],description,3,1,['51382'],3.0,"['51381', '51388', '51382']","[0.6295443773269653, 0.5554441213607788, 0.5458962917327881]","['description', 'description', 'description']"
食字旁加虫是什么字,['51382'],[],description,1,0,[],,['51388'],[0.5312165021896362],['description']
食字旁加虫是什么字,['51382'],[],description,3,1,['51382'],3.0,"['51388', '51381', '51382']","[0.5312165021896362, 0.5255447626113892, 0.5181156396865845]","['description', 'description', 'description']"
骨鸟合起来读什么字,['51382'],[],description,1,1,['51382'],1.0,['51382'],[0.5159602165222168],['description']
骨鸟合起来读什么字,['51382'],[],description,3,1,['51382'],1.0,"['51382', '51381', '51388']","[0.5159602165222168, 0.5122052431106567, 0.4944404065608978]","['description', 'description', 'description']"
6画的字有哪些,['51382'],[],merged,1,1,['51382'],1.0,['51382'],[0.5794020295143127],['title_description']
6画的字有哪些,['51382'],[],merged,3,1,['51382'],1.0,"['51382', '51381', '51380']","[0.5794020295143127, 0.575654149055481, 0.5406054258346558]","['title_description', 'title_description', 'title_description']"
an 怎么读,['51382'],[],merged,1,0,[],,['51388'],[0.5566184520721436],['description']
an 怎么读,['51382'],[],merged,3,0,[],,"['51388', '51381', '52524']","[0.5566184520721436, 0.5549671649932861, 0.5461791157722473]","['description', 'title_description', 'description']"
bian的拼音有哪些字,['51382'],[],merged,1,0,[],,['51381'],[0.6163593530654907],['title_description']
bian的拼音有哪些字,['51382'],[],merged,3,1,['51382'],3.0,"['51381', '51388', '51382']","[0.6163593530654907, 0.6047042012214661, 0.5841637849807739]","['title_description', 'description', 'description']"
chu的汉字,['51382'],[],merged,1,0,[],,['51381'],[0.6458350419998169],['title_description']
chu的汉字,['51382'],[],merged,3,1,['51382'],2.0,"['51381', '51382', '51388']","[0.6458350419998169, 0.6102871894836426, 0.5937376022338867]","['title_description', 'title_description', 'description']"
ge拼音的汉字,['51382'],[],merged,1,0,[],,['51381'],[0.6077920198440552],['title_description']
ge拼音的汉字,['51382'],[],merged,3,1,['51382'],2.0,"['51381', '51382', '51388']","[0.6077920198440552, 0.5554615259170532, 0.550472617149353]","['title_description', 'title_description', 'description']"
li tou拼音的汉字,['51382'],[],merged,1,0,[],,['51381'],[0.6281721591949463],['description']
li tou拼音的汉字,['51382'],[],merged,3,1,['51382'],2.0,"['51381', '51382', '51388']","[0.6281721591949463, 0.596060037612915, 0.5731840133666992]","['description', 'description', 'description']"
n的一二三四声调汉字,['51382'],[],merged,1,0,[],,['51381'],[0.6245994567871094],['description']
n的一二三四声调汉字,['51382'],[],merged,3,1,['51382'],2.0,"['51381', '51382', '51323']","[0.6245994567871094, 0.6043200492858887, 0.572262167930603]","['description', 'title_description', 'description']"
peng的汉字,['51382'],[],merged,1,0,[],,['51381'],[0.6434707641601562],['title_description']
peng的汉字,['51382'],[],merged,3,1,['51382'],3.0,"['51381', '51388', '51382']","[0.6434707641601562, 0.6320657134056091, 0.6191903352737427]","['title_description', 'description', 'title_description']"
yi的汉字,['51382'],[],merged,1,0,[],,['51381'],[0.6509602665901184],['title_description']
yi的汉字,['51382'],[],merged,3,1,['51382'],2.0,"['51381', '51382', '51388']","[0.6509602665901184, 0.6145860552787781, 0.6134874820709229]","['title_description', 'title_description', 'description']"
yun的汉字有哪些,['51382'],[],merged,1,0,[],,['51381'],[0.6390293836593628],['title_description']
yun的汉字有哪些,['51382'],[],merged,3,1,['51382'],2.0,"['51381', '51382', '51388']","[0.6390293836593628, 0.5879017114639282, 0.5690517425537109]","['title_description', 'title_description', 'description']"
ài,['51382'],[],merged,1,0,[],,['51388'],[0.6964805722236633],['description']
ài,['51382'],[],merged,3,0,[],,"['51388', '51377', '51323']","[0.6964805722236633, 0.6856744885444641, 0.6558867692947388]","['description', 'description', 'description']"
一个今一个黑念什么,['51382'],[],merged,1,0,[],,['51381'],[0.5472029447555542],['title_description']
一个今一个黑念什么,['51382'],[],merged,3,1,['51382'],3.0,"['51381', '51388', '51382']","[0.5472029447555542, 0.5257104635238647, 0.5241994857788086]","['title_description', 'description', 'description']"
一个单人旁一个失念什么,['51382'],[],merged,1,1,['51382'],1.0,['51382'],[0.5029895305633545],['description']
一个单人旁一个失念什么,['51382'],[],merged,3,1,['51382'],1.0,"['51382', '51381', '51388']","[0.5029895305633545, 0.49579551815986633, 0.48501890897750854]","['description', 'title_description', 'description']"
一个单人旁是什么字,['51382'],[],merged,1,1,['51382'],1.0,['51382'],[0.5392711758613586],['title_description']
一个单人旁是什么字,['51382'],[],merged,3,1,['51382'],1.0,"['51382', '51381', '51388']","[0.5392711758613586, 0.5270920991897583, 0.5088099241256714]","['title_description', 'title_description', 'title_description']"
一个吉字一个页字念什么,['51382'],[],merged,1,1,['51382'],1.0,['51382'],[0.5328332781791687],['description']
一个吉字一个页字念什么,['51382'],[],merged,3,1,['51382'],1.0,"['51382', '51381', '51388']","[0.5328332781791687, 0.529059112071991, 0.513999879360199]","['description', 'title_description', 'description']"
一个大一个力读什么,['51382'],[],merged,1,1,['51382'],1.0,['51382'],[0.5301698446273804],['description']
一个大一个力读什么,['51382'],[],merged,3,1,['51382'],1.0,"['51382', '51388', '51381']","[0.5301698446273804, 0.5117818713188171, 0.5017842054367065]","['description', 'description', 'title_description']"
一个宝盖头一个,['51382'],[],merged,1,1,['51382'],1.0,['51382'],[0.5105268955230713],['title_description']
一个宝盖头一个,['51382'],[],merged,3,1,['51382'],1.0,"['51382', '51381', '51388']","[0.5105268955230713, 0.499334454536438, 0.47542431950569153]","['title_description', 'title_description', 'description']"
一个尸一个九念什么,['51382'],[],merged,1,0,[],,['51381'],[0.4860619604587555],['title_description']
一个尸一个九念什么,['51382'],[],merged,3,1,['51382'],2.0,"['51381', '51382', '51388']","[0.4860619604587555, 0.4826950132846832, 0.4759090542793274]","['title_description', 'description', 'description']"
一个山字一个乔字念什么,['51382'],[],merged,1,0,[],,['51381'],[0.4933167099952698],['title_description']
一个山字一个乔字念什么,['51382'],[],merged,3,1,['51382'],2.0,"['51381', '51382', '51388']","[0.4933167099952698, 0.49101722240448, 0.4567985236644745]","['title_description', 'description', 'title_description']"
一个山已念什么,['51382'],[],merged,1,0,[],,['51381'],[0.49479979276657104],['title_description']
一个山已念什么,['51382'],[],merged,3,1,['51382'],2.0,"['51381', '51382', '51388']","[0.49479979276657104, 0.4854751527309418, 0.4582805037498474]","['title_description', 'description', 'description']"
一个巾一个隹,['51382'],[],merged,1,1,['51382'],1.0,['51382'],[0.5427442193031311],['description']
一个巾一个隹,['51382'],[],merged,3,1,['51382'],1.0,"['51382', '51381', '51388']","[0.5427442193031311, 0.5180491209030151, 0.5083829164505005]","['description', 'title_description', 'description']"
一个提手旁一个,['51382'],[],merged,1,1,['51382'],1.0,['51382'],[0.5380253791809082],['title_description']
一个提手旁一个,['51382'],[],merged,3,1,['51382'],1.0,"['51382', '51381', '51380']","[0.5380253791809082, 0.5120251178741455, 0.5029296278953552]","['title_description', 'title_description', 'description']"
一个日,['51382'],[],merged,1,0,[],,['61111'],[0.5954736471176147],['title_description']
一个日,['51382'],[],merged,3,0,[],,"['61111', '5601', '51323']","[0.5954736471176147, 0.5817667245864868, 0.5734931230545044]","['title_description', 'title_description', 'description']"
一个木字旁一个,['51382'],[],merged,1,1,['51382'],1.0,['51382'],[0.5682086944580078],['title_description']
一个木字旁一个,['51382'],[],merged,3,1,['51382'],1.0,"['51382', '51381', '51388']","[0.5682086944580078, 0.5559947490692139, 0.5403364300727844]","['title_description', 'title_description', 'description']"
一个火一个只念什么,['51382'],[],merged,1,1,['51382'],1.0,['51382'],[0.519603431224823],['description']
一个火一个只念什么,['51382'],[],merged,3,1,['51382'],1.0,"['51382', '51381', '51388']","[0.519603431224823, 0.5188865661621094, 0.5025649070739746]","['description', 'title_description', 'description']"
一个王一个是读什么,['51382'],[],merged,1,1,['51382'],1.0,['51382'],[0.49748754501342773],['description']
一个王一个是读什么,['51382'],[],merged,3,1,['51382'],1.0,"['51382', '51388', '51381']","[0.49748754501342773, 0.4943583905696869, 0.49134838581085205]","['description', 'description', 'title_description']"
一个目一个敢念什么,['51382'],[],merged,1,0,[],,['51381'],[0.4760383069515228],['title_description']
一个目一个敢念什么,['51382'],[],merged,3,1,['51382'],2.0,"['51381', '51382', '51388']","[0.4760383069515228, 0.4644851088523865, 0.45430654287338257]","['title_description', 'description', 'description']"
一个竹字头下面这个单字念什么,['51382'],[],merged,1,1,['51382'],1.0,['51382'],[0.5105562806129456],['description']
一个竹字头下面这个单字念什么,['51382'],[],merged,3,1,['51382'],1.0,"['51382', '51381', '51388']","[0.5105562806129456, 0.49380797147750854, 0.4856148362159729]","['description', 'title_description', 'title_description']"
一个肖一个立刀旁怎么读,['51382'],[],merged,1,1,['51382'],1.0,['51382'],[0.48327016830444336],['description']
一个肖一个立刀旁怎么读,['51382'],[],merged,3,1,['51382'],1.0,"['51382', '51380', '51381']","[0.48327016830444336, 0.46047571301460266, 0.4550003707408905]","['description', 'description', 'description']"
一个西一个木念什么,['51382'],[],merged,1,0,[],,['51381'],[0.511063814163208],['title_description']
一个西一个木念什么,['51382'],[],merged,3,1,['51382'],2.0,"['51381', '51382', '51388']","[0.511063814163208, 0.5077622532844543, 0.507593035697937]","['title_description', 'description', 'description']"
一个足就念什么,['51382'],[],merged,1,1,['51382'],1.0,['51382'],[0.531690776348114],['description']
一个足就念什么,['51382'],[],merged,3,1,['51382'],1.0,"['51382', '51381', '51388']","[0.531690776348114, 0.5201252698898315, 0.5112364888191223]","['description', 'title_description', 'description']"
一个金字旁一个贝念什么,['51382'],[],merged,1,0,[],,['51381'],[0.4812428653240204],['title_description']
一个金字旁一个贝念什么,['51382'],[],merged,3,0,[],,"['51381', '51590', '51388']","[0.4812428653240204, 0.4741453528404236, 0.4732707440853119]","['title_description', 'title_description', 'description']"
一个门一个虫念什么,['51382'],[],merged,1,0,[],,['51388'],[0.5060563087463379],['description']
一个门一个虫念什么,['51382'],[],merged,3,0,[],,"['51388', '51381', '52523']","[0.5060563087463379, 0.5054913759231567, 0.5048333406448364]","['description', 'title_description', 'description']"
一个骨一个各读什么,['51382'],[],merged,1,1,['51382'],1.0,['51382'],[0.5104795694351196],['description']
一个骨一个各读什么,['51382'],[],merged,3,1,['51382'],1.0,"['51382', '51381', '51380']","[0.5104795694351196, 0.49309924244880676, 0.46667829155921936]","['description', 'title_description', 'description']"
三个土字念什么,['51382'],[],merged,1,0,[],,['51381'],[0.510895848274231],['title_description']
三个土字念什么,['51382'],[],merged,3,1,['51382'],2.0,"['51381', '51382', '51388']","[0.510895848274231, 0.5006744861602783, 0.46960440278053284]","['title_description', 'description', 'description']"
三撇的字有哪些,['51382'],[],merged,1,1,['51382'],1.0,['51382'],[0.5672308206558228],['description']
三撇的字有哪些,['51382'],[],merged,3,1,['51382'],1.0,"['51382', '51381', '51388']","[0.5672308206558228, 0.553604006767273, 0.5121977925300598]","['description', 'title_description', 'title_description']"
三滴水加完怎么念,['51382'],[],merged,1,1,['51382'],1.0,['51382'],[0.4973655343055725],['description']
三滴水加完怎么念,['51382'],[],merged,3,1,['51382'],1.0,"['51382', '51388', '51381']","[0.4973655343055725, 0.4736655354499817, 0.4700195789337158]","['description', 'title_description', 'description']"
三点水一个屯怎么读,['51382'],[],merged,1,1,['51382'],1.0,['51382'],[0.5248367190361023],['description']
三点水一个屯怎么读,['51382'],[],merged,3,1,['51382'],1.0,"['51382', '51381', '51388']","[0.5248367190361023, 0.5108026266098022, 0.47398513555526733]","['description', 'description', 'description']"
三点水加完怎么读,['51382'],[],merged,1,1,['51382'],1.0,['51382'],[0.5519077777862549],['description']
三点水加完怎么读,['51382'],[],merged,3,1,['51382'],1.0,"['51382', '51381', '51388']","[0.5519077777862549, 0.5204828381538391, 0.501015841960907]","['description', 'title_description', 'title_description']"
三点水加昆字念什么,['51382'],[],merged,1,0,[],,['51381'],[0.529629111289978],['title_description']
三点水加昆字念什么,['51382'],[],merged,3,1,['51382'],2.0,"['51381', '51382', '51388']","[0.529629111289978, 0.5181587934494019, 0.48993515968322754]","['title_description', 'title_description', 'title_description']"
三点水有念什么,['51382'],[],merged,1,1,['51382'],1.0,['51382'],[0.5108636617660522],['description']
三点水有念什么,['51382'],[],merged,3,1,['51382'],1.0,"['51382', '51381', '51388']","[0.5108636617660522, 0.5108429193496704, 0.4712564945220947]","['description', 'title_description', 'title_description']"
三点水那个字,['51382'],[],merged,1,1,['51382'],1.0,['51382'],[0.5493024587631226],['title_description']
三点水那个字,['51382'],[],merged,3,1,['51382'],1.0,"['51382', '51381', '51388']","[0.5493024587631226, 0.5397435426712036, 0.505497932434082]","['title_description', 'title_description', 'title_description']"
上面一个处下面一个日读什么,['51382'],[],merged,1,1,['51382'],1.0,['51382'],[0.4816439151763916],['description']
上面一个处下面一个日读什么,['51382'],[],merged,3,1,['51382'],1.0,"['51382', '51381', '51388']","[0.4816439151763916, 0.4741198420524597, 0.47156840562820435]","['description', 'title_description', 'description']"
上面一个矛一个反文旁下面一个鸟,['51382'],[],merged,1,1,['51382'],1.0,['51382'],[0.5344104766845703],['description']
上面一个矛一个反文旁下面一个鸟,['51382'],[],merged,3,1,['51382'],1.0,"['51382', '51388', '51381']","[0.5344104766845703, 0.5124396085739136, 0.502289891242981]","['description', 'title_description', 'title_description']"
上面一个羽下面一个隹,['51382'],[],merged,1,1,['51382'],1.0,['51382'],[0.5604375600814819],['title_description']
上面一个羽下面一个隹,['51382'],[],merged,3,1,['51382'],1.0,"['51382', '51381', '51388']","[0.5604375600814819, 0.553429126739502, 0.5476557612419128]","['title_description', 'title_description', 'description']"
上面宝盖头下面石头的石是什么字,['51382'],[],merged,1,1,['51382'],1.0,['51382'],[0.5101684331893921],['title_description']
上面宝盖头下面石头的石是什么字,['51382'],[],merged,3,1,['51382'],1.0,"['51382', '51381', '51380']","[0.5101684331893921, 0.48432350158691406, 0.4645237922668457]","['title_description', 'description', 'description']"
不下面一个一念什么,['51382'],[],merged,1,1,['51382'],1.0,['51382'],[0.5477988123893738],['description']
不下面一个一念什么,['51382'],[],merged,3,1,['51382'],1.0,"['51382', '51381', '51388']","[0.5477988123893738, 0.5418707132339478, 0.5308628082275391]","['description', 'title_description', 'title_description']"
不皿是什么字,['51382'],[],merged,1,0,[],,['51381'],[0.5472701191902161],['title_description']
不皿是什么字,['51382'],[],merged,3,1,['51382'],3.0,"['51381', '51388', '51382']","[0.5472701191902161, 0.5319712162017822, 0.5311610102653503]","['title_description', 'description', 'title_description']"
世界上最难的字,['51382'],[],merged,1,1,['51382'],1.0,['51382'],[0.5446435213088989],['title_description']
世界上最难的字,['51382'],[],merged,3,1,['51382'],1.0,"['51382', '51381', '51388']","[0.5446435213088989, 0.5410735607147217, 0.5212597846984863]","['title_description', 'title_description', 'description']"
之同音字,['51382'],[],merged,1,0,[],,['51381'],[0.8074684143066406],['description']
之同音字,['51382'],[],merged,3,1,['51382'],2.0,"['51381', '51382', '51388']","[0.8074684143066406, 0.6790506839752197, 0.67756187915802]","['description', 'description', 'description']"
也在土后面是什么字,['51382'],[],merged,1,0,[],,['51381'],[0.548020601272583],['title_description']
也在土后面是什么字,['51382'],[],merged,3,1,['51382'],2.0,"['51381', '51382', '51380']","[0.548020601272583, 0.5473358631134033, 0.5150266885757446]","['title_description', 'description', 'description']"
了口是什么字,['51382'],[],merged,1,0,[],,['51381'],[0.5292382836341858],['title_description']
了口是什么字,['51382'],[],merged,3,1,['51382'],3.0,"['51381', '51388', '51382']","[0.5292382836341858, 0.5146501064300537, 0.514594316482544]","['title_description', 'title_description', 'title_description']"
二声的bin,['51382'],[],merged,1,0,[],,['51388'],[0.572325587272644],['description']
二声的bin,['51382'],[],merged,3,1,['51382'],3.0,"['51388', '51381', '51382']","[0.572325587272644, 0.5433875918388367, 0.5316633582115173]","['description', 'description', 'description']"
于加,['51382'],[],merged,1,0,[],,['51377'],[0.5571631193161011],['description']
于加,['51382'],[],merged,3,0,[],,"['51377', '51323', '51388']","[0.5571631193161011, 0.5297441482543945, 0.5112375020980835]","['description', 'description', 'description']"
五行属水的字,['51382'],[],merged,1,0,[],,['51381'],[0.5800961256027222],['title_description']
五行属水的字,['51382'],[],merged,3,1,['51382'],2.0,"['51381', '51382', '51380']","[0.5800961256027222, 0.536605715751648, 0.5180355310440063]","['title_description', 'title_description', 'description']"
党字头下面黄字念什么,['51382'],[],merged,1,0,[],,['51381'],[0.555175244808197],['title_description']
党字头下面黄字念什么,['51382'],[],merged,3,1,['51382'],2.0,"['51381', '51382', '51388']","[0.555175244808197, 0.5472285151481628, 0.5239455103874207]","['title_description', 'description', 'description']"
加一个走之旁念什么,['51382'],[],merged,1,1,['51382'],1.0,['51382'],[0.5140466094017029],['description']
加一个走之旁念什么,['51382'],[],merged,3,1,['51382'],1.0,"['51382', '51381', '51388']","[0.5140466094017029, 0.49017834663391113, 0.4800078868865967]","['description', 'title_description', 'description']"
十二画字有哪些,['51382'],[],merged,1,1,['51382'],1.0,['51382'],[0.5935753583908081],['title_description']
十二画字有哪些,['51382'],[],merged,3,1,['51382'],1.0,"['51382', '51381', '51323']","[0.5935753583908081, 0.5881490707397461, 0.5637320280075073]","['title_description', 'title_description', 'description']"
单人旁加个同读什么,['51382'],[],merged,1,0,[],,['51381'],[0.5840167999267578],['description']
单人旁加个同读什么,['51382'],[],merged,3,1,['51382'],2.0,"['51381', '51382', '51388']","[0.5840167999267578, 0.5258970856666565, 0.485975056886673]","['description', 'description', 'description']"
占加偏旁组成新字,['51382'],[],merged,1,1,['51382'],1.0,['51382'],[0.558711051940918],['title_description']
占加偏旁组成新字,['51382'],[],merged,3,1,['51382'],1.0,"['51382', '51381', '51380']","[0.558711051940918, 0.5249526500701904, 0.5008870363235474]","['title_description', 'title_description', 'description']"
反字旁的字,['51382'],[],merged,1,1,['51382'],1.0,['51382'],[0.6018524765968323],['description']
反字旁的字,['51382'],[],merged,3,1,['51382'],1.0,"['51382', '51381', '51388']","[0.6018524765968323, 0.5705434083938599, 0.5603376626968384]","['description', 'title_description', 'title_description']"
反犬旁加一个犬字念什么,['51382'],[],merged,1,1,['51382'],1.0,['51382'],[0.5005010366439819],['description']
反犬旁加一个犬字念什么,['51382'],[],merged,3,1,['51382'],1.0,"['51382', '51388', '51381']","[0.5005010366439819, 0.5000898838043213, 0.4912857413291931]","['description', 'title_description', 'title_description']"
呈耳刀念什么,['51382'],[],merged,1,0,[],,['51388'],[0.5007206201553345],['description']
呈耳刀念什么,['51382'],[],merged,3,1,['51382'],3.0,"['51388', '51381', '51382']","[0.5007206201553345, 0.4979318678379059, 0.4931674599647522]","['description', 'title_description', 'description']"
呈耳朵旁是什么字,['51382'],[],merged,1,0,[],,['51381'],[0.5386267900466919],['title_description']
呈耳朵旁是什么字,['51382'],[],merged,3,1,['51382'],3.0,"['51381', '51388', '51382']","[0.5386267900466919, 0.5216042995452881, 0.5160151124000549]","['title_description', 'description', 'description']"
告字加耳刀念什么,['51382'],[],merged,1,0,[],,['51381'],[0.5210955142974854],['title_description']
告字加耳刀念什么,['51382'],[],merged,3,1,['51382'],2.0,"['51381', '51382', '51388']","[0.5210955142974854, 0.5108920335769653, 0.5076552033424377]","['title_description', 'title_description', 'title_description']"
噎同音字,['51382'],[],merged,1,0,[],,['51381'],[0.6108872890472412],['description']
噎同音字,['51382'],[],merged,3,1,['51382'],3.0,"['51381', '51388', '51382']","[0.6108872890472412, 0.5355330109596252, 0.5331767797470093]","['description', 'description', 'description']"
四个又念什么字,['51382'],[],merged,1,0,[],,['51381'],[0.5858202576637268],['title_description']
四个又念什么字,['51382'],[],merged,3,1,['51382'],2.0,"['51381', '51382', '51388']","[0.5858202576637268, 0.5783054232597351, 0.5663857460021973]","['title_description', 'description', 'title_description']"
土亏加起来是什么字,['51382'],[],merged,1,0,[],,['51381'],[0.5137759447097778],['title_description']
土亏加起来是什么字,['51382'],[],merged,3,1,['51382'],2.0,"['51381', '51382', '51388']","[0.5137759447097778, 0.5089902877807617, 0.4875491261482239]","['title_description', 'title_description', 'description']"
夸瓜合起来念什么,['51382'],[],merged,1,0,[],,['51388'],[0.5079101324081421],['title_description']
夸瓜合起来念什么,['51382'],[],merged,3,0,[],,"['51388', '51387', '51381']","[0.5079101324081421, 0.4984194040298462, 0.4928865432739258]","['title_description', 'title_description', 'title_description']"
女字旁加是念什么,['51382'],[],merged,1,0,[],,['51381'],[0.5136962532997131],['title_description']
女字旁加是念什么,['51382'],[],merged,3,1,['51382'],2.0,"['51381', '51382', '51388']","[0.5136962532997131, 0.4991587996482849, 0.4782198965549469]","['title_description', 'title_description', 'description']"
女字旁加臣念什么字,['51382'],[],merged,1,0,[],,['51381'],[0.5451951026916504],['title_description']
女字旁加臣念什么字,['51382'],[],merged,3,1,['51382'],2.0,"['51381', '51382', '51380']","[0.5451951026916504, 0.5286206007003784, 0.5123276710510254]","['title_description', 'title_description', 'description']"
妹和妺的读音区别,['51382'],[],merged,1,0,[],,['51388'],[0.5042675137519836],['description']
妹和妺的读音区别,['51382'],[],merged,3,1,['51382'],3.0,"['51388', '51381', '51382']","[0.5042675137519836, 0.5007809400558472, 0.4992830753326416]","['description', 'description', 'description']"
子下面一个心读什么,['51382'],[],merged,1,0,[],,['51381'],[0.5038440227508545],['title_description']
子下面一个心读什么,['51382'],[],merged,3,1,['51382'],3.0,"['51381', '51388', '51382']","[0.5038440227508545, 0.49194157123565674, 0.4852612614631653]","['title_description', 'title_description', 'description']"
字旁的字有哪些,['51382'],[],merged,1,0,[],,['51381'],[0.6400793790817261],['title_description']
字旁的字有哪些,['51382'],[],merged,3,1,['51382'],2.0,"['51381', '51382', '51380']","[0.6400793790817261, 0.6387161016464233, 0.5870132446289062]","['title_description', 'title_description', 'description']"
就加鸟念什么,['51382'],[],merged,1,0,[],,['51381'],[0.488475501537323],['title_description']
就加鸟念什么,['51382'],[],merged,3,1,['51382'],2.0,"['51381', '51382', '51388']","[0.488475501537323, 0.48531198501586914, 0.48324382305145264]","['title_description', 'description', 'description']"
属金的字有哪些,['51382'],[],merged,1,0,[],,['51381'],[0.5886971950531006],['title_description']
属金的字有哪些,['51382'],[],merged,3,1,['51382'],3.0,"['51381', '51590', '51382']","[0.5886971950531006, 0.541344940662384, 0.5380533933639526]","['title_description', 'description', 'title_description']"
山下面有个今怎么读,['51382'],[],merged,1,0,[],,['51381'],[0.48611581325531006],['description']
山下面有个今怎么读,['51382'],[],merged,3,1,['51382'],2.0,"['51381', '51382', '51377']","[0.48611581325531006, 0.4822366535663605, 0.48170721530914307]","['description', 'description', 'title_description']"
山加我读什么字,['51382'],[],merged,1,0,[],,['51381'],[0.4891296625137329],['title_description']
山加我读什么字,['51382'],[],merged,3,1,['51382'],2.0,"['51381', '51382', '51388']","[0.4891296625137329, 0.48880109190940857, 0.46108514070510864]","['title_description', 'description', 'title_description']"
山豆页念什么,['51382'],[],merged,1,0,[],,['51388'],[0.47026804089546204],['title_description']
山豆页念什么,['51382'],[],merged,3,1,['51382'],3.0,"['51388', '51381', '51382']","[0.47026804089546204, 0.4675925076007843, 0.4563555419445038]","['title_description', 'title_description', 'description']"
左虫右卑念什么,['51382'],[],merged,1,0,[],,['51388'],[0.5273206830024719],['description']
左虫右卑念什么,['51382'],[],merged,3,1,['51382'],2.0,"['51388', '51382', '51381']","[0.5273206830024719, 0.5167385339736938, 0.50702303647995]","['description', 'description', 'title_description']"
已加一笔是什么字,['51382'],[],merged,1,1,['51382'],1.0,['51382'],[0.5708687901496887],['title_description']
已加一笔是什么字,['51382'],[],merged,3,1,['51382'],1.0,"['51382', '51381', '51388']","[0.5708687901496887, 0.5585418939590454, 0.5389832258224487]","['title_description', 'title_description', 'title_description']"
带王的字,['51382'],[],merged,1,0,[],,['51381'],[0.5773251056671143],['title_description']
带王的字,['51382'],[],merged,3,1,['51382'],2.0,"['51381', '51382', '51388']","[0.5773251056671143, 0.5642796158790588, 0.5271036624908447]","['title_description', 'title_description', 'description']"
弓加山加又字念什么,['51382'],[],merged,1,1,['51382'],1.0,['51382'],[0.48970770835876465],['title_description']
弓加山加又字念什么,['51382'],[],merged,3,1,['51382'],1.0,"['51382', '51381', '51388']","[0.48970770835876465, 0.47749921679496765, 0.4553416967391968]","['title_description', 'title_description', 'description']"
弓肖,['51382'],[],merged,1,0,[],,['51381'],[0.524333119392395],['title_description']
弓肖,['51382'],[],merged,3,0,[],,"['51381', '51388', '51377']","[0.524333119392395, 0.5230557322502136, 0.5094541311264038]","['title_description', 'description', 'description']"
心字旁的字,['51382'],[],merged,1,0,[],,['51381'],[0.5724858045578003],['title_description']
心字旁的字,['51382'],[],merged,3,1,['51382'],2.0,"['51381', '51382', '51380']","[0.5724858045578003, 0.5578463077545166, 0.524612307548523]","['title_description', 'title_description', 'description']"
拼音pu,['51382'],[],merged,1,0,[],,['51388'],[0.7016152143478394],['description']
拼音pu,['51382'],[],merged,3,0,[],,"['51388', '51381', '51377']","[0.7016152143478394, 0.6899844408035278, 0.6523988246917725]","['description', 'description', 'description']"
提手旁一个句怎么读,['51382'],[],merged,1,1,['51382'],1.0,['51382'],[0.5044765472412109],['description']
提手旁一个句怎么读,['51382'],[],merged,3,1,['51382'],1.0,"['51382', '51388', '52336']","[0.5044765472412109, 0.4730129837989807, 0.4694940149784088]","['description', 'title_description', 'title_description']"
提手旁加旁念什么,['51382'],[],merged,1,1,['51382'],1.0,['51382'],[0.5032613277435303],['description']
提手旁加旁念什么,['51382'],[],merged,3,1,['51382'],1.0,"['51382', '51381', '51380']","[0.5032613277435303, 0.4750281274318695, 0.4598369002342224]","['description', 'title_description', 'description']"
提手旁的有哪些字,['51382'],[],merged,1,1,['51382'],1.0,['51382'],[0.5874131917953491],['title_description']
提手旁的有哪些字,['51382'],[],merged,3,1,['51382'],1.0,"['51382', '51381', '51380']","[0.5874131917953491, 0.5653219819068909, 0.5227837562561035]","['title_description', 'title_description', 'description']"
日出的拼音,['51382'],[],merged,1,0,[],,['51388'],[0.5098667144775391],['description']
日出的拼音,['51382'],[],merged,3,1,['51382'],3.0,"['51388', '51381', '51382']","[0.5098667144775391, 0.5000044107437134, 0.4746722877025604]","['description', 'title_description', 'description']"
日加立念什么字,['51382'],[],merged,1,0,[],,['51381'],[0.504568338394165],['title_description']
日加立念什么字,['51382'],[],merged,3,0,[],,"['51381', '51388', '51323']","[0.504568338394165, 0.4992970824241638, 0.49806028604507446]","['title_description', 'description', 'title_description']"
日字旁有什么字,['51382'],[],merged,1,0,[],,['51381'],[0.5550941228866577],['title_description']
日字旁有什么字,['51382'],[],merged,3,1,['51382'],2.0,"['51381', '51382', '51380']","[0.5550941228866577, 0.5504940748214722, 0.5266299247741699]","['title_description', 'title_description', 'description']"
月加完念什么,['51382'],[],merged,1,0,[],,['51323'],[0.5121203064918518],['description']
月加完念什么,['51382'],[],merged,3,0,[],,"['51323', '61111', '51381']","[0.5121203064918518, 0.4918883442878723, 0.49108582735061646]","['description', 'title_description', 'title_description']"
月加并,['51382'],[],merged,1,0,[],,['61111'],[0.5935113430023193],['title_description']
月加并,['51382'],[],merged,3,0,[],,"['61111', '51323', '62497']","[0.5935113430023193, 0.5825004577636719, 0.5749791264533997]","['title_description', 'description', 'description']"
月国怎么读,['51382'],[],merged,1,0,[],,['51323'],[0.46572697162628174],['description']
月国怎么读,['51382'],[],merged,3,0,[],,"['51323', '51381', '51388']","[0.46572697162628174, 0.4584876000881195, 0.45589300990104675]","['description', 'description', 'description']"
月米读什么,['51382'],[],merged,1,0,[],,['51388'],[0.5378819704055786],['description']
月米读什么,['51382'],[],merged,3,1,['51382'],3.0,"['51388', '51381', '51382']","[0.5378819704055786, 0.5316812992095947, 0.517263650894165]","['description', 'title_description', 'description']"
木或读什么,['51382'],[],merged,1,1,['51382'],1.0,['51382'],[0.54573655128479],['description']
木或读什么,['51382'],[],merged,3,1,['51382'],1.0,"['51382', '51381', '51388']","[0.54573655128479, 0.5393931865692139, 0.5323551893234253]","['description', 'title_description', 'title_description']"
木石,['51382'],[],merged,1,0,[],,['51377'],[0.5691319704055786],['description']
木石,['51382'],[],merged,3,0,[],,"['51377', '51388', '51381']","[0.5691319704055786, 0.5659202337265015, 0.5534368753433228]","['description', 'description', 'title_description']"
来贝念什么,['51382'],[],merged,1,0,[],,['51388'],[0.5426729917526245],['description']
来贝念什么,['51382'],[],merged,3,1,['51382'],3.0,"['51388', '51381', '51382']","[0.5426729917526245, 0.5418559312820435, 0.5067092180252075]","['description', 'title_description', 'description']"
火字旁的字有哪些,['51382'],[],merged,1,0,[],,['51381'],[0.569415271282196],['title_description']
火字旁的字有哪些,['51382'],[],merged,3,1,['51382'],2.0,"['51381', '51382', '51380']","[0.569415271282196, 0.5620142817497253, 0.5105025172233582]","['title_description', 'title_description', 'description']"
王加是什么字,['51382'],[],merged,1,0,[],,['51381'],[0.5001178979873657],['title_description']
王加是什么字,['51382'],[],merged,3,1,['51382'],2.0,"['51381', '51382', '51388']","[0.5001178979873657, 0.4989930987358093, 0.48771950602531433]","['title_description', 'title_description', 'title_description']"
石肖念什么,['51382'],[],merged,1,0,[],,['51381'],[0.5078231692314148],['title_description']
石肖念什么,['51382'],[],merged,3,1,['51382'],3.0,"['51381', '51388', '51382']","[0.5078231692314148, 0.49503815174102783, 0.4889993965625763]","['title_description', 'description', 'description']"
穴宝盖加音,['51382'],[],merged,1,0,[],,['51381'],[0.5144346952438354],['title_description']
穴宝盖加音,['51382'],[],merged,3,1,['51382'],3.0,"['51381', '51388', '51382']","[0.5144346952438354, 0.4936922788619995, 0.4919991195201874]","['title_description', 'description', 'title_description']"
竖心旁加音念什么,['51382'],[],merged,1,0,[],,['51381'],[0.5171339511871338],['title_description']
竖心旁加音念什么,['51382'],[],merged,3,1,['51382'],3.0,"['51381', '51388', '51382']","[0.5171339511871338, 0.509487509727478, 0.5092471837997437]","['title_description', 'title_description', 'description']"
竹字头一个马字念什么,['51382'],[],merged,1,1,['51382'],1.0,['51382'],[0.5107220411300659],['title_description']
竹字头一个马字念什么,['51382'],[],merged,3,1,['51382'],1.0,"['51382', '51381', '51388']","[0.5107220411300659, 0.5088015794754028, 0.4927738606929779]","['title_description', 'title_description', 'description']"
竹字头下面一个虎念什么,['51382'],[],merged,1,0,[],,['51381'],[0.540543794631958],['title_description']
竹字头下面一个虎念什么,['51382'],[],merged,3,1,['51382'],2.0,"['51381', '51382', '51388']","[0.540543794631958, 0.5213876366615295, 0.5111862421035767]","['title_description', 'title_description', 'description']"
竹字头者,['51382'],[],merged,1,1,['51382'],1.0,['51382'],[0.5933034420013428],['title_description']
竹字头者,['51382'],[],merged,3,1,['51382'],1.0,"['51382', '51381', '51388']","[0.5933034420013428, 0.5904637575149536, 0.5530962944030762]","['title_description', 'title_description', 'description']"
米字旁的字,['51382'],[],merged,1,1,['51382'],1.0,['51382'],[0.5601588487625122],['title_description']
米字旁的字,['51382'],[],merged,3,1,['51382'],1.0,"['51382', '51381', '51388']","[0.5601588487625122, 0.5550328493118286, 0.5345045924186707]","['title_description', 'title_description', 'description']"
绞丝旁加个,['51382'],[],merged,1,1,['51382'],1.0,['51382'],[0.5384730100631714],['description']
绞丝旁加个,['51382'],[],merged,3,1,['51382'],1.0,"['51382', '51381', '51388']","[0.5384730100631714, 0.5297905206680298, 0.5018529295921326]","['description', 'title_description', 'description']"
羧同音字,['51382'],[],merged,1,0,[],,['51381'],[0.6671162843704224],['title_description']
羧同音字,['51382'],[],merged,3,1,['51382'],3.0,"['51381', '51388', '51382']","[0.6671162843704224, 0.569579005241394, 0.5645941495895386]","['title_description', 'title_description', 'title_description']"
羽加中念什么,['51382'],[],merged,1,0,[],,['51381'],[0.5203463435173035],['title_description']
羽加中念什么,['51382'],[],merged,3,1,['51382'],3.0,"['51381', '51388', '51382']","[0.5203463435173035, 0.5047191381454468, 0.49947983026504517]","['title_description', 'description', 'description']"
草字头下面一个的读什么,['51382'],[],merged,1,1,['51382'],1.0,['51382'],[0.49145644903182983],['title_description']
草字头下面一个的读什么,['51382'],[],merged,3,1,['51382'],1.0,"['51382', '51381', '51388']","[0.49145644903182983, 0.4896664023399353, 0.48635929822921753]","['title_description', 'title_description', 'title_description']"
草字头下面高念什么,['51382'],[],merged,1,0,[],,['51381'],[0.5024822950363159],['title_description']
草字头下面高念什么,['51382'],[],merged,3,1,['51382'],2.0,"['51381', '51382', '51388']","[0.5024822950363159, 0.49519240856170654, 0.46917569637298584]","['title_description', 'title_description', 'title_description']"
草字头加,['51382'],[],merged,1,1,['51382'],1.0,['51382'],[0.5344175100326538],['title_description']
草字头加,['51382'],[],merged,3,1,['51382'],1.0,"['51382', '51381', '51380']","[0.5344175100326538, 0.5150450468063354, 0.4939393401145935]","['title_description', 'title_description', 'title_description']"
草字头加丙念什么,['51382'],[],merged,1,1,['51382'],1.0,['51382'],[0.48621758818626404],['title_description']
草字头加丙念什么,['51382'],[],merged,3,1,['51382'],1.0,"['51382', '51381', '51388']","[0.48621758818626404, 0.4857714772224426, 0.47288843989372253]","['title_description', 'title_description', 'description']"
草字头加焉,['51382'],[],merged,1,1,['51382'],1.0,['51382'],[0.4846610426902771],['description']
草字头加焉,['51382'],[],merged,3,1,['51382'],1.0,"['51382', '51381', '51388']","[0.4846610426902771, 0.47309860587120056, 0.4556165337562561]","['description', 'title_description', 'description']"
草字头我念什么,['51382'],[],merged,1,0,[],,['51381'],[0.5344518423080444],['title_description']
草字头我念什么,['51382'],[],merged,3,1,['51382'],2.0,"['51381', '51382', '51388']","[0.5344518423080444, 0.5297382473945618, 0.5005622506141663]","['title_description', 'title_description', 'title_description']"
莫的同音字,['51382'],[],merged,1,0,[],,['51381'],[0.6115192174911499],['title_description']
莫的同音字,['51382'],[],merged,3,1,['51382'],2.0,"['51381', '51382', '51388']","[0.6115192174911499, 0.5377233028411865, 0.526656985282898]","['title_description', 'description', 'title_description']"
衣字旁者,['51382'],[],merged,1,0,[],,['51381'],[0.5684554576873779],['title_description']
衣字旁者,['51382'],[],merged,3,1,['51382'],2.0,"['51381', '51382', '51388']","[0.5684554576873779, 0.5532655119895935, 0.5340273976325989]","['title_description', 'title_description', 'description']"
衣补旁,['51382'],[],merged,1,1,['51382'],1.0,['51382'],[0.5025650262832642],['title_description']
衣补旁,['51382'],[],merged,3,1,['51382'],1.0,"['51382', '51381', '51388']","[0.5025650262832642, 0.5001090168952942, 0.4925323724746704]","['title_description', 'title_description', 'description']"
言字旁加个先,['51382'],[],merged,1,1,['51382'],1.0,['51382'],[0.5427471995353699],['description']
言字旁加个先,['51382'],[],merged,3,1,['51382'],1.0,"['51382', '51381', '51388']","[0.5427471995353699, 0.5393020510673523, 0.5149808526039124]","['description', 'title_description', 'description']"
言字旁加音念什么,['51382'],[],merged,1,0,[],,['51381'],[0.5915855169296265],['title_description']
言字旁加音念什么,['51382'],[],merged,3,1,['51382'],2.0,"['51381', '51382', '51388']","[0.5915855169296265, 0.578697144985199, 0.5521939992904663]","['title_description', 'description', 'title_description']"
讠字旁的字,['51382'],[],merged,1,0,[],,['51381'],[0.5827631950378418],['title_description']
讠字旁的字,['51382'],[],merged,3,1,['51382'],2.0,"['51381', '51382', '51388']","[0.5827631950378418, 0.5535767078399658, 0.5344386100769043]","['title_description', 'title_description', 'description']"
走之字底的字,['51382'],[],merged,1,1,['51382'],1.0,['51382'],[0.5237058401107788],['title_description']
走之字底的字,['51382'],[],merged,3,1,['51382'],1.0,"['51382', '51381', '51380']","[0.5237058401107788, 0.5064563155174255, 0.49379533529281616]","['title_description', 'title_description', 'description']"
酉加是怎么读,['51382'],[],merged,1,0,[],,['51381'],[0.5070210695266724],['title_description']
酉加是怎么读,['51382'],[],merged,3,1,['51382'],3.0,"['51381', '51388', '51382']","[0.5070210695266724, 0.4954511225223541, 0.49321165680885315]","['title_description', 'description', 'description']"
金字旁了,['51382'],[],merged,1,1,['51382'],1.0,['51382'],[0.5962949991226196],['title_description']
金字旁了,['51382'],[],merged,3,1,['51382'],1.0,"['51382', '51381', '51388']","[0.5962949991226196, 0.5944773554801941, 0.5616912245750427]","['title_description', 'title_description', 'description']"
金字旁加一个高念什么,['51382'],[],merged,1,0,[],,['51381'],[0.5199942588806152],['description']
金字旁加一个高念什么,['51382'],[],merged,3,1,['51382'],2.0,"['51381', '51382', '51388']","[0.5199942588806152, 0.5086710453033447, 0.48682790994644165]","['description', 'description', 'description']"
金字旁来读什么,['51382'],[],merged,1,1,['51382'],1.0,['51382'],[0.5480995774269104],['description']
金字旁来读什么,['51382'],[],merged,3,1,['51382'],1.0,"['51382', '51381', '51388']","[0.5480995774269104, 0.5470764636993408, 0.5241808891296387]","['description', 'title_description', 'description']"
钅字旁加个,['51382'],[],merged,1,0,[],,['51381'],[0.5382591485977173],['title_description']
钅字旁加个,['51382'],[],merged,3,1,['51382'],2.0,"['51381', '51382', '51388']","[0.5382591485977173, 0.5033252835273743, 0.49700459837913513]","['title_description', 'title_description', 'description']"
闲的同音字有哪些,['51382'],[],merged,1,0,[],,['51381'],[0.691148042678833],['title_description']
闲的同音字有哪些,['51382'],[],merged,3,1,['51382'],3.0,"['51381', '51388', '51382']","[0.691148042678833, 0.5883820652961731, 0.5850938558578491]","['title_description', 'title_description', 'description']"
雀同音字,['51382'],[],merged,1,0,[],,['51381'],[0.6379385590553284],['title_description']
雀同音字,['51382'],[],merged,3,1,['51382'],3.0,"['51381', '51388', '51382']","[0.6379385590553284, 0.5562425851821899, 0.5458962917327881]","['title_description', 'title_description', 'description']"
食字旁加虫是什么字,['51382'],[],merged,1,0,[],,['51381'],[0.540540337562561],['title_description']
食字旁加虫是什么字,['51382'],[],merged,3,1,['51382'],3.0,"['51381', '51388', '51382']","[0.540540337562561, 0.5312165021896362, 0.5235973000526428]","['title_description', 'description', 'title_description']"
骨鸟合起来读什么字,['51382'],[],merged,1,0,[],,['51381'],[0.5180537700653076],['title_description']
骨鸟合起来读什么字,['51382'],[],merged,3,1,['51382'],2.0,"['51381', '51382', '51388']","[0.5180537700653076, 0.5159602165222168, 0.4944404065608978]","['title_description', 'description', 'description']"
6画的字有哪些,['51382'],[],title_description,1,1,['51382'],1.0,['51382'],[0.5794020295143127],['title_description']
6画的字有哪些,['51382'],[],title_description,3,1,['51382'],1.0,"['51382', '51381', '51380']","[0.5794020295143127, 0.575654149055481, 0.5406054258346558]","['title_description', 'title_description', 'title_description']"
an 怎么读,['51382'],[],title_description,1,0,[],,['51381'],[0.5549671649932861],['title_description']
an 怎么读,['51382'],[],title_description,3,1,['51382'],3.0,"['51381', '51388', '51382']","[0.5549671649932861, 0.554962694644928, 0.5140326023101807]","['title_description', 'title_description', 'title_description']"
bian的拼音有哪些字,['51382'],[],title_description,1,0,[],,['51381'],[0.6163593530654907],['title_description']
bian的拼音有哪些字,['51382'],[],title_description,3,1,['51382'],3.0,"['51381', '51388', '51382']","[0.6163593530654907, 0.5943573713302612, 0.5838799476623535]","['title_description', 'title_description', 'title_description']"
chu的汉字,['51382'],[],title_description,1,0,[],,['51381'],[0.6458350419998169],['title_description']
chu的汉字,['51382'],[],title_description,3,1,['51382'],2.0,"['51381', '51382', '51388']","[0.6458350419998169, 0.6102871894836426, 0.5848175287246704]","['title_description', 'title_description', 'title_description']"
ge拼音的汉字,['51382'],[],title_description,1,0,[],,['51381'],[0.6077920198440552],['title_description']
ge拼音的汉字,['51382'],[],title_description,3,1,['51382'],2.0,"['51381', '51382', '51388']","[0.6077920198440552, 0.5554615259170532, 0.5429141521453857]","['title_description', 'title_description', 'title_description']"
li tou拼音的汉字,['51382'],[],title_description,1,0,[],,['51381'],[0.6238330602645874],['title_description']
li tou拼音的汉字,['51382'],[],title_description,3,1,['51382'],2.0,"['51381', '51382', '51388']","[0.6238330602645874, 0.5956625938415527, 0.5660876035690308]","['title_description', 'title_description', 'title_description']"
n的一二三四声调汉字,['51382'],[],title_description,1,0,[],,['51381'],[0.6201658844947815],['title_description']
n的一二三四声调汉字,['51382'],[],title_description,3,1,['51382'],2.0,"['51381', '51382', '51323']","[0.6201658844947815, 0.6043200492858887, 0.5687878727912903]","['title_description', 'title_description', 'title_description']"
peng的汉字,['51382'],[],title_description,1,0,[],,['51381'],[0.6434707641601562],['title_description']
peng的汉字,['51382'],[],title_description,3,1,['51382'],2.0,"['51381', '51382', '51388']","[0.6434707641601562, 0.6191903352737427, 0.616647481918335]","['title_description', 'title_description', 'title_description']"
yi的汉字,['51382'],[],title_description,1,0,[],,['51381'],[0.6509602665901184],['title_description']
yi的汉字,['51382'],[],title_description,3,1,['51382'],2.0,"['51381', '51382', '51388']","[0.6509602665901184, 0.6145860552787781, 0.6029120683670044]","['title_description', 'title_description', 'title_description']"
yun的汉字有哪些,['51382'],[],title_description,1,0,[],,['51381'],[0.6390293836593628],['title_description']
yun的汉字有哪些,['51382'],[],title_description,3,1,['51382'],2.0,"['51381', '51382', '51388']","[0.6390293836593628, 0.5879017114639282, 0.5649553537368774]","['title_description', 'title_description', 'title_description']"
ài,['51382'],[],title_description,1,0,[],,['51388'],[0.6759258508682251],['title_description']
ài,['51382'],[],title_description,3,1,['51382'],3.0,"['51388', '51381', '51382']","[0.6759258508682251, 0.6523332595825195, 0.5955209136009216]","['title_description', 'title_description', 'title_description']"
一个今一个黑念什么,['51382'],[],title_description,1,0,[],,['51381'],[0.5472029447555542],['title_description']
一个今一个黑念什么,['51382'],[],title_description,3,1,['51382'],2.0,"['51381', '51382', '51388']","[0.5472029447555542, 0.5233445763587952, 0.5227956175804138]","['title_description', 'title_description', 'title_description']"
一个单人旁一个失念什么,['51382'],[],title_description,1,0,[],,['51381'],[0.49579551815986633],['title_description']
一个单人旁一个失念什么,['51382'],[],title_description,3,1,['51382'],2.0,"['51381', '51382', '51388']","[0.49579551815986633, 0.4916733205318451, 0.4844530522823334]","['title_description', 'title_description', 'title_description']"
一个单人旁是什么字,['51382'],[],title_description,1,1,['51382'],1.0,['51382'],[0.5392711758613586],['title_description']
一个单人旁是什么字,['51382'],[],title_description,3,1,['51382'],1.0,"['51382', '51381', '51388']","[0.5392711758613586, 0.5270920991897583, 0.5088099241256714]","['title_description', 'title_description', 'title_description']"
一个吉字一个页字念什么,['51382'],[],title_description,1,0,[],,['51381'],[0.529059112071991],['title_description']
一个吉字一个页字念什么,['51382'],[],title_description,3,1,['51382'],2.0,"['51381', '51382', '51388']","[0.529059112071991, 0.5276904702186584, 0.5112847685813904]","['title_description', 'title_description', 'title_description']"
一个大一个力读什么,['51382'],[],title_description,1,1,['51382'],1.0,['51382'],[0.5207935571670532],['title_description']
一个大一个力读什么,['51382'],[],title_description,3,1,['51382'],1.0,"['51382', '51388', '51381']","[0.5207935571670532, 0.5109052658081055, 0.5017842054367065]","['title_description', 'title_description', 'title_description']"
一个宝盖头一个,['51382'],[],title_description,1,1,['51382'],1.0,['51382'],[0.5105268955230713],['title_description']
一个宝盖头一个,['51382'],[],title_description,3,1,['51382'],1.0,"['51382', '51381', '51388']","[0.5105268955230713, 0.499334454536438, 0.47069501876831055]","['title_description', 'title_description', 'title_description']"
一个尸一个九念什么,['51382'],[],title_description,1,0,[],,['51381'],[0.4860619604587555],['title_description']
一个尸一个九念什么,['51382'],[],title_description,3,1,['51382'],2.0,"['51381', '51382', '51388']","[0.4860619604587555, 0.4815109074115753, 0.4722435176372528]","['title_description', 'title_description', 'title_description']"
一个山字一个乔字念什么,['51382'],[],title_description,1,0,[],,['51381'],[0.4933167099952698],['title_description']
一个山字一个乔字念什么,['51382'],[],title_description,3,1,['51382'],2.0,"['51381', '51382', '51388']","[0.4933167099952698, 0.48264896869659424, 0.4567985236644745]","['title_description', 'title_description', 'title_description']"
一个山已念什么,['51382'],[],title_description,1,0,[],,['51381'],[0.49479979276657104],['title_description']
一个山已念什么,['51382'],[],title_description,3,1,['51382'],2.0,"['51381', '51382', '51388']","[0.49479979276657104, 0.4773978590965271, 0.4543500542640686]","['title_description', 'title_description', 'title_description']"
一个巾一个隹,['51382'],[],title_description,1,1,['51382'],1.0,['51382'],[0.5404165983200073],['title_description']
一个巾一个隹,['51382'],[],title_description,3,1,['51382'],1.0,"['51382', '51381', '51388']","[0.5404165983200073, 0.5180491209030151, 0.5021412372589111]","['title_description', 'title_description', 'title_description']"
一个提手旁一个,['51382'],[],title_description,1,1,['51382'],1.0,['51382'],[0.5380253791809082],['title_description']
一个提手旁一个,['51382'],[],title_description,3,1,['51382'],1.0,"['51382', '51381', '51388']","[0.5380253791809082, 0.5120251178741455, 0.4932296872138977]","['title_description', 'title_description', 'title_description']"
一个日,['51382'],[],title_description,1,0,[],,['61111'],[0.5954736471176147],['title_description']
一个日,['51382'],[],title_description,3,0,[],,"['61111', '5601', '51323']","[0.5954736471176147, 0.5817667245864868, 0.5489805936813354]","['title_description', 'title_description', 'title_description']"
一个木字旁一个,['51382'],[],title_description,1,1,['51382'],1.0,['51382'],[0.5682086944580078],['title_description']
一个木字旁一个,['51382'],[],title_description,3,1,['51382'],1.0,"['51382', '51381', '51388']","[0.5682086944580078, 0.5559947490692139, 0.5399187803268433]","['title_description', 'title_description', 'title_description']"
一个火一个只念什么,['51382'],[],title_description,1,0,[],,['51381'],[0.5188865661621094],['title_description']
一个火一个只念什么,['51382'],[],title_description,3,1,['51382'],2.0,"['51381', '51382', '51388']","[0.5188865661621094, 0.5118662118911743, 0.49944040179252625]","['title_description', 'title_description', 'title_description']"
一个王一个是读什么,['51382'],[],title_description,1,1,['51382'],1.0,['51382'],[0.49390625953674316],['title_description']
一个王一个是读什么,['51382'],[],title_description,3,1,['51382'],1.0,"['51382', '51381', '51388']","[0.49390625953674316, 0.49134838581085205, 0.49130797386169434]","['title_description', 'title_description', 'title_description']"
一个目一个敢念什么,['51382'],[],title_description,1,0,[],,['51381'],[0.4760383069515228],['title_description']
一个目一个敢念什么,['51382'],[],title_description,3,1,['51382'],2.0,"['51381', '51382', '51388']","[0.4760383069515228, 0.459422767162323, 0.45314279198646545]","['title_description', 'title_description', 'title_description']"
一个竹字头下面这个单字念什么,['51382'],[],title_description,1,1,['51382'],1.0,['51382'],[0.5085501670837402],['title_description']
一个竹字头下面这个单字念什么,['51382'],[],title_description,3,1,['51382'],1.0,"['51382', '51381', '51388']","[0.5085501670837402, 0.49380797147750854, 0.4856148362159729]","['title_description', 'title_description', 'title_description']"
一个肖一个立刀旁怎么读,['51382'],[],title_description,1,1,['51382'],1.0,['51382'],[0.4736044406890869],['title_description']
一个肖一个立刀旁怎么读,['51382'],[],title_description,3,1,['51382'],1.0,"['51382', '51381', '51388']","[0.4736044406890869, 0.4545642137527466, 0.4450641870498657]","['title_description', 'title_description', 'title_description']"
一个西一个木念什么,['51382'],[],title_description,1,0,[],,['51381'],[0.511063814163208],['title_description']
一个西一个木念什么,['51382'],[],title_description,3,1,['51382'],3.0,"['51381', '51388', '51382']","[0.511063814163208, 0.5073035955429077, 0.5058102607727051]","['title_description', 'title_description', 'title_description']"
一个足就念什么,['51382'],[],title_description,1,1,['51382'],1.0,['51382'],[0.5251239538192749],['title_description']
一个足就念什么,['51382'],[],title_description,3,1,['51382'],1.0,"['51382', '51381', '51388']","[0.5251239538192749, 0.5201252698898315, 0.5069667100906372]","['title_description', 'title_description', 'title_description']"
一个金字旁一个贝念什么,['51382'],[],title_description,1,0,[],,['51381'],[0.4812428653240204],['title_description']
一个金字旁一个贝念什么,['51382'],[],title_description,3,0,[],,"['51381', '51590', '51388']","[0.4812428653240204, 0.4741453528404236, 0.4707046151161194]","['title_description', 'title_description', 'title_description']"
一个门一个虫念什么,['51382'],[],title_description,1,0,[],,['51381'],[0.5054913759231567],['title_description']
一个门一个虫念什么,['51382'],[],title_description,3,1,['51382'],3.0,"['51381', '51388', '51382']","[0.5054913759231567, 0.5040748119354248, 0.4975329041481018]","['title_description', 'title_description', 'title_description']"
一个骨一个各读什么,['51382'],[],title_description,1,1,['51382'],1.0,['51382'],[0.5047520399093628],['title_description']
一个骨一个各读什么,['51382'],[],title_description,3,1,['51382'],1.0,"['51382', '51381', '51388']","[0.5047520399093628, 0.49309924244880676, 0.46596378087997437]","['title_description', 'title_description', 'title_description']"
三个土字念什么,['51382'],[],title_description,1,0,[],,['51381'],[0.510895848274231],['title_description']
三个土字念什么,['51382'],[],title_description,3,1,['51382'],2.0,"['51381', '51382', '51388']","[0.510895848274231, 0.49262452125549316, 0.46915340423583984]","['title_description', 'title_description', 'title_description']"
三撇的字有哪些,['51382'],[],title_description,1,1,['51382'],1.0,['51382'],[0.5655173659324646],['title_description']
三撇的字有哪些,['51382'],[],title_description,3,1,['51382'],1.0,"['51382', '51381', '51388']","[0.5655173659324646, 0.553604006767273, 0.5121977925300598]","['title_description', 'title_description', 'title_description']"
三滴水加完怎么念,['51382'],[],title_description,1,1,['51382'],1.0,['51382'],[0.4912446141242981],['title_description']
三滴水加完怎么念,['51382'],[],title_description,3,1,['51382'],1.0,"['51382', '51388', '51381']","[0.4912446141242981, 0.4736655354499817, 0.4686872065067291]","['title_description', 'title_description', 'title_description']"
三点水一个屯怎么读,['51382'],[],title_description,1,1,['51382'],1.0,['51382'],[0.5194181203842163],['title_description']
三点水一个屯怎么读,['51382'],[],title_description,3,1,['51382'],1.0,"['51382', '51381', '51388']","[0.5194181203842163, 0.5107829570770264, 0.4724887013435364]","['title_description', 'title_description', 'title_description']"
三点水加完怎么读,['51382'],[],title_description,1,1,['51382'],1.0,['51382'],[0.5470718145370483],['title_description']
三点水加完怎么读,['51382'],[],title_description,3,1,['51382'],1.0,"['51382', '51381', '51388']","[0.5470718145370483, 0.5204828381538391, 0.501015841960907]","['title_description', 'title_description', 'title_description']"
三点水加昆字念什么,['51382'],[],title_description,1,0,[],,['51381'],[0.529629111289978],['title_description']
三点水加昆字念什么,['51382'],[],title_description,3,1,['51382'],2.0,"['51381', '51382', '51388']","[0.529629111289978, 0.5181587934494019, 0.48993515968322754]","['title_description', 'title_description', 'title_description']"
三点水有念什么,['51382'],[],title_description,1,0,[],,['51381'],[0.5108429193496704],['title_description']
三点水有念什么,['51382'],[],title_description,3,1,['51382'],2.0,"['51381', '51382', '51388']","[0.5108429193496704, 0.5091772079467773, 0.4712564945220947]","['title_description', 'title_description', 'title_description']"
三点水那个字,['51382'],[],title_description,1,1,['51382'],1.0,['51382'],[0.5493024587631226],['title_description']
三点水那个字,['51382'],[],title_description,3,1,['51382'],1.0,"['51382', '51381', '51388']","[0.5493024587631226, 0.5397435426712036, 0.505497932434082]","['title_description', 'title_description', 'title_description']"
上面一个处下面一个日读什么,['51382'],[],title_description,1,1,['51382'],1.0,['51382'],[0.47645944356918335],['title_description']
上面一个处下面一个日读什么,['51382'],[],title_description,3,1,['51382'],1.0,"['51382', '51381', '51388']","[0.47645944356918335, 0.4741198420524597, 0.47104889154434204]","['title_description', 'title_description', 'title_description']"
上面一个矛一个反文旁下面一个鸟,['51382'],[],title_description,1,1,['51382'],1.0,['51382'],[0.5216337442398071],['title_description']
上面一个矛一个反文旁下面一个鸟,['51382'],[],title_description,3,1,['51382'],1.0,"['51382', '51388', '51381']","[0.5216337442398071, 0.5124396085739136, 0.502289891242981]","['title_description', 'title_description', 'title_description']"
上面一个羽下面一个隹,['51382'],[],title_description,1,1,['51382'],1.0,['51382'],[0.5604375600814819],['title_description']
上面一个羽下面一个隹,['51382'],[],title_description,3,1,['51382'],1.0,"['51382', '51381', '51388']","[0.5604375600814819, 0.553429126739502, 0.5426239967346191]","['title_description', 'title_description', 'title_description']"
上面宝盖头下面石头的石是什么字,['51382'],[],title_description,1,1,['51382'],1.0,['51382'],[0.5101684331893921],['title_description']
上面宝盖头下面石头的石是什么字,['51382'],[],title_description,3,1,['51382'],1.0,"['51382', '51381', '51388']","[0.5101684331893921, 0.4832439422607422, 0.4588770866394043]","['title_description', 'title_description', 'title_description']"
不下面一个一念什么,['51382'],[],title_description,1,0,[],,['51381'],[0.5418707132339478],['title_description']
不下面一个一念什么,['51382'],[],title_description,3,1,['51382'],2.0,"['51381', '51382', '51388']","[0.5418707132339478, 0.5402734279632568, 0.5308628082275391]","['title_description', 'title_description', 'title_description']"
不皿是什么字,['51382'],[],title_description,1,0,[],,['51381'],[0.5472701191902161],['title_description']
不皿是什么字,['51382'],[],title_description,3,1,['51382'],3.0,"['51381', '51388', '51382']","[0.5472701191902161, 0.5317686796188354, 0.5311610102653503]","['title_description', 'title_description', 'title_description']"
世界上最难的字,['51382'],[],title_description,1,1,['51382'],1.0,['51382'],[0.5446435213088989],['title_description']
世界上最难的字,['51382'],[],title_description,3,1,['51382'],1.0,"['51382', '51381', '51388']","[0.5446435213088989, 0.5410735607147217, 0.5208898186683655]","['title_description', 'title_description', 'title_description']"
之同音字,['51382'],[],title_description,1,0,[],,['51381'],[0.8032313585281372],['title_description']
之同音字,['51382'],[],title_description,3,1,['51382'],3.0,"['51381', '51388', '51382']","[0.8032313585281372, 0.6735210418701172, 0.6727334260940552]","['title_description', 'title_description', 'title_description']"
也在土后面是什么字,['51382'],[],title_description,1,0,[],,['51381'],[0.548020601272583],['title_description']
也在土后面是什么字,['51382'],[],title_description,3,1,['51382'],2.0,"['51381', '51382', '51388']","[0.548020601272583, 0.5472814440727234, 0.5064842700958252]","['title_description', 'title_description', 'title_description']"
了口是什么字,['51382'],[],title_description,1,0,[],,['51381'],[0.5292382836341858],['title_description']
了口是什么字,['51382'],[],title_description,3,1,['51382'],3.0,"['51381', '51388', '51382']","[0.5292382836341858, 0.5146501064300537, 0.514594316482544]","['title_description', 'title_description', 'title_description']"
二声的bin,['51382'],[],title_description,1,0,[],,['51388'],[0.5622386932373047],['title_description']
二声的bin,['51382'],[],title_description,3,1,['51382'],3.0,"['51388', '51381', '51382']","[0.5622386932373047, 0.539169192314148, 0.5224965810775757]","['title_description', 'title_description', 'title_description']"
于加,['51382'],[],title_description,1,0,[],,['51323'],[0.5137718915939331],['title_description']
于加,['51382'],[],title_description,3,0,[],,"['51323', '51381', '61111']","[0.5137718915939331, 0.5093213319778442, 0.49961161613464355]","['title_description', 'title_description', 'title_description']"
五行属水的字,['51382'],[],title_description,1,0,[],,['51381'],[0.5800961256027222],['title_description']
五行属水的字,['51382'],[],title_description,3,1,['51382'],2.0,"['51381', '51382', '51380']","[0.5800961256027222, 0.536605715751648, 0.49736112356185913]","['title_description', 'title_description', 'title_description']"
党字头下面黄字念什么,['51382'],[],title_description,1,0,[],,['51381'],[0.555175244808197],['title_description']
党字头下面黄字念什么,['51382'],[],title_description,3,1,['51382'],2.0,"['51381', '51382', '51388']","[0.555175244808197, 0.5472211241722107, 0.5221612453460693]","['title_description', 'title_description', 'title_description']"
加一个走之旁念什么,['51382'],[],title_description,1,1,['51382'],1.0,['51382'],[0.5056372880935669],['title_description']
加一个走之旁念什么,['51382'],[],title_description,3,1,['51382'],1.0,"['51382', '51381', '51388']","[0.5056372880935669, 0.49017834663391113, 0.47653210163116455]","['title_description', 'title_description', 'title_description']"
十二画字有哪些,['51382'],[],title_description,1,1,['51382'],1.0,['51382'],[0.5935753583908081],['title_description']
十二画字有哪些,['51382'],[],title_description,3,1,['51382'],1.0,"['51382', '51381', '51380']","[0.5935753583908081, 0.5881490707397461, 0.5505823493003845]","['title_description', 'title_description', 'title_description']"
单人旁加个同读什么,['51382'],[],title_description,1,0,[],,['51381'],[0.5753800272941589],['title_description']
单人旁加个同读什么,['51382'],[],title_description,3,1,['51382'],2.0,"['51381', '51382', '51388']","[0.5753800272941589, 0.5151162147521973, 0.4854682683944702]","['title_description', 'title_description', 'title_description']"
占加偏旁组成新字,['51382'],[],title_description,1,1,['51382'],1.0,['51382'],[0.558711051940918],['title_description']
占加偏旁组成新字,['51382'],[],title_description,3,1,['51382'],1.0,"['51382', '51381', '51388']","[0.558711051940918, 0.5249526500701904, 0.48903414607048035]","['title_description', 'title_description', 'title_description']"
反字旁的字,['51382'],[],title_description,1,1,['51382'],1.0,['51382'],[0.597407877445221],['title_description']
反字旁的字,['51382'],[],title_description,3,1,['51382'],1.0,"['51382', '51381', '51388']","[0.597407877445221, 0.5705434083938599, 0.5603376626968384]","['title_description', 'title_description', 'title_description']"
反犬旁加一个犬字念什么,['51382'],[],title_description,1,0,[],,['51388'],[0.5000898838043213],['title_description']
反犬旁加一个犬字念什么,['51382'],[],title_description,3,1,['51382'],2.0,"['51388', '51382', '51381']","[0.5000898838043213, 0.49172189831733704, 0.4912857413291931]","['title_description', 'title_description', 'title_description']"
呈耳刀念什么,['51382'],[],title_description,1,0,[],,['51388'],[0.4993220865726471],['title_description']
呈耳刀念什么,['51382'],[],title_description,3,1,['51382'],3.0,"['51388', '51381', '51382']","[0.4993220865726471, 0.4979318678379059, 0.4844001829624176]","['title_description', 'title_description', 'title_description']"
呈耳朵旁是什么字,['51382'],[],title_description,1,0,[],,['51381'],[0.5386267900466919],['title_description']
呈耳朵旁是什么字,['51382'],[],title_description,3,1,['51382'],3.0,"['51381', '51388', '51382']","[0.5386267900466919, 0.5207929611206055, 0.5159984230995178]","['title_description', 'title_description', 'title_description']"
告字加耳刀念什么,['51382'],[],title_description,1,0,[],,['51381'],[0.5210955142974854],['title_description']
告字加耳刀念什么,['51382'],[],title_description,3,1,['51382'],2.0,"['51381', '51382', '51388']","[0.5210955142974854, 0.5108920335769653, 0.5076552033424377]","['title_description', 'title_description', 'title_description']"
噎同音字,['51382'],[],title_description,1,0,[],,['51381'],[0.6076935529708862],['title_description']
噎同音字,['51382'],[],title_description,3,1,['51382'],3.0,"['51381', '51388', '51382']","[0.6076935529708862, 0.5313977599143982, 0.5159514546394348]","['title_description', 'title_description', 'title_description']"
四个又念什么字,['51382'],[],title_description,1,0,[],,['51381'],[0.5858202576637268],['title_description']
四个又念什么字,['51382'],[],title_description,3,1,['51382'],2.0,"['51381', '51382', '51388']","[0.5858202576637268, 0.5743348598480225, 0.5663857460021973]","['title_description', 'title_description', 'title_description']"
土亏加起来是什么字,['51382'],[],title_description,1,0,[],,['51381'],[0.5137759447097778],['title_description']
土亏加起来是什么字,['51382'],[],title_description,3,1,['51382'],2.0,"['51381', '51382', '51388']","[0.5137759447097778, 0.5089902877807617, 0.486943781375885]","['title_description', 'title_description', 'title_description']"
夸瓜合起来念什么,['51382'],[],title_description,1,0,[],,['51388'],[0.5079101324081421],['title_description']
夸瓜合起来念什么,['51382'],[],title_description,3,0,[],,"['51388', '51387', '51381']","[0.5079101324081421, 0.4984194040298462, 0.4928865432739258]","['title_description', 'title_description', 'title_description']"
女字旁加是念什么,['51382'],[],title_description,1,0,[],,['51381'],[0.5136962532997131],['title_description']
女字旁加是念什么,['51382'],[],title_description,3,1,['51382'],2.0,"['51381', '51382', '51388']","[0.5136962532997131, 0.4991587996482849, 0.4772017002105713]","['title_description', 'title_description', 'title_description']"
女字旁加臣念什么字,['51382'],[],title_description,1,0,[],,['51381'],[0.5451951026916504],['title_description']
女字旁加臣念什么字,['51382'],[],title_description,3,1,['51382'],2.0,"['51381', '51382', '51380']","[0.5451951026916504, 0.5286206007003784, 0.5045408010482788]","['title_description', 'title_description', 'title_description']"
妹和妺的读音区别,['51382'],[],title_description,1,0,[],,['51388'],[0.5038838386535645],['title_description']
妹和妺的读音区别,['51382'],[],title_description,3,1,['51382'],3.0,"['51388', '51381', '51382']","[0.5038838386535645, 0.49904394149780273, 0.4781300127506256]","['title_description', 'title_description', 'title_description']"
子下面一个心读什么,['51382'],[],title_description,1,0,[],,['51381'],[0.5038440227508545],['title_description']
子下面一个心读什么,['51382'],[],title_description,3,1,['51382'],3.0,"['51381', '51388', '51382']","[0.5038440227508545, 0.49194157123565674, 0.48493143916130066]","['title_description', 'title_description', 'title_description']"
字旁的字有哪些,['51382'],[],title_description,1,0,[],,['51381'],[0.6400793790817261],['title_description']
字旁的字有哪些,['51382'],[],title_description,3,1,['51382'],2.0,"['51381', '51382', '51388']","[0.6400793790817261, 0.6387161016464233, 0.5650138854980469]","['title_description', 'title_description', 'title_description']"
就加鸟念什么,['51382'],[],title_description,1,0,[],,['51381'],[0.488475501537323],['title_description']
就加鸟念什么,['51382'],[],title_description,3,1,['51382'],3.0,"['51381', '51388', '51382']","[0.488475501537323, 0.4808618426322937, 0.47975414991378784]","['title_description', 'title_description', 'title_description']"
属金的字有哪些,['51382'],[],title_description,1,0,[],,['51381'],[0.5886971950531006],['title_description']
属金的字有哪些,['51382'],[],title_description,3,1,['51382'],2.0,"['51381', '51382', '51590']","[0.5886971950531006, 0.5380533933639526, 0.5272642970085144]","['title_description', 'title_description', 'title_description']"
山下面有个今怎么读,['51382'],[],title_description,1,0,[],,['51377'],[0.48170721530914307],['title_description']
山下面有个今怎么读,['51382'],[],title_description,3,0,[],,"['51377', '51381', '51388']","[0.48170721530914307, 0.4791194200515747, 0.4762265086174011]","['title_description', 'title_description', 'title_description']"
山加我读什么字,['51382'],[],title_description,1,0,[],,['51381'],[0.4891296625137329],['title_description']
山加我读什么字,['51382'],[],title_description,3,1,['51382'],2.0,"['51381', '51382', '51388']","[0.4891296625137329, 0.4836391806602478, 0.46108514070510864]","['title_description', 'title_description', 'title_description']"
山豆页念什么,['51382'],[],title_description,1,0,[],,['51388'],[0.47026804089546204],['title_description']
山豆页念什么,['51382'],[],title_description,3,1,['51382'],3.0,"['51388', '51381', '51382']","[0.47026804089546204, 0.4675925076007843, 0.45162904262542725]","['title_description', 'title_description', 'title_description']"
左虫右卑念什么,['51382'],[],title_description,1,0,[],,['51388'],[0.5232049822807312],['title_description']
左虫右卑念什么,['51382'],[],title_description,3,1,['51382'],3.0,"['51388', '51381', '51382']","[0.5232049822807312, 0.50702303647995, 0.5063008069992065]","['title_description', 'title_description', 'title_description']"
已加一笔是什么字,['51382'],[],title_description,1,1,['51382'],1.0,['51382'],[0.5708687901496887],['title_description']
已加一笔是什么字,['51382'],[],title_description,3,1,['51382'],1.0,"['51382', '51381', '51388']","[0.5708687901496887, 0.5585418939590454, 0.5389832258224487]","['title_description', 'title_description', 'title_description']"
带王的字,['51382'],[],title_description,1,0,[],,['51381'],[0.5773251056671143],['title_description']
带王的字,['51382'],[],title_description,3,1,['51382'],2.0,"['51381', '51382', '51388']","[0.5773251056671143, 0.5642796158790588, 0.5221985578536987]","['title_description', 'title_description', 'title_description']"
弓加山加又字念什么,['51382'],[],title_description,1,1,['51382'],1.0,['51382'],[0.48970770835876465],['title_description']
弓加山加又字念什么,['51382'],[],title_description,3,1,['51382'],1.0,"['51382', '51381', '51388']","[0.48970770835876465, 0.47749921679496765, 0.4552839398384094]","['title_description', 'title_description', 'title_description']"
弓肖,['51382'],[],title_description,1,0,[],,['51381'],[0.524333119392395],['title_description']
弓肖,['51382'],[],title_description,3,1,['51382'],3.0,"['51381', '51388', '51382']","[0.524333119392395, 0.5167704224586487, 0.5050663948059082]","['title_description', 'title_description', 'title_description']"
心字旁的字,['51382'],[],title_description,1,0,[],,['51381'],[0.5724858045578003],['title_description']
心字旁的字,['51382'],[],title_description,3,1,['51382'],2.0,"['51381', '51382', '51388']","[0.5724858045578003, 0.5578463077545166, 0.5160659551620483]","['title_description', 'title_description', 'title_description']"
拼音pu,['51382'],[],title_description,1,0,[],,['51381'],[0.6860981583595276],['title_description']
拼音pu,['51382'],[],title_description,3,1,['51382'],3.0,"['51381', '51388', '51382']","[0.6860981583595276, 0.6837936639785767, 0.6283257007598877]","['title_description', 'title_description', 'title_description']"
提手旁一个句怎么读,['51382'],[],title_description,1,1,['51382'],1.0,['51382'],[0.49141520261764526],['title_description']
提手旁一个句怎么读,['51382'],[],title_description,3,1,['51382'],1.0,"['51382', '51388', '52336']","[0.49141520261764526, 0.4730129837989807, 0.4694940149784088]","['title_description', 'title_description', 'title_description']"
提手旁加旁念什么,['51382'],[],title_description,1,1,['51382'],1.0,['51382'],[0.49724769592285156],['title_description']
提手旁加旁念什么,['51382'],[],title_description,3,1,['51382'],1.0,"['51382', '51381', '51388']","[0.49724769592285156, 0.4750281274318695, 0.4592250883579254]","['title_description', 'title_description', 'title_description']"
提手旁的有哪些字,['51382'],[],title_description,1,1,['51382'],1.0,['51382'],[0.5874131917953491],['title_description']
提手旁的有哪些字,['51382'],[],title_description,3,1,['51382'],1.0,"['51382', '51381', '51388']","[0.5874131917953491, 0.5653219819068909, 0.5212246179580688]","['title_description', 'title_description', 'title_description']"
日出的拼音,['51382'],[],title_description,1,0,[],,['51388'],[0.5026472806930542],['title_description']
日出的拼音,['51382'],[],title_description,3,1,['51382'],3.0,"['51388', '51381', '51382']","[0.5026472806930542, 0.5000044107437134, 0.4715462327003479]","['title_description', 'title_description', 'title_description']"
日加立念什么字,['51382'],[],title_description,1,0,[],,['51381'],[0.504568338394165],['title_description']
日加立念什么字,['51382'],[],title_description,3,0,[],,"['51381', '51388', '51323']","[0.504568338394165, 0.49871009588241577, 0.49806028604507446]","['title_description', 'title_description', 'title_description']"
日字旁有什么字,['51382'],[],title_description,1,0,[],,['51381'],[0.5550941228866577],['title_description']
日字旁有什么字,['51382'],[],title_description,3,1,['51382'],2.0,"['51381', '51382', '51388']","[0.5550941228866577, 0.5504940748214722, 0.49813133478164673]","['title_description', 'title_description', 'title_description']"
月加完念什么,['51382'],[],title_description,1,0,[],,['51323'],[0.5061613321304321],['title_description']
月加完念什么,['51382'],[],title_description,3,0,[],,"['51323', '61111', '51381']","[0.5061613321304321, 0.4918883442878723, 0.49108582735061646]","['title_description', 'title_description', 'title_description']"
月加并,['51382'],[],title_description,1,0,[],,['61111'],[0.5935113430023193],['title_description']
月加并,['51382'],[],title_description,3,0,[],,"['61111', '62497', '5601']","[0.5935113430023193, 0.5749791264533997, 0.5728943347930908]","['title_description', 'title_description', 'title_description']"
月国怎么读,['51382'],[],title_description,1,0,[],,['51381'],[0.4564005136489868],['title_description']
月国怎么读,['51382'],[],title_description,3,0,[],,"['51381', '51388', '51323']","[0.4564005136489868, 0.4533318877220154, 0.4388986825942993]","['title_description', 'title_description', 'title_description']"
月米读什么,['51382'],[],title_description,1,0,[],,['51381'],[0.5316812992095947],['title_description']
月米读什么,['51382'],[],title_description,3,1,['51382'],3.0,"['51381', '51388', '51382']","[0.5316812992095947, 0.5314589738845825, 0.5118198394775391]","['title_description', 'title_description', 'title_description']"
木或读什么,['51382'],[],title_description,1,1,['51382'],1.0,['51382'],[0.5406054258346558],['title_description']
木或读什么,['51382'],[],title_description,3,1,['51382'],1.0,"['51382', '51381', '51388']","[0.5406054258346558, 0.5393931865692139, 0.5323551893234253]","['title_description', 'title_description', 'title_description']"
木石,['51382'],[],title_description,1,0,[],,['51388'],[0.5553578734397888],['title_description']
木石,['51382'],[],title_description,3,1,['51382'],3.0,"['51388', '51381', '51382']","[0.5553578734397888, 0.5534368753433228, 0.5248761177062988]","['title_description', 'title_description', 'title_description']"
来贝念什么,['51382'],[],title_description,1,0,[],,['51381'],[0.5418559312820435],['title_description']
来贝念什么,['51382'],[],title_description,3,1,['51382'],3.0,"['51381', '51388', '51382']","[0.5418559312820435, 0.535742998123169, 0.5032670497894287]","['title_description', 'title_description', 'title_description']"
火字旁的字有哪些,['51382'],[],title_description,1,0,[],,['51381'],[0.569415271282196],['title_description']
火字旁的字有哪些,['51382'],[],title_description,3,1,['51382'],2.0,"['51381', '51382', '51388']","[0.569415271282196, 0.5620142817497253, 0.5049351453781128]","['title_description', 'title_description', 'title_description']"
王加是什么字,['51382'],[],title_description,1,0,[],,['51381'],[0.5001178979873657],['title_description']
王加是什么字,['51382'],[],title_description,3,1,['51382'],2.0,"['51381', '51382', '51388']","[0.5001178979873657, 0.4989930987358093, 0.48771950602531433]","['title_description', 'title_description', 'title_description']"
石肖念什么,['51382'],[],title_description,1,0,[],,['51381'],[0.5078231692314148],['title_description']
石肖念什么,['51382'],[],title_description,3,1,['51382'],3.0,"['51381', '51388', '51382']","[0.5078231692314148, 0.48924368619918823, 0.4810037314891815]","['title_description', 'title_description', 'title_description']"
穴宝盖加音,['51382'],[],title_description,1,0,[],,['51381'],[0.5144346952438354],['title_description']
穴宝盖加音,['51382'],[],title_description,3,1,['51382'],2.0,"['51381', '51382', '51388']","[0.5144346952438354, 0.4919991195201874, 0.4902306795120239]","['title_description', 'title_description', 'title_description']"
竖心旁加音念什么,['51382'],[],title_description,1,0,[],,['51381'],[0.5171339511871338],['title_description']
竖心旁加音念什么,['51382'],[],title_description,3,1,['51382'],3.0,"['51381', '51388', '51382']","[0.5171339511871338, 0.509487509727478, 0.5015523433685303]","['title_description', 'title_description', 'title_description']"
竹字头一个马字念什么,['51382'],[],title_description,1,1,['51382'],1.0,['51382'],[0.5107220411300659],['title_description']
竹字头一个马字念什么,['51382'],[],title_description,3,1,['51382'],1.0,"['51382', '51381', '51388']","[0.5107220411300659, 0.5088015794754028, 0.4909929633140564]","['title_description', 'title_description', 'title_description']"
竹字头下面一个虎念什么,['51382'],[],title_description,1,0,[],,['51381'],[0.540543794631958],['title_description']
竹字头下面一个虎念什么,['51382'],[],title_description,3,1,['51382'],2.0,"['51381', '51382', '51388']","[0.540543794631958, 0.5213876366615295, 0.5063955187797546]","['title_description', 'title_description', 'title_description']"
竹字头者,['51382'],[],title_description,1,1,['51382'],1.0,['51382'],[0.5933034420013428],['title_description']
竹字头者,['51382'],[],title_description,3,1,['51382'],1.0,"['51382', '51381', '51388']","[0.5933034420013428, 0.5904637575149536, 0.5458858609199524]","['title_description', 'title_description', 'title_description']"
米字旁的字,['51382'],[],title_description,1,1,['51382'],1.0,['51382'],[0.5601588487625122],['title_description']
米字旁的字,['51382'],[],title_description,3,1,['51382'],1.0,"['51382', '51381', '51388']","[0.5601588487625122, 0.5550328493118286, 0.5245425701141357]","['title_description', 'title_description', 'title_description']"
绞丝旁加个,['51382'],[],title_description,1,1,['51382'],1.0,['51382'],[0.5366918444633484],['title_description']
绞丝旁加个,['51382'],[],title_description,3,1,['51382'],1.0,"['51382', '51381', '51388']","[0.5366918444633484, 0.5297905206680298, 0.4939535856246948]","['title_description', 'title_description', 'title_description']"
羧同音字,['51382'],[],title_description,1,0,[],,['51381'],[0.6671162843704224],['title_description']
羧同音字,['51382'],[],title_description,3,1,['51382'],3.0,"['51381', '51388', '51382']","[0.6671162843704224, 0.569579005241394, 0.5645941495895386]","['title_description', 'title_description', 'title_description']"
羽加中念什么,['51382'],[],title_description,1,0,[],,['51381'],[0.5203463435173035],['title_description']
羽加中念什么,['51382'],[],title_description,3,1,['51382'],3.0,"['51381', '51388', '51382']","[0.5203463435173035, 0.5006879568099976, 0.4962165653705597]","['title_description', 'title_description', 'title_description']"
草字头下面一个的读什么,['51382'],[],title_description,1,1,['51382'],1.0,['51382'],[0.49145644903182983],['title_description']
草字头下面一个的读什么,['51382'],[],title_description,3,1,['51382'],1.0,"['51382', '51381', '51388']","[0.49145644903182983, 0.4896664023399353, 0.48635929822921753]","['title_description', 'title_description', 'title_description']"
草字头下面高念什么,['51382'],[],title_description,1,0,[],,['51381'],[0.5024822950363159],['title_description']
草字头下面高念什么,['51382'],[],title_description,3,1,['51382'],2.0,"['51381', '51382', '51388']","[0.5024822950363159, 0.49519240856170654, 0.46917569637298584]","['title_description', 'title_description', 'title_description']"
草字头加,['51382'],[],title_description,1,1,['51382'],1.0,['51382'],[0.5344175100326538],['title_description']
草字头加,['51382'],[],title_description,3,1,['51382'],1.0,"['51382', '51381', '51380']","[0.5344175100326538, 0.5150450468063354, 0.4939393401145935]","['title_description', 'title_description', 'title_description']"
草字头加丙念什么,['51382'],[],title_description,1,1,['51382'],1.0,['51382'],[0.48621758818626404],['title_description']
草字头加丙念什么,['51382'],[],title_description,3,1,['51382'],1.0,"['51382', '51381', '51388']","[0.48621758818626404, 0.4857714772224426, 0.4701375961303711]","['title_description', 'title_description', 'title_description']"
草字头加焉,['51382'],[],title_description,1,1,['51382'],1.0,['51382'],[0.4844387173652649],['title_description']
草字头加焉,['51382'],[],title_description,3,1,['51382'],1.0,"['51382', '51381', '51388']","[0.4844387173652649, 0.47309860587120056, 0.4547860622406006]","['title_description', 'title_description', 'title_description']"
草字头我念什么,['51382'],[],title_description,1,0,[],,['51381'],[0.5344518423080444],['title_description']
草字头我念什么,['51382'],[],title_description,3,1,['51382'],2.0,"['51381', '51382', '51388']","[0.5344518423080444, 0.5297382473945618, 0.5005622506141663]","['title_description', 'title_description', 'title_description']"
莫的同音字,['51382'],[],title_description,1,0,[],,['51381'],[0.6115192174911499],['title_description']
莫的同音字,['51382'],[],title_description,3,1,['51382'],2.0,"['51381', '51382', '51388']","[0.6115192174911499, 0.5342501401901245, 0.526656985282898]","['title_description', 'title_description', 'title_description']"
衣字旁者,['51382'],[],title_description,1,0,[],,['51381'],[0.5684554576873779],['title_description']
衣字旁者,['51382'],[],title_description,3,1,['51382'],2.0,"['51381', '51382', '51388']","[0.5684554576873779, 0.5532655119895935, 0.5273222327232361]","['title_description', 'title_description', 'title_description']"
衣补旁,['51382'],[],title_description,1,1,['51382'],1.0,['51382'],[0.5025650262832642],['title_description']
衣补旁,['51382'],[],title_description,3,1,['51382'],1.0,"['51382', '51381', '51388']","[0.5025650262832642, 0.5001090168952942, 0.48688364028930664]","['title_description', 'title_description', 'title_description']"
言字旁加个先,['51382'],[],title_description,1,1,['51382'],1.0,['51382'],[0.5406435132026672],['title_description']
言字旁加个先,['51382'],[],title_description,3,1,['51382'],1.0,"['51382', '51381', '51388']","[0.5406435132026672, 0.5393020510673523, 0.5143566131591797]","['title_description', 'title_description', 'title_description']"
言字旁加音念什么,['51382'],[],title_description,1,0,[],,['51381'],[0.5915855169296265],['title_description']
言字旁加音念什么,['51382'],[],title_description,3,1,['51382'],2.0,"['51381', '51382', '51388']","[0.5915855169296265, 0.564231276512146, 0.5521939992904663]","['title_description', 'title_description', 'title_description']"
讠字旁的字,['51382'],[],title_description,1,0,[],,['51381'],[0.5827631950378418],['title_description']
讠字旁的字,['51382'],[],title_description,3,1,['51382'],2.0,"['51381', '51382', '51388']","[0.5827631950378418, 0.5535767078399658, 0.5331827998161316]","['title_description', 'title_description', 'title_description']"
走之字底的字,['51382'],[],title_description,1,1,['51382'],1.0,['51382'],[0.5237058401107788],['title_description']
走之字底的字,['51382'],[],title_description,3,1,['51382'],1.0,"['51382', '51381', '51388']","[0.5237058401107788, 0.5064563155174255, 0.46604254841804504]","['title_description', 'title_description', 'title_description']"
酉加是怎么读,['51382'],[],title_description,1,0,[],,['51381'],[0.5070210695266724],['title_description']
酉加是怎么读,['51382'],[],title_description,3,1,['51382'],3.0,"['51381', '51388', '51382']","[0.5070210695266724, 0.49340003728866577, 0.48724740743637085]","['title_description', 'title_description', 'title_description']"
金字旁了,['51382'],[],title_description,1,1,['51382'],1.0,['51382'],[0.5962949991226196],['title_description']
金字旁了,['51382'],[],title_description,3,1,['51382'],1.0,"['51382', '51381', '51388']","[0.5962949991226196, 0.5944773554801941, 0.5539118051528931]","['title_description', 'title_description', 'title_description']"
金字旁加一个高念什么,['51382'],[],title_description,1,0,[],,['51381'],[0.5194995403289795],['title_description']
金字旁加一个高念什么,['51382'],[],title_description,3,1,['51382'],2.0,"['51381', '51382', '51388']","[0.5194995403289795, 0.5073865652084351, 0.48389431834220886]","['title_description', 'title_description', 'title_description']"
金字旁来读什么,['51382'],[],title_description,1,0,[],,['51381'],[0.5470764636993408],['title_description']
金字旁来读什么,['51382'],[],title_description,3,1,['51382'],2.0,"['51381', '51382', '51388']","[0.5470764636993408, 0.5432758927345276, 0.5215025544166565]","['title_description', 'title_description', 'title_description']"
钅字旁加个,['51382'],[],title_description,1,0,[],,['51381'],[0.5382591485977173],['title_description']
钅字旁加个,['51382'],[],title_description,3,1,['51382'],2.0,"['51381', '51382', '51388']","[0.5382591485977173, 0.5033252835273743, 0.489163339138031]","['title_description', 'title_description', 'title_description']"
闲的同音字有哪些,['51382'],[],title_description,1,0,[],,['51381'],[0.691148042678833],['title_description']
闲的同音字有哪些,['51382'],[],title_description,3,1,['51382'],3.0,"['51381', '51388', '51382']","[0.691148042678833, 0.5883820652961731, 0.5759787559509277]","['title_description', 'title_description', 'title_description']"
雀同音字,['51382'],[],title_description,1,0,[],,['51381'],[0.6379385590553284],['title_description']
雀同音字,['51382'],[],title_description,3,1,['51382'],3.0,"['51381', '51388', '51382']","[0.6379385590553284, 0.5562425851821899, 0.5432891845703125]","['title_description', 'title_description', 'title_description']"
食字旁加虫是什么字,['51382'],[],title_description,1,0,[],,['51381'],[0.540540337562561],['title_description']
食字旁加虫是什么字,['51382'],[],title_description,3,1,['51382'],3.0,"['51381', '51388', '51382']","[0.540540337562561, 0.5275103449821472, 0.5235973000526428]","['title_description', 'title_description', 'title_description']"
骨鸟合起来读什么字,['51382'],[],title_description,1,0,[],,['51381'],[0.5180537700653076],['title_description']
骨鸟合起来读什么字,['51382'],[],title_description,3,1,['51382'],2.0,"['51381', '51382', '51388']","[0.5180537700653076, 0.5088011026382446, 0.49242180585861206]","['title_description', 'title_description', 'title_description']"
