query,gold_ids,missing_gold_ids,view,k,pass_at_k,hit_ids,first_hit_rank,recall_ids,recall_scores,recall_views
14年名图1.8油耗多少,['50574'],[],description,1,0,[],,['50760'],[0.41542690992355347],['description']
14年名图1.8油耗多少,['50574'],[],description,3,1,['50574'],3.0,"['50760', '5271', '50574']","[0.41542690992355347, 0.3873249888420105, 0.383563756942749]","['description', 'description', 'description']"
2017款途昂,['50574'],[],description,1,0,[],,['50760'],[0.5091099739074707],['description']
2017款途昂,['50574'],[],description,3,0,[],,"['50760', '5819', '5271']","[0.5091099739074707, 0.47923988103866577, 0.47639018297195435]","['description', 'description', 'description']"
2019款迈腾,['50574'],[],description,1,0,[],,['50760'],[0.5251126289367676],['description']
2019款迈腾,['50574'],[],description,3,0,[],,"['50760', '5819', '5271']","[0.5251126289367676, 0.4753594994544983, 0.47196581959724426]","['description', 'description', 'description']"
2020款起亚kx3傲跑轮胎型号尺寸,['50574'],[],description,1,0,[],,['4526'],[0.42037129402160645],['description']
2020款起亚kx3傲跑轮胎型号尺寸,['50574'],[],description,3,0,[],,"['4526', '50760', '5819']","[0.42037129402160645, 0.40488409996032715, 0.37154385447502136]","['description', 'description', 'description']"
2021款本田crv,['50574'],[],description,1,0,[],,['50760'],[0.5042399764060974],['description']
2021款本田crv,['50574'],[],description,3,0,[],,"['50760', '5271', '5819']","[0.5042399764060974, 0.4817948341369629, 0.4728633761405945]","['description', 'description', 'description']"
2025款轩逸配置参数,['50574'],[],description,1,0,[],,['50760'],[0.48865753412246704],['description']
2025款轩逸配置参数,['50574'],[],description,3,0,[],,"['50760', '5271', '5819']","[0.48865753412246704, 0.47272634506225586, 0.45650672912597656]","['description', 'description', 'description']"
2026款吉利博越,['50574'],[],description,1,0,[],,['50760'],[0.4296189844608307],['description']
2026款吉利博越,['50574'],[],description,3,1,['50574'],3.0,"['50760', '5271', '50574']","[0.4296189844608307, 0.4250528812408447, 0.41767627000808716]","['description', 'description', 'description']"
2027款汉兰达,['50574'],[],description,1,0,[],,['50760'],[0.4685528874397278],['description']
2027款汉兰达,['50574'],[],description,3,1,['50574'],3.0,"['50760', '5271', '50574']","[0.4685528874397278, 0.43977075815200806, 0.429557740688324]","['description', 'description', 'description']"
a1,['50574'],[],description,1,0,[],,['60977'],[0.5780260562896729],['description']
a1,['50574'],[],description,3,0,[],,"['60977', '51388', '85']","[0.5780260562896729, 0.547394871711731, 0.5350171327590942]","['description', 'description', 'description']"
envix本田什么车,['50574'],[],description,1,0,[],,['5271'],[0.5226808190345764],['description']
envix本田什么车,['50574'],[],description,3,0,[],,"['5271', '50760', '4526']","[0.5226808190345764, 0.4584616422653198, 0.45228782296180725]","['description', 'description', 'description']"
g873,['50574'],[],description,1,0,[],,['60977'],[0.5150688886642456],['description']
g873,['50574'],[],description,3,0,[],,"['60977', '51388', '85']","[0.5150688886642456, 0.4923349916934967, 0.4839295744895935]","['description', 'description', 'description']"
gls450落地价大概多少,['50574'],[],description,1,0,[],,['60338'],[0.5516895055770874],['description']
gls450落地价大概多少,['50574'],[],description,3,0,[],,"['60338', '50760', '4526']","[0.5516895055770874, 0.528141975402832, 0.4954339265823364]","['description', 'description', 'description']"
inspire,['50574'],[],description,1,0,[],,['85'],[0.4869880974292755],['description']
inspire,['50574'],[],description,3,0,[],,"['85', '50143', '23']","[0.4869880974292755, 0.4762992262840271, 0.46835240721702576]","['description', 'description', 'description']"
m7,['50574'],[],description,1,0,[],,['51388'],[0.5041905641555786],['description']
m7,['50574'],[],description,3,0,[],,"['51388', '60977', '51323']","[0.5041905641555786, 0.5030421018600464, 0.4990897476673126]","['description', 'description', 'description']"
rocket,['50574'],[],description,1,0,[],,['51044'],[0.5022615194320679],['description']
rocket,['50574'],[],description,3,0,[],,"['51044', '51323', '60977']","[0.5022615194320679, 0.4852689504623413, 0.48454949259757996]","['description', 'description', 'description']"
x7是什么车,['50574'],[],description,1,0,[],,['5271'],[0.5154927372932434],['description']
x7是什么车,['50574'],[],description,3,0,[],,"['5271', '4526', '5819']","[0.5154927372932434, 0.4842170178890228, 0.48171067237854004]","['description', 'description', 'description']"
xc60参数配置,['50574'],[],description,1,0,[],,['4526'],[0.598774254322052],['description']
xc60参数配置,['50574'],[],description,3,0,[],,"['4526', '5819', '50760']","[0.598774254322052, 0.5304134488105774, 0.520880401134491]","['description', 'description', 'description']"
上汽大众凌渡,['50574'],[],description,1,1,['50574'],1.0,['50574'],[0.47062981128692627],['description']
上汽大众凌渡,['50574'],[],description,3,1,['50574'],1.0,"['50574', '5819', '50760']","[0.47062981128692627, 0.4702095091342926, 0.4593226909637451]","['description', 'description', 'description']"
东风日产n7,['50574'],[],description,1,0,[],,['5271'],[0.40591758489608765],['description']
东风日产n7,['50574'],[],description,3,1,['50574'],3.0,"['5271', '5819', '50574']","[0.40591758489608765, 0.3871547281742096, 0.3612386882305145]","['description', 'description', 'description']"
东风日产nx8价格及图片,['50574'],[],description,1,0,[],,['5271'],[0.41498681902885437],['description']
东风日产nx8价格及图片,['50574'],[],description,3,0,[],,"['5271', '60338', '4526']","[0.41498681902885437, 0.4022587537765503, 0.40104010701179504]","['description', 'description', 'description']"
丰田卡罗拉锐放2026款报价及图片,['50574'],[],description,1,0,[],,['50760'],[0.47218310832977295],['description']
丰田卡罗拉锐放2026款报价及图片,['50574'],[],description,3,1,['50574'],2.0,"['50760', '50574', '4526']","[0.47218310832977295, 0.433538019657135, 0.4154967665672302]","['description', 'description', 'description']"
丰田威兰达价格及图片,['50574'],[],description,1,0,[],,['50760'],[0.4914911389350891],['description']
丰田威兰达价格及图片,['50574'],[],description,3,0,[],,"['50760', '4526', '5819']","[0.4914911389350891, 0.45819753408432007, 0.4541502594947815]","['description', 'description', 'description']"
丰田霸道,['50574'],[],description,1,0,[],,['5271'],[0.4947025775909424],['description']
丰田霸道,['50574'],[],description,3,0,[],,"['5271', '50760', '5819']","[0.4947025775909424, 0.4854757785797119, 0.472664475440979]","['description', 'description', 'description']"
五菱宏光缤果,['50574'],[],description,1,0,[],,['5271'],[0.49753832817077637],['description']
五菱宏光缤果,['50574'],[],description,3,1,['50574'],3.0,"['5271', '5819', '50574']","[0.49753832817077637, 0.45066484808921814, 0.4472503662109375]","['description', 'description', 'description']"
五菱星光版,['50574'],[],description,1,0,[],,['5271'],[0.4792497754096985],['description']
五菱星光版,['50574'],[],description,3,1,['50574'],3.0,"['5271', '5819', '50574']","[0.4792497754096985, 0.46756649017333984, 0.45311927795410156]","['description', 'description', 'description']"
五菱神车指的是哪一款,['50574'],[],description,1,0,[],,['5271'],[0.5240919589996338],['description']
五菱神车指的是哪一款,['50574'],[],description,3,1,['50574'],3.0,"['5271', '5819', '50574']","[0.5240919589996338, 0.4954394996166229, 0.48580873012542725]","['description', 'description', 'description']"
仰望u8,['50574'],[],description,1,0,[],,['5271'],[0.5008932948112488],['description']
仰望u8,['50574'],[],description,3,1,['50574'],3.0,"['5271', '5819', '50574']","[0.5008932948112488, 0.48420944809913635, 0.4454670250415802]","['description', 'description', 'description']"
保时捷718,['50574'],[],description,1,0,[],,['5271'],[0.5106070637702942],['description']
保时捷718,['50574'],[],description,3,1,['50574'],3.0,"['5271', '5819', '50574']","[0.5106070637702942, 0.4905582368373871, 0.48969340324401855]","['description', 'description', 'description']"
元 up,['50574'],[],description,1,0,[],,['5271'],[0.5327460765838623],['description']
元 up,['50574'],[],description,3,0,[],,"['5271', '50760', '51323']","[0.5327460765838623, 0.5260031819343567, 0.5188099145889282]","['description', 'description', 'description']"
克莱斯勒大捷龙商务车多少钱,['50574'],[],description,1,0,[],,['60338'],[0.46177929639816284],['description']
克莱斯勒大捷龙商务车多少钱,['50574'],[],description,3,1,['50574'],2.0,"['60338', '50574', '5271']","[0.46177929639816284, 0.4441149830818176, 0.44124481081962585]","['description', 'description', 'description']"
凯美瑞2026款最新款价格,['50574'],[],description,1,0,[],,['50760'],[0.5179468989372253],['description']
凯美瑞2026款最新款价格,['50574'],[],description,3,0,[],,"['50760', '4526', '60338']","[0.5179468989372253, 0.485702782869339, 0.48552507162094116]","['description', 'description', 'description']"
凯美瑞双擎,['50574'],[],description,1,0,[],,['5819'],[0.4648299813270569],['description']
凯美瑞双擎,['50574'],[],description,3,1,['50574'],2.0,"['5819', '50574', '50760']","[0.4648299813270569, 0.45811498165130615, 0.4471694827079773]","['description', 'description', 'description']"
凯迪拉克ct5,['50574'],[],description,1,0,[],,['5271'],[0.4591708183288574],['description']
凯迪拉克ct5,['50574'],[],description,3,0,[],,"['5271', '5819', '5881']","[0.4591708183288574, 0.4516479969024658, 0.4463879466056824]","['description', 'description', 'description']"
凯迪拉克xt5最新价格2025款,['50574'],[],description,1,0,[],,['4526'],[0.5048854947090149],['description']
凯迪拉克xt5最新价格2025款,['50574'],[],description,3,0,[],,"['4526', '60338', '50760']","[0.5048854947090149, 0.48604416847229004, 0.4694957137107849]","['description', 'description', 'description']"
别克e7配置参数,['50574'],[],description,1,0,[],,['5271'],[0.48298144340515137],['description']
别克e7配置参数,['50574'],[],description,3,1,['50574'],3.0,"['5271', '5819', '50574']","[0.48298144340515137, 0.46074244379997253, 0.44900187849998474]","['description', 'description', 'description']"
别克gl8,['50574'],[],description,1,0,[],,['5271'],[0.47576403617858887],['description']
别克gl8,['50574'],[],description,3,1,['50574'],3.0,"['5271', '5819', '50574']","[0.47576403617858887, 0.4368709623813629, 0.43079477548599243]","['description', 'description', 'description']"
北京bj40,['50574'],[],description,1,0,[],,['5271'],[0.5397075414657593],['description']
北京bj40,['50574'],[],description,3,1,['50574'],3.0,"['5271', '5819', '50574']","[0.5397075414657593, 0.5025448203086853, 0.48652756214141846]","['description', 'description', 'description']"
卡罗拉双擎,['50574'],[],description,1,1,['50574'],1.0,['50574'],[0.5066210031509399],['description']
卡罗拉双擎,['50574'],[],description,3,1,['50574'],1.0,"['50574', '50760', '5819']","[0.5066210031509399, 0.5053204298019409, 0.5010849237442017]","['description', 'description', 'description']"
吉利星耀银河7,['50574'],[],description,1,0,[],,['5819'],[0.4302324056625366],['description']
吉利星耀银河7,['50574'],[],description,3,1,['50574'],2.0,"['5819', '50574', '5271']","[0.4302324056625366, 0.41981878876686096, 0.4184902310371399]","['description', 'description', 'description']"
吉利银河e5纯电动汽车价格,['50574'],[],description,1,0,[],,['5271'],[0.5011983513832092],['description']
吉利银河e5纯电动汽车价格,['50574'],[],description,3,1,['50574'],3.0,"['5271', '5819', '50574']","[0.5011983513832092, 0.4637315273284912, 0.4585743546485901]","['description', 'description', 'description']"
哈弗h6,['50574'],[],description,1,0,[],,['5271'],[0.5117456912994385],['description']
哈弗h6,['50574'],[],description,3,1,['50574'],3.0,"['5271', '5819', '50574']","[0.5117456912994385, 0.4964175224304199, 0.4898681640625]","['description', 'description', 'description']"
哈弗猛龙plus,['50574'],[],description,1,0,[],,['5819'],[0.4154292941093445],['description']
哈弗猛龙plus,['50574'],[],description,3,1,['50574'],3.0,"['5819', '5271', '50574']","[0.4154292941093445, 0.38939058780670166, 0.388750821352005]","['description', 'description', 'description']"
哪款朗逸质量最好,['50574'],[],description,1,0,[],,['50760'],[0.47459834814071655],['description']
哪款朗逸质量最好,['50574'],[],description,3,1,['50574'],3.0,"['50760', '5819', '50574']","[0.47459834814071655, 0.46909183263778687, 0.46374720335006714]","['description', 'description', 'description']"
坦克 300,['50574'],[],description,1,0,[],,['5271'],[0.47129422426223755],['description']
坦克 300,['50574'],[],description,3,1,['50574'],3.0,"['5271', '5819', '50574']","[0.47129422426223755, 0.4598618745803833, 0.4387117028236389]","['description', 'description', 'description']"
坦壳300hi4t2026款报价,['50574'],[],description,1,0,[],,['4526'],[0.40151968598365784],['description']
坦壳300hi4t2026款报价,['50574'],[],description,3,0,[],,"['4526', '50760', '60338']","[0.40151968598365784, 0.39863336086273193, 0.3671948313713074]","['description', 'description', 'description']"
埃安y,['50574'],[],description,1,0,[],,['5271'],[0.5300213694572449],['description']
埃安y,['50574'],[],description,3,1,['50574'],3.0,"['5271', '5819', '50574']","[0.5300213694572449, 0.49875545501708984, 0.4785770773887634]","['description', 'description', 'description']"
夏\,['50574'],[],description,1,0,[],,['51323'],[0.6123121976852417],['description']
夏\,['50574'],[],description,3,0,[],,"['51323', '51377', '51388']","[0.6123121976852417, 0.5565782785415649, 0.5307178497314453]","['description', 'description', 'description']"
夏多少钱一辆,['50574'],[],description,1,0,[],,['60338'],[0.6406579613685608],['description']
夏多少钱一辆,['50574'],[],description,3,0,[],,"['60338', '50760', '4526']","[0.6406579613685608, 0.5874007940292358, 0.5504378080368042]","['description', 'description', 'description']"
大众宝来1.6手动挡多少钱,['50574'],[],description,1,0,[],,['60338'],[0.4743269085884094],['description']
大众宝来1.6手动挡多少钱,['50574'],[],description,3,0,[],,"['60338', '50760', '4526']","[0.4743269085884094, 0.46262025833129883, 0.4384319484233856]","['description', 'description', 'description']"
大众帕萨特330价格,['50574'],[],description,1,0,[],,['60338'],[0.4978379011154175],['description']
大众帕萨特330价格,['50574'],[],description,3,0,[],,"['60338', '4526', '50760']","[0.4978379011154175, 0.48242777585983276, 0.46040695905685425]","['description', 'description', 'description']"
大众捷达,['50574'],[],description,1,0,[],,['5271'],[0.5177799463272095],['description']
大众捷达,['50574'],[],description,3,0,[],,"['5271', '50760', '5819']","[0.5177799463272095, 0.5001908540725708, 0.49336278438568115]","['description', 'description', 'description']"
大众朗逸1.5t落地价多少钱,['50574'],[],description,1,0,[],,['50760'],[0.47322985529899597],['description']
大众朗逸1.5t落地价多少钱,['50574'],[],description,3,1,['50574'],2.0,"['50760', '50574', '60338']","[0.47322985529899597, 0.4490569829940796, 0.4383868873119354]","['description', 'description', 'description']"
大众途昂7座suv图片,['50574'],[],description,1,0,[],,['5819'],[0.42681360244750977],['description']
大众途昂7座suv图片,['50574'],[],description,3,1,['50574'],3.0,"['5819', '5271', '50574']","[0.42681360244750977, 0.40526968240737915, 0.4007418155670166]","['description', 'description', 'description']"
大众途观2026款报价及图片大全,['50574'],[],description,1,0,[],,['50760'],[0.5386897325515747],['description']
大众途观2026款报价及图片大全,['50574'],[],description,3,1,['50574'],3.0,"['50760', '5819', '50574']","[0.5386897325515747, 0.4829730987548828, 0.4746553897857666]","['description', 'description', 'description']"
大众途观l380落地价多少钱,['50574'],[],description,1,0,[],,['50760'],[0.4796491265296936],['description']
大众途观l380落地价多少钱,['50574'],[],description,3,0,[],,"['50760', '4526', '60338']","[0.4796491265296936, 0.47842714190483093, 0.4781438112258911]","['description', 'description', 'description']"
大切诺基2026款落地价,['50574'],[],description,1,0,[],,['50760'],[0.48941224813461304],['description']
大切诺基2026款落地价,['50574'],[],description,3,0,[],,"['50760', '4526', '60338']","[0.48941224813461304, 0.45794111490249634, 0.43868395686149597]","['description', 'description', 'description']"
奔驰b200价格,['50574'],[],description,1,0,[],,['50760'],[0.5930317044258118],['description']
奔驰b200价格,['50574'],[],description,3,0,[],,"['50760', '4526', '60338']","[0.5930317044258118, 0.5153213739395142, 0.5045769214630127]","['description', 'description', 'description']"
奔驰e260l,['50574'],[],description,1,0,[],,['50760'],[0.476561963558197],['description']
奔驰e260l,['50574'],[],description,3,0,[],,"['50760', '5271', '4526']","[0.476561963558197, 0.4365066885948181, 0.43133145570755005]","['description', 'description', 'description']"
奔驰gl c,['50574'],[],description,1,0,[],,['4526'],[0.4280601143836975],['description']
奔驰gl c,['50574'],[],description,3,0,[],,"['4526', '50760', '5271']","[0.4280601143836975, 0.4238039255142212, 0.42190057039260864]","['description', 'description', 'description']"
奔驰gle即将国产,['50574'],[],description,1,0,[],,['5819'],[0.39968717098236084],['description']
奔驰gle即将国产,['50574'],[],description,3,1,['50574'],3.0,"['5819', '4526', '50574']","[0.39968717098236084, 0.3888956904411316, 0.3873845636844635]","['description', 'description', 'description']"
奔驰s350价格及图片 报价大全,['50574'],[],description,1,0,[],,['4526'],[0.5497411489486694],['description']
奔驰s350价格及图片 报价大全,['50574'],[],description,3,1,['50574'],3.0,"['4526', '50760', '50574']","[0.5497411489486694, 0.47496092319488525, 0.4682884216308594]","['description', 'description', 'description']"
奕境x9内饰图片,['50574'],[],description,1,0,[],,['4526'],[0.47730937600135803],['description']
奕境x9内饰图片,['50574'],[],description,3,0,[],,"['4526', '5819', '5271']","[0.47730937600135803, 0.41360166668891907, 0.3979429006576538]","['description', 'description', 'description']"
奥德赛,['50574'],[],description,1,0,[],,['51323'],[0.44122782349586487],['description']
奥德赛,['50574'],[],description,3,0,[],,"['51323', '60977', '51377']","[0.44122782349586487, 0.4406304955482483, 0.43791311979293823]","['description', 'description', 'description']"
奥德赛七座混动车型报价,['50574'],[],description,1,0,[],,['5271'],[0.5242874622344971],['description']
奥德赛七座混动车型报价,['50574'],[],description,3,0,[],,"['5271', '50760', '4526']","[0.5242874622344971, 0.48666179180145264, 0.4790889024734497]","['description', 'description', 'description']"
奥迪 a8,['50574'],[],description,1,0,[],,['5271'],[0.4707542061805725],['description']
奥迪 a8,['50574'],[],description,3,0,[],,"['5271', '5819', '50760']","[0.4707542061805725, 0.4583127498626709, 0.4409812092781067]","['description', 'description', 'description']"
奥迪a5l新款2026款多少钱,['50574'],[],description,1,0,[],,['50760'],[0.45614251494407654],['description']
奥迪a5l新款2026款多少钱,['50574'],[],description,3,0,[],,"['50760', '60338', '4526']","[0.45614251494407654, 0.4419548511505127, 0.42035871744155884]","['description', 'description', 'description']"
奥迪a7价格及图片,['50574'],[],description,1,0,[],,['5271'],[0.4506685733795166],['description']
奥迪a7价格及图片,['50574'],[],description,3,0,[],,"['5271', '50760', '4526']","[0.4506685733795166, 0.44619396328926086, 0.4409726858139038]","['description', 'description', 'description']"
宝马x3,['50574'],[],description,1,0,[],,['4526'],[0.7086235880851746],['description']
宝马x3,['50574'],[],description,3,1,['50574'],3.0,"['4526', '5271', '50574']","[0.7086235880851746, 0.5584209561347961, 0.48749011754989624]","['description', 'description', 'description']"
宝骏730多少钱,['50574'],[],description,1,0,[],,['4526'],[0.5224062204360962],['description']
宝骏730多少钱,['50574'],[],description,3,0,[],,"['4526', '60338', '5271']","[0.5224062204360962, 0.5145193338394165, 0.49216049909591675]","['description', 'description', 'description']"
小鹏汽车m03价格,['50574'],[],description,1,0,[],,['4526'],[0.5446775555610657],['description']
小鹏汽车m03价格,['50574'],[],description,3,0,[],,"['4526', '50760', '60338']","[0.5446775555610657, 0.497550904750824, 0.4975447654724121]","['description', 'description', 'description']"
尚界z7价格落地多少万,['50574'],[],description,1,0,[],,['60338'],[0.5197714567184448],['description']
尚界z7价格落地多少万,['50574'],[],description,3,1,['50574'],3.0,"['60338', '50760', '50574']","[0.5197714567184448, 0.4865911602973938, 0.4555937647819519]","['description', 'description', 'description']"
岚图2025款落地价,['50574'],[],description,1,0,[],,['50760'],[0.5719654560089111],['description']
岚图2025款落地价,['50574'],[],description,3,1,['50574'],2.0,"['50760', '50574', '60338']","[0.5719654560089111, 0.496822714805603, 0.4851645231246948]","['description', 'description', 'description']"
岚图梦想家,['50574'],[],description,1,0,[],,['5271'],[0.5199785232543945],['description']
岚图梦想家,['50574'],[],description,3,1,['50574'],3.0,"['5271', '5819', '50574']","[0.5199785232543945, 0.49846985936164856, 0.48442643880844116]","['description', 'description', 'description']"
岚图知音参数配置,['50574'],[],description,1,0,[],,['5819'],[0.5431206822395325],['description']
岚图知音参数配置,['50574'],[],description,3,1,['50574'],3.0,"['5819', '5271', '50574']","[0.5431206822395325, 0.5325984954833984, 0.523251473903656]","['description', 'description', 'description']"
帕萨特380,['50574'],[],description,1,0,[],,['4526'],[0.4315182566642761],['description']
帕萨特380,['50574'],[],description,3,0,[],,"['4526', '5819', '50760']","[0.4315182566642761, 0.43120765686035156, 0.42223939299583435]","['description', 'description', 'description']"
幻影汽车报价及图片,['50574'],[],description,1,1,['50574'],1.0,['50574'],[0.4771680533885956],['description']
幻影汽车报价及图片,['50574'],[],description,3,1,['50574'],1.0,"['50574', '50760', '4526']","[0.4771680533885956, 0.4466855525970459, 0.444986492395401]","['description', 'description', 'description']"
广汽传祺m8,['50574'],[],description,1,0,[],,['5819'],[0.44280850887298584],['description']
广汽传祺m8,['50574'],[],description,3,1,['50574'],2.0,"['5819', '50574', '5271']","[0.44280850887298584, 0.4369751811027527, 0.4333246350288391]","['description', 'description', 'description']"
广汽本田冠道370价格及图片,['50574'],[],description,1,0,[],,['4526'],[0.43833237886428833],['description']
广汽本田冠道370价格及图片,['50574'],[],description,3,0,[],,"['4526', '5819', '50760']","[0.43833237886428833, 0.4256432056427002, 0.42534714937210083]","['description', 'description', 'description']"
库斯途油耗,['50574'],[],description,1,0,[],,['5819'],[0.46394115686416626],['description']
库斯途油耗,['50574'],[],description,3,1,['50574'],3.0,"['5819', '50760', '50574']","[0.46394115686416626, 0.4514386057853699, 0.4337235689163208]","['description', 'description', 'description']"
捷途旅行者价格,['50574'],[],description,1,0,[],,['5671'],[0.5169144868850708],['description']
捷途旅行者价格,['50574'],[],description,3,0,[],,"['5671', '60338', '47190']","[0.5169144868850708, 0.5160423517227173, 0.5008866786956787]","['description', 'description', 'description']"
新款奇骏,['50574'],[],description,1,0,[],,['50760'],[0.4752245843410492],['description']
新款奇骏,['50574'],[],description,3,1,['50574'],3.0,"['50760', '5819', '50574']","[0.4752245843410492, 0.45770972967147827, 0.45429593324661255]","['description', 'description', 'description']"
方程豹钛7价格是多少,['50574'],[],description,1,0,[],,['5271'],[0.5254451036453247],['description']
方程豹钛7价格是多少,['50574'],[],description,3,0,[],,"['5271', '60338', '50760']","[0.5254451036453247, 0.525151252746582, 0.48699235916137695]","['description', 'description', 'description']"
日产骐达图片及价格,['50574'],[],description,1,0,[],,['5271'],[0.519007682800293],['description']
日产骐达图片及价格,['50574'],[],description,3,1,['50574'],3.0,"['5271', '50760', '50574']","[0.519007682800293, 0.49015524983406067, 0.46759527921676636]","['description', 'description', 'description']"
星越,['50574'],[],description,1,0,[],,['5271'],[0.5852551460266113],['description']
星越,['50574'],[],description,3,0,[],,"['5271', '50760', '5819']","[0.5852551460266113, 0.5340561866760254, 0.520686149597168]","['description', 'description', 'description']"
朗逸油箱多少升,['50574'],[],description,1,0,[],,['50760'],[0.4363481402397156],['description']
朗逸油箱多少升,['50574'],[],description,3,1,['50574'],2.0,"['50760', '50574', '5819']","[0.4363481402397156, 0.42951446771621704, 0.41297322511672974]","['description', 'description', 'description']"
本田 crv,['50574'],[],description,1,0,[],,['5271'],[0.5235276222229004],['description']
本田 crv,['50574'],[],description,3,0,[],,"['5271', '50760', '5819']","[0.5235276222229004, 0.5078311562538147, 0.497525155544281]","['description', 'description', 'description']"
本田civic是什么车,['50574'],[],description,1,0,[],,['5271'],[0.49243366718292236],['description']
本田civic是什么车,['50574'],[],description,3,1,['50574'],3.0,"['5271', '5819', '50574']","[0.49243366718292236, 0.4838525056838989, 0.4653451144695282]","['description', 'description', 'description']"
本田思域价格,['50574'],[],description,1,0,[],,['50760'],[0.5472140312194824],['description']
本田思域价格,['50574'],[],description,3,0,[],,"['50760', '60338', '5271']","[0.5472140312194824, 0.5271097421646118, 0.501594066619873]","['description', 'description', 'description']"
本田雅阁2026款什么时候上市,['50574'],[],description,1,0,[],,['5601'],[0.42493659257888794],['description']
本田雅阁2026款什么时候上市,['50574'],[],description,3,0,[],,"['5601', '50760', '51323']","[0.42493659257888794, 0.4187397360801697, 0.4065050482749939]","['description', 'description', 'description']"
李彩虹,['50574'],[],description,1,0,[],,['51377'],[0.4825308620929718],['description']
李彩虹,['50574'],[],description,3,0,[],,"['51377', '50393', '51378']","[0.4825308620929718, 0.4694841504096985, 0.4605448544025421]","['description', 'description', 'description']"
极狐s5价格,['50574'],[],description,1,0,[],,['60338'],[0.5073786377906799],['description']
极狐s5价格,['50574'],[],description,3,0,[],,"['60338', '50760', '5271']","[0.5073786377906799, 0.4381517171859741, 0.4330487847328186]","['description', 'description', 'description']"
极狐t1图片及价格,['50574'],[],description,1,0,[],,['60338'],[0.44286155700683594],['description']
极狐t1图片及价格,['50574'],[],description,3,0,[],,"['60338', '4526', '50760']","[0.44286155700683594, 0.42908596992492676, 0.42155563831329346]","['description', 'description', 'description']"
桑塔纳,['50574'],[],description,1,0,[],,['5271'],[0.5480114817619324],['description']
桑塔纳,['50574'],[],description,3,0,[],,"['5271', '50760', '5819']","[0.5480114817619324, 0.5072115659713745, 0.4744263291358948]","['description', 'description', 'description']"
比亚迪元plus2026款,['50574'],[],description,1,0,[],,['5271'],[0.5687575936317444],['description']
比亚迪元plus2026款,['50574'],[],description,3,0,[],,"['5271', '50760', '5819']","[0.5687575936317444, 0.4452798366546631, 0.4208829998970032]","['description', 'description', 'description']"
比亚迪元up价格,['50574'],[],description,1,0,[],,['5271'],[0.6198956966400146],['description']
比亚迪元up价格,['50574'],[],description,3,0,[],,"['5271', '50760', '60338']","[0.6198956966400146, 0.5078665018081665, 0.501205563545227]","['description', 'description', 'description']"
比亚迪唐纯电suv价格,['50574'],[],description,1,0,[],,['5271'],[0.5968449711799622],['description']
比亚迪唐纯电suv价格,['50574'],[],description,3,0,[],,"['5271', '4526', '50760']","[0.5968449711799622, 0.45122864842414856, 0.43592196702957153]","['description', 'description', 'description']"
比亚迪宋dmi,['50574'],[],description,1,0,[],,['5271'],[0.6517077684402466],['description']
比亚迪宋dmi,['50574'],[],description,3,1,['50574'],3.0,"['5271', '5819', '50574']","[0.6517077684402466, 0.489385724067688, 0.4727022349834442]","['description', 'description', 'description']"
比亚迪海狮05,['50574'],[],description,1,0,[],,['5271'],[0.6100215911865234],['description']
比亚迪海狮05,['50574'],[],description,3,1,['50574'],3.0,"['5271', '5819', '50574']","[0.6100215911865234, 0.4628991186618805, 0.46080684661865234]","['description', 'description', 'description']"
比亚迪秦plus的价格,['50574'],[],description,1,0,[],,['5271'],[0.6498017311096191],['description']
比亚迪秦plus的价格,['50574'],[],description,3,0,[],,"['5271', '60338', '50760']","[0.6498017311096191, 0.5416498184204102, 0.5404788255691528]","['description', 'description', 'description']"
沃尔沃 xc60,['50574'],[],description,1,0,[],,['5271'],[0.5036354064941406],['description']
沃尔沃 xc60,['50574'],[],description,3,0,[],,"['5271', '4526', '5819']","[0.5036354064941406, 0.4884414076805115, 0.4857848286628723]","['description', 'description', 'description']"
海豹06,['50574'],[],description,1,0,[],,['5271'],[0.48779499530792236],['description']
海豹06,['50574'],[],description,3,1,['50574'],3.0,"['5271', '5819', '50574']","[0.48779499530792236, 0.43897977471351624, 0.4292558431625366]","['description', 'description', 'description']"
熊猫mini,['50574'],[],description,1,0,[],,['60977'],[0.5010305643081665],['description']
熊猫mini,['50574'],[],description,3,0,[],,"['60977', '51388', '5271']","[0.5010305643081665, 0.4842802882194519, 0.48006850481033325]","['description', 'description', 'description']"
现代ix35参数配置,['50574'],[],description,1,0,[],,['4526'],[0.5183796286582947],['description']
现代ix35参数配置,['50574'],[],description,3,1,['50574'],3.0,"['4526', '5819', '50574']","[0.5183796286582947, 0.48568278551101685, 0.47221967577934265]","['description', 'description', 'description']"
理想l6价格多少,['50574'],[],description,1,0,[],,['60338'],[0.5431008338928223],['description']
理想l6价格多少,['50574'],[],description,3,0,[],,"['60338', '50760', '4526']","[0.5431008338928223, 0.5091421604156494, 0.48103711009025574]","['description', 'description', 'description']"
理想l7属于什么档次,['50574'],[],description,1,0,[],,['50760'],[0.5034041404724121],['description']
理想l7属于什么档次,['50574'],[],description,3,1,['50574'],3.0,"['50760', '5271', '50574']","[0.5034041404724121, 0.4956108331680298, 0.49102210998535156]","['description', 'description', 'description']"
理想l9,['50574'],[],description,1,0,[],,['5271'],[0.5192830562591553],['description']
理想l9,['50574'],[],description,3,1,['50574'],3.0,"['5271', '5819', '50574']","[0.5192830562591553, 0.5014762878417969, 0.4803728461265564]","['description', 'description', 'description']"
瑞虎5x,['50574'],[],description,1,0,[],,['5271'],[0.4850905239582062],['description']
瑞虎5x,['50574'],[],description,3,0,[],,"['5271', '5819', '4526']","[0.4850905239582062, 0.47302863001823425, 0.46862566471099854]","['description', 'description', 'description']"
瑞虎7plus参数配置,['50574'],[],description,1,0,[],,['5819'],[0.4745301604270935],['description']
瑞虎7plus参数配置,['50574'],[],description,3,1,['50574'],3.0,"['5819', '5271', '50574']","[0.4745301604270935, 0.4623144865036011, 0.4499583840370178]","['description', 'description', 'description']"
皇冠,['50574'],[],description,1,0,[],,['51323'],[0.5279256701469421],['description']
皇冠,['50574'],[],description,3,0,[],,"['51323', '51388', '51377']","[0.5279256701469421, 0.514369785785675, 0.5124388337135315]","['description', 'description', 'description']"
福特全顺,['50574'],[],description,1,0,[],,['5271'],[0.44639647006988525],['description']
福特全顺,['50574'],[],description,3,1,['50574'],3.0,"['5271', '5819', '50574']","[0.44639647006988525, 0.4392116069793701, 0.4140319228172302]","['description', 'description', 'description']"
程佳美,['50574'],[],description,1,0,[],,['51377'],[0.4984034597873688],['description']
程佳美,['50574'],[],description,3,0,[],,"['51377', '51378', '50393']","[0.4984034597873688, 0.4737327992916107, 0.4638859033584595]","['description', 'description', 'description']"
红旗h5参数配置,['50574'],[],description,1,0,[],,['5819'],[0.4357040226459503],['description']
红旗h5参数配置,['50574'],[],description,3,1,['50574'],2.0,"['5819', '50574', '5271']","[0.4357040226459503, 0.4216907322406769, 0.4114990234375]","['description', 'description', 'description']"
红旗h5多少钱2025款落地价,['50574'],[],description,1,0,[],,['50760'],[0.4814777374267578],['description']
红旗h5多少钱2025款落地价,['50574'],[],description,3,1,['50574'],3.0,"['50760', '60338', '50574']","[0.4814777374267578, 0.47713667154312134, 0.4301350712776184]","['description', 'description', 'description']"
红旗h9,['50574'],[],description,1,0,[],,['5271'],[0.4282558262348175],['description']
红旗h9,['50574'],[],description,3,1,['50574'],2.0,"['5271', '50574', '5819']","[0.4282558262348175, 0.4163338243961334, 0.41393694281578064]","['description', 'description', 'description']"
红旗hs7,['50574'],[],description,1,0,[],,['5271'],[0.4017142057418823],['description']
红旗hs7,['50574'],[],description,3,1,['50574'],3.0,"['5271', '5819', '50574']","[0.4017142057418823, 0.3897950053215027, 0.37946775555610657]","['description', 'description', 'description']"
腾势n9,['50574'],[],description,1,0,[],,['5271'],[0.49394291639328003],['description']
腾势n9,['50574'],[],description,3,1,['50574'],3.0,"['5271', '5819', '50574']","[0.49394291639328003, 0.45567795634269714, 0.4382200837135315]","['description', 'description', 'description']"
蒙迪欧1.5t混动参数,['50574'],[],description,1,0,[],,['5271'],[0.45503681898117065],['description']
蒙迪欧1.5t混动参数,['50574'],[],description,3,1,['50574'],3.0,"['5271', '5819', '50574']","[0.45503681898117065, 0.44690531492233276, 0.430492103099823]","['description', 'description', 'description']"
蓝猫,['50574'],[],description,1,0,[],,['47272'],[0.40440478920936584],['description']
蓝猫,['50574'],[],description,3,0,[],,"['47272', '51377', '51388']","[0.40440478920936584, 0.40225106477737427, 0.400182843208313]","['description', 'description', 'description']"
起亚k3参数配置,['50574'],[],description,1,0,[],,['4526'],[0.5376046895980835],['description']
起亚k3参数配置,['50574'],[],description,3,0,[],,"['4526', '5819', '5271']","[0.5376046895980835, 0.5137683153152466, 0.4986688494682312]","['description', 'description', 'description']"
路虎揽胜,['50574'],[],description,1,0,[],,['5271'],[0.4769546389579773],['description']
路虎揽胜,['50574'],[],description,3,1,['50574'],2.0,"['5271', '50574', '50760']","[0.4769546389579773, 0.4724280834197998, 0.4575778841972351]","['description', 'description', 'description']"
迈巴赫s680多少钱,['50574'],[],description,1,0,[],,['60338'],[0.43257710337638855],['description']
迈巴赫s680多少钱,['50574'],[],description,3,0,[],,"['60338', '50760', '5271']","[0.43257710337638855, 0.424460768699646, 0.41854026913642883]","['description', 'description', 'description']"
远程星享新能源面包车,['50574'],[],description,1,0,[],,['5271'],[0.3760885000228882],['description']
远程星享新能源面包车,['50574'],[],description,3,1,['50574'],2.0,"['5271', '50574', '5819']","[0.3760885000228882, 0.37544745206832886, 0.3752400279045105]","['description', 'description', 'description']"
途岳新锐1.5t,['50574'],[],description,1,0,[],,['5819'],[0.4227196276187897],['description']
途岳新锐1.5t,['50574'],[],description,3,1,['50574'],3.0,"['5819', '50760', '50574']","[0.4227196276187897, 0.4059050679206848, 0.40031933784484863]","['description', 'description', 'description']"
长城坦途克300多少钱,['50574'],[],description,1,0,[],,['4526'],[0.43152427673339844],['description']
长城坦途克300多少钱,['50574'],[],description,3,0,[],,"['4526', '60338', '50760']","[0.43152427673339844, 0.39869117736816406, 0.38279277086257935]","['description', 'description', 'description']"
长城枭龙混动2025款,['50574'],[],description,1,0,[],,['5819'],[0.388799250125885],['description']
长城枭龙混动2025款,['50574'],[],description,3,1,['50574'],2.0,"['5819', '50574', '50760']","[0.388799250125885, 0.38231557607650757, 0.38036638498306274]","['description', 'description', 'description']"
长安 cs75 plus,['50574'],[],description,1,0,[],,['5271'],[0.5017135143280029],['description']
长安 cs75 plus,['50574'],[],description,3,1,['50574'],3.0,"['5271', '5819', '50574']","[0.5017135143280029, 0.47471582889556885, 0.4583038091659546]","['description', 'description', 'description']"
长安深蓝s05,['50574'],[],description,1,0,[],,['5271'],[0.45010602474212646],['description']
长安深蓝s05,['50574'],[],description,3,1,['50574'],3.0,"['5271', '5819', '50574']","[0.45010602474212646, 0.4158979654312134, 0.4097021222114563]","['description', 'description', 'description']"
零跑c10,['50574'],[],description,1,0,[],,['5819'],[0.44754230976104736],['description']
零跑c10,['50574'],[],description,3,1,['50574'],2.0,"['5819', '50574', '50760']","[0.44754230976104736, 0.4134475588798523, 0.39752429723739624]","['description', 'description', 'description']"
零跑d19的价格,['50574'],[],description,1,0,[],,['60338'],[0.5261626243591309],['description']
零跑d19的价格,['50574'],[],description,3,0,[],,"['60338', '5271', '50760']","[0.5261626243591309, 0.4977034330368042, 0.4722869396209717]","['description', 'description', 'description']"
雷克萨斯es300,['50574'],[],description,1,0,[],,['4526'],[0.4490245282649994],['description']
雷克萨斯es300,['50574'],[],description,3,1,['50574'],2.0,"['4526', '50574', '50760']","[0.4490245282649994, 0.42402738332748413, 0.4226475954055786]","['description', 'description', 'description']"
领克10尺寸,['50574'],[],description,1,1,['50574'],1.0,['50574'],[0.4670466184616089],['description']
领克10尺寸,['50574'],[],description,3,1,['50574'],1.0,"['50574', '5819', '50760']","[0.4670466184616089, 0.46654725074768066, 0.4436512589454651]","['description', 'description', 'description']"
领克9x价格,['50574'],[],description,1,0,[],,['60338'],[0.554673433303833],['description']
领克9x价格,['50574'],[],description,3,0,[],,"['60338', '50760', '4526']","[0.554673433303833, 0.5395448207855225, 0.5304133892059326]","['description', 'description', 'description']"
魏牌高山7商务车价格及图片,['50574'],[],description,1,0,[],,['5271'],[0.4955494999885559],['description']
魏牌高山7商务车价格及图片,['50574'],[],description,3,1,['50574'],2.0,"['5271', '50574', '5819']","[0.4955494999885559, 0.4663209915161133, 0.45442119240760803]","['description', 'description', 'description']"
14年名图1.8油耗多少,['50574'],[],merged,1,0,[],,['50760'],[0.4245694577693939],['title_description']
14年名图1.8油耗多少,['50574'],[],merged,3,0,[],,"['50760', '5271', '5819']","[0.4245694577693939, 0.3873249888420105, 0.38410407304763794]","['title_description', 'description', 'title_description']"
2017款途昂,['50574'],[],merged,1,0,[],,['50760'],[0.5123097896575928],['title_description']
2017款途昂,['50574'],[],merged,3,0,[],,"['50760', '5819', '5271']","[0.5123097896575928, 0.47923988103866577, 0.47639018297195435]","['title_description', 'description', 'description']"
2019款迈腾,['50574'],[],merged,1,0,[],,['50760'],[0.5330183506011963],['title_description']
2019款迈腾,['50574'],[],merged,3,0,[],,"['50760', '5819', '5271']","[0.5330183506011963, 0.4753594994544983, 0.47196581959724426]","['title_description', 'description', 'description']"
2020款起亚kx3傲跑轮胎型号尺寸,['50574'],[],merged,1,0,[],,['4526'],[0.42408323287963867],['title_description']
2020款起亚kx3傲跑轮胎型号尺寸,['50574'],[],merged,3,0,[],,"['4526', '50760', '5819']","[0.42408323287963867, 0.4095713496208191, 0.37727826833724976]","['title_description', 'title_description', 'title_description']"
2021款本田crv,['50574'],[],merged,1,0,[],,['50760'],[0.5130742192268372],['title_description']
2021款本田crv,['50574'],[],merged,3,0,[],,"['50760', '5271', '5819']","[0.5130742192268372, 0.4817948341369629, 0.4728633761405945]","['title_description', 'description', 'description']"
2025款轩逸配置参数,['50574'],[],merged,1,0,[],,['50760'],[0.48865753412246704],['description']
2025款轩逸配置参数,['50574'],[],merged,3,0,[],,"['50760', '5271', '5819']","[0.48865753412246704, 0.47272634506225586, 0.45650672912597656]","['description', 'description', 'description']"
2026款吉利博越,['50574'],[],merged,1,0,[],,['50760'],[0.435518741607666],['title_description']
2026款吉利博越,['50574'],[],merged,3,1,['50574'],3.0,"['50760', '5271', '50574']","[0.435518741607666, 0.42751777172088623, 0.41767627000808716]","['title_description', 'title_description', 'description']"
2027款汉兰达,['50574'],[],merged,1,0,[],,['50760'],[0.470981627702713],['title_description']
2027款汉兰达,['50574'],[],merged,3,1,['50574'],2.0,"['50760', '50574', '5271']","[0.470981627702713, 0.4431692957878113, 0.43977075815200806]","['title_description', 'title_description', 'description']"
a1,['50574'],[],merged,1,0,[],,['60977'],[0.5845464468002319],['title_description']
a1,['50574'],[],merged,3,0,[],,"['60977', '85', '23']","[0.5845464468002319, 0.5652269124984741, 0.5565053224563599]","['title_description', 'title_description', 'title_description']"
envix本田什么车,['50574'],[],merged,1,0,[],,['5271'],[0.5226808190345764],['description']
envix本田什么车,['50574'],[],merged,3,0,[],,"['5271', '50760', '4526']","[0.5226808190345764, 0.46275708079338074, 0.45228782296180725]","['description', 'title_description', 'description']"
g873,['50574'],[],merged,1,0,[],,['60977'],[0.5267815589904785],['title_description']
g873,['50574'],[],merged,3,0,[],,"['60977', '47266', '47242']","[0.5267815589904785, 0.5078071355819702, 0.49956899881362915]","['title_description', 'title_description', 'title_description']"
gls450落地价大概多少,['50574'],[],merged,1,0,[],,['60338'],[0.5516895055770874],['description']
gls450落地价大概多少,['50574'],[],merged,3,0,[],,"['60338', '50760', '4526']","[0.5516895055770874, 0.528141975402832, 0.498878538608551]","['description', 'description', 'title_description']"
inspire,['50574'],[],merged,1,0,[],,['23'],[0.4971334934234619],['title_description']
inspire,['50574'],[],merged,3,0,[],,"['23', '85', '50143']","[0.4971334934234619, 0.4911094903945923, 0.4762992262840271]","['title_description', 'title_description', 'description']"
m7,['50574'],[],merged,1,0,[],,['60977'],[0.5129356384277344],['title_description']
m7,['50574'],[],merged,3,0,[],,"['60977', '51388', '51323']","[0.5129356384277344, 0.5041905641555786, 0.4990897476673126]","['title_description', 'description', 'description']"
rocket,['50574'],[],merged,1,0,[],,['60868'],[0.5061016082763672],['title_description']
rocket,['50574'],[],merged,3,0,[],,"['60868', '51044', '47242']","[0.5061016082763672, 0.5022615194320679, 0.4970797598361969]","['title_description', 'description', 'title_description']"
x7是什么车,['50574'],[],merged,1,0,[],,['5271'],[0.5154927372932434],['description']
x7是什么车,['50574'],[],merged,3,0,[],,"['5271', '4526', '5819']","[0.5154927372932434, 0.4842170178890228, 0.48171067237854004]","['description', 'description', 'description']"
xc60参数配置,['50574'],[],merged,1,0,[],,['4526'],[0.598774254322052],['description']
xc60参数配置,['50574'],[],merged,3,0,[],,"['4526', '5819', '50760']","[0.598774254322052, 0.5304134488105774, 0.5267419815063477]","['description', 'description', 'title_description']"
上汽大众凌渡,['50574'],[],merged,1,0,[],,['50760'],[0.47175896167755127],['title_description']
上汽大众凌渡,['50574'],[],merged,3,1,['50574'],2.0,"['50760', '50574', '5819']","[0.47175896167755127, 0.47062981128692627, 0.4702095091342926]","['title_description', 'description', 'description']"
东风日产n7,['50574'],[],merged,1,0,[],,['5271'],[0.40591758489608765],['description']
东风日产n7,['50574'],[],merged,3,0,[],,"['5271', '5819', '5601']","[0.40591758489608765, 0.38949912786483765, 0.367121160030365]","['description', 'title_description', 'title_description']"
东风日产nx8价格及图片,['50574'],[],merged,1,0,[],,['5271'],[0.41498681902885437],['description']
东风日产nx8价格及图片,['50574'],[],merged,3,0,[],,"['5271', '4526', '5819']","[0.41498681902885437, 0.4072745144367218, 0.40416330099105835]","['description', 'title_description', 'title_description']"
丰田卡罗拉锐放2026款报价及图片,['50574'],[],merged,1,0,[],,['50760'],[0.47218310832977295],['description']
丰田卡罗拉锐放2026款报价及图片,['50574'],[],merged,3,1,['50574'],2.0,"['50760', '50574', '4526']","[0.47218310832977295, 0.433538019657135, 0.4289763867855072]","['description', 'description', 'title_description']"
丰田威兰达价格及图片,['50574'],[],merged,1,0,[],,['50760'],[0.4914911389350891],['description']
丰田威兰达价格及图片,['50574'],[],merged,3,0,[],,"['50760', '4526', '5819']","[0.4914911389350891, 0.45819753408432007, 0.4541502594947815]","['description', 'description', 'description']"
丰田霸道,['50574'],[],merged,1,0,[],,['5271'],[0.4947025775909424],['description']
丰田霸道,['50574'],[],merged,3,0,[],,"['5271', '50760', '5819']","[0.4947025775909424, 0.4854757785797119, 0.472664475440979]","['description', 'description', 'description']"
五菱宏光缤果,['50574'],[],merged,1,0,[],,['5271'],[0.49753832817077637],['description']
五菱宏光缤果,['50574'],[],merged,3,1,['50574'],3.0,"['5271', '5819', '50574']","[0.49753832817077637, 0.45066484808921814, 0.4472503662109375]","['description', 'description', 'description']"
五菱星光版,['50574'],[],merged,1,0,[],,['5271'],[0.4792497754096985],['description']
五菱星光版,['50574'],[],merged,3,1,['50574'],3.0,"['5271', '5819', '50574']","[0.4792497754096985, 0.4733339548110962, 0.45311927795410156]","['description', 'title_description', 'description']"
五菱神车指的是哪一款,['50574'],[],merged,1,0,[],,['5271'],[0.5240919589996338],['description']
五菱神车指的是哪一款,['50574'],[],merged,3,1,['50574'],3.0,"['5271', '5819', '50574']","[0.5240919589996338, 0.4954394996166229, 0.48580873012542725]","['description', 'description', 'description']"
仰望u8,['50574'],[],merged,1,0,[],,['5271'],[0.5008932948112488],['description']
仰望u8,['50574'],[],merged,3,1,['50574'],3.0,"['5271', '5819', '50574']","[0.5008932948112488, 0.48420944809913635, 0.4454670250415802]","['description', 'description', 'description']"
保时捷718,['50574'],[],merged,1,0,[],,['5271'],[0.5106070637702942],['description']
保时捷718,['50574'],[],merged,3,1,['50574'],3.0,"['5271', '5819', '50574']","[0.5106070637702942, 0.4905582368373871, 0.48969340324401855]","['description', 'description', 'description']"
元 up,['50574'],[],merged,1,0,[],,['5271'],[0.5327460765838623],['description']
元 up,['50574'],[],merged,3,0,[],,"['5271', '50760', '60977']","[0.5327460765838623, 0.5260031819343567, 0.5249894261360168]","['description', 'description', 'title_description']"
克莱斯勒大捷龙商务车多少钱,['50574'],[],merged,1,0,[],,['60338'],[0.46177929639816284],['description']
克莱斯勒大捷龙商务车多少钱,['50574'],[],merged,3,1,['50574'],3.0,"['60338', '50760', '50574']","[0.46177929639816284, 0.4476126730442047, 0.4441149830818176]","['description', 'title_description', 'description']"
凯美瑞2026款最新款价格,['50574'],[],merged,1,0,[],,['50760'],[0.5179468989372253],['description']
凯美瑞2026款最新款价格,['50574'],[],merged,3,0,[],,"['50760', '4526', '60338']","[0.5179468989372253, 0.5100295543670654, 0.48552507162094116]","['description', 'title_description', 'description']"
凯美瑞双擎,['50574'],[],merged,1,0,[],,['5819'],[0.46831780672073364],['title_description']
凯美瑞双擎,['50574'],[],merged,3,1,['50574'],2.0,"['5819', '50574', '50760']","[0.46831780672073364, 0.45811498165130615, 0.4576962888240814]","['title_description', 'description', 'title_description']"
凯迪拉克ct5,['50574'],[],merged,1,0,[],,['5819'],[0.46628350019454956],['title_description']
凯迪拉克ct5,['50574'],[],merged,3,0,[],,"['5819', '5271', '5881']","[0.46628350019454956, 0.4591708183288574, 0.4463879466056824]","['title_description', 'description', 'description']"
凯迪拉克xt5最新价格2025款,['50574'],[],merged,1,0,[],,['4526'],[0.5174098014831543],['title_description']
凯迪拉克xt5最新价格2025款,['50574'],[],merged,3,0,[],,"['4526', '60338', '50760']","[0.5174098014831543, 0.48604416847229004, 0.4694957137107849]","['title_description', 'description', 'description']"
别克e7配置参数,['50574'],[],merged,1,0,[],,['5271'],[0.48298144340515137],['description']
别克e7配置参数,['50574'],[],merged,3,1,['50574'],3.0,"['5271', '5819', '50574']","[0.48298144340515137, 0.4617387652397156, 0.44900187849998474]","['description', 'title_description', 'description']"
别克gl8,['50574'],[],merged,1,0,[],,['5271'],[0.47576403617858887],['description']
别克gl8,['50574'],[],merged,3,0,[],,"['5271', '5819', '60977']","[0.47576403617858887, 0.4368709623813629, 0.43115437030792236]","['description', 'description', 'title_description']"
北京bj40,['50574'],[],merged,1,0,[],,['5271'],[0.5397075414657593],['description']
北京bj40,['50574'],[],merged,3,1,['50574'],3.0,"['5271', '5819', '50574']","[0.5397075414657593, 0.5025448203086853, 0.48652756214141846]","['description', 'description', 'description']"
卡罗拉双擎,['50574'],[],merged,1,0,[],,['50760'],[0.5138280987739563],['title_description']
卡罗拉双擎,['50574'],[],merged,3,1,['50574'],3.0,"['50760', '5819', '50574']","[0.5138280987739563, 0.5112959742546082, 0.5066210031509399]","['title_description', 'title_description', 'description']"
吉利星耀银河7,['50574'],[],merged,1,0,[],,['5819'],[0.4302324056625366],['description']
吉利星耀银河7,['50574'],[],merged,3,1,['50574'],3.0,"['5819', '61111', '50574']","[0.4302324056625366, 0.4265085458755493, 0.41981878876686096]","['description', 'title_description', 'description']"
吉利银河e5纯电动汽车价格,['50574'],[],merged,1,0,[],,['5271'],[0.5011983513832092],['description']
吉利银河e5纯电动汽车价格,['50574'],[],merged,3,1,['50574'],3.0,"['5271', '5819', '50574']","[0.5011983513832092, 0.4637315273284912, 0.4585743546485901]","['description', 'description', 'description']"
哈弗h6,['50574'],[],merged,1,0,[],,['5271'],[0.5117456912994385],['description']
哈弗h6,['50574'],[],merged,3,1,['50574'],3.0,"['5271', '5819', '50574']","[0.5117456912994385, 0.4964175224304199, 0.4898681640625]","['description', 'description', 'description']"
哈弗猛龙plus,['50574'],[],merged,1,0,[],,['5819'],[0.4154292941093445],['description']
哈弗猛龙plus,['50574'],[],merged,3,1,['50574'],2.0,"['5819', '50574', '5271']","[0.4154292941093445, 0.39271122217178345, 0.38939058780670166]","['description', 'title_description', 'description']"
哪款朗逸质量最好,['50574'],[],merged,1,0,[],,['50760'],[0.48240864276885986],['title_description']
哪款朗逸质量最好,['50574'],[],merged,3,1,['50574'],3.0,"['50760', '5819', '50574']","[0.48240864276885986, 0.473696231842041, 0.46374720335006714]","['title_description', 'title_description', 'description']"
坦克 300,['50574'],[],merged,1,0,[],,['5271'],[0.47129422426223755],['description']
坦克 300,['50574'],[],merged,3,1,['50574'],3.0,"['5271', '5819', '50574']","[0.47129422426223755, 0.4598618745803833, 0.4387117028236389]","['description', 'description', 'description']"
坦壳300hi4t2026款报价,['50574'],[],merged,1,0,[],,['4526'],[0.41427528858184814],['title_description']
坦壳300hi4t2026款报价,['50574'],[],merged,3,0,[],,"['4526', '50760', '50161']","[0.41427528858184814, 0.4010317921638489, 0.3903365433216095]","['title_description', 'title_description', 'title_description']"
埃安y,['50574'],[],merged,1,0,[],,['5271'],[0.5300213694572449],['description']
埃安y,['50574'],[],merged,3,1,['50574'],3.0,"['5271', '5819', '50574']","[0.5300213694572449, 0.49875545501708984, 0.4785770773887634]","['description', 'description', 'description']"
夏\,['50574'],[],merged,1,0,[],,['51323'],[0.6123121976852417],['description']
夏\,['50574'],[],merged,3,0,[],,"['51323', '51377', '51388']","[0.6123121976852417, 0.5565782785415649, 0.5307178497314453]","['description', 'description', 'description']"
夏多少钱一辆,['50574'],[],merged,1,0,[],,['60338'],[0.6406579613685608],['description']
夏多少钱一辆,['50574'],[],merged,3,0,[],,"['60338', '50760', '4526']","[0.6406579613685608, 0.5884929895401001, 0.5681129693984985]","['description', 'title_description', 'title_description']"
大众宝来1.6手动挡多少钱,['50574'],[],merged,1,0,[],,['60338'],[0.4743269085884094],['description']
大众宝来1.6手动挡多少钱,['50574'],[],merged,3,0,[],,"['60338', '50760', '4526']","[0.4743269085884094, 0.4708195924758911, 0.45179247856140137]","['description', 'title_description', 'title_description']"
大众帕萨特330价格,['50574'],[],merged,1,0,[],,['60338'],[0.4978379011154175],['description']
大众帕萨特330价格,['50574'],[],merged,3,0,[],,"['60338', '4526', '50760']","[0.4978379011154175, 0.492988646030426, 0.46480464935302734]","['description', 'title_description', 'title_description']"
大众捷达,['50574'],[],merged,1,0,[],,['5271'],[0.5177799463272095],['description']
大众捷达,['50574'],[],merged,3,0,[],,"['5271', '50760', '5819']","[0.5177799463272095, 0.5052891969680786, 0.49336278438568115]","['description', 'title_description', 'description']"
大众朗逸1.5t落地价多少钱,['50574'],[],merged,1,0,[],,['50760'],[0.4863925874233246],['title_description']
大众朗逸1.5t落地价多少钱,['50574'],[],merged,3,1,['50574'],2.0,"['50760', '50574', '60338']","[0.4863925874233246, 0.4490569829940796, 0.4383868873119354]","['title_description', 'description', 'description']"
大众途昂7座suv图片,['50574'],[],merged,1,0,[],,['5819'],[0.42681360244750977],['description']
大众途昂7座suv图片,['50574'],[],merged,3,1,['50574'],3.0,"['5819', '5271', '50574']","[0.42681360244750977, 0.40526968240737915, 0.4007418155670166]","['description', 'description', 'description']"
大众途观2026款报价及图片大全,['50574'],[],merged,1,0,[],,['50760'],[0.5414258241653442],['title_description']
大众途观2026款报价及图片大全,['50574'],[],merged,3,0,[],,"['50760', '5819', '4526']","[0.5414258241653442, 0.4829730987548828, 0.4821816682815552]","['title_description', 'description', 'title_description']"
大众途观l380落地价多少钱,['50574'],[],merged,1,0,[],,['50760'],[0.49223592877388],['title_description']
大众途观l380落地价多少钱,['50574'],[],merged,3,0,[],,"['50760', '4526', '60338']","[0.49223592877388, 0.4785625636577606, 0.4781438112258911]","['title_description', 'title_description', 'description']"
大切诺基2026款落地价,['50574'],[],merged,1,0,[],,['50760'],[0.48941224813461304],['description']
大切诺基2026款落地价,['50574'],[],merged,3,0,[],,"['50760', '4526', '60338']","[0.48941224813461304, 0.47633764147758484, 0.43868395686149597]","['description', 'title_description', 'description']"
奔驰b200价格,['50574'],[],merged,1,0,[],,['50760'],[0.5930317044258118],['description']
奔驰b200价格,['50574'],[],merged,3,0,[],,"['50760', '4526', '60338']","[0.5930317044258118, 0.5206893086433411, 0.5045769214630127]","['description', 'title_description', 'description']"
奔驰e260l,['50574'],[],merged,1,0,[],,['50760'],[0.476561963558197],['description']
奔驰e260l,['50574'],[],merged,3,0,[],,"['50760', '5271', '4526']","[0.476561963558197, 0.4365066885948181, 0.43346792459487915]","['description', 'description', 'title_description']"
奔驰gl c,['50574'],[],merged,1,0,[],,['4526'],[0.4280601143836975],['description']
奔驰gl c,['50574'],[],merged,3,0,[],,"['4526', '50760', '5271']","[0.4280601143836975, 0.42758649587631226, 0.42190057039260864]","['description', 'title_description', 'description']"
奔驰gle即将国产,['50574'],[],merged,1,0,[],,['5819'],[0.4046107530593872],['title_description']
奔驰gle即将国产,['50574'],[],merged,3,1,['50574'],3.0,"['5819', '4526', '50574']","[0.4046107530593872, 0.3888956904411316, 0.3873845636844635]","['title_description', 'description', 'description']"
奔驰s350价格及图片 报价大全,['50574'],[],merged,1,0,[],,['4526'],[0.5497411489486694],['description']
奔驰s350价格及图片 报价大全,['50574'],[],merged,3,0,[],,"['4526', '50760', '60338']","[0.5497411489486694, 0.47496092319488525, 0.4685751795768738]","['description', 'description', 'title_description']"
奕境x9内饰图片,['50574'],[],merged,1,0,[],,['4526'],[0.47730937600135803],['description']
奕境x9内饰图片,['50574'],[],merged,3,0,[],,"['4526', '5819', '5271']","[0.47730937600135803, 0.41360166668891907, 0.3979429006576538]","['description', 'description', 'description']"
奥德赛,['50574'],[],merged,1,0,[],,['23'],[0.5114286541938782],['title_description']
奥德赛,['50574'],[],merged,3,0,[],,"['23', '85', '51275']","[0.5114286541938782, 0.49159473180770874, 0.4701969623565674]","['title_description', 'title_description', 'title_description']"
奥德赛七座混动车型报价,['50574'],[],merged,1,0,[],,['5271'],[0.5242874622344971],['description']
奥德赛七座混动车型报价,['50574'],[],merged,3,0,[],,"['5271', '50760', '4526']","[0.5242874622344971, 0.4934120774269104, 0.48272478580474854]","['description', 'title_description', 'title_description']"
奥迪 a8,['50574'],[],merged,1,0,[],,['5271'],[0.4707542061805725],['description']
奥迪 a8,['50574'],[],merged,3,0,[],,"['5271', '5819', '50760']","[0.4707542061805725, 0.4583127498626709, 0.4409812092781067]","['description', 'description', 'description']"
奥迪a5l新款2026款多少钱,['50574'],[],merged,1,0,[],,['50760'],[0.4582218527793884],['title_description']
奥迪a5l新款2026款多少钱,['50574'],[],merged,3,0,[],,"['50760', '60338', '4526']","[0.4582218527793884, 0.4419548511505127, 0.43912917375564575]","['title_description', 'description', 'title_description']"
奥迪a7价格及图片,['50574'],[],merged,1,0,[],,['5271'],[0.4506685733795166],['description']
奥迪a7价格及图片,['50574'],[],merged,3,0,[],,"['5271', '50760', '4526']","[0.4506685733795166, 0.44619396328926086, 0.4409726858139038]","['description', 'description', 'description']"
宝马x3,['50574'],[],merged,1,0,[],,['4526'],[0.7086235880851746],['description']
宝马x3,['50574'],[],merged,3,0,[],,"['4526', '5271', '50760']","[0.7086235880851746, 0.5584209561347961, 0.48764315247535706]","['description', 'description', 'title_description']"
宝骏730多少钱,['50574'],[],merged,1,0,[],,['4526'],[0.5238813161849976],['title_description']
宝骏730多少钱,['50574'],[],merged,3,0,[],,"['4526', '60338', '5271']","[0.5238813161849976, 0.5145193338394165, 0.49216049909591675]","['title_description', 'description', 'description']"
小鹏汽车m03价格,['50574'],[],merged,1,0,[],,['4526'],[0.5491501688957214],['title_description']
小鹏汽车m03价格,['50574'],[],merged,3,0,[],,"['4526', '50760', '60338']","[0.5491501688957214, 0.497550904750824, 0.4975447654724121]","['title_description', 'description', 'description']"
尚界z7价格落地多少万,['50574'],[],merged,1,0,[],,['60338'],[0.5197714567184448],['description']
尚界z7价格落地多少万,['50574'],[],merged,3,0,[],,"['60338', '50760', '60977']","[0.5197714567184448, 0.4865911602973938, 0.45638030767440796]","['description', 'description', 'title_description']"
岚图2025款落地价,['50574'],[],merged,1,0,[],,['50760'],[0.5733404159545898],['title_description']
岚图2025款落地价,['50574'],[],merged,3,1,['50574'],2.0,"['50760', '50574', '60338']","[0.5733404159545898, 0.496822714805603, 0.4851645231246948]","['title_description', 'description', 'description']"
岚图梦想家,['50574'],[],merged,1,0,[],,['5271'],[0.5199785232543945],['description']
岚图梦想家,['50574'],[],merged,3,1,['50574'],3.0,"['5271', '5819', '50574']","[0.5199785232543945, 0.49846985936164856, 0.48442643880844116]","['description', 'description', 'description']"
岚图知音参数配置,['50574'],[],merged,1,0,[],,['5819'],[0.5431206822395325],['description']
岚图知音参数配置,['50574'],[],merged,3,1,['50574'],3.0,"['5819', '5271', '50574']","[0.5431206822395325, 0.5325984954833984, 0.523251473903656]","['description', 'description', 'description']"
帕萨特380,['50574'],[],merged,1,0,[],,['5819'],[0.4345276355743408],['title_description']
帕萨特380,['50574'],[],merged,3,0,[],,"['5819', '4526', '50760']","[0.4345276355743408, 0.43152669072151184, 0.42504268884658813]","['title_description', 'title_description', 'title_description']"
幻影汽车报价及图片,['50574'],[],merged,1,1,['50574'],1.0,['50574'],[0.4771680533885956],['description']
幻影汽车报价及图片,['50574'],[],merged,3,1,['50574'],1.0,"['50574', '50760', '4526']","[0.4771680533885956, 0.4531077742576599, 0.4449876546859741]","['description', 'title_description', 'title_description']"
广汽传祺m8,['50574'],[],merged,1,0,[],,['5819'],[0.44280850887298584],['description']
广汽传祺m8,['50574'],[],merged,3,1,['50574'],2.0,"['5819', '50574', '5271']","[0.44280850887298584, 0.4369751811027527, 0.4333246350288391]","['description', 'description', 'description']"
广汽本田冠道370价格及图片,['50574'],[],merged,1,0,[],,['4526'],[0.43833237886428833],['description']
广汽本田冠道370价格及图片,['50574'],[],merged,3,0,[],,"['4526', '50760', '5819']","[0.43833237886428833, 0.4326995611190796, 0.4256432056427002]","['description', 'title_description', 'description']"
库斯途油耗,['50574'],[],merged,1,0,[],,['5819'],[0.46833062171936035],['title_description']
库斯途油耗,['50574'],[],merged,3,0,[],,"['5819', '50760', '47242']","[0.46833062171936035, 0.4606139063835144, 0.4456055164337158]","['title_description', 'title_description', 'title_description']"
捷途旅行者价格,['50574'],[],merged,1,0,[],,['5671'],[0.525778591632843],['title_description']
捷途旅行者价格,['50574'],[],merged,3,0,[],,"['5671', '47190', '60338']","[0.525778591632843, 0.5190505981445312, 0.5160423517227173]","['title_description', 'title_description', 'description']"
新款奇骏,['50574'],[],merged,1,0,[],,['50760'],[0.4774813950061798],['title_description']
新款奇骏,['50574'],[],merged,3,0,[],,"['50760', '5819', '4526']","[0.4774813950061798, 0.46342629194259644, 0.4557274281978607]","['title_description', 'title_description', 'title_description']"
方程豹钛7价格是多少,['50574'],[],merged,1,0,[],,['5271'],[0.5254451036453247],['description']
方程豹钛7价格是多少,['50574'],[],merged,3,0,[],,"['5271', '60338', '60977']","[0.5254451036453247, 0.525151252746582, 0.5038803815841675]","['description', 'description', 'title_description']"
日产骐达图片及价格,['50574'],[],merged,1,0,[],,['5271'],[0.519007682800293],['description']
日产骐达图片及价格,['50574'],[],merged,3,1,['50574'],3.0,"['5271', '50760', '50574']","[0.519007682800293, 0.49015524983406067, 0.46759527921676636]","['description', 'description', 'description']"
星越,['50574'],[],merged,1,0,[],,['5271'],[0.5852551460266113],['description']
星越,['50574'],[],merged,3,0,[],,"['5271', '50760', '5819']","[0.5852551460266113, 0.5340561866760254, 0.5257015228271484]","['description', 'description', 'title_description']"
朗逸油箱多少升,['50574'],[],merged,1,0,[],,['50760'],[0.43639957904815674],['title_description']
朗逸油箱多少升,['50574'],[],merged,3,1,['50574'],2.0,"['50760', '50574', '5819']","[0.43639957904815674, 0.42951446771621704, 0.41297322511672974]","['title_description', 'description', 'description']"
本田 crv,['50574'],[],merged,1,0,[],,['5271'],[0.5235276222229004],['description']
本田 crv,['50574'],[],merged,3,0,[],,"['5271', '50760', '5819']","[0.5235276222229004, 0.5126795768737793, 0.497525155544281]","['description', 'title_description', 'description']"
本田civic是什么车,['50574'],[],merged,1,0,[],,['5271'],[0.49243366718292236],['description']
本田civic是什么车,['50574'],[],merged,3,1,['50574'],3.0,"['5271', '5819', '50574']","[0.49243366718292236, 0.4838525056838989, 0.4653451144695282]","['description', 'description', 'description']"
本田思域价格,['50574'],[],merged,1,0,[],,['50760'],[0.5589320659637451],['title_description']
本田思域价格,['50574'],[],merged,3,0,[],,"['50760', '60338', '4526']","[0.5589320659637451, 0.5271097421646118, 0.5050115585327148]","['title_description', 'description', 'title_description']"
本田雅阁2026款什么时候上市,['50574'],[],merged,1,0,[],,['61111'],[0.4465051591396332],['title_description']
本田雅阁2026款什么时候上市,['50574'],[],merged,3,0,[],,"['61111', '5601', '50760']","[0.4465051591396332, 0.43865031003952026, 0.42266565561294556]","['title_description', 'title_description', 'title_description']"
李彩虹,['50574'],[],merged,1,0,[],,['51377'],[0.4825308620929718],['description']
李彩虹,['50574'],[],merged,3,0,[],,"['51377', '50393', '51378']","[0.4825308620929718, 0.4694841504096985, 0.4605448544025421]","['description', 'description', 'description']"
极狐s5价格,['50574'],[],merged,1,0,[],,['60338'],[0.5073786377906799],['description']
极狐s5价格,['50574'],[],merged,3,0,[],,"['60338', '4526', '60540']","[0.5073786377906799, 0.44926705956459045, 0.44243332743644714]","['description', 'title_description', 'title_description']"
极狐t1图片及价格,['50574'],[],merged,1,0,[],,['60338'],[0.44286155700683594],['description']
极狐t1图片及价格,['50574'],[],merged,3,0,[],,"['60338', '4526', '60977']","[0.44286155700683594, 0.4401928186416626, 0.4254227876663208]","['description', 'title_description', 'title_description']"
桑塔纳,['50574'],[],merged,1,0,[],,['5271'],[0.5480114817619324],['description']
桑塔纳,['50574'],[],merged,3,0,[],,"['5271', '50760', '5819']","[0.5480114817619324, 0.5072115659713745, 0.4777691066265106]","['description', 'description', 'title_description']"
比亚迪元plus2026款,['50574'],[],merged,1,0,[],,['5271'],[0.586552083492279],['title_description']
比亚迪元plus2026款,['50574'],[],merged,3,0,[],,"['5271', '50760', '5819']","[0.586552083492279, 0.45456361770629883, 0.4208829998970032]","['title_description', 'title_description', 'description']"
比亚迪元up价格,['50574'],[],merged,1,0,[],,['5271'],[0.6198956966400146],['description']
比亚迪元up价格,['50574'],[],merged,3,0,[],,"['5271', '50760', '60338']","[0.6198956966400146, 0.5078665018081665, 0.501205563545227]","['description', 'description', 'description']"
比亚迪唐纯电suv价格,['50574'],[],merged,1,0,[],,['5271'],[0.5968449711799622],['description']
比亚迪唐纯电suv价格,['50574'],[],merged,3,0,[],,"['5271', '4526', '50760']","[0.5968449711799622, 0.45842641592025757, 0.43592196702957153]","['description', 'title_description', 'description']"
比亚迪宋dmi,['50574'],[],merged,1,0,[],,['5271'],[0.659044086933136],['title_description']
比亚迪宋dmi,['50574'],[],merged,3,1,['50574'],3.0,"['5271', '5819', '50574']","[0.659044086933136, 0.489385724067688, 0.4727022349834442]","['title_description', 'description', 'description']"
比亚迪海狮05,['50574'],[],merged,1,0,[],,['5271'],[0.6144123077392578],['title_description']
比亚迪海狮05,['50574'],[],merged,3,1,['50574'],3.0,"['5271', '5819', '50574']","[0.6144123077392578, 0.4628991186618805, 0.46080684661865234]","['title_description', 'description', 'description']"
比亚迪秦plus的价格,['50574'],[],merged,1,0,[],,['5271'],[0.6498017311096191],['description']
比亚迪秦plus的价格,['50574'],[],merged,3,0,[],,"['5271', '50760', '60338']","[0.6498017311096191, 0.5448448657989502, 0.5416498184204102]","['description', 'title_description', 'description']"
沃尔沃 xc60,['50574'],[],merged,1,0,[],,['5271'],[0.5036354064941406],['description']
沃尔沃 xc60,['50574'],[],merged,3,0,[],,"['5271', '4526', '5819']","[0.5036354064941406, 0.4884414076805115, 0.4857848286628723]","['description', 'description', 'description']"
海豹06,['50574'],[],merged,1,0,[],,['5271'],[0.48779499530792236],['description']
海豹06,['50574'],[],merged,3,1,['50574'],3.0,"['5271', '5819', '50574']","[0.48779499530792236, 0.43897977471351624, 0.4292558431625366]","['description', 'description', 'description']"
熊猫mini,['50574'],[],merged,1,0,[],,['60977'],[0.5207763910293579],['title_description']
熊猫mini,['50574'],[],merged,3,0,[],,"['60977', '51388', '5271']","[0.5207763910293579, 0.4842802882194519, 0.48006850481033325]","['title_description', 'description', 'description']"
现代ix35参数配置,['50574'],[],merged,1,0,[],,['4526'],[0.5183796286582947],['description']
现代ix35参数配置,['50574'],[],merged,3,0,[],,"['4526', '5819', '50760']","[0.5183796286582947, 0.48568278551101685, 0.47869354486465454]","['description', 'description', 'title_description']"
理想l6价格多少,['50574'],[],merged,1,0,[],,['60338'],[0.5431008338928223],['description']
理想l6价格多少,['50574'],[],merged,3,0,[],,"['60338', '50760', '4526']","[0.5431008338928223, 0.5091421604156494, 0.4980049729347229]","['description', 'description', 'title_description']"
理想l7属于什么档次,['50574'],[],merged,1,0,[],,['50760'],[0.5034041404724121],['description']
理想l7属于什么档次,['50574'],[],merged,3,1,['50574'],3.0,"['50760', '5271', '50574']","[0.5034041404724121, 0.4956108331680298, 0.49102210998535156]","['description', 'description', 'description']"
理想l9,['50574'],[],merged,1,0,[],,['5271'],[0.5192830562591553],['description']
理想l9,['50574'],[],merged,3,1,['50574'],3.0,"['5271', '5819', '50574']","[0.5192830562591553, 0.5014762878417969, 0.4803728461265564]","['description', 'description', 'description']"
瑞虎5x,['50574'],[],merged,1,0,[],,['5271'],[0.4850905239582062],['description']
瑞虎5x,['50574'],[],merged,3,0,[],,"['5271', '4526', '5819']","[0.4850905239582062, 0.47451722621917725, 0.47302863001823425]","['description', 'title_description', 'description']"
瑞虎7plus参数配置,['50574'],[],merged,1,0,[],,['5819'],[0.4745301604270935],['description']
瑞虎7plus参数配置,['50574'],[],merged,3,1,['50574'],3.0,"['5819', '5271', '50574']","[0.4745301604270935, 0.4623144865036011, 0.4499583840370178]","['description', 'description', 'description']"
皇冠,['50574'],[],merged,1,0,[],,['51323'],[0.5279256701469421],['description']
皇冠,['50574'],[],merged,3,0,[],,"['51323', '51388', '51377']","[0.5279256701469421, 0.514369785785675, 0.5124388337135315]","['description', 'description', 'description']"
福特全顺,['50574'],[],merged,1,0,[],,['5271'],[0.44639647006988525],['description']
福特全顺,['50574'],[],merged,3,1,['50574'],3.0,"['5271', '5819', '50574']","[0.44639647006988525, 0.43934378027915955, 0.4140319228172302]","['description', 'title_description', 'description']"
程佳美,['50574'],[],merged,1,0,[],,['51377'],[0.4984034597873688],['description']
程佳美,['50574'],[],merged,3,0,[],,"['51377', '51378', '50393']","[0.4984034597873688, 0.4737327992916107, 0.4638859033584595]","['description', 'description', 'description']"
红旗h5参数配置,['50574'],[],merged,1,0,[],,['5819'],[0.4357040226459503],['description']
红旗h5参数配置,['50574'],[],merged,3,1,['50574'],2.0,"['5819', '50574', '50760']","[0.4357040226459503, 0.4216907322406769, 0.4120991826057434]","['description', 'description', 'title_description']"
红旗h5多少钱2025款落地价,['50574'],[],merged,1,0,[],,['50760'],[0.48856687545776367],['title_description']
红旗h5多少钱2025款落地价,['50574'],[],merged,3,1,['50574'],3.0,"['50760', '60338', '50574']","[0.48856687545776367, 0.47713667154312134, 0.4301350712776184]","['title_description', 'description', 'description']"
红旗h9,['50574'],[],merged,1,0,[],,['5819'],[0.4293783903121948],['title_description']
红旗h9,['50574'],[],merged,3,1,['50574'],3.0,"['5819', '5271', '50574']","[0.4293783903121948, 0.4282558262348175, 0.4163338243961334]","['title_description', 'description', 'description']"
红旗hs7,['50574'],[],merged,1,0,[],,['5819'],[0.4022858142852783],['title_description']
红旗hs7,['50574'],[],merged,3,1,['50574'],3.0,"['5819', '5271', '50574']","[0.4022858142852783, 0.4017142057418823, 0.37946775555610657]","['title_description', 'description', 'description']"
腾势n9,['50574'],[],merged,1,0,[],,['5271'],[0.49394291639328003],['description']
腾势n9,['50574'],[],merged,3,1,['50574'],3.0,"['5271', '5819', '50574']","[0.49394291639328003, 0.45567795634269714, 0.4382200837135315]","['description', 'description', 'description']"
蒙迪欧1.5t混动参数,['50574'],[],merged,1,0,[],,['5271'],[0.45503681898117065],['description']
蒙迪欧1.5t混动参数,['50574'],[],merged,3,0,[],,"['5271', '5819', '50760']","[0.45503681898117065, 0.44690531492233276, 0.4418809413909912]","['description', 'description', 'title_description']"
蓝猫,['50574'],[],merged,1,0,[],,['23'],[0.4454193413257599],['title_description']
蓝猫,['50574'],[],merged,3,0,[],,"['23', '47272', '85']","[0.4454193413257599, 0.4311772882938385, 0.4104676842689514]","['title_description', 'title_description', 'title_description']"
起亚k3参数配置,['50574'],[],merged,1,0,[],,['4526'],[0.5376046895980835],['description']
起亚k3参数配置,['50574'],[],merged,3,0,[],,"['4526', '5819', '5271']","[0.5376046895980835, 0.5137683153152466, 0.4986688494682312]","['description', 'description', 'description']"
路虎揽胜,['50574'],[],merged,1,0,[],,['5271'],[0.4769546389579773],['description']
路虎揽胜,['50574'],[],merged,3,1,['50574'],2.0,"['5271', '50574', '50760']","[0.4769546389579773, 0.4724280834197998, 0.4575778841972351]","['description', 'description', 'description']"
迈巴赫s680多少钱,['50574'],[],merged,1,0,[],,['60338'],[0.43257710337638855],['description']
迈巴赫s680多少钱,['50574'],[],merged,3,0,[],,"['60338', '50760', '5271']","[0.43257710337638855, 0.424460768699646, 0.41854026913642883]","['description', 'description', 'description']"
远程星享新能源面包车,['50574'],[],merged,1,0,[],,['5271'],[0.37790921330451965],['title_description']
远程星享新能源面包车,['50574'],[],merged,3,1,['50574'],2.0,"['5271', '50574', '5819']","[0.37790921330451965, 0.37544745206832886, 0.3752400279045105]","['title_description', 'description', 'description']"
途岳新锐1.5t,['50574'],[],merged,1,0,[],,['5819'],[0.4425394833087921],['title_description']
途岳新锐1.5t,['50574'],[],merged,3,1,['50574'],3.0,"['5819', '50760', '50574']","[0.4425394833087921, 0.4190469980239868, 0.40031933784484863]","['title_description', 'title_description', 'description']"
长城坦途克300多少钱,['50574'],[],merged,1,0,[],,['4526'],[0.4354041516780853],['title_description']
长城坦途克300多少钱,['50574'],[],merged,3,0,[],,"['4526', '60338', '50760']","[0.4354041516780853, 0.39869117736816406, 0.3918691575527191]","['title_description', 'description', 'title_description']"
长城枭龙混动2025款,['50574'],[],merged,1,0,[],,['50760'],[0.3927278518676758],['title_description']
长城枭龙混动2025款,['50574'],[],merged,3,1,['50574'],3.0,"['50760', '5819', '50574']","[0.3927278518676758, 0.388799250125885, 0.38231557607650757]","['title_description', 'description', 'description']"
长安 cs75 plus,['50574'],[],merged,1,0,[],,['5271'],[0.5017135143280029],['description']
长安 cs75 plus,['50574'],[],merged,3,1,['50574'],3.0,"['5271', '5819', '50574']","[0.5017135143280029, 0.47471582889556885, 0.4583038091659546]","['description', 'description', 'description']"
长安深蓝s05,['50574'],[],merged,1,0,[],,['5271'],[0.45010602474212646],['description']
长安深蓝s05,['50574'],[],merged,3,1,['50574'],3.0,"['5271', '5819', '50574']","[0.45010602474212646, 0.4158979654312134, 0.4097021222114563]","['description', 'description', 'description']"
零跑c10,['50574'],[],merged,1,0,[],,['5819'],[0.44754230976104736],['description']
零跑c10,['50574'],[],merged,3,1,['50574'],2.0,"['5819', '50574', '50760']","[0.44754230976104736, 0.4134475588798523, 0.4104312062263489]","['description', 'description', 'title_description']"
零跑d19的价格,['50574'],[],merged,1,0,[],,['60338'],[0.5261626243591309],['description']
零跑d19的价格,['50574'],[],merged,3,0,[],,"['60338', '5271', '50760']","[0.5261626243591309, 0.4977034330368042, 0.4800812005996704]","['description', 'description', 'title_description']"
雷克萨斯es300,['50574'],[],merged,1,0,[],,['4526'],[0.4490245282649994],['description']
雷克萨斯es300,['50574'],[],merged,3,0,[],,"['4526', '5819', '50760']","[0.4490245282649994, 0.4353261888027191, 0.4248291850090027]","['description', 'title_description', 'title_description']"
领克10尺寸,['50574'],[],merged,1,1,['50574'],1.0,['50574'],[0.4670466184616089],['description']
领克10尺寸,['50574'],[],merged,3,1,['50574'],1.0,"['50574', '5819', '50760']","[0.4670466184616089, 0.46654725074768066, 0.4529610276222229]","['description', 'description', 'title_description']"
领克9x价格,['50574'],[],merged,1,0,[],,['60338'],[0.554673433303833],['description']
领克9x价格,['50574'],[],merged,3,0,[],,"['60338', '4526', '50760']","[0.554673433303833, 0.5421569347381592, 0.5395448207855225]","['description', 'title_description', 'description']"
魏牌高山7商务车价格及图片,['50574'],[],merged,1,0,[],,['5271'],[0.4955494999885559],['description']
魏牌高山7商务车价格及图片,['50574'],[],merged,3,1,['50574'],2.0,"['5271', '50574', '5819']","[0.4955494999885559, 0.4663209915161133, 0.45442119240760803]","['description', 'description', 'description']"
14年名图1.8油耗多少,['50574'],[],title_description,1,0,[],,['50760'],[0.4245694577693939],['title_description']
14年名图1.8油耗多少,['50574'],[],title_description,3,0,[],,"['50760', '5819', '5271']","[0.4245694577693939, 0.38410407304763794, 0.36856865882873535]","['title_description', 'title_description', 'title_description']"
2017款途昂,['50574'],[],title_description,1,0,[],,['50760'],[0.5123097896575928],['title_description']
2017款途昂,['50574'],[],title_description,3,0,[],,"['50760', '5819', '5271']","[0.5123097896575928, 0.47025686502456665, 0.4477298855781555]","['title_description', 'title_description', 'title_description']"
2019款迈腾,['50574'],[],title_description,1,0,[],,['50760'],[0.5330183506011963],['title_description']
2019款迈腾,['50574'],[],title_description,3,0,[],,"['50760', '5819', '5271']","[0.5330183506011963, 0.4706507921218872, 0.4602837860584259]","['title_description', 'title_description', 'title_description']"
2020款起亚kx3傲跑轮胎型号尺寸,['50574'],[],title_description,1,0,[],,['4526'],[0.42408323287963867],['title_description']
2020款起亚kx3傲跑轮胎型号尺寸,['50574'],[],title_description,3,0,[],,"['4526', '50760', '5819']","[0.42408323287963867, 0.4095713496208191, 0.37727826833724976]","['title_description', 'title_description', 'title_description']"
2021款本田crv,['50574'],[],title_description,1,0,[],,['50760'],[0.5130742192268372],['title_description']
2021款本田crv,['50574'],[],title_description,3,0,[],,"['50760', '5271', '5819']","[0.5130742192268372, 0.46019384264945984, 0.4595358371734619]","['title_description', 'title_description', 'title_description']"
2025款轩逸配置参数,['50574'],[],title_description,1,0,[],,['50760'],[0.4877943992614746],['title_description']
2025款轩逸配置参数,['50574'],[],title_description,3,0,[],,"['50760', '5819', '5271']","[0.4877943992614746, 0.44630342721939087, 0.4385378658771515]","['title_description', 'title_description', 'title_description']"
2026款吉利博越,['50574'],[],title_description,1,0,[],,['50760'],[0.435518741607666],['title_description']
2026款吉利博越,['50574'],[],title_description,3,1,['50574'],3.0,"['50760', '5271', '50574']","[0.435518741607666, 0.42751777172088623, 0.41545337438583374]","['title_description', 'title_description', 'title_description']"
2027款汉兰达,['50574'],[],title_description,1,0,[],,['50760'],[0.470981627702713],['title_description']
2027款汉兰达,['50574'],[],title_description,3,1,['50574'],2.0,"['50760', '50574', '5271']","[0.470981627702713, 0.4431692957878113, 0.4335100054740906]","['title_description', 'title_description', 'title_description']"
a1,['50574'],[],title_description,1,0,[],,['60977'],[0.5845464468002319],['title_description']
a1,['50574'],[],title_description,3,0,[],,"['60977', '85', '23']","[0.5845464468002319, 0.5652269124984741, 0.5565053224563599]","['title_description', 'title_description', 'title_description']"
envix本田什么车,['50574'],[],title_description,1,0,[],,['5271'],[0.4958016872406006],['title_description']
envix本田什么车,['50574'],[],title_description,3,0,[],,"['5271', '50760', '5819']","[0.4958016872406006, 0.46275708079338074, 0.444538414478302]","['title_description', 'title_description', 'title_description']"
g873,['50574'],[],title_description,1,0,[],,['60977'],[0.5267815589904785],['title_description']
g873,['50574'],[],title_description,3,0,[],,"['60977', '47266', '47242']","[0.5267815589904785, 0.5078071355819702, 0.49956899881362915]","['title_description', 'title_description', 'title_description']"
gls450落地价大概多少,['50574'],[],title_description,1,0,[],,['50760'],[0.5259918570518494],['title_description']
gls450落地价大概多少,['50574'],[],title_description,3,0,[],,"['50760', '4526', '60338']","[0.5259918570518494, 0.498878538608551, 0.47511935234069824]","['title_description', 'title_description', 'title_description']"
inspire,['50574'],[],title_description,1,0,[],,['23'],[0.4971334934234619],['title_description']
inspire,['50574'],[],title_description,3,0,[],,"['23', '85', '60977']","[0.4971334934234619, 0.4911094903945923, 0.4622373580932617]","['title_description', 'title_description', 'title_description']"
m7,['50574'],[],title_description,1,0,[],,['60977'],[0.5129356384277344],['title_description']
m7,['50574'],[],title_description,3,0,[],,"['60977', '51044', '47266']","[0.5129356384277344, 0.49210411310195923, 0.4919663071632385]","['title_description', 'title_description', 'title_description']"
rocket,['50574'],[],title_description,1,0,[],,['60868'],[0.5061016082763672],['title_description']
rocket,['50574'],[],title_description,3,0,[],,"['60868', '47242', '51044']","[0.5061016082763672, 0.4970797598361969, 0.49624383449554443]","['title_description', 'title_description', 'title_description']"
x7是什么车,['50574'],[],title_description,1,0,[],,['5271'],[0.4799255430698395],['title_description']
x7是什么车,['50574'],[],title_description,3,0,[],,"['5271', '4526', '5819']","[0.4799255430698395, 0.47859442234039307, 0.47517096996307373]","['title_description', 'title_description', 'title_description']"
xc60参数配置,['50574'],[],title_description,1,0,[],,['4526'],[0.5896294713020325],['title_description']
xc60参数配置,['50574'],[],title_description,3,0,[],,"['4526', '50760', '60977']","[0.5896294713020325, 0.5267419815063477, 0.5064942240715027]","['title_description', 'title_description', 'title_description']"
上汽大众凌渡,['50574'],[],title_description,1,0,[],,['50760'],[0.47175896167755127],['title_description']
上汽大众凌渡,['50574'],[],title_description,3,1,['50574'],3.0,"['50760', '5819', '50574']","[0.47175896167755127, 0.4682912528514862, 0.43322843313217163]","['title_description', 'title_description', 'title_description']"
东风日产n7,['50574'],[],title_description,1,0,[],,['5271'],[0.3923472762107849],['title_description']
东风日产n7,['50574'],[],title_description,3,0,[],,"['5271', '5819', '5601']","[0.3923472762107849, 0.38949912786483765, 0.367121160030365]","['title_description', 'title_description', 'title_description']"
东风日产nx8价格及图片,['50574'],[],title_description,1,0,[],,['4526'],[0.4072745144367218],['title_description']
东风日产nx8价格及图片,['50574'],[],title_description,3,0,[],,"['4526', '5819', '5271']","[0.4072745144367218, 0.40416330099105835, 0.40404653549194336]","['title_description', 'title_description', 'title_description']"
丰田卡罗拉锐放2026款报价及图片,['50574'],[],title_description,1,0,[],,['50760'],[0.46442583203315735],['title_description']
丰田卡罗拉锐放2026款报价及图片,['50574'],[],title_description,3,1,['50574'],3.0,"['50760', '4526', '50574']","[0.46442583203315735, 0.4289763867855072, 0.4240691363811493]","['title_description', 'title_description', 'title_description']"
丰田威兰达价格及图片,['50574'],[],title_description,1,0,[],,['50760'],[0.48984843492507935],['title_description']
丰田威兰达价格及图片,['50574'],[],title_description,3,0,[],,"['50760', '4526', '5271']","[0.48984843492507935, 0.4562950134277344, 0.43997204303741455]","['title_description', 'title_description', 'title_description']"
丰田霸道,['50574'],[],title_description,1,0,[],,['5271'],[0.48410218954086304],['title_description']
丰田霸道,['50574'],[],title_description,3,0,[],,"['5271', '50760', '5819']","[0.48410218954086304, 0.48110002279281616, 0.46832001209259033]","['title_description', 'title_description', 'title_description']"
五菱宏光缤果,['50574'],[],title_description,1,0,[],,['5271'],[0.4899829626083374],['title_description']
五菱宏光缤果,['50574'],[],title_description,3,0,[],,"['5271', '5819', '50760']","[0.4899829626083374, 0.43794769048690796, 0.42837589979171753]","['title_description', 'title_description', 'title_description']"
五菱星光版,['50574'],[],title_description,1,0,[],,['5819'],[0.4733339548110962],['title_description']
五菱星光版,['50574'],[],title_description,3,0,[],,"['5819', '5271', '50760']","[0.4733339548110962, 0.4655601978302002, 0.44803792238235474]","['title_description', 'title_description', 'title_description']"
五菱神车指的是哪一款,['50574'],[],title_description,1,0,[],,['5271'],[0.5026867389678955],['title_description']
五菱神车指的是哪一款,['50574'],[],title_description,3,0,[],,"['5271', '5819', '50760']","[0.5026867389678955, 0.4886244237422943, 0.47709035873413086]","['title_description', 'title_description', 'title_description']"
仰望u8,['50574'],[],title_description,1,0,[],,['5271'],[0.474014014005661],['title_description']
仰望u8,['50574'],[],title_description,3,0,[],,"['5271', '5819', '50760']","[0.474014014005661, 0.46845492720603943, 0.4355073869228363]","['title_description', 'title_description', 'title_description']"
保时捷718,['50574'],[],title_description,1,0,[],,['5271'],[0.4949723780155182],['title_description']
保时捷718,['50574'],[],title_description,3,0,[],,"['5271', '5819', '50760']","[0.4949723780155182, 0.4876822233200073, 0.4838252663612366]","['title_description', 'title_description', 'title_description']"
元 up,['50574'],[],title_description,1,0,[],,['60977'],[0.5249894261360168],['title_description']
元 up,['50574'],[],title_description,3,0,[],,"['60977', '50760', '47266']","[0.5249894261360168, 0.5078663229942322, 0.49616295099258423]","['title_description', 'title_description', 'title_description']"
克莱斯勒大捷龙商务车多少钱,['50574'],[],title_description,1,0,[],,['50760'],[0.4476126730442047],['title_description']
克莱斯勒大捷龙商务车多少钱,['50574'],[],title_description,3,0,[],,"['50760', '5271', '60540']","[0.4476126730442047, 0.4395301938056946, 0.41132113337516785]","['title_description', 'title_description', 'title_description']"
凯美瑞2026款最新款价格,['50574'],[],title_description,1,0,[],,['50760'],[0.5123902559280396],['title_description']
凯美瑞2026款最新款价格,['50574'],[],title_description,3,0,[],,"['50760', '4526', '51590']","[0.5123902559280396, 0.5100295543670654, 0.4572601318359375]","['title_description', 'title_description', 'title_description']"
凯美瑞双擎,['50574'],[],title_description,1,0,[],,['5819'],[0.46831780672073364],['title_description']
凯美瑞双擎,['50574'],[],title_description,3,0,[],,"['5819', '50760', '5271']","[0.46831780672073364, 0.4576962888240814, 0.4331100583076477]","['title_description', 'title_description', 'title_description']"
凯迪拉克ct5,['50574'],[],title_description,1,0,[],,['5819'],[0.46628350019454956],['title_description']
凯迪拉克ct5,['50574'],[],title_description,3,0,[],,"['5819', '5271', '60977']","[0.46628350019454956, 0.44092902541160583, 0.42890578508377075]","['title_description', 'title_description', 'title_description']"
凯迪拉克xt5最新价格2025款,['50574'],[],title_description,1,0,[],,['4526'],[0.5174098014831543],['title_description']
凯迪拉克xt5最新价格2025款,['50574'],[],title_description,3,0,[],,"['4526', '50760', '51590']","[0.5174098014831543, 0.4689300060272217, 0.4445561468601227]","['title_description', 'title_description', 'title_description']"
别克e7配置参数,['50574'],[],title_description,1,0,[],,['5819'],[0.4617387652397156],['title_description']
别克e7配置参数,['50574'],[],title_description,3,0,[],,"['5819', '5271', '60977']","[0.4617387652397156, 0.4495011270046234, 0.43224528431892395]","['title_description', 'title_description', 'title_description']"
别克gl8,['50574'],[],title_description,1,0,[],,['5271'],[0.4558592438697815],['title_description']
别克gl8,['50574'],[],title_description,3,0,[],,"['5271', '5819', '60977']","[0.4558592438697815, 0.43612077832221985, 0.43115437030792236]","['title_description', 'title_description', 'title_description']"
北京bj40,['50574'],[],title_description,1,0,[],,['5271'],[0.5290643572807312],['title_description']
北京bj40,['50574'],[],title_description,3,0,[],,"['5271', '5819', '60977']","[0.5290643572807312, 0.4863210916519165, 0.4833405613899231]","['title_description', 'title_description', 'title_description']"
卡罗拉双擎,['50574'],[],title_description,1,0,[],,['50760'],[0.5138280987739563],['title_description']
卡罗拉双擎,['50574'],[],title_description,3,0,[],,"['50760', '5819', '5271']","[0.5138280987739563, 0.5112959742546082, 0.47893810272216797]","['title_description', 'title_description', 'title_description']"
吉利星耀银河7,['50574'],[],title_description,1,0,[],,['5819'],[0.43012920022010803],['title_description']
吉利星耀银河7,['50574'],[],title_description,3,1,['50574'],3.0,"['5819', '61111', '50574']","[0.43012920022010803, 0.4265085458755493, 0.41123852133750916]","['title_description', 'title_description', 'title_description']"
吉利银河e5纯电动汽车价格,['50574'],[],title_description,1,0,[],,['5271'],[0.47301700711250305],['title_description']
吉利银河e5纯电动汽车价格,['50574'],[],title_description,3,0,[],,"['5271', '5819', '50760']","[0.47301700711250305, 0.4555283188819885, 0.45093995332717896]","['title_description', 'title_description', 'title_description']"
哈弗h6,['50574'],[],title_description,1,0,[],,['5271'],[0.4910828471183777],['title_description']
哈弗h6,['50574'],[],title_description,3,0,[],,"['5271', '5819', '50760']","[0.4910828471183777, 0.48503851890563965, 0.48126617074012756]","['title_description', 'title_description', 'title_description']"
哈弗猛龙plus,['50574'],[],title_description,1,0,[],,['5819'],[0.39388883113861084],['title_description']
哈弗猛龙plus,['50574'],[],title_description,3,1,['50574'],2.0,"['5819', '50574', '5271']","[0.39388883113861084, 0.39271122217178345, 0.3867749571800232]","['title_description', 'title_description', 'title_description']"
哪款朗逸质量最好,['50574'],[],title_description,1,0,[],,['50760'],[0.48240864276885986],['title_description']
哪款朗逸质量最好,['50574'],[],title_description,3,0,[],,"['50760', '5819', '60977']","[0.48240864276885986, 0.473696231842041, 0.44300198554992676]","['title_description', 'title_description', 'title_description']"
坦克 300,['50574'],[],title_description,1,0,[],,['5271'],[0.4588208794593811],['title_description']
坦克 300,['50574'],[],title_description,3,0,[],,"['5271', '5819', '60977']","[0.4588208794593811, 0.4517049491405487, 0.43324607610702515]","['title_description', 'title_description', 'title_description']"
坦壳300hi4t2026款报价,['50574'],[],title_description,1,0,[],,['4526'],[0.41427528858184814],['title_description']
坦壳300hi4t2026款报价,['50574'],[],title_description,3,0,[],,"['4526', '50760', '50161']","[0.41427528858184814, 0.4010317921638489, 0.3903365433216095]","['title_description', 'title_description', 'title_description']"
埃安y,['50574'],[],title_description,1,0,[],,['5271'],[0.5070459842681885],['title_description']
埃安y,['50574'],[],title_description,3,0,[],,"['5271', '5819', '50760']","[0.5070459842681885, 0.4964131712913513, 0.4559740424156189]","['title_description', 'title_description', 'title_description']"
夏\,['50574'],[],title_description,1,0,[],,['51323'],[0.5829828381538391],['title_description']
夏\,['50574'],[],title_description,3,0,[],,"['51323', '51381', '51388']","[0.5829828381538391, 0.5295950174331665, 0.5184862017631531]","['title_description', 'title_description', 'title_description']"
夏多少钱一辆,['50574'],[],title_description,1,0,[],,['50760'],[0.5884929895401001],['title_description']
夏多少钱一辆,['50574'],[],title_description,3,0,[],,"['50760', '4526', '60540']","[0.5884929895401001, 0.5681129693984985, 0.5448890328407288]","['title_description', 'title_description', 'title_description']"
大众宝来1.6手动挡多少钱,['50574'],[],title_description,1,0,[],,['50760'],[0.4708195924758911],['title_description']
大众宝来1.6手动挡多少钱,['50574'],[],title_description,3,0,[],,"['50760', '4526', '60540']","[0.4708195924758911, 0.45179247856140137, 0.41990894079208374]","['title_description', 'title_description', 'title_description']"
大众帕萨特330价格,['50574'],[],title_description,1,0,[],,['4526'],[0.492988646030426],['title_description']
大众帕萨特330价格,['50574'],[],title_description,3,0,[],,"['4526', '50760', '60338']","[0.492988646030426, 0.46480464935302734, 0.45514166355133057]","['title_description', 'title_description', 'title_description']"
大众捷达,['50574'],[],title_description,1,0,[],,['5271'],[0.5073188543319702],['title_description']
大众捷达,['50574'],[],title_description,3,0,[],,"['5271', '50760', '5819']","[0.5073188543319702, 0.5052891969680786, 0.4845616817474365]","['title_description', 'title_description', 'title_description']"
大众朗逸1.5t落地价多少钱,['50574'],[],title_description,1,0,[],,['50760'],[0.4863925874233246],['title_description']
大众朗逸1.5t落地价多少钱,['50574'],[],title_description,3,1,['50574'],3.0,"['50760', '5819', '50574']","[0.4863925874233246, 0.42106229066848755, 0.41627568006515503]","['title_description', 'title_description', 'title_description']"
大众途昂7座suv图片,['50574'],[],title_description,1,0,[],,['5819'],[0.4199965298175812],['title_description']
大众途昂7座suv图片,['50574'],[],title_description,3,0,[],,"['5819', '50760', '5271']","[0.4199965298175812, 0.3951684236526489, 0.3800969123840332]","['title_description', 'title_description', 'title_description']"
大众途观2026款报价及图片大全,['50574'],[],title_description,1,0,[],,['50760'],[0.5414258241653442],['title_description']
大众途观2026款报价及图片大全,['50574'],[],title_description,3,0,[],,"['50760', '4526', '5819']","[0.5414258241653442, 0.4821816682815552, 0.466596394777298]","['title_description', 'title_description', 'title_description']"
大众途观l380落地价多少钱,['50574'],[],title_description,1,0,[],,['50760'],[0.49223592877388],['title_description']
大众途观l380落地价多少钱,['50574'],[],title_description,3,0,[],,"['50760', '4526', '60540']","[0.49223592877388, 0.4785625636577606, 0.43611812591552734]","['title_description', 'title_description', 'title_description']"
大切诺基2026款落地价,['50574'],[],title_description,1,0,[],,['50760'],[0.4831644892692566],['title_description']
大切诺基2026款落地价,['50574'],[],title_description,3,0,[],,"['50760', '4526', '5271']","[0.4831644892692566, 0.47633764147758484, 0.394311785697937]","['title_description', 'title_description', 'title_description']"
奔驰b200价格,['50574'],[],title_description,1,0,[],,['50760'],[0.5763880014419556],['title_description']
奔驰b200价格,['50574'],[],title_description,3,0,[],,"['50760', '4526', '5271']","[0.5763880014419556, 0.5206893086433411, 0.47369760274887085]","['title_description', 'title_description', 'title_description']"
奔驰e260l,['50574'],[],title_description,1,0,[],,['50760'],[0.47517961263656616],['title_description']
奔驰e260l,['50574'],[],title_description,3,0,[],,"['50760', '4526', '5819']","[0.47517961263656616, 0.43346792459487915, 0.4284329116344452]","['title_description', 'title_description', 'title_description']"
奔驰gl c,['50574'],[],title_description,1,0,[],,['50760'],[0.42758649587631226],['title_description']
奔驰gl c,['50574'],[],title_description,3,0,[],,"['50760', '4526', '5819']","[0.42758649587631226, 0.4220464825630188, 0.4204285442829132]","['title_description', 'title_description', 'title_description']"
奔驰gle即将国产,['50574'],[],title_description,1,0,[],,['5819'],[0.4046107530593872],['title_description']
奔驰gle即将国产,['50574'],[],title_description,3,0,[],,"['5819', '4526', '5271']","[0.4046107530593872, 0.38789740204811096, 0.3737294673919678]","['title_description', 'title_description', 'title_description']"
奔驰s350价格及图片 报价大全,['50574'],[],title_description,1,0,[],,['4526'],[0.5448044538497925],['title_description']
奔驰s350价格及图片 报价大全,['50574'],[],title_description,3,0,[],,"['4526', '50760', '60338']","[0.5448044538497925, 0.4692566692829132, 0.4685751795768738]","['title_description', 'title_description', 'title_description']"
奕境x9内饰图片,['50574'],[],title_description,1,0,[],,['4526'],[0.4684460759162903],['title_description']
奕境x9内饰图片,['50574'],[],title_description,3,0,[],,"['4526', '5819', '5271']","[0.4684460759162903, 0.4130566418170929, 0.3840363025665283]","['title_description', 'title_description', 'title_description']"
奥德赛,['50574'],[],title_description,1,0,[],,['23'],[0.5114286541938782],['title_description']
奥德赛,['50574'],[],title_description,3,0,[],,"['23', '85', '51275']","[0.5114286541938782, 0.49159473180770874, 0.4701969623565674]","['title_description', 'title_description', 'title_description']"
奥德赛七座混动车型报价,['50574'],[],title_description,1,0,[],,['5271'],[0.5038729310035706],['title_description']
奥德赛七座混动车型报价,['50574'],[],title_description,3,0,[],,"['5271', '50760', '4526']","[0.5038729310035706, 0.4934120774269104, 0.48272478580474854]","['title_description', 'title_description', 'title_description']"
奥迪 a8,['50574'],[],title_description,1,0,[],,['5819'],[0.45074623823165894],['title_description']
奥迪 a8,['50574'],[],title_description,3,0,[],,"['5819', '5271', '50760']","[0.45074623823165894, 0.4472936987876892, 0.4400389790534973]","['title_description', 'title_description', 'title_description']"
奥迪a5l新款2026款多少钱,['50574'],[],title_description,1,0,[],,['50760'],[0.4582218527793884],['title_description']
奥迪a5l新款2026款多少钱,['50574'],[],title_description,3,0,[],,"['50760', '4526', '5428']","[0.4582218527793884, 0.43912917375564575, 0.40501463413238525]","['title_description', 'title_description', 'title_description']"
奥迪a7价格及图片,['50574'],[],title_description,1,0,[],,['50760'],[0.4430222511291504],['title_description']
奥迪a7价格及图片,['50574'],[],title_description,3,0,[],,"['50760', '4526', '60977']","[0.4430222511291504, 0.4318792223930359, 0.4227514863014221]","['title_description', 'title_description', 'title_description']"
宝马x3,['50574'],[],title_description,1,0,[],,['4526'],[0.6925929188728333],['title_description']
宝马x3,['50574'],[],title_description,3,0,[],,"['4526', '5271', '50760']","[0.6925929188728333, 0.545708179473877, 0.48764315247535706]","['title_description', 'title_description', 'title_description']"
宝骏730多少钱,['50574'],[],title_description,1,0,[],,['4526'],[0.5238813161849976],['title_description']
宝骏730多少钱,['50574'],[],title_description,3,0,[],,"['4526', '5271', '50760']","[0.5238813161849976, 0.4775749146938324, 0.4715409278869629]","['title_description', 'title_description', 'title_description']"
小鹏汽车m03价格,['50574'],[],title_description,1,0,[],,['4526'],[0.5491501688957214],['title_description']
小鹏汽车m03价格,['50574'],[],title_description,3,0,[],,"['4526', '50760', '5819']","[0.5491501688957214, 0.49129682779312134, 0.4622113108634949]","['title_description', 'title_description', 'title_description']"
尚界z7价格落地多少万,['50574'],[],title_description,1,0,[],,['50760'],[0.48626708984375],['title_description']
尚界z7价格落地多少万,['50574'],[],title_description,3,0,[],,"['50760', '60338', '60977']","[0.48626708984375, 0.47399771213531494, 0.45638030767440796]","['title_description', 'title_description', 'title_description']"
岚图2025款落地价,['50574'],[],title_description,1,0,[],,['50760'],[0.5733404159545898],['title_description']
岚图2025款落地价,['50574'],[],title_description,3,0,[],,"['50760', '5271', '4526']","[0.5733404159545898, 0.4600524306297302, 0.4576341211795807]","['title_description', 'title_description', 'title_description']"
岚图梦想家,['50574'],[],title_description,1,0,[],,['5271'],[0.5102783441543579],['title_description']
岚图梦想家,['50574'],[],title_description,3,0,[],,"['5271', '5819', '50760']","[0.5102783441543579, 0.48665428161621094, 0.4710548520088196]","['title_description', 'title_description', 'title_description']"
岚图知音参数配置,['50574'],[],title_description,1,0,[],,['5819'],[0.5147448778152466],['title_description']
岚图知音参数配置,['50574'],[],title_description,3,0,[],,"['5819', '5271', '50760']","[0.5147448778152466, 0.5137455463409424, 0.5060621500015259]","['title_description', 'title_description', 'title_description']"
帕萨特380,['50574'],[],title_description,1,0,[],,['5819'],[0.4345276355743408],['title_description']
帕萨特380,['50574'],[],title_description,3,0,[],,"['5819', '4526', '50760']","[0.4345276355743408, 0.43152669072151184, 0.42504268884658813]","['title_description', 'title_description', 'title_description']"
幻影汽车报价及图片,['50574'],[],title_description,1,0,[],,['50760'],[0.4531077742576599],['title_description']
幻影汽车报价及图片,['50574'],[],title_description,3,1,['50574'],2.0,"['50760', '50574', '4526']","[0.4531077742576599, 0.452752947807312, 0.4449876546859741]","['title_description', 'title_description', 'title_description']"
广汽传祺m8,['50574'],[],title_description,1,0,[],,['5819'],[0.4315359592437744],['title_description']
广汽传祺m8,['50574'],[],title_description,3,0,[],,"['5819', '5271', '50760']","[0.4315359592437744, 0.4147656559944153, 0.40938568115234375]","['title_description', 'title_description', 'title_description']"
广汽本田冠道370价格及图片,['50574'],[],title_description,1,0,[],,['50760'],[0.4326995611190796],['title_description']
广汽本田冠道370价格及图片,['50574'],[],title_description,3,0,[],,"['50760', '4526', '5819']","[0.4326995611190796, 0.4304408133029938, 0.4105537533760071]","['title_description', 'title_description', 'title_description']"
库斯途油耗,['50574'],[],title_description,1,0,[],,['5819'],[0.46833062171936035],['title_description']
库斯途油耗,['50574'],[],title_description,3,0,[],,"['5819', '50760', '47242']","[0.46833062171936035, 0.4606139063835144, 0.4456055164337158]","['title_description', 'title_description', 'title_description']"
捷途旅行者价格,['50574'],[],title_description,1,0,[],,['5671'],[0.525778591632843],['title_description']
捷途旅行者价格,['50574'],[],title_description,3,0,[],,"['5671', '47190', '60872']","[0.525778591632843, 0.5190505981445312, 0.514398455619812]","['title_description', 'title_description', 'title_description']"
新款奇骏,['50574'],[],title_description,1,0,[],,['50760'],[0.4774813950061798],['title_description']
新款奇骏,['50574'],[],title_description,3,0,[],,"['50760', '5819', '4526']","[0.4774813950061798, 0.46342629194259644, 0.4557274281978607]","['title_description', 'title_description', 'title_description']"
方程豹钛7价格是多少,['50574'],[],title_description,1,0,[],,['60977'],[0.5038803815841675],['title_description']
方程豹钛7价格是多少,['50574'],[],title_description,3,0,[],,"['60977', '5271', '50760']","[0.5038803815841675, 0.4995538294315338, 0.4869753122329712]","['title_description', 'title_description', 'title_description']"
日产骐达图片及价格,['50574'],[],title_description,1,0,[],,['5271'],[0.5104547739028931],['title_description']
日产骐达图片及价格,['50574'],[],title_description,3,0,[],,"['5271', '50760', '61111']","[0.5104547739028931, 0.4862000346183777, 0.4577288031578064]","['title_description', 'title_description', 'title_description']"
星越,['50574'],[],title_description,1,0,[],,['5271'],[0.5432814359664917],['title_description']
星越,['50574'],[],title_description,3,0,[],,"['5271', '5819', '50760']","[0.5432814359664917, 0.5257015228271484, 0.5242413878440857]","['title_description', 'title_description', 'title_description']"
朗逸油箱多少升,['50574'],[],title_description,1,0,[],,['50760'],[0.43639957904815674],['title_description']
朗逸油箱多少升,['50574'],[],title_description,3,1,['50574'],3.0,"['50760', '5819', '50574']","[0.43639957904815674, 0.40717270970344543, 0.40370285511016846]","['title_description', 'title_description', 'title_description']"
本田 crv,['50574'],[],title_description,1,0,[],,['50760'],[0.5126795768737793],['title_description']
本田 crv,['50574'],[],title_description,3,0,[],,"['50760', '5271', '5819']","[0.5126795768737793, 0.5028786063194275, 0.48023226857185364]","['title_description', 'title_description', 'title_description']"
本田civic是什么车,['50574'],[],title_description,1,0,[],,['5819'],[0.46976470947265625],['title_description']
本田civic是什么车,['50574'],[],title_description,3,0,[],,"['5819', '50760', '5271']","[0.46976470947265625, 0.4645126461982727, 0.4645079970359802]","['title_description', 'title_description', 'title_description']"
本田思域价格,['50574'],[],title_description,1,0,[],,['50760'],[0.5589320659637451],['title_description']
本田思域价格,['50574'],[],title_description,3,0,[],,"['50760', '4526', '60540']","[0.5589320659637451, 0.5050115585327148, 0.4814315438270569]","['title_description', 'title_description', 'title_description']"
本田雅阁2026款什么时候上市,['50574'],[],title_description,1,0,[],,['61111'],[0.4465051591396332],['title_description']
本田雅阁2026款什么时候上市,['50574'],[],title_description,3,0,[],,"['61111', '5601', '50760']","[0.4465051591396332, 0.43865031003952026, 0.42266565561294556]","['title_description', 'title_description', 'title_description']"
李彩虹,['50574'],[],title_description,1,0,[],,['51377'],[0.45310041308403015],['title_description']
李彩虹,['50574'],[],title_description,3,0,[],,"['51377', '51457', '51378']","[0.45310041308403015, 0.44574254751205444, 0.4351664185523987]","['title_description', 'title_description', 'title_description']"
极狐s5价格,['50574'],[],title_description,1,0,[],,['60338'],[0.48618021607398987],['title_description']
极狐s5价格,['50574'],[],title_description,3,0,[],,"['60338', '4526', '60540']","[0.48618021607398987, 0.44926705956459045, 0.44243332743644714]","['title_description', 'title_description', 'title_description']"
极狐t1图片及价格,['50574'],[],title_description,1,0,[],,['4526'],[0.4401928186416626],['title_description']
极狐t1图片及价格,['50574'],[],title_description,3,0,[],,"['4526', '60977', '50760']","[0.4401928186416626, 0.4254227876663208, 0.4253387153148651]","['title_description', 'title_description', 'title_description']"
桑塔纳,['50574'],[],title_description,1,0,[],,['5271'],[0.5041429996490479],['title_description']
桑塔纳,['50574'],[],title_description,3,0,[],,"['5271', '50760', '5819']","[0.5041429996490479, 0.4920698404312134, 0.4777691066265106]","['title_description', 'title_description', 'title_description']"
比亚迪元plus2026款,['50574'],[],title_description,1,0,[],,['5271'],[0.586552083492279],['title_description']
比亚迪元plus2026款,['50574'],[],title_description,3,0,[],,"['5271', '50760', '4526']","[0.586552083492279, 0.45456361770629883, 0.4120476245880127]","['title_description', 'title_description', 'title_description']"
比亚迪元up价格,['50574'],[],title_description,1,0,[],,['5271'],[0.6090267896652222],['title_description']
比亚迪元up价格,['50574'],[],title_description,3,0,[],,"['5271', '50760', '4526']","[0.6090267896652222, 0.5065919160842896, 0.4694700241088867]","['title_description', 'title_description', 'title_description']"
比亚迪唐纯电suv价格,['50574'],[],title_description,1,0,[],,['5271'],[0.5918022394180298],['title_description']
比亚迪唐纯电suv价格,['50574'],[],title_description,3,0,[],,"['5271', '4526', '50760']","[0.5918022394180298, 0.45842641592025757, 0.4331984519958496]","['title_description', 'title_description', 'title_description']"
比亚迪宋dmi,['50574'],[],title_description,1,0,[],,['5271'],[0.659044086933136],['title_description']
比亚迪宋dmi,['50574'],[],title_description,3,0,[],,"['5271', '5819', '50760']","[0.659044086933136, 0.48480430245399475, 0.45885002613067627]","['title_description', 'title_description', 'title_description']"
比亚迪海狮05,['50574'],[],title_description,1,0,[],,['5271'],[0.6144123077392578],['title_description']
比亚迪海狮05,['50574'],[],title_description,3,0,[],,"['5271', '5819', '50760']","[0.6144123077392578, 0.45137470960617065, 0.43542519211769104]","['title_description', 'title_description', 'title_description']"
比亚迪秦plus的价格,['50574'],[],title_description,1,0,[],,['5271'],[0.6231018304824829],['title_description']
比亚迪秦plus的价格,['50574'],[],title_description,3,0,[],,"['5271', '50760', '4526']","[0.6231018304824829, 0.5448448657989502, 0.5182253122329712]","['title_description', 'title_description', 'title_description']"
沃尔沃 xc60,['50574'],[],title_description,1,0,[],,['50760'],[0.48018404841423035],['title_description']
沃尔沃 xc60,['50574'],[],title_description,3,0,[],,"['50760', '4526', '5819']","[0.48018404841423035, 0.47936826944351196, 0.4768981337547302]","['title_description', 'title_description', 'title_description']"
海豹06,['50574'],[],title_description,1,0,[],,['5271'],[0.4682462215423584],['title_description']
海豹06,['50574'],[],title_description,3,0,[],,"['5271', '5819', '60977']","[0.4682462215423584, 0.42949748039245605, 0.4197841286659241]","['title_description', 'title_description', 'title_description']"
熊猫mini,['50574'],[],title_description,1,0,[],,['60977'],[0.5207763910293579],['title_description']
熊猫mini,['50574'],[],title_description,3,0,[],,"['60977', '47242', '51388']","[0.5207763910293579, 0.4730392396450043, 0.472888708114624]","['title_description', 'title_description', 'title_description']"
现代ix35参数配置,['50574'],[],title_description,1,0,[],,['4526'],[0.5110434293746948],['title_description']
现代ix35参数配置,['50574'],[],title_description,3,0,[],,"['4526', '50760', '5819']","[0.5110434293746948, 0.47869354486465454, 0.45988911390304565]","['title_description', 'title_description', 'title_description']"
理想l6价格多少,['50574'],[],title_description,1,0,[],,['50760'],[0.507614016532898],['title_description']
理想l6价格多少,['50574'],[],title_description,3,0,[],,"['50760', '4526', '60540']","[0.507614016532898, 0.4980049729347229, 0.4861421287059784]","['title_description', 'title_description', 'title_description']"
理想l7属于什么档次,['50574'],[],title_description,1,0,[],,['50760'],[0.5000923275947571],['title_description']
理想l7属于什么档次,['50574'],[],title_description,3,0,[],,"['50760', '60977', '5271']","[0.5000923275947571, 0.4765722155570984, 0.47319838404655457]","['title_description', 'title_description', 'title_description']"
理想l9,['50574'],[],title_description,1,0,[],,['5271'],[0.496399849653244],['title_description']
理想l9,['50574'],[],title_description,3,0,[],,"['5271', '5819', '50760']","[0.496399849653244, 0.4942287802696228, 0.462769478559494]","['title_description', 'title_description', 'title_description']"
瑞虎5x,['50574'],[],title_description,1,0,[],,['4526'],[0.47451722621917725],['title_description']
瑞虎5x,['50574'],[],title_description,3,0,[],,"['4526', '5271', '5819']","[0.47451722621917725, 0.4716757535934448, 0.46818047761917114]","['title_description', 'title_description', 'title_description']"
瑞虎7plus参数配置,['50574'],[],title_description,1,0,[],,['5819'],[0.44919461011886597],['title_description']
瑞虎7plus参数配置,['50574'],[],title_description,3,0,[],,"['5819', '5271', '50760']","[0.44919461011886597, 0.44046303629875183, 0.42905378341674805]","['title_description', 'title_description', 'title_description']"
皇冠,['50574'],[],title_description,1,0,[],,['51590'],[0.502054750919342],['title_description']
皇冠,['50574'],[],title_description,3,0,[],,"['51590', '51388', '51381']","[0.502054750919342, 0.5010963082313538, 0.4993709921836853]","['title_description', 'title_description', 'title_description']"
福特全顺,['50574'],[],title_description,1,0,[],,['5271'],[0.44275543093681335],['title_description']
福特全顺,['50574'],[],title_description,3,0,[],,"['5271', '5819', '50760']","[0.44275543093681335, 0.43934378027915955, 0.41324400901794434]","['title_description', 'title_description', 'title_description']"
程佳美,['50574'],[],title_description,1,0,[],,['51275'],[0.44651997089385986],['title_description']
程佳美,['50574'],[],title_description,3,0,[],,"['51275', '47272', '51378']","[0.44651997089385986, 0.445634126663208, 0.4425259232521057]","['title_description', 'title_description', 'title_description']"
红旗h5参数配置,['50574'],[],title_description,1,0,[],,['5819'],[0.4247070252895355],['title_description']
红旗h5参数配置,['50574'],[],title_description,3,0,[],,"['5819', '50760', '5271']","[0.4247070252895355, 0.4120991826057434, 0.40038973093032837]","['title_description', 'title_description', 'title_description']"
红旗h5多少钱2025款落地价,['50574'],[],title_description,1,0,[],,['50760'],[0.48856687545776367],['title_description']
红旗h5多少钱2025款落地价,['50574'],[],title_description,3,1,['50574'],2.0,"['50760', '50574', '61800']","[0.48856687545776367, 0.4155401587486267, 0.41157156229019165]","['title_description', 'title_description', 'title_description']"
红旗h9,['50574'],[],title_description,1,0,[],,['5819'],[0.4293783903121948],['title_description']
红旗h9,['50574'],[],title_description,3,1,['50574'],3.0,"['5819', '5271', '50574']","[0.4293783903121948, 0.42123672366142273, 0.40613436698913574]","['title_description', 'title_description', 'title_description']"
红旗hs7,['50574'],[],title_description,1,0,[],,['5819'],[0.4022858142852783],['title_description']
红旗hs7,['50574'],[],title_description,3,0,[],,"['5819', '5271', '50760']","[0.4022858142852783, 0.3872915506362915, 0.3783819079399109]","['title_description', 'title_description', 'title_description']"
腾势n9,['50574'],[],title_description,1,0,[],,['5271'],[0.48532456159591675],['title_description']
腾势n9,['50574'],[],title_description,3,0,[],,"['5271', '5819', '50760']","[0.48532456159591675, 0.451415479183197, 0.41037052869796753]","['title_description', 'title_description', 'title_description']"
蒙迪欧1.5t混动参数,['50574'],[],title_description,1,0,[],,['50760'],[0.4418809413909912],['title_description']
蒙迪欧1.5t混动参数,['50574'],[],title_description,3,0,[],,"['50760', '5271', '5819']","[0.4418809413909912, 0.43936610221862793, 0.4375452697277069]","['title_description', 'title_description', 'title_description']"
蓝猫,['50574'],[],title_description,1,0,[],,['23'],[0.4454193413257599],['title_description']
蓝猫,['50574'],[],title_description,3,0,[],,"['23', '47272', '85']","[0.4454193413257599, 0.4311772882938385, 0.4104676842689514]","['title_description', 'title_description', 'title_description']"
起亚k3参数配置,['50574'],[],title_description,1,0,[],,['4526'],[0.5249415636062622],['title_description']
起亚k3参数配置,['50574'],[],title_description,3,0,[],,"['4526', '50760', '5819']","[0.5249415636062622, 0.4894307553768158, 0.4890417456626892]","['title_description', 'title_description', 'title_description']"
路虎揽胜,['50574'],[],title_description,1,0,[],,['5271'],[0.4715164303779602],['title_description']
路虎揽胜,['50574'],[],title_description,3,1,['50574'],3.0,"['5271', '50760', '50574']","[0.4715164303779602, 0.4569287598133087, 0.4478735327720642]","['title_description', 'title_description', 'title_description']"
迈巴赫s680多少钱,['50574'],[],title_description,1,0,[],,['50760'],[0.42087724804878235],['title_description']
迈巴赫s680多少钱,['50574'],[],title_description,3,0,[],,"['50760', '60338', '60540']","[0.42087724804878235, 0.41665422916412354, 0.3937210440635681]","['title_description', 'title_description', 'title_description']"
远程星享新能源面包车,['50574'],[],title_description,1,0,[],,['5271'],[0.37790921330451965],['title_description']
远程星享新能源面包车,['50574'],[],title_description,3,0,[],,"['5271', '5819', '50760']","[0.37790921330451965, 0.37066715955734253, 0.34436124563217163]","['title_description', 'title_description', 'title_description']"
途岳新锐1.5t,['50574'],[],title_description,1,0,[],,['5819'],[0.4425394833087921],['title_description']
途岳新锐1.5t,['50574'],[],title_description,3,0,[],,"['5819', '50760', '47190']","[0.4425394833087921, 0.4190469980239868, 0.3839189410209656]","['title_description', 'title_description', 'title_description']"
长城坦途克300多少钱,['50574'],[],title_description,1,0,[],,['4526'],[0.4354041516780853],['title_description']
长城坦途克300多少钱,['50574'],[],title_description,3,0,[],,"['4526', '50760', '5819']","[0.4354041516780853, 0.3918691575527191, 0.38138866424560547]","['title_description', 'title_description', 'title_description']"
长城枭龙混动2025款,['50574'],[],title_description,1,0,[],,['50760'],[0.3927278518676758],['title_description']
长城枭龙混动2025款,['50574'],[],title_description,3,0,[],,"['50760', '5819', '5271']","[0.3927278518676758, 0.3834493160247803, 0.37785279750823975]","['title_description', 'title_description', 'title_description']"
长安 cs75 plus,['50574'],[],title_description,1,0,[],,['5271'],[0.4794520139694214],['title_description']
长安 cs75 plus,['50574'],[],title_description,3,0,[],,"['5271', '5819', '50760']","[0.4794520139694214, 0.4689338505268097, 0.45311808586120605]","['title_description', 'title_description', 'title_description']"
长安深蓝s05,['50574'],[],title_description,1,0,[],,['5271'],[0.4302208423614502],['title_description']
长安深蓝s05,['50574'],[],title_description,3,0,[],,"['5271', '5819', '47190']","[0.4302208423614502, 0.40158161520957947, 0.37698978185653687]","['title_description', 'title_description', 'title_description']"
零跑c10,['50574'],[],title_description,1,0,[],,['5819'],[0.4298056960105896],['title_description']
零跑c10,['50574'],[],title_description,3,1,['50574'],3.0,"['5819', '50760', '50574']","[0.4298056960105896, 0.4104312062263489, 0.4021170139312744]","['title_description', 'title_description', 'title_description']"
零跑d19的价格,['50574'],[],title_description,1,0,[],,['5271'],[0.4819111227989197],['title_description']
零跑d19的价格,['50574'],[],title_description,3,0,[],,"['5271', '50760', '60338']","[0.4819111227989197, 0.4800812005996704, 0.4660206139087677]","['title_description', 'title_description', 'title_description']"
雷克萨斯es300,['50574'],[],title_description,1,0,[],,['4526'],[0.4423314332962036],['title_description']
雷克萨斯es300,['50574'],[],title_description,3,0,[],,"['4526', '5819', '50760']","[0.4423314332962036, 0.4353261888027191, 0.4248291850090027]","['title_description', 'title_description', 'title_description']"
领克10尺寸,['50574'],[],title_description,1,0,[],,['5819'],[0.46450066566467285],['title_description']
领克10尺寸,['50574'],[],title_description,3,0,[],,"['5819', '50760', '60977']","[0.46450066566467285, 0.4529610276222229, 0.43892961740493774]","['title_description', 'title_description', 'title_description']"
领克9x价格,['50574'],[],title_description,1,0,[],,['4526'],[0.5421569347381592],['title_description']
领克9x价格,['50574'],[],title_description,3,0,[],,"['4526', '50760', '60977']","[0.5421569347381592, 0.5349374413490295, 0.497151643037796]","['title_description', 'title_description', 'title_description']"
魏牌高山7商务车价格及图片,['50574'],[],title_description,1,0,[],,['5271'],[0.48052528500556946],['title_description']
魏牌高山7商务车价格及图片,['50574'],[],title_description,3,0,[],,"['5271', '50760', '5819']","[0.48052528500556946, 0.4499000608921051, 0.4431408941745758]","['title_description', 'title_description', 'title_description']"
