query,gold_ids,missing_gold_ids,view,k,pass_at_k,hit_ids,first_hit_rank,recall_ids,recall_scores,recall_views
*st美丽最新消息今天,['5802'],[],description,1,0,[],,['5432'],[0.5723464488983154],['description']
*st美丽最新消息今天,['5802'],[],description,3,0,[],,"['5432', '50161', '50926']","[0.5723464488983154, 0.5578929781913757, 0.5538000464439392]","['description', 'description', 'description']"
000980,['5802'],[],description,1,0,[],,['51323'],[0.49812233448028564],['description']
000980,['5802'],[],description,3,0,[],,"['51323', '51044', '5671']","[0.49812233448028564, 0.49465906620025635, 0.4902886748313904]","['description', 'description', 'description']"
002029,['5802'],[],description,1,0,[],,['51323'],[0.5033369064331055],['description']
002029,['5802'],[],description,3,0,[],,"['51323', '5601', '60977']","[0.5033369064331055, 0.47876882553100586, 0.47803062200546265]","['description', 'description', 'description']"
002051,['5802'],[],description,1,0,[],,['51323'],[0.5261651873588562],['description']
002051,['5802'],[],description,3,0,[],,"['51323', '51388', '60977']","[0.5261651873588562, 0.5186170935630798, 0.5038037896156311]","['description', 'description', 'description']"
002185每股收益,['5802'],[],description,1,0,[],,['5432'],[0.5190004110336304],['description']
002185每股收益,['5802'],[],description,3,0,[],,"['5432', '50161', '50162']","[0.5190004110336304, 0.5143694877624512, 0.4941549003124237]","['description', 'description', 'description']"
002414,['5802'],[],description,1,0,[],,['51323'],[0.5682787895202637],['description']
002414,['5802'],[],description,3,0,[],,"['51323', '50161', '50709']","[0.5682787895202637, 0.559177041053772, 0.5410043597221375]","['description', 'description', 'description']"
002523,['5802'],[],description,1,0,[],,['50709'],[0.57904052734375],['description']
002523,['5802'],[],description,3,0,[],,"['50709', '51323', '51388']","[0.57904052734375, 0.5566028356552124, 0.5468451976776123]","['description', 'description', 'description']"
002607最新消息今天,['5802'],[],description,1,0,[],,['5432'],[0.5494170188903809],['description']
002607最新消息今天,['5802'],[],description,3,0,[],,"['5432', '50161', '50926']","[0.5494170188903809, 0.5238907933235168, 0.48657816648483276]","['description', 'description', 'description']"
002611,['5802'],[],description,1,0,[],,['51323'],[0.5003068447113037],['description']
002611,['5802'],[],description,3,0,[],,"['51323', '5601', '60977']","[0.5003068447113037, 0.48683297634124756, 0.47554054856300354]","['description', 'description', 'description']"
300215,['5802'],[],description,1,0,[],,['50709'],[0.5695064663887024],['description']
300215,['5802'],[],description,3,0,[],,"['50709', '51323', '50161']","[0.5695064663887024, 0.551814079284668, 0.5344644784927368]","['description', 'description', 'description']"
300303,['5802'],[],description,1,0,[],,['50159'],[0.5625123977661133],['description']
300303,['5802'],[],description,3,0,[],,"['50159', '50161', '50709']","[0.5625123977661133, 0.5573972463607788, 0.5348656177520752]","['description', 'description', 'description']"
300505最新消息,['5802'],[],description,1,0,[],,['50709'],[0.6007820963859558],['description']
300505最新消息,['5802'],[],description,3,0,[],,"['50709', '5432', '50161']","[0.6007820963859558, 0.5616739988327026, 0.5279275178909302]","['description', 'description', 'description']"
300665,['5802'],[],description,1,0,[],,['50709'],[0.578113317489624],['description']
300665,['5802'],[],description,3,0,[],,"['50709', '5432', '50161']","[0.578113317489624, 0.5629453659057617, 0.5593670010566711]","['description', 'description', 'description']"
300779,['5802'],[],description,1,0,[],,['50161'],[0.5447843670845032],['description']
300779,['5802'],[],description,3,0,[],,"['50161', '50709', '51323']","[0.5447843670845032, 0.5415401458740234, 0.5313017964363098]","['description', 'description', 'description']"
301617,['5802'],[],description,1,0,[],,['5601'],[0.5103708505630493],['description']
301617,['5802'],[],description,3,0,[],,"['5601', '51323', '60977']","[0.5103708505630493, 0.5077143907546997, 0.4998476505279541]","['description', 'description', 'description']"
600612,['5802'],[],description,1,0,[],,['50161'],[0.6361215710639954],['description']
600612,['5802'],[],description,3,0,[],,"['50161', '5432', '50709']","[0.6361215710639954, 0.5929325222969055, 0.5749917030334473]","['description', 'description', 'description']"
600667东方财富网,['5802'],[],description,1,0,[],,['5432'],[0.6058992147445679],['description']
600667东方财富网,['5802'],[],description,3,0,[],,"['5432', '50161', '50926']","[0.6058992147445679, 0.5987169742584229, 0.5847392082214355]","['description', 'description', 'description']"
600879,['5802'],[],description,1,0,[],,['50161'],[0.6409035921096802],['description']
600879,['5802'],[],description,3,0,[],,"['50161', '5432', '50162']","[0.6409035921096802, 0.6034389734268188, 0.5825706124305725]","['description', 'description', 'description']"
603005,['5802'],[],description,1,0,[],,['50709'],[0.5704905390739441],['description']
603005,['5802'],[],description,3,0,[],,"['50709', '50161', '51388']","[0.5704905390739441, 0.5412017107009888, 0.5340290069580078]","['description', 'description', 'description']"
603068,['5802'],[],description,1,0,[],,['50161'],[0.569892168045044],['description']
603068,['5802'],[],description,3,0,[],,"['50161', '50159', '5432']","[0.569892168045044, 0.5681025981903076, 0.5549992918968201]","['description', 'description', 'description']"
603960,['5802'],[],description,1,0,[],,['50161'],[0.6177445650100708],['description']
603960,['5802'],[],description,3,0,[],,"['50161', '5432', '50162']","[0.6177445650100708, 0.5905699133872986, 0.5742330551147461]","['description', 'description', 'description']"
688432,['5802'],[],description,1,0,[],,['60977'],[0.5731554627418518],['description']
688432,['5802'],[],description,3,0,[],,"['60977', '51323', '51044']","[0.5731554627418518, 0.5687465667724609, 0.558919370174408]","['description', 'description', 'description']"
688799,['5802'],[],description,1,0,[],,['60977'],[0.5478360652923584],['description']
688799,['5802'],[],description,3,0,[],,"['60977', '51323', '50161']","[0.5478360652923584, 0.5430932641029358, 0.5331622362136841]","['description', 'description', 'description']"
tcl科技的最新消息,['5802'],[],description,1,0,[],,['50709'],[0.5533140301704407],['description']
tcl科技的最新消息,['5802'],[],description,3,0,[],,"['50709', '5432', '50926']","[0.5533140301704407, 0.5313080549240112, 0.5243728160858154]","['description', 'description', 'description']"
三丰智能三丰智能最新消息,['5802'],[],description,1,0,[],,['50159'],[0.4803612232208252],['description']
三丰智能三丰智能最新消息,['5802'],[],description,3,0,[],,"['50159', '50709', '5432']","[0.4803612232208252, 0.46636778116226196, 0.46371880173683167]","['description', 'description', 'description']"
上海凯鑫,['5802'],[],description,1,0,[],,['50161'],[0.5364886522293091],['description']
上海凯鑫,['5802'],[],description,3,0,[],,"['50161', '5432', '50709']","[0.5364886522293091, 0.5260640978813171, 0.49374544620513916]","['description', 'description', 'description']"
东山精密,['5802'],[],description,1,0,[],,['50709'],[0.4536134600639343],['description']
东山精密,['5802'],[],description,3,0,[],,"['50709', '5432', '5881']","[0.4536134600639343, 0.4491276144981384, 0.444649875164032]","['description', 'description', 'description']"
东方智造最新消息今天,['5802'],[],description,1,0,[],,['50926'],[0.48076385259628296],['description']
东方智造最新消息今天,['5802'],[],description,3,0,[],,"['50926', '50709', '5432']","[0.48076385259628296, 0.4788716435432434, 0.47013550996780396]","['description', 'description', 'description']"
东方盛虹吧,['5802'],[],description,1,0,[],,['5432'],[0.5295799970626831],['description']
东方盛虹吧,['5802'],[],description,3,0,[],,"['5432', '50709', '50161']","[0.5295799970626831, 0.5136992335319519, 0.5116806626319885]","['description', 'description', 'description']"
中传科技的股票,['5802'],[],description,1,0,[],,['5432'],[0.6155290007591248],['description']
中传科技的股票,['5802'],[],description,3,0,[],,"['5432', '50161', '50709']","[0.6155290007591248, 0.6035541296005249, 0.5849785804748535]","['description', 'description', 'description']"
中国建,['5802'],[],description,1,0,[],,['51323'],[0.5066924095153809],['description']
中国建,['5802'],[],description,3,0,[],,"['51323', '47242', '47198']","[0.5066924095153809, 0.48874586820602417, 0.483038067817688]","['description', 'description', 'description']"
中国核电最新消息今天,['5802'],[],description,1,0,[],,['50926'],[0.44307222962379456],['description']
中国核电最新消息今天,['5802'],[],description,3,0,[],,"['50926', '5432', '5601']","[0.44307222962379456, 0.44175416231155396, 0.40076085925102234]","['description', 'description', 'description']"
中国稀土集团,['5802'],[],description,1,0,[],,['51457'],[0.46764329075813293],['description']
中国稀土集团,['5802'],[],description,3,0,[],,"['51457', '28128', '28126']","[0.46764329075813293, 0.4586580991744995, 0.4586580991744995]","['description', 'description', 'description']"
中国黄金 价格,['5802'],[],description,1,0,[],,['51590'],[0.8324148058891296],['description']
中国黄金 价格,['5802'],[],description,3,0,[],,"['51590', '51088', '51255']","[0.8324148058891296, 0.7099189162254333, 0.5350122451782227]","['description', 'description', 'description']"
中天科技的目标价是多少,['5802'],[],description,1,0,[],,['5432'],[0.5625295639038086],['description']
中天科技的目标价是多少,['5802'],[],description,3,0,[],,"['5432', '50161', '50709']","[0.5625295639038086, 0.5432980060577393, 0.5395607948303223]","['description', 'description', 'description']"
中天科技股票属于什么板块,['5802'],[],description,1,0,[],,['50709'],[0.6243127584457397],['description']
中天科技股票属于什么板块,['5802'],[],description,3,0,[],,"['50709', '5432', '50926']","[0.6243127584457397, 0.5691880583763123, 0.5588074922561646]","['description', 'description', 'description']"
中捷股份,['5802'],[],description,1,0,[],,['5432'],[0.4839687943458557],['description']
中捷股份,['5802'],[],description,3,0,[],,"['5432', '50161', '50709']","[0.4839687943458557, 0.4724857211112976, 0.4641551971435547]","['description', 'description', 'description']"
中晶科技历史交易数据,['5802'],[],description,1,0,[],,['50709'],[0.588983416557312],['description']
中晶科技历史交易数据,['5802'],[],description,3,0,[],,"['50709', '5432', '50161']","[0.588983416557312, 0.5794258117675781, 0.5767005681991577]","['description', 'description', 'description']"
中色股份今日股价是多少钱,['5802'],[],description,1,0,[],,['5432'],[0.6315758228302002],['description']
中色股份今日股价是多少钱,['5802'],[],description,3,0,[],,"['5432', '50161', '50162']","[0.6315758228302002, 0.5887224674224854, 0.5170058012008667]","['description', 'description', 'description']"
云鼎科技股票股吧,['5802'],[],description,1,0,[],,['5432'],[0.518655002117157],['description']
云鼎科技股票股吧,['5802'],[],description,3,0,[],,"['5432', '50709', '50159']","[0.518655002117157, 0.48225945234298706, 0.4748150110244751]","['description', 'description', 'description']"
五洲新春股票,['5802'],[],description,1,0,[],,['50161'],[0.5582576394081116],['description']
五洲新春股票,['5802'],[],description,3,0,[],,"['50161', '5432', '50709']","[0.5582576394081116, 0.555922269821167, 0.5391932129859924]","['description', 'description', 'description']"
五粮液股票,['5802'],[],description,1,0,[],,['5432'],[0.5734094977378845],['description']
五粮液股票,['5802'],[],description,3,0,[],,"['5432', '50709', '50161']","[0.5734094977378845, 0.5604726672172546, 0.5530288219451904]","['description', 'description', 'description']"
京东方a这支股票能买吗,['5802'],[],description,1,0,[],,['50161'],[0.5452222228050232],['description']
京东方a这支股票能买吗,['5802'],[],description,3,0,[],,"['50161', '5432', '50926']","[0.5452222228050232, 0.5346306562423706, 0.5137174129486084]","['description', 'description', 'description']"
京泉华股票吧,['5802'],[],description,1,0,[],,['5432'],[0.5236301422119141],['description']
京泉华股票吧,['5802'],[],description,3,0,[],,"['5432', '50159', '50161']","[0.5236301422119141, 0.47863927483558655, 0.4748653173446655]","['description', 'description', 'description']"
京粮控股最新消息,['5802'],[],description,1,0,[],,['5432'],[0.5922834277153015],['description']
京粮控股最新消息,['5802'],[],description,3,0,[],,"['5432', '50926', '50161']","[0.5922834277153015, 0.46724066138267517, 0.4544203281402588]","['description', 'description', 'description']"
亿维股份,['5802'],[],description,1,0,[],,['51457'],[0.5016544461250305],['description']
亿维股份,['5802'],[],description,3,0,[],,"['51457', '28128', '28126']","[0.5016544461250305, 0.4781848192214966, 0.4781848192214966]","['description', 'description', 'description']"
供销大集股票,['5802'],[],description,1,0,[],,['5432'],[0.5780343413352966],['description']
供销大集股票,['5802'],[],description,3,0,[],,"['5432', '50161', '50709']","[0.5780343413352966, 0.5591700077056885, 0.513983964920044]","['description', 'description', 'description']"
光电股票,['5802'],[],description,1,0,[],,['5432'],[0.5837627053260803],['description']
光电股票,['5802'],[],description,3,0,[],,"['5432', '50709', '50161']","[0.5837627053260803, 0.5641394257545471, 0.5510625839233398]","['description', 'description', 'description']"
利安科技,['5802'],[],description,1,0,[],,['51457'],[0.502120852470398],['description']
利安科技,['5802'],[],description,3,0,[],,"['51457', '47198', '47272']","[0.502120852470398, 0.48588529229164124, 0.4854418635368347]","['description', 'description', 'description']"
利欣制药公司最新消息,['5802'],[],description,1,0,[],,['5432'],[0.5312867164611816],['description']
利欣制药公司最新消息,['5802'],[],description,3,0,[],,"['5432', '50926', '51457']","[0.5312867164611816, 0.48766592144966125, 0.482108473777771]","['description', 'description', 'description']"
利欧股份股票还能持有吗,['5802'],[],description,1,0,[],,['5432'],[0.564163327217102],['description']
利欧股份股票还能持有吗,['5802'],[],description,3,1,['5802'],3.0,"['5432', '50161', '5802']","[0.564163327217102, 0.47185179591178894, 0.4468550980091095]","['description', 'description', 'description']"
北京海博思创科技有限公司,['5802'],[],description,1,0,[],,['47242'],[0.5234906077384949],['description']
北京海博思创科技有限公司,['5802'],[],description,3,0,[],,"['47242', '51457', '28126']","[0.5234906077384949, 0.48752957582473755, 0.48579147458076477]","['description', 'description', 'description']"
华创集团,['5802'],[],description,1,0,[],,['51457'],[0.506990373134613],['description']
华创集团,['5802'],[],description,3,0,[],,"['51457', '5432', '28126']","[0.506990373134613, 0.48716646432876587, 0.47601109743118286]","['description', 'description', 'description']"
华天科技股票值得长期持有吗,['5802'],[],description,1,0,[],,['5432'],[0.5142732858657837],['description']
华天科技股票值得长期持有吗,['5802'],[],description,3,0,[],,"['5432', '50709', '50161']","[0.5142732858657837, 0.46201592683792114, 0.43430620431900024]","['description', 'description', 'description']"
华润三九股,['5802'],[],description,1,0,[],,['5432'],[0.5673027634620667],['description']
华润三九股,['5802'],[],description,3,0,[],,"['5432', '50926', '50161']","[0.5673027634620667, 0.5178947448730469, 0.5177874565124512]","['description', 'description', 'description']"
华润新能股份,['5802'],[],description,1,0,[],,['5432'],[0.48637399077415466],['description']
华润新能股份,['5802'],[],description,3,0,[],,"['5432', '51457', '50161']","[0.48637399077415466, 0.4744758605957031, 0.4583999216556549]","['description', 'description', 'description']"
华菱线缆,['5802'],[],description,1,0,[],,['5432'],[0.5003570914268494],['description']
华菱线缆,['5802'],[],description,3,0,[],,"['5432', '50709', '50161']","[0.5003570914268494, 0.46777576208114624, 0.4645973742008209]","['description', 'description', 'description']"
华西股份最新消息今天,['5802'],[],description,1,0,[],,['5432'],[0.5682373046875],['description']
华西股份最新消息今天,['5802'],[],description,3,0,[],,"['5432', '50161', '50926']","[0.5682373046875, 0.5229403972625732, 0.5063028335571289]","['description', 'description', 'description']"
博敏电子近半年的股价,['5802'],[],description,1,0,[],,['5432'],[0.5980803966522217],['description']
博敏电子近半年的股价,['5802'],[],description,3,0,[],,"['5432', '50709', '50161']","[0.5980803966522217, 0.5673075914382935, 0.5523602962493896]","['description', 'description', 'description']"
和邦生物最新消息今天,['5802'],[],description,1,0,[],,['5432'],[0.4853578805923462],['description']
和邦生物最新消息今天,['5802'],[],description,3,0,[],,"['5432', '50709', '50159']","[0.4853578805923462, 0.44584253430366516, 0.443008154630661]","['description', 'description', 'description']"
咸亨国际市值,['5802'],[],description,1,0,[],,['5432'],[0.6118662357330322],['description']
咸亨国际市值,['5802'],[],description,3,0,[],,"['5432', '50161', '50162']","[0.6118662357330322, 0.6082508563995361, 0.5998682379722595]","['description', 'description', 'description']"
嘉宝集团,['5802'],[],description,1,0,[],,['5881'],[0.4886035621166229],['description']
嘉宝集团,['5802'],[],description,3,0,[],,"['5881', '5882', '51457']","[0.4886035621166229, 0.44579827785491943, 0.4383295774459839]","['description', 'description', 'description']"
四川天微电子股份有限公司,['5802'],[],description,1,0,[],,['51457'],[0.4440615177154541],['description']
四川天微电子股份有限公司,['5802'],[],description,3,0,[],,"['51457', '28128', '28126']","[0.4440615177154541, 0.4398868680000305, 0.4398868680000305]","['description', 'description', 'description']"
四方股份一季报,['5802'],[],description,1,0,[],,['5432'],[0.526669979095459],['description']
四方股份一季报,['5802'],[],description,3,0,[],,"['5432', '50161', '50159']","[0.526669979095459, 0.5063391923904419, 0.47530436515808105]","['description', 'description', 'description']"
大华股份,['5802'],[],description,1,0,[],,['5432'],[0.5187169313430786],['description']
大华股份,['5802'],[],description,3,0,[],,"['5432', '5428', '50161']","[0.5187169313430786, 0.5082337260246277, 0.5051857233047485]","['description', 'description', 'description']"
天奈股份,['5802'],[],description,1,0,[],,['5432'],[0.5123116970062256],['description']
天奈股份,['5802'],[],description,3,0,[],,"['5432', '50159', '50709']","[0.5123116970062256, 0.5042157769203186, 0.499543696641922]","['description', 'description', 'description']"
天马微电子股份有限公司,['5802'],[],description,1,0,[],,['51457'],[0.43545079231262207],['description']
天马微电子股份有限公司,['5802'],[],description,3,0,[],,"['51457', '51323', '28126']","[0.43545079231262207, 0.41777825355529785, 0.4129600524902344]","['description', 'description', 'description']"
太极实业股票的前景怎样,['5802'],[],description,1,0,[],,['5432'],[0.556563675403595],['description']
太极实业股票的前景怎样,['5802'],[],description,3,0,[],,"['5432', '50161', '50709']","[0.556563675403595, 0.5346100330352783, 0.5069799423217773]","['description', 'description', 'description']"
奥飞娱乐,['5802'],[],description,1,0,[],,['28128'],[0.41071176528930664],['description']
奥飞娱乐,['5802'],[],description,3,0,[],,"['28128', '50731', '28126']","[0.41071176528930664, 0.41071176528930664, 0.41071176528930664]","['description', 'description', 'description']"
宇通客车,['5802'],[],description,1,0,[],,['5271'],[0.5561089515686035],['description']
宇通客车,['5802'],[],description,3,0,[],,"['5271', '47242', '51323']","[0.5561089515686035, 0.49006786942481995, 0.4668658375740051]","['description', 'description', 'description']"
安徽建工,['5802'],[],description,1,0,[],,['51457'],[0.466067373752594],['description']
安徽建工,['5802'],[],description,3,0,[],,"['51457', '50161', '5432']","[0.466067373752594, 0.4654984176158905, 0.4640231132507324]","['description', 'description', 'description']"
宏驰股份,['5802'],[],description,1,0,[],,['5432'],[0.5461792349815369],['description']
宏驰股份,['5802'],[],description,3,0,[],,"['5432', '50161', '50162']","[0.5461792349815369, 0.527692973613739, 0.5129611492156982]","['description', 'description', 'description']"
宝股份股票,['5802'],[],description,1,0,[],,['5432'],[0.5811320543289185],['description']
宝股份股票,['5802'],[],description,3,0,[],,"['5432', '50161', '50709']","[0.5811320543289185, 0.538910448551178, 0.5050618648529053]","['description', 'description', 'description']"
富满微股票合理估值,['5802'],[],description,1,0,[],,['5432'],[0.5278481245040894],['description']
富满微股票合理估值,['5802'],[],description,3,1,['5802'],2.0,"['5432', '5802', '50161']","[0.5278481245040894, 0.477693110704422, 0.47343015670776367]","['description', 'description', 'description']"
山子高科最新消息,['5802'],[],description,1,0,[],,['5432'],[0.5229783058166504],['description']
山子高科最新消息,['5802'],[],description,3,0,[],,"['5432', '50926', '50161']","[0.5229783058166504, 0.477607786655426, 0.47183048725128174]","['description', 'description', 'description']"
川润股份最新消息今天,['5802'],[],description,1,0,[],,['5432'],[0.5090093612670898],['description']
川润股份最新消息今天,['5802'],[],description,3,0,[],,"['5432', '50161', '50926']","[0.5090093612670898, 0.44944170117378235, 0.44130703806877136]","['description', 'description', 'description']"
广博集团股份有限公司,['5802'],[],description,1,0,[],,['51457'],[0.47496476769447327],['description']
广博集团股份有限公司,['5802'],[],description,3,0,[],,"['51457', '28128', '28126']","[0.47496476769447327, 0.4733127951622009, 0.4733127951622009]","['description', 'description', 'description']"
广钢气体股,['5802'],[],description,1,0,[],,['5432'],[0.5385617613792419],['description']
广钢气体股,['5802'],[],description,3,0,[],,"['5432', '50161', '50926']","[0.5385617613792419, 0.5049861073493958, 0.5039810538291931]","['description', 'description', 'description']"
康美特股,['5802'],[],description,1,0,[],,['5432'],[0.5358814001083374],['description']
康美特股,['5802'],[],description,3,0,[],,"['5432', '50709', '50161']","[0.5358814001083374, 0.4941699504852295, 0.4927358627319336]","['description', 'description', 'description']"
恒通股份今天最新消息,['5802'],[],description,1,0,[],,['5432'],[0.6154473423957825],['description']
恒通股份今天最新消息,['5802'],[],description,3,0,[],,"['5432', '50162', '50161']","[0.6154473423957825, 0.5292579531669617, 0.5162827968597412]","['description', 'description', 'description']"
新疆众和股票最近能涨吗,['5802'],[],description,1,0,[],,['5432'],[0.5868054628372192],['description']
新疆众和股票最近能涨吗,['5802'],[],description,3,0,[],,"['5432', '50161', '50926']","[0.5868054628372192, 0.5398020148277283, 0.5205776691436768]","['description', 'description', 'description']"
新翰新材的最新消息,['5802'],[],description,1,0,[],,['50159'],[0.5287418961524963],['description']
新翰新材的最新消息,['5802'],[],description,3,0,[],,"['50159', '5432', '50926']","[0.5287418961524963, 0.5137922763824463, 0.512887716293335]","['description', 'description', 'description']"
方正科技最新消息今天,['5802'],[],description,1,0,[],,['5432'],[0.5058535933494568],['description']
方正科技最新消息今天,['5802'],[],description,3,0,[],,"['5432', '50161', '50709']","[0.5058535933494568, 0.4820878803730011, 0.4748837351799011]","['description', 'description', 'description']"
旭光电子最新消息今天,['5802'],[],description,1,0,[],,['5432'],[0.4861014187335968],['description']
旭光电子最新消息今天,['5802'],[],description,3,0,[],,"['5432', '50926', '50161']","[0.4861014187335968, 0.4608246684074402, 0.4506135582923889]","['description', 'description', 'description']"
明阳电气,['5802'],[],description,1,0,[],,['5881'],[0.4389086961746216],['description']
明阳电气,['5802'],[],description,3,0,[],,"['5881', '5432', '51457']","[0.4389086961746216, 0.43376126885414124, 0.4305321276187897]","['description', 'description', 'description']"
晋控电力最新消息,['5802'],[],description,1,0,[],,['5432'],[0.5731228590011597],['description']
晋控电力最新消息,['5802'],[],description,3,0,[],,"['5432', '50926', '50161']","[0.5731228590011597, 0.4342033267021179, 0.42059510946273804]","['description', 'description', 'description']"
智科股份,['5802'],[],description,1,0,[],,['5432'],[0.5597035884857178],['description']
智科股份,['5802'],[],description,3,0,[],,"['5432', '51457', '50161']","[0.5597035884857178, 0.5412526726722717, 0.5361168384552002]","['description', 'description', 'description']"
最近联域股份股价表现,['5802'],[],description,1,0,[],,['5432'],[0.6472964286804199],['description']
最近联域股份股价表现,['5802'],[],description,3,0,[],,"['5432', '50161', '50709']","[0.6472964286804199, 0.5730364322662354, 0.5631375312805176]","['description', 'description', 'description']"
朗进科技股,['5802'],[],description,1,0,[],,['5432'],[0.5044271349906921],['description']
朗进科技股,['5802'],[],description,3,0,[],,"['5432', '50709', '50161']","[0.5044271349906921, 0.49191200733184814, 0.46744945645332336]","['description', 'description', 'description']"
李子园,['5802'],[],description,1,0,[],,['47272'],[0.4677374064922333],['description']
李子园,['5802'],[],description,3,0,[],,"['47272', '47198', '51323']","[0.4677374064922333, 0.4512123167514801, 0.4387637972831726]","['description', 'description', 'description']"
格力电器,['5802'],[],description,1,0,[],,['5881'],[0.5548272132873535],['description']
格力电器,['5802'],[],description,3,0,[],,"['5881', '60977', '5544']","[0.5548272132873535, 0.4705323576927185, 0.4383236765861511]","['description', 'description', 'description']"
格林精密最新消息,['5802'],[],description,1,0,[],,['5432'],[0.4839351773262024],['description']
格林精密最新消息,['5802'],[],description,3,0,[],,"['5432', '50709', '51590']","[0.4839351773262024, 0.46655574440956116, 0.43900787830352783]","['description', 'description', 'description']"
步长制药,['5802'],[],description,1,0,[],,['5432'],[0.49613720178604126],['description']
步长制药,['5802'],[],description,3,0,[],,"['5432', '50709', '50161']","[0.49613720178604126, 0.45411399006843567, 0.45360010862350464]","['description', 'description', 'description']"
水羊股份股,['5802'],[],description,1,0,[],,['5432'],[0.553797721862793],['description']
水羊股份股,['5802'],[],description,3,0,[],,"['5432', '50161', '50709']","[0.553797721862793, 0.540079653263092, 0.5002533197402954]","['description', 'description', 'description']"
永兴股份,['5802'],[],description,1,0,[],,['5432'],[0.5164077281951904],['description']
永兴股份,['5802'],[],description,3,0,[],,"['5432', '50161', '50709']","[0.5164077281951904, 0.4960199296474457, 0.47740626335144043]","['description', 'description', 'description']"
永泰能源股票近期走势如何,['5802'],[],description,1,0,[],,['5432'],[0.5647704601287842],['description']
永泰能源股票近期走势如何,['5802'],[],description,3,0,[],,"['5432', '50709', '50161']","[0.5647704601287842, 0.5244901180267334, 0.517367422580719]","['description', 'description', 'description']"
永鼎股份最新消息,['5802'],[],description,1,0,[],,['5432'],[0.5209679007530212],['description']
永鼎股份最新消息,['5802'],[],description,3,0,[],,"['5432', '50926', '50161']","[0.5209679007530212, 0.4672166705131531, 0.46376752853393555]","['description', 'description', 'description']"
汇金股份资金流向,['5802'],[],description,1,0,[],,['5432'],[0.6328734159469604],['description']
汇金股份资金流向,['5802'],[],description,3,0,[],,"['5432', '50161', '50162']","[0.6328734159469604, 0.6024886965751648, 0.5930646657943726]","['description', 'description', 'description']"
汾酒多少钱,['5802'],[],description,1,0,[],,['60338'],[0.48789119720458984],['description']
汾酒多少钱,['5802'],[],description,3,0,[],,"['60338', '61800', '51590']","[0.48789119720458984, 0.46602845191955566, 0.4535183906555176]","['description', 'description', 'description']"
浙江巨化,['5802'],[],description,1,0,[],,['51323'],[0.4592345654964447],['description']
浙江巨化,['5802'],[],description,3,0,[],,"['51323', '47198', '47242']","[0.4592345654964447, 0.43682974576950073, 0.4346168041229248]","['description', 'description', 'description']"
海康上市了吗,['5802'],[],description,1,0,[],,['5432'],[0.5908872485160828],['description']
海康上市了吗,['5802'],[],description,3,0,[],,"['5432', '50161', '5428']","[0.5908872485160828, 0.5638983249664307, 0.5298655033111572]","['description', 'description', 'description']"
润都股份最近有啥新消息,['5802'],[],description,1,0,[],,['5432'],[0.5227377414703369],['description']
润都股份最近有啥新消息,['5802'],[],description,3,0,[],,"['5432', '50161', '50926']","[0.5227377414703369, 0.4626065790653229, 0.45640283823013306]","['description', 'description', 'description']"
玲珑轮胎,['5802'],[],description,1,0,[],,['51323'],[0.4342636466026306],['description']
玲珑轮胎,['5802'],[],description,3,0,[],,"['51323', '51377', '47272']","[0.4342636466026306, 0.42607972025871277, 0.41989684104919434]","['description', 'description', 'description']"
百姓网,['5802'],[],description,1,0,[],,['47242'],[0.5859054327011108],['description']
百姓网,['5802'],[],description,3,0,[],,"['47242', '47198', '267']","[0.5859054327011108, 0.5673782825469971, 0.5322086811065674]","['description', 'description', 'description']"
福鞍集团,['5802'],[],description,1,0,[],,['5881'],[0.4301570951938629],['description']
福鞍集团,['5802'],[],description,3,0,[],,"['5881', '5432', '50161']","[0.4301570951938629, 0.4130275547504425, 0.4127858281135559]","['description', 'description', 'description']"
粤电力股,['5802'],[],description,1,0,[],,['5432'],[0.5433948040008545],['description']
粤电力股,['5802'],[],description,3,0,[],,"['5432', '50709', '50926']","[0.5433948040008545, 0.5311503410339355, 0.5216270685195923]","['description', 'description', 'description']"
紫光股份股票是做什么的,['5802'],[],description,1,0,[],,['5432'],[0.5178697109222412],['description']
紫光股份股票是做什么的,['5802'],[],description,3,0,[],,"['5432', '50161', '50709']","[0.5178697109222412, 0.4683995246887207, 0.4530281722545624]","['description', 'description', 'description']"
红太阳最新消息今天,['5802'],[],description,1,0,[],,['5432'],[0.4166506230831146],['description']
红太阳最新消息今天,['5802'],[],description,3,0,[],,"['5432', '5601', '50926']","[0.4166506230831146, 0.41452640295028687, 0.41348183155059814]","['description', 'description', 'description']"
综艺股份最新消息今天,['5802'],[],description,1,0,[],,['5432'],[0.5603326559066772],['description']
综艺股份最新消息今天,['5802'],[],description,3,0,[],,"['5432', '50161', '50926']","[0.5603326559066772, 0.5211792588233948, 0.5160200595855713]","['description', 'description', 'description']"
翔鹭钨业股票业绩如何,['5802'],[],description,1,0,[],,['5432'],[0.544913649559021],['description']
翔鹭钨业股票业绩如何,['5802'],[],description,3,0,[],,"['5432', '50161', '50159']","[0.544913649559021, 0.4855148196220398, 0.4849540591239929]","['description', 'description', 'description']"
航发科技吧,['5802'],[],description,1,0,[],,['5432'],[0.5466343760490417],['description']
航发科技吧,['5802'],[],description,3,0,[],,"['5432', '50709', '50926']","[0.5466343760490417, 0.5450061559677124, 0.5316368341445923]","['description', 'description', 'description']"
航天电子最新消息,['5802'],[],description,1,0,[],,['50926'],[0.48182591795921326],['description']
航天电子最新消息,['5802'],[],description,3,0,[],,"['50926', '5432', '50709']","[0.48182591795921326, 0.47707340121269226, 0.4574766159057617]","['description', 'description', 'description']"
茅台最新价格,['5802'],[],description,1,0,[],,['51590'],[0.5560896396636963],['description']
茅台最新价格,['5802'],[],description,3,0,[],,"['51590', '5432', '60338']","[0.5560896396636963, 0.5394477844238281, 0.5165615081787109]","['description', 'description', 'description']"
荣盛发展最新消息今天,['5802'],[],description,1,0,[],,['5432'],[0.49635884165763855],['description']
荣盛发展最新消息今天,['5802'],[],description,3,0,[],,"['5432', '50926', '50161']","[0.49635884165763855, 0.45522207021713257, 0.4273253083229065]","['description', 'description', 'description']"
菲利华目标价是多少,['5802'],[],description,1,0,[],,['5432'],[0.5492945909500122],['description']
菲利华目标价是多少,['5802'],[],description,3,0,[],,"['5432', '60338', '50161']","[0.5492945909500122, 0.5481520891189575, 0.5165045857429504]","['description', 'description', 'description']"
藏格矿业最新消息,['5802'],[],description,1,0,[],,['5432'],[0.4968520402908325],['description']
藏格矿业最新消息,['5802'],[],description,3,0,[],,"['5432', '50926', '50709']","[0.4968520402908325, 0.4573790729045868, 0.4558972716331482]","['description', 'description', 'description']"
西安旅游股票股吧,['5802'],[],description,1,0,[],,['5671'],[0.5243251323699951],['description']
西安旅游股票股吧,['5802'],[],description,3,0,[],,"['5671', '5432', '50161']","[0.5243251323699951, 0.5079308748245239, 0.5068604946136475]","['description', 'description', 'description']"
豪能股份深度分析,['5802'],[],description,1,0,[],,['5432'],[0.507540762424469],['description']
豪能股份深度分析,['5802'],[],description,3,0,[],,"['5432', '50926', '50161']","[0.507540762424469, 0.43830811977386475, 0.43429070711135864]","['description', 'description', 'description']"
连云港发布台风最新消息,['5802'],[],description,1,0,[],,['4982'],[0.39750832319259644],['description']
连云港发布台风最新消息,['5802'],[],description,3,0,[],,"['4982', '4999', '5671']","[0.39750832319259644, 0.38378092646598816, 0.37442031502723694]","['description', 'description', 'description']"
金瑞矿业,['5802'],[],description,1,0,[],,['51590'],[0.5449845194816589],['description']
金瑞矿业,['5802'],[],description,3,0,[],,"['51590', '51088', '5432']","[0.5449845194816589, 0.5083058476448059, 0.48428964614868164]","['description', 'description', 'description']"
金鸿药业股份有限公司,['5802'],[],description,1,0,[],,['51457'],[0.4535020589828491],['description']
金鸿药业股份有限公司,['5802'],[],description,3,0,[],,"['51457', '5432', '47198']","[0.4535020589828491, 0.4464569389820099, 0.422060489654541]","['description', 'description', 'description']"
铖昌,['5802'],[],description,1,0,[],,['51323'],[0.494848370552063],['description']
铖昌,['5802'],[],description,3,0,[],,"['51323', '51388', '51457']","[0.494848370552063, 0.4857141971588135, 0.47493278980255127]","['description', 'description', 'description']"
锐科激光,['5802'],[],description,1,0,[],,['5881'],[0.48410969972610474],['description']
锐科激光,['5802'],[],description,3,0,[],,"['5881', '60977', '5882']","[0.48410969972610474, 0.4045572280883789, 0.4044128656387329]","['description', 'description', 'description']"
长航凤凰,['5802'],[],description,1,0,[],,['5432'],[0.48368412256240845],['description']
长航凤凰,['5802'],[],description,3,0,[],,"['5432', '50161', '50709']","[0.48368412256240845, 0.46522757411003113, 0.4451562166213989]","['description', 'description', 'description']"
阳光电源怎么样,['5802'],[],description,1,0,[],,['5881'],[0.4571709930896759],['description']
阳光电源怎么样,['5802'],[],description,3,0,[],,"['5881', '60977', '47198']","[0.4571709930896759, 0.43553489446640015, 0.4328656792640686]","['description', 'description', 'description']"
阳光电源最近消息,['5802'],[],description,1,0,[],,['5432'],[0.4343365430831909],['description']
阳光电源最近消息,['5802'],[],description,3,0,[],,"['5432', '50926', '50161']","[0.4343365430831909, 0.4221495985984802, 0.40565019845962524]","['description', 'description', 'description']"
陕建股份东方财富网,['5802'],[],description,1,0,[],,['5432'],[0.5544655323028564],['description']
陕建股份东方财富网,['5802'],[],description,3,0,[],,"['5432', '50161', '50159']","[0.5544655323028564, 0.49821901321411133, 0.4779737591743469]","['description', 'description', 'description']"
隆基市值,['5802'],[],description,1,0,[],,['5432'],[0.596238374710083],['description']
隆基市值,['5802'],[],description,3,0,[],,"['5432', '50709', '50161']","[0.596238374710083, 0.5909819602966309, 0.5602132081985474]","['description', 'description', 'description']"
雪人股份,['5802'],[],description,1,0,[],,['5432'],[0.4980466961860657],['description']
雪人股份,['5802'],[],description,3,0,[],,"['5432', '50161', '50709']","[0.4980466961860657, 0.48981809616088867, 0.4627600312232971]","['description', 'description', 'description']"
顺灏股份股票历史交易数据,['5802'],[],description,1,0,[],,['5432'],[0.652690052986145],['description']
顺灏股份股票历史交易数据,['5802'],[],description,3,0,[],,"['5432', '50161', '50162']","[0.652690052986145, 0.6262087225914001, 0.6122883558273315]","['description', 'description', 'description']"
高能环境最新消息,['5802'],[],description,1,0,[],,['5432'],[0.49951842427253723],['description']
高能环境最新消息,['5802'],[],description,3,0,[],,"['5432', '50926', '50709']","[0.49951842427253723, 0.4907275140285492, 0.4672800302505493]","['description', 'description', 'description']"
高铁最新消息,['5802'],[],description,1,0,[],,['5851'],[0.6192780137062073],['description']
高铁最新消息,['5802'],[],description,3,0,[],,"['5851', '47266', '60872']","[0.6192780137062073, 0.5284966826438904, 0.5174260139465332]","['description', 'description', 'description']"
鲁西化工股票股吧,['5802'],[],description,1,0,[],,['5432'],[0.4945930540561676],['description']
鲁西化工股票股吧,['5802'],[],description,3,0,[],,"['5432', '50161', '50162']","[0.4945930540561676, 0.4290039837360382, 0.3989771008491516]","['description', 'description', 'description']"
*st美丽最新消息今天,['5802'],[],merged,1,0,[],,['50926'],[0.6113472580909729],['title_description']
*st美丽最新消息今天,['5802'],[],merged,3,0,[],,"['50926', '5432', '50161']","[0.6113472580909729, 0.5868505239486694, 0.5652298331260681]","['title_description', 'title_description', 'title_description']"
000980,['5802'],[],merged,1,0,[],,['51044'],[0.5271456241607666],['title_description']
000980,['5802'],[],merged,3,0,[],,"['51044', '61111', '60977']","[0.5271456241607666, 0.4998135566711426, 0.498904287815094]","['title_description', 'title_description', 'title_description']"
002029,['5802'],[],merged,1,0,[],,['50354'],[0.5210399031639099],['title_description']
002029,['5802'],[],merged,3,0,[],,"['50354', '50161', '51323']","[0.5210399031639099, 0.5091373920440674, 0.5033369064331055]","['title_description', 'title_description', 'description']"
002051,['5802'],[],merged,1,0,[],,['51044'],[0.5292879343032837],['title_description']
002051,['5802'],[],merged,3,0,[],,"['51044', '51323', '51388']","[0.5292879343032837, 0.5261651873588562, 0.5186170935630798]","['title_description', 'description', 'description']"
002185每股收益,['5802'],[],merged,1,0,[],,['50162'],[0.539167046546936],['title_description']
002185每股收益,['5802'],[],merged,3,0,[],,"['50162', '50161', '5432']","[0.539167046546936, 0.5254964828491211, 0.5241808295249939]","['title_description', 'title_description', 'title_description']"
002414,['5802'],[],merged,1,0,[],,['50161'],[0.6076056361198425],['title_description']
002414,['5802'],[],merged,3,0,[],,"['50161', '50926', '51323']","[0.6076056361198425, 0.5862566232681274, 0.5682787895202637]","['title_description', 'title_description', 'description']"
002523,['5802'],[],merged,1,0,[],,['50709'],[0.57904052734375],['description']
002523,['5802'],[],merged,3,0,[],,"['50709', '50926', '51323']","[0.57904052734375, 0.5665748119354248, 0.5566028356552124]","['description', 'title_description', 'description']"
002607最新消息今天,['5802'],[],merged,1,0,[],,['5432'],[0.5717434883117676],['title_description']
002607最新消息今天,['5802'],[],merged,3,0,[],,"['5432', '50926', '50161']","[0.5717434883117676, 0.569652795791626, 0.5269209146499634]","['title_description', 'title_description', 'title_description']"
002611,['5802'],[],merged,1,0,[],,['51044'],[0.5069109201431274],['title_description']
002611,['5802'],[],merged,3,0,[],,"['51044', '47242', '51323']","[0.5069109201431274, 0.5026719570159912, 0.5003068447113037]","['title_description', 'title_description', 'description']"
300215,['5802'],[],merged,1,0,[],,['50161'],[0.5769963264465332],['title_description']
300215,['5802'],[],merged,3,0,[],,"['50161', '50926', '50709']","[0.5769963264465332, 0.5740895867347717, 0.5695064663887024]","['title_description', 'title_description', 'description']"
300303,['5802'],[],merged,1,0,[],,['50161'],[0.6019473075866699],['title_description']
300303,['5802'],[],merged,3,0,[],,"['50161', '50926', '50159']","[0.6019473075866699, 0.5841265916824341, 0.5625123977661133]","['title_description', 'title_description', 'description']"
300505最新消息,['5802'],[],merged,1,0,[],,['50709'],[0.6007820963859558],['description']
300505最新消息,['5802'],[],merged,3,0,[],,"['50709', '50926', '5432']","[0.6007820963859558, 0.5798702239990234, 0.5650014877319336]","['description', 'title_description', 'title_description']"
300665,['5802'],[],merged,1,0,[],,['50161'],[0.5938963890075684],['title_description']
300665,['5802'],[],merged,3,0,[],,"['50161', '50926', '50709']","[0.5938963890075684, 0.5901134014129639, 0.578113317489624]","['title_description', 'title_description', 'description']"
300779,['5802'],[],merged,1,0,[],,['50926'],[0.5804288387298584],['title_description']
300779,['5802'],[],merged,3,0,[],,"['50926', '50161', '50709']","[0.5804288387298584, 0.5684264898300171, 0.5415401458740234]","['title_description', 'title_description', 'description']"
301617,['5802'],[],merged,1,0,[],,['51044'],[0.5258484482765198],['title_description']
301617,['5802'],[],merged,3,0,[],,"['51044', '60977', '5601']","[0.5258484482765198, 0.514258086681366, 0.5103708505630493]","['title_description', 'title_description', 'description']"
600612,['5802'],[],merged,1,0,[],,['50926'],[0.6386169195175171],['title_description']
600612,['5802'],[],merged,3,0,[],,"['50926', '50161', '5432']","[0.6386169195175171, 0.6361215710639954, 0.6018387675285339]","['title_description', 'description', 'title_description']"
600667东方财富网,['5802'],[],merged,1,0,[],,['50926'],[0.6552870273590088],['title_description']
600667东方财富网,['5802'],[],merged,3,0,[],,"['50926', '5432', '50161']","[0.6552870273590088, 0.6189424991607666, 0.6182821989059448]","['title_description', 'title_description', 'title_description']"
600879,['5802'],[],merged,1,0,[],,['50926'],[0.6550568342208862],['title_description']
600879,['5802'],[],merged,3,0,[],,"['50926', '50161', '5432']","[0.6550568342208862, 0.6409035921096802, 0.6126503944396973]","['title_description', 'description', 'title_description']"
603005,['5802'],[],merged,1,0,[],,['50161'],[0.5718075037002563],['title_description']
603005,['5802'],[],merged,3,0,[],,"['50161', '50709', '47242']","[0.5718075037002563, 0.5704905390739441, 0.5508707761764526]","['title_description', 'description', 'title_description']"
603068,['5802'],[],merged,1,0,[],,['50161'],[0.5904010534286499],['title_description']
603068,['5802'],[],merged,3,0,[],,"['50161', '50159', '50926']","[0.5904010534286499, 0.5793473720550537, 0.5742573142051697]","['title_description', 'title_description', 'title_description']"
603960,['5802'],[],merged,1,0,[],,['50161'],[0.6227142214775085],['title_description']
603960,['5802'],[],merged,3,0,[],,"['50161', '50926', '5432']","[0.6227142214775085, 0.611789345741272, 0.5950029492378235]","['title_description', 'title_description', 'title_description']"
688432,['5802'],[],merged,1,0,[],,['51044'],[0.5941044092178345],['title_description']
688432,['5802'],[],merged,3,0,[],,"['51044', '60977', '47242']","[0.5941044092178345, 0.5927911996841431, 0.5856200456619263]","['title_description', 'title_description', 'title_description']"
688799,['5802'],[],merged,1,0,[],,['60977'],[0.5672010183334351],['title_description']
688799,['5802'],[],merged,3,0,[],,"['60977', '51044', '47242']","[0.5672010183334351, 0.5605447292327881, 0.5469130277633667]","['title_description', 'title_description', 'title_description']"
tcl科技的最新消息,['5802'],[],merged,1,0,[],,['50926'],[0.5807726383209229],['title_description']
tcl科技的最新消息,['5802'],[],merged,3,0,[],,"['50926', '50709', '5432']","[0.5807726383209229, 0.5533140301704407, 0.5424685478210449]","['title_description', 'description', 'title_description']"
三丰智能三丰智能最新消息,['5802'],[],merged,1,0,[],,['50926'],[0.5062724947929382],['title_description']
三丰智能三丰智能最新消息,['5802'],[],merged,3,0,[],,"['50926', '50161', '50159']","[0.5062724947929382, 0.4837017059326172, 0.4803612232208252]","['title_description', 'title_description', 'description']"
上海凯鑫,['5802'],[],merged,1,0,[],,['50926'],[0.5684491991996765],['title_description']
上海凯鑫,['5802'],[],merged,3,0,[],,"['50926', '50161', '47242']","[0.5684491991996765, 0.5364886522293091, 0.5318714380264282]","['title_description', 'description', 'title_description']"
东山精密,['5802'],[],merged,1,0,[],,['50926'],[0.4804444909095764],['title_description']
东山精密,['5802'],[],merged,3,0,[],,"['50926', '28128', '5432']","[0.4804444909095764, 0.47154468297958374, 0.45990613102912903]","['title_description', 'title_description', 'title_description']"
东方智造最新消息今天,['5802'],[],merged,1,0,[],,['50926'],[0.5245344638824463],['title_description']
东方智造最新消息今天,['5802'],[],merged,3,0,[],,"['50926', '50731', '5432']","[0.5245344638824463, 0.5184327363967896, 0.48911619186401367]","['title_description', 'title_description', 'title_description']"
东方盛虹吧,['5802'],[],merged,1,0,[],,['50926'],[0.5674294233322144],['title_description']
东方盛虹吧,['5802'],[],merged,3,0,[],,"['50926', '5432', '50161']","[0.5674294233322144, 0.545049250125885, 0.5252243280410767]","['title_description', 'title_description', 'title_description']"
中传科技的股票,['5802'],[],merged,1,0,[],,['50926'],[0.6390924453735352],['title_description']
中传科技的股票,['5802'],[],merged,3,0,[],,"['50926', '5432', '50161']","[0.6390924453735352, 0.629274845123291, 0.6268339157104492]","['title_description', 'title_description', 'title_description']"
中国建,['5802'],[],merged,1,0,[],,['50926'],[0.5221555233001709],['title_description']
中国建,['5802'],[],merged,3,0,[],,"['50926', '47242', '51323']","[0.5221555233001709, 0.5212448835372925, 0.5066924095153809]","['title_description', 'title_description', 'description']"
中国核电最新消息今天,['5802'],[],merged,1,0,[],,['50926'],[0.48192381858825684],['title_description']
中国核电最新消息今天,['5802'],[],merged,3,0,[],,"['50926', '5432', '61111']","[0.48192381858825684, 0.46285271644592285, 0.4590352177619934]","['title_description', 'title_description', 'title_description']"
中国稀土集团,['5802'],[],merged,1,0,[],,['60265'],[0.49599993228912354],['title_description']
中国稀土集团,['5802'],[],merged,3,0,[],,"['60265', '50731', '28128']","[0.49599993228912354, 0.49559473991394043, 0.47243213653564453]","['title_description', 'title_description', 'title_description']"
中国黄金 价格,['5802'],[],merged,1,0,[],,['51590'],[0.8324148058891296],['description']
中国黄金 价格,['5802'],[],merged,3,0,[],,"['51590', '51088', '36607']","[0.8324148058891296, 0.7099189162254333, 0.5594010353088379]","['description', 'description', 'title_description']"
中天科技的目标价是多少,['5802'],[],merged,1,0,[],,['5432'],[0.5724955797195435],['title_description']
中天科技的目标价是多少,['5802'],[],merged,3,0,[],,"['5432', '50161', '50926']","[0.5724955797195435, 0.5657861232757568, 0.546453595161438]","['title_description', 'title_description', 'title_description']"
中天科技股票属于什么板块,['5802'],[],merged,1,0,[],,['50709'],[0.6243127584457397],['description']
中天科技股票属于什么板块,['5802'],[],merged,3,0,[],,"['50709', '50926', '5432']","[0.6243127584457397, 0.6214408874511719, 0.5741249918937683]","['description', 'title_description', 'title_description']"
中捷股份,['5802'],[],merged,1,0,[],,['50926'],[0.5120916366577148],['title_description']
中捷股份,['5802'],[],merged,3,0,[],,"['50926', '5432', '50161']","[0.5120916366577148, 0.4979642331600189, 0.48549342155456543]","['title_description', 'title_description', 'title_description']"
中晶科技历史交易数据,['5802'],[],merged,1,0,[],,['5432'],[0.5921460390090942],['title_description']
中晶科技历史交易数据,['5802'],[],merged,3,0,[],,"['5432', '50926', '50709']","[0.5921460390090942, 0.5904191732406616, 0.588983416557312]","['title_description', 'title_description', 'description']"
中色股份今日股价是多少钱,['5802'],[],merged,1,0,[],,['5432'],[0.6533515453338623],['title_description']
中色股份今日股价是多少钱,['5802'],[],merged,3,0,[],,"['5432', '50161', '50926']","[0.6533515453338623, 0.6031440496444702, 0.5819106101989746]","['title_description', 'title_description', 'title_description']"
云鼎科技股票股吧,['5802'],[],merged,1,0,[],,['50926'],[0.5320544838905334],['title_description']
云鼎科技股票股吧,['5802'],[],merged,3,0,[],,"['50926', '5432', '50161']","[0.5320544838905334, 0.5213066339492798, 0.5098453164100647]","['title_description', 'title_description', 'title_description']"
五洲新春股票,['5802'],[],merged,1,0,[],,['50926'],[0.5778346061706543],['title_description']
五洲新春股票,['5802'],[],merged,3,0,[],,"['50926', '5432', '50161']","[0.5778346061706543, 0.5687204003334045, 0.5669058561325073]","['title_description', 'title_description', 'title_description']"
五粮液股票,['5802'],[],merged,1,0,[],,['50926'],[0.5936291217803955],['title_description']
五粮液股票,['5802'],[],merged,3,0,[],,"['50926', '5432', '50161']","[0.5936291217803955, 0.5845606327056885, 0.5694196224212646]","['title_description', 'title_description', 'title_description']"
京东方a这支股票能买吗,['5802'],[],merged,1,0,[],,['50161'],[0.5801112651824951],['title_description']
京东方a这支股票能买吗,['5802'],[],merged,3,0,[],,"['50161', '50926', '5432']","[0.5801112651824951, 0.5796250700950623, 0.5485479235649109]","['title_description', 'title_description', 'title_description']"
京泉华股票吧,['5802'],[],merged,1,0,[],,['5432'],[0.5360246896743774],['title_description']
京泉华股票吧,['5802'],[],merged,3,0,[],,"['5432', '50926', '50161']","[0.5360246896743774, 0.5284603238105774, 0.5047116279602051]","['title_description', 'title_description', 'title_description']"
京粮控股最新消息,['5802'],[],merged,1,0,[],,['5432'],[0.6078376770019531],['title_description']
京粮控股最新消息,['5802'],[],merged,3,0,[],,"['5432', '50926', '50161']","[0.6078376770019531, 0.5366207957267761, 0.4655476212501526]","['title_description', 'title_description', 'title_description']"
亿维股份,['5802'],[],merged,1,0,[],,['50731'],[0.5372046828269958],['title_description']
亿维股份,['5802'],[],merged,3,0,[],,"['50731', '60265', '51457']","[0.5372046828269958, 0.5226693153381348, 0.5016544461250305]","['title_description', 'title_description', 'description']"
供销大集股票,['5802'],[],merged,1,0,[],,['50926'],[0.6302537322044373],['title_description']
供销大集股票,['5802'],[],merged,3,0,[],,"['50926', '50161', '5432']","[0.6302537322044373, 0.5871558785438538, 0.5812649726867676]","['title_description', 'title_description', 'title_description']"
光电股票,['5802'],[],merged,1,0,[],,['50926'],[0.6143556833267212],['title_description']
光电股票,['5802'],[],merged,3,0,[],,"['50926', '5432', '50161']","[0.6143556833267212, 0.5877716541290283, 0.5702906847000122]","['title_description', 'title_description', 'title_description']"
利安科技,['5802'],[],merged,1,0,[],,['50731'],[0.5391792058944702],['title_description']
利安科技,['5802'],[],merged,3,0,[],,"['50731', '60265', '47242']","[0.5391792058944702, 0.5244896411895752, 0.5194938778877258]","['title_description', 'title_description', 'title_description']"
利欣制药公司最新消息,['5802'],[],merged,1,0,[],,['5432'],[0.5413565039634705],['title_description']
利欣制药公司最新消息,['5802'],[],merged,3,0,[],,"['5432', '50926', '50731']","[0.5413565039634705, 0.5385841727256775, 0.5080139636993408]","['title_description', 'title_description', 'title_description']"
利欧股份股票还能持有吗,['5802'],[],merged,1,0,[],,['5432'],[0.564163327217102],['description']
利欧股份股票还能持有吗,['5802'],[],merged,3,0,[],,"['5432', '50926', '50161']","[0.564163327217102, 0.4992172122001648, 0.495754212141037]","['description', 'title_description', 'title_description']"
北京海博思创科技有限公司,['5802'],[],merged,1,0,[],,['47242'],[0.5384260416030884],['title_description']
北京海博思创科技有限公司,['5802'],[],merged,3,0,[],,"['47242', '60265', '51457']","[0.5384260416030884, 0.5182323455810547, 0.48752957582473755]","['title_description', 'title_description', 'description']"
华创集团,['5802'],[],merged,1,0,[],,['60265'],[0.5303603410720825],['title_description']
华创集团,['5802'],[],merged,3,0,[],,"['60265', '51457', '50731']","[0.5303603410720825, 0.506990373134613, 0.5068122148513794]","['title_description', 'description', 'title_description']"
华天科技股票值得长期持有吗,['5802'],[],merged,1,0,[],,['5432'],[0.5142732858657837],['description']
华天科技股票值得长期持有吗,['5802'],[],merged,3,0,[],,"['5432', '50926', '50161']","[0.5142732858657837, 0.4900805652141571, 0.4658809304237366]","['description', 'title_description', 'title_description']"
华润三九股,['5802'],[],merged,1,0,[],,['50926'],[0.5897750854492188],['title_description']
华润三九股,['5802'],[],merged,3,0,[],,"['50926', '5432', '50161']","[0.5897750854492188, 0.5698798894882202, 0.5575128197669983]","['title_description', 'title_description', 'title_description']"
华润新能股份,['5802'],[],merged,1,0,[],,['50926'],[0.5115290880203247],['title_description']
华润新能股份,['5802'],[],merged,3,0,[],,"['50926', '60265', '50731']","[0.5115290880203247, 0.5074033141136169, 0.5049658417701721]","['title_description', 'title_description', 'title_description']"
华菱线缆,['5802'],[],merged,1,0,[],,['5432'],[0.5042315721511841],['title_description']
华菱线缆,['5802'],[],merged,3,0,[],,"['5432', '50926', '50161']","[0.5042315721511841, 0.5018326044082642, 0.48391324281692505]","['title_description', 'title_description', 'title_description']"
华西股份最新消息今天,['5802'],[],merged,1,0,[],,['5432'],[0.5841330289840698],['title_description']
华西股份最新消息今天,['5802'],[],merged,3,0,[],,"['5432', '50926', '50161']","[0.5841330289840698, 0.570885419845581, 0.5254613757133484]","['title_description', 'title_description', 'title_description']"
博敏电子近半年的股价,['5802'],[],merged,1,0,[],,['5432'],[0.606360137462616],['title_description']
博敏电子近半年的股价,['5802'],[],merged,3,0,[],,"['5432', '50926', '50709']","[0.606360137462616, 0.5774723887443542, 0.5673075914382935]","['title_description', 'title_description', 'description']"
和邦生物最新消息今天,['5802'],[],merged,1,0,[],,['5432'],[0.5008702278137207],['title_description']
和邦生物最新消息今天,['5802'],[],merged,3,0,[],,"['5432', '50926', '61111']","[0.5008702278137207, 0.4828755855560303, 0.47387534379959106]","['title_description', 'title_description', 'title_description']"
咸亨国际市值,['5802'],[],merged,1,0,[],,['5432'],[0.617891788482666],['title_description']
咸亨国际市值,['5802'],[],merged,3,0,[],,"['5432', '50161', '50162']","[0.617891788482666, 0.6082508563995361, 0.6019876003265381]","['title_description', 'description', 'title_description']"
嘉宝集团,['5802'],[],merged,1,0,[],,['5881'],[0.5123950242996216],['title_description']
嘉宝集团,['5802'],[],merged,3,0,[],,"['5881', '28128', '60265']","[0.5123950242996216, 0.4640078842639923, 0.45937520265579224]","['title_description', 'title_description', 'title_description']"
四川天微电子股份有限公司,['5802'],[],merged,1,0,[],,['50731'],[0.48372119665145874],['title_description']
四川天微电子股份有限公司,['5802'],[],merged,3,0,[],,"['50731', '60265', '47272']","[0.48372119665145874, 0.4728257656097412, 0.4524657130241394]","['title_description', 'title_description', 'title_description']"
四方股份一季报,['5802'],[],merged,1,0,[],,['50161'],[0.5506418943405151],['title_description']
四方股份一季报,['5802'],[],merged,3,0,[],,"['50161', '5432', '50926']","[0.5506418943405151, 0.5286927819252014, 0.517802894115448]","['title_description', 'title_description', 'title_description']"
大华股份,['5802'],[],merged,1,0,[],,['50926'],[0.5653949975967407],['title_description']
大华股份,['5802'],[],merged,3,0,[],,"['50926', '5432', '60265']","[0.5653949975967407, 0.5244285464286804, 0.5237804055213928]","['title_description', 'title_description', 'title_description']"
天奈股份,['5802'],[],merged,1,0,[],,['50926'],[0.5375605821609497],['title_description']
天奈股份,['5802'],[],merged,3,0,[],,"['50926', '5432', '50159']","[0.5375605821609497, 0.5123116970062256, 0.5112755298614502]","['title_description', 'description', 'title_description']"
天马微电子股份有限公司,['5802'],[],merged,1,0,[],,['50731'],[0.46974480152130127],['title_description']
天马微电子股份有限公司,['5802'],[],merged,3,0,[],,"['50731', '28128', '60265']","[0.46974480152130127, 0.4562191963195801, 0.45424285531044006]","['title_description', 'title_description', 'title_description']"
太极实业股票的前景怎样,['5802'],[],merged,1,0,[],,['50161'],[0.5798514485359192],['title_description']
太极实业股票的前景怎样,['5802'],[],merged,3,0,[],,"['50161', '50926', '5432']","[0.5798514485359192, 0.5774921178817749, 0.5718042850494385]","['title_description', 'title_description', 'title_description']"
奥飞娱乐,['5802'],[],merged,1,0,[],,['50731'],[0.45766884088516235],['title_description']
奥飞娱乐,['5802'],[],merged,3,0,[],,"['50731', '28128', '28126']","[0.45766884088516235, 0.4470489025115967, 0.4379860758781433]","['title_description', 'title_description', 'title_description']"
宇通客车,['5802'],[],merged,1,0,[],,['5271'],[0.5561089515686035],['description']
宇通客车,['5802'],[],merged,3,0,[],,"['5271', '47242', '47266']","[0.5561089515686035, 0.5255110263824463, 0.5174471139907837]","['description', 'title_description', 'title_description']"
安徽建工,['5802'],[],merged,1,0,[],,['50926'],[0.510960578918457],['title_description']
安徽建工,['5802'],[],merged,3,0,[],,"['50926', '60265', '50161']","[0.510960578918457, 0.49218815565109253, 0.49095338582992554]","['title_description', 'title_description', 'title_description']"
宏驰股份,['5802'],[],merged,1,0,[],,['50926'],[0.575461745262146],['title_description']
宏驰股份,['5802'],[],merged,3,0,[],,"['50926', '5432', '50161']","[0.575461745262146, 0.5461792349815369, 0.527692973613739]","['title_description', 'description', 'description']"
宝股份股票,['5802'],[],merged,1,0,[],,['5432'],[0.5825995206832886],['title_description']
宝股份股票,['5802'],[],merged,3,0,[],,"['5432', '50926', '50161']","[0.5825995206832886, 0.5738039016723633, 0.562279462814331]","['title_description', 'title_description', 'title_description']"
富满微股票合理估值,['5802'],[],merged,1,0,[],,['5432'],[0.5383943319320679],['title_description']
富满微股票合理估值,['5802'],[],merged,3,0,[],,"['5432', '50926', '50161']","[0.5383943319320679, 0.49741730093955994, 0.4971972703933716]","['title_description', 'title_description', 'title_description']"
山子高科最新消息,['5802'],[],merged,1,0,[],,['50926'],[0.5444369912147522],['title_description']
山子高科最新消息,['5802'],[],merged,3,0,[],,"['50926', '5432', '50161']","[0.5444369912147522, 0.5355784893035889, 0.4938261806964874]","['title_description', 'title_description', 'title_description']"
川润股份最新消息今天,['5802'],[],merged,1,0,[],,['5432'],[0.5305846333503723],['title_description']
川润股份最新消息今天,['5802'],[],merged,3,0,[],,"['5432', '50926', '50161']","[0.5305846333503723, 0.49855202436447144, 0.461054265499115]","['title_description', 'title_description', 'title_description']"
广博集团股份有限公司,['5802'],[],merged,1,0,[],,['50731'],[0.501495361328125],['title_description']
广博集团股份有限公司,['5802'],[],merged,3,0,[],,"['50731', '60265', '47242']","[0.501495361328125, 0.496271550655365, 0.495552122592926]","['title_description', 'title_description', 'title_description']"
广钢气体股,['5802'],[],merged,1,0,[],,['50926'],[0.5802989602088928],['title_description']
广钢气体股,['5802'],[],merged,3,0,[],,"['50926', '5432', '50161']","[0.5802989602088928, 0.5441814661026001, 0.5390525460243225]","['title_description', 'title_description', 'title_description']"
康美特股,['5802'],[],merged,1,0,[],,['50926'],[0.5625016689300537],['title_description']
康美特股,['5802'],[],merged,3,0,[],,"['50926', '5432', '50161']","[0.5625016689300537, 0.5358814001083374, 0.5169041156768799]","['title_description', 'description', 'title_description']"
恒通股份今天最新消息,['5802'],[],merged,1,0,[],,['5432'],[0.6264356970787048],['title_description']
恒通股份今天最新消息,['5802'],[],merged,3,0,[],,"['5432', '50926', '50162']","[0.6264356970787048, 0.5657312870025635, 0.5385468006134033]","['title_description', 'title_description', 'title_description']"
新疆众和股票最近能涨吗,['5802'],[],merged,1,0,[],,['5432'],[0.6081557273864746],['title_description']
新疆众和股票最近能涨吗,['5802'],[],merged,3,0,[],,"['5432', '50926', '50161']","[0.6081557273864746, 0.5879031419754028, 0.5633789300918579]","['title_description', 'title_description', 'title_description']"
新翰新材的最新消息,['5802'],[],merged,1,0,[],,['50926'],[0.5793914198875427],['title_description']
新翰新材的最新消息,['5802'],[],merged,3,0,[],,"['50926', '61111', '50159']","[0.5793914198875427, 0.5501887798309326, 0.5411652326583862]","['title_description', 'title_description', 'title_description']"
方正科技最新消息今天,['5802'],[],merged,1,0,[],,['50926'],[0.5388697385787964],['title_description']
方正科技最新消息今天,['5802'],[],merged,3,0,[],,"['50926', '5432', '61111']","[0.5388697385787964, 0.5268558859825134, 0.5040250420570374]","['title_description', 'title_description', 'title_description']"
旭光电子最新消息今天,['5802'],[],merged,1,0,[],,['5432'],[0.5053513050079346],['title_description']
旭光电子最新消息今天,['5802'],[],merged,3,0,[],,"['5432', '50926', '50159']","[0.5053513050079346, 0.5047114491462708, 0.4694812297821045]","['title_description', 'title_description', 'title_description']"
明阳电气,['5802'],[],merged,1,0,[],,['50926'],[0.4703456163406372],['title_description']
明阳电气,['5802'],[],merged,3,0,[],,"['50926', '50731', '5881']","[0.4703456163406372, 0.46140581369400024, 0.44783467054367065]","['title_description', 'title_description', 'title_description']"
晋控电力最新消息,['5802'],[],merged,1,0,[],,['5432'],[0.5830166935920715],['title_description']
晋控电力最新消息,['5802'],[],merged,3,0,[],,"['5432', '50926', '61111']","[0.5830166935920715, 0.4998103380203247, 0.4348691701889038]","['title_description', 'title_description', 'title_description']"
智科股份,['5802'],[],merged,1,0,[],,['50731'],[0.5817603468894958],['title_description']
智科股份,['5802'],[],merged,3,0,[],,"['50731', '50926', '60265']","[0.5817603468894958, 0.5737957954406738, 0.5646588802337646]","['title_description', 'title_description', 'title_description']"
最近联域股份股价表现,['5802'],[],merged,1,0,[],,['5432'],[0.6528488397598267],['title_description']
最近联域股份股价表现,['5802'],[],merged,3,0,[],,"['5432', '50926', '50161']","[0.6528488397598267, 0.6195156574249268, 0.6006307601928711]","['title_description', 'title_description', 'title_description']"
朗进科技股,['5802'],[],merged,1,0,[],,['50926'],[0.5257350206375122],['title_description']
朗进科技股,['5802'],[],merged,3,0,[],,"['50926', '5432', '50709']","[0.5257350206375122, 0.5074685215950012, 0.49191200733184814]","['title_description', 'title_description', 'description']"
李子园,['5802'],[],merged,1,0,[],,['47272'],[0.5029388070106506],['title_description']
李子园,['5802'],[],merged,3,0,[],,"['47272', '47242', '47198']","[0.5029388070106506, 0.46239542961120605, 0.4512123167514801]","['title_description', 'title_description', 'description']"
格力电器,['5802'],[],merged,1,0,[],,['5881'],[0.5754036903381348],['title_description']
格力电器,['5802'],[],merged,3,0,[],,"['5881', '60977', '47242']","[0.5754036903381348, 0.4901570975780487, 0.4589141607284546]","['title_description', 'title_description', 'title_description']"
格林精密最新消息,['5802'],[],merged,1,0,[],,['5432'],[0.4985002279281616],['title_description']
格林精密最新消息,['5802'],[],merged,3,0,[],,"['5432', '50926', '51590']","[0.4985002279281616, 0.4945528507232666, 0.48779577016830444]","['title_description', 'title_description', 'title_description']"
步长制药,['5802'],[],merged,1,0,[],,['50926'],[0.5083640217781067],['title_description']
步长制药,['5802'],[],merged,3,0,[],,"['50926', '5432', '50161']","[0.5083640217781067, 0.49866628646850586, 0.47931694984436035]","['title_description', 'title_description', 'title_description']"
水羊股份股,['5802'],[],merged,1,0,[],,['50161'],[0.5691865682601929],['title_description']
水羊股份股,['5802'],[],merged,3,0,[],,"['50161', '5432', '50926']","[0.5691865682601929, 0.5623353719711304, 0.5520035028457642]","['title_description', 'title_description', 'title_description']"
永兴股份,['5802'],[],merged,1,0,[],,['50926'],[0.5345363020896912],['title_description']
永兴股份,['5802'],[],merged,3,0,[],,"['50926', '5432', '50161']","[0.5345363020896912, 0.5174155831336975, 0.5161868333816528]","['title_description', 'title_description', 'title_description']"
永泰能源股票近期走势如何,['5802'],[],merged,1,0,[],,['50926'],[0.577437698841095],['title_description']
永泰能源股票近期走势如何,['5802'],[],merged,3,0,[],,"['50926', '5432', '50161']","[0.577437698841095, 0.5772472620010376, 0.5513285398483276]","['title_description', 'title_description', 'title_description']"
永鼎股份最新消息,['5802'],[],merged,1,0,[],,['5432'],[0.5266236066818237],['title_description']
永鼎股份最新消息,['5802'],[],merged,3,0,[],,"['5432', '50926', '50161']","[0.5266236066818237, 0.5151737928390503, 0.4912068843841553]","['title_description', 'title_description', 'title_description']"
汇金股份资金流向,['5802'],[],merged,1,0,[],,['5432'],[0.6463058590888977],['title_description']
汇金股份资金流向,['5802'],[],merged,3,0,[],,"['5432', '50926', '50161']","[0.6463058590888977, 0.6180648803710938, 0.6024886965751648]","['title_description', 'title_description', 'description']"
汾酒多少钱,['5802'],[],merged,1,0,[],,['60338'],[0.48789119720458984],['description']
汾酒多少钱,['5802'],[],merged,3,0,[],,"['60338', '61800', '51590']","[0.48789119720458984, 0.46602845191955566, 0.4535183906555176]","['description', 'description', 'description']"
浙江巨化,['5802'],[],merged,1,0,[],,['28128'],[0.4797670841217041],['title_description']
浙江巨化,['5802'],[],merged,3,0,[],,"['28128', '50731', '47242']","[0.4797670841217041, 0.47478437423706055, 0.4736603796482086]","['title_description', 'title_description', 'title_description']"
海康上市了吗,['5802'],[],merged,1,0,[],,['50926'],[0.5977140069007874],['title_description']
海康上市了吗,['5802'],[],merged,3,0,[],,"['50926', '5432', '50161']","[0.5977140069007874, 0.5908872485160828, 0.5638983249664307]","['title_description', 'description', 'description']"
润都股份最近有啥新消息,['5802'],[],merged,1,0,[],,['5432'],[0.5347172021865845],['title_description']
润都股份最近有啥新消息,['5802'],[],merged,3,0,[],,"['5432', '50926', '50161']","[0.5347172021865845, 0.5182554125785828, 0.4875335395336151]","['title_description', 'title_description', 'title_description']"
玲珑轮胎,['5802'],[],merged,1,0,[],,['47272'],[0.44905731081962585],['title_description']
玲珑轮胎,['5802'],[],merged,3,0,[],,"['47272', '51323', '50926']","[0.44905731081962585, 0.4342636466026306, 0.4328848719596863]","['title_description', 'description', 'title_description']"
百姓网,['5802'],[],merged,1,0,[],,['47242'],[0.6025797724723816],['title_description']
百姓网,['5802'],[],merged,3,0,[],,"['47242', '47198', '47266']","[0.6025797724723816, 0.5673782825469971, 0.5477157831192017]","['title_description', 'description', 'title_description']"
福鞍集团,['5802'],[],merged,1,0,[],,['60265'],[0.45834267139434814],['title_description']
福鞍集团,['5802'],[],merged,3,0,[],,"['60265', '28128', '50731']","[0.45834267139434814, 0.4520399570465088, 0.44827261567115784]","['title_description', 'title_description', 'title_description']"
粤电力股,['5802'],[],merged,1,0,[],,['50926'],[0.5919331312179565],['title_description']
粤电力股,['5802'],[],merged,3,0,[],,"['50926', '5432', '50161']","[0.5919331312179565, 0.5490121841430664, 0.5427420139312744]","['title_description', 'title_description', 'title_description']"
紫光股份股票是做什么的,['5802'],[],merged,1,0,[],,['5432'],[0.5307673811912537],['title_description']
紫光股份股票是做什么的,['5802'],[],merged,3,0,[],,"['5432', '50161', '50926']","[0.5307673811912537, 0.5086569786071777, 0.48982948064804077]","['title_description', 'title_description', 'title_description']"
红太阳最新消息今天,['5802'],[],merged,1,0,[],,['61111'],[0.4877045750617981],['title_description']
红太阳最新消息今天,['5802'],[],merged,3,0,[],,"['61111', '5601', '50926']","[0.4877045750617981, 0.48237526416778564, 0.4680722653865814]","['title_description', 'title_description', 'title_description']"
综艺股份最新消息今天,['5802'],[],merged,1,0,[],,['5432'],[0.5778393745422363],['title_description']
综艺股份最新消息今天,['5802'],[],merged,3,0,[],,"['5432', '50926', '50161']","[0.5778393745422363, 0.5736929178237915, 0.5381700992584229]","['title_description', 'title_description', 'title_description']"
翔鹭钨业股票业绩如何,['5802'],[],merged,1,0,[],,['5432'],[0.5581657886505127],['title_description']
翔鹭钨业股票业绩如何,['5802'],[],merged,3,0,[],,"['5432', '50161', '50159']","[0.5581657886505127, 0.531742513179779, 0.524298906326294]","['title_description', 'title_description', 'title_description']"
航发科技吧,['5802'],[],merged,1,0,[],,['50926'],[0.5984319448471069],['title_description']
航发科技吧,['5802'],[],merged,3,0,[],,"['50926', '5432', '50161']","[0.5984319448471069, 0.5589260458946228, 0.5499101281166077]","['title_description', 'title_description', 'title_description']"
航天电子最新消息,['5802'],[],merged,1,0,[],,['50926'],[0.5348503589630127],['title_description']
航天电子最新消息,['5802'],[],merged,3,0,[],,"['50926', '5432', '50161']","[0.5348503589630127, 0.5004606246948242, 0.4697270691394806]","['title_description', 'title_description', 'title_description']"
茅台最新价格,['5802'],[],merged,1,0,[],,['5432'],[0.5646904110908508],['title_description']
茅台最新价格,['5802'],[],merged,3,0,[],,"['5432', '51590', '50926']","[0.5646904110908508, 0.5605359077453613, 0.5398046970367432]","['title_description', 'title_description', 'title_description']"
荣盛发展最新消息今天,['5802'],[],merged,1,0,[],,['5432'],[0.5235517024993896],['title_description']
荣盛发展最新消息今天,['5802'],[],merged,3,0,[],,"['5432', '50926', '61111']","[0.5235517024993896, 0.5106143951416016, 0.46550583839416504]","['title_description', 'title_description', 'title_description']"
菲利华目标价是多少,['5802'],[],merged,1,0,[],,['5432'],[0.5535006523132324],['title_description']
菲利华目标价是多少,['5802'],[],merged,3,0,[],,"['5432', '60338', '50161']","[0.5535006523132324, 0.5481520891189575, 0.5273880958557129]","['title_description', 'description', 'title_description']"
藏格矿业最新消息,['5802'],[],merged,1,0,[],,['5432'],[0.5120658874511719],['title_description']
藏格矿业最新消息,['5802'],[],merged,3,0,[],,"['5432', '50926', '50709']","[0.5120658874511719, 0.5055009126663208, 0.4565965533256531]","['title_description', 'title_description', 'title_description']"
西安旅游股票股吧,['5802'],[],merged,1,0,[],,['50926'],[0.565024733543396],['title_description']
西安旅游股票股吧,['5802'],[],merged,3,0,[],,"['50926', '5671', '50161']","[0.565024733543396, 0.5544983148574829, 0.531980037689209]","['title_description', 'title_description', 'title_description']"
豪能股份深度分析,['5802'],[],merged,1,0,[],,['5432'],[0.507540762424469],['description']
豪能股份深度分析,['5802'],[],merged,3,0,[],,"['5432', '50926', '50161']","[0.507540762424469, 0.47664251923561096, 0.46199584007263184]","['description', 'title_description', 'title_description']"
连云港发布台风最新消息,['5802'],[],merged,1,0,[],,['4982'],[0.42480164766311646],['title_description']
连云港发布台风最新消息,['5802'],[],merged,3,0,[],,"['4982', '5671', '62106']","[0.42480164766311646, 0.40733784437179565, 0.3939184546470642]","['title_description', 'title_description', 'title_description']"
金瑞矿业,['5802'],[],merged,1,0,[],,['51590'],[0.551845133304596],['title_description']
金瑞矿业,['5802'],[],merged,3,0,[],,"['51590', '51088', '50926']","[0.551845133304596, 0.5083058476448059, 0.5060851573944092]","['title_description', 'description', 'title_description']"
金鸿药业股份有限公司,['5802'],[],merged,1,0,[],,['60265'],[0.4561030864715576],['title_description']
金鸿药业股份有限公司,['5802'],[],merged,3,0,[],,"['60265', '51457', '28128']","[0.4561030864715576, 0.4535020589828491, 0.44830024242401123]","['title_description', 'description', 'title_description']"
铖昌,['5802'],[],merged,1,0,[],,['51323'],[0.494848370552063],['description']
铖昌,['5802'],[],merged,3,0,[],,"['51323', '47242', '50731']","[0.494848370552063, 0.49331599473953247, 0.4911278784275055]","['description', 'title_description', 'title_description']"
锐科激光,['5802'],[],merged,1,0,[],,['5881'],[0.48410969972610474],['description']
锐科激光,['5802'],[],merged,3,0,[],,"['5881', '47242', '50731']","[0.48410969972610474, 0.449776828289032, 0.44550395011901855]","['description', 'title_description', 'title_description']"
长航凤凰,['5802'],[],merged,1,0,[],,['50926'],[0.49553167819976807],['title_description']
长航凤凰,['5802'],[],merged,3,0,[],,"['50926', '5432', '50161']","[0.49553167819976807, 0.4947410821914673, 0.4716934561729431]","['title_description', 'title_description', 'title_description']"
阳光电源怎么样,['5802'],[],merged,1,0,[],,['5881'],[0.4571709930896759],['description']
阳光电源怎么样,['5802'],[],merged,3,0,[],,"['5881', '60977', '60265']","[0.4571709930896759, 0.45537257194519043, 0.4437308609485626]","['description', 'title_description', 'title_description']"
阳光电源最近消息,['5802'],[],merged,1,0,[],,['50926'],[0.4726549983024597],['title_description']
阳光电源最近消息,['5802'],[],merged,3,0,[],,"['50926', '5432', '61111']","[0.4726549983024597, 0.45225924253463745, 0.4297568202018738]","['title_description', 'title_description', 'title_description']"
陕建股份东方财富网,['5802'],[],merged,1,0,[],,['5432'],[0.5616730451583862],['title_description']
陕建股份东方财富网,['5802'],[],merged,3,0,[],,"['5432', '50161', '50926']","[0.5616730451583862, 0.5283122062683105, 0.5228815674781799]","['title_description', 'title_description', 'title_description']"
隆基市值,['5802'],[],merged,1,0,[],,['50926'],[0.6134825348854065],['title_description']
隆基市值,['5802'],[],merged,3,0,[],,"['50926', '5432', '50709']","[0.6134825348854065, 0.596238374710083, 0.5909819602966309]","['title_description', 'description', 'description']"
雪人股份,['5802'],[],merged,1,0,[],,['50926'],[0.522937536239624],['title_description']
雪人股份,['5802'],[],merged,3,0,[],,"['50926', '50161', '5432']","[0.522937536239624, 0.5153151750564575, 0.5063124895095825]","['title_description', 'title_description', 'title_description']"
顺灏股份股票历史交易数据,['5802'],[],merged,1,0,[],,['5432'],[0.6765526533126831],['title_description']
顺灏股份股票历史交易数据,['5802'],[],merged,3,0,[],,"['5432', '50161', '50926']","[0.6765526533126831, 0.639444887638092, 0.6144566535949707]","['title_description', 'title_description', 'title_description']"
高能环境最新消息,['5802'],[],merged,1,0,[],,['50926'],[0.538695752620697],['title_description']
高能环境最新消息,['5802'],[],merged,3,0,[],,"['50926', '5432', '61111']","[0.538695752620697, 0.5172117352485657, 0.48462963104248047]","['title_description', 'title_description', 'title_description']"
高铁最新消息,['5802'],[],merged,1,0,[],,['5851'],[0.6192780137062073],['description']
高铁最新消息,['5802'],[],merged,3,0,[],,"['5851', '47266', '60872']","[0.6192780137062073, 0.5717737674713135, 0.5635859966278076]","['description', 'title_description', 'title_description']"
鲁西化工股票股吧,['5802'],[],merged,1,0,[],,['5432'],[0.5090619325637817],['title_description']
鲁西化工股票股吧,['5802'],[],merged,3,0,[],,"['5432', '50926', '50161']","[0.5090619325637817, 0.4622702896595001, 0.44631943106651306]","['title_description', 'title_description', 'title_description']"
*st美丽最新消息今天,['5802'],[],title_description,1,0,[],,['50926'],[0.6113472580909729],['title_description']
*st美丽最新消息今天,['5802'],[],title_description,3,0,[],,"['50926', '5432', '50161']","[0.6113472580909729, 0.5868505239486694, 0.5652298331260681]","['title_description', 'title_description', 'title_description']"
000980,['5802'],[],title_description,1,0,[],,['51044'],[0.5271456241607666],['title_description']
000980,['5802'],[],title_description,3,0,[],,"['51044', '61111', '60977']","[0.5271456241607666, 0.4998135566711426, 0.498904287815094]","['title_description', 'title_description', 'title_description']"
002029,['5802'],[],title_description,1,0,[],,['50354'],[0.5210399031639099],['title_description']
002029,['5802'],[],title_description,3,0,[],,"['50354', '50161', '50926']","[0.5210399031639099, 0.5091373920440674, 0.5018869638442993]","['title_description', 'title_description', 'title_description']"
002051,['5802'],[],title_description,1,0,[],,['51044'],[0.5292879343032837],['title_description']
002051,['5802'],[],title_description,3,0,[],,"['51044', '60977', '61111']","[0.5292879343032837, 0.5156123638153076, 0.5032864809036255]","['title_description', 'title_description', 'title_description']"
002185每股收益,['5802'],[],title_description,1,0,[],,['50162'],[0.539167046546936],['title_description']
002185每股收益,['5802'],[],title_description,3,0,[],,"['50162', '50161', '5432']","[0.539167046546936, 0.5254964828491211, 0.5241808295249939]","['title_description', 'title_description', 'title_description']"
002414,['5802'],[],title_description,1,0,[],,['50161'],[0.6076056361198425],['title_description']
002414,['5802'],[],title_description,3,0,[],,"['50161', '50926', '50354']","[0.6076056361198425, 0.5862566232681274, 0.5515164732933044]","['title_description', 'title_description', 'title_description']"
002523,['5802'],[],title_description,1,0,[],,['50926'],[0.5665748119354248],['title_description']
002523,['5802'],[],title_description,3,0,[],,"['50926', '50161', '60977']","[0.5665748119354248, 0.5500417947769165, 0.5309961438179016]","['title_description', 'title_description', 'title_description']"
002607最新消息今天,['5802'],[],title_description,1,0,[],,['5432'],[0.5717434883117676],['title_description']
002607最新消息今天,['5802'],[],title_description,3,0,[],,"['5432', '50926', '50161']","[0.5717434883117676, 0.569652795791626, 0.5269209146499634]","['title_description', 'title_description', 'title_description']"
002611,['5802'],[],title_description,1,0,[],,['51044'],[0.5069109201431274],['title_description']
002611,['5802'],[],title_description,3,0,[],,"['51044', '47242', '60977']","[0.5069109201431274, 0.5026719570159912, 0.4886917769908905]","['title_description', 'title_description', 'title_description']"
300215,['5802'],[],title_description,1,0,[],,['50161'],[0.5769963264465332],['title_description']
300215,['5802'],[],title_description,3,0,[],,"['50161', '50926', '47242']","[0.5769963264465332, 0.5740895867347717, 0.5424991250038147]","['title_description', 'title_description', 'title_description']"
300303,['5802'],[],title_description,1,0,[],,['50161'],[0.6019473075866699],['title_description']
300303,['5802'],[],title_description,3,0,[],,"['50161', '50926', '50159']","[0.6019473075866699, 0.5841265916824341, 0.5377875566482544]","['title_description', 'title_description', 'title_description']"
300505最新消息,['5802'],[],title_description,1,0,[],,['50926'],[0.5798702239990234],['title_description']
300505最新消息,['5802'],[],title_description,3,0,[],,"['50926', '5432', '50709']","[0.5798702239990234, 0.5650014877319336, 0.5631319284439087]","['title_description', 'title_description', 'title_description']"
300665,['5802'],[],title_description,1,0,[],,['50161'],[0.5938963890075684],['title_description']
300665,['5802'],[],title_description,3,0,[],,"['50161', '50926', '5432']","[0.5938963890075684, 0.5901134014129639, 0.5604714155197144]","['title_description', 'title_description', 'title_description']"
300779,['5802'],[],title_description,1,0,[],,['50926'],[0.5804288387298584],['title_description']
300779,['5802'],[],title_description,3,0,[],,"['50926', '50161', '5432']","[0.5804288387298584, 0.5684264898300171, 0.5337765216827393]","['title_description', 'title_description', 'title_description']"
301617,['5802'],[],title_description,1,0,[],,['51044'],[0.5258484482765198],['title_description']
301617,['5802'],[],title_description,3,0,[],,"['51044', '60977', '60868']","[0.5258484482765198, 0.514258086681366, 0.4991052746772766]","['title_description', 'title_description', 'title_description']"
600612,['5802'],[],title_description,1,0,[],,['50926'],[0.6386169195175171],['title_description']
600612,['5802'],[],title_description,3,0,[],,"['50926', '50161', '5432']","[0.6386169195175171, 0.6325758695602417, 0.6018387675285339]","['title_description', 'title_description', 'title_description']"
600667东方财富网,['5802'],[],title_description,1,0,[],,['50926'],[0.6552870273590088],['title_description']
600667东方财富网,['5802'],[],title_description,3,0,[],,"['50926', '5432', '50161']","[0.6552870273590088, 0.6189424991607666, 0.6182821989059448]","['title_description', 'title_description', 'title_description']"
600879,['5802'],[],title_description,1,0,[],,['50926'],[0.6550568342208862],['title_description']
600879,['5802'],[],title_description,3,0,[],,"['50926', '50161', '5432']","[0.6550568342208862, 0.626745879650116, 0.6126503944396973]","['title_description', 'title_description', 'title_description']"
603005,['5802'],[],title_description,1,0,[],,['50161'],[0.5718075037002563],['title_description']
603005,['5802'],[],title_description,3,0,[],,"['50161', '47242', '60977']","[0.5718075037002563, 0.5508707761764526, 0.548471987247467]","['title_description', 'title_description', 'title_description']"
603068,['5802'],[],title_description,1,0,[],,['50161'],[0.5904010534286499],['title_description']
603068,['5802'],[],title_description,3,0,[],,"['50161', '50159', '50926']","[0.5904010534286499, 0.5793473720550537, 0.5742573142051697]","['title_description', 'title_description', 'title_description']"
603960,['5802'],[],title_description,1,0,[],,['50161'],[0.6227142214775085],['title_description']
603960,['5802'],[],title_description,3,0,[],,"['50161', '50926', '5432']","[0.6227142214775085, 0.611789345741272, 0.5950029492378235]","['title_description', 'title_description', 'title_description']"
688432,['5802'],[],title_description,1,0,[],,['51044'],[0.5941044092178345],['title_description']
688432,['5802'],[],title_description,3,0,[],,"['51044', '60977', '47242']","[0.5941044092178345, 0.5927911996841431, 0.5856200456619263]","['title_description', 'title_description', 'title_description']"
688799,['5802'],[],title_description,1,0,[],,['60977'],[0.5672010183334351],['title_description']
688799,['5802'],[],title_description,3,0,[],,"['60977', '51044', '47242']","[0.5672010183334351, 0.5605447292327881, 0.5469130277633667]","['title_description', 'title_description', 'title_description']"
tcl科技的最新消息,['5802'],[],title_description,1,0,[],,['50926'],[0.5807726383209229],['title_description']
tcl科技的最新消息,['5802'],[],title_description,3,0,[],,"['50926', '5432', '50161']","[0.5807726383209229, 0.5424685478210449, 0.5348395109176636]","['title_description', 'title_description', 'title_description']"
三丰智能三丰智能最新消息,['5802'],[],title_description,1,0,[],,['50926'],[0.5062724947929382],['title_description']
三丰智能三丰智能最新消息,['5802'],[],title_description,3,0,[],,"['50926', '50161', '5432']","[0.5062724947929382, 0.4837017059326172, 0.47897443175315857]","['title_description', 'title_description', 'title_description']"
上海凯鑫,['5802'],[],title_description,1,0,[],,['50926'],[0.5684491991996765],['title_description']
上海凯鑫,['5802'],[],title_description,3,0,[],,"['50926', '47242', '5432']","[0.5684491991996765, 0.5318714380264282, 0.5302343964576721]","['title_description', 'title_description', 'title_description']"
东山精密,['5802'],[],title_description,1,0,[],,['50926'],[0.4804444909095764],['title_description']
东山精密,['5802'],[],title_description,3,0,[],,"['50926', '28128', '5432']","[0.4804444909095764, 0.47154468297958374, 0.45990613102912903]","['title_description', 'title_description', 'title_description']"
东方智造最新消息今天,['5802'],[],title_description,1,0,[],,['50926'],[0.5245344638824463],['title_description']
东方智造最新消息今天,['5802'],[],title_description,3,0,[],,"['50926', '50731', '5432']","[0.5245344638824463, 0.5184327363967896, 0.48911619186401367]","['title_description', 'title_description', 'title_description']"
东方盛虹吧,['5802'],[],title_description,1,0,[],,['50926'],[0.5674294233322144],['title_description']
东方盛虹吧,['5802'],[],title_description,3,0,[],,"['50926', '5432', '50161']","[0.5674294233322144, 0.545049250125885, 0.5252243280410767]","['title_description', 'title_description', 'title_description']"
中传科技的股票,['5802'],[],title_description,1,0,[],,['50926'],[0.6390924453735352],['title_description']
中传科技的股票,['5802'],[],title_description,3,0,[],,"['50926', '5432', '50161']","[0.6390924453735352, 0.629274845123291, 0.6268339157104492]","['title_description', 'title_description', 'title_description']"
中国建,['5802'],[],title_description,1,0,[],,['50926'],[0.5221555233001709],['title_description']
中国建,['5802'],[],title_description,3,0,[],,"['50926', '47242', '47272']","[0.5221555233001709, 0.5212448835372925, 0.4966074526309967]","['title_description', 'title_description', 'title_description']"
中国核电最新消息今天,['5802'],[],title_description,1,0,[],,['50926'],[0.48192381858825684],['title_description']
中国核电最新消息今天,['5802'],[],title_description,3,0,[],,"['50926', '5432', '61111']","[0.48192381858825684, 0.46285271644592285, 0.4590352177619934]","['title_description', 'title_description', 'title_description']"
中国稀土集团,['5802'],[],title_description,1,0,[],,['60265'],[0.49599993228912354],['title_description']
中国稀土集团,['5802'],[],title_description,3,0,[],,"['60265', '50731', '28128']","[0.49599993228912354, 0.49559473991394043, 0.47243213653564453]","['title_description', 'title_description', 'title_description']"
中国黄金 价格,['5802'],[],title_description,1,0,[],,['51590'],[0.7596543431282043],['title_description']
中国黄金 价格,['5802'],[],title_description,3,0,[],,"['51590', '51088', '36607']","[0.7596543431282043, 0.6726757287979126, 0.5594010353088379]","['title_description', 'title_description', 'title_description']"
中天科技的目标价是多少,['5802'],[],title_description,1,0,[],,['5432'],[0.5724955797195435],['title_description']
中天科技的目标价是多少,['5802'],[],title_description,3,0,[],,"['5432', '50161', '50926']","[0.5724955797195435, 0.5657861232757568, 0.546453595161438]","['title_description', 'title_description', 'title_description']"
中天科技股票属于什么板块,['5802'],[],title_description,1,0,[],,['50926'],[0.6214408874511719],['title_description']
中天科技股票属于什么板块,['5802'],[],title_description,3,0,[],,"['50926', '50709', '5432']","[0.6214408874511719, 0.6170307397842407, 0.5741249918937683]","['title_description', 'title_description', 'title_description']"
中捷股份,['5802'],[],title_description,1,0,[],,['50926'],[0.5120916366577148],['title_description']
中捷股份,['5802'],[],title_description,3,0,[],,"['50926', '5432', '50161']","[0.5120916366577148, 0.4979642331600189, 0.48549342155456543]","['title_description', 'title_description', 'title_description']"
中晶科技历史交易数据,['5802'],[],title_description,1,0,[],,['5432'],[0.5921460390090942],['title_description']
中晶科技历史交易数据,['5802'],[],title_description,3,0,[],,"['5432', '50926', '50161']","[0.5921460390090942, 0.5904191732406616, 0.5862063765525818]","['title_description', 'title_description', 'title_description']"
中色股份今日股价是多少钱,['5802'],[],title_description,1,0,[],,['5432'],[0.6533515453338623],['title_description']
中色股份今日股价是多少钱,['5802'],[],title_description,3,0,[],,"['5432', '50161', '50926']","[0.6533515453338623, 0.6031440496444702, 0.5819106101989746]","['title_description', 'title_description', 'title_description']"
云鼎科技股票股吧,['5802'],[],title_description,1,0,[],,['50926'],[0.5320544838905334],['title_description']
云鼎科技股票股吧,['5802'],[],title_description,3,0,[],,"['50926', '5432', '50161']","[0.5320544838905334, 0.5213066339492798, 0.5098453164100647]","['title_description', 'title_description', 'title_description']"
五洲新春股票,['5802'],[],title_description,1,0,[],,['50926'],[0.5778346061706543],['title_description']
五洲新春股票,['5802'],[],title_description,3,0,[],,"['50926', '5432', '50161']","[0.5778346061706543, 0.5687204003334045, 0.5669058561325073]","['title_description', 'title_description', 'title_description']"
五粮液股票,['5802'],[],title_description,1,0,[],,['50926'],[0.5936291217803955],['title_description']
五粮液股票,['5802'],[],title_description,3,0,[],,"['50926', '5432', '50161']","[0.5936291217803955, 0.5845606327056885, 0.5694196224212646]","['title_description', 'title_description', 'title_description']"
京东方a这支股票能买吗,['5802'],[],title_description,1,0,[],,['50161'],[0.5801112651824951],['title_description']
京东方a这支股票能买吗,['5802'],[],title_description,3,0,[],,"['50161', '50926', '5432']","[0.5801112651824951, 0.5796250700950623, 0.5485479235649109]","['title_description', 'title_description', 'title_description']"
京泉华股票吧,['5802'],[],title_description,1,0,[],,['5432'],[0.5360246896743774],['title_description']
京泉华股票吧,['5802'],[],title_description,3,0,[],,"['5432', '50926', '50161']","[0.5360246896743774, 0.5284603238105774, 0.5047116279602051]","['title_description', 'title_description', 'title_description']"
京粮控股最新消息,['5802'],[],title_description,1,0,[],,['5432'],[0.6078376770019531],['title_description']
京粮控股最新消息,['5802'],[],title_description,3,0,[],,"['5432', '50926', '50161']","[0.6078376770019531, 0.5366207957267761, 0.4655476212501526]","['title_description', 'title_description', 'title_description']"
亿维股份,['5802'],[],title_description,1,0,[],,['50731'],[0.5372046828269958],['title_description']
亿维股份,['5802'],[],title_description,3,0,[],,"['50731', '60265', '47242']","[0.5372046828269958, 0.5226693153381348, 0.49349236488342285]","['title_description', 'title_description', 'title_description']"
供销大集股票,['5802'],[],title_description,1,0,[],,['50926'],[0.6302537322044373],['title_description']
供销大集股票,['5802'],[],title_description,3,0,[],,"['50926', '50161', '5432']","[0.6302537322044373, 0.5871558785438538, 0.5812649726867676]","['title_description', 'title_description', 'title_description']"
光电股票,['5802'],[],title_description,1,0,[],,['50926'],[0.6143556833267212],['title_description']
光电股票,['5802'],[],title_description,3,0,[],,"['50926', '5432', '50161']","[0.6143556833267212, 0.5877716541290283, 0.5702906847000122]","['title_description', 'title_description', 'title_description']"
利安科技,['5802'],[],title_description,1,0,[],,['50731'],[0.5391792058944702],['title_description']
利安科技,['5802'],[],title_description,3,0,[],,"['50731', '60265', '47242']","[0.5391792058944702, 0.5244896411895752, 0.5194938778877258]","['title_description', 'title_description', 'title_description']"
利欣制药公司最新消息,['5802'],[],title_description,1,0,[],,['5432'],[0.5413565039634705],['title_description']
利欣制药公司最新消息,['5802'],[],title_description,3,0,[],,"['5432', '50926', '50731']","[0.5413565039634705, 0.5385841727256775, 0.5080139636993408]","['title_description', 'title_description', 'title_description']"
利欧股份股票还能持有吗,['5802'],[],title_description,1,0,[],,['5432'],[0.5626678466796875],['title_description']
利欧股份股票还能持有吗,['5802'],[],title_description,3,0,[],,"['5432', '50926', '50161']","[0.5626678466796875, 0.4992172122001648, 0.495754212141037]","['title_description', 'title_description', 'title_description']"
北京海博思创科技有限公司,['5802'],[],title_description,1,0,[],,['47242'],[0.5384260416030884],['title_description']
北京海博思创科技有限公司,['5802'],[],title_description,3,0,[],,"['47242', '60265', '50731']","[0.5384260416030884, 0.5182323455810547, 0.48559635877609253]","['title_description', 'title_description', 'title_description']"
华创集团,['5802'],[],title_description,1,0,[],,['60265'],[0.5303603410720825],['title_description']
华创集团,['5802'],[],title_description,3,0,[],,"['60265', '50731', '50926']","[0.5303603410720825, 0.5068122148513794, 0.5015615820884705]","['title_description', 'title_description', 'title_description']"
华天科技股票值得长期持有吗,['5802'],[],title_description,1,0,[],,['5432'],[0.5126508474349976],['title_description']
华天科技股票值得长期持有吗,['5802'],[],title_description,3,0,[],,"['5432', '50926', '50161']","[0.5126508474349976, 0.4900805652141571, 0.4658809304237366]","['title_description', 'title_description', 'title_description']"
华润三九股,['5802'],[],title_description,1,0,[],,['50926'],[0.5897750854492188],['title_description']
华润三九股,['5802'],[],title_description,3,0,[],,"['50926', '5432', '50161']","[0.5897750854492188, 0.5698798894882202, 0.5575128197669983]","['title_description', 'title_description', 'title_description']"
华润新能股份,['5802'],[],title_description,1,0,[],,['50926'],[0.5115290880203247],['title_description']
华润新能股份,['5802'],[],title_description,3,0,[],,"['50926', '60265', '50731']","[0.5115290880203247, 0.5074033141136169, 0.5049658417701721]","['title_description', 'title_description', 'title_description']"
华菱线缆,['5802'],[],title_description,1,0,[],,['5432'],[0.5042315721511841],['title_description']
华菱线缆,['5802'],[],title_description,3,0,[],,"['5432', '50926', '50161']","[0.5042315721511841, 0.5018326044082642, 0.48391324281692505]","['title_description', 'title_description', 'title_description']"
华西股份最新消息今天,['5802'],[],title_description,1,0,[],,['5432'],[0.5841330289840698],['title_description']
华西股份最新消息今天,['5802'],[],title_description,3,0,[],,"['5432', '50926', '50161']","[0.5841330289840698, 0.570885419845581, 0.5254613757133484]","['title_description', 'title_description', 'title_description']"
博敏电子近半年的股价,['5802'],[],title_description,1,0,[],,['5432'],[0.606360137462616],['title_description']
博敏电子近半年的股价,['5802'],[],title_description,3,0,[],,"['5432', '50926', '50161']","[0.606360137462616, 0.5774723887443542, 0.5647400617599487]","['title_description', 'title_description', 'title_description']"
和邦生物最新消息今天,['5802'],[],title_description,1,0,[],,['5432'],[0.5008702278137207],['title_description']
和邦生物最新消息今天,['5802'],[],title_description,3,0,[],,"['5432', '50926', '61111']","[0.5008702278137207, 0.4828755855560303, 0.47387534379959106]","['title_description', 'title_description', 'title_description']"
咸亨国际市值,['5802'],[],title_description,1,0,[],,['5432'],[0.617891788482666],['title_description']
咸亨国际市值,['5802'],[],title_description,3,0,[],,"['5432', '50161', '50162']","[0.617891788482666, 0.6055477261543274, 0.6019876003265381]","['title_description', 'title_description', 'title_description']"
嘉宝集团,['5802'],[],title_description,1,0,[],,['5881'],[0.5123950242996216],['title_description']
嘉宝集团,['5802'],[],title_description,3,0,[],,"['5881', '28128', '60265']","[0.5123950242996216, 0.4640078842639923, 0.45937520265579224]","['title_description', 'title_description', 'title_description']"
四川天微电子股份有限公司,['5802'],[],title_description,1,0,[],,['50731'],[0.48372119665145874],['title_description']
四川天微电子股份有限公司,['5802'],[],title_description,3,0,[],,"['50731', '60265', '47272']","[0.48372119665145874, 0.4728257656097412, 0.4524657130241394]","['title_description', 'title_description', 'title_description']"
四方股份一季报,['5802'],[],title_description,1,0,[],,['50161'],[0.5506418943405151],['title_description']
四方股份一季报,['5802'],[],title_description,3,0,[],,"['50161', '5432', '50926']","[0.5506418943405151, 0.5286927819252014, 0.517802894115448]","['title_description', 'title_description', 'title_description']"
大华股份,['5802'],[],title_description,1,0,[],,['50926'],[0.5653949975967407],['title_description']
大华股份,['5802'],[],title_description,3,0,[],,"['50926', '5432', '60265']","[0.5653949975967407, 0.5244285464286804, 0.5237804055213928]","['title_description', 'title_description', 'title_description']"
天奈股份,['5802'],[],title_description,1,0,[],,['50926'],[0.5375605821609497],['title_description']
天奈股份,['5802'],[],title_description,3,0,[],,"['50926', '50159', '5432']","[0.5375605821609497, 0.5112755298614502, 0.5093338489532471]","['title_description', 'title_description', 'title_description']"
天马微电子股份有限公司,['5802'],[],title_description,1,0,[],,['50731'],[0.46974480152130127],['title_description']
天马微电子股份有限公司,['5802'],[],title_description,3,0,[],,"['50731', '28128', '60265']","[0.46974480152130127, 0.4562191963195801, 0.45424285531044006]","['title_description', 'title_description', 'title_description']"
太极实业股票的前景怎样,['5802'],[],title_description,1,0,[],,['50161'],[0.5798514485359192],['title_description']
太极实业股票的前景怎样,['5802'],[],title_description,3,0,[],,"['50161', '50926', '5432']","[0.5798514485359192, 0.5774921178817749, 0.5718042850494385]","['title_description', 'title_description', 'title_description']"
奥飞娱乐,['5802'],[],title_description,1,0,[],,['50731'],[0.45766884088516235],['title_description']
奥飞娱乐,['5802'],[],title_description,3,0,[],,"['50731', '28128', '28126']","[0.45766884088516235, 0.4470489025115967, 0.4379860758781433]","['title_description', 'title_description', 'title_description']"
宇通客车,['5802'],[],title_description,1,0,[],,['5271'],[0.5307360291481018],['title_description']
宇通客车,['5802'],[],title_description,3,0,[],,"['5271', '47242', '47266']","[0.5307360291481018, 0.5255110263824463, 0.5174471139907837]","['title_description', 'title_description', 'title_description']"
安徽建工,['5802'],[],title_description,1,0,[],,['50926'],[0.510960578918457],['title_description']
安徽建工,['5802'],[],title_description,3,0,[],,"['50926', '60265', '50161']","[0.510960578918457, 0.49218815565109253, 0.49095338582992554]","['title_description', 'title_description', 'title_description']"
宏驰股份,['5802'],[],title_description,1,0,[],,['50926'],[0.575461745262146],['title_description']
宏驰股份,['5802'],[],title_description,3,0,[],,"['50926', '5432', '50161']","[0.575461745262146, 0.5435377359390259, 0.5275909900665283]","['title_description', 'title_description', 'title_description']"
宝股份股票,['5802'],[],title_description,1,0,[],,['5432'],[0.5825995206832886],['title_description']
宝股份股票,['5802'],[],title_description,3,0,[],,"['5432', '50926', '50161']","[0.5825995206832886, 0.5738039016723633, 0.562279462814331]","['title_description', 'title_description', 'title_description']"
富满微股票合理估值,['5802'],[],title_description,1,0,[],,['5432'],[0.5383943319320679],['title_description']
富满微股票合理估值,['5802'],[],title_description,3,0,[],,"['5432', '50926', '50161']","[0.5383943319320679, 0.49741730093955994, 0.4971972703933716]","['title_description', 'title_description', 'title_description']"
山子高科最新消息,['5802'],[],title_description,1,0,[],,['50926'],[0.5444369912147522],['title_description']
山子高科最新消息,['5802'],[],title_description,3,0,[],,"['50926', '5432', '50161']","[0.5444369912147522, 0.5355784893035889, 0.4938261806964874]","['title_description', 'title_description', 'title_description']"
川润股份最新消息今天,['5802'],[],title_description,1,0,[],,['5432'],[0.5305846333503723],['title_description']
川润股份最新消息今天,['5802'],[],title_description,3,0,[],,"['5432', '50926', '50161']","[0.5305846333503723, 0.49855202436447144, 0.461054265499115]","['title_description', 'title_description', 'title_description']"
广博集团股份有限公司,['5802'],[],title_description,1,0,[],,['50731'],[0.501495361328125],['title_description']
广博集团股份有限公司,['5802'],[],title_description,3,0,[],,"['50731', '60265', '47242']","[0.501495361328125, 0.496271550655365, 0.495552122592926]","['title_description', 'title_description', 'title_description']"
广钢气体股,['5802'],[],title_description,1,0,[],,['50926'],[0.5802989602088928],['title_description']
广钢气体股,['5802'],[],title_description,3,0,[],,"['50926', '5432', '50161']","[0.5802989602088928, 0.5441814661026001, 0.5390525460243225]","['title_description', 'title_description', 'title_description']"
康美特股,['5802'],[],title_description,1,0,[],,['50926'],[0.5625016689300537],['title_description']
康美特股,['5802'],[],title_description,3,0,[],,"['50926', '5432', '50161']","[0.5625016689300537, 0.523394763469696, 0.5169041156768799]","['title_description', 'title_description', 'title_description']"
恒通股份今天最新消息,['5802'],[],title_description,1,0,[],,['5432'],[0.6264356970787048],['title_description']
恒通股份今天最新消息,['5802'],[],title_description,3,0,[],,"['5432', '50926', '50162']","[0.6264356970787048, 0.5657312870025635, 0.5385468006134033]","['title_description', 'title_description', 'title_description']"
新疆众和股票最近能涨吗,['5802'],[],title_description,1,0,[],,['5432'],[0.6081557273864746],['title_description']
新疆众和股票最近能涨吗,['5802'],[],title_description,3,0,[],,"['5432', '50926', '50161']","[0.6081557273864746, 0.5879031419754028, 0.5633789300918579]","['title_description', 'title_description', 'title_description']"
新翰新材的最新消息,['5802'],[],title_description,1,0,[],,['50926'],[0.5793914198875427],['title_description']
新翰新材的最新消息,['5802'],[],title_description,3,0,[],,"['50926', '61111', '50159']","[0.5793914198875427, 0.5501887798309326, 0.5411652326583862]","['title_description', 'title_description', 'title_description']"
方正科技最新消息今天,['5802'],[],title_description,1,0,[],,['50926'],[0.5388697385787964],['title_description']
方正科技最新消息今天,['5802'],[],title_description,3,0,[],,"['50926', '5432', '61111']","[0.5388697385787964, 0.5268558859825134, 0.5040250420570374]","['title_description', 'title_description', 'title_description']"
旭光电子最新消息今天,['5802'],[],title_description,1,0,[],,['5432'],[0.5053513050079346],['title_description']
旭光电子最新消息今天,['5802'],[],title_description,3,0,[],,"['5432', '50926', '50159']","[0.5053513050079346, 0.5047114491462708, 0.4694812297821045]","['title_description', 'title_description', 'title_description']"
明阳电气,['5802'],[],title_description,1,0,[],,['50926'],[0.4703456163406372],['title_description']
明阳电气,['5802'],[],title_description,3,0,[],,"['50926', '50731', '5881']","[0.4703456163406372, 0.46140581369400024, 0.44783467054367065]","['title_description', 'title_description', 'title_description']"
晋控电力最新消息,['5802'],[],title_description,1,0,[],,['5432'],[0.5830166935920715],['title_description']
晋控电力最新消息,['5802'],[],title_description,3,0,[],,"['5432', '50926', '61111']","[0.5830166935920715, 0.4998103380203247, 0.4348691701889038]","['title_description', 'title_description', 'title_description']"
智科股份,['5802'],[],title_description,1,0,[],,['50731'],[0.5817603468894958],['title_description']
智科股份,['5802'],[],title_description,3,0,[],,"['50731', '50926', '60265']","[0.5817603468894958, 0.5737957954406738, 0.5646588802337646]","['title_description', 'title_description', 'title_description']"
最近联域股份股价表现,['5802'],[],title_description,1,0,[],,['5432'],[0.6528488397598267],['title_description']
最近联域股份股价表现,['5802'],[],title_description,3,0,[],,"['5432', '50926', '50161']","[0.6528488397598267, 0.6195156574249268, 0.6006307601928711]","['title_description', 'title_description', 'title_description']"
朗进科技股,['5802'],[],title_description,1,0,[],,['50926'],[0.5257350206375122],['title_description']
朗进科技股,['5802'],[],title_description,3,0,[],,"['50926', '5432', '50161']","[0.5257350206375122, 0.5074685215950012, 0.4807548522949219]","['title_description', 'title_description', 'title_description']"
李子园,['5802'],[],title_description,1,0,[],,['47272'],[0.5029388070106506],['title_description']
李子园,['5802'],[],title_description,3,0,[],,"['47272', '47242', '60977']","[0.5029388070106506, 0.46239542961120605, 0.44816404581069946]","['title_description', 'title_description', 'title_description']"
格力电器,['5802'],[],title_description,1,0,[],,['5881'],[0.5754036903381348],['title_description']
格力电器,['5802'],[],title_description,3,0,[],,"['5881', '60977', '47242']","[0.5754036903381348, 0.4901570975780487, 0.4589141607284546]","['title_description', 'title_description', 'title_description']"
格林精密最新消息,['5802'],[],title_description,1,0,[],,['5432'],[0.4985002279281616],['title_description']
格林精密最新消息,['5802'],[],title_description,3,0,[],,"['5432', '50926', '51590']","[0.4985002279281616, 0.4945528507232666, 0.48779577016830444]","['title_description', 'title_description', 'title_description']"
步长制药,['5802'],[],title_description,1,0,[],,['50926'],[0.5083640217781067],['title_description']
步长制药,['5802'],[],title_description,3,0,[],,"['50926', '5432', '50161']","[0.5083640217781067, 0.49866628646850586, 0.47931694984436035]","['title_description', 'title_description', 'title_description']"
水羊股份股,['5802'],[],title_description,1,0,[],,['50161'],[0.5691865682601929],['title_description']
水羊股份股,['5802'],[],title_description,3,0,[],,"['50161', '5432', '50926']","[0.5691865682601929, 0.5623353719711304, 0.5520035028457642]","['title_description', 'title_description', 'title_description']"
永兴股份,['5802'],[],title_description,1,0,[],,['50926'],[0.5345363020896912],['title_description']
永兴股份,['5802'],[],title_description,3,0,[],,"['50926', '5432', '50161']","[0.5345363020896912, 0.5174155831336975, 0.5161868333816528]","['title_description', 'title_description', 'title_description']"
永泰能源股票近期走势如何,['5802'],[],title_description,1,0,[],,['50926'],[0.577437698841095],['title_description']
永泰能源股票近期走势如何,['5802'],[],title_description,3,0,[],,"['50926', '5432', '50161']","[0.577437698841095, 0.5772472620010376, 0.5513285398483276]","['title_description', 'title_description', 'title_description']"
永鼎股份最新消息,['5802'],[],title_description,1,0,[],,['5432'],[0.5266236066818237],['title_description']
永鼎股份最新消息,['5802'],[],title_description,3,0,[],,"['5432', '50926', '50161']","[0.5266236066818237, 0.5151737928390503, 0.4912068843841553]","['title_description', 'title_description', 'title_description']"
汇金股份资金流向,['5802'],[],title_description,1,0,[],,['5432'],[0.6463058590888977],['title_description']
汇金股份资金流向,['5802'],[],title_description,3,0,[],,"['5432', '50926', '50161']","[0.6463058590888977, 0.6180648803710938, 0.5986654758453369]","['title_description', 'title_description', 'title_description']"
汾酒多少钱,['5802'],[],title_description,1,0,[],,['61800'],[0.46466371417045593],['title_description']
汾酒多少钱,['5802'],[],title_description,3,0,[],,"['61800', '51255', '51590']","[0.46466371417045593, 0.4385824203491211, 0.43053245544433594]","['title_description', 'title_description', 'title_description']"
浙江巨化,['5802'],[],title_description,1,0,[],,['28128'],[0.4797670841217041],['title_description']
浙江巨化,['5802'],[],title_description,3,0,[],,"['28128', '50731', '47242']","[0.4797670841217041, 0.47478437423706055, 0.4736603796482086]","['title_description', 'title_description', 'title_description']"
海康上市了吗,['5802'],[],title_description,1,0,[],,['50926'],[0.5977140069007874],['title_description']
海康上市了吗,['5802'],[],title_description,3,0,[],,"['50926', '5432', '50161']","[0.5977140069007874, 0.5905420780181885, 0.5552728772163391]","['title_description', 'title_description', 'title_description']"
润都股份最近有啥新消息,['5802'],[],title_description,1,0,[],,['5432'],[0.5347172021865845],['title_description']
润都股份最近有啥新消息,['5802'],[],title_description,3,0,[],,"['5432', '50926', '50161']","[0.5347172021865845, 0.5182554125785828, 0.4875335395336151]","['title_description', 'title_description', 'title_description']"
玲珑轮胎,['5802'],[],title_description,1,0,[],,['47272'],[0.44905731081962585],['title_description']
玲珑轮胎,['5802'],[],title_description,3,0,[],,"['47272', '50926', '47242']","[0.44905731081962585, 0.4328848719596863, 0.42806780338287354]","['title_description', 'title_description', 'title_description']"
百姓网,['5802'],[],title_description,1,0,[],,['47242'],[0.6025797724723816],['title_description']
百姓网,['5802'],[],title_description,3,0,[],,"['47242', '47266', '47272']","[0.6025797724723816, 0.5477157831192017, 0.5358977317810059]","['title_description', 'title_description', 'title_description']"
福鞍集团,['5802'],[],title_description,1,0,[],,['60265'],[0.45834267139434814],['title_description']
福鞍集团,['5802'],[],title_description,3,0,[],,"['60265', '28128', '50731']","[0.45834267139434814, 0.4520399570465088, 0.44827261567115784]","['title_description', 'title_description', 'title_description']"
粤电力股,['5802'],[],title_description,1,0,[],,['50926'],[0.5919331312179565],['title_description']
粤电力股,['5802'],[],title_description,3,0,[],,"['50926', '5432', '50161']","[0.5919331312179565, 0.5490121841430664, 0.5427420139312744]","['title_description', 'title_description', 'title_description']"
紫光股份股票是做什么的,['5802'],[],title_description,1,0,[],,['5432'],[0.5307673811912537],['title_description']
紫光股份股票是做什么的,['5802'],[],title_description,3,0,[],,"['5432', '50161', '50926']","[0.5307673811912537, 0.5086569786071777, 0.48982948064804077]","['title_description', 'title_description', 'title_description']"
红太阳最新消息今天,['5802'],[],title_description,1,0,[],,['61111'],[0.4877045750617981],['title_description']
红太阳最新消息今天,['5802'],[],title_description,3,0,[],,"['61111', '5601', '50926']","[0.4877045750617981, 0.48237526416778564, 0.4680722653865814]","['title_description', 'title_description', 'title_description']"
综艺股份最新消息今天,['5802'],[],title_description,1,0,[],,['5432'],[0.5778393745422363],['title_description']
综艺股份最新消息今天,['5802'],[],title_description,3,0,[],,"['5432', '50926', '50161']","[0.5778393745422363, 0.5736929178237915, 0.5381700992584229]","['title_description', 'title_description', 'title_description']"
翔鹭钨业股票业绩如何,['5802'],[],title_description,1,0,[],,['5432'],[0.5581657886505127],['title_description']
翔鹭钨业股票业绩如何,['5802'],[],title_description,3,0,[],,"['5432', '50161', '50159']","[0.5581657886505127, 0.531742513179779, 0.524298906326294]","['title_description', 'title_description', 'title_description']"
航发科技吧,['5802'],[],title_description,1,0,[],,['50926'],[0.5984319448471069],['title_description']
航发科技吧,['5802'],[],title_description,3,0,[],,"['50926', '5432', '50161']","[0.5984319448471069, 0.5589260458946228, 0.5499101281166077]","['title_description', 'title_description', 'title_description']"
航天电子最新消息,['5802'],[],title_description,1,0,[],,['50926'],[0.5348503589630127],['title_description']
航天电子最新消息,['5802'],[],title_description,3,0,[],,"['50926', '5432', '50161']","[0.5348503589630127, 0.5004606246948242, 0.4697270691394806]","['title_description', 'title_description', 'title_description']"
茅台最新价格,['5802'],[],title_description,1,0,[],,['5432'],[0.5646904110908508],['title_description']
茅台最新价格,['5802'],[],title_description,3,0,[],,"['5432', '51590', '50926']","[0.5646904110908508, 0.5605359077453613, 0.5398046970367432]","['title_description', 'title_description', 'title_description']"
荣盛发展最新消息今天,['5802'],[],title_description,1,0,[],,['5432'],[0.5235517024993896],['title_description']
荣盛发展最新消息今天,['5802'],[],title_description,3,0,[],,"['5432', '50926', '61111']","[0.5235517024993896, 0.5106143951416016, 0.46550583839416504]","['title_description', 'title_description', 'title_description']"
菲利华目标价是多少,['5802'],[],title_description,1,0,[],,['5432'],[0.5535006523132324],['title_description']
菲利华目标价是多少,['5802'],[],title_description,3,0,[],,"['5432', '50161', '51590']","[0.5535006523132324, 0.5273880958557129, 0.5263736248016357]","['title_description', 'title_description', 'title_description']"
藏格矿业最新消息,['5802'],[],title_description,1,0,[],,['5432'],[0.5120658874511719],['title_description']
藏格矿业最新消息,['5802'],[],title_description,3,0,[],,"['5432', '50926', '50709']","[0.5120658874511719, 0.5055009126663208, 0.4565965533256531]","['title_description', 'title_description', 'title_description']"
西安旅游股票股吧,['5802'],[],title_description,1,0,[],,['50926'],[0.565024733543396],['title_description']
西安旅游股票股吧,['5802'],[],title_description,3,0,[],,"['50926', '5671', '50161']","[0.565024733543396, 0.5544983148574829, 0.531980037689209]","['title_description', 'title_description', 'title_description']"
豪能股份深度分析,['5802'],[],title_description,1,0,[],,['5432'],[0.5051192045211792],['title_description']
豪能股份深度分析,['5802'],[],title_description,3,0,[],,"['5432', '50926', '50161']","[0.5051192045211792, 0.47664251923561096, 0.46199584007263184]","['title_description', 'title_description', 'title_description']"
连云港发布台风最新消息,['5802'],[],title_description,1,0,[],,['4982'],[0.42480164766311646],['title_description']
连云港发布台风最新消息,['5802'],[],title_description,3,0,[],,"['4982', '5671', '62106']","[0.42480164766311646, 0.40733784437179565, 0.3939184546470642]","['title_description', 'title_description', 'title_description']"
金瑞矿业,['5802'],[],title_description,1,0,[],,['51590'],[0.551845133304596],['title_description']
金瑞矿业,['5802'],[],title_description,3,0,[],,"['51590', '50926', '50161']","[0.551845133304596, 0.5060851573944092, 0.4955703616142273]","['title_description', 'title_description', 'title_description']"
金鸿药业股份有限公司,['5802'],[],title_description,1,0,[],,['60265'],[0.4561030864715576],['title_description']
金鸿药业股份有限公司,['5802'],[],title_description,3,0,[],,"['60265', '28128', '5432']","[0.4561030864715576, 0.44830024242401123, 0.4476010799407959]","['title_description', 'title_description', 'title_description']"
铖昌,['5802'],[],title_description,1,0,[],,['47242'],[0.49331599473953247],['title_description']
铖昌,['5802'],[],title_description,3,0,[],,"['47242', '50731', '60265']","[0.49331599473953247, 0.4911278784275055, 0.486728310585022]","['title_description', 'title_description', 'title_description']"
锐科激光,['5802'],[],title_description,1,0,[],,['5881'],[0.47006094455718994],['title_description']
锐科激光,['5802'],[],title_description,3,0,[],,"['5881', '47242', '50731']","[0.47006094455718994, 0.449776828289032, 0.44550395011901855]","['title_description', 'title_description', 'title_description']"
长航凤凰,['5802'],[],title_description,1,0,[],,['50926'],[0.49553167819976807],['title_description']
长航凤凰,['5802'],[],title_description,3,0,[],,"['50926', '5432', '50161']","[0.49553167819976807, 0.4947410821914673, 0.4716934561729431]","['title_description', 'title_description', 'title_description']"
阳光电源怎么样,['5802'],[],title_description,1,0,[],,['60977'],[0.45537257194519043],['title_description']
阳光电源怎么样,['5802'],[],title_description,3,0,[],,"['60977', '60265', '5881']","[0.45537257194519043, 0.4437308609485626, 0.44316017627716064]","['title_description', 'title_description', 'title_description']"
阳光电源最近消息,['5802'],[],title_description,1,0,[],,['50926'],[0.4726549983024597],['title_description']
阳光电源最近消息,['5802'],[],title_description,3,0,[],,"['50926', '5432', '61111']","[0.4726549983024597, 0.45225924253463745, 0.4297568202018738]","['title_description', 'title_description', 'title_description']"
陕建股份东方财富网,['5802'],[],title_description,1,0,[],,['5432'],[0.5616730451583862],['title_description']
陕建股份东方财富网,['5802'],[],title_description,3,0,[],,"['5432', '50161', '50926']","[0.5616730451583862, 0.5283122062683105, 0.5228815674781799]","['title_description', 'title_description', 'title_description']"
隆基市值,['5802'],[],title_description,1,0,[],,['50926'],[0.6134825348854065],['title_description']
隆基市值,['5802'],[],title_description,3,0,[],,"['50926', '5432', '50161']","[0.6134825348854065, 0.5839062929153442, 0.5754382610321045]","['title_description', 'title_description', 'title_description']"
雪人股份,['5802'],[],title_description,1,0,[],,['50926'],[0.522937536239624],['title_description']
雪人股份,['5802'],[],title_description,3,0,[],,"['50926', '50161', '5432']","[0.522937536239624, 0.5153151750564575, 0.5063124895095825]","['title_description', 'title_description', 'title_description']"
顺灏股份股票历史交易数据,['5802'],[],title_description,1,0,[],,['5432'],[0.6765526533126831],['title_description']
顺灏股份股票历史交易数据,['5802'],[],title_description,3,0,[],,"['5432', '50161', '50926']","[0.6765526533126831, 0.639444887638092, 0.6144566535949707]","['title_description', 'title_description', 'title_description']"
高能环境最新消息,['5802'],[],title_description,1,0,[],,['50926'],[0.538695752620697],['title_description']
高能环境最新消息,['5802'],[],title_description,3,0,[],,"['50926', '5432', '61111']","[0.538695752620697, 0.5172117352485657, 0.48462963104248047]","['title_description', 'title_description', 'title_description']"
高铁最新消息,['5802'],[],title_description,1,0,[],,['5851'],[0.5950318574905396],['title_description']
高铁最新消息,['5802'],[],title_description,3,0,[],,"['5851', '47266', '60872']","[0.5950318574905396, 0.5717737674713135, 0.5635859966278076]","['title_description', 'title_description', 'title_description']"
鲁西化工股票股吧,['5802'],[],title_description,1,0,[],,['5432'],[0.5090619325637817],['title_description']
鲁西化工股票股吧,['5802'],[],title_description,3,0,[],,"['5432', '50926', '50161']","[0.5090619325637817, 0.4622702896595001, 0.44631943106651306]","['title_description', 'title_description', 'title_description']"
