query,gold_ids,missing_gold_ids,view,k,pass_at_k,hit_ids,first_hit_rank,recall_ids,recall_scores,recall_views
东京 天气,['51044'],[],description,1,0,[],,['4999'],[0.6184921264648438],['description']
东京 天气,['51044'],[],description,3,0,[],,"['4999', '4982', '61277']","[0.6184921264648438, 0.5864959359169006, 0.5394579172134399]","['description', 'description', 'description']"
东京现在温度多少,['51044'],[],description,1,0,[],,['4999'],[0.5580993890762329],['description']
东京现在温度多少,['51044'],[],description,3,0,[],,"['4999', '4982', '62106']","[0.5580993890762329, 0.4784758388996124, 0.45937734842300415]","['description', 'description', 'description']"
东京的气温,['51044'],[],description,1,0,[],,['4999'],[0.5413011312484741],['description']
东京的气温,['51044'],[],description,3,0,[],,"['4999', '4982', '62306']","[0.5413011312484741, 0.48913535475730896, 0.48784002661705017]","['description', 'description', 'description']"
乌兰巴托天气,['51044'],[],description,1,0,[],,['4999'],[0.5471210479736328],['description']
乌兰巴托天气,['51044'],[],description,3,0,[],,"['4999', '4982', '61277']","[0.5471210479736328, 0.538672685623169, 0.462899774312973]","['description', 'description', 'description']"
亚美尼亚天气预报15天,['51044'],[],description,1,0,[],,['4982'],[0.5648607611656189],['description']
亚美尼亚天气预报15天,['51044'],[],description,3,0,[],,"['4982', '4999', '61277']","[0.5648607611656189, 0.5541331171989441, 0.5026823282241821]","['description', 'description', 'description']"
今天法国巴黎温度是多少,['51044'],[],description,1,0,[],,['4999'],[0.5696495771408081],['description']
今天法国巴黎温度是多少,['51044'],[],description,3,0,[],,"['4999', '4982', '61277']","[0.5696495771408081, 0.47948959469795227, 0.44112831354141235]","['description', 'description', 'description']"
伦敦天气40天,['51044'],[],description,1,0,[],,['4982'],[0.5027143955230713],['description']
伦敦天气40天,['51044'],[],description,3,0,[],,"['4982', '4999', '61277']","[0.5027143955230713, 0.44899889826774597, 0.4206404685974121]","['description', 'description', 'description']"
伦敦天气预报一周7天查询,['51044'],[],description,1,0,[],,['4999'],[0.6246576309204102],['description']
伦敦天气预报一周7天查询,['51044'],[],description,3,0,[],,"['4999', '4982', '61277']","[0.6246576309204102, 0.5999785661697388, 0.553092360496521]","['description', 'description', 'description']"
伦敦气温现在是多少度,['51044'],[],description,1,0,[],,['4999'],[0.5735718607902527],['description']
伦敦气温现在是多少度,['51044'],[],description,3,0,[],,"['4999', '4982', '62106']","[0.5735718607902527, 0.48098427057266235, 0.444918155670166]","['description', 'description', 'description']"
伦敦的天气,['51044'],[],description,1,0,[],,['4999'],[0.5501984357833862],['description']
伦敦的天气,['51044'],[],description,3,0,[],,"['4999', '4982', '62306']","[0.5501984357833862, 0.5191488862037659, 0.45333248376846313]","['description', 'description', 'description']"
伦敦的天气预报30天查询,['51044'],[],description,1,0,[],,['4999'],[0.6015085577964783],['description']
伦敦的天气预报30天查询,['51044'],[],description,3,0,[],,"['4999', '4982', '61277']","[0.6015085577964783, 0.5827178359031677, 0.5694074034690857]","['description', 'description', 'description']"
伯明翰的天气预报,['51044'],[],description,1,0,[],,['4982'],[0.5643703937530518],['description']
伯明翰的天气预报,['51044'],[],description,3,0,[],,"['4982', '4999', '61277']","[0.5643703937530518, 0.5613763332366943, 0.47630786895751953]","['description', 'description', 'description']"
俄罗斯亚马尔现在气温多少度,['51044'],[],description,1,0,[],,['4999'],[0.4564593732357025],['description']
俄罗斯亚马尔现在气温多少度,['51044'],[],description,3,0,[],,"['4999', '4982', '61277']","[0.4564593732357025, 0.40733444690704346, 0.39433932304382324]","['description', 'description', 'description']"
俄罗斯天气预报,['51044'],[],description,1,0,[],,['4982'],[0.5404475927352905],['description']
俄罗斯天气预报,['51044'],[],description,3,0,[],,"['4982', '4999', '61277']","[0.5404475927352905, 0.539990246295929, 0.4799565374851227]","['description', 'description', 'description']"
俄罗斯最低温度,['51044'],[],description,1,0,[],,['60338'],[0.43538329005241394],['description']
俄罗斯最低温度,['51044'],[],description,3,0,[],,"['60338', '4999', '61277']","[0.43538329005241394, 0.43510469794273376, 0.3967514634132385]","['description', 'description', 'description']"
俄罗斯现在温度多少,['51044'],[],description,1,0,[],,['4999'],[0.5076856017112732],['description']
俄罗斯现在温度多少,['51044'],[],description,3,0,[],,"['4999', '4982', '61277']","[0.5076856017112732, 0.44537240266799927, 0.42899709939956665]","['description', 'description', 'description']"
冰岛天气,['51044'],[],description,1,0,[],,['4999'],[0.567663848400116],['description']
冰岛天气,['51044'],[],description,3,0,[],,"['4999', '4982', '61277']","[0.567663848400116, 0.537171483039856, 0.4798566997051239]","['description', 'description', 'description']"
几内亚温度,['51044'],[],description,1,0,[],,['4999'],[0.4557286500930786],['description']
几内亚温度,['51044'],[],description,3,0,[],,"['4999', '62106', '61277']","[0.4557286500930786, 0.4106290340423584, 0.40753284096717834]","['description', 'description', 'description']"
加拿大天气预报,['51044'],[],description,1,0,[],,['4982'],[0.559211254119873],['description']
加拿大天气预报,['51044'],[],description,3,0,[],,"['4982', '4999', '61277']","[0.559211254119873, 0.5300610661506653, 0.4724416136741638]","['description', 'description', 'description']"
加拿大的天气预报15天查询,['51044'],[],description,1,0,[],,['4982'],[0.6404022574424744],['description']
加拿大的天气预报15天查询,['51044'],[],description,3,0,[],,"['4982', '4999', '61277']","[0.6404022574424744, 0.6350033283233643, 0.5630894303321838]","['description', 'description', 'description']"
华沙天气30天,['51044'],[],description,1,0,[],,['4982'],[0.5201215744018555],['description']
华沙天气30天,['51044'],[],description,3,0,[],,"['4982', '61277', '4999']","[0.5201215744018555, 0.5193759799003601, 0.4980844259262085]","['description', 'description', 'description']"
华盛顿温度多少度,['51044'],[],description,1,0,[],,['4999'],[0.5211255550384521],['description']
华盛顿温度多少度,['51044'],[],description,3,0,[],,"['4999', '4982', '61277']","[0.5211255550384521, 0.47612464427948, 0.46383047103881836]","['description', 'description', 'description']"
印度天气预报,['51044'],[],description,1,0,[],,['4999'],[0.5465627312660217],['description']
印度天气预报,['51044'],[],description,3,0,[],,"['4999', '4982', '61277']","[0.5465627312660217, 0.5348690748214722, 0.49742788076400757]","['description', 'description', 'description']"
印度最高温多少度了,['51044'],[],description,1,0,[],,['4999'],[0.4427618682384491],['description']
印度最高温多少度了,['51044'],[],description,3,0,[],,"['4999', '61277', '4982']","[0.4427618682384491, 0.4318660795688629, 0.39725059270858765]","['description', 'description', 'description']"
印度现在温度多少,['51044'],[],description,1,0,[],,['4999'],[0.5004397034645081],['description']
印度现在温度多少,['51044'],[],description,3,0,[],,"['4999', '61277', '4982']","[0.5004397034645081, 0.4365537762641907, 0.4312804937362671]","['description', 'description', 'description']"
厄瓜多尔天气,['51044'],[],description,1,0,[],,['4999'],[0.48324212431907654],['description']
厄瓜多尔天气,['51044'],[],description,3,0,[],,"['4999', '4982', '61277']","[0.48324212431907654, 0.4740283489227295, 0.42472878098487854]","['description', 'description', 'description']"
吉尔吉斯斯坦的天气预报,['51044'],[],description,1,0,[],,['4999'],[0.556649923324585],['description']
吉尔吉斯斯坦的天气预报,['51044'],[],description,3,0,[],,"['4999', '4982', '61277']","[0.556649923324585, 0.5563346147537231, 0.49790701270103455]","['description', 'description', 'description']"
吉隆坡天气,['51044'],[],description,1,0,[],,['4999'],[0.5276889801025391],['description']
吉隆坡天气,['51044'],[],description,3,0,[],,"['4999', '4982', '62106']","[0.5276889801025391, 0.5013017058372498, 0.4667665362358093]","['description', 'description', 'description']"
吉隆坡最近天气如何了,['51044'],[],description,1,0,[],,['4999'],[0.5241125822067261],['description']
吉隆坡最近天气如何了,['51044'],[],description,3,0,[],,"['4999', '4982', '62106']","[0.5241125822067261, 0.5161254405975342, 0.47631722688674927]","['description', 'description', 'description']"
吉隆坡气温,['51044'],[],description,1,0,[],,['4999'],[0.5236338376998901],['description']
吉隆坡气温,['51044'],[],description,3,0,[],,"['4999', '62106', '4982']","[0.5236338376998901, 0.4874497056007385, 0.4804266095161438]","['description', 'description', 'description']"
哈巴罗夫斯克的天气预报,['51044'],[],description,1,0,[],,['4982'],[0.5649662613868713],['description']
哈巴罗夫斯克的天气预报,['51044'],[],description,3,0,[],,"['4982', '4999', '61277']","[0.5649662613868713, 0.558819055557251, 0.48691290616989136]","['description', 'description', 'description']"
哈萨克斯坦气温,['51044'],[],description,1,0,[],,['4999'],[0.5004994869232178],['description']
哈萨克斯坦气温,['51044'],[],description,3,0,[],,"['4999', '4982', '61277']","[0.5004994869232178, 0.4758163094520569, 0.45214179158210754]","['description', 'description', 'description']"
土耳其现在气温,['51044'],[],description,1,0,[],,['4999'],[0.6076797842979431],['description']
土耳其现在气温,['51044'],[],description,3,0,[],,"['4999', '4982', '61277']","[0.6076797842979431, 0.5087166428565979, 0.5059797167778015]","['description', 'description', 'description']"
土耳其的天气预报15天查询,['51044'],[],description,1,0,[],,['4999'],[0.6806986927986145],['description']
土耳其的天气预报15天查询,['51044'],[],description,3,0,[],,"['4999', '4982', '61277']","[0.6806986927986145, 0.6241146326065063, 0.5794883966445923]","['description', 'description', 'description']"
圣彼得堡天气预报,['51044'],[],description,1,0,[],,['4982'],[0.5193843245506287],['description']
圣彼得堡天气预报,['51044'],[],description,3,0,[],,"['4982', '4999', '61277']","[0.5193843245506287, 0.5000960826873779, 0.4288285970687866]","['description', 'description', 'description']"
圣荷塞天气预报,['51044'],[],description,1,0,[],,['4982'],[0.5168436765670776],['description']
圣荷塞天气预报,['51044'],[],description,3,0,[],,"['4982', '4999', '61277']","[0.5168436765670776, 0.5015535950660706, 0.4501587748527527]","['description', 'description', 'description']"
埃及天气预报15天,['51044'],[],description,1,0,[],,['4999'],[0.6244858503341675],['description']
埃及天气预报15天,['51044'],[],description,3,0,[],,"['4999', '4982', '61277']","[0.6244858503341675, 0.6134477257728577, 0.5535353422164917]","['description', 'description', 'description']"
埃罗天气,['51044'],[],description,1,0,[],,['4982'],[0.6080138087272644],['description']
埃罗天气,['51044'],[],description,3,0,[],,"['4982', '4999', '61277']","[0.6080138087272644, 0.59281986951828, 0.5447982549667358]","['description', 'description', 'description']"
塔什干天气预报15天查询,['51044'],[],description,1,0,[],,['4999'],[0.6300393342971802],['description']
塔什干天气预报15天查询,['51044'],[],description,3,0,[],,"['4999', '4982', '61277']","[0.6300393342971802, 0.6171145439147949, 0.5606091618537903]","['description', 'description', 'description']"
塞尔维亚天气预报15天查询,['51044'],[],description,1,0,[],,['4999'],[0.6017298102378845],['description']
塞尔维亚天气预报15天查询,['51044'],[],description,3,0,[],,"['4999', '4982', '61277']","[0.6017298102378845, 0.5899210572242737, 0.5220433473587036]","['description', 'description', 'description']"
塞尔维亚的天气预报,['51044'],[],description,1,0,[],,['4999'],[0.5737903714179993],['description']
塞尔维亚的天气预报,['51044'],[],description,3,0,[],,"['4999', '4982', '61277']","[0.5737903714179993, 0.5443904399871826, 0.48808783292770386]","['description', 'description', 'description']"
塞瓦斯托波尔天气,['51044'],[],description,1,0,[],,['4999'],[0.5730494856834412],['description']
塞瓦斯托波尔天气,['51044'],[],description,3,0,[],,"['4999', '4982', '61277']","[0.5730494856834412, 0.5550044178962708, 0.46896615624427795]","['description', 'description', 'description']"
墨西哥城的天气,['51044'],[],description,1,0,[],,['4999'],[0.540397584438324],['description']
墨西哥城的天气,['51044'],[],description,3,0,[],,"['4999', '4982', '61277']","[0.540397584438324, 0.5228843688964844, 0.49361178278923035]","['description', 'description', 'description']"
夏威夷天气预报,['51044'],[],description,1,0,[],,['4999'],[0.5595061779022217],['description']
夏威夷天气预报,['51044'],[],description,3,0,[],,"['4999', '4982', '61277']","[0.5595061779022217, 0.5569998025894165, 0.479015976190567]","['description', 'description', 'description']"
多伦多天气,['51044'],[],description,1,0,[],,['4999'],[0.5978344082832336],['description']
多伦多天气,['51044'],[],description,3,0,[],,"['4999', '4982', '61277']","[0.5978344082832336, 0.5719075202941895, 0.532888650894165]","['description', 'description', 'description']"
大阪三十天天气预报查询,['51044'],[],description,1,0,[],,['4982'],[0.6290422081947327],['description']
大阪三十天天气预报查询,['51044'],[],description,3,0,[],,"['4982', '61277', '4999']","[0.6290422081947327, 0.593844473361969, 0.5813560485839844]","['description', 'description', 'description']"
奥地利天气预报15天,['51044'],[],description,1,0,[],,['4999'],[0.6296098232269287],['description']
奥地利天气预报15天,['51044'],[],description,3,0,[],,"['4999', '4982', '61277']","[0.6296098232269287, 0.6076627969741821, 0.5430989265441895]","['description', 'description', 'description']"
威尼斯天气预报15天,['51044'],[],description,1,0,[],,['4982'],[0.6173251271247864],['description']
威尼斯天气预报15天,['51044'],[],description,3,0,[],,"['4982', '4999', '61277']","[0.6173251271247864, 0.6083347797393799, 0.53443843126297]","['description', 'description', 'description']"
富国岛天气,['51044'],[],description,1,0,[],,['4999'],[0.518298864364624],['description']
富国岛天气,['51044'],[],description,3,0,[],,"['4999', '4982', '61277']","[0.518298864364624, 0.5056238174438477, 0.42656779289245605]","['description', 'description', 'description']"
尼日利亚气温,['51044'],[],description,1,0,[],,['4999'],[0.5064187049865723],['description']
尼日利亚气温,['51044'],[],description,3,0,[],,"['4999', '61277', '4982']","[0.5064187049865723, 0.4402514398097992, 0.4381459057331085]","['description', 'description', 'description']"
尼泊尔现在热吗,['51044'],[],description,1,0,[],,['4999'],[0.4473055899143219],['description']
尼泊尔现在热吗,['51044'],[],description,3,0,[],,"['4999', '5601', '4982']","[0.4473055899143219, 0.4279658794403076, 0.41177091002464294]","['description', 'description', 'description']"
山都天气,['51044'],[],description,1,0,[],,['4982'],[0.5493160486221313],['description']
山都天气,['51044'],[],description,3,0,[],,"['4982', '4999', '62106']","[0.5493160486221313, 0.5075075030326843, 0.49387046694755554]","['description', 'description', 'description']"
巴威未来几天天气,['51044'],[],description,1,0,[],,['4982'],[0.5217470526695251],['description']
巴威未来几天天气,['51044'],[],description,3,0,[],,"['4982', '4999', '61277']","[0.5217470526695251, 0.4862636923789978, 0.45865827798843384]","['description', 'description', 'description']"
巴黎的天气预报,['51044'],[],description,1,0,[],,['4999'],[0.5796657800674438],['description']
巴黎的天气预报,['51044'],[],description,3,0,[],,"['4999', '4982', '61277']","[0.5796657800674438, 0.5627042055130005, 0.4773128032684326]","['description', 'description', 'description']"
布鲁塞尔的天气预报,['51044'],[],description,1,0,[],,['4999'],[0.6124499440193176],['description']
布鲁塞尔的天气预报,['51044'],[],description,3,0,[],,"['4999', '4982', '61277']","[0.6124499440193176, 0.5698542594909668, 0.4902753233909607]","['description', 'description', 'description']"
帕劳温度现在多少度,['51044'],[],description,1,0,[],,['4999'],[0.4986373484134674],['description']
帕劳温度现在多少度,['51044'],[],description,3,0,[],,"['4999', '62106', '4982']","[0.4986373484134674, 0.4587252140045166, 0.4553256928920746]","['description', 'description', 'description']"
弗洛伦萨天气,['51044'],[],description,1,0,[],,['4999'],[0.5716972351074219],['description']
弗洛伦萨天气,['51044'],[],description,3,0,[],,"['4999', '4982', '61277']","[0.5716972351074219, 0.5373468399047852, 0.47057726979255676]","['description', 'description', 'description']"
德国法兰克福的天气预报,['51044'],[],description,1,0,[],,['4999'],[0.574882984161377],['description']
德国法兰克福的天气预报,['51044'],[],description,3,0,[],,"['4999', '4982', '61277']","[0.574882984161377, 0.5364598035812378, 0.4483027458190918]","['description', 'description', 'description']"
德国目前温度,['51044'],[],description,1,0,[],,['4999'],[0.5602051019668579],['description']
德国目前温度,['51044'],[],description,3,0,[],,"['4999', '61277', '4982']","[0.5602051019668579, 0.4883456826210022, 0.4650317430496216]","['description', 'description', 'description']"
悉尼的天气,['51044'],[],description,1,0,[],,['4999'],[0.5469961166381836],['description']
悉尼的天气,['51044'],[],description,3,0,[],,"['4999', '4982', '62106']","[0.5469961166381836, 0.5229189395904541, 0.4749676585197449]","['description', 'description', 'description']"
意大利天气预报,['51044'],[],description,1,0,[],,['4982'],[0.519968569278717],['description']
意大利天气预报,['51044'],[],description,3,0,[],,"['4982', '4999', '61277']","[0.519968569278717, 0.5172393321990967, 0.46575480699539185]","['description', 'description', 'description']"
慕尼黑的天气预报15天查询,['51044'],[],description,1,0,[],,['4999'],[0.6489853858947754],['description']
慕尼黑的天气预报15天查询,['51044'],[],description,3,0,[],,"['4999', '4982', '61277']","[0.6489853858947754, 0.6285319328308105, 0.585823655128479]","['description', 'description', 'description']"
摩洛哥天气预报,['51044'],[],description,1,0,[],,['4999'],[0.5902374982833862],['description']
摩洛哥天气预报,['51044'],[],description,3,0,[],,"['4999', '4982', '61277']","[0.5902374982833862, 0.542790949344635, 0.5128751397132874]","['description', 'description', 'description']"
斯里兰卡天气,['51044'],[],description,1,0,[],,['4999'],[0.4845876395702362],['description']
斯里兰卡天气,['51044'],[],description,3,0,[],,"['4999', '4982', '61277']","[0.4845876395702362, 0.4523701071739197, 0.4154767394065857]","['description', 'description', 'description']"
新加坡未来15天的天气预报,['51044'],[],description,1,0,[],,['4999'],[0.621422529220581],['description']
新加坡未来15天的天气预报,['51044'],[],description,3,0,[],,"['4999', '4982', '61277']","[0.621422529220581, 0.6181627511978149, 0.5179086923599243]","['description', 'description', 'description']"
日内瓦天气预报,['51044'],[],description,1,0,[],,['4999'],[0.5757153034210205],['description']
日内瓦天气预报,['51044'],[],description,3,0,[],,"['4999', '4982', '62106']","[0.5757153034210205, 0.5486341714859009, 0.47057485580444336]","['description', 'description', 'description']"
日本7月12日天气,['51044'],[],description,1,0,[],,['4999'],[0.5171226263046265],['description']
日本7月12日天气,['51044'],[],description,3,0,[],,"['4999', '61277', '4982']","[0.5171226263046265, 0.5035768747329712, 0.49959853291511536]","['description', 'description', 'description']"
日本天气预报,['51044'],[],description,1,0,[],,['4982'],[0.5668842196464539],['description']
日本天气预报,['51044'],[],description,3,0,[],,"['4982', '4999', '61277']","[0.5668842196464539, 0.5450206995010376, 0.49651312828063965]","['description', 'description', 'description']"
日本天气预报十五天查询,['51044'],[],description,1,0,[],,['4982'],[0.648086428642273],['description']
日本天气预报十五天查询,['51044'],[],description,3,0,[],,"['4982', '4999', '61277']","[0.648086428642273, 0.6385365724563599, 0.5730232000350952]","['description', 'description', 'description']"
日本温度多少度,['51044'],[],description,1,0,[],,['4999'],[0.49209073185920715],['description']
日本温度多少度,['51044'],[],description,3,0,[],,"['4999', '61277', '4982']","[0.49209073185920715, 0.44715917110443115, 0.4416879117488861]","['description', 'description', 'description']"
旧金山气温,['51044'],[],description,1,0,[],,['4999'],[0.57492995262146],['description']
旧金山气温,['51044'],[],description,3,0,[],,"['4999', '62306', '62106']","[0.57492995262146, 0.5233016014099121, 0.515837550163269]","['description', 'description', 'description']"
曼彻斯特 天气,['51044'],[],description,1,0,[],,['4999'],[0.5597440004348755],['description']
曼彻斯特 天气,['51044'],[],description,3,0,[],,"['4999', '4982', '61277']","[0.5597440004348755, 0.5388091802597046, 0.5183182954788208]","['description', 'description', 'description']"
曼谷天气,['51044'],[],description,1,0,[],,['4999'],[0.5160415172576904],['description']
曼谷天气,['51044'],[],description,3,0,[],,"['4999', '4982', '61277']","[0.5160415172576904, 0.5008644461631775, 0.48076045513153076]","['description', 'description', 'description']"
曼谷最近一周天气预报,['51044'],[],description,1,0,[],,['4999'],[0.5610862970352173],['description']
曼谷最近一周天气预报,['51044'],[],description,3,0,[],,"['4999', '4982', '61277']","[0.5610862970352173, 0.5522271394729614, 0.5479476451873779]","['description', 'description', 'description']"
本地15天准确天气,['51044'],[],description,1,0,[],,['4999'],[0.7363858222961426],['description']
本地15天准确天气,['51044'],[],description,3,0,[],,"['4999', '4982', '61277']","[0.7363858222961426, 0.732018232345581, 0.6657679080963135]","['description', 'description', 'description']"
柬埔寨今天气温,['51044'],[],description,1,0,[],,['4999'],[0.4945399761199951],['description']
柬埔寨今天气温,['51044'],[],description,3,0,[],,"['4999', '4982', '61277']","[0.4945399761199951, 0.45685112476348877, 0.4326552152633667]","['description', 'description', 'description']"
柬埔寨金边天气预报15天,['51044'],[],description,1,0,[],,['4982'],[0.5476300716400146],['description']
柬埔寨金边天气预报15天,['51044'],[],description,3,0,[],,"['4982', '4999', '61277']","[0.5476300716400146, 0.5393631458282471, 0.4744264483451843]","['description', 'description', 'description']"
格鲁吉亚天气预报15天查询,['51044'],[],description,1,0,[],,['4999'],[0.6064621806144714],['description']
格鲁吉亚天气预报15天查询,['51044'],[],description,3,0,[],,"['4999', '4982', '61277']","[0.6064621806144714, 0.595788836479187, 0.5539056658744812]","['description', 'description', 'description']"
桑坡天气预报,['51044'],[],description,1,0,[],,['4982'],[0.47958001494407654],['description']
桑坡天气预报,['51044'],[],description,3,0,[],,"['4982', '4999', '61277']","[0.47958001494407654, 0.4196374714374542, 0.38861533999443054]","['description', 'description', 'description']"
比利时天气预报15天查询,['51044'],[],description,1,0,[],,['4999'],[0.649978518486023],['description']
比利时天气预报15天查询,['51044'],[],description,3,0,[],,"['4999', '4982', '61277']","[0.649978518486023, 0.6057921051979065, 0.5531500577926636]","['description', 'description', 'description']"
沃夫斯堡天气,['51044'],[],description,1,0,[],,['4999'],[0.6198718547821045],['description']
沃夫斯堡天气,['51044'],[],description,3,0,[],,"['4999', '4982', '61277']","[0.6198718547821045, 0.571129560470581, 0.5301476120948792]","['description', 'description', 'description']"
沃尔夫斯堡天气预报,['51044'],[],description,1,0,[],,['4999'],[0.5896843671798706],['description']
沃尔夫斯堡天气预报,['51044'],[],description,3,0,[],,"['4999', '4982', '61277']","[0.5896843671798706, 0.5692105293273926, 0.5059850811958313]","['description', 'description', 'description']"
法国天气预报40天查询,['51044'],[],description,1,0,[],,['4982'],[0.6266111731529236],['description']
法国天气预报40天查询,['51044'],[],description,3,0,[],,"['4982', '4999', '61277']","[0.6266111731529236, 0.598030686378479, 0.5438262820243835]","['description', 'description', 'description']"
法国巴黎天气预报15天查询,['51044'],[],description,1,0,[],,['4999'],[0.6462377309799194],['description']
法国巴黎天气预报15天查询,['51044'],[],description,3,0,[],,"['4999', '4982', '61277']","[0.6462377309799194, 0.597903311252594, 0.5305196642875671]","['description', 'description', 'description']"
法国温度现在多少度,['51044'],[],description,1,0,[],,['4999'],[0.5676616430282593],['description']
法国温度现在多少度,['51044'],[],description,3,0,[],,"['4999', '4982', '61277']","[0.5676616430282593, 0.46966618299484253, 0.4659419655799866]","['description', 'description', 'description']"
法国都灵天气,['51044'],[],description,1,0,[],,['4999'],[0.5784485340118408],['description']
法国都灵天气,['51044'],[],description,3,0,[],,"['4999', '4982', '61277']","[0.5784485340118408, 0.48473823070526123, 0.45579808950424194]","['description', 'description', 'description']"
泰国40天天气预报,['51044'],[],description,1,0,[],,['4982'],[0.5957580804824829],['description']
泰国40天天气预报,['51044'],[],description,3,0,[],,"['4982', '4999', '61277']","[0.5957580804824829, 0.5297572612762451, 0.5163647532463074]","['description', 'description', 'description']"
泰国清迈的天气预报15天,['51044'],[],description,1,0,[],,['4982'],[0.5845515131950378],['description']
泰国清迈的天气预报15天,['51044'],[],description,3,0,[],,"['4982', '4999', '61277']","[0.5845515131950378, 0.5591846704483032, 0.5355639457702637]","['description', 'description', 'description']"
泰国现在温度,['51044'],[],description,1,0,[],,['4999'],[0.5502888560295105],['description']
泰国现在温度,['51044'],[],description,3,0,[],,"['4999', '4982', '61277']","[0.5502888560295105, 0.48530811071395874, 0.4805052876472473]","['description', 'description', 'description']"
洛杉矶的天气预报15天查询,['51044'],[],description,1,0,[],,['4999'],[0.6366010904312134],['description']
洛杉矶的天气预报15天查询,['51044'],[],description,3,0,[],,"['4999', '4982', '61277']","[0.6366010904312134, 0.625296413898468, 0.5591018199920654]","['description', 'description', 'description']"
津巴布韦天气情况,['51044'],[],description,1,0,[],,['4999'],[0.5632288455963135],['description']
津巴布韦天气情况,['51044'],[],description,3,0,[],,"['4999', '4982', '61277']","[0.5632288455963135, 0.5280898213386536, 0.4759944677352905]","['description', 'description', 'description']"
济州岛天气,['51044'],[],description,1,0,[],,['4982'],[0.5708813667297363],['description']
济州岛天气,['51044'],[],description,3,0,[],,"['4982', '4999', '61277']","[0.5708813667297363, 0.5480490922927856, 0.48848849534988403]","['description', 'description', 'description']"
海参崴天气预报,['51044'],[],description,1,0,[],,['4982'],[0.5387014150619507],['description']
海参崴天气预报,['51044'],[],description,3,0,[],,"['4982', '4999', '61277']","[0.5387014150619507, 0.5118616819381714, 0.45111721754074097]","['description', 'description', 'description']"
海牙今天的天气,['51044'],[],description,1,0,[],,['4999'],[0.6090502738952637],['description']
海牙今天的天气,['51044'],[],description,3,0,[],,"['4999', '4982', '5601']","[0.6090502738952637, 0.5509078502655029, 0.5212664008140564]","['description', 'description', 'description']"
澳大利亚现在气温,['51044'],[],description,1,0,[],,['4999'],[0.5905548334121704],['description']
澳大利亚现在气温,['51044'],[],description,3,0,[],,"['4999', '4982', '61277']","[0.5905548334121704, 0.5130292177200317, 0.4852999746799469]","['description', 'description', 'description']"
澳洲现在的气温是多少度,['51044'],[],description,1,0,[],,['4999'],[0.536803126335144],['description']
澳洲现在的气温是多少度,['51044'],[],description,3,0,[],,"['4999', '4982', '61277']","[0.536803126335144, 0.4732306897640228, 0.4369402527809143]","['description', 'description', 'description']"
澳洲的天气预报15天,['51044'],[],description,1,0,[],,['4982'],[0.6245033740997314],['description']
澳洲的天气预报15天,['51044'],[],description,3,0,[],,"['4982', '4999', '61277']","[0.6245033740997314, 0.6206516027450562, 0.5326434373855591]","['description', 'description', 'description']"
班吉天气预报,['51044'],[],description,1,0,[],,['4982'],[0.5607472062110901],['description']
班吉天气预报,['51044'],[],description,3,0,[],,"['4982', '4999', '61277']","[0.5607472062110901, 0.5260645747184753, 0.4875863194465637]","['description', 'description', 'description']"
瑞士天气预报15天查询,['51044'],[],description,1,0,[],,['4999'],[0.6263328790664673],['description']
瑞士天气预报15天查询,['51044'],[],description,3,0,[],,"['4999', '4982', '61277']","[0.6263328790664673, 0.620417594909668, 0.5389686226844788]","['description', 'description', 'description']"
瑞士的温度,['51044'],[],description,1,0,[],,['4999'],[0.5244613885879517],['description']
瑞士的温度,['51044'],[],description,3,0,[],,"['4999', '62106', '62306']","[0.5244613885879517, 0.45418521761894226, 0.4532005190849304]","['description', 'description', 'description']"
白滨天气预报,['51044'],[],description,1,0,[],,['4982'],[0.5475397109985352],['description']
白滨天气预报,['51044'],[],description,3,0,[],,"['4982', '4999', '61277']","[0.5475397109985352, 0.4921249747276306, 0.4624459147453308]","['description', 'description', 'description']"
纽约的天气预报,['51044'],[],description,1,0,[],,['4982'],[0.5691754817962646],['description']
纽约的天气预报,['51044'],[],description,3,0,[],,"['4982', '4999', '61277']","[0.5691754817962646, 0.556240439414978, 0.4714944660663605]","['description', 'description', 'description']"
罗马气温,['51044'],[],description,1,0,[],,['4999'],[0.5641782879829407],['description']
罗马气温,['51044'],[],description,3,0,[],,"['4999', '62306', '62106']","[0.5641782879829407, 0.5260238647460938, 0.5220868587493896]","['description', 'description', 'description']"
美国下雨了吗,['51044'],[],description,1,0,[],,['4982'],[0.4662768840789795],['description']
美国下雨了吗,['51044'],[],description,3,0,[],,"['4982', '4999', '47198']","[0.4662768840789795, 0.45807909965515137, 0.41503793001174927]","['description', 'description', 'description']"
美国加州天气预报,['51044'],[],description,1,0,[],,['4982'],[0.5398269295692444],['description']
美国加州天气预报,['51044'],[],description,3,0,[],,"['4982', '4999', '61277']","[0.5398269295692444, 0.5235259532928467, 0.4574570953845978]","['description', 'description', 'description']"
美国现在天气,['51044'],[],description,1,0,[],,['4999'],[0.6005475521087646],['description']
美国现在天气,['51044'],[],description,3,0,[],,"['4999', '4982', '61277']","[0.6005475521087646, 0.5629775524139404, 0.5022058486938477]","['description', 'description', 'description']"
老挝天气预报,['51044'],[],description,1,0,[],,['4999'],[0.520018994808197],['description']
老挝天气预报,['51044'],[],description,3,0,[],,"['4999', '4982', '61277']","[0.520018994808197, 0.5016510486602783, 0.45702046155929565]","['description', 'description', 'description']"
胡志明天气,['51044'],[],description,1,0,[],,['4999'],[0.5195702910423279],['description']
胡志明天气,['51044'],[],description,3,0,[],,"['4999', '4982', '61277']","[0.5195702910423279, 0.4980447292327881, 0.4423341453075409]","['description', 'description', 'description']"
芭提雅天气,['51044'],[],description,1,0,[],,['4982'],[0.5067349076271057],['description']
芭提雅天气,['51044'],[],description,3,0,[],,"['4982', '4999', '61277']","[0.5067349076271057, 0.49576336145401, 0.4445812404155731]","['description', 'description', 'description']"
英国各地天气预报,['51044'],[],description,1,0,[],,['4999'],[0.5776007771492004],['description']
英国各地天气预报,['51044'],[],description,3,0,[],,"['4999', '4982', '50143']","[0.5776007771492004, 0.5637337565422058, 0.47881653904914856]","['description', 'description', 'description']"
英国温度现在多少度,['51044'],[],description,1,0,[],,['4999'],[0.5438724160194397],['description']
英国温度现在多少度,['51044'],[],description,3,0,[],,"['4999', '4982', '61277']","[0.5438724160194397, 0.44616758823394775, 0.44375938177108765]","['description', 'description', 'description']"
菲律宾现在的天气预报,['51044'],[],description,1,0,[],,['4999'],[0.5682418346405029],['description']
菲律宾现在的天气预报,['51044'],[],description,3,0,[],,"['4999', '4982', '61277']","[0.5682418346405029, 0.5484504103660583, 0.48624545335769653]","['description', 'description', 'description']"
葡萄牙的天气预报,['51044'],[],description,1,0,[],,['4999'],[0.5780704021453857],['description']
葡萄牙的天气预报,['51044'],[],description,3,0,[],,"['4999', '4982', '61277']","[0.5780704021453857, 0.5475647449493408, 0.4848368763923645]","['description', 'description', 'description']"
西北地区最近几天天气如何,['51044'],[],description,1,0,[],,['4982'],[0.5910285711288452],['description']
西北地区最近几天天气如何,['51044'],[],description,3,0,[],,"['4982', '4999', '61277']","[0.5910285711288452, 0.5623770952224731, 0.5103070735931396]","['description', 'description', 'description']"
西班牙天气预报,['51044'],[],description,1,0,[],,['4999'],[0.5301601886749268],['description']
西班牙天气预报,['51044'],[],description,3,0,[],,"['4999', '4982', '61277']","[0.5301601886749268, 0.522461473941803, 0.4566490352153778]","['description', 'description', 'description']"
越南天气预报15天查询,['51044'],[],description,1,0,[],,['4999'],[0.602413535118103],['description']
越南天气预报15天查询,['51044'],[],description,3,0,[],,"['4999', '4982', '61277']","[0.602413535118103, 0.6022433638572693, 0.544039249420166]","['description', 'description', 'description']"
越南河内天气预报,['51044'],[],description,1,0,[],,['4999'],[0.5375257730484009],['description']
越南河内天气预报,['51044'],[],description,3,0,[],,"['4999', '4982', '61277']","[0.5375257730484009, 0.5373740792274475, 0.4532397389411926]","['description', 'description', 'description']"
越南现在的温度是多少,['51044'],[],description,1,0,[],,['4999'],[0.5262713432312012],['description']
越南现在的温度是多少,['51044'],[],description,3,0,[],,"['4999', '4982', '61277']","[0.5262713432312012, 0.47603142261505127, 0.45400506258010864]","['description', 'description', 'description']"
越南芒街天气预报,['51044'],[],description,1,0,[],,['4982'],[0.49175000190734863],['description']
越南芒街天气预报,['51044'],[],description,3,0,[],,"['4982', '4999', '61277']","[0.49175000190734863, 0.468662828207016, 0.430719256401062]","['description', 'description', 'description']"
迈阿密天气预报15天查询,['51044'],[],description,1,0,[],,['4982'],[0.6361018419265747],['description']
迈阿密天气预报15天查询,['51044'],[],description,3,0,[],,"['4982', '4999', '61277']","[0.6361018419265747, 0.6189682483673096, 0.5740270614624023]","['description', 'description', 'description']"
邦达天气,['51044'],[],description,1,0,[],,['4982'],[0.545282781124115],['description']
邦达天气,['51044'],[],description,3,0,[],,"['4982', '4999', '47242']","[0.545282781124115, 0.4787583351135254, 0.4595153331756592]","['description', 'description', 'description']"
阿加尼亚天气,['51044'],[],description,1,0,[],,['4999'],[0.5582882761955261],['description']
阿加尼亚天气,['51044'],[],description,3,0,[],,"['4999', '4982', '61277']","[0.5582882761955261, 0.524406909942627, 0.493583083152771]","['description', 'description', 'description']"
阿布扎比天气预报15天查询,['51044'],[],description,1,0,[],,['4982'],[0.6175154447555542],['description']
阿布扎比天气预报15天查询,['51044'],[],description,3,0,[],,"['4982', '4999', '61277']","[0.6175154447555542, 0.5965197086334229, 0.5289142727851868]","['description', 'description', 'description']"
阿赛拜疆天气,['51044'],[],description,1,0,[],,['4999'],[0.5624182224273682],['description']
阿赛拜疆天气,['51044'],[],description,3,0,[],,"['4999', '4982', '61277']","[0.5624182224273682, 0.5435255765914917, 0.4897153675556183]","['description', 'description', 'description']"
韩国浦项天气预报,['51044'],[],description,1,0,[],,['4982'],[0.5126059651374817],['description']
韩国浦项天气预报,['51044'],[],description,3,0,[],,"['4982', '4999', '47198']","[0.5126059651374817, 0.5013665556907654, 0.43830716609954834]","['description', 'description', 'description']"
韩国现在温度,['51044'],[],description,1,0,[],,['4999'],[0.5260429382324219],['description']
韩国现在温度,['51044'],[],description,3,0,[],,"['4999', '4982', '61277']","[0.5260429382324219, 0.46004098653793335, 0.45154356956481934]","['description', 'description', 'description']"
韩国的天气预报15天查询,['51044'],[],description,1,0,[],,['4982'],[0.6058646440505981],['description']
韩国的天气预报15天查询,['51044'],[],description,3,0,[],,"['4982', '4999', '61277']","[0.6058646440505981, 0.6024383902549744, 0.5298988819122314]","['description', 'description', 'description']"
韩国首尔天气预报,['51044'],[],description,1,0,[],,['4982'],[0.5320229530334473],['description']
韩国首尔天气预报,['51044'],[],description,3,0,[],,"['4982', '4999', '61277']","[0.5320229530334473, 0.5203865170478821, 0.4320054352283478]","['description', 'description', 'description']"
马尔代夫天气,['51044'],[],description,1,0,[],,['4999'],[0.5189672708511353],['description']
马尔代夫天气,['51044'],[],description,3,0,[],,"['4999', '4982', '61277']","[0.5189672708511353, 0.5080170035362244, 0.4874672293663025]","['description', 'description', 'description']"
马来西亚温度现在多少,['51044'],[],description,1,0,[],,['4999'],[0.5205147862434387],['description']
马来西亚温度现在多少,['51044'],[],description,3,0,[],,"['4999', '61277', '4982']","[0.5205147862434387, 0.4853914678096771, 0.45797479152679443]","['description', 'description', 'description']"
马来西亚的天气,['51044'],[],description,1,0,[],,['4999'],[0.48927241563796997],['description']
马来西亚的天气,['51044'],[],description,3,0,[],,"['4999', '4982', '61277']","[0.48927241563796997, 0.47137022018432617, 0.4482782483100891]","['description', 'description', 'description']"
马赛气温,['51044'],[],description,1,0,[],,['4999'],[0.5351901054382324],['description']
马赛气温,['51044'],[],description,3,0,[],,"['4999', '61277', '62306']","[0.5351901054382324, 0.4850437045097351, 0.472115159034729]","['description', 'description', 'description']"
马马天气,['51044'],[],description,1,0,[],,['4982'],[0.6435084342956543],['description']
马马天气,['51044'],[],description,3,0,[],,"['4982', '61277', '4999']","[0.6435084342956543, 0.5966514348983765, 0.5779387354850769]","['description', 'description', 'description']"
东京 天气,['51044'],[],merged,1,0,[],,['4982'],[0.6287365555763245],['title_description']
东京 天气,['51044'],[],merged,3,0,[],,"['4982', '4999', '61277']","[0.6287365555763245, 0.6240596771240234, 0.5752204656600952]","['title_description', 'title_description', 'title_description']"
东京现在温度多少,['51044'],[],merged,1,0,[],,['4999'],[0.5580993890762329],['description']
东京现在温度多少,['51044'],[],merged,3,0,[],,"['4999', '4982', '61277']","[0.5580993890762329, 0.5252689719200134, 0.48218148946762085]","['description', 'title_description', 'title_description']"
东京的气温,['51044'],[],merged,1,0,[],,['4999'],[0.5415024757385254],['title_description']
东京的气温,['51044'],[],merged,3,0,[],,"['4999', '4982', '62306']","[0.5415024757385254, 0.52611243724823, 0.5113741159439087]","['title_description', 'title_description', 'title_description']"
乌兰巴托天气,['51044'],[],merged,1,0,[],,['4999'],[0.5654236078262329],['title_description']
乌兰巴托天气,['51044'],[],merged,3,0,[],,"['4999', '4982', '61277']","[0.5654236078262329, 0.5627210736274719, 0.49846816062927246]","['title_description', 'title_description', 'title_description']"
亚美尼亚天气预报15天,['51044'],[],merged,1,0,[],,['4999'],[0.5725492238998413],['title_description']
亚美尼亚天气预报15天,['51044'],[],merged,3,0,[],,"['4999', '4982', '61277']","[0.5725492238998413, 0.5648607611656189, 0.5275672078132629]","['title_description', 'description', 'title_description']"
今天法国巴黎温度是多少,['51044'],[],merged,1,0,[],,['4999'],[0.6036088466644287],['title_description']
今天法国巴黎温度是多少,['51044'],[],merged,3,0,[],,"['4999', '4982', '61277']","[0.6036088466644287, 0.5140895843505859, 0.47124800086021423]","['title_description', 'title_description', 'title_description']"
伦敦天气40天,['51044'],[],merged,1,0,[],,['4982'],[0.5027143955230713],['description']
伦敦天气40天,['51044'],[],merged,3,0,[],,"['4982', '4999', '61277']","[0.5027143955230713, 0.4895555377006531, 0.44748276472091675]","['description', 'title_description', 'title_description']"
伦敦天气预报一周7天查询,['51044'],[],merged,1,0,[],,['4999'],[0.627543568611145],['title_description']
伦敦天气预报一周7天查询,['51044'],[],merged,3,0,[],,"['4999', '4982', '61277']","[0.627543568611145, 0.5999785661697388, 0.5935380458831787]","['title_description', 'description', 'title_description']"
伦敦气温现在是多少度,['51044'],[],merged,1,0,[],,['4999'],[0.5891867876052856],['title_description']
伦敦气温现在是多少度,['51044'],[],merged,3,0,[],,"['4999', '4982', '62306']","[0.5891867876052856, 0.527956485748291, 0.4558085799217224]","['title_description', 'title_description', 'title_description']"
伦敦的天气,['51044'],[],merged,1,0,[],,['4999'],[0.5856558084487915],['title_description']
伦敦的天气,['51044'],[],merged,3,0,[],,"['4999', '4982', '61277']","[0.5856558084487915, 0.5636757016181946, 0.4837053120136261]","['title_description', 'title_description', 'title_description']"
伦敦的天气预报30天查询,['51044'],[],merged,1,0,[],,['4999'],[0.6015085577964783],['description']
伦敦的天气预报30天查询,['51044'],[],merged,3,0,[],,"['4999', '61277', '4982']","[0.6015085577964783, 0.6007913947105408, 0.5827178359031677]","['description', 'title_description', 'description']"
伯明翰的天气预报,['51044'],[],merged,1,0,[],,['4999'],[0.6007789373397827],['title_description']
伯明翰的天气预报,['51044'],[],merged,3,0,[],,"['4999', '4982', '61277']","[0.6007789373397827, 0.5972741842269897, 0.5189584493637085]","['title_description', 'title_description', 'title_description']"
俄罗斯亚马尔现在气温多少度,['51044'],[],merged,1,0,[],,['4999'],[0.4949689209461212],['title_description']
俄罗斯亚马尔现在气温多少度,['51044'],[],merged,3,0,[],,"['4999', '4982', '61277']","[0.4949689209461212, 0.44395363330841064, 0.39433932304382324]","['title_description', 'title_description', 'description']"
俄罗斯天气预报,['51044'],[],merged,1,0,[],,['4999'],[0.6026867628097534],['title_description']
俄罗斯天气预报,['51044'],[],merged,3,0,[],,"['4999', '4982', '61277']","[0.6026867628097534, 0.5629452466964722, 0.509929358959198]","['title_description', 'title_description', 'title_description']"
俄罗斯最低温度,['51044'],[],merged,1,0,[],,['4999'],[0.473297655582428],['title_description']
俄罗斯最低温度,['51044'],[],merged,3,0,[],,"['4999', '60338', '4982']","[0.473297655582428, 0.43538329005241394, 0.4102519154548645]","['title_description', 'description', 'title_description']"
俄罗斯现在温度多少,['51044'],[],merged,1,0,[],,['4999'],[0.5484969615936279],['title_description']
俄罗斯现在温度多少,['51044'],[],merged,3,0,[],,"['4999', '4982', '61277']","[0.5484969615936279, 0.48083147406578064, 0.44124674797058105]","['title_description', 'title_description', 'title_description']"
冰岛天气,['51044'],[],merged,1,0,[],,['4999'],[0.6216535568237305],['title_description']
冰岛天气,['51044'],[],merged,3,0,[],,"['4999', '4982', '61277']","[0.6216535568237305, 0.5684616565704346, 0.4930572211742401]","['title_description', 'title_description', 'title_description']"
几内亚温度,['51044'],[],merged,1,0,[],,['4999'],[0.4834415912628174],['title_description']
几内亚温度,['51044'],[],merged,3,0,[],,"['4999', '4982', '62106']","[0.4834415912628174, 0.4182802438735962, 0.4149554371833801]","['title_description', 'title_description', 'title_description']"
加拿大天气预报,['51044'],[],merged,1,0,[],,['4999'],[0.635229229927063],['title_description']
加拿大天气预报,['51044'],[],merged,3,0,[],,"['4999', '4982', '61277']","[0.635229229927063, 0.6040968894958496, 0.4979732632637024]","['title_description', 'title_description', 'title_description']"
加拿大的天气预报15天查询,['51044'],[],merged,1,0,[],,['4999'],[0.6657904386520386],['title_description']
加拿大的天气预报15天查询,['51044'],[],merged,3,0,[],,"['4999', '4982', '61277']","[0.6657904386520386, 0.6404022574424744, 0.6040617227554321]","['title_description', 'description', 'title_description']"
华沙天气30天,['51044'],[],merged,1,0,[],,['61277'],[0.551567792892456],['title_description']
华沙天气30天,['51044'],[],merged,3,0,[],,"['61277', '4999', '4982']","[0.551567792892456, 0.5201495885848999, 0.5201215744018555]","['title_description', 'title_description', 'description']"
华盛顿温度多少度,['51044'],[],merged,1,0,[],,['4999'],[0.5510027408599854],['title_description']
华盛顿温度多少度,['51044'],[],merged,3,0,[],,"['4999', '4982', '61277']","[0.5510027408599854, 0.5224964618682861, 0.47064340114593506]","['title_description', 'title_description', 'title_description']"
印度天气预报,['51044'],[],merged,1,0,[],,['4999'],[0.6112877130508423],['title_description']
印度天气预报,['51044'],[],merged,3,0,[],,"['4999', '4982', '61277']","[0.6112877130508423, 0.5606207847595215, 0.51060551404953]","['title_description', 'title_description', 'title_description']"
印度最高温多少度了,['51044'],[],merged,1,0,[],,['4999'],[0.4706728160381317],['title_description']
印度最高温多少度了,['51044'],[],merged,3,0,[],,"['4999', '61277', '4982']","[0.4706728160381317, 0.4318660795688629, 0.41759151220321655]","['title_description', 'description', 'title_description']"
印度现在温度多少,['51044'],[],merged,1,0,[],,['4999'],[0.539942741394043],['title_description']
印度现在温度多少,['51044'],[],merged,3,0,[],,"['4999', '4982', '61277']","[0.539942741394043, 0.47174784541130066, 0.43780073523521423]","['title_description', 'title_description', 'title_description']"
厄瓜多尔天气,['51044'],[],merged,1,0,[],,['4999'],[0.5605374574661255],['title_description']
厄瓜多尔天气,['51044'],[],merged,3,0,[],,"['4999', '4982', '61277']","[0.5605374574661255, 0.5112457275390625, 0.45068204402923584]","['title_description', 'title_description', 'title_description']"
吉尔吉斯斯坦的天气预报,['51044'],[],merged,1,0,[],,['4999'],[0.6039616465568542],['title_description']
吉尔吉斯斯坦的天气预报,['51044'],[],merged,3,0,[],,"['4999', '4982', '61277']","[0.6039616465568542, 0.573639988899231, 0.5221830606460571]","['title_description', 'title_description', 'title_description']"
吉隆坡天气,['51044'],[],merged,1,0,[],,['4999'],[0.5635895729064941],['title_description']
吉隆坡天气,['51044'],[],merged,3,0,[],,"['4999', '4982', '62106']","[0.5635895729064941, 0.553338885307312, 0.4861071705818176]","['title_description', 'title_description', 'title_description']"
吉隆坡最近天气如何了,['51044'],[],merged,1,0,[],,['4982'],[0.5625378489494324],['title_description']
吉隆坡最近天气如何了,['51044'],[],merged,3,0,[],,"['4982', '4999', '61277']","[0.5625378489494324, 0.5603269338607788, 0.5210630893707275]","['title_description', 'title_description', 'title_description']"
吉隆坡气温,['51044'],[],merged,1,0,[],,['4999'],[0.5394247770309448],['title_description']
吉隆坡气温,['51044'],[],merged,3,0,[],,"['4999', '4982', '62106']","[0.5394247770309448, 0.5163910984992981, 0.5004404187202454]","['title_description', 'title_description', 'title_description']"
哈巴罗夫斯克的天气预报,['51044'],[],merged,1,0,[],,['4982'],[0.5906035900115967],['title_description']
哈巴罗夫斯克的天气预报,['51044'],[],merged,3,0,[],,"['4982', '4999', '61277']","[0.5906035900115967, 0.5903290510177612, 0.5364620685577393]","['title_description', 'title_description', 'title_description']"
哈萨克斯坦气温,['51044'],[],merged,1,0,[],,['4999'],[0.5536590814590454],['title_description']
哈萨克斯坦气温,['51044'],[],merged,3,0,[],,"['4999', '4982', '61277']","[0.5536590814590454, 0.510219395160675, 0.45214179158210754]","['title_description', 'title_description', 'description']"
土耳其现在气温,['51044'],[],merged,1,0,[],,['4999'],[0.6280839443206787],['title_description']
土耳其现在气温,['51044'],[],merged,3,0,[],,"['4999', '4982', '61277']","[0.6280839443206787, 0.5386475920677185, 0.5059797167778015]","['title_description', 'title_description', 'description']"
土耳其的天气预报15天查询,['51044'],[],merged,1,0,[],,['4999'],[0.6806986927986145],['description']
土耳其的天气预报15天查询,['51044'],[],merged,3,0,[],,"['4999', '4982', '61277']","[0.6806986927986145, 0.6241146326065063, 0.611967921257019]","['description', 'description', 'title_description']"
圣彼得堡天气预报,['51044'],[],merged,1,0,[],,['4982'],[0.549742579460144],['title_description']
圣彼得堡天气预报,['51044'],[],merged,3,0,[],,"['4982', '4999', '61277']","[0.549742579460144, 0.5428179502487183, 0.4779856503009796]","['title_description', 'title_description', 'title_description']"
圣荷塞天气预报,['51044'],[],merged,1,0,[],,['4982'],[0.5539489984512329],['title_description']
圣荷塞天气预报,['51044'],[],merged,3,0,[],,"['4982', '4999', '61277']","[0.5539489984512329, 0.5489475727081299, 0.4887685775756836]","['title_description', 'title_description', 'title_description']"
埃及天气预报15天,['51044'],[],merged,1,0,[],,['4999'],[0.6366342306137085],['title_description']
埃及天气预报15天,['51044'],[],merged,3,0,[],,"['4999', '4982', '61277']","[0.6366342306137085, 0.6134477257728577, 0.5897296667098999]","['title_description', 'description', 'title_description']"
埃罗天气,['51044'],[],merged,1,0,[],,['4982'],[0.641498863697052],['title_description']
埃罗天气,['51044'],[],merged,3,0,[],,"['4982', '4999', '61277']","[0.641498863697052, 0.6295490264892578, 0.597802996635437]","['title_description', 'title_description', 'title_description']"
塔什干天气预报15天查询,['51044'],[],merged,1,0,[],,['4999'],[0.6300393342971802],['description']
塔什干天气预报15天查询,['51044'],[],merged,3,0,[],,"['4999', '4982', '61277']","[0.6300393342971802, 0.6171145439147949, 0.5948911309242249]","['description', 'description', 'title_description']"
塞尔维亚天气预报15天查询,['51044'],[],merged,1,0,[],,['4999'],[0.6017298102378845],['description']
塞尔维亚天气预报15天查询,['51044'],[],merged,3,0,[],,"['4999', '4982', '61277']","[0.6017298102378845, 0.5899210572242737, 0.5709348320960999]","['description', 'description', 'title_description']"
塞尔维亚的天气预报,['51044'],[],merged,1,0,[],,['4999'],[0.6180852055549622],['title_description']
塞尔维亚的天气预报,['51044'],[],merged,3,0,[],,"['4999', '4982', '61277']","[0.6180852055549622, 0.5668519735336304, 0.5198230147361755]","['title_description', 'title_description', 'title_description']"
塞瓦斯托波尔天气,['51044'],[],merged,1,0,[],,['4999'],[0.5848220586776733],['title_description']
塞瓦斯托波尔天气,['51044'],[],merged,3,0,[],,"['4999', '4982', '61277']","[0.5848220586776733, 0.5796065926551819, 0.5095972418785095]","['title_description', 'title_description', 'title_description']"
墨西哥城的天气,['51044'],[],merged,1,0,[],,['4982'],[0.5872427225112915],['title_description']
墨西哥城的天气,['51044'],[],merged,3,0,[],,"['4982', '4999', '61277']","[0.5872427225112915, 0.575829803943634, 0.5165127515792847]","['title_description', 'title_description', 'title_description']"
夏威夷天气预报,['51044'],[],merged,1,0,[],,['4999'],[0.6054725646972656],['title_description']
夏威夷天气预报,['51044'],[],merged,3,0,[],,"['4999', '4982', '61277']","[0.6054725646972656, 0.5779824256896973, 0.5215415358543396]","['title_description', 'title_description', 'title_description']"
多伦多天气,['51044'],[],merged,1,0,[],,['4999'],[0.6218929290771484],['title_description']
多伦多天气,['51044'],[],merged,3,0,[],,"['4999', '4982', '61277']","[0.6218929290771484, 0.6172910928726196, 0.5709235072135925]","['title_description', 'title_description', 'title_description']"
大阪三十天天气预报查询,['51044'],[],merged,1,0,[],,['61277'],[0.6492906808853149],['title_description']
大阪三十天天气预报查询,['51044'],[],merged,3,0,[],,"['61277', '4982', '4999']","[0.6492906808853149, 0.6290422081947327, 0.5964608192443848]","['title_description', 'description', 'title_description']"
奥地利天气预报15天,['51044'],[],merged,1,0,[],,['4999'],[0.6296098232269287],['description']
奥地利天气预报15天,['51044'],[],merged,3,0,[],,"['4999', '4982', '61277']","[0.6296098232269287, 0.6076627969741821, 0.5746546983718872]","['description', 'description', 'title_description']"
威尼斯天气预报15天,['51044'],[],merged,1,0,[],,['4982'],[0.6173251271247864],['description']
威尼斯天气预报15天,['51044'],[],merged,3,0,[],,"['4982', '4999', '61277']","[0.6173251271247864, 0.6083347797393799, 0.5831280946731567]","['description', 'description', 'title_description']"
富国岛天气,['51044'],[],merged,1,0,[],,['4999'],[0.5650273561477661],['title_description']
富国岛天气,['51044'],[],merged,3,0,[],,"['4999', '4982', '61277']","[0.5650273561477661, 0.5230367183685303, 0.4635961055755615]","['title_description', 'title_description', 'title_description']"
尼日利亚气温,['51044'],[],merged,1,0,[],,['4999'],[0.5397961139678955],['title_description']
尼日利亚气温,['51044'],[],merged,3,0,[],,"['4999', '4982', '61277']","[0.5397961139678955, 0.47825175523757935, 0.4402514398097992]","['title_description', 'title_description', 'description']"
尼泊尔现在热吗,['51044'],[],merged,1,0,[],,['4999'],[0.4745388627052307],['title_description']
尼泊尔现在热吗,['51044'],[],merged,3,0,[],,"['4999', '4982', '5601']","[0.4745388627052307, 0.45297765731811523, 0.4469637870788574]","['title_description', 'title_description', 'title_description']"
山都天气,['51044'],[],merged,1,0,[],,['4982'],[0.5930553674697876],['title_description']
山都天气,['51044'],[],merged,3,0,[],,"['4982', '62106', '4999']","[0.5930553674697876, 0.5326144695281982, 0.53058922290802]","['title_description', 'title_description', 'title_description']"
巴威未来几天天气,['51044'],[],merged,1,0,[],,['4982'],[0.5382668972015381],['title_description']
巴威未来几天天气,['51044'],[],merged,3,0,[],,"['4982', '4999', '61277']","[0.5382668972015381, 0.5218197703361511, 0.5161026120185852]","['title_description', 'title_description', 'title_description']"
巴黎的天气预报,['51044'],[],merged,1,0,[],,['4999'],[0.6198793053627014],['title_description']
巴黎的天气预报,['51044'],[],merged,3,0,[],,"['4999', '4982', '61277']","[0.6198793053627014, 0.5886202454566956, 0.5159330368041992]","['title_description', 'title_description', 'title_description']"
布鲁塞尔的天气预报,['51044'],[],merged,1,0,[],,['4999'],[0.634186863899231],['title_description']
布鲁塞尔的天气预报,['51044'],[],merged,3,0,[],,"['4999', '4982', '61277']","[0.634186863899231, 0.588708758354187, 0.5226057171821594]","['title_description', 'title_description', 'title_description']"
帕劳温度现在多少度,['51044'],[],merged,1,0,[],,['4999'],[0.5241554379463196],['title_description']
帕劳温度现在多少度,['51044'],[],merged,3,0,[],,"['4999', '4982', '62106']","[0.5241554379463196, 0.48017001152038574, 0.4669836759567261]","['title_description', 'title_description', 'title_description']"
弗洛伦萨天气,['51044'],[],merged,1,0,[],,['4999'],[0.5831856727600098],['title_description']
弗洛伦萨天气,['51044'],[],merged,3,0,[],,"['4999', '4982', '61277']","[0.5831856727600098, 0.555250883102417, 0.5184205770492554]","['title_description', 'title_description', 'title_description']"
德国法兰克福的天气预报,['51044'],[],merged,1,0,[],,['4999'],[0.6292184591293335],['title_description']
德国法兰克福的天气预报,['51044'],[],merged,3,0,[],,"['4999', '4982', '61277']","[0.6292184591293335, 0.5696072578430176, 0.4806109666824341]","['title_description', 'title_description', 'title_description']"
德国目前温度,['51044'],[],merged,1,0,[],,['4999'],[0.5814960598945618],['title_description']
德国目前温度,['51044'],[],merged,3,0,[],,"['4999', '61277', '4982']","[0.5814960598945618, 0.4883456826210022, 0.4823441505432129]","['title_description', 'description', 'title_description']"
悉尼的天气,['51044'],[],merged,1,0,[],,['4999'],[0.5863603353500366],['title_description']
悉尼的天气,['51044'],[],merged,3,0,[],,"['4999', '4982', '61277']","[0.5863603353500366, 0.5831714272499084, 0.5012990236282349]","['title_description', 'title_description', 'title_description']"
意大利天气预报,['51044'],[],merged,1,0,[],,['4999'],[0.5727896690368652],['title_description']
意大利天气预报,['51044'],[],merged,3,0,[],,"['4999', '4982', '61277']","[0.5727896690368652, 0.5318729877471924, 0.49113303422927856]","['title_description', 'title_description', 'title_description']"
慕尼黑的天气预报15天查询,['51044'],[],merged,1,0,[],,['4999'],[0.6489853858947754],['description']
慕尼黑的天气预报15天查询,['51044'],[],merged,3,0,[],,"['4999', '61277', '4982']","[0.6489853858947754, 0.629863977432251, 0.6285319328308105]","['description', 'title_description', 'description']"
摩洛哥天气预报,['51044'],[],merged,1,0,[],,['4999'],[0.6454472541809082],['title_description']
摩洛哥天气预报,['51044'],[],merged,3,0,[],,"['4999', '4982', '61277']","[0.6454472541809082, 0.5660451054573059, 0.5324417352676392]","['title_description', 'title_description', 'title_description']"
斯里兰卡天气,['51044'],[],merged,1,0,[],,['4999'],[0.541935920715332],['title_description']
斯里兰卡天气,['51044'],[],merged,3,0,[],,"['4999', '4982', '61277']","[0.541935920715332, 0.4933442175388336, 0.43632689118385315]","['title_description', 'title_description', 'title_description']"
新加坡未来15天的天气预报,['51044'],[],merged,1,0,[],,['4999'],[0.6525781750679016],['title_description']
新加坡未来15天的天气预报,['51044'],[],merged,3,0,[],,"['4999', '4982', '61277']","[0.6525781750679016, 0.639196515083313, 0.5861876010894775]","['title_description', 'title_description', 'title_description']"
日内瓦天气预报,['51044'],[],merged,1,0,[],,['4999'],[0.6097904443740845],['title_description']
日内瓦天气预报,['51044'],[],merged,3,0,[],,"['4999', '4982', '61277']","[0.6097904443740845, 0.571731448173523, 0.5082069635391235]","['title_description', 'title_description', 'title_description']"
日本7月12日天气,['51044'],[],merged,1,0,[],,['4999'],[0.5517215728759766],['title_description']
日本7月12日天气,['51044'],[],merged,3,0,[],,"['4999', '61277', '4982']","[0.5517215728759766, 0.5327225923538208, 0.5245644450187683]","['title_description', 'title_description', 'title_description']"
日本天气预报,['51044'],[],merged,1,0,[],,['4999'],[0.6081550121307373],['title_description']
日本天气预报,['51044'],[],merged,3,0,[],,"['4999', '4982', '61277']","[0.6081550121307373, 0.5880999565124512, 0.5270094275474548]","['title_description', 'title_description', 'title_description']"
日本天气预报十五天查询,['51044'],[],merged,1,0,[],,['4999'],[0.6562408208847046],['title_description']
日本天气预报十五天查询,['51044'],[],merged,3,0,[],,"['4999', '4982', '61277']","[0.6562408208847046, 0.648086428642273, 0.6196774244308472]","['title_description', 'description', 'title_description']"
日本温度多少度,['51044'],[],merged,1,0,[],,['4999'],[0.5251438617706299],['title_description']
日本温度多少度,['51044'],[],merged,3,0,[],,"['4999', '4982', '61277']","[0.5251438617706299, 0.470725953578949, 0.4488476514816284]","['title_description', 'title_description', 'title_description']"
旧金山气温,['51044'],[],merged,1,0,[],,['4999'],[0.5823788642883301],['title_description']
旧金山气温,['51044'],[],merged,3,0,[],,"['4999', '4982', '62306']","[0.5823788642883301, 0.5517114400863647, 0.5349230170249939]","['title_description', 'title_description', 'title_description']"
曼彻斯特 天气,['51044'],[],merged,1,0,[],,['4999'],[0.5900394916534424],['title_description']
曼彻斯特 天气,['51044'],[],merged,3,0,[],,"['4999', '4982', '61277']","[0.5900394916534424, 0.5854384899139404, 0.5454280376434326]","['title_description', 'title_description', 'title_description']"
曼谷天气,['51044'],[],merged,1,0,[],,['4999'],[0.5558153390884399],['title_description']
曼谷天气,['51044'],[],merged,3,0,[],,"['4999', '4982', '61277']","[0.5558153390884399, 0.5508535504341125, 0.504834771156311]","['title_description', 'title_description', 'title_description']"
曼谷最近一周天气预报,['51044'],[],merged,1,0,[],,['4999'],[0.5814385414123535],['title_description']
曼谷最近一周天气预报,['51044'],[],merged,3,0,[],,"['4999', '61277', '4982']","[0.5814385414123535, 0.5810842514038086, 0.5734127759933472]","['title_description', 'title_description', 'title_description']"
本地15天准确天气,['51044'],[],merged,1,0,[],,['4999'],[0.7363858222961426],['description']
本地15天准确天气,['51044'],[],merged,3,0,[],,"['4999', '4982', '61277']","[0.7363858222961426, 0.732018232345581, 0.7216789722442627]","['description', 'description', 'title_description']"
柬埔寨今天气温,['51044'],[],merged,1,0,[],,['4999'],[0.5385668277740479],['title_description']
柬埔寨今天气温,['51044'],[],merged,3,0,[],,"['4999', '4982', '62306']","[0.5385668277740479, 0.5060990452766418, 0.4419844448566437]","['title_description', 'title_description', 'title_description']"
柬埔寨金边天气预报15天,['51044'],[],merged,1,0,[],,['4999'],[0.5570496916770935],['title_description']
柬埔寨金边天气预报15天,['51044'],[],merged,3,0,[],,"['4999', '4982', '61277']","[0.5570496916770935, 0.5492309331893921, 0.5122851729393005]","['title_description', 'title_description', 'title_description']"
格鲁吉亚天气预报15天查询,['51044'],[],merged,1,0,[],,['4999'],[0.6064621806144714],['description']
格鲁吉亚天气预报15天查询,['51044'],[],merged,3,0,[],,"['4999', '4982', '61277']","[0.6064621806144714, 0.595788836479187, 0.5845736861228943]","['description', 'description', 'title_description']"
桑坡天气预报,['51044'],[],merged,1,0,[],,['4982'],[0.5104923248291016],['title_description']
桑坡天气预报,['51044'],[],merged,3,0,[],,"['4982', '4999', '61277']","[0.5104923248291016, 0.464175820350647, 0.4332275390625]","['title_description', 'title_description', 'title_description']"
比利时天气预报15天查询,['51044'],[],merged,1,0,[],,['4999'],[0.649978518486023],['description']
比利时天气预报15天查询,['51044'],[],merged,3,0,[],,"['4999', '4982', '61277']","[0.649978518486023, 0.6057921051979065, 0.5804769992828369]","['description', 'description', 'title_description']"
沃夫斯堡天气,['51044'],[],merged,1,0,[],,['4999'],[0.6203639507293701],['title_description']
沃夫斯堡天气,['51044'],[],merged,3,0,[],,"['4999', '4982', '61277']","[0.6203639507293701, 0.5946868062019348, 0.5490981936454773]","['title_description', 'title_description', 'title_description']"
沃尔夫斯堡天气预报,['51044'],[],merged,1,0,[],,['4999'],[0.6097975373268127],['title_description']
沃尔夫斯堡天气预报,['51044'],[],merged,3,0,[],,"['4999', '4982', '61277']","[0.6097975373268127, 0.5878899097442627, 0.5282163619995117]","['title_description', 'title_description', 'title_description']"
法国天气预报40天查询,['51044'],[],merged,1,0,[],,['4982'],[0.6266111731529236],['description']
法国天气预报40天查询,['51044'],[],merged,3,0,[],,"['4982', '4999', '61277']","[0.6266111731529236, 0.6241025328636169, 0.5808843970298767]","['description', 'title_description', 'title_description']"
法国巴黎天气预报15天查询,['51044'],[],merged,1,0,[],,['4999'],[0.6497870087623596],['title_description']
法国巴黎天气预报15天查询,['51044'],[],merged,3,0,[],,"['4999', '4982', '61277']","[0.6497870087623596, 0.597903311252594, 0.5764417052268982]","['title_description', 'description', 'title_description']"
法国温度现在多少度,['51044'],[],merged,1,0,[],,['4999'],[0.5923281311988831],['title_description']
法国温度现在多少度,['51044'],[],merged,3,0,[],,"['4999', '4982', '61277']","[0.5923281311988831, 0.4973211884498596, 0.4735517203807831]","['title_description', 'title_description', 'title_description']"
法国都灵天气,['51044'],[],merged,1,0,[],,['4999'],[0.5918480157852173],['title_description']
法国都灵天气,['51044'],[],merged,3,0,[],,"['4999', '4982', '61277']","[0.5918480157852173, 0.5208218097686768, 0.48584920167922974]","['title_description', 'title_description', 'title_description']"
泰国40天天气预报,['51044'],[],merged,1,0,[],,['4982'],[0.5957580804824829],['description']
泰国40天天气预报,['51044'],[],merged,3,0,[],,"['4982', '4999', '61277']","[0.5957580804824829, 0.5729328393936157, 0.5547491312026978]","['description', 'title_description', 'title_description']"
泰国清迈的天气预报15天,['51044'],[],merged,1,0,[],,['4982'],[0.5845515131950378],['description']
泰国清迈的天气预报15天,['51044'],[],merged,3,0,[],,"['4982', '4999', '61277']","[0.5845515131950378, 0.5760574340820312, 0.5629973411560059]","['description', 'title_description', 'title_description']"
泰国现在温度,['51044'],[],merged,1,0,[],,['4999'],[0.5844167470932007],['title_description']
泰国现在温度,['51044'],[],merged,3,0,[],,"['4999', '4982', '61277']","[0.5844167470932007, 0.5112171769142151, 0.48289912939071655]","['title_description', 'title_description', 'title_description']"
洛杉矶的天气预报15天查询,['51044'],[],merged,1,0,[],,['4999'],[0.6366010904312134],['description']
洛杉矶的天气预报15天查询,['51044'],[],merged,3,0,[],,"['4999', '4982', '61277']","[0.6366010904312134, 0.625296413898468, 0.5995376110076904]","['description', 'description', 'title_description']"
津巴布韦天气情况,['51044'],[],merged,1,0,[],,['4999'],[0.6159924268722534],['title_description']
津巴布韦天气情况,['51044'],[],merged,3,0,[],,"['4999', '4982', '61277']","[0.6159924268722534, 0.5629062056541443, 0.5050525665283203]","['title_description', 'title_description', 'title_description']"
济州岛天气,['51044'],[],merged,1,0,[],,['4982'],[0.5993579626083374],['title_description']
济州岛天气,['51044'],[],merged,3,0,[],,"['4982', '4999', '61277']","[0.5993579626083374, 0.5891939401626587, 0.5309219360351562]","['title_description', 'title_description', 'title_description']"
海参崴天气预报,['51044'],[],merged,1,0,[],,['4982'],[0.5558375120162964],['title_description']
海参崴天气预报,['51044'],[],merged,3,0,[],,"['4982', '4999', '61277']","[0.5558375120162964, 0.5452913045883179, 0.5137084722518921]","['title_description', 'title_description', 'title_description']"
海牙今天的天气,['51044'],[],merged,1,0,[],,['4999'],[0.6201201677322388],['title_description']
海牙今天的天气,['51044'],[],merged,3,0,[],,"['4999', '4982', '61277']","[0.6201201677322388, 0.5855259895324707, 0.5505015850067139]","['title_description', 'title_description', 'title_description']"
澳大利亚现在气温,['51044'],[],merged,1,0,[],,['4999'],[0.6304929256439209],['title_description']
澳大利亚现在气温,['51044'],[],merged,3,0,[],,"['4999', '4982', '61277']","[0.6304929256439209, 0.548223078250885, 0.48812615871429443]","['title_description', 'title_description', 'title_description']"
澳洲现在的气温是多少度,['51044'],[],merged,1,0,[],,['4999'],[0.5753957629203796],['title_description']
澳洲现在的气温是多少度,['51044'],[],merged,3,0,[],,"['4999', '4982', '61277']","[0.5753957629203796, 0.5032228231430054, 0.44481801986694336]","['title_description', 'title_description', 'title_description']"
澳洲的天气预报15天,['51044'],[],merged,1,0,[],,['4999'],[0.6373650431632996],['title_description']
澳洲的天气预报15天,['51044'],[],merged,3,0,[],,"['4999', '4982', '61277']","[0.6373650431632996, 0.6245033740997314, 0.5645754337310791]","['title_description', 'description', 'title_description']"
班吉天气预报,['51044'],[],merged,1,0,[],,['4982'],[0.6037185192108154],['title_description']
班吉天气预报,['51044'],[],merged,3,0,[],,"['4982', '4999', '61277']","[0.6037185192108154, 0.5681355595588684, 0.5241032838821411]","['title_description', 'title_description', 'title_description']"
瑞士天气预报15天查询,['51044'],[],merged,1,0,[],,['4999'],[0.6263328790664673],['description']
瑞士天气预报15天查询,['51044'],[],merged,3,0,[],,"['4999', '4982', '61277']","[0.6263328790664673, 0.620417594909668, 0.5907750129699707]","['description', 'description', 'title_description']"
瑞士的温度,['51044'],[],merged,1,0,[],,['4999'],[0.5508298873901367],['title_description']
瑞士的温度,['51044'],[],merged,3,0,[],,"['4999', '4982', '62306']","[0.5508298873901367, 0.4651283025741577, 0.46038809418678284]","['title_description', 'title_description', 'title_description']"
白滨天气预报,['51044'],[],merged,1,0,[],,['4982'],[0.5616551637649536],['title_description']
白滨天气预报,['51044'],[],merged,3,0,[],,"['4982', '4999', '61277']","[0.5616551637649536, 0.5202355980873108, 0.5070720911026001]","['title_description', 'title_description', 'title_description']"
纽约的天气预报,['51044'],[],merged,1,0,[],,['4982'],[0.6373543739318848],['title_description']
纽约的天气预报,['51044'],[],merged,3,0,[],,"['4982', '4999', '61277']","[0.6373543739318848, 0.6101985573768616, 0.5205763578414917]","['title_description', 'title_description', 'title_description']"
罗马气温,['51044'],[],merged,1,0,[],,['4999'],[0.5641782879829407],['description']
罗马气温,['51044'],[],merged,3,0,[],,"['4999', '62306', '62106']","[0.5641782879829407, 0.5343666076660156, 0.5220868587493896]","['description', 'title_description', 'description']"
美国下雨了吗,['51044'],[],merged,1,0,[],,['4999'],[0.5129144191741943],['title_description']
美国下雨了吗,['51044'],[],merged,3,0,[],,"['4999', '4982', '62106']","[0.5129144191741943, 0.49238574504852295, 0.4445990324020386]","['title_description', 'title_description', 'title_description']"
美国加州天气预报,['51044'],[],merged,1,0,[],,['4999'],[0.6001325845718384],['title_description']
美国加州天气预报,['51044'],[],merged,3,0,[],,"['4999', '4982', '61277']","[0.6001325845718384, 0.5735156536102295, 0.4773569703102112]","['title_description', 'title_description', 'title_description']"
美国现在天气,['51044'],[],merged,1,0,[],,['4999'],[0.6668500900268555],['title_description']
美国现在天气,['51044'],[],merged,3,0,[],,"['4999', '4982', '61277']","[0.6668500900268555, 0.6097155809402466, 0.5332553386688232]","['title_description', 'title_description', 'title_description']"
老挝天气预报,['51044'],[],merged,1,0,[],,['4999'],[0.5643725395202637],['title_description']
老挝天气预报,['51044'],[],merged,3,0,[],,"['4999', '4982', '61277']","[0.5643725395202637, 0.5185004472732544, 0.4852229356765747]","['title_description', 'title_description', 'title_description']"
胡志明天气,['51044'],[],merged,1,0,[],,['4982'],[0.5253307819366455],['title_description']
胡志明天气,['51044'],[],merged,3,0,[],,"['4982', '4999', '61277']","[0.5253307819366455, 0.5195702910423279, 0.4967292249202728]","['title_description', 'description', 'title_description']"
芭提雅天气,['51044'],[],merged,1,0,[],,['4999'],[0.5573737025260925],['title_description']
芭提雅天气,['51044'],[],merged,3,0,[],,"['4999', '4982', '61277']","[0.5573737025260925, 0.5416619777679443, 0.4794458746910095]","['title_description', 'title_description', 'title_description']"
英国各地天气预报,['51044'],[],merged,1,0,[],,['4999'],[0.6583807468414307],['title_description']
英国各地天气预报,['51044'],[],merged,3,0,[],,"['4999', '4982', '61277']","[0.6583807468414307, 0.5907869338989258, 0.5167242884635925]","['title_description', 'title_description', 'title_description']"
英国温度现在多少度,['51044'],[],merged,1,0,[],,['4999'],[0.5779247283935547],['title_description']
英国温度现在多少度,['51044'],[],merged,3,0,[],,"['4999', '4982', '61277']","[0.5779247283935547, 0.4794030785560608, 0.4496525228023529]","['title_description', 'title_description', 'title_description']"
菲律宾现在的天气预报,['51044'],[],merged,1,0,[],,['4999'],[0.6273744106292725],['title_description']
菲律宾现在的天气预报,['51044'],[],merged,3,0,[],,"['4999', '4982', '61277']","[0.6273744106292725, 0.5814283490180969, 0.5230449438095093]","['title_description', 'title_description', 'title_description']"
葡萄牙的天气预报,['51044'],[],merged,1,0,[],,['4999'],[0.6278608441352844],['title_description']
葡萄牙的天气预报,['51044'],[],merged,3,0,[],,"['4999', '4982', '61277']","[0.6278608441352844, 0.5670706033706665, 0.5128670930862427]","['title_description', 'title_description', 'title_description']"
西北地区最近几天天气如何,['51044'],[],merged,1,0,[],,['4982'],[0.62542724609375],['title_description']
西北地区最近几天天气如何,['51044'],[],merged,3,0,[],,"['4982', '4999', '61277']","[0.62542724609375, 0.5967345237731934, 0.5807331800460815]","['title_description', 'title_description', 'title_description']"
西班牙天气预报,['51044'],[],merged,1,0,[],,['4999'],[0.6014297008514404],['title_description']
西班牙天气预报,['51044'],[],merged,3,0,[],,"['4999', '4982', '61277']","[0.6014297008514404, 0.5455119013786316, 0.49234241247177124]","['title_description', 'title_description', 'title_description']"
越南天气预报15天查询,['51044'],[],merged,1,0,[],,['4999'],[0.602413535118103],['description']
越南天气预报15天查询,['51044'],[],merged,3,0,[],,"['4999', '4982', '61277']","[0.602413535118103, 0.6022433638572693, 0.5898742079734802]","['description', 'description', 'title_description']"
越南河内天气预报,['51044'],[],merged,1,0,[],,['4999'],[0.5812609195709229],['title_description']
越南河内天气预报,['51044'],[],merged,3,0,[],,"['4999', '4982', '61277']","[0.5812609195709229, 0.5648252964019775, 0.5064562559127808]","['title_description', 'title_description', 'title_description']"
越南现在的温度是多少,['51044'],[],merged,1,0,[],,['4999'],[0.5454987287521362],['title_description']
越南现在的温度是多少,['51044'],[],merged,3,0,[],,"['4999', '4982', '61277']","[0.5454987287521362, 0.5019789934158325, 0.476140558719635]","['title_description', 'title_description', 'title_description']"
越南芒街天气预报,['51044'],[],merged,1,0,[],,['4999'],[0.5036911964416504],['title_description']
越南芒街天气预报,['51044'],[],merged,3,0,[],,"['4999', '4982', '61277']","[0.5036911964416504, 0.49289533495903015, 0.4661739766597748]","['title_description', 'title_description', 'title_description']"
迈阿密天气预报15天查询,['51044'],[],merged,1,0,[],,['4982'],[0.6361018419265747],['description']
迈阿密天气预报15天查询,['51044'],[],merged,3,0,[],,"['4982', '61277', '4999']","[0.6361018419265747, 0.6219345331192017, 0.6189682483673096]","['description', 'title_description', 'description']"
邦达天气,['51044'],[],merged,1,0,[],,['4982'],[0.5856481790542603],['title_description']
邦达天气,['51044'],[],merged,3,0,[],,"['4982', '4999', '61277']","[0.5856481790542603, 0.5306722521781921, 0.5085980296134949]","['title_description', 'title_description', 'title_description']"
阿加尼亚天气,['51044'],[],merged,1,0,[],,['4999'],[0.5785115957260132],['title_description']
阿加尼亚天气,['51044'],[],merged,3,0,[],,"['4999', '4982', '61277']","[0.5785115957260132, 0.5613628625869751, 0.5209686160087585]","['title_description', 'title_description', 'title_description']"
阿布扎比天气预报15天查询,['51044'],[],merged,1,0,[],,['4982'],[0.6175154447555542],['description']
阿布扎比天气预报15天查询,['51044'],[],merged,3,0,[],,"['4982', '4999', '61277']","[0.6175154447555542, 0.6079299449920654, 0.5832198858261108]","['description', 'title_description', 'title_description']"
阿赛拜疆天气,['51044'],[],merged,1,0,[],,['4999'],[0.6078317165374756],['title_description']
阿赛拜疆天气,['51044'],[],merged,3,0,[],,"['4999', '4982', '61277']","[0.6078317165374756, 0.5600537061691284, 0.5124344229698181]","['title_description', 'title_description', 'title_description']"
韩国浦项天气预报,['51044'],[],merged,1,0,[],,['4999'],[0.5708627700805664],['title_description']
韩国浦项天气预报,['51044'],[],merged,3,0,[],,"['4999', '4982', '61277']","[0.5708627700805664, 0.5571284890174866, 0.47536730766296387]","['title_description', 'title_description', 'title_description']"
韩国现在温度,['51044'],[],merged,1,0,[],,['4999'],[0.5807937383651733],['title_description']
韩国现在温度,['51044'],[],merged,3,0,[],,"['4999', '4982', '61277']","[0.5807937383651733, 0.5044362545013428, 0.4607408046722412]","['title_description', 'title_description', 'title_description']"
韩国的天气预报15天查询,['51044'],[],merged,1,0,[],,['4999'],[0.6270048022270203],['title_description']
韩国的天气预报15天查询,['51044'],[],merged,3,0,[],,"['4999', '4982', '61277']","[0.6270048022270203, 0.6058646440505981, 0.5742908120155334]","['title_description', 'description', 'title_description']"
韩国首尔天气预报,['51044'],[],merged,1,0,[],,['4999'],[0.6008430123329163],['title_description']
韩国首尔天气预报,['51044'],[],merged,3,0,[],,"['4999', '4982', '61277']","[0.6008430123329163, 0.5812132358551025, 0.48104843497276306]","['title_description', 'title_description', 'title_description']"
马尔代夫天气,['51044'],[],merged,1,0,[],,['4999'],[0.5650060176849365],['title_description']
马尔代夫天气,['51044'],[],merged,3,0,[],,"['4999', '4982', '61277']","[0.5650060176849365, 0.5286425352096558, 0.5095241665840149]","['title_description', 'title_description', 'title_description']"
马来西亚温度现在多少,['51044'],[],merged,1,0,[],,['4999'],[0.5468356013298035],['title_description']
马来西亚温度现在多少,['51044'],[],merged,3,0,[],,"['4999', '61277', '4982']","[0.5468356013298035, 0.4867921471595764, 0.48509690165519714]","['title_description', 'title_description', 'title_description']"
马来西亚的天气,['51044'],[],merged,1,0,[],,['4999'],[0.550066351890564],['title_description']
马来西亚的天气,['51044'],[],merged,3,0,[],,"['4999', '4982', '61277']","[0.550066351890564, 0.5121221542358398, 0.4724118411540985]","['title_description', 'title_description', 'title_description']"
马赛气温,['51044'],[],merged,1,0,[],,['4999'],[0.5351901054382324],['description']
马赛气温,['51044'],[],merged,3,0,[],,"['4999', '61277', '62306']","[0.5351901054382324, 0.4850437045097351, 0.48127564787864685]","['description', 'description', 'title_description']"
马马天气,['51044'],[],merged,1,0,[],,['4982'],[0.6528656482696533],['title_description']
马马天气,['51044'],[],merged,3,0,[],,"['4982', '61277', '4999']","[0.6528656482696533, 0.6365196704864502, 0.6027871966362]","['title_description', 'title_description', 'title_description']"
东京 天气,['51044'],[],title_description,1,0,[],,['4982'],[0.6287365555763245],['title_description']
东京 天气,['51044'],[],title_description,3,0,[],,"['4982', '4999', '61277']","[0.6287365555763245, 0.6240596771240234, 0.5752204656600952]","['title_description', 'title_description', 'title_description']"
东京现在温度多少,['51044'],[],title_description,1,0,[],,['4999'],[0.5572617053985596],['title_description']
东京现在温度多少,['51044'],[],title_description,3,0,[],,"['4999', '4982', '61277']","[0.5572617053985596, 0.5252689719200134, 0.48218148946762085]","['title_description', 'title_description', 'title_description']"
东京的气温,['51044'],[],title_description,1,0,[],,['4999'],[0.5415024757385254],['title_description']
东京的气温,['51044'],[],title_description,3,0,[],,"['4999', '4982', '62306']","[0.5415024757385254, 0.52611243724823, 0.5113741159439087]","['title_description', 'title_description', 'title_description']"
乌兰巴托天气,['51044'],[],title_description,1,0,[],,['4999'],[0.5654236078262329],['title_description']
乌兰巴托天气,['51044'],[],title_description,3,0,[],,"['4999', '4982', '61277']","[0.5654236078262329, 0.5627210736274719, 0.49846816062927246]","['title_description', 'title_description', 'title_description']"
亚美尼亚天气预报15天,['51044'],[],title_description,1,0,[],,['4999'],[0.5725492238998413],['title_description']
亚美尼亚天气预报15天,['51044'],[],title_description,3,0,[],,"['4999', '4982', '61277']","[0.5725492238998413, 0.5356197953224182, 0.5275672078132629]","['title_description', 'title_description', 'title_description']"
今天法国巴黎温度是多少,['51044'],[],title_description,1,0,[],,['4999'],[0.6036088466644287],['title_description']
今天法国巴黎温度是多少,['51044'],[],title_description,3,0,[],,"['4999', '4982', '61277']","[0.6036088466644287, 0.5140895843505859, 0.47124800086021423]","['title_description', 'title_description', 'title_description']"
伦敦天气40天,['51044'],[],title_description,1,0,[],,['4982'],[0.4938693046569824],['title_description']
伦敦天气40天,['51044'],[],title_description,3,0,[],,"['4982', '4999', '61277']","[0.4938693046569824, 0.4895555377006531, 0.44748276472091675]","['title_description', 'title_description', 'title_description']"
伦敦天气预报一周7天查询,['51044'],[],title_description,1,0,[],,['4999'],[0.627543568611145],['title_description']
伦敦天气预报一周7天查询,['51044'],[],title_description,3,0,[],,"['4999', '4982', '61277']","[0.627543568611145, 0.5996790528297424, 0.5935380458831787]","['title_description', 'title_description', 'title_description']"
伦敦气温现在是多少度,['51044'],[],title_description,1,0,[],,['4999'],[0.5891867876052856],['title_description']
伦敦气温现在是多少度,['51044'],[],title_description,3,0,[],,"['4999', '4982', '62306']","[0.5891867876052856, 0.527956485748291, 0.4558085799217224]","['title_description', 'title_description', 'title_description']"
伦敦的天气,['51044'],[],title_description,1,0,[],,['4999'],[0.5856558084487915],['title_description']
伦敦的天气,['51044'],[],title_description,3,0,[],,"['4999', '4982', '61277']","[0.5856558084487915, 0.5636757016181946, 0.4837053120136261]","['title_description', 'title_description', 'title_description']"
伦敦的天气预报30天查询,['51044'],[],title_description,1,0,[],,['61277'],[0.6007913947105408],['title_description']
伦敦的天气预报30天查询,['51044'],[],title_description,3,0,[],,"['61277', '4999', '4982']","[0.6007913947105408, 0.5905698537826538, 0.558648943901062]","['title_description', 'title_description', 'title_description']"
伯明翰的天气预报,['51044'],[],title_description,1,0,[],,['4999'],[0.6007789373397827],['title_description']
伯明翰的天气预报,['51044'],[],title_description,3,0,[],,"['4999', '4982', '61277']","[0.6007789373397827, 0.5972741842269897, 0.5189584493637085]","['title_description', 'title_description', 'title_description']"
俄罗斯亚马尔现在气温多少度,['51044'],[],title_description,1,0,[],,['4999'],[0.4949689209461212],['title_description']
俄罗斯亚马尔现在气温多少度,['51044'],[],title_description,3,0,[],,"['4999', '4982', '61277']","[0.4949689209461212, 0.44395363330841064, 0.39215123653411865]","['title_description', 'title_description', 'title_description']"
俄罗斯天气预报,['51044'],[],title_description,1,0,[],,['4999'],[0.6026867628097534],['title_description']
俄罗斯天气预报,['51044'],[],title_description,3,0,[],,"['4999', '4982', '61277']","[0.6026867628097534, 0.5629452466964722, 0.509929358959198]","['title_description', 'title_description', 'title_description']"
俄罗斯最低温度,['51044'],[],title_description,1,0,[],,['4999'],[0.473297655582428],['title_description']
俄罗斯最低温度,['51044'],[],title_description,3,0,[],,"['4999', '4982', '62306']","[0.473297655582428, 0.4102519154548645, 0.40179207921028137]","['title_description', 'title_description', 'title_description']"
俄罗斯现在温度多少,['51044'],[],title_description,1,0,[],,['4999'],[0.5484969615936279],['title_description']
俄罗斯现在温度多少,['51044'],[],title_description,3,0,[],,"['4999', '4982', '61277']","[0.5484969615936279, 0.48083147406578064, 0.44124674797058105]","['title_description', 'title_description', 'title_description']"
冰岛天气,['51044'],[],title_description,1,0,[],,['4999'],[0.6216535568237305],['title_description']
冰岛天气,['51044'],[],title_description,3,0,[],,"['4999', '4982', '61277']","[0.6216535568237305, 0.5684616565704346, 0.4930572211742401]","['title_description', 'title_description', 'title_description']"
几内亚温度,['51044'],[],title_description,1,0,[],,['4999'],[0.4834415912628174],['title_description']
几内亚温度,['51044'],[],title_description,3,0,[],,"['4999', '4982', '62106']","[0.4834415912628174, 0.4182802438735962, 0.4149554371833801]","['title_description', 'title_description', 'title_description']"
加拿大天气预报,['51044'],[],title_description,1,0,[],,['4999'],[0.635229229927063],['title_description']
加拿大天气预报,['51044'],[],title_description,3,0,[],,"['4999', '4982', '61277']","[0.635229229927063, 0.6040968894958496, 0.4979732632637024]","['title_description', 'title_description', 'title_description']"
加拿大的天气预报15天查询,['51044'],[],title_description,1,0,[],,['4999'],[0.6657904386520386],['title_description']
加拿大的天气预报15天查询,['51044'],[],title_description,3,0,[],,"['4999', '4982', '61277']","[0.6657904386520386, 0.6237643361091614, 0.6040617227554321]","['title_description', 'title_description', 'title_description']"
华沙天气30天,['51044'],[],title_description,1,0,[],,['61277'],[0.551567792892456],['title_description']
华沙天气30天,['51044'],[],title_description,3,0,[],,"['61277', '4999', '4982']","[0.551567792892456, 0.5201495885848999, 0.5163679122924805]","['title_description', 'title_description', 'title_description']"
华盛顿温度多少度,['51044'],[],title_description,1,0,[],,['4999'],[0.5510027408599854],['title_description']
华盛顿温度多少度,['51044'],[],title_description,3,0,[],,"['4999', '4982', '61277']","[0.5510027408599854, 0.5224964618682861, 0.47064340114593506]","['title_description', 'title_description', 'title_description']"
印度天气预报,['51044'],[],title_description,1,0,[],,['4999'],[0.6112877130508423],['title_description']
印度天气预报,['51044'],[],title_description,3,0,[],,"['4999', '4982', '61277']","[0.6112877130508423, 0.5606207847595215, 0.51060551404953]","['title_description', 'title_description', 'title_description']"
印度最高温多少度了,['51044'],[],title_description,1,0,[],,['4999'],[0.4706728160381317],['title_description']
印度最高温多少度了,['51044'],[],title_description,3,0,[],,"['4999', '61277', '4982']","[0.4706728160381317, 0.42964011430740356, 0.41759151220321655]","['title_description', 'title_description', 'title_description']"
印度现在温度多少,['51044'],[],title_description,1,0,[],,['4999'],[0.539942741394043],['title_description']
印度现在温度多少,['51044'],[],title_description,3,0,[],,"['4999', '4982', '61277']","[0.539942741394043, 0.47174784541130066, 0.43780073523521423]","['title_description', 'title_description', 'title_description']"
厄瓜多尔天气,['51044'],[],title_description,1,0,[],,['4999'],[0.5605374574661255],['title_description']
厄瓜多尔天气,['51044'],[],title_description,3,0,[],,"['4999', '4982', '61277']","[0.5605374574661255, 0.5112457275390625, 0.45068204402923584]","['title_description', 'title_description', 'title_description']"
吉尔吉斯斯坦的天气预报,['51044'],[],title_description,1,0,[],,['4999'],[0.6039616465568542],['title_description']
吉尔吉斯斯坦的天气预报,['51044'],[],title_description,3,0,[],,"['4999', '4982', '61277']","[0.6039616465568542, 0.573639988899231, 0.5221830606460571]","['title_description', 'title_description', 'title_description']"
吉隆坡天气,['51044'],[],title_description,1,0,[],,['4999'],[0.5635895729064941],['title_description']
吉隆坡天气,['51044'],[],title_description,3,0,[],,"['4999', '4982', '62106']","[0.5635895729064941, 0.553338885307312, 0.4861071705818176]","['title_description', 'title_description', 'title_description']"
吉隆坡最近天气如何了,['51044'],[],title_description,1,0,[],,['4982'],[0.5625378489494324],['title_description']
吉隆坡最近天气如何了,['51044'],[],title_description,3,0,[],,"['4982', '4999', '61277']","[0.5625378489494324, 0.5603269338607788, 0.5210630893707275]","['title_description', 'title_description', 'title_description']"
吉隆坡气温,['51044'],[],title_description,1,0,[],,['4999'],[0.5394247770309448],['title_description']
吉隆坡气温,['51044'],[],title_description,3,0,[],,"['4999', '4982', '62106']","[0.5394247770309448, 0.5163910984992981, 0.5004404187202454]","['title_description', 'title_description', 'title_description']"
哈巴罗夫斯克的天气预报,['51044'],[],title_description,1,0,[],,['4982'],[0.5906035900115967],['title_description']
哈巴罗夫斯克的天气预报,['51044'],[],title_description,3,0,[],,"['4982', '4999', '61277']","[0.5906035900115967, 0.5903290510177612, 0.5364620685577393]","['title_description', 'title_description', 'title_description']"
哈萨克斯坦气温,['51044'],[],title_description,1,0,[],,['4999'],[0.5536590814590454],['title_description']
哈萨克斯坦气温,['51044'],[],title_description,3,0,[],,"['4999', '4982', '61277']","[0.5536590814590454, 0.510219395160675, 0.4495617747306824]","['title_description', 'title_description', 'title_description']"
土耳其现在气温,['51044'],[],title_description,1,0,[],,['4999'],[0.6280839443206787],['title_description']
土耳其现在气温,['51044'],[],title_description,3,0,[],,"['4999', '4982', '61277']","[0.6280839443206787, 0.5386475920677185, 0.5018999576568604]","['title_description', 'title_description', 'title_description']"
土耳其的天气预报15天查询,['51044'],[],title_description,1,0,[],,['4999'],[0.6572179794311523],['title_description']
土耳其的天气预报15天查询,['51044'],[],title_description,3,0,[],,"['4999', '61277', '4982']","[0.6572179794311523, 0.611967921257019, 0.5920423269271851]","['title_description', 'title_description', 'title_description']"
圣彼得堡天气预报,['51044'],[],title_description,1,0,[],,['4982'],[0.549742579460144],['title_description']
圣彼得堡天气预报,['51044'],[],title_description,3,0,[],,"['4982', '4999', '61277']","[0.549742579460144, 0.5428179502487183, 0.4779856503009796]","['title_description', 'title_description', 'title_description']"
圣荷塞天气预报,['51044'],[],title_description,1,0,[],,['4982'],[0.5539489984512329],['title_description']
圣荷塞天气预报,['51044'],[],title_description,3,0,[],,"['4982', '4999', '61277']","[0.5539489984512329, 0.5489475727081299, 0.4887685775756836]","['title_description', 'title_description', 'title_description']"
埃及天气预报15天,['51044'],[],title_description,1,0,[],,['4999'],[0.6366342306137085],['title_description']
埃及天气预报15天,['51044'],[],title_description,3,0,[],,"['4999', '4982', '61277']","[0.6366342306137085, 0.5945888161659241, 0.5897296667098999]","['title_description', 'title_description', 'title_description']"
埃罗天气,['51044'],[],title_description,1,0,[],,['4982'],[0.641498863697052],['title_description']
埃罗天气,['51044'],[],title_description,3,0,[],,"['4982', '4999', '61277']","[0.641498863697052, 0.6295490264892578, 0.597802996635437]","['title_description', 'title_description', 'title_description']"
塔什干天气预报15天查询,['51044'],[],title_description,1,0,[],,['61277'],[0.5948911309242249],['title_description']
塔什干天气预报15天查询,['51044'],[],title_description,3,0,[],,"['61277', '4999', '4982']","[0.5948911309242249, 0.5948859453201294, 0.5830286741256714]","['title_description', 'title_description', 'title_description']"
塞尔维亚天气预报15天查询,['51044'],[],title_description,1,0,[],,['4999'],[0.5988244414329529],['title_description']
塞尔维亚天气预报15天查询,['51044'],[],title_description,3,0,[],,"['4999', '61277', '4982']","[0.5988244414329529, 0.5709348320960999, 0.5562990307807922]","['title_description', 'title_description', 'title_description']"
塞尔维亚的天气预报,['51044'],[],title_description,1,0,[],,['4999'],[0.6180852055549622],['title_description']
塞尔维亚的天气预报,['51044'],[],title_description,3,0,[],,"['4999', '4982', '61277']","[0.6180852055549622, 0.5668519735336304, 0.5198230147361755]","['title_description', 'title_description', 'title_description']"
塞瓦斯托波尔天气,['51044'],[],title_description,1,0,[],,['4999'],[0.5848220586776733],['title_description']
塞瓦斯托波尔天气,['51044'],[],title_description,3,0,[],,"['4999', '4982', '61277']","[0.5848220586776733, 0.5796065926551819, 0.5095972418785095]","['title_description', 'title_description', 'title_description']"
墨西哥城的天气,['51044'],[],title_description,1,0,[],,['4982'],[0.5872427225112915],['title_description']
墨西哥城的天气,['51044'],[],title_description,3,0,[],,"['4982', '4999', '61277']","[0.5872427225112915, 0.575829803943634, 0.5165127515792847]","['title_description', 'title_description', 'title_description']"
夏威夷天气预报,['51044'],[],title_description,1,0,[],,['4999'],[0.6054725646972656],['title_description']
夏威夷天气预报,['51044'],[],title_description,3,0,[],,"['4999', '4982', '61277']","[0.6054725646972656, 0.5779824256896973, 0.5215415358543396]","['title_description', 'title_description', 'title_description']"
多伦多天气,['51044'],[],title_description,1,0,[],,['4999'],[0.6218929290771484],['title_description']
多伦多天气,['51044'],[],title_description,3,0,[],,"['4999', '4982', '61277']","[0.6218929290771484, 0.6172910928726196, 0.5709235072135925]","['title_description', 'title_description', 'title_description']"
大阪三十天天气预报查询,['51044'],[],title_description,1,0,[],,['61277'],[0.6492906808853149],['title_description']
大阪三十天天气预报查询,['51044'],[],title_description,3,0,[],,"['61277', '4982', '4999']","[0.6492906808853149, 0.6210614442825317, 0.5964608192443848]","['title_description', 'title_description', 'title_description']"
奥地利天气预报15天,['51044'],[],title_description,1,0,[],,['4999'],[0.620404839515686],['title_description']
奥地利天气预报15天,['51044'],[],title_description,3,0,[],,"['4999', '61277', '4982']","[0.620404839515686, 0.5746546983718872, 0.5524610280990601]","['title_description', 'title_description', 'title_description']"
威尼斯天气预报15天,['51044'],[],title_description,1,0,[],,['4999'],[0.5870586633682251],['title_description']
威尼斯天气预报15天,['51044'],[],title_description,3,0,[],,"['4999', '61277', '4982']","[0.5870586633682251, 0.5831280946731567, 0.5798728466033936]","['title_description', 'title_description', 'title_description']"
富国岛天气,['51044'],[],title_description,1,0,[],,['4999'],[0.5650273561477661],['title_description']
富国岛天气,['51044'],[],title_description,3,0,[],,"['4999', '4982', '61277']","[0.5650273561477661, 0.5230367183685303, 0.4635961055755615]","['title_description', 'title_description', 'title_description']"
尼日利亚气温,['51044'],[],title_description,1,0,[],,['4999'],[0.5397961139678955],['title_description']
尼日利亚气温,['51044'],[],title_description,3,0,[],,"['4999', '4982', '61277']","[0.5397961139678955, 0.47825175523757935, 0.43177878856658936]","['title_description', 'title_description', 'title_description']"
尼泊尔现在热吗,['51044'],[],title_description,1,0,[],,['4999'],[0.4745388627052307],['title_description']
尼泊尔现在热吗,['51044'],[],title_description,3,0,[],,"['4999', '4982', '5601']","[0.4745388627052307, 0.45297765731811523, 0.4469637870788574]","['title_description', 'title_description', 'title_description']"
山都天气,['51044'],[],title_description,1,0,[],,['4982'],[0.5930553674697876],['title_description']
山都天气,['51044'],[],title_description,3,0,[],,"['4982', '62106', '4999']","[0.5930553674697876, 0.5326144695281982, 0.53058922290802]","['title_description', 'title_description', 'title_description']"
巴威未来几天天气,['51044'],[],title_description,1,0,[],,['4982'],[0.5382668972015381],['title_description']
巴威未来几天天气,['51044'],[],title_description,3,0,[],,"['4982', '4999', '61277']","[0.5382668972015381, 0.5218197703361511, 0.5161026120185852]","['title_description', 'title_description', 'title_description']"
巴黎的天气预报,['51044'],[],title_description,1,0,[],,['4999'],[0.6198793053627014],['title_description']
巴黎的天气预报,['51044'],[],title_description,3,0,[],,"['4999', '4982', '61277']","[0.6198793053627014, 0.5886202454566956, 0.5159330368041992]","['title_description', 'title_description', 'title_description']"
布鲁塞尔的天气预报,['51044'],[],title_description,1,0,[],,['4999'],[0.634186863899231],['title_description']
布鲁塞尔的天气预报,['51044'],[],title_description,3,0,[],,"['4999', '4982', '61277']","[0.634186863899231, 0.588708758354187, 0.5226057171821594]","['title_description', 'title_description', 'title_description']"
帕劳温度现在多少度,['51044'],[],title_description,1,0,[],,['4999'],[0.5241554379463196],['title_description']
帕劳温度现在多少度,['51044'],[],title_description,3,0,[],,"['4999', '4982', '62106']","[0.5241554379463196, 0.48017001152038574, 0.4669836759567261]","['title_description', 'title_description', 'title_description']"
弗洛伦萨天气,['51044'],[],title_description,1,0,[],,['4999'],[0.5831856727600098],['title_description']
弗洛伦萨天气,['51044'],[],title_description,3,0,[],,"['4999', '4982', '61277']","[0.5831856727600098, 0.555250883102417, 0.5184205770492554]","['title_description', 'title_description', 'title_description']"
德国法兰克福的天气预报,['51044'],[],title_description,1,0,[],,['4999'],[0.6292184591293335],['title_description']
德国法兰克福的天气预报,['51044'],[],title_description,3,0,[],,"['4999', '4982', '61277']","[0.6292184591293335, 0.5696072578430176, 0.4806109666824341]","['title_description', 'title_description', 'title_description']"
德国目前温度,['51044'],[],title_description,1,0,[],,['4999'],[0.5814960598945618],['title_description']
德国目前温度,['51044'],[],title_description,3,0,[],,"['4999', '4982', '61277']","[0.5814960598945618, 0.4823441505432129, 0.47692441940307617]","['title_description', 'title_description', 'title_description']"
悉尼的天气,['51044'],[],title_description,1,0,[],,['4999'],[0.5863603353500366],['title_description']
悉尼的天气,['51044'],[],title_description,3,0,[],,"['4999', '4982', '61277']","[0.5863603353500366, 0.5831714272499084, 0.5012990236282349]","['title_description', 'title_description', 'title_description']"
意大利天气预报,['51044'],[],title_description,1,0,[],,['4999'],[0.5727896690368652],['title_description']
意大利天气预报,['51044'],[],title_description,3,0,[],,"['4999', '4982', '61277']","[0.5727896690368652, 0.5318729877471924, 0.49113303422927856]","['title_description', 'title_description', 'title_description']"
慕尼黑的天气预报15天查询,['51044'],[],title_description,1,0,[],,['61277'],[0.629863977432251],['title_description']
慕尼黑的天气预报15天查询,['51044'],[],title_description,3,0,[],,"['61277', '4999', '4982']","[0.629863977432251, 0.6068588495254517, 0.5806092619895935]","['title_description', 'title_description', 'title_description']"
摩洛哥天气预报,['51044'],[],title_description,1,0,[],,['4999'],[0.6454472541809082],['title_description']
摩洛哥天气预报,['51044'],[],title_description,3,0,[],,"['4999', '4982', '61277']","[0.6454472541809082, 0.5660451054573059, 0.5324417352676392]","['title_description', 'title_description', 'title_description']"
斯里兰卡天气,['51044'],[],title_description,1,0,[],,['4999'],[0.541935920715332],['title_description']
斯里兰卡天气,['51044'],[],title_description,3,0,[],,"['4999', '4982', '61277']","[0.541935920715332, 0.4933442175388336, 0.43632689118385315]","['title_description', 'title_description', 'title_description']"
新加坡未来15天的天气预报,['51044'],[],title_description,1,0,[],,['4999'],[0.6525781750679016],['title_description']
新加坡未来15天的天气预报,['51044'],[],title_description,3,0,[],,"['4999', '4982', '61277']","[0.6525781750679016, 0.639196515083313, 0.5861876010894775]","['title_description', 'title_description', 'title_description']"
日内瓦天气预报,['51044'],[],title_description,1,0,[],,['4999'],[0.6097904443740845],['title_description']
日内瓦天气预报,['51044'],[],title_description,3,0,[],,"['4999', '4982', '61277']","[0.6097904443740845, 0.571731448173523, 0.5082069635391235]","['title_description', 'title_description', 'title_description']"
日本7月12日天气,['51044'],[],title_description,1,0,[],,['4999'],[0.5517215728759766],['title_description']
日本7月12日天气,['51044'],[],title_description,3,0,[],,"['4999', '61277', '4982']","[0.5517215728759766, 0.5327225923538208, 0.5245644450187683]","['title_description', 'title_description', 'title_description']"
日本天气预报,['51044'],[],title_description,1,0,[],,['4999'],[0.6081550121307373],['title_description']
日本天气预报,['51044'],[],title_description,3,0,[],,"['4999', '4982', '61277']","[0.6081550121307373, 0.5880999565124512, 0.5270094275474548]","['title_description', 'title_description', 'title_description']"
日本天气预报十五天查询,['51044'],[],title_description,1,0,[],,['4999'],[0.6562408208847046],['title_description']
日本天气预报十五天查询,['51044'],[],title_description,3,0,[],,"['4999', '4982', '61277']","[0.6562408208847046, 0.6197466850280762, 0.6196774244308472]","['title_description', 'title_description', 'title_description']"
日本温度多少度,['51044'],[],title_description,1,0,[],,['4999'],[0.5251438617706299],['title_description']
日本温度多少度,['51044'],[],title_description,3,0,[],,"['4999', '4982', '61277']","[0.5251438617706299, 0.470725953578949, 0.4488476514816284]","['title_description', 'title_description', 'title_description']"
旧金山气温,['51044'],[],title_description,1,0,[],,['4999'],[0.5823788642883301],['title_description']
旧金山气温,['51044'],[],title_description,3,0,[],,"['4999', '4982', '62306']","[0.5823788642883301, 0.5517114400863647, 0.5349230170249939]","['title_description', 'title_description', 'title_description']"
曼彻斯特 天气,['51044'],[],title_description,1,0,[],,['4999'],[0.5900394916534424],['title_description']
曼彻斯特 天气,['51044'],[],title_description,3,0,[],,"['4999', '4982', '61277']","[0.5900394916534424, 0.5854384899139404, 0.5454280376434326]","['title_description', 'title_description', 'title_description']"
曼谷天气,['51044'],[],title_description,1,0,[],,['4999'],[0.5558153390884399],['title_description']
曼谷天气,['51044'],[],title_description,3,0,[],,"['4999', '4982', '61277']","[0.5558153390884399, 0.5508535504341125, 0.504834771156311]","['title_description', 'title_description', 'title_description']"
曼谷最近一周天气预报,['51044'],[],title_description,1,0,[],,['4999'],[0.5814385414123535],['title_description']
曼谷最近一周天气预报,['51044'],[],title_description,3,0,[],,"['4999', '61277', '4982']","[0.5814385414123535, 0.5810842514038086, 0.5734127759933472]","['title_description', 'title_description', 'title_description']"
本地15天准确天气,['51044'],[],title_description,1,0,[],,['61277'],[0.7216789722442627],['title_description']
本地15天准确天气,['51044'],[],title_description,3,0,[],,"['61277', '4982', '4999']","[0.7216789722442627, 0.6956821084022522, 0.6726709604263306]","['title_description', 'title_description', 'title_description']"
柬埔寨今天气温,['51044'],[],title_description,1,0,[],,['4999'],[0.5385668277740479],['title_description']
柬埔寨今天气温,['51044'],[],title_description,3,0,[],,"['4999', '4982', '62306']","[0.5385668277740479, 0.5060990452766418, 0.4419844448566437]","['title_description', 'title_description', 'title_description']"
柬埔寨金边天气预报15天,['51044'],[],title_description,1,0,[],,['4999'],[0.5570496916770935],['title_description']
柬埔寨金边天气预报15天,['51044'],[],title_description,3,0,[],,"['4999', '4982', '61277']","[0.5570496916770935, 0.5492309331893921, 0.5122851729393005]","['title_description', 'title_description', 'title_description']"
格鲁吉亚天气预报15天查询,['51044'],[],title_description,1,0,[],,['4999'],[0.6012483835220337],['title_description']
格鲁吉亚天气预报15天查询,['51044'],[],title_description,3,0,[],,"['4999', '61277', '4982']","[0.6012483835220337, 0.5845736861228943, 0.5611296892166138]","['title_description', 'title_description', 'title_description']"
桑坡天气预报,['51044'],[],title_description,1,0,[],,['4982'],[0.5104923248291016],['title_description']
桑坡天气预报,['51044'],[],title_description,3,0,[],,"['4982', '4999', '61277']","[0.5104923248291016, 0.464175820350647, 0.4332275390625]","['title_description', 'title_description', 'title_description']"
比利时天气预报15天查询,['51044'],[],title_description,1,0,[],,['4999'],[0.6341061592102051],['title_description']
比利时天气预报15天查询,['51044'],[],title_description,3,0,[],,"['4999', '61277', '4982']","[0.6341061592102051, 0.5804769992828369, 0.554151177406311]","['title_description', 'title_description', 'title_description']"
沃夫斯堡天气,['51044'],[],title_description,1,0,[],,['4999'],[0.6203639507293701],['title_description']
沃夫斯堡天气,['51044'],[],title_description,3,0,[],,"['4999', '4982', '61277']","[0.6203639507293701, 0.5946868062019348, 0.5490981936454773]","['title_description', 'title_description', 'title_description']"
沃尔夫斯堡天气预报,['51044'],[],title_description,1,0,[],,['4999'],[0.6097975373268127],['title_description']
沃尔夫斯堡天气预报,['51044'],[],title_description,3,0,[],,"['4999', '4982', '61277']","[0.6097975373268127, 0.5878899097442627, 0.5282163619995117]","['title_description', 'title_description', 'title_description']"
法国天气预报40天查询,['51044'],[],title_description,1,0,[],,['4999'],[0.6241025328636169],['title_description']
法国天气预报40天查询,['51044'],[],title_description,3,0,[],,"['4999', '61277', '4982']","[0.6241025328636169, 0.5808843970298767, 0.5743355751037598]","['title_description', 'title_description', 'title_description']"
法国巴黎天气预报15天查询,['51044'],[],title_description,1,0,[],,['4999'],[0.6497870087623596],['title_description']
法国巴黎天气预报15天查询,['51044'],[],title_description,3,0,[],,"['4999', '61277', '4982']","[0.6497870087623596, 0.5764417052268982, 0.5724177360534668]","['title_description', 'title_description', 'title_description']"
法国温度现在多少度,['51044'],[],title_description,1,0,[],,['4999'],[0.5923281311988831],['title_description']
法国温度现在多少度,['51044'],[],title_description,3,0,[],,"['4999', '4982', '61277']","[0.5923281311988831, 0.4973211884498596, 0.4735517203807831]","['title_description', 'title_description', 'title_description']"
法国都灵天气,['51044'],[],title_description,1,0,[],,['4999'],[0.5918480157852173],['title_description']
法国都灵天气,['51044'],[],title_description,3,0,[],,"['4999', '4982', '61277']","[0.5918480157852173, 0.5208218097686768, 0.48584920167922974]","['title_description', 'title_description', 'title_description']"
泰国40天天气预报,['51044'],[],title_description,1,0,[],,['4999'],[0.5729328393936157],['title_description']
泰国40天天气预报,['51044'],[],title_description,3,0,[],,"['4999', '4982', '61277']","[0.5729328393936157, 0.5580331087112427, 0.5547491312026978]","['title_description', 'title_description', 'title_description']"
泰国清迈的天气预报15天,['51044'],[],title_description,1,0,[],,['4999'],[0.5760574340820312],['title_description']
泰国清迈的天气预报15天,['51044'],[],title_description,3,0,[],,"['4999', '61277', '4982']","[0.5760574340820312, 0.5629973411560059, 0.557366132736206]","['title_description', 'title_description', 'title_description']"
泰国现在温度,['51044'],[],title_description,1,0,[],,['4999'],[0.5844167470932007],['title_description']
泰国现在温度,['51044'],[],title_description,3,0,[],,"['4999', '4982', '61277']","[0.5844167470932007, 0.5112171769142151, 0.48289912939071655]","['title_description', 'title_description', 'title_description']"
洛杉矶的天气预报15天查询,['51044'],[],title_description,1,0,[],,['4999'],[0.6083133220672607],['title_description']
洛杉矶的天气预报15天查询,['51044'],[],title_description,3,0,[],,"['4999', '61277', '4982']","[0.6083133220672607, 0.5995376110076904, 0.5894010663032532]","['title_description', 'title_description', 'title_description']"
津巴布韦天气情况,['51044'],[],title_description,1,0,[],,['4999'],[0.6159924268722534],['title_description']
津巴布韦天气情况,['51044'],[],title_description,3,0,[],,"['4999', '4982', '61277']","[0.6159924268722534, 0.5629062056541443, 0.5050525665283203]","['title_description', 'title_description', 'title_description']"
济州岛天气,['51044'],[],title_description,1,0,[],,['4982'],[0.5993579626083374],['title_description']
济州岛天气,['51044'],[],title_description,3,0,[],,"['4982', '4999', '61277']","[0.5993579626083374, 0.5891939401626587, 0.5309219360351562]","['title_description', 'title_description', 'title_description']"
海参崴天气预报,['51044'],[],title_description,1,0,[],,['4982'],[0.5558375120162964],['title_description']
海参崴天气预报,['51044'],[],title_description,3,0,[],,"['4982', '4999', '61277']","[0.5558375120162964, 0.5452913045883179, 0.5137084722518921]","['title_description', 'title_description', 'title_description']"
海牙今天的天气,['51044'],[],title_description,1,0,[],,['4999'],[0.6201201677322388],['title_description']
海牙今天的天气,['51044'],[],title_description,3,0,[],,"['4999', '4982', '61277']","[0.6201201677322388, 0.5855259895324707, 0.5505015850067139]","['title_description', 'title_description', 'title_description']"
澳大利亚现在气温,['51044'],[],title_description,1,0,[],,['4999'],[0.6304929256439209],['title_description']
澳大利亚现在气温,['51044'],[],title_description,3,0,[],,"['4999', '4982', '61277']","[0.6304929256439209, 0.548223078250885, 0.48812615871429443]","['title_description', 'title_description', 'title_description']"
澳洲现在的气温是多少度,['51044'],[],title_description,1,0,[],,['4999'],[0.5753957629203796],['title_description']
澳洲现在的气温是多少度,['51044'],[],title_description,3,0,[],,"['4999', '4982', '61277']","[0.5753957629203796, 0.5032228231430054, 0.44481801986694336]","['title_description', 'title_description', 'title_description']"
澳洲的天气预报15天,['51044'],[],title_description,1,0,[],,['4999'],[0.6373650431632996],['title_description']
澳洲的天气预报15天,['51044'],[],title_description,3,0,[],,"['4999', '4982', '61277']","[0.6373650431632996, 0.5872507095336914, 0.5645754337310791]","['title_description', 'title_description', 'title_description']"
班吉天气预报,['51044'],[],title_description,1,0,[],,['4982'],[0.6037185192108154],['title_description']
班吉天气预报,['51044'],[],title_description,3,0,[],,"['4982', '4999', '61277']","[0.6037185192108154, 0.5681355595588684, 0.5241032838821411]","['title_description', 'title_description', 'title_description']"
瑞士天气预报15天查询,['51044'],[],title_description,1,0,[],,['4999'],[0.6259058713912964],['title_description']
瑞士天气预报15天查询,['51044'],[],title_description,3,0,[],,"['4999', '61277', '4982']","[0.6259058713912964, 0.5907750129699707, 0.5710712671279907]","['title_description', 'title_description', 'title_description']"
瑞士的温度,['51044'],[],title_description,1,0,[],,['4999'],[0.5508298873901367],['title_description']
瑞士的温度,['51044'],[],title_description,3,0,[],,"['4999', '4982', '62306']","[0.5508298873901367, 0.4651283025741577, 0.46038809418678284]","['title_description', 'title_description', 'title_description']"
白滨天气预报,['51044'],[],title_description,1,0,[],,['4982'],[0.5616551637649536],['title_description']
白滨天气预报,['51044'],[],title_description,3,0,[],,"['4982', '4999', '61277']","[0.5616551637649536, 0.5202355980873108, 0.5070720911026001]","['title_description', 'title_description', 'title_description']"
纽约的天气预报,['51044'],[],title_description,1,0,[],,['4982'],[0.6373543739318848],['title_description']
纽约的天气预报,['51044'],[],title_description,3,0,[],,"['4982', '4999', '61277']","[0.6373543739318848, 0.6101985573768616, 0.5205763578414917]","['title_description', 'title_description', 'title_description']"
罗马气温,['51044'],[],title_description,1,0,[],,['4999'],[0.5607303977012634],['title_description']
罗马气温,['51044'],[],title_description,3,0,[],,"['4999', '62306', '4982']","[0.5607303977012634, 0.5343666076660156, 0.516939103603363]","['title_description', 'title_description', 'title_description']"
美国下雨了吗,['51044'],[],title_description,1,0,[],,['4999'],[0.5129144191741943],['title_description']
美国下雨了吗,['51044'],[],title_description,3,0,[],,"['4999', '4982', '62106']","[0.5129144191741943, 0.49238574504852295, 0.4445990324020386]","['title_description', 'title_description', 'title_description']"
美国加州天气预报,['51044'],[],title_description,1,0,[],,['4999'],[0.6001325845718384],['title_description']
美国加州天气预报,['51044'],[],title_description,3,0,[],,"['4999', '4982', '61277']","[0.6001325845718384, 0.5735156536102295, 0.4773569703102112]","['title_description', 'title_description', 'title_description']"
美国现在天气,['51044'],[],title_description,1,0,[],,['4999'],[0.6668500900268555],['title_description']
美国现在天气,['51044'],[],title_description,3,0,[],,"['4999', '4982', '61277']","[0.6668500900268555, 0.6097155809402466, 0.5332553386688232]","['title_description', 'title_description', 'title_description']"
老挝天气预报,['51044'],[],title_description,1,0,[],,['4999'],[0.5643725395202637],['title_description']
老挝天气预报,['51044'],[],title_description,3,0,[],,"['4999', '4982', '61277']","[0.5643725395202637, 0.5185004472732544, 0.4852229356765747]","['title_description', 'title_description', 'title_description']"
胡志明天气,['51044'],[],title_description,1,0,[],,['4982'],[0.5253307819366455],['title_description']
胡志明天气,['51044'],[],title_description,3,0,[],,"['4982', '4999', '61277']","[0.5253307819366455, 0.5169286727905273, 0.4967292249202728]","['title_description', 'title_description', 'title_description']"
芭提雅天气,['51044'],[],title_description,1,0,[],,['4999'],[0.5573737025260925],['title_description']
芭提雅天气,['51044'],[],title_description,3,0,[],,"['4999', '4982', '61277']","[0.5573737025260925, 0.5416619777679443, 0.4794458746910095]","['title_description', 'title_description', 'title_description']"
英国各地天气预报,['51044'],[],title_description,1,0,[],,['4999'],[0.6583807468414307],['title_description']
英国各地天气预报,['51044'],[],title_description,3,0,[],,"['4999', '4982', '61277']","[0.6583807468414307, 0.5907869338989258, 0.5167242884635925]","['title_description', 'title_description', 'title_description']"
英国温度现在多少度,['51044'],[],title_description,1,0,[],,['4999'],[0.5779247283935547],['title_description']
英国温度现在多少度,['51044'],[],title_description,3,0,[],,"['4999', '4982', '61277']","[0.5779247283935547, 0.4794030785560608, 0.4496525228023529]","['title_description', 'title_description', 'title_description']"
菲律宾现在的天气预报,['51044'],[],title_description,1,0,[],,['4999'],[0.6273744106292725],['title_description']
菲律宾现在的天气预报,['51044'],[],title_description,3,0,[],,"['4999', '4982', '61277']","[0.6273744106292725, 0.5814283490180969, 0.5230449438095093]","['title_description', 'title_description', 'title_description']"
葡萄牙的天气预报,['51044'],[],title_description,1,0,[],,['4999'],[0.6278608441352844],['title_description']
葡萄牙的天气预报,['51044'],[],title_description,3,0,[],,"['4999', '4982', '61277']","[0.6278608441352844, 0.5670706033706665, 0.5128670930862427]","['title_description', 'title_description', 'title_description']"
西北地区最近几天天气如何,['51044'],[],title_description,1,0,[],,['4982'],[0.62542724609375],['title_description']
西北地区最近几天天气如何,['51044'],[],title_description,3,0,[],,"['4982', '4999', '61277']","[0.62542724609375, 0.5967345237731934, 0.5807331800460815]","['title_description', 'title_description', 'title_description']"
西班牙天气预报,['51044'],[],title_description,1,0,[],,['4999'],[0.6014297008514404],['title_description']
西班牙天气预报,['51044'],[],title_description,3,0,[],,"['4999', '4982', '61277']","[0.6014297008514404, 0.5455119013786316, 0.49234241247177124]","['title_description', 'title_description', 'title_description']"
越南天气预报15天查询,['51044'],[],title_description,1,0,[],,['61277'],[0.5898742079734802],['title_description']
越南天气预报15天查询,['51044'],[],title_description,3,0,[],,"['61277', '4999', '4982']","[0.5898742079734802, 0.5898669958114624, 0.5566308498382568]","['title_description', 'title_description', 'title_description']"
越南河内天气预报,['51044'],[],title_description,1,0,[],,['4999'],[0.5812609195709229],['title_description']
越南河内天气预报,['51044'],[],title_description,3,0,[],,"['4999', '4982', '61277']","[0.5812609195709229, 0.5648252964019775, 0.5064562559127808]","['title_description', 'title_description', 'title_description']"
越南现在的温度是多少,['51044'],[],title_description,1,0,[],,['4999'],[0.5454987287521362],['title_description']
越南现在的温度是多少,['51044'],[],title_description,3,0,[],,"['4999', '4982', '61277']","[0.5454987287521362, 0.5019789934158325, 0.476140558719635]","['title_description', 'title_description', 'title_description']"
越南芒街天气预报,['51044'],[],title_description,1,0,[],,['4999'],[0.5036911964416504],['title_description']
越南芒街天气预报,['51044'],[],title_description,3,0,[],,"['4999', '4982', '61277']","[0.5036911964416504, 0.49289533495903015, 0.4661739766597748]","['title_description', 'title_description', 'title_description']"
迈阿密天气预报15天查询,['51044'],[],title_description,1,0,[],,['61277'],[0.6219345331192017],['title_description']
迈阿密天气预报15天查询,['51044'],[],title_description,3,0,[],,"['61277', '4999', '4982']","[0.6219345331192017, 0.6106293201446533, 0.5964893102645874]","['title_description', 'title_description', 'title_description']"
邦达天气,['51044'],[],title_description,1,0,[],,['4982'],[0.5856481790542603],['title_description']
邦达天气,['51044'],[],title_description,3,0,[],,"['4982', '4999', '61277']","[0.5856481790542603, 0.5306722521781921, 0.5085980296134949]","['title_description', 'title_description', 'title_description']"
阿加尼亚天气,['51044'],[],title_description,1,0,[],,['4999'],[0.5785115957260132],['title_description']
阿加尼亚天气,['51044'],[],title_description,3,0,[],,"['4999', '4982', '61277']","[0.5785115957260132, 0.5613628625869751, 0.5209686160087585]","['title_description', 'title_description', 'title_description']"
阿布扎比天气预报15天查询,['51044'],[],title_description,1,0,[],,['4999'],[0.6079299449920654],['title_description']
阿布扎比天气预报15天查询,['51044'],[],title_description,3,0,[],,"['4999', '4982', '61277']","[0.6079299449920654, 0.5887331962585449, 0.5832198858261108]","['title_description', 'title_description', 'title_description']"
阿赛拜疆天气,['51044'],[],title_description,1,0,[],,['4999'],[0.6078317165374756],['title_description']
阿赛拜疆天气,['51044'],[],title_description,3,0,[],,"['4999', '4982', '61277']","[0.6078317165374756, 0.5600537061691284, 0.5124344229698181]","['title_description', 'title_description', 'title_description']"
韩国浦项天气预报,['51044'],[],title_description,1,0,[],,['4999'],[0.5708627700805664],['title_description']
韩国浦项天气预报,['51044'],[],title_description,3,0,[],,"['4999', '4982', '61277']","[0.5708627700805664, 0.5571284890174866, 0.47536730766296387]","['title_description', 'title_description', 'title_description']"
韩国现在温度,['51044'],[],title_description,1,0,[],,['4999'],[0.5807937383651733],['title_description']
韩国现在温度,['51044'],[],title_description,3,0,[],,"['4999', '4982', '61277']","[0.5807937383651733, 0.5044362545013428, 0.4607408046722412]","['title_description', 'title_description', 'title_description']"
韩国的天气预报15天查询,['51044'],[],title_description,1,0,[],,['4999'],[0.6270048022270203],['title_description']
韩国的天气预报15天查询,['51044'],[],title_description,3,0,[],,"['4999', '4982', '61277']","[0.6270048022270203, 0.5840688347816467, 0.5742908120155334]","['title_description', 'title_description', 'title_description']"
韩国首尔天气预报,['51044'],[],title_description,1,0,[],,['4999'],[0.6008430123329163],['title_description']
韩国首尔天气预报,['51044'],[],title_description,3,0,[],,"['4999', '4982', '61277']","[0.6008430123329163, 0.5812132358551025, 0.48104843497276306]","['title_description', 'title_description', 'title_description']"
马尔代夫天气,['51044'],[],title_description,1,0,[],,['4999'],[0.5650060176849365],['title_description']
马尔代夫天气,['51044'],[],title_description,3,0,[],,"['4999', '4982', '61277']","[0.5650060176849365, 0.5286425352096558, 0.5095241665840149]","['title_description', 'title_description', 'title_description']"
马来西亚温度现在多少,['51044'],[],title_description,1,0,[],,['4999'],[0.5468356013298035],['title_description']
马来西亚温度现在多少,['51044'],[],title_description,3,0,[],,"['4999', '61277', '4982']","[0.5468356013298035, 0.4867921471595764, 0.48509690165519714]","['title_description', 'title_description', 'title_description']"
马来西亚的天气,['51044'],[],title_description,1,0,[],,['4999'],[0.550066351890564],['title_description']
马来西亚的天气,['51044'],[],title_description,3,0,[],,"['4999', '4982', '61277']","[0.550066351890564, 0.5121221542358398, 0.4724118411540985]","['title_description', 'title_description', 'title_description']"
马赛气温,['51044'],[],title_description,1,0,[],,['4999'],[0.5224072933197021],['title_description']
马赛气温,['51044'],[],title_description,3,0,[],,"['4999', '62306', '61277']","[0.5224072933197021, 0.48127564787864685, 0.47559404373168945]","['title_description', 'title_description', 'title_description']"
马马天气,['51044'],[],title_description,1,0,[],,['4982'],[0.6528656482696533],['title_description']
马马天气,['51044'],[],title_description,3,0,[],,"['4982', '61277', '4999']","[0.6528656482696533, 0.6365196704864502, 0.6027871966362]","['title_description', 'title_description', 'title_description']"
