query,gold_ids,missing_gold_ids,view,k,pass_at_k,hit_ids,first_hit_rank,recall_ids,recall_scores,recall_views
0-3岁儿歌,['62248'],[],description,1,1,['62248'],1.0,['62248'],[0.4123595356941223],['description']
0-3岁儿歌,['62248'],[],description,3,1,['62248'],1.0,"['62248', '5179', '50393']","[0.4123595356941223, 0.40347206592559814, 0.38880306482315063]","['description', 'description', 'description']"
0一6岁儿歌,['62248'],[],description,1,0,[],,['5179'],[0.4151396155357361],['description']
0一6岁儿歌,['62248'],[],description,3,1,['62248'],2.0,"['5179', '62248', '50393']","[0.4151396155357361, 0.3933086097240448, 0.3818041682243347]","['description', 'description', 'description']"
100首歌曲大全,['62248'],[],description,1,0,[],,['5179'],[0.6025948524475098],['description']
100首歌曲大全,['62248'],[],description,3,1,['62248'],2.0,"['5179', '62248', '50393']","[0.6025948524475098, 0.556738018989563, 0.5473564863204956]","['description', 'description', 'description']"
16年网络歌曲大全名单,['62248'],[],description,1,0,[],,['5179'],[0.5497652888298035],['description']
16年网络歌曲大全名单,['62248'],[],description,3,1,['62248'],2.0,"['5179', '62248', '50393']","[0.5497652888298035, 0.5027310848236084, 0.48675912618637085]","['description', 'description', 'description']"
4一6年级好听英语歌,['62248'],[],description,1,0,[],,['5179'],[0.4136910140514374],['description']
4一6年级好听英语歌,['62248'],[],description,3,1,['62248'],3.0,"['5179', '85', '62248']","[0.4136910140514374, 0.392986923456192, 0.3919180929660797]","['description', 'description', 'description']"
500首经典老歌大全,['62248'],[],description,1,0,[],,['5179'],[0.4885695278644562],['description']
500首经典老歌大全,['62248'],[],description,3,1,['62248'],2.0,"['5179', '62248', '50393']","[0.4885695278644562, 0.44815051555633545, 0.4464086890220642]","['description', 'description', 'description']"
70年代经典老歌,['62248'],[],description,1,0,[],,['5179'],[0.47447749972343445],['description']
70年代经典老歌,['62248'],[],description,3,1,['62248'],2.0,"['5179', '62248', '50393']","[0.47447749972343445, 0.46608179807662964, 0.43806207180023193]","['description', 'description', 'description']"
80后的经典老歌,['62248'],[],description,1,0,[],,['5179'],[0.47895896434783936],['description']
80后的经典老歌,['62248'],[],description,3,1,['62248'],2.0,"['5179', '62248', '50393']","[0.47895896434783936, 0.4659116268157959, 0.4441651701927185]","['description', 'description', 'description']"
90年代经典老歌,['62248'],[],description,1,0,[],,['5179'],[0.4978591203689575],['description']
90年代经典老歌,['62248'],[],description,3,1,['62248'],2.0,"['5179', '62248', '50393']","[0.4978591203689575, 0.490081787109375, 0.46369272470474243]","['description', 'description', 'description']"
bgm背景音乐,['62248'],[],description,1,0,[],,['5179'],[0.5159193277359009],['description']
bgm背景音乐,['62248'],[],description,3,1,['62248'],2.0,"['5179', '62248', '50393']","[0.5159193277359009, 0.5021738409996033, 0.44929492473602295]","['description', 'description', 'description']"
dj 歌曲,['62248'],[],description,1,1,['62248'],1.0,['62248'],[0.5826175212860107],['description']
dj 歌曲,['62248'],[],description,3,1,['62248'],1.0,"['62248', '5179', '50393']","[0.5826175212860107, 0.5745548605918884, 0.5434255599975586]","['description', 'description', 'description']"
english英文歌曲,['62248'],[],description,1,0,[],,['50143'],[0.533157467842102],['description']
english英文歌曲,['62248'],[],description,3,0,[],,"['50143', '85', '62172']","[0.533157467842102, 0.5278030037879944, 0.5216867327690125]","['description', 'description', 'description']"
ktv必点的歌曲,['62248'],[],description,1,0,[],,['5179'],[0.49151286482810974],['description']
ktv必点的歌曲,['62248'],[],description,3,1,['62248'],2.0,"['5179', '62248', '50393']","[0.49151286482810974, 0.48692864179611206, 0.47472724318504333]","['description', 'description', 'description']"
《汪汪队》主题歌,['62248'],[],description,1,0,[],,['5179'],[0.41733884811401367],['description']
《汪汪队》主题歌,['62248'],[],description,3,1,['62248'],2.0,"['5179', '62248', '50393']","[0.41733884811401367, 0.4150240421295166, 0.35650238394737244]","['description', 'description', 'description']"
一人一首成名曲,['62248'],[],description,1,0,[],,['50393'],[0.5145940184593201],['description']
一人一首成名曲,['62248'],[],description,3,1,['62248'],3.0,"['50393', '5179', '62248']","[0.5145940184593201, 0.4795588552951813, 0.4774788022041321]","['description', 'description', 'description']"
三人唱的歌曲有哪些,['62248'],[],description,1,0,[],,['50393'],[0.5308753252029419],['description']
三人唱的歌曲有哪些,['62248'],[],description,3,1,['62248'],2.0,"['50393', '62248', '5179']","[0.5308753252029419, 0.5130822658538818, 0.5124114751815796]","['description', 'description', 'description']"
世界杯的歌曲,['62248'],[],description,1,0,[],,['5179'],[0.5341709852218628],['description']
世界杯的歌曲,['62248'],[],description,3,1,['62248'],2.0,"['5179', '62248', '50393']","[0.5341709852218628, 0.5323290824890137, 0.501144528388977]","['description', 'description', 'description']"
中小学必唱歌曲,['62248'],[],description,1,0,[],,['5179'],[0.4390007257461548],['description']
中小学必唱歌曲,['62248'],[],description,3,1,['62248'],2.0,"['5179', '62248', '50393']","[0.4390007257461548, 0.4350270628929138, 0.40593215823173523]","['description', 'description', 'description']"
二年级歌曲,['62248'],[],description,1,1,['62248'],1.0,['62248'],[0.47768598794937134],['description']
二年级歌曲,['62248'],[],description,3,1,['62248'],1.0,"['62248', '5179', '50393']","[0.47768598794937134, 0.4698363244533539, 0.4429504871368408]","['description', 'description', 'description']"
二胡名曲,['62248'],[],description,1,0,[],,['5179'],[0.4458523392677307],['description']
二胡名曲,['62248'],[],description,3,1,['62248'],3.0,"['5179', '51377', '62248']","[0.4458523392677307, 0.42650777101516724, 0.42275458574295044]","['description', 'description', 'description']"
云南的歌曲,['62248'],[],description,1,0,[],,['5179'],[0.49219799041748047],['description']
云南的歌曲,['62248'],[],description,3,1,['62248'],2.0,"['5179', '62248', '50393']","[0.49219799041748047, 0.48222190141677856, 0.4548999071121216]","['description', 'description', 'description']"
任素汐作词作曲的歌曲有哪些,['62248'],[],description,1,0,[],,['50393'],[0.5007095336914062],['description']
任素汐作词作曲的歌曲有哪些,['62248'],[],description,3,1,['62248'],2.0,"['50393', '62248', '5179']","[0.5007095336914062, 0.48161065578460693, 0.47398272156715393]","['description', 'description', 'description']"
伍佰的歌曲排行榜,['62248'],[],description,1,0,[],,['50393'],[0.5687353610992432],['description']
伍佰的歌曲排行榜,['62248'],[],description,3,1,['62248'],3.0,"['50393', '5179', '62248']","[0.5687353610992432, 0.5557984113693237, 0.5385369062423706]","['description', 'description', 'description']"
伤心的歌曲,['62248'],[],description,1,0,[],,['5179'],[0.5268459320068359],['description']
伤心的歌曲,['62248'],[],description,3,1,['62248'],2.0,"['5179', '62248', '50393']","[0.5268459320068359, 0.5195555090904236, 0.4923563003540039]","['description', 'description', 'description']"
伤感歌曲大全100首,['62248'],[],description,1,0,[],,['5179'],[0.5359852313995361],['description']
伤感歌曲大全100首,['62248'],[],description,3,1,['62248'],2.0,"['5179', '62248', '50393']","[0.5359852313995361, 0.4962136745452881, 0.4860644042491913]","['description', 'description', 'description']"
伤感的纯音乐,['62248'],[],description,1,0,[],,['5179'],[0.4697887599468231],['description']
伤感的纯音乐,['62248'],[],description,3,1,['62248'],2.0,"['5179', '62248', '50393']","[0.4697887599468231, 0.44610166549682617, 0.4031313359737396]","['description', 'description', 'description']"
佛的歌,['62248'],[],description,1,1,['62248'],1.0,['62248'],[0.4958219826221466],['description']
佛的歌,['62248'],[],description,3,1,['62248'],1.0,"['62248', '50393', '5179']","[0.4958219826221466, 0.4940946698188782, 0.48254695534706116]","['description', 'description', 'description']"
健身运动的歌曲,['62248'],[],description,1,0,[],,['5179'],[0.5133485198020935],['description']
健身运动的歌曲,['62248'],[],description,3,1,['62248'],2.0,"['5179', '62248', '50393']","[0.5133485198020935, 0.4724106788635254, 0.4358920753002167]","['description', 'description', 'description']"
儿歌大全100首,['62248'],[],description,1,0,[],,['5179'],[0.4340824484825134],['description']
儿歌大全100首,['62248'],[],description,3,1,['62248'],2.0,"['5179', '62248', '50393']","[0.4340824484825134, 0.43213266134262085, 0.41964489221572876]","['description', 'description', 'description']"
儿歌歌曲大全100首连续播放,['62248'],[],description,1,0,[],,['5179'],[0.45293736457824707],['description']
儿歌歌曲大全100首连续播放,['62248'],[],description,3,1,['62248'],2.0,"['5179', '62248', '50393']","[0.45293736457824707, 0.4332042336463928, 0.41299182176589966]","['description', 'description', 'description']"
儿童好听的歌曲,['62248'],[],description,1,1,['62248'],1.0,['62248'],[0.4242793321609497],['description']
儿童好听的歌曲,['62248'],[],description,3,1,['62248'],1.0,"['62248', '5179', '50393']","[0.4242793321609497, 0.4205635190010071, 0.3981778025627136]","['description', 'description', 'description']"
儿童舞蹈音乐,['62248'],[],description,1,0,[],,['5179'],[0.3731977641582489],['description']
儿童舞蹈音乐,['62248'],[],description,3,1,['62248'],2.0,"['5179', '62248', '50393']","[0.3731977641582489, 0.3663959205150604, 0.3182101845741272]","['description', 'description', 'description']"
克莱德曼的钢琴曲,['62248'],[],description,1,0,[],,['5179'],[0.4023258090019226],['description']
克莱德曼的钢琴曲,['62248'],[],description,3,1,['62248'],2.0,"['5179', '62248', '50393']","[0.4023258090019226, 0.3934023082256317, 0.36994659900665283]","['description', 'description', 'description']"
写作业适合听的歌,['62248'],[],description,1,0,[],,['5179'],[0.5232232809066772],['description']
写作业适合听的歌,['62248'],[],description,3,1,['62248'],2.0,"['5179', '62248', '50393']","[0.5232232809066772, 0.5049358606338501, 0.4558161497116089]","['description', 'description', 'description']"
军歌的歌曲有哪些,['62248'],[],description,1,0,[],,['5179'],[0.5033547282218933],['description']
军歌的歌曲有哪些,['62248'],[],description,3,1,['62248'],2.0,"['5179', '62248', '50393']","[0.5033547282218933, 0.4801475405693054, 0.4689801335334778]","['description', 'description', 'description']"
分手的歌曲,['62248'],[],description,1,0,[],,['5179'],[0.5155227184295654],['description']
分手的歌曲,['62248'],[],description,3,1,['62248'],2.0,"['5179', '62248', '50393']","[0.5155227184295654, 0.49047309160232544, 0.4676903784275055]","['description', 'description', 'description']"
刘欢唱的歌曲,['62248'],[],description,1,0,[],,['50393'],[0.5096282362937927],['description']
刘欢唱的歌曲,['62248'],[],description,3,1,['62248'],2.0,"['50393', '62248', '5179']","[0.5096282362937927, 0.48632627725601196, 0.4621405601501465]","['description', 'description', 'description']"
动感的歌曲,['62248'],[],description,1,0,[],,['5179'],[0.5604162216186523],['description']
动感的歌曲,['62248'],[],description,3,1,['62248'],2.0,"['5179', '62248', '50393']","[0.5604162216186523, 0.5324804782867432, 0.4884374439716339]","['description', 'description', 'description']"
励志的歌曲有哪些,['62248'],[],description,1,0,[],,['5179'],[0.5312973260879517],['description']
励志的歌曲有哪些,['62248'],[],description,3,1,['62248'],2.0,"['5179', '62248', '50393']","[0.5312973260879517, 0.5137287378311157, 0.49543607234954834]","['description', 'description', 'description']"
十大纯音乐,['62248'],[],description,1,0,[],,['5179'],[0.46983909606933594],['description']
十大纯音乐,['62248'],[],description,3,1,['62248'],2.0,"['5179', '62248', '50393']","[0.46983909606933594, 0.4185654819011688, 0.39055460691452026]","['description', 'description', 'description']"
十大超燃bgm英文歌曲,['62248'],[],description,1,0,[],,['5179'],[0.37899142503738403],['description']
十大超燃bgm英文歌曲,['62248'],[],description,3,1,['62248'],2.0,"['5179', '62248', '85']","[0.37899142503738403, 0.3607575595378876, 0.34605443477630615]","['description', 'description', 'description']"
十大钢琴名曲,['62248'],[],description,1,0,[],,['5179'],[0.3640342354774475],['description']
十大钢琴名曲,['62248'],[],description,3,1,['62248'],2.0,"['5179', '62248', '51378']","[0.3640342354774475, 0.33678919076919556, 0.3261786103248596]","['description', 'description', 'description']"
华语经典金曲,['62248'],[],description,1,0,[],,['5179'],[0.49490752816200256],['description']
华语经典金曲,['62248'],[],description,3,1,['62248'],2.0,"['5179', '62248', '50393']","[0.49490752816200256, 0.4533325135707855, 0.4298698306083679]","['description', 'description', 'description']"
古筝曲十大名曲有哪些,['62248'],[],description,1,0,[],,['5179'],[0.3882599472999573],['description']
古筝曲十大名曲有哪些,['62248'],[],description,3,1,['62248'],3.0,"['5179', '51378', '62248']","[0.3882599472999573, 0.3778544068336487, 0.3727383613586426]","['description', 'description', 'description']"
古风的歌曲,['62248'],[],description,1,0,[],,['5179'],[0.5146289467811584],['description']
古风的歌曲,['62248'],[],description,3,1,['62248'],2.0,"['5179', '62248', '51377']","[0.5146289467811584, 0.4852842688560486, 0.45869821310043335]","['description', 'description', 'description']"
各省的代表歌曲,['62248'],[],description,1,0,[],,['5179'],[0.559287965297699],['description']
各省的代表歌曲,['62248'],[],description,3,1,['62248'],2.0,"['5179', '62248', '50393']","[0.559287965297699, 0.5264759063720703, 0.5056637525558472]","['description', 'description', 'description']"
同学聚会的歌曲,['62248'],[],description,1,0,[],,['5179'],[0.49024391174316406],['description']
同学聚会的歌曲,['62248'],[],description,3,1,['62248'],2.0,"['5179', '62248', '50393']","[0.49024391174316406, 0.4456649124622345, 0.429290771484375]","['description', 'description', 'description']"
听一首老歌,['62248'],[],description,1,1,['62248'],1.0,['62248'],[0.6417222619056702],['description']
听一首老歌,['62248'],[],description,3,1,['62248'],1.0,"['62248', '5179', '50393']","[0.6417222619056702, 0.6189160346984863, 0.5735931396484375]","['description', 'description', 'description']"
哄睡儿歌,['62248'],[],description,1,1,['62248'],1.0,['62248'],[0.4135526716709137],['description']
哄睡儿歌,['62248'],[],description,3,1,['62248'],1.0,"['62248', '5179', '50393']","[0.4135526716709137, 0.4073013663291931, 0.3821340501308441]","['description', 'description', 'description']"
喝酒的歌曲有哪些,['62248'],[],description,1,0,[],,['5179'],[0.5447090864181519],['description']
喝酒的歌曲有哪些,['62248'],[],description,3,1,['62248'],2.0,"['5179', '62248', '50393']","[0.5447090864181519, 0.5279978513717651, 0.5184541940689087]","['description', 'description', 'description']"
国庆歌曲大全100首,['62248'],[],description,1,0,[],,['5179'],[0.4903833568096161],['description']
国庆歌曲大全100首,['62248'],[],description,3,1,['62248'],2.0,"['5179', '62248', '50393']","[0.4903833568096161, 0.44809383153915405, 0.4263994097709656]","['description', 'description', 'description']"
基督的歌曲,['62248'],[],description,1,0,[],,['50393'],[0.5339383482933044],['description']
基督的歌曲,['62248'],[],description,3,1,['62248'],3.0,"['50393', '5179', '62248']","[0.5339383482933044, 0.5327006578445435, 0.5314099788665771]","['description', 'description', 'description']"
奥特曼主题歌曲,['62248'],[],description,1,0,[],,['5179'],[0.3816412091255188],['description']
奥特曼主题歌曲,['62248'],[],description,3,1,['62248'],3.0,"['5179', '50393', '62248']","[0.3816412091255188, 0.3552737236022949, 0.3531486392021179]","['description', 'description', 'description']"
女声歌曲,['62248'],[],description,1,1,['62248'],1.0,['62248'],[0.5200350284576416],['description']
女声歌曲,['62248'],[],description,3,1,['62248'],1.0,"['62248', '50393', '5179']","[0.5200350284576416, 0.5167228579521179, 0.501186728477478]","['description', 'description', 'description']"
女生十大励志歌曲,['62248'],[],description,1,0,[],,['5179'],[0.4516869783401489],['description']
女生十大励志歌曲,['62248'],[],description,3,1,['62248'],2.0,"['5179', '62248', '50393']","[0.4516869783401489, 0.4496428370475769, 0.43182241916656494]","['description', 'description', 'description']"
好听治愈的歌曲,['62248'],[],description,1,0,[],,['5179'],[0.5231478810310364],['description']
好听治愈的歌曲,['62248'],[],description,3,1,['62248'],2.0,"['5179', '62248', '50393']","[0.5231478810310364, 0.5098865628242493, 0.46269965171813965]","['description', 'description', 'description']"
好听的男生民谣歌曲,['62248'],[],description,1,0,[],,['5179'],[0.4204813539981842],['description']
好听的男生民谣歌曲,['62248'],[],description,3,1,['62248'],2.0,"['5179', '62248', '50393']","[0.4204813539981842, 0.4077753722667694, 0.3890310227870941]","['description', 'description', 'description']"
好听的铃声,['62248'],[],description,1,1,['62248'],1.0,['62248'],[0.49072980880737305],['description']
好听的铃声,['62248'],[],description,3,1,['62248'],1.0,"['62248', '5179', '51377']","[0.49072980880737305, 0.47305136919021606, 0.4668886363506317]","['description', 'description', 'description']"
好声音经典歌曲,['62248'],[],description,1,0,[],,['5179'],[0.4478197693824768],['description']
好声音经典歌曲,['62248'],[],description,3,1,['62248'],2.0,"['5179', '62248', '50393']","[0.4478197693824768, 0.4416181445121765, 0.4042156934738159]","['description', 'description', 'description']"
小众好听的歌曲,['62248'],[],description,1,0,[],,['5179'],[0.5307081341743469],['description']
小众好听的歌曲,['62248'],[],description,3,1,['62248'],2.0,"['5179', '62248', '50393']","[0.5307081341743469, 0.5302757024765015, 0.48851659893989563]","['description', 'description', 'description']"
小朋友的儿歌,['62248'],[],description,1,1,['62248'],1.0,['62248'],[0.5047507286071777],['description']
小朋友的儿歌,['62248'],[],description,3,1,['62248'],1.0,"['62248', '50393', '5179']","[0.5047507286071777, 0.48876041173934937, 0.48146700859069824]","['description', 'description', 'description']"
少年流行歌曲,['62248'],[],description,1,0,[],,['5179'],[0.5091710090637207],['description']
少年流行歌曲,['62248'],[],description,3,1,['62248'],2.0,"['5179', '62248', '50393']","[0.5091710090637207, 0.4996785521507263, 0.4897799789905548]","['description', 'description', 'description']"
带劲的歌曲,['62248'],[],description,1,0,[],,['5179'],[0.5373766422271729],['description']
带劲的歌曲,['62248'],[],description,3,1,['62248'],2.0,"['5179', '62248', '50393']","[0.5373766422271729, 0.5189415216445923, 0.4872109889984131]","['description', 'description', 'description']"
幼儿园起床歌曲,['62248'],[],description,1,0,[],,['5179'],[0.3790210485458374],['description']
幼儿园起床歌曲,['62248'],[],description,3,1,['62248'],2.0,"['5179', '62248', '50393']","[0.3790210485458374, 0.348716676235199, 0.321413516998291]","['description', 'description', 'description']"
开业的音乐,['62248'],[],description,1,0,[],,['5179'],[0.5580371618270874],['description']
开业的音乐,['62248'],[],description,3,1,['62248'],2.0,"['5179', '62248', '50393']","[0.5580371618270874, 0.5100924372673035, 0.446642130613327]","['description', 'description', 'description']"
心情不好听什么歌最好,['62248'],[],description,1,0,[],,['5179'],[0.5485001802444458],['description']
心情不好听什么歌最好,['62248'],[],description,3,1,['62248'],2.0,"['5179', '62248', '50393']","[0.5485001802444458, 0.5307546257972717, 0.4771116375923157]","['description', 'description', 'description']"
恐怖的歌曲,['62248'],[],description,1,1,['62248'],1.0,['62248'],[0.5226920247077942],['description']
恐怖的歌曲,['62248'],[],description,3,1,['62248'],1.0,"['62248', '5179', '50393']","[0.5226920247077942, 0.5219796299934387, 0.4977894425392151]","['description', 'description', 'description']"
抖音的歌曲最火,['62248'],[],description,1,1,['62248'],1.0,['62248'],[0.5372606515884399],['description']
抖音的歌曲最火,['62248'],[],description,3,1,['62248'],1.0,"['62248', '5179', '50393']","[0.5372606515884399, 0.5024426579475403, 0.4850562810897827]","['description', 'description', 'description']"
拉丁舞歌曲,['62248'],[],description,1,0,[],,['5179'],[0.4702390432357788],['description']
拉丁舞歌曲,['62248'],[],description,3,1,['62248'],2.0,"['5179', '62248', '50393']","[0.4702390432357788, 0.4631795287132263, 0.4263134002685547]","['description', 'description', 'description']"
放松心情的音乐,['62248'],[],description,1,0,[],,['5179'],[0.5129650831222534],['description']
放松心情的音乐,['62248'],[],description,3,1,['62248'],2.0,"['5179', '62248', '50393']","[0.5129650831222534, 0.46912598609924316, 0.42663589119911194]","['description', 'description', 'description']"
新白娘子传奇歌曲,['62248'],[],description,1,1,['62248'],1.0,['62248'],[0.36499571800231934],['description']
新白娘子传奇歌曲,['62248'],[],description,3,1,['62248'],1.0,"['62248', '5179', '50393']","[0.36499571800231934, 0.3599874675273895, 0.341596782207489]","['description', 'description', 'description']"
时代少年团有什么歌,['62248'],[],description,1,0,[],,['5179'],[0.46783050894737244],['description']
时代少年团有什么歌,['62248'],[],description,3,1,['62248'],2.0,"['5179', '62248', '50393']","[0.46783050894737244, 0.4517998695373535, 0.4291740655899048]","['description', 'description', 'description']"
最近最火的歌曲,['62248'],[],description,1,1,['62248'],1.0,['62248'],[0.5978316068649292],['description']
最近最火的歌曲,['62248'],[],description,3,1,['62248'],1.0,"['62248', '5179', '50393']","[0.5978316068649292, 0.5803011655807495, 0.5605747699737549]","['description', 'description', 'description']"
最霸气的歌曲前十名,['62248'],[],description,1,0,[],,['5179'],[0.4789689779281616],['description']
最霸气的歌曲前十名,['62248'],[],description,3,1,['62248'],2.0,"['5179', '62248', '50393']","[0.4789689779281616, 0.45831331610679626, 0.4350624680519104]","['description', 'description', 'description']"
有关杭州歌曲有哪些,['62248'],[],description,1,1,['62248'],1.0,['62248'],[0.5270557999610901],['description']
有关杭州歌曲有哪些,['62248'],[],description,3,1,['62248'],1.0,"['62248', '5179', '50393']","[0.5270557999610901, 0.5257530212402344, 0.5131652355194092]","['description', 'description', 'description']"
有关雨的歌曲,['62248'],[],description,1,0,[],,['5179'],[0.5456919074058533],['description']
有关雨的歌曲,['62248'],[],description,3,1,['62248'],2.0,"['5179', '62248', '50393']","[0.5456919074058533, 0.5454869866371155, 0.5127065181732178]","['description', 'description', 'description']"
有没有好听了歌曲,['62248'],[],description,1,1,['62248'],1.0,['62248'],[0.661237895488739],['description']
有没有好听了歌曲,['62248'],[],description,3,1,['62248'],1.0,"['62248', '5179', '50393']","[0.661237895488739, 0.6587302684783936, 0.6129238605499268]","['description', 'description', 'description']"
来一首休闲的音乐,['62248'],[],description,1,0,[],,['5179'],[0.6147855520248413],['description']
来一首休闲的音乐,['62248'],[],description,3,1,['62248'],2.0,"['5179', '62248', '50393']","[0.6147855520248413, 0.6003575325012207, 0.5353028774261475]","['description', 'description', 'description']"
极品音乐歌曲,['62248'],[],description,1,0,[],,['5179'],[0.5455076694488525],['description']
极品音乐歌曲,['62248'],[],description,3,1,['62248'],2.0,"['5179', '62248', '50393']","[0.5455076694488525, 0.5146076679229736, 0.4769623279571533]","['description', 'description', 'description']"
欢快的歌曲,['62248'],[],description,1,0,[],,['5179'],[0.567889928817749],['description']
欢快的歌曲,['62248'],[],description,3,1,['62248'],2.0,"['5179', '62248', '50393']","[0.567889928817749, 0.545639157295227, 0.5061382055282593]","['description', 'description', 'description']"
欧美经典歌曲,['62248'],[],description,1,0,[],,['5179'],[0.48671355843544006],['description']
欧美经典歌曲,['62248'],[],description,3,1,['62248'],2.0,"['5179', '62248', '50393']","[0.48671355843544006, 0.4450092911720276, 0.419649600982666]","['description', 'description', 'description']"
歌曲最火的十首歌,['62248'],[],description,1,1,['62248'],1.0,['62248'],[0.5316864252090454],['description']
歌曲最火的十首歌,['62248'],[],description,3,1,['62248'],1.0,"['62248', '5179', '50393']","[0.5316864252090454, 0.529377281665802, 0.5080093145370483]","['description', 'description', 'description']"
歌颂党的歌曲,['62248'],[],description,1,0,[],,['5179'],[0.4567766785621643],['description']
歌颂党的歌曲,['62248'],[],description,3,1,['62248'],2.0,"['5179', '62248', '50393']","[0.4567766785621643, 0.4514443874359131, 0.4261750280857086]","['description', 'description', 'description']"
毕业的歌曲,['62248'],[],description,1,0,[],,['5179'],[0.5442202687263489],['description']
毕业的歌曲,['62248'],[],description,3,1,['62248'],2.0,"['5179', '62248', '50393']","[0.5442202687263489, 0.5127781629562378, 0.49186164140701294]","['description', 'description', 'description']"
民歌乐曲,['62248'],[],description,1,0,[],,['5179'],[0.526706874370575],['description']
民歌乐曲,['62248'],[],description,3,1,['62248'],2.0,"['5179', '62248', '50393']","[0.526706874370575, 0.4869329631328583, 0.4454205632209778]","['description', 'description', 'description']"
民谣歌曲大全,['62248'],[],description,1,0,[],,['5179'],[0.5515008568763733],['description']
民谣歌曲大全,['62248'],[],description,3,1,['62248'],2.0,"['5179', '62248', '50393']","[0.5515008568763733, 0.4838414192199707, 0.4721604585647583]","['description', 'description', 'description']"
江湖的歌曲有哪些,['62248'],[],description,1,0,[],,['5179'],[0.5685611963272095],['description']
江湖的歌曲有哪些,['62248'],[],description,3,1,['62248'],2.0,"['5179', '62248', '50393']","[0.5685611963272095, 0.5245829820632935, 0.5116293430328369]","['description', 'description', 'description']"
治愈系纯音乐,['62248'],[],description,1,0,[],,['5179'],[0.5005426406860352],['description']
治愈系纯音乐,['62248'],[],description,3,1,['62248'],2.0,"['5179', '62248', '50393']","[0.5005426406860352, 0.45842891931533813, 0.4077340364456177]","['description', 'description', 'description']"
海的歌曲有哪些,['62248'],[],description,1,0,[],,['5179'],[0.571225106716156],['description']
海的歌曲有哪些,['62248'],[],description,3,1,['62248'],3.0,"['5179', '50393', '62248']","[0.571225106716156, 0.5507800579071045, 0.5467573404312134]","['description', 'description', 'description']"
清新愉快的歌曲?,['62248'],[],description,1,1,['62248'],1.0,['62248'],[0.5619475841522217],['description']
清新愉快的歌曲?,['62248'],[],description,3,1,['62248'],1.0,"['62248', '5179', '50393']","[0.5619475841522217, 0.5614885091781616, 0.5084190368652344]","['description', 'description', 'description']"
热门歌曲推荐,['62248'],[],description,1,1,['62248'],1.0,['62248'],[0.7095527648925781],['description']
热门歌曲推荐,['62248'],[],description,3,1,['62248'],1.0,"['62248', '5179', '50393']","[0.7095527648925781, 0.7021387815475464, 0.6321038007736206]","['description', 'description', 'description']"
爱的歌曲有哪些,['62248'],[],description,1,0,[],,['5179'],[0.5871531963348389],['description']
爱的歌曲有哪些,['62248'],[],description,3,1,['62248'],2.0,"['5179', '62248', '50393']","[0.5871531963348389, 0.5638973712921143, 0.5573079586029053]","['description', 'description', 'description']"
父亲的歌曲,['62248'],[],description,1,0,[],,['5179'],[0.5109747648239136],['description']
父亲的歌曲,['62248'],[],description,3,1,['62248'],3.0,"['5179', '50393', '62248']","[0.5109747648239136, 0.5108519196510315, 0.5011120438575745]","['description', 'description', 'description']"
现在流行网络歌曲,['62248'],[],description,1,0,[],,['5179'],[0.6098343729972839],['description']
现在流行网络歌曲,['62248'],[],description,3,1,['62248'],2.0,"['5179', '62248', '50393']","[0.6098343729972839, 0.5973294973373413, 0.5621243715286255]","['description', 'description', 'description']"
理查德克莱德曼钢琴曲,['62248'],[],description,1,0,[],,['5179'],[0.3498844504356384],['description']
理查德克莱德曼钢琴曲,['62248'],[],description,3,1,['62248'],2.0,"['5179', '62248', '50393']","[0.3498844504356384, 0.3427638113498688, 0.3140633702278137]","['description', 'description', 'description']"
甜歌大全,['62248'],[],description,1,0,[],,['5179'],[0.4712410569190979],['description']
甜歌大全,['62248'],[],description,3,1,['62248'],2.0,"['5179', '62248', '50393']","[0.4712410569190979, 0.46670979261398315, 0.45831775665283203]","['description', 'description', 'description']"
男女对唱的歌曲,['62248'],[],description,1,0,[],,['5179'],[0.4535457491874695],['description']
男女对唱的歌曲,['62248'],[],description,3,1,['62248'],2.0,"['5179', '62248', '50393']","[0.4535457491874695, 0.44792640209198, 0.4369150400161743]","['description', 'description', 'description']"
的纯音乐,['62248'],[],description,1,0,[],,['5179'],[0.5410470962524414],['description']
的纯音乐,['62248'],[],description,3,1,['62248'],2.0,"['5179', '62248', '50393']","[0.5410470962524414, 0.5235753059387207, 0.46921414136886597]","['description', 'description', 'description']"
睡眠催眠曲,['62248'],[],description,1,0,[],,['5179'],[0.46563106775283813],['description']
睡眠催眠曲,['62248'],[],description,3,1,['62248'],2.0,"['5179', '62248', '50393']","[0.46563106775283813, 0.4572550654411316, 0.4143555760383606]","['description', 'description', 'description']"
短视频背景音乐,['62248'],[],description,1,1,['62248'],1.0,['62248'],[0.46983522176742554],['description']
短视频背景音乐,['62248'],[],description,3,1,['62248'],1.0,"['62248', '5179', '52524']","[0.46983522176742554, 0.4697904884815216, 0.41074633598327637]","['description', 'description', 'description']"
祖国的歌曲,['62248'],[],description,1,0,[],,['5179'],[0.4708166718482971],['description']
祖国的歌曲,['62248'],[],description,3,1,['62248'],2.0,"['5179', '62248', '50393']","[0.4708166718482971, 0.45797234773635864, 0.4364408254623413]","['description', 'description', 'description']"
秦腔的歌曲,['62248'],[],description,1,0,[],,['5179'],[0.45059531927108765],['description']
秦腔的歌曲,['62248'],[],description,3,1,['62248'],2.0,"['5179', '62248', '50393']","[0.45059531927108765, 0.44559556245803833, 0.41675901412963867]","['description', 'description', 'description']"
粤语经典歌曲,['62248'],[],description,1,0,[],,['5179'],[0.4697999060153961],['description']
粤语经典歌曲,['62248'],[],description,3,1,['62248'],2.0,"['5179', '62248', '50393']","[0.4697999060153961, 0.46606090664863586, 0.44298452138900757]","['description', 'description', 'description']"
红歌100首。,['62248'],[],description,1,0,[],,['5179'],[0.49608391523361206],['description']
红歌100首。,['62248'],[],description,3,1,['62248'],2.0,"['5179', '62248', '50393']","[0.49608391523361206, 0.47422054409980774, 0.4472866356372833]","['description', 'description', 'description']"
经典dj歌曲,['62248'],[],description,1,0,[],,['5179'],[0.4980520009994507],['description']
经典dj歌曲,['62248'],[],description,3,1,['62248'],2.0,"['5179', '62248', '50393']","[0.4980520009994507, 0.4507894217967987, 0.4104377329349518]","['description', 'description', 'description']"
经典歌曲100首免费听,['62248'],[],description,1,0,[],,['5179'],[0.5301789045333862],['description']
经典歌曲100首免费听,['62248'],[],description,3,1,['62248'],2.0,"['5179', '62248', '50393']","[0.5301789045333862, 0.49604395031929016, 0.4674597382545471]","['description', 'description', 'description']"
经典歌曲联唱,['62248'],[],description,1,0,[],,['5179'],[0.5524096488952637],['description']
经典歌曲联唱,['62248'],[],description,3,1,['62248'],2.0,"['5179', '62248', '50393']","[0.5524096488952637, 0.48556193709373474, 0.45460009574890137]","['description', 'description', 'description']"
结婚唱什么歌合适,['62248'],[],description,1,0,[],,['5179'],[0.5137972235679626],['description']
结婚唱什么歌合适,['62248'],[],description,3,1,['62248'],2.0,"['5179', '62248', '50393']","[0.5137972235679626, 0.49596405029296875, 0.44193241000175476]","['description', 'description', 'description']"
老年人生日祝福歌曲有哪些,['62248'],[],description,1,0,[],,['50393'],[0.5086873769760132],['description']
老年人生日祝福歌曲有哪些,['62248'],[],description,3,1,['62248'],3.0,"['50393', '5179', '62248']","[0.5086873769760132, 0.5039545297622681, 0.4942658543586731]","['description', 'description', 'description']"
聚餐最火的十首歌,['62248'],[],description,1,0,[],,['5179'],[0.4400692582130432],['description']
聚餐最火的十首歌,['62248'],[],description,3,1,['62248'],2.0,"['5179', '62248', '50393']","[0.4400692582130432, 0.40513506531715393, 0.3873057961463928]","['description', 'description', 'description']"
舒缓轻音乐,['62248'],[],description,1,0,[],,['5179'],[0.5265576243400574],['description']
舒缓轻音乐,['62248'],[],description,3,1,['62248'],2.0,"['5179', '62248', '50393']","[0.5265576243400574, 0.46563345193862915, 0.4248645007610321]","['description', 'description', 'description']"
舒肝的音乐,['62248'],[],description,1,0,[],,['5179'],[0.48665881156921387],['description']
舒肝的音乐,['62248'],[],description,3,1,['62248'],2.0,"['5179', '62248', '50393']","[0.48665881156921387, 0.44974303245544434, 0.4139070510864258]","['description', 'description', 'description']"
舞曲舞曲,['62248'],[],description,1,0,[],,['5179'],[0.5596025586128235],['description']
舞曲舞曲,['62248'],[],description,3,1,['62248'],2.0,"['5179', '62248', '51377']","[0.5596025586128235, 0.5386022329330444, 0.49697792530059814]","['description', 'description', 'description']"
草原歌曲大全,['62248'],[],description,1,0,[],,['5179'],[0.4634101688861847],['description']
草原歌曲大全,['62248'],[],description,3,1,['62248'],2.0,"['5179', '62248', '50393']","[0.4634101688861847, 0.4249752163887024, 0.41413596272468567]","['description', 'description', 'description']"
荷东迪斯科劲爆舞曲,['62248'],[],description,1,0,[],,['5179'],[0.33787572383880615],['description']
荷东迪斯科劲爆舞曲,['62248'],[],description,3,1,['62248'],2.0,"['5179', '62248', '50393']","[0.33787572383880615, 0.3126254677772522, 0.2851393222808838]","['description', 'description', 'description']"
萨克斯十大顶级神曲,['62248'],[],description,1,0,[],,['5179'],[0.35225406289100647],['description']
萨克斯十大顶级神曲,['62248'],[],description,3,1,['62248'],2.0,"['5179', '62248', '50393']","[0.35225406289100647, 0.34235888719558716, 0.3283763527870178]","['description', 'description', 'description']"
葫芦丝乐曲,['62248'],[],description,1,0,[],,['5179'],[0.4485955238342285],['description']
葫芦丝乐曲,['62248'],[],description,3,1,['62248'],2.0,"['5179', '62248', '51377']","[0.4485955238342285, 0.4216987192630768, 0.40639305114746094]","['description', 'description', 'description']"
蒙古族歌曲,['62248'],[],description,1,0,[],,['5179'],[0.4581020176410675],['description']
蒙古族歌曲,['62248'],[],description,3,1,['62248'],2.0,"['5179', '62248', '50393']","[0.4581020176410675, 0.43405482172966003, 0.41150787472724915]","['description', 'description', 'description']"
薛之谦的歌最好听,['62248'],[],description,1,0,[],,['50393'],[0.498931348323822],['description']
薛之谦的歌最好听,['62248'],[],description,3,1,['62248'],2.0,"['50393', '62248', '5179']","[0.498931348323822, 0.48894721269607544, 0.4588404893875122]","['description', 'description', 'description']"
藏族歌曲最好听的十首,['62248'],[],description,1,0,[],,['5179'],[0.4325496256351471],['description']
藏族歌曲最好听的十首,['62248'],[],description,3,1,['62248'],2.0,"['5179', '62248', '50393']","[0.4325496256351471, 0.41564226150512695, 0.3930131196975708]","['description', 'description', 'description']"
警察歌曲,['62248'],[],description,1,0,[],,['5179'],[0.48068535327911377],['description']
警察歌曲,['62248'],[],description,3,1,['62248'],2.0,"['5179', '62248', '50393']","[0.48068535327911377, 0.4570353627204895, 0.4428479075431824]","['description', 'description', 'description']"
许嵩所有歌曲,['62248'],[],description,1,0,[],,['50393'],[0.5986999273300171],['description']
许嵩所有歌曲,['62248'],[],description,3,1,['62248'],3.0,"['50393', '5179', '62248']","[0.5986999273300171, 0.5817465782165527, 0.5563352704048157]","['description', 'description', 'description']"
足球赛的歌曲,['62248'],[],description,1,0,[],,['5179'],[0.4956822097301483],['description']
足球赛的歌曲,['62248'],[],description,3,1,['62248'],2.0,"['5179', '62248', '50393']","[0.4956822097301483, 0.4929652810096741, 0.4525175094604492]","['description', 'description', 'description']"
跑步适合的音乐,['62248'],[],description,1,0,[],,['5179'],[0.5526270866394043],['description']
跑步适合的音乐,['62248'],[],description,3,1,['62248'],2.0,"['5179', '62248', '62206']","[0.5526270866394043, 0.5266616344451904, 0.48392972350120544]","['description', 'description', 'description']"
车载dj舞曲,['62248'],[],description,1,0,[],,['5179'],[0.4563055634498596],['description']
车载dj舞曲,['62248'],[],description,3,1,['62248'],2.0,"['5179', '62248', '50393']","[0.4563055634498596, 0.4189443588256836, 0.3875443935394287]","['description', 'description', 'description']"
运动会歌曲最火的歌,['62248'],[],description,1,0,[],,['5179'],[0.41349324584007263],['description']
运动会歌曲最火的歌,['62248'],[],description,3,1,['62248'],2.0,"['5179', '62248', '50393']","[0.41349324584007263, 0.41026073694229126, 0.36960524320602417]","['description', 'description', 'description']"
适合初中生的英文歌,['62248'],[],description,1,0,[],,['85'],[0.41867291927337646],['description']
适合初中生的英文歌,['62248'],[],description,3,1,['62248'],2.0,"['85', '62248', '62172']","[0.41867291927337646, 0.4131123125553131, 0.411632239818573]","['description', 'description', 'description']"
适合女生唱的歌,['62248'],[],description,1,1,['62248'],1.0,['62248'],[0.4963485598564148],['description']
适合女生唱的歌,['62248'],[],description,3,1,['62248'],1.0,"['62248', '5179', '50393']","[0.4963485598564148, 0.4845086932182312, 0.4662604033946991]","['description', 'description', 'description']"
适合孩子唱的歌曲,['62248'],[],description,1,1,['62248'],1.0,['62248'],[0.5068118572235107],['description']
适合孩子唱的歌曲,['62248'],[],description,3,1,['62248'],1.0,"['62248', '5179', '50393']","[0.5068118572235107, 0.49744293093681335, 0.4884406328201294]","['description', 'description', 'description']"
适合年会唱的歌,['62248'],[],description,1,0,[],,['5179'],[0.4219967722892761],['description']
适合年会唱的歌,['62248'],[],description,3,1,['62248'],2.0,"['5179', '62248', '50393']","[0.4219967722892761, 0.41291543841362, 0.40155720710754395]","['description', 'description', 'description']"
钢琴名曲,['62248'],[],description,1,0,[],,['51377'],[0.5026451349258423],['description']
钢琴名曲,['62248'],[],description,3,1,['62248'],3.0,"['51377', '5179', '62248']","[0.5026451349258423, 0.4908066391944885, 0.47983846068382263]","['description', 'description', 'description']"
风的歌曲有哪些,['62248'],[],description,1,0,[],,['5179'],[0.5774773359298706],['description']
风的歌曲有哪些,['62248'],[],description,3,1,['62248'],2.0,"['5179', '62248', '50393']","[0.5774773359298706, 0.564753532409668, 0.5578815937042236]","['description', 'description', 'description']"
高音歌曲排行榜前十名,['62248'],[],description,1,0,[],,['5179'],[0.49644729495048523],['description']
高音歌曲排行榜前十名,['62248'],[],description,3,1,['62248'],2.0,"['5179', '62248', '50393']","[0.49644729495048523, 0.4725566506385803, 0.44726598262786865]","['description', 'description', 'description']"
0-3岁儿歌,['62248'],[],merged,1,1,['62248'],1.0,['62248'],[0.4123595356941223],['description']
0-3岁儿歌,['62248'],[],merged,3,1,['62248'],1.0,"['62248', '5179', '62206']","[0.4123595356941223, 0.40347206592559814, 0.39832252264022827]","['description', 'description', 'title_description']"
0一6岁儿歌,['62248'],[],merged,1,0,[],,['5179'],[0.4151396155357361],['description']
0一6岁儿歌,['62248'],[],merged,3,1,['62248'],2.0,"['5179', '62248', '50393']","[0.4151396155357361, 0.3933086097240448, 0.3818041682243347]","['description', 'description', 'description']"
100首歌曲大全,['62248'],[],merged,1,0,[],,['5179'],[0.6068147420883179],['title_description']
100首歌曲大全,['62248'],[],merged,3,1,['62248'],2.0,"['5179', '62248', '50393']","[0.6068147420883179, 0.5576931834220886, 0.5473564863204956]","['title_description', 'title_description', 'description']"
16年网络歌曲大全名单,['62248'],[],merged,1,0,[],,['5179'],[0.562227725982666],['title_description']
16年网络歌曲大全名单,['62248'],[],merged,3,1,['62248'],2.0,"['5179', '62248', '50393']","[0.562227725982666, 0.5053385496139526, 0.48675912618637085]","['title_description', 'title_description', 'description']"
4一6年级好听英语歌,['62248'],[],merged,1,0,[],,['5179'],[0.4136910140514374],['description']
4一6年级好听英语歌,['62248'],[],merged,3,1,['62248'],2.0,"['5179', '62248', '85']","[0.4136910140514374, 0.39354825019836426, 0.392986923456192]","['description', 'title_description', 'description']"
500首经典老歌大全,['62248'],[],merged,1,0,[],,['5179'],[0.4885695278644562],['description']
500首经典老歌大全,['62248'],[],merged,3,1,['62248'],2.0,"['5179', '62248', '50393']","[0.4885695278644562, 0.4553946256637573, 0.4464086890220642]","['description', 'title_description', 'description']"
70年代经典老歌,['62248'],[],merged,1,1,['62248'],1.0,['62248'],[0.49038493633270264],['title_description']
70年代经典老歌,['62248'],[],merged,3,1,['62248'],1.0,"['62248', '62206', '5179']","[0.49038493633270264, 0.4751397371292114, 0.47447749972343445]","['title_description', 'title_description', 'description']"
80后的经典老歌,['62248'],[],merged,1,1,['62248'],1.0,['62248'],[0.4856111407279968],['title_description']
80后的经典老歌,['62248'],[],merged,3,1,['62248'],1.0,"['62248', '5179', '62206']","[0.4856111407279968, 0.4828459620475769, 0.4680159091949463]","['title_description', 'title_description', 'title_description']"
90年代经典老歌,['62248'],[],merged,1,1,['62248'],1.0,['62248'],[0.5051736831665039],['title_description']
90年代经典老歌,['62248'],[],merged,3,1,['62248'],1.0,"['62248', '5179', '62206']","[0.5051736831665039, 0.4978591203689575, 0.48617976903915405]","['title_description', 'description', 'title_description']"
bgm背景音乐,['62248'],[],merged,1,0,[],,['5179'],[0.5159193277359009],['description']
bgm背景音乐,['62248'],[],merged,3,1,['62248'],2.0,"['5179', '62248', '62206']","[0.5159193277359009, 0.5061160326004028, 0.46931105852127075]","['description', 'title_description', 'title_description']"
dj 歌曲,['62248'],[],merged,1,1,['62248'],1.0,['62248'],[0.6017528772354126],['title_description']
dj 歌曲,['62248'],[],merged,3,1,['62248'],1.0,"['62248', '5179', '62206']","[0.6017528772354126, 0.5745548605918884, 0.5613336563110352]","['title_description', 'description', 'title_description']"
english英文歌曲,['62248'],[],merged,1,0,[],,['50143'],[0.533157467842102],['description']
english英文歌曲,['62248'],[],merged,3,0,[],,"['50143', '85', '62172']","[0.533157467842102, 0.5278030037879944, 0.5216867327690125]","['description', 'description', 'description']"
ktv必点的歌曲,['62248'],[],merged,1,0,[],,['5179'],[0.5098625421524048],['title_description']
ktv必点的歌曲,['62248'],[],merged,3,1,['62248'],2.0,"['5179', '62248', '8470']","[0.5098625421524048, 0.4932149350643158, 0.4880565404891968]","['title_description', 'title_description', 'title_description']"
《汪汪队》主题歌,['62248'],[],merged,1,0,[],,['5179'],[0.41733884811401367],['description']
《汪汪队》主题歌,['62248'],[],merged,3,1,['62248'],2.0,"['5179', '62248', '8470']","[0.41733884811401367, 0.4150240421295166, 0.4073028862476349]","['description', 'description', 'title_description']"
一人一首成名曲,['62248'],[],merged,1,0,[],,['50393'],[0.5145940184593201],['description']
一人一首成名曲,['62248'],[],merged,3,0,[],,"['50393', '8470', '62206']","[0.5145940184593201, 0.4949260354042053, 0.48421746492385864]","['description', 'title_description', 'title_description']"
三人唱的歌曲有哪些,['62248'],[],merged,1,0,[],,['8470'],[0.5545921325683594],['title_description']
三人唱的歌曲有哪些,['62248'],[],merged,3,0,[],,"['8470', '62206', '50393']","[0.5545921325683594, 0.5521067976951599, 0.5308753252029419]","['title_description', 'title_description', 'description']"
世界杯的歌曲,['62248'],[],merged,1,0,[],,['62206'],[0.5425854921340942],['title_description']
世界杯的歌曲,['62248'],[],merged,3,1,['62248'],3.0,"['62206', '5179', '62248']","[0.5425854921340942, 0.5419425368309021, 0.5347427129745483]","['title_description', 'title_description', 'title_description']"
中小学必唱歌曲,['62248'],[],merged,1,0,[],,['5179'],[0.4491981267929077],['title_description']
中小学必唱歌曲,['62248'],[],merged,3,0,[],,"['5179', '62206', '8470']","[0.4491981267929077, 0.44281142950057983, 0.4418973922729492]","['title_description', 'title_description', 'title_description']"
二年级歌曲,['62248'],[],merged,1,0,[],,['5179'],[0.48777127265930176],['title_description']
二年级歌曲,['62248'],[],merged,3,1,['62248'],2.0,"['5179', '62248', '62206']","[0.48777127265930176, 0.48295003175735474, 0.47650256752967834]","['title_description', 'title_description', 'title_description']"
二胡名曲,['62248'],[],merged,1,0,[],,['5179'],[0.4458523392677307],['description']
二胡名曲,['62248'],[],merged,3,1,['62248'],2.0,"['5179', '62248', '52524']","[0.4458523392677307, 0.4445692002773285, 0.4331433176994324]","['description', 'title_description', 'title_description']"
云南的歌曲,['62248'],[],merged,1,0,[],,['5179'],[0.49733155965805054],['title_description']
云南的歌曲,['62248'],[],merged,3,1,['62248'],2.0,"['5179', '62248', '62206']","[0.49733155965805054, 0.49104949831962585, 0.4841194152832031]","['title_description', 'title_description', 'title_description']"
任素汐作词作曲的歌曲有哪些,['62248'],[],merged,1,0,[],,['8470'],[0.5267579555511475],['title_description']
任素汐作词作曲的歌曲有哪些,['62248'],[],merged,3,0,[],,"['8470', '62206', '50393']","[0.5267579555511475, 0.5109087228775024, 0.5007095336914062]","['title_description', 'title_description', 'description']"
伍佰的歌曲排行榜,['62248'],[],merged,1,0,[],,['50393'],[0.5687353610992432],['description']
伍佰的歌曲排行榜,['62248'],[],merged,3,1,['62248'],3.0,"['50393', '5179', '62248']","[0.5687353610992432, 0.5557984113693237, 0.5385369062423706]","['description', 'description', 'description']"
伤心的歌曲,['62248'],[],merged,1,0,[],,['5179'],[0.5373567938804626],['title_description']
伤心的歌曲,['62248'],[],merged,3,1,['62248'],2.0,"['5179', '62248', '62206']","[0.5373567938804626, 0.5371614694595337, 0.5278941988945007]","['title_description', 'title_description', 'title_description']"
伤感歌曲大全100首,['62248'],[],merged,1,0,[],,['5179'],[0.5410922765731812],['title_description']
伤感歌曲大全100首,['62248'],[],merged,3,1,['62248'],2.0,"['5179', '62248', '50393']","[0.5410922765731812, 0.4962136745452881, 0.4860644042491913]","['title_description', 'description', 'description']"
伤感的纯音乐,['62248'],[],merged,1,0,[],,['5179'],[0.4697887599468231],['description']
伤感的纯音乐,['62248'],[],merged,3,1,['62248'],2.0,"['5179', '62248', '62206']","[0.4697887599468231, 0.46181559562683105, 0.42480000853538513]","['description', 'title_description', 'title_description']"
佛的歌,['62248'],[],merged,1,0,[],,['8470'],[0.5014703869819641],['title_description']
佛的歌,['62248'],[],merged,3,1,['62248'],3.0,"['8470', '62206', '62248']","[0.5014703869819641, 0.5006049871444702, 0.49609535932540894]","['title_description', 'title_description', 'title_description']"
健身运动的歌曲,['62248'],[],merged,1,0,[],,['5179'],[0.5199639797210693],['title_description']
健身运动的歌曲,['62248'],[],merged,3,1,['62248'],2.0,"['5179', '62248', '62206']","[0.5199639797210693, 0.4933370053768158, 0.4703104794025421]","['title_description', 'title_description', 'title_description']"
儿歌大全100首,['62248'],[],merged,1,0,[],,['5179'],[0.4340824484825134],['description']
儿歌大全100首,['62248'],[],merged,3,1,['62248'],2.0,"['5179', '62248', '50393']","[0.4340824484825134, 0.43213266134262085, 0.41964489221572876]","['description', 'description', 'description']"
儿歌歌曲大全100首连续播放,['62248'],[],merged,1,0,[],,['5179'],[0.45293736457824707],['description']
儿歌歌曲大全100首连续播放,['62248'],[],merged,3,1,['62248'],2.0,"['5179', '62248', '50393']","[0.45293736457824707, 0.4332042336463928, 0.41299182176589966]","['description', 'description', 'description']"
儿童好听的歌曲,['62248'],[],merged,1,0,[],,['5179'],[0.43193018436431885],['title_description']
儿童好听的歌曲,['62248'],[],merged,3,1,['62248'],2.0,"['5179', '62248', '62206']","[0.43193018436431885, 0.4266713261604309, 0.4146934151649475]","['title_description', 'title_description', 'title_description']"
儿童舞蹈音乐,['62248'],[],merged,1,0,[],,['5179'],[0.37494879961013794],['title_description']
儿童舞蹈音乐,['62248'],[],merged,3,1,['62248'],2.0,"['5179', '62248', '62206']","[0.37494879961013794, 0.36818426847457886, 0.3399691879749298]","['title_description', 'title_description', 'title_description']"
克莱德曼的钢琴曲,['62248'],[],merged,1,1,['62248'],1.0,['62248'],[0.4132643938064575],['title_description']
克莱德曼的钢琴曲,['62248'],[],merged,3,1,['62248'],1.0,"['62248', '5179', '62206']","[0.4132643938064575, 0.4023258090019226, 0.3719863295555115]","['title_description', 'description', 'title_description']"
写作业适合听的歌,['62248'],[],merged,1,0,[],,['5179'],[0.5232232809066772],['description']
写作业适合听的歌,['62248'],[],merged,3,1,['62248'],2.0,"['5179', '62248', '62206']","[0.5232232809066772, 0.5121898055076599, 0.47746315598487854]","['description', 'title_description', 'title_description']"
军歌的歌曲有哪些,['62248'],[],merged,1,0,[],,['5179'],[0.5233535766601562],['title_description']
军歌的歌曲有哪些,['62248'],[],merged,3,0,[],,"['5179', '62206', '8470']","[0.5233535766601562, 0.5063238143920898, 0.5056062340736389]","['title_description', 'title_description', 'title_description']"
分手的歌曲,['62248'],[],merged,1,0,[],,['5179'],[0.5256578922271729],['title_description']
分手的歌曲,['62248'],[],merged,3,1,['62248'],2.0,"['5179', '62248', '62206']","[0.5256578922271729, 0.5132840275764465, 0.5047911405563354]","['title_description', 'title_description', 'title_description']"
刘欢唱的歌曲,['62248'],[],merged,1,0,[],,['50393'],[0.5096282362937927],['description']
刘欢唱的歌曲,['62248'],[],merged,3,1,['62248'],2.0,"['50393', '62248', '62206']","[0.5096282362937927, 0.502974271774292, 0.4991183578968048]","['description', 'title_description', 'title_description']"
动感的歌曲,['62248'],[],merged,1,0,[],,['5179'],[0.5699350237846375],['title_description']
动感的歌曲,['62248'],[],merged,3,1,['62248'],2.0,"['5179', '62248', '62206']","[0.5699350237846375, 0.5620381832122803, 0.5207604765892029]","['title_description', 'title_description', 'title_description']"
励志的歌曲有哪些,['62248'],[],merged,1,0,[],,['5179'],[0.54072105884552],['title_description']
励志的歌曲有哪些,['62248'],[],merged,3,0,[],,"['5179', '8470', '62206']","[0.54072105884552, 0.540555477142334, 0.5381078124046326]","['title_description', 'title_description', 'title_description']"
十大纯音乐,['62248'],[],merged,1,0,[],,['5179'],[0.46983909606933594],['description']
十大纯音乐,['62248'],[],merged,3,1,['62248'],2.0,"['5179', '62248', '50393']","[0.46983909606933594, 0.4453844428062439, 0.39055460691452026]","['description', 'title_description', 'description']"
十大超燃bgm英文歌曲,['62248'],[],merged,1,0,[],,['5179'],[0.3845605254173279],['title_description']
十大超燃bgm英文歌曲,['62248'],[],merged,3,1,['62248'],2.0,"['5179', '62248', '85']","[0.3845605254173279, 0.37269484996795654, 0.34605443477630615]","['title_description', 'title_description', 'description']"
十大钢琴名曲,['62248'],[],merged,1,0,[],,['5179'],[0.36420273780822754],['title_description']
十大钢琴名曲,['62248'],[],merged,3,1,['62248'],2.0,"['5179', '62248', '51378']","[0.36420273780822754, 0.3584504723548889, 0.3261786103248596]","['title_description', 'title_description', 'description']"
华语经典金曲,['62248'],[],merged,1,0,[],,['5179'],[0.49490752816200256],['description']
华语经典金曲,['62248'],[],merged,3,1,['62248'],2.0,"['5179', '62248', '62206']","[0.49490752816200256, 0.48325610160827637, 0.45029693841934204]","['description', 'title_description', 'title_description']"
古筝曲十大名曲有哪些,['62248'],[],merged,1,0,[],,['52524'],[0.397394597530365],['title_description']
古筝曲十大名曲有哪些,['62248'],[],merged,3,0,[],,"['52524', '5179', '51378']","[0.397394597530365, 0.39467084407806396, 0.3843832015991211]","['title_description', 'title_description', 'title_description']"
古风的歌曲,['62248'],[],merged,1,0,[],,['5179'],[0.5182722210884094],['title_description']
古风的歌曲,['62248'],[],merged,3,1,['62248'],2.0,"['5179', '62248', '62206']","[0.5182722210884094, 0.5099653005599976, 0.49182307720184326]","['title_description', 'title_description', 'title_description']"
各省的代表歌曲,['62248'],[],merged,1,0,[],,['5179'],[0.559287965297699],['description']
各省的代表歌曲,['62248'],[],merged,3,1,['62248'],2.0,"['5179', '62248', '62206']","[0.559287965297699, 0.5316774845123291, 0.5203626751899719]","['description', 'title_description', 'title_description']"
同学聚会的歌曲,['62248'],[],merged,1,0,[],,['5179'],[0.5066580176353455],['title_description']
同学聚会的歌曲,['62248'],[],merged,3,1,['62248'],2.0,"['5179', '62248', '62206']","[0.5066580176353455, 0.4602944254875183, 0.45705321431159973]","['title_description', 'title_description', 'title_description']"
听一首老歌,['62248'],[],merged,1,1,['62248'],1.0,['62248'],[0.6417222619056702],['description']
听一首老歌,['62248'],[],merged,3,1,['62248'],1.0,"['62248', '5179', '62206']","[0.6417222619056702, 0.6189160346984863, 0.6074987649917603]","['description', 'description', 'title_description']"
哄睡儿歌,['62248'],[],merged,1,1,['62248'],1.0,['62248'],[0.4135526716709137],['description']
哄睡儿歌,['62248'],[],merged,3,1,['62248'],1.0,"['62248', '5179', '62206']","[0.4135526716709137, 0.4073013663291931, 0.40073031187057495]","['description', 'description', 'title_description']"
喝酒的歌曲有哪些,['62248'],[],merged,1,0,[],,['5179'],[0.5667192935943604],['title_description']
喝酒的歌曲有哪些,['62248'],[],merged,3,0,[],,"['5179', '62206', '8470']","[0.5667192935943604, 0.5586946606636047, 0.5565698146820068]","['title_description', 'title_description', 'title_description']"
国庆歌曲大全100首,['62248'],[],merged,1,0,[],,['5179'],[0.5002554059028625],['title_description']
国庆歌曲大全100首,['62248'],[],merged,3,1,['62248'],2.0,"['5179', '62248', '8470']","[0.5002554059028625, 0.4726928472518921, 0.4284287095069885]","['title_description', 'title_description', 'title_description']"
基督的歌曲,['62248'],[],merged,1,0,[],,['62206'],[0.5377220511436462],['title_description']
基督的歌曲,['62248'],[],merged,3,0,[],,"['62206', '5179', '50393']","[0.5377220511436462, 0.535420835018158, 0.5339383482933044]","['title_description', 'title_description', 'description']"
奥特曼主题歌曲,['62248'],[],merged,1,0,[],,['5179'],[0.40150535106658936],['title_description']
奥特曼主题歌曲,['62248'],[],merged,3,1,['62248'],2.0,"['5179', '62248', '50393']","[0.40150535106658936, 0.371849924325943, 0.3695736229419708]","['title_description', 'title_description', 'title_description']"
女声歌曲,['62248'],[],merged,1,1,['62248'],1.0,['62248'],[0.5345038771629333],['title_description']
女声歌曲,['62248'],[],merged,3,1,['62248'],1.0,"['62248', '62206', '5179']","[0.5345038771629333, 0.5222864151000977, 0.5192896127700806]","['title_description', 'title_description', 'title_description']"
女生十大励志歌曲,['62248'],[],merged,1,0,[],,['5179'],[0.4516869783401489],['description']
女生十大励志歌曲,['62248'],[],merged,3,1,['62248'],3.0,"['5179', '62206', '62248']","[0.4516869783401489, 0.45100176334381104, 0.4496428370475769]","['description', 'title_description', 'description']"
好听治愈的歌曲,['62248'],[],merged,1,1,['62248'],1.0,['62248'],[0.5387130975723267],['title_description']
好听治愈的歌曲,['62248'],[],merged,3,1,['62248'],1.0,"['62248', '5179', '62206']","[0.5387130975723267, 0.5280159711837769, 0.49816232919692993]","['title_description', 'title_description', 'title_description']"
好听的男生民谣歌曲,['62248'],[],merged,1,0,[],,['5179'],[0.43137213587760925],['title_description']
好听的男生民谣歌曲,['62248'],[],merged,3,1,['62248'],2.0,"['5179', '62248', '8470']","[0.43137213587760925, 0.42244935035705566, 0.3973086476325989]","['title_description', 'title_description', 'title_description']"
好听的铃声,['62248'],[],merged,1,1,['62248'],1.0,['62248'],[0.5012242197990417],['title_description']
好听的铃声,['62248'],[],merged,3,1,['62248'],1.0,"['62248', '5179', '51377']","[0.5012242197990417, 0.47305136919021606, 0.4668886363506317]","['title_description', 'description', 'description']"
好声音经典歌曲,['62248'],[],merged,1,1,['62248'],1.0,['62248'],[0.47912511229515076],['title_description']
好声音经典歌曲,['62248'],[],merged,3,1,['62248'],1.0,"['62248', '5179', '62206']","[0.47912511229515076, 0.46534860134124756, 0.4341762363910675]","['title_description', 'title_description', 'title_description']"
小众好听的歌曲,['62248'],[],merged,1,1,['62248'],1.0,['62248'],[0.5626457929611206],['title_description']
小众好听的歌曲,['62248'],[],merged,3,1,['62248'],1.0,"['62248', '5179', '62206']","[0.5626457929611206, 0.5387073755264282, 0.5244481563568115]","['title_description', 'title_description', 'title_description']"
小朋友的儿歌,['62248'],[],merged,1,0,[],,['62206'],[0.5107972621917725],['title_description']
小朋友的儿歌,['62248'],[],merged,3,1,['62248'],3.0,"['62206', '8470', '62248']","[0.5107972621917725, 0.5053931474685669, 0.5047507286071777]","['title_description', 'title_description', 'description']"
少年流行歌曲,['62248'],[],merged,1,0,[],,['5179'],[0.513999342918396],['title_description']
少年流行歌曲,['62248'],[],merged,3,1,['62248'],2.0,"['5179', '62248', '50393']","[0.513999342918396, 0.4996785521507263, 0.4897799789905548]","['title_description', 'description', 'description']"
带劲的歌曲,['62248'],[],merged,1,1,['62248'],1.0,['62248'],[0.5531174540519714],['title_description']
带劲的歌曲,['62248'],[],merged,3,1,['62248'],1.0,"['62248', '5179', '62206']","[0.5531174540519714, 0.5477113723754883, 0.5262594223022461]","['title_description', 'title_description', 'title_description']"
幼儿园起床歌曲,['62248'],[],merged,1,0,[],,['5179'],[0.3830631375312805],['title_description']
幼儿园起床歌曲,['62248'],[],merged,3,1,['62248'],2.0,"['5179', '62248', '8470']","[0.3830631375312805, 0.3541983664035797, 0.33417004346847534]","['title_description', 'title_description', 'title_description']"
开业的音乐,['62248'],[],merged,1,0,[],,['5179'],[0.5581558346748352],['title_description']
开业的音乐,['62248'],[],merged,3,1,['62248'],2.0,"['5179', '62248', '62206']","[0.5581558346748352, 0.5253491401672363, 0.47595417499542236]","['title_description', 'title_description', 'title_description']"
心情不好听什么歌最好,['62248'],[],merged,1,0,[],,['5179'],[0.5485001802444458],['description']
心情不好听什么歌最好,['62248'],[],merged,3,1,['62248'],2.0,"['5179', '62248', '8470']","[0.5485001802444458, 0.5350614786148071, 0.508486270904541]","['description', 'title_description', 'title_description']"
恐怖的歌曲,['62248'],[],merged,1,1,['62248'],1.0,['62248'],[0.5306228399276733],['title_description']
恐怖的歌曲,['62248'],[],merged,3,1,['62248'],1.0,"['62248', '5179', '62206']","[0.5306228399276733, 0.5294890403747559, 0.5247729420661926]","['title_description', 'title_description', 'title_description']"
抖音的歌曲最火,['62248'],[],merged,1,1,['62248'],1.0,['62248'],[0.5372606515884399],['description']
抖音的歌曲最火,['62248'],[],merged,3,1,['62248'],1.0,"['62248', '62206', '5179']","[0.5372606515884399, 0.5176990032196045, 0.5171071290969849]","['description', 'title_description', 'title_description']"
拉丁舞歌曲,['62248'],[],merged,1,0,[],,['5179'],[0.4790424108505249],['title_description']
拉丁舞歌曲,['62248'],[],merged,3,1,['62248'],2.0,"['5179', '62248', '62206']","[0.4790424108505249, 0.4767134189605713, 0.4706403911113739]","['title_description', 'title_description', 'title_description']"
放松心情的音乐,['62248'],[],merged,1,0,[],,['5179'],[0.5129650831222534],['description']
放松心情的音乐,['62248'],[],merged,3,1,['62248'],2.0,"['5179', '62248', '62206']","[0.5129650831222534, 0.4859082102775574, 0.4411141276359558]","['description', 'title_description', 'title_description']"
新白娘子传奇歌曲,['62248'],[],merged,1,0,[],,['62206'],[0.370730996131897],['title_description']
新白娘子传奇歌曲,['62248'],[],merged,3,0,[],,"['62206', '8470', '5179']","[0.370730996131897, 0.369266152381897, 0.36734652519226074]","['title_description', 'title_description', 'title_description']"
时代少年团有什么歌,['62248'],[],merged,1,0,[],,['8470'],[0.4711506962776184],['title_description']
时代少年团有什么歌,['62248'],[],merged,3,0,[],,"['8470', '5179', '62206']","[0.4711506962776184, 0.46783050894737244, 0.4662158191204071]","['title_description', 'description', 'title_description']"
最近最火的歌曲,['62248'],[],merged,1,1,['62248'],1.0,['62248'],[0.5978316068649292],['description']
最近最火的歌曲,['62248'],[],merged,3,1,['62248'],1.0,"['62248', '5179', '62206']","[0.5978316068649292, 0.5908952951431274, 0.58091139793396]","['description', 'title_description', 'title_description']"
最霸气的歌曲前十名,['62248'],[],merged,1,0,[],,['5179'],[0.4933153986930847],['title_description']
最霸气的歌曲前十名,['62248'],[],merged,3,1,['62248'],2.0,"['5179', '62248', '62206']","[0.4933153986930847, 0.47587454319000244, 0.43756645917892456]","['title_description', 'title_description', 'title_description']"
有关杭州歌曲有哪些,['62248'],[],merged,1,0,[],,['62206'],[0.5592144727706909],['title_description']
有关杭州歌曲有哪些,['62248'],[],merged,3,0,[],,"['62206', '8470', '5179']","[0.5592144727706909, 0.5574935674667358, 0.5508605241775513]","['title_description', 'title_description', 'title_description']"
有关雨的歌曲,['62248'],[],merged,1,0,[],,['62206'],[0.5608517527580261],['title_description']
有关雨的歌曲,['62248'],[],merged,3,0,[],,"['62206', '5179', '8470']","[0.5608517527580261, 0.5600008964538574, 0.5557036995887756]","['title_description', 'title_description', 'title_description']"
有没有好听了歌曲,['62248'],[],merged,1,1,['62248'],1.0,['62248'],[0.6800365447998047],['title_description']
有没有好听了歌曲,['62248'],[],merged,3,1,['62248'],1.0,"['62248', '5179', '62206']","[0.6800365447998047, 0.6738940477371216, 0.6662102937698364]","['title_description', 'title_description', 'title_description']"
来一首休闲的音乐,['62248'],[],merged,1,0,[],,['5179'],[0.6225883364677429],['title_description']
来一首休闲的音乐,['62248'],[],merged,3,1,['62248'],2.0,"['5179', '62248', '62206']","[0.6225883364677429, 0.6003575325012207, 0.5530167818069458]","['title_description', 'description', 'title_description']"
极品音乐歌曲,['62248'],[],merged,1,1,['62248'],1.0,['62248'],[0.5766665935516357],['title_description']
极品音乐歌曲,['62248'],[],merged,3,1,['62248'],1.0,"['62248', '5179', '62206']","[0.5766665935516357, 0.5455076694488525, 0.4856225848197937]","['title_description', 'description', 'title_description']"
欢快的歌曲,['62248'],[],merged,1,0,[],,['5179'],[0.5785558223724365],['title_description']
欢快的歌曲,['62248'],[],merged,3,1,['62248'],2.0,"['5179', '62248', '62206']","[0.5785558223724365, 0.5693604350090027, 0.5315940380096436]","['title_description', 'title_description', 'title_description']"
欧美经典歌曲,['62248'],[],merged,1,0,[],,['5179'],[0.48671355843544006],['description']
欧美经典歌曲,['62248'],[],merged,3,1,['62248'],2.0,"['5179', '62248', '62206']","[0.48671355843544006, 0.476934015750885, 0.42995110154151917]","['description', 'title_description', 'title_description']"
歌曲最火的十首歌,['62248'],[],merged,1,0,[],,['5179'],[0.5406686067581177],['title_description']
歌曲最火的十首歌,['62248'],[],merged,3,1,['62248'],2.0,"['5179', '62248', '62206']","[0.5406686067581177, 0.5316864252090454, 0.5154838562011719]","['title_description', 'description', 'title_description']"
歌颂党的歌曲,['62248'],[],merged,1,0,[],,['62206'],[0.4619120657444],['title_description']
歌颂党的歌曲,['62248'],[],merged,3,1,['62248'],3.0,"['62206', '5179', '62248']","[0.4619120657444, 0.4567766785621643, 0.4565293490886688]","['title_description', 'description', 'title_description']"
毕业的歌曲,['62248'],[],merged,1,0,[],,['5179'],[0.5483660697937012],['title_description']
毕业的歌曲,['62248'],[],merged,3,1,['62248'],2.0,"['5179', '62248', '62206']","[0.5483660697937012, 0.5340666174888611, 0.514459490776062]","['title_description', 'title_description', 'title_description']"
民歌乐曲,['62248'],[],merged,1,0,[],,['5179'],[0.5292944312095642],['title_description']
民歌乐曲,['62248'],[],merged,3,1,['62248'],2.0,"['5179', '62248', '62206']","[0.5292944312095642, 0.4899410307407379, 0.47707629203796387]","['title_description', 'title_description', 'title_description']"
民谣歌曲大全,['62248'],[],merged,1,0,[],,['5179'],[0.567245364189148],['title_description']
民谣歌曲大全,['62248'],[],merged,3,1,['62248'],2.0,"['5179', '62248', '50393']","[0.567245364189148, 0.4873047471046448, 0.4721604585647583]","['title_description', 'title_description', 'description']"
江湖的歌曲有哪些,['62248'],[],merged,1,0,[],,['5179'],[0.5812588334083557],['title_description']
江湖的歌曲有哪些,['62248'],[],merged,3,0,[],,"['5179', '8470', '62206']","[0.5812588334083557, 0.5364795923233032, 0.5355350971221924]","['title_description', 'title_description', 'title_description']"
治愈系纯音乐,['62248'],[],merged,1,0,[],,['5179'],[0.5005426406860352],['description']
治愈系纯音乐,['62248'],[],merged,3,1,['62248'],2.0,"['5179', '62248', '62206']","[0.5005426406860352, 0.4894835948944092, 0.42552196979522705]","['description', 'title_description', 'title_description']"
海的歌曲有哪些,['62248'],[],merged,1,0,[],,['5179'],[0.5788203477859497],['title_description']
海的歌曲有哪些,['62248'],[],merged,3,0,[],,"['5179', '62206', '8470']","[0.5788203477859497, 0.5652865767478943, 0.5641526579856873]","['title_description', 'title_description', 'title_description']"
清新愉快的歌曲?,['62248'],[],merged,1,1,['62248'],1.0,['62248'],[0.5894551277160645],['title_description']
清新愉快的歌曲?,['62248'],[],merged,3,1,['62248'],1.0,"['62248', '5179', '62206']","[0.5894551277160645, 0.5801814198493958, 0.5505094528198242]","['title_description', 'title_description', 'title_description']"
热门歌曲推荐,['62248'],[],merged,1,1,['62248'],1.0,['62248'],[0.7095527648925781],['description']
热门歌曲推荐,['62248'],[],merged,3,1,['62248'],1.0,"['62248', '5179', '62206']","[0.7095527648925781, 0.7021387815475464, 0.6635980606079102]","['description', 'description', 'title_description']"
爱的歌曲有哪些,['62248'],[],merged,1,0,[],,['5179'],[0.606325089931488],['title_description']
爱的歌曲有哪些,['62248'],[],merged,3,0,[],,"['5179', '62206', '8470']","[0.606325089931488, 0.5896496772766113, 0.588613748550415]","['title_description', 'title_description', 'title_description']"
父亲的歌曲,['62248'],[],merged,1,0,[],,['62206'],[0.5165538787841797],['title_description']
父亲的歌曲,['62248'],[],merged,3,1,['62248'],3.0,"['62206', '8470', '62248']","[0.5165538787841797, 0.5130385160446167, 0.5118216276168823]","['title_description', 'title_description', 'title_description']"
现在流行网络歌曲,['62248'],[],merged,1,0,[],,['5179'],[0.6228903532028198],['title_description']
现在流行网络歌曲,['62248'],[],merged,3,1,['62248'],2.0,"['5179', '62248', '62206']","[0.6228903532028198, 0.6036043167114258, 0.577602744102478]","['title_description', 'title_description', 'title_description']"
理查德克莱德曼钢琴曲,['62248'],[],merged,1,1,['62248'],1.0,['62248'],[0.3684753179550171],['title_description']
理查德克莱德曼钢琴曲,['62248'],[],merged,3,1,['62248'],1.0,"['62248', '5179', '50393']","[0.3684753179550171, 0.3498844504356384, 0.3140633702278137]","['title_description', 'description', 'description']"
甜歌大全,['62248'],[],merged,1,0,[],,['5179'],[0.4712410569190979],['description']
甜歌大全,['62248'],[],merged,3,1,['62248'],2.0,"['5179', '62248', '50393']","[0.4712410569190979, 0.46670979261398315, 0.45831775665283203]","['description', 'description', 'description']"
男女对唱的歌曲,['62248'],[],merged,1,0,[],,['5179'],[0.46601754426956177],['title_description']
男女对唱的歌曲,['62248'],[],merged,3,1,['62248'],3.0,"['5179', '62206', '62248']","[0.46601754426956177, 0.46452221274375916, 0.45375537872314453]","['title_description', 'title_description', 'title_description']"
的纯音乐,['62248'],[],merged,1,1,['62248'],1.0,['62248'],[0.555928111076355],['title_description']
的纯音乐,['62248'],[],merged,3,1,['62248'],1.0,"['62248', '5179', '62206']","[0.555928111076355, 0.5410470962524414, 0.48131147027015686]","['title_description', 'description', 'title_description']"
睡眠催眠曲,['62248'],[],merged,1,1,['62248'],1.0,['62248'],[0.4656836986541748],['title_description']
睡眠催眠曲,['62248'],[],merged,3,1,['62248'],1.0,"['62248', '5179', '62206']","[0.4656836986541748, 0.46563106775283813, 0.4320339858531952]","['title_description', 'description', 'title_description']"
短视频背景音乐,['62248'],[],merged,1,0,[],,['5179'],[0.4720938503742218],['title_description']
短视频背景音乐,['62248'],[],merged,3,1,['62248'],2.0,"['5179', '62248', '52524']","[0.4720938503742218, 0.46983522176742554, 0.4435024857521057]","['title_description', 'description', 'title_description']"
祖国的歌曲,['62248'],[],merged,1,0,[],,['5179'],[0.4782297909259796],['title_description']
祖国的歌曲,['62248'],[],merged,3,1,['62248'],2.0,"['5179', '62248', '62206']","[0.4782297909259796, 0.4760013520717621, 0.4739900231361389]","['title_description', 'title_description', 'title_description']"
秦腔的歌曲,['62248'],[],merged,1,0,[],,['5179'],[0.46396756172180176],['title_description']
秦腔的歌曲,['62248'],[],merged,3,1,['62248'],2.0,"['5179', '62248', '62206']","[0.46396756172180176, 0.46367961168289185, 0.4361003041267395]","['title_description', 'title_description', 'title_description']"
粤语经典歌曲,['62248'],[],merged,1,1,['62248'],1.0,['62248'],[0.48494458198547363],['title_description']
粤语经典歌曲,['62248'],[],merged,3,1,['62248'],1.0,"['62248', '5179', '62206']","[0.48494458198547363, 0.4732906222343445, 0.46506795287132263]","['title_description', 'title_description', 'title_description']"
红歌100首。,['62248'],[],merged,1,0,[],,['5179'],[0.49608391523361206],['description']
红歌100首。,['62248'],[],merged,3,1,['62248'],2.0,"['5179', '62248', '8470']","[0.49608391523361206, 0.47422054409980774, 0.45895856618881226]","['description', 'description', 'title_description']"
经典dj歌曲,['62248'],[],merged,1,1,['62248'],1.0,['62248'],[0.49855679273605347],['title_description']
经典dj歌曲,['62248'],[],merged,3,1,['62248'],1.0,"['62248', '5179', '62206']","[0.49855679273605347, 0.4980520009994507, 0.43687140941619873]","['title_description', 'description', 'title_description']"
经典歌曲100首免费听,['62248'],[],merged,1,0,[],,['5179'],[0.5301789045333862],['description']
经典歌曲100首免费听,['62248'],[],merged,3,1,['62248'],2.0,"['5179', '62248', '50393']","[0.5301789045333862, 0.5294394493103027, 0.4674597382545471]","['description', 'title_description', 'description']"
经典歌曲联唱,['62248'],[],merged,1,0,[],,['5179'],[0.5524096488952637],['description']
经典歌曲联唱,['62248'],[],merged,3,1,['62248'],2.0,"['5179', '62248', '62206']","[0.5524096488952637, 0.5025398135185242, 0.49632763862609863]","['description', 'title_description', 'title_description']"
结婚唱什么歌合适,['62248'],[],merged,1,0,[],,['5179'],[0.5197756290435791],['title_description']
结婚唱什么歌合适,['62248'],[],merged,3,1,['62248'],2.0,"['5179', '62248', '62206']","[0.5197756290435791, 0.5046103000640869, 0.49923548102378845]","['title_description', 'title_description', 'title_description']"
老年人生日祝福歌曲有哪些,['62248'],[],merged,1,0,[],,['5179'],[0.5128578543663025],['title_description']
老年人生日祝福歌曲有哪些,['62248'],[],merged,3,0,[],,"['5179', '50393', '8470']","[0.5128578543663025, 0.5086873769760132, 0.5042955279350281]","['title_description', 'description', 'title_description']"
聚餐最火的十首歌,['62248'],[],merged,1,0,[],,['5179'],[0.44799983501434326],['title_description']
聚餐最火的十首歌,['62248'],[],merged,3,1,['62248'],2.0,"['5179', '62248', '8470']","[0.44799983501434326, 0.41228383779525757, 0.4098713994026184]","['title_description', 'title_description', 'title_description']"
舒缓轻音乐,['62248'],[],merged,1,0,[],,['5179'],[0.5265576243400574],['description']
舒缓轻音乐,['62248'],[],merged,3,1,['62248'],2.0,"['5179', '62248', '62206']","[0.5265576243400574, 0.47668930888175964, 0.43224143981933594]","['description', 'title_description', 'title_description']"
舒肝的音乐,['62248'],[],merged,1,0,[],,['5179'],[0.4892435371875763],['title_description']
舒肝的音乐,['62248'],[],merged,3,1,['62248'],2.0,"['5179', '62248', '62206']","[0.4892435371875763, 0.4522726535797119, 0.42910099029541016]","['title_description', 'title_description', 'title_description']"
舞曲舞曲,['62248'],[],merged,1,0,[],,['5179'],[0.5596025586128235],['description']
舞曲舞曲,['62248'],[],merged,3,1,['62248'],2.0,"['5179', '62248', '62206']","[0.5596025586128235, 0.5479378700256348, 0.5100493431091309]","['description', 'title_description', 'title_description']"
草原歌曲大全,['62248'],[],merged,1,0,[],,['5179'],[0.4781881868839264],['title_description']
草原歌曲大全,['62248'],[],merged,3,1,['62248'],2.0,"['5179', '62248', '8470']","[0.4781881868839264, 0.44611141085624695, 0.4164011478424072]","['title_description', 'title_description', 'title_description']"
荷东迪斯科劲爆舞曲,['62248'],[],merged,1,0,[],,['5179'],[0.33787572383880615],['description']
荷东迪斯科劲爆舞曲,['62248'],[],merged,3,1,['62248'],2.0,"['5179', '62248', '62206']","[0.33787572383880615, 0.3302139639854431, 0.2939576506614685]","['description', 'title_description', 'title_description']"
萨克斯十大顶级神曲,['62248'],[],merged,1,1,['62248'],1.0,['62248'],[0.36078161001205444],['title_description']
萨克斯十大顶级神曲,['62248'],[],merged,3,1,['62248'],1.0,"['62248', '5179', '50393']","[0.36078161001205444, 0.35225406289100647, 0.3283763527870178]","['title_description', 'description', 'description']"
葫芦丝乐曲,['62248'],[],merged,1,0,[],,['5179'],[0.4485955238342285],['description']
葫芦丝乐曲,['62248'],[],merged,3,1,['62248'],2.0,"['5179', '62248', '62206']","[0.4485955238342285, 0.44018590450286865, 0.407899409532547]","['description', 'title_description', 'title_description']"
蒙古族歌曲,['62248'],[],merged,1,0,[],,['5179'],[0.4748467803001404],['title_description']
蒙古族歌曲,['62248'],[],merged,3,1,['62248'],2.0,"['5179', '62248', '62206']","[0.4748467803001404, 0.4572971761226654, 0.4355611205101013]","['title_description', 'title_description', 'title_description']"
薛之谦的歌最好听,['62248'],[],merged,1,1,['62248'],1.0,['62248'],[0.5041786432266235],['title_description']
薛之谦的歌最好听,['62248'],[],merged,3,1,['62248'],1.0,"['62248', '50393', '8470']","[0.5041786432266235, 0.498931348323822, 0.4918632209300995]","['title_description', 'description', 'title_description']"
藏族歌曲最好听的十首,['62248'],[],merged,1,0,[],,['5179'],[0.4362574815750122],['title_description']
藏族歌曲最好听的十首,['62248'],[],merged,3,1,['62248'],2.0,"['5179', '62248', '62206']","[0.4362574815750122, 0.43534812331199646, 0.40569332242012024]","['title_description', 'title_description', 'title_description']"
警察歌曲,['62248'],[],merged,1,1,['62248'],1.0,['62248'],[0.5006840229034424],['title_description']
警察歌曲,['62248'],[],merged,3,1,['62248'],1.0,"['62248', '5179', '62206']","[0.5006840229034424, 0.4894137978553772, 0.4613257646560669]","['title_description', 'title_description', 'title_description']"
许嵩所有歌曲,['62248'],[],merged,1,0,[],,['50393'],[0.5986999273300171],['description']
许嵩所有歌曲,['62248'],[],merged,3,0,[],,"['50393', '5179', '62206']","[0.5986999273300171, 0.5839389562606812, 0.5759251713752747]","['description', 'title_description', 'title_description']"
足球赛的歌曲,['62248'],[],merged,1,1,['62248'],1.0,['62248'],[0.5084381699562073],['title_description']
足球赛的歌曲,['62248'],[],merged,3,1,['62248'],1.0,"['62248', '5179', '62206']","[0.5084381699562073, 0.5070130228996277, 0.4997788071632385]","['title_description', 'title_description', 'title_description']"
跑步适合的音乐,['62248'],[],merged,1,0,[],,['5179'],[0.5526270866394043],['description']
跑步适合的音乐,['62248'],[],merged,3,1,['62248'],2.0,"['5179', '62248', '62206']","[0.5526270866394043, 0.5417442917823792, 0.5157646536827087]","['description', 'title_description', 'title_description']"
车载dj舞曲,['62248'],[],merged,1,0,[],,['5179'],[0.4563055634498596],['description']
车载dj舞曲,['62248'],[],merged,3,1,['62248'],2.0,"['5179', '62248', '50393']","[0.4563055634498596, 0.4453642964363098, 0.41433799266815186]","['description', 'title_description', 'title_description']"
运动会歌曲最火的歌,['62248'],[],merged,1,0,[],,['5179'],[0.43386971950531006],['title_description']
运动会歌曲最火的歌,['62248'],[],merged,3,1,['62248'],3.0,"['5179', '62206', '62248']","[0.43386971950531006, 0.41064178943634033, 0.41026073694229126]","['title_description', 'title_description', 'description']"
适合初中生的英文歌,['62248'],[],merged,1,0,[],,['62206'],[0.43461453914642334],['title_description']
适合初中生的英文歌,['62248'],[],merged,3,0,[],,"['62206', '8470', '85']","[0.43461453914642334, 0.4298590123653412, 0.41867291927337646]","['title_description', 'title_description', 'description']"
适合女生唱的歌,['62248'],[],merged,1,0,[],,['62206'],[0.508847177028656],['title_description']
适合女生唱的歌,['62248'],[],merged,3,1,['62248'],2.0,"['62206', '62248', '8470']","[0.508847177028656, 0.503848671913147, 0.5008701086044312]","['title_description', 'title_description', 'title_description']"
适合孩子唱的歌曲,['62248'],[],merged,1,0,[],,['62206'],[0.5264667272567749],['title_description']
适合孩子唱的歌曲,['62248'],[],merged,3,1,['62248'],3.0,"['62206', '8470', '62248']","[0.5264667272567749, 0.5209137201309204, 0.5166186094284058]","['title_description', 'title_description', 'title_description']"
适合年会唱的歌,['62248'],[],merged,1,0,[],,['5179'],[0.43004852533340454],['title_description']
适合年会唱的歌,['62248'],[],merged,3,0,[],,"['5179', '8470', '62206']","[0.43004852533340454, 0.42995864152908325, 0.4235613942146301]","['title_description', 'title_description', 'title_description']"
钢琴名曲,['62248'],[],merged,1,1,['62248'],1.0,['62248'],[0.5104432702064514],['title_description']
钢琴名曲,['62248'],[],merged,3,1,['62248'],1.0,"['62248', '51377', '5179']","[0.5104432702064514, 0.5026451349258423, 0.4908066391944885]","['title_description', 'description', 'description']"
风的歌曲有哪些,['62248'],[],merged,1,0,[],,['5179'],[0.5906105041503906],['title_description']
风的歌曲有哪些,['62248'],[],merged,3,0,[],,"['5179', '62206', '8470']","[0.5906105041503906, 0.5900327563285828, 0.5847553014755249]","['title_description', 'title_description', 'title_description']"
高音歌曲排行榜前十名,['62248'],[],merged,1,0,[],,['5179'],[0.5091650485992432],['title_description']
高音歌曲排行榜前十名,['62248'],[],merged,3,1,['62248'],2.0,"['5179', '62248', '50393']","[0.5091650485992432, 0.4939200282096863, 0.44726598262786865]","['title_description', 'title_description', 'description']"
0-3岁儿歌,['62248'],[],title_description,1,1,['62248'],1.0,['62248'],[0.40056437253952026],['title_description']
0-3岁儿歌,['62248'],[],title_description,3,1,['62248'],1.0,"['62248', '5179', '62206']","[0.40056437253952026, 0.39987117052078247, 0.39832252264022827]","['title_description', 'title_description', 'title_description']"
0一6岁儿歌,['62248'],[],title_description,1,0,[],,['5179'],[0.4136101007461548],['title_description']
0一6岁儿歌,['62248'],[],title_description,3,1,['62248'],2.0,"['5179', '62248', '8470']","[0.4136101007461548, 0.38887861371040344, 0.37859272956848145]","['title_description', 'title_description', 'title_description']"
100首歌曲大全,['62248'],[],title_description,1,0,[],,['5179'],[0.6068147420883179],['title_description']
100首歌曲大全,['62248'],[],title_description,3,1,['62248'],2.0,"['5179', '62248', '62206']","[0.6068147420883179, 0.5576931834220886, 0.5104262828826904]","['title_description', 'title_description', 'title_description']"
16年网络歌曲大全名单,['62248'],[],title_description,1,0,[],,['5179'],[0.562227725982666],['title_description']
16年网络歌曲大全名单,['62248'],[],title_description,3,1,['62248'],2.0,"['5179', '62248', '8470']","[0.562227725982666, 0.5053385496139526, 0.4717661738395691]","['title_description', 'title_description', 'title_description']"
4一6年级好听英语歌,['62248'],[],title_description,1,0,[],,['5179'],[0.4019942283630371],['title_description']
4一6年级好听英语歌,['62248'],[],title_description,3,1,['62248'],2.0,"['5179', '62248', '8470']","[0.4019942283630371, 0.39354825019836426, 0.3920389413833618]","['title_description', 'title_description', 'title_description']"
500首经典老歌大全,['62248'],[],title_description,1,0,[],,['5179'],[0.4861451983451843],['title_description']
500首经典老歌大全,['62248'],[],title_description,3,1,['62248'],2.0,"['5179', '62248', '8470']","[0.4861451983451843, 0.4553946256637573, 0.43458884954452515]","['title_description', 'title_description', 'title_description']"
70年代经典老歌,['62248'],[],title_description,1,1,['62248'],1.0,['62248'],[0.49038493633270264],['title_description']
70年代经典老歌,['62248'],[],title_description,3,1,['62248'],1.0,"['62248', '62206', '5179']","[0.49038493633270264, 0.4751397371292114, 0.469596266746521]","['title_description', 'title_description', 'title_description']"
80后的经典老歌,['62248'],[],title_description,1,1,['62248'],1.0,['62248'],[0.4856111407279968],['title_description']
80后的经典老歌,['62248'],[],title_description,3,1,['62248'],1.0,"['62248', '5179', '62206']","[0.4856111407279968, 0.4828459620475769, 0.4680159091949463]","['title_description', 'title_description', 'title_description']"
90年代经典老歌,['62248'],[],title_description,1,1,['62248'],1.0,['62248'],[0.5051736831665039],['title_description']
90年代经典老歌,['62248'],[],title_description,3,1,['62248'],1.0,"['62248', '5179', '62206']","[0.5051736831665039, 0.49446380138397217, 0.48617976903915405]","['title_description', 'title_description', 'title_description']"
bgm背景音乐,['62248'],[],title_description,1,0,[],,['5179'],[0.5140710473060608],['title_description']
bgm背景音乐,['62248'],[],title_description,3,1,['62248'],2.0,"['5179', '62248', '62206']","[0.5140710473060608, 0.5061160326004028, 0.46931105852127075]","['title_description', 'title_description', 'title_description']"
dj 歌曲,['62248'],[],title_description,1,1,['62248'],1.0,['62248'],[0.6017528772354126],['title_description']
dj 歌曲,['62248'],[],title_description,3,1,['62248'],1.0,"['62248', '5179', '62206']","[0.6017528772354126, 0.56950443983078, 0.5613336563110352]","['title_description', 'title_description', 'title_description']"
english英文歌曲,['62248'],[],title_description,1,0,[],,['50143'],[0.5218852758407593],['title_description']
english英文歌曲,['62248'],[],title_description,3,0,[],,"['50143', '5179', '62206']","[0.5218852758407593, 0.501496434211731, 0.49994945526123047]","['title_description', 'title_description', 'title_description']"
ktv必点的歌曲,['62248'],[],title_description,1,0,[],,['5179'],[0.5098625421524048],['title_description']
ktv必点的歌曲,['62248'],[],title_description,3,1,['62248'],2.0,"['5179', '62248', '8470']","[0.5098625421524048, 0.4932149350643158, 0.4880565404891968]","['title_description', 'title_description', 'title_description']"
《汪汪队》主题歌,['62248'],[],title_description,1,0,[],,['5179'],[0.4172689914703369],['title_description']
《汪汪队》主题歌,['62248'],[],title_description,3,1,['62248'],2.0,"['5179', '62248', '8470']","[0.4172689914703369, 0.4103132486343384, 0.4073028862476349]","['title_description', 'title_description', 'title_description']"
一人一首成名曲,['62248'],[],title_description,1,0,[],,['8470'],[0.4949260354042053],['title_description']
一人一首成名曲,['62248'],[],title_description,3,1,['62248'],3.0,"['8470', '62206', '62248']","[0.4949260354042053, 0.48421746492385864, 0.47456228733062744]","['title_description', 'title_description', 'title_description']"
三人唱的歌曲有哪些,['62248'],[],title_description,1,0,[],,['8470'],[0.5545921325683594],['title_description']
三人唱的歌曲有哪些,['62248'],[],title_description,3,0,[],,"['8470', '62206', '5179']","[0.5545921325683594, 0.5521067976951599, 0.523185133934021]","['title_description', 'title_description', 'title_description']"
世界杯的歌曲,['62248'],[],title_description,1,0,[],,['62206'],[0.5425854921340942],['title_description']
世界杯的歌曲,['62248'],[],title_description,3,1,['62248'],3.0,"['62206', '5179', '62248']","[0.5425854921340942, 0.5419425368309021, 0.5347427129745483]","['title_description', 'title_description', 'title_description']"
中小学必唱歌曲,['62248'],[],title_description,1,0,[],,['5179'],[0.4491981267929077],['title_description']
中小学必唱歌曲,['62248'],[],title_description,3,0,[],,"['5179', '62206', '8470']","[0.4491981267929077, 0.44281142950057983, 0.4418973922729492]","['title_description', 'title_description', 'title_description']"
二年级歌曲,['62248'],[],title_description,1,0,[],,['5179'],[0.48777127265930176],['title_description']
二年级歌曲,['62248'],[],title_description,3,1,['62248'],2.0,"['5179', '62248', '62206']","[0.48777127265930176, 0.48295003175735474, 0.47650256752967834]","['title_description', 'title_description', 'title_description']"
二胡名曲,['62248'],[],title_description,1,1,['62248'],1.0,['62248'],[0.4445692002773285],['title_description']
二胡名曲,['62248'],[],title_description,3,1,['62248'],1.0,"['62248', '5179', '52524']","[0.4445692002773285, 0.4369661509990692, 0.4331433176994324]","['title_description', 'title_description', 'title_description']"
云南的歌曲,['62248'],[],title_description,1,0,[],,['5179'],[0.49733155965805054],['title_description']
云南的歌曲,['62248'],[],title_description,3,1,['62248'],2.0,"['5179', '62248', '62206']","[0.49733155965805054, 0.49104949831962585, 0.4841194152832031]","['title_description', 'title_description', 'title_description']"
任素汐作词作曲的歌曲有哪些,['62248'],[],title_description,1,0,[],,['8470'],[0.5267579555511475],['title_description']
任素汐作词作曲的歌曲有哪些,['62248'],[],title_description,3,1,['62248'],3.0,"['8470', '62206', '62248']","[0.5267579555511475, 0.5109087228775024, 0.48829376697540283]","['title_description', 'title_description', 'title_description']"
伍佰的歌曲排行榜,['62248'],[],title_description,1,0,[],,['5179'],[0.5537648797035217],['title_description']
伍佰的歌曲排行榜,['62248'],[],title_description,3,1,['62248'],2.0,"['5179', '62248', '62206']","[0.5537648797035217, 0.5358601808547974, 0.5331984758377075]","['title_description', 'title_description', 'title_description']"
伤心的歌曲,['62248'],[],title_description,1,0,[],,['5179'],[0.5373567938804626],['title_description']
伤心的歌曲,['62248'],[],title_description,3,1,['62248'],2.0,"['5179', '62248', '62206']","[0.5373567938804626, 0.5371614694595337, 0.5278941988945007]","['title_description', 'title_description', 'title_description']"
伤感歌曲大全100首,['62248'],[],title_description,1,0,[],,['5179'],[0.5410922765731812],['title_description']
伤感歌曲大全100首,['62248'],[],title_description,3,1,['62248'],2.0,"['5179', '62248', '8470']","[0.5410922765731812, 0.495121031999588, 0.4701192378997803]","['title_description', 'title_description', 'title_description']"
伤感的纯音乐,['62248'],[],title_description,1,0,[],,['5179'],[0.46406570076942444],['title_description']
伤感的纯音乐,['62248'],[],title_description,3,1,['62248'],2.0,"['5179', '62248', '62206']","[0.46406570076942444, 0.46181559562683105, 0.42480000853538513]","['title_description', 'title_description', 'title_description']"
佛的歌,['62248'],[],title_description,1,0,[],,['8470'],[0.5014703869819641],['title_description']
佛的歌,['62248'],[],title_description,3,1,['62248'],3.0,"['8470', '62206', '62248']","[0.5014703869819641, 0.5006049871444702, 0.49609535932540894]","['title_description', 'title_description', 'title_description']"
健身运动的歌曲,['62248'],[],title_description,1,0,[],,['5179'],[0.5199639797210693],['title_description']
健身运动的歌曲,['62248'],[],title_description,3,1,['62248'],2.0,"['5179', '62248', '62206']","[0.5199639797210693, 0.4933370053768158, 0.4703104794025421]","['title_description', 'title_description', 'title_description']"
儿歌大全100首,['62248'],[],title_description,1,0,[],,['5179'],[0.43191128969192505],['title_description']
儿歌大全100首,['62248'],[],title_description,3,1,['62248'],2.0,"['5179', '62248', '8470']","[0.43191128969192505, 0.416165828704834, 0.40408945083618164]","['title_description', 'title_description', 'title_description']"
儿歌歌曲大全100首连续播放,['62248'],[],title_description,1,0,[],,['5179'],[0.450080007314682],['title_description']
儿歌歌曲大全100首连续播放,['62248'],[],title_description,3,1,['62248'],2.0,"['5179', '62248', '8470']","[0.450080007314682, 0.4275766611099243, 0.3989759087562561]","['title_description', 'title_description', 'title_description']"
儿童好听的歌曲,['62248'],[],title_description,1,0,[],,['5179'],[0.43193018436431885],['title_description']
儿童好听的歌曲,['62248'],[],title_description,3,1,['62248'],2.0,"['5179', '62248', '62206']","[0.43193018436431885, 0.4266713261604309, 0.4146934151649475]","['title_description', 'title_description', 'title_description']"
儿童舞蹈音乐,['62248'],[],title_description,1,0,[],,['5179'],[0.37494879961013794],['title_description']
儿童舞蹈音乐,['62248'],[],title_description,3,1,['62248'],2.0,"['5179', '62248', '62206']","[0.37494879961013794, 0.36818426847457886, 0.3399691879749298]","['title_description', 'title_description', 'title_description']"
克莱德曼的钢琴曲,['62248'],[],title_description,1,1,['62248'],1.0,['62248'],[0.4132643938064575],['title_description']
克莱德曼的钢琴曲,['62248'],[],title_description,3,1,['62248'],1.0,"['62248', '5179', '62206']","[0.4132643938064575, 0.3981112539768219, 0.3719863295555115]","['title_description', 'title_description', 'title_description']"
写作业适合听的歌,['62248'],[],title_description,1,1,['62248'],1.0,['62248'],[0.5121898055076599],['title_description']
写作业适合听的歌,['62248'],[],title_description,3,1,['62248'],1.0,"['62248', '5179', '62206']","[0.5121898055076599, 0.5102453231811523, 0.47746315598487854]","['title_description', 'title_description', 'title_description']"
军歌的歌曲有哪些,['62248'],[],title_description,1,0,[],,['5179'],[0.5233535766601562],['title_description']
军歌的歌曲有哪些,['62248'],[],title_description,3,0,[],,"['5179', '62206', '8470']","[0.5233535766601562, 0.5063238143920898, 0.5056062340736389]","['title_description', 'title_description', 'title_description']"
分手的歌曲,['62248'],[],title_description,1,0,[],,['5179'],[0.5256578922271729],['title_description']
分手的歌曲,['62248'],[],title_description,3,1,['62248'],2.0,"['5179', '62248', '62206']","[0.5256578922271729, 0.5132840275764465, 0.5047911405563354]","['title_description', 'title_description', 'title_description']"
刘欢唱的歌曲,['62248'],[],title_description,1,1,['62248'],1.0,['62248'],[0.502974271774292],['title_description']
刘欢唱的歌曲,['62248'],[],title_description,3,1,['62248'],1.0,"['62248', '62206', '8470']","[0.502974271774292, 0.4991183578968048, 0.49742138385772705]","['title_description', 'title_description', 'title_description']"
动感的歌曲,['62248'],[],title_description,1,0,[],,['5179'],[0.5699350237846375],['title_description']
动感的歌曲,['62248'],[],title_description,3,1,['62248'],2.0,"['5179', '62248', '62206']","[0.5699350237846375, 0.5620381832122803, 0.5207604765892029]","['title_description', 'title_description', 'title_description']"
励志的歌曲有哪些,['62248'],[],title_description,1,0,[],,['5179'],[0.54072105884552],['title_description']
励志的歌曲有哪些,['62248'],[],title_description,3,0,[],,"['5179', '8470', '62206']","[0.54072105884552, 0.540555477142334, 0.5381078124046326]","['title_description', 'title_description', 'title_description']"
十大纯音乐,['62248'],[],title_description,1,0,[],,['5179'],[0.462373822927475],['title_description']
十大纯音乐,['62248'],[],title_description,3,1,['62248'],2.0,"['5179', '62248', '62206']","[0.462373822927475, 0.4453844428062439, 0.3800638020038605]","['title_description', 'title_description', 'title_description']"
十大超燃bgm英文歌曲,['62248'],[],title_description,1,0,[],,['5179'],[0.3845605254173279],['title_description']
十大超燃bgm英文歌曲,['62248'],[],title_description,3,1,['62248'],2.0,"['5179', '62248', '62206']","[0.3845605254173279, 0.37269484996795654, 0.3435385823249817]","['title_description', 'title_description', 'title_description']"
十大钢琴名曲,['62248'],[],title_description,1,0,[],,['5179'],[0.36420273780822754],['title_description']
十大钢琴名曲,['62248'],[],title_description,3,1,['62248'],2.0,"['5179', '62248', '51378']","[0.36420273780822754, 0.3584504723548889, 0.3213135004043579]","['title_description', 'title_description', 'title_description']"
华语经典金曲,['62248'],[],title_description,1,1,['62248'],1.0,['62248'],[0.48325610160827637],['title_description']
华语经典金曲,['62248'],[],title_description,3,1,['62248'],1.0,"['62248', '5179', '62206']","[0.48325610160827637, 0.48051464557647705, 0.45029693841934204]","['title_description', 'title_description', 'title_description']"
古筝曲十大名曲有哪些,['62248'],[],title_description,1,0,[],,['52524'],[0.397394597530365],['title_description']
古筝曲十大名曲有哪些,['62248'],[],title_description,3,0,[],,"['52524', '5179', '51378']","[0.397394597530365, 0.39467084407806396, 0.3843832015991211]","['title_description', 'title_description', 'title_description']"
古风的歌曲,['62248'],[],title_description,1,0,[],,['5179'],[0.5182722210884094],['title_description']
古风的歌曲,['62248'],[],title_description,3,1,['62248'],2.0,"['5179', '62248', '62206']","[0.5182722210884094, 0.5099653005599976, 0.49182307720184326]","['title_description', 'title_description', 'title_description']"
各省的代表歌曲,['62248'],[],title_description,1,0,[],,['5179'],[0.5524861812591553],['title_description']
各省的代表歌曲,['62248'],[],title_description,3,1,['62248'],2.0,"['5179', '62248', '62206']","[0.5524861812591553, 0.5316774845123291, 0.5203626751899719]","['title_description', 'title_description', 'title_description']"
同学聚会的歌曲,['62248'],[],title_description,1,0,[],,['5179'],[0.5066580176353455],['title_description']
同学聚会的歌曲,['62248'],[],title_description,3,1,['62248'],2.0,"['5179', '62248', '62206']","[0.5066580176353455, 0.4602944254875183, 0.45705321431159973]","['title_description', 'title_description', 'title_description']"
听一首老歌,['62248'],[],title_description,1,1,['62248'],1.0,['62248'],[0.6288939118385315],['title_description']
听一首老歌,['62248'],[],title_description,3,1,['62248'],1.0,"['62248', '5179', '62206']","[0.6288939118385315, 0.6106992363929749, 0.6074987649917603]","['title_description', 'title_description', 'title_description']"
哄睡儿歌,['62248'],[],title_description,1,1,['62248'],1.0,['62248'],[0.4069451093673706],['title_description']
哄睡儿歌,['62248'],[],title_description,3,1,['62248'],1.0,"['62248', '5179', '62206']","[0.4069451093673706, 0.40320634841918945, 0.40073031187057495]","['title_description', 'title_description', 'title_description']"
喝酒的歌曲有哪些,['62248'],[],title_description,1,0,[],,['5179'],[0.5667192935943604],['title_description']
喝酒的歌曲有哪些,['62248'],[],title_description,3,0,[],,"['5179', '62206', '8470']","[0.5667192935943604, 0.5586946606636047, 0.5565698146820068]","['title_description', 'title_description', 'title_description']"
国庆歌曲大全100首,['62248'],[],title_description,1,0,[],,['5179'],[0.5002554059028625],['title_description']
国庆歌曲大全100首,['62248'],[],title_description,3,1,['62248'],2.0,"['5179', '62248', '8470']","[0.5002554059028625, 0.4726928472518921, 0.4284287095069885]","['title_description', 'title_description', 'title_description']"
基督的歌曲,['62248'],[],title_description,1,0,[],,['62206'],[0.5377220511436462],['title_description']
基督的歌曲,['62248'],[],title_description,3,1,['62248'],3.0,"['62206', '5179', '62248']","[0.5377220511436462, 0.535420835018158, 0.5320094227790833]","['title_description', 'title_description', 'title_description']"
奥特曼主题歌曲,['62248'],[],title_description,1,0,[],,['5179'],[0.40150535106658936],['title_description']
奥特曼主题歌曲,['62248'],[],title_description,3,1,['62248'],2.0,"['5179', '62248', '50393']","[0.40150535106658936, 0.371849924325943, 0.3695736229419708]","['title_description', 'title_description', 'title_description']"
女声歌曲,['62248'],[],title_description,1,1,['62248'],1.0,['62248'],[0.5345038771629333],['title_description']
女声歌曲,['62248'],[],title_description,3,1,['62248'],1.0,"['62248', '62206', '5179']","[0.5345038771629333, 0.5222864151000977, 0.5192896127700806]","['title_description', 'title_description', 'title_description']"
女生十大励志歌曲,['62248'],[],title_description,1,0,[],,['62206'],[0.45100176334381104],['title_description']
女生十大励志歌曲,['62248'],[],title_description,3,0,[],,"['62206', '5179', '8470']","[0.45100176334381104, 0.44873231649398804, 0.44679468870162964]","['title_description', 'title_description', 'title_description']"
好听治愈的歌曲,['62248'],[],title_description,1,1,['62248'],1.0,['62248'],[0.5387130975723267],['title_description']
好听治愈的歌曲,['62248'],[],title_description,3,1,['62248'],1.0,"['62248', '5179', '62206']","[0.5387130975723267, 0.5280159711837769, 0.49816232919692993]","['title_description', 'title_description', 'title_description']"
好听的男生民谣歌曲,['62248'],[],title_description,1,0,[],,['5179'],[0.43137213587760925],['title_description']
好听的男生民谣歌曲,['62248'],[],title_description,3,1,['62248'],2.0,"['5179', '62248', '8470']","[0.43137213587760925, 0.42244935035705566, 0.3973086476325989]","['title_description', 'title_description', 'title_description']"
好听的铃声,['62248'],[],title_description,1,1,['62248'],1.0,['62248'],[0.5012242197990417],['title_description']
好听的铃声,['62248'],[],title_description,3,1,['62248'],1.0,"['62248', '62206', '5179']","[0.5012242197990417, 0.46177318692207336, 0.45920199155807495]","['title_description', 'title_description', 'title_description']"
好声音经典歌曲,['62248'],[],title_description,1,1,['62248'],1.0,['62248'],[0.47912511229515076],['title_description']
好声音经典歌曲,['62248'],[],title_description,3,1,['62248'],1.0,"['62248', '5179', '62206']","[0.47912511229515076, 0.46534860134124756, 0.4341762363910675]","['title_description', 'title_description', 'title_description']"
小众好听的歌曲,['62248'],[],title_description,1,1,['62248'],1.0,['62248'],[0.5626457929611206],['title_description']
小众好听的歌曲,['62248'],[],title_description,3,1,['62248'],1.0,"['62248', '5179', '62206']","[0.5626457929611206, 0.5387073755264282, 0.5244481563568115]","['title_description', 'title_description', 'title_description']"
小朋友的儿歌,['62248'],[],title_description,1,0,[],,['62206'],[0.5107972621917725],['title_description']
小朋友的儿歌,['62248'],[],title_description,3,1,['62248'],3.0,"['62206', '8470', '62248']","[0.5107972621917725, 0.5053931474685669, 0.48955926299095154]","['title_description', 'title_description', 'title_description']"
少年流行歌曲,['62248'],[],title_description,1,0,[],,['5179'],[0.513999342918396],['title_description']
少年流行歌曲,['62248'],[],title_description,3,1,['62248'],2.0,"['5179', '62248', '62206']","[0.513999342918396, 0.4969034194946289, 0.48640912771224976]","['title_description', 'title_description', 'title_description']"
带劲的歌曲,['62248'],[],title_description,1,1,['62248'],1.0,['62248'],[0.5531174540519714],['title_description']
带劲的歌曲,['62248'],[],title_description,3,1,['62248'],1.0,"['62248', '5179', '62206']","[0.5531174540519714, 0.5477113723754883, 0.5262594223022461]","['title_description', 'title_description', 'title_description']"
幼儿园起床歌曲,['62248'],[],title_description,1,0,[],,['5179'],[0.3830631375312805],['title_description']
幼儿园起床歌曲,['62248'],[],title_description,3,1,['62248'],2.0,"['5179', '62248', '8470']","[0.3830631375312805, 0.3541983664035797, 0.33417004346847534]","['title_description', 'title_description', 'title_description']"
开业的音乐,['62248'],[],title_description,1,0,[],,['5179'],[0.5581558346748352],['title_description']
开业的音乐,['62248'],[],title_description,3,1,['62248'],2.0,"['5179', '62248', '62206']","[0.5581558346748352, 0.5253491401672363, 0.47595417499542236]","['title_description', 'title_description', 'title_description']"
心情不好听什么歌最好,['62248'],[],title_description,1,0,[],,['5179'],[0.5477803349494934],['title_description']
心情不好听什么歌最好,['62248'],[],title_description,3,1,['62248'],2.0,"['5179', '62248', '8470']","[0.5477803349494934, 0.5350614786148071, 0.508486270904541]","['title_description', 'title_description', 'title_description']"
恐怖的歌曲,['62248'],[],title_description,1,1,['62248'],1.0,['62248'],[0.5306228399276733],['title_description']
恐怖的歌曲,['62248'],[],title_description,3,1,['62248'],1.0,"['62248', '5179', '62206']","[0.5306228399276733, 0.5294890403747559, 0.5247729420661926]","['title_description', 'title_description', 'title_description']"
抖音的歌曲最火,['62248'],[],title_description,1,1,['62248'],1.0,['62248'],[0.5354752540588379],['title_description']
抖音的歌曲最火,['62248'],[],title_description,3,1,['62248'],1.0,"['62248', '62206', '5179']","[0.5354752540588379, 0.5176990032196045, 0.5171071290969849]","['title_description', 'title_description', 'title_description']"
拉丁舞歌曲,['62248'],[],title_description,1,0,[],,['5179'],[0.4790424108505249],['title_description']
拉丁舞歌曲,['62248'],[],title_description,3,1,['62248'],2.0,"['5179', '62248', '62206']","[0.4790424108505249, 0.4767134189605713, 0.4706403911113739]","['title_description', 'title_description', 'title_description']"
放松心情的音乐,['62248'],[],title_description,1,0,[],,['5179'],[0.5073583722114563],['title_description']
放松心情的音乐,['62248'],[],title_description,3,1,['62248'],2.0,"['5179', '62248', '62206']","[0.5073583722114563, 0.4859082102775574, 0.4411141276359558]","['title_description', 'title_description', 'title_description']"
新白娘子传奇歌曲,['62248'],[],title_description,1,0,[],,['62206'],[0.370730996131897],['title_description']
新白娘子传奇歌曲,['62248'],[],title_description,3,0,[],,"['62206', '8470', '5179']","[0.370730996131897, 0.369266152381897, 0.36734652519226074]","['title_description', 'title_description', 'title_description']"
时代少年团有什么歌,['62248'],[],title_description,1,0,[],,['8470'],[0.4711506962776184],['title_description']
时代少年团有什么歌,['62248'],[],title_description,3,0,[],,"['8470', '62206', '5179']","[0.4711506962776184, 0.4662158191204071, 0.46192359924316406]","['title_description', 'title_description', 'title_description']"
最近最火的歌曲,['62248'],[],title_description,1,1,['62248'],1.0,['62248'],[0.5950276851654053],['title_description']
最近最火的歌曲,['62248'],[],title_description,3,1,['62248'],1.0,"['62248', '5179', '62206']","[0.5950276851654053, 0.5908952951431274, 0.58091139793396]","['title_description', 'title_description', 'title_description']"
最霸气的歌曲前十名,['62248'],[],title_description,1,0,[],,['5179'],[0.4933153986930847],['title_description']
最霸气的歌曲前十名,['62248'],[],title_description,3,1,['62248'],2.0,"['5179', '62248', '62206']","[0.4933153986930847, 0.47587454319000244, 0.43756645917892456]","['title_description', 'title_description', 'title_description']"
有关杭州歌曲有哪些,['62248'],[],title_description,1,0,[],,['62206'],[0.5592144727706909],['title_description']
有关杭州歌曲有哪些,['62248'],[],title_description,3,0,[],,"['62206', '8470', '5179']","[0.5592144727706909, 0.5574935674667358, 0.5508605241775513]","['title_description', 'title_description', 'title_description']"
有关雨的歌曲,['62248'],[],title_description,1,0,[],,['62206'],[0.5608517527580261],['title_description']
有关雨的歌曲,['62248'],[],title_description,3,0,[],,"['62206', '5179', '8470']","[0.5608517527580261, 0.5600008964538574, 0.5557036995887756]","['title_description', 'title_description', 'title_description']"
有没有好听了歌曲,['62248'],[],title_description,1,1,['62248'],1.0,['62248'],[0.6800365447998047],['title_description']
有没有好听了歌曲,['62248'],[],title_description,3,1,['62248'],1.0,"['62248', '5179', '62206']","[0.6800365447998047, 0.6738940477371216, 0.6662102937698364]","['title_description', 'title_description', 'title_description']"
来一首休闲的音乐,['62248'],[],title_description,1,0,[],,['5179'],[0.6225883364677429],['title_description']
来一首休闲的音乐,['62248'],[],title_description,3,1,['62248'],2.0,"['5179', '62248', '62206']","[0.6225883364677429, 0.5904897451400757, 0.5530167818069458]","['title_description', 'title_description', 'title_description']"
极品音乐歌曲,['62248'],[],title_description,1,1,['62248'],1.0,['62248'],[0.5766665935516357],['title_description']
极品音乐歌曲,['62248'],[],title_description,3,1,['62248'],1.0,"['62248', '5179', '62206']","[0.5766665935516357, 0.5454827547073364, 0.4856225848197937]","['title_description', 'title_description', 'title_description']"
欢快的歌曲,['62248'],[],title_description,1,0,[],,['5179'],[0.5785558223724365],['title_description']
欢快的歌曲,['62248'],[],title_description,3,1,['62248'],2.0,"['5179', '62248', '62206']","[0.5785558223724365, 0.5693604350090027, 0.5315940380096436]","['title_description', 'title_description', 'title_description']"
欧美经典歌曲,['62248'],[],title_description,1,0,[],,['5179'],[0.4817809462547302],['title_description']
欧美经典歌曲,['62248'],[],title_description,3,1,['62248'],2.0,"['5179', '62248', '62206']","[0.4817809462547302, 0.476934015750885, 0.42995110154151917]","['title_description', 'title_description', 'title_description']"
歌曲最火的十首歌,['62248'],[],title_description,1,0,[],,['5179'],[0.5406686067581177],['title_description']
歌曲最火的十首歌,['62248'],[],title_description,3,1,['62248'],2.0,"['5179', '62248', '62206']","[0.5406686067581177, 0.5251955986022949, 0.5154838562011719]","['title_description', 'title_description', 'title_description']"
歌颂党的歌曲,['62248'],[],title_description,1,0,[],,['62206'],[0.4619120657444],['title_description']
歌颂党的歌曲,['62248'],[],title_description,3,1,['62248'],2.0,"['62206', '62248', '5179']","[0.4619120657444, 0.4565293490886688, 0.4560993015766144]","['title_description', 'title_description', 'title_description']"
毕业的歌曲,['62248'],[],title_description,1,0,[],,['5179'],[0.5483660697937012],['title_description']
毕业的歌曲,['62248'],[],title_description,3,1,['62248'],2.0,"['5179', '62248', '62206']","[0.5483660697937012, 0.5340666174888611, 0.514459490776062]","['title_description', 'title_description', 'title_description']"
民歌乐曲,['62248'],[],title_description,1,0,[],,['5179'],[0.5292944312095642],['title_description']
民歌乐曲,['62248'],[],title_description,3,1,['62248'],2.0,"['5179', '62248', '62206']","[0.5292944312095642, 0.4899410307407379, 0.47707629203796387]","['title_description', 'title_description', 'title_description']"
民谣歌曲大全,['62248'],[],title_description,1,0,[],,['5179'],[0.567245364189148],['title_description']
民谣歌曲大全,['62248'],[],title_description,3,1,['62248'],2.0,"['5179', '62248', '62206']","[0.567245364189148, 0.4873047471046448, 0.46445560455322266]","['title_description', 'title_description', 'title_description']"
江湖的歌曲有哪些,['62248'],[],title_description,1,0,[],,['5179'],[0.5812588334083557],['title_description']
江湖的歌曲有哪些,['62248'],[],title_description,3,0,[],,"['5179', '8470', '62206']","[0.5812588334083557, 0.5364795923233032, 0.5355350971221924]","['title_description', 'title_description', 'title_description']"
治愈系纯音乐,['62248'],[],title_description,1,1,['62248'],1.0,['62248'],[0.4894835948944092],['title_description']
治愈系纯音乐,['62248'],[],title_description,3,1,['62248'],1.0,"['62248', '5179', '62206']","[0.4894835948944092, 0.48900043964385986, 0.42552196979522705]","['title_description', 'title_description', 'title_description']"
海的歌曲有哪些,['62248'],[],title_description,1,0,[],,['5179'],[0.5788203477859497],['title_description']
海的歌曲有哪些,['62248'],[],title_description,3,0,[],,"['5179', '62206', '8470']","[0.5788203477859497, 0.5652865767478943, 0.5641526579856873]","['title_description', 'title_description', 'title_description']"
清新愉快的歌曲?,['62248'],[],title_description,1,1,['62248'],1.0,['62248'],[0.5894551277160645],['title_description']
清新愉快的歌曲?,['62248'],[],title_description,3,1,['62248'],1.0,"['62248', '5179', '62206']","[0.5894551277160645, 0.5801814198493958, 0.5505094528198242]","['title_description', 'title_description', 'title_description']"
热门歌曲推荐,['62248'],[],title_description,1,0,[],,['5179'],[0.7014488577842712],['title_description']
热门歌曲推荐,['62248'],[],title_description,3,1,['62248'],2.0,"['5179', '62248', '62206']","[0.7014488577842712, 0.698293924331665, 0.6635980606079102]","['title_description', 'title_description', 'title_description']"
爱的歌曲有哪些,['62248'],[],title_description,1,0,[],,['5179'],[0.606325089931488],['title_description']
爱的歌曲有哪些,['62248'],[],title_description,3,0,[],,"['5179', '62206', '8470']","[0.606325089931488, 0.5896496772766113, 0.588613748550415]","['title_description', 'title_description', 'title_description']"
父亲的歌曲,['62248'],[],title_description,1,0,[],,['62206'],[0.5165538787841797],['title_description']
父亲的歌曲,['62248'],[],title_description,3,1,['62248'],3.0,"['62206', '8470', '62248']","[0.5165538787841797, 0.5130385160446167, 0.5118216276168823]","['title_description', 'title_description', 'title_description']"
现在流行网络歌曲,['62248'],[],title_description,1,0,[],,['5179'],[0.6228903532028198],['title_description']
现在流行网络歌曲,['62248'],[],title_description,3,1,['62248'],2.0,"['5179', '62248', '62206']","[0.6228903532028198, 0.6036043167114258, 0.577602744102478]","['title_description', 'title_description', 'title_description']"
理查德克莱德曼钢琴曲,['62248'],[],title_description,1,1,['62248'],1.0,['62248'],[0.3684753179550171],['title_description']
理查德克莱德曼钢琴曲,['62248'],[],title_description,3,1,['62248'],1.0,"['62248', '5179', '62206']","[0.3684753179550171, 0.3481317460536957, 0.31215527653694153]","['title_description', 'title_description', 'title_description']"
甜歌大全,['62248'],[],title_description,1,0,[],,['5179'],[0.466012179851532],['title_description']
甜歌大全,['62248'],[],title_description,3,1,['62248'],2.0,"['5179', '62248', '62206']","[0.466012179851532, 0.4624919891357422, 0.4383552670478821]","['title_description', 'title_description', 'title_description']"
男女对唱的歌曲,['62248'],[],title_description,1,0,[],,['5179'],[0.46601754426956177],['title_description']
男女对唱的歌曲,['62248'],[],title_description,3,1,['62248'],3.0,"['5179', '62206', '62248']","[0.46601754426956177, 0.46452221274375916, 0.45375537872314453]","['title_description', 'title_description', 'title_description']"
的纯音乐,['62248'],[],title_description,1,1,['62248'],1.0,['62248'],[0.555928111076355],['title_description']
的纯音乐,['62248'],[],title_description,3,1,['62248'],1.0,"['62248', '5179', '62206']","[0.555928111076355, 0.5336275100708008, 0.48131147027015686]","['title_description', 'title_description', 'title_description']"
睡眠催眠曲,['62248'],[],title_description,1,1,['62248'],1.0,['62248'],[0.4656836986541748],['title_description']
睡眠催眠曲,['62248'],[],title_description,3,1,['62248'],1.0,"['62248', '5179', '62206']","[0.4656836986541748, 0.45014071464538574, 0.4320339858531952]","['title_description', 'title_description', 'title_description']"
短视频背景音乐,['62248'],[],title_description,1,0,[],,['5179'],[0.4720938503742218],['title_description']
短视频背景音乐,['62248'],[],title_description,3,1,['62248'],2.0,"['5179', '62248', '52524']","[0.4720938503742218, 0.46549999713897705, 0.4435024857521057]","['title_description', 'title_description', 'title_description']"
祖国的歌曲,['62248'],[],title_description,1,0,[],,['5179'],[0.4782297909259796],['title_description']
祖国的歌曲,['62248'],[],title_description,3,1,['62248'],2.0,"['5179', '62248', '62206']","[0.4782297909259796, 0.4760013520717621, 0.4739900231361389]","['title_description', 'title_description', 'title_description']"
秦腔的歌曲,['62248'],[],title_description,1,0,[],,['5179'],[0.46396756172180176],['title_description']
秦腔的歌曲,['62248'],[],title_description,3,1,['62248'],2.0,"['5179', '62248', '62206']","[0.46396756172180176, 0.46367961168289185, 0.4361003041267395]","['title_description', 'title_description', 'title_description']"
粤语经典歌曲,['62248'],[],title_description,1,1,['62248'],1.0,['62248'],[0.48494458198547363],['title_description']
粤语经典歌曲,['62248'],[],title_description,3,1,['62248'],1.0,"['62248', '5179', '62206']","[0.48494458198547363, 0.4732906222343445, 0.46506795287132263]","['title_description', 'title_description', 'title_description']"
红歌100首。,['62248'],[],title_description,1,0,[],,['5179'],[0.4948982000350952],['title_description']
红歌100首。,['62248'],[],title_description,3,1,['62248'],2.0,"['5179', '62248', '8470']","[0.4948982000350952, 0.4709094166755676, 0.45895856618881226]","['title_description', 'title_description', 'title_description']"
经典dj歌曲,['62248'],[],title_description,1,1,['62248'],1.0,['62248'],[0.49855679273605347],['title_description']
经典dj歌曲,['62248'],[],title_description,3,1,['62248'],1.0,"['62248', '5179', '62206']","[0.49855679273605347, 0.4967857897281647, 0.43687140941619873]","['title_description', 'title_description', 'title_description']"
经典歌曲100首免费听,['62248'],[],title_description,1,1,['62248'],1.0,['62248'],[0.5294394493103027],['title_description']
经典歌曲100首免费听,['62248'],[],title_description,3,1,['62248'],1.0,"['62248', '5179', '62206']","[0.5294394493103027, 0.5262613892555237, 0.4612448811531067]","['title_description', 'title_description', 'title_description']"
经典歌曲联唱,['62248'],[],title_description,1,0,[],,['5179'],[0.5436144471168518],['title_description']
经典歌曲联唱,['62248'],[],title_description,3,1,['62248'],2.0,"['5179', '62248', '62206']","[0.5436144471168518, 0.5025398135185242, 0.49632763862609863]","['title_description', 'title_description', 'title_description']"
结婚唱什么歌合适,['62248'],[],title_description,1,0,[],,['5179'],[0.5197756290435791],['title_description']
结婚唱什么歌合适,['62248'],[],title_description,3,1,['62248'],2.0,"['5179', '62248', '62206']","[0.5197756290435791, 0.5046103000640869, 0.49923548102378845]","['title_description', 'title_description', 'title_description']"
老年人生日祝福歌曲有哪些,['62248'],[],title_description,1,0,[],,['5179'],[0.5128578543663025],['title_description']
老年人生日祝福歌曲有哪些,['62248'],[],title_description,3,0,[],,"['5179', '8470', '62206']","[0.5128578543663025, 0.5042955279350281, 0.5040032863616943]","['title_description', 'title_description', 'title_description']"
聚餐最火的十首歌,['62248'],[],title_description,1,0,[],,['5179'],[0.44799983501434326],['title_description']
聚餐最火的十首歌,['62248'],[],title_description,3,1,['62248'],2.0,"['5179', '62248', '8470']","[0.44799983501434326, 0.41228383779525757, 0.4098713994026184]","['title_description', 'title_description', 'title_description']"
舒缓轻音乐,['62248'],[],title_description,1,0,[],,['5179'],[0.5119160413742065],['title_description']
舒缓轻音乐,['62248'],[],title_description,3,1,['62248'],2.0,"['5179', '62248', '62206']","[0.5119160413742065, 0.47668930888175964, 0.43224143981933594]","['title_description', 'title_description', 'title_description']"
舒肝的音乐,['62248'],[],title_description,1,0,[],,['5179'],[0.4892435371875763],['title_description']
舒肝的音乐,['62248'],[],title_description,3,1,['62248'],2.0,"['5179', '62248', '62206']","[0.4892435371875763, 0.4522726535797119, 0.42910099029541016]","['title_description', 'title_description', 'title_description']"
舞曲舞曲,['62248'],[],title_description,1,1,['62248'],1.0,['62248'],[0.5479378700256348],['title_description']
舞曲舞曲,['62248'],[],title_description,3,1,['62248'],1.0,"['62248', '5179', '62206']","[0.5479378700256348, 0.5455333590507507, 0.5100493431091309]","['title_description', 'title_description', 'title_description']"
草原歌曲大全,['62248'],[],title_description,1,0,[],,['5179'],[0.4781881868839264],['title_description']
草原歌曲大全,['62248'],[],title_description,3,1,['62248'],2.0,"['5179', '62248', '8470']","[0.4781881868839264, 0.44611141085624695, 0.4164011478424072]","['title_description', 'title_description', 'title_description']"
荷东迪斯科劲爆舞曲,['62248'],[],title_description,1,0,[],,['5179'],[0.3305356502532959],['title_description']
荷东迪斯科劲爆舞曲,['62248'],[],title_description,3,1,['62248'],2.0,"['5179', '62248', '62206']","[0.3305356502532959, 0.3302139639854431, 0.2939576506614685]","['title_description', 'title_description', 'title_description']"
萨克斯十大顶级神曲,['62248'],[],title_description,1,1,['62248'],1.0,['62248'],[0.36078161001205444],['title_description']
萨克斯十大顶级神曲,['62248'],[],title_description,3,1,['62248'],1.0,"['62248', '5179', '50393']","[0.36078161001205444, 0.34675824642181396, 0.3205729126930237]","['title_description', 'title_description', 'title_description']"
葫芦丝乐曲,['62248'],[],title_description,1,0,[],,['5179'],[0.44845178723335266],['title_description']
葫芦丝乐曲,['62248'],[],title_description,3,1,['62248'],2.0,"['5179', '62248', '62206']","[0.44845178723335266, 0.44018590450286865, 0.407899409532547]","['title_description', 'title_description', 'title_description']"
蒙古族歌曲,['62248'],[],title_description,1,0,[],,['5179'],[0.4748467803001404],['title_description']
蒙古族歌曲,['62248'],[],title_description,3,1,['62248'],2.0,"['5179', '62248', '62206']","[0.4748467803001404, 0.4572971761226654, 0.4355611205101013]","['title_description', 'title_description', 'title_description']"
薛之谦的歌最好听,['62248'],[],title_description,1,1,['62248'],1.0,['62248'],[0.5041786432266235],['title_description']
薛之谦的歌最好听,['62248'],[],title_description,3,1,['62248'],1.0,"['62248', '8470', '62206']","[0.5041786432266235, 0.4918632209300995, 0.486630380153656]","['title_description', 'title_description', 'title_description']"
藏族歌曲最好听的十首,['62248'],[],title_description,1,0,[],,['5179'],[0.4362574815750122],['title_description']
藏族歌曲最好听的十首,['62248'],[],title_description,3,1,['62248'],2.0,"['5179', '62248', '62206']","[0.4362574815750122, 0.43534812331199646, 0.40569332242012024]","['title_description', 'title_description', 'title_description']"
警察歌曲,['62248'],[],title_description,1,1,['62248'],1.0,['62248'],[0.5006840229034424],['title_description']
警察歌曲,['62248'],[],title_description,3,1,['62248'],1.0,"['62248', '5179', '62206']","[0.5006840229034424, 0.4894137978553772, 0.4613257646560669]","['title_description', 'title_description', 'title_description']"
许嵩所有歌曲,['62248'],[],title_description,1,0,[],,['5179'],[0.5839389562606812],['title_description']
许嵩所有歌曲,['62248'],[],title_description,3,0,[],,"['5179', '62206', '8470']","[0.5839389562606812, 0.5759251713752747, 0.56918865442276]","['title_description', 'title_description', 'title_description']"
足球赛的歌曲,['62248'],[],title_description,1,1,['62248'],1.0,['62248'],[0.5084381699562073],['title_description']
足球赛的歌曲,['62248'],[],title_description,3,1,['62248'],1.0,"['62248', '5179', '62206']","[0.5084381699562073, 0.5070130228996277, 0.4997788071632385]","['title_description', 'title_description', 'title_description']"
跑步适合的音乐,['62248'],[],title_description,1,0,[],,['5179'],[0.5524420738220215],['title_description']
跑步适合的音乐,['62248'],[],title_description,3,1,['62248'],2.0,"['5179', '62248', '62206']","[0.5524420738220215, 0.5417442917823792, 0.5157646536827087]","['title_description', 'title_description', 'title_description']"
车载dj舞曲,['62248'],[],title_description,1,0,[],,['5179'],[0.4464762508869171],['title_description']
车载dj舞曲,['62248'],[],title_description,3,1,['62248'],2.0,"['5179', '62248', '50393']","[0.4464762508869171, 0.4453642964363098, 0.41433799266815186]","['title_description', 'title_description', 'title_description']"
运动会歌曲最火的歌,['62248'],[],title_description,1,0,[],,['5179'],[0.43386971950531006],['title_description']
运动会歌曲最火的歌,['62248'],[],title_description,3,1,['62248'],3.0,"['5179', '62206', '62248']","[0.43386971950531006, 0.41064178943634033, 0.4081045389175415]","['title_description', 'title_description', 'title_description']"
适合初中生的英文歌,['62248'],[],title_description,1,0,[],,['62206'],[0.43461453914642334],['title_description']
适合初中生的英文歌,['62248'],[],title_description,3,1,['62248'],3.0,"['62206', '8470', '62248']","[0.43461453914642334, 0.4298590123653412, 0.4014805853366852]","['title_description', 'title_description', 'title_description']"
适合女生唱的歌,['62248'],[],title_description,1,0,[],,['62206'],[0.508847177028656],['title_description']
适合女生唱的歌,['62248'],[],title_description,3,1,['62248'],2.0,"['62206', '62248', '8470']","[0.508847177028656, 0.503848671913147, 0.5008701086044312]","['title_description', 'title_description', 'title_description']"
适合孩子唱的歌曲,['62248'],[],title_description,1,0,[],,['62206'],[0.5264667272567749],['title_description']
适合孩子唱的歌曲,['62248'],[],title_description,3,1,['62248'],3.0,"['62206', '8470', '62248']","[0.5264667272567749, 0.5209137201309204, 0.5166186094284058]","['title_description', 'title_description', 'title_description']"
适合年会唱的歌,['62248'],[],title_description,1,0,[],,['5179'],[0.43004852533340454],['title_description']
适合年会唱的歌,['62248'],[],title_description,3,0,[],,"['5179', '8470', '62206']","[0.43004852533340454, 0.42995864152908325, 0.4235613942146301]","['title_description', 'title_description', 'title_description']"
钢琴名曲,['62248'],[],title_description,1,1,['62248'],1.0,['62248'],[0.5104432702064514],['title_description']
钢琴名曲,['62248'],[],title_description,3,1,['62248'],1.0,"['62248', '5179', '51381']","[0.5104432702064514, 0.47570738196372986, 0.45204824209213257]","['title_description', 'title_description', 'title_description']"
风的歌曲有哪些,['62248'],[],title_description,1,0,[],,['5179'],[0.5906105041503906],['title_description']
风的歌曲有哪些,['62248'],[],title_description,3,0,[],,"['5179', '62206', '8470']","[0.5906105041503906, 0.5900327563285828, 0.5847553014755249]","['title_description', 'title_description', 'title_description']"
高音歌曲排行榜前十名,['62248'],[],title_description,1,0,[],,['5179'],[0.5091650485992432],['title_description']
高音歌曲排行榜前十名,['62248'],[],title_description,3,1,['62248'],2.0,"['5179', '62248', '50393']","[0.5091650485992432, 0.4939200282096863, 0.4327063262462616]","['title_description', 'title_description', 'title_description']"
