query,gold_ids,missing_gold_ids,view,k,pass_at_k,hit_ids,first_hit_rank,recall_ids,recall_scores,recall_views
三亚旅游景点有哪些,['5851'],[],description,1,0,[],,['5671'],[0.555519163608551],['description']
三亚旅游景点有哪些,['5851'],[],description,3,0,[],,"['5671', '62106', '62306']","[0.555519163608551, 0.5441901683807373, 0.5270774364471436]","['description', 'description', 'description']"
上海必去十大景点有哪些,['5851'],[],description,1,0,[],,['62106'],[0.48474687337875366],['description']
上海必去十大景点有哪些,['5851'],[],description,3,0,[],,"['62106', '62306', '47242']","[0.48474687337875366, 0.4819422662258148, 0.4686006009578705]","['description', 'description', 'description']"
上海有哪些五a景区,['5851'],[],description,1,0,[],,['5671'],[0.5062834620475769],['description']
上海有哪些五a景区,['5851'],[],description,3,0,[],,"['5671', '62106', '62306']","[0.5062834620475769, 0.48796868324279785, 0.47370532155036926]","['description', 'description', 'description']"
上海有哪些地方好玩,['5851'],[],description,1,0,[],,['62106'],[0.4874260425567627],['description']
上海有哪些地方好玩,['5851'],[],description,3,0,[],,"['62106', '62306', '47198']","[0.4874260425567627, 0.4795215129852295, 0.47592681646347046]","['description', 'description', 'description']"
临沂旅游景点大全,['5851'],[],description,1,0,[],,['5671'],[0.502041757106781],['description']
临沂旅游景点大全,['5851'],[],description,3,0,[],,"['5671', '62106', '62306']","[0.502041757106781, 0.4732939600944519, 0.4629162549972534]","['description', 'description', 'description']"
临沂景区有哪些,['5851'],[],description,1,0,[],,['5671'],[0.5602715611457825],['description']
临沂景区有哪些,['5851'],[],description,3,0,[],,"['5671', '62106', '62306']","[0.5602715611457825, 0.48354676365852356, 0.4768456220626831]","['description', 'description', 'description']"
丽水旅游景点推荐,['5851'],[],description,1,0,[],,['5671'],[0.4815428853034973],['description']
丽水旅游景点推荐,['5851'],[],description,3,0,[],,"['5671', '62106', '62306']","[0.4815428853034973, 0.4786829352378845, 0.4697393774986267]","['description', 'description', 'description']"
丽江必去景点有哪些,['5851'],[],description,1,0,[],,['5671'],[0.49112462997436523],['description']
丽江必去景点有哪些,['5851'],[],description,3,0,[],,"['5671', '62106', '62306']","[0.49112462997436523, 0.4735450744628906, 0.47067177295684814]","['description', 'description', 'description']"
乌鲁木齐儿童游玩的地方有哪些,['5851'],[],description,1,0,[],,['5671'],[0.44984865188598633],['description']
乌鲁木齐儿童游玩的地方有哪些,['5851'],[],description,3,0,[],,"['5671', '62106', '62306']","[0.44984865188598633, 0.43709009885787964, 0.42798522114753723]","['description', 'description', 'description']"
乌鲁木齐有哪些景点,['5851'],[],description,1,0,[],,['62106'],[0.5105948448181152],['description']
乌鲁木齐有哪些景点,['5851'],[],description,3,0,[],,"['62106', '5671', '62306']","[0.5105948448181152, 0.5038096308708191, 0.5035362243652344]","['description', 'description', 'description']"
乐山市旅游景点有哪些,['5851'],[],description,1,0,[],,['5671'],[0.486740380525589],['description']
乐山市旅游景点有哪些,['5851'],[],description,3,0,[],,"['5671', '62106', '62306']","[0.486740380525589, 0.4655998647212982, 0.4606447219848633]","['description', 'description', 'description']"
佳木斯市旅游景点有哪些,['5851'],[],description,1,0,[],,['5671'],[0.4546360969543457],['description']
佳木斯市旅游景点有哪些,['5851'],[],description,3,0,[],,"['5671', '62106', '62306']","[0.4546360969543457, 0.4529848098754883, 0.44065552949905396]","['description', 'description', 'description']"
六安旅游景点有哪些,['5851'],[],description,1,0,[],,['5671'],[0.4968146085739136],['description']
六安旅游景点有哪些,['5851'],[],description,3,0,[],,"['5671', '62106', '62306']","[0.4968146085739136, 0.4719036817550659, 0.4583008587360382]","['description', 'description', 'description']"
兰州有哪些景点,['5851'],[],description,1,0,[],,['62306'],[0.4909226894378662],['description']
兰州有哪些景点,['5851'],[],description,3,0,[],,"['62306', '62106', '47198']","[0.4909226894378662, 0.4882321357727051, 0.47979193925857544]","['description', 'description', 'description']"
北京好玩的地方有哪些,['5851'],[],description,1,0,[],,['47242'],[0.49553143978118896],['description']
北京好玩的地方有哪些,['5851'],[],description,3,0,[],,"['47242', '62106', '62306']","[0.49553143978118896, 0.46970894932746887, 0.4681411683559418]","['description', 'description', 'description']"
北京旅游景点有哪些,['5851'],[],description,1,0,[],,['47242'],[0.5623133182525635],['description']
北京旅游景点有哪些,['5851'],[],description,3,0,[],,"['47242', '5671', '62106']","[0.5623133182525635, 0.5547999143600464, 0.5442081689834595]","['description', 'description', 'description']"
北京著名景点都有哪些,['5851'],[],description,1,0,[],,['47242'],[0.5295817852020264],['description']
北京著名景点都有哪些,['5851'],[],description,3,0,[],,"['47242', '5671', '62306']","[0.5295817852020264, 0.5134633779525757, 0.4992683529853821]","['description', 'description', 'description']"
南京有哪些景点好玩,['5851'],[],description,1,0,[],,['47198'],[0.4863416850566864],['description']
南京有哪些景点好玩,['5851'],[],description,3,0,[],,"['47198', '5671', '62106']","[0.4863416850566864, 0.48499906063079834, 0.48297810554504395]","['description', 'description', 'description']"
南京漂流的地方,['5851'],[],description,1,0,[],,['47198'],[0.4635119140148163],['description']
南京漂流的地方,['5851'],[],description,3,0,[],,"['47198', '47242', '5671']","[0.4635119140148163, 0.4389030337333679, 0.4387928247451782]","['description', 'description', 'description']"
南宁景点有哪些好玩的地方推荐,['5851'],[],description,1,0,[],,['47198'],[0.5176655650138855],['description']
南宁景点有哪些好玩的地方推荐,['5851'],[],description,3,0,[],,"['47198', '62106', '62306']","[0.5176655650138855, 0.48717600107192993, 0.48592641949653625]","['description', 'description', 'description']"
南昌有那些景点好玩,['5851'],[],description,1,0,[],,['47198'],[0.5001206398010254],['description']
南昌有那些景点好玩,['5851'],[],description,3,0,[],,"['47198', '5671', '62106']","[0.5001206398010254, 0.4879581928253174, 0.4794361889362335]","['description', 'description', 'description']"
南通夏天有哪些旅游景点好玩的地方,['5851'],[],description,1,0,[],,['62106'],[0.4531044065952301],['description']
南通夏天有哪些旅游景点好玩的地方,['5851'],[],description,3,0,[],,"['62106', '5671', '47198']","[0.4531044065952301, 0.44730401039123535, 0.44509047269821167]","['description', 'description', 'description']"
南通晚上必去三个地方,['5851'],[],description,1,0,[],,['47198'],[0.44213926792144775],['description']
南通晚上必去三个地方,['5851'],[],description,3,0,[],,"['47198', '50192', '47242']","[0.44213926792144775, 0.40412402153015137, 0.38661104440689087]","['description', 'description', 'description']"
南阳有哪些旅游景点,['5851'],[],description,1,0,[],,['5671'],[0.48113328218460083],['description']
南阳有哪些旅游景点,['5851'],[],description,3,0,[],,"['5671', '62106', '47198']","[0.48113328218460083, 0.46472811698913574, 0.45493972301483154]","['description', 'description', 'description']"
合肥一日游必去的地方,['5851'],[],description,1,0,[],,['47198'],[0.4260074496269226],['description']
合肥一日游必去的地方,['5851'],[],description,3,0,[],,"['47198', '5671', '47242']","[0.4260074496269226, 0.4085314869880676, 0.3967917263507843]","['description', 'description', 'description']"
合肥有哪些旅游景点,['5851'],[],description,1,0,[],,['5671'],[0.5029845237731934],['description']
合肥有哪些旅游景点,['5851'],[],description,3,0,[],,"['5671', '47198', '62106']","[0.5029845237731934, 0.49623242020606995, 0.4889688193798065]","['description', 'description', 'description']"
呼和浩特的旅游景点,['5851'],[],description,1,0,[],,['5671'],[0.5073795914649963],['description']
呼和浩特的旅游景点,['5851'],[],description,3,0,[],,"['5671', '62106', '62306']","[0.5073795914649963, 0.48318761587142944, 0.4794585108757019]","['description', 'description', 'description']"
唐山景点有哪些好玩,['5851'],[],description,1,0,[],,['5671'],[0.5022902488708496],['description']
唐山景点有哪些好玩,['5851'],[],description,3,0,[],,"['5671', '62106', '62306']","[0.5022902488708496, 0.49572938680648804, 0.49177467823028564]","['description', 'description', 'description']"
大理旅游景点,['5851'],[],description,1,0,[],,['5671'],[0.48565319180488586],['description']
大理旅游景点,['5851'],[],description,3,0,[],,"['5671', '62106', '62306']","[0.48565319180488586, 0.4500269889831543, 0.4432811141014099]","['description', 'description', 'description']"
大理有什么好玩的地方景点推荐,['5851'],[],description,1,0,[],,['62106'],[0.470371812582016],['description']
大理有什么好玩的地方景点推荐,['5851'],[],description,3,0,[],,"['62106', '47198', '62306']","[0.470371812582016, 0.4701867401599884, 0.46449893712997437]","['description', 'description', 'description']"
天水有哪些好玩的地方景点,['5851'],[],description,1,0,[],,['62106'],[0.4967585802078247],['description']
天水有哪些好玩的地方景点,['5851'],[],description,3,0,[],,"['62106', '5671', '62306']","[0.4967585802078247, 0.4963306486606598, 0.48683100938796997]","['description', 'description', 'description']"
天津值得游玩的地方有哪些,['5851'],[],description,1,0,[],,['62106'],[0.4975138306617737],['description']
天津值得游玩的地方有哪些,['5851'],[],description,3,0,[],,"['62106', '5671', '62306']","[0.4975138306617737, 0.4943808317184448, 0.48477593064308167]","['description', 'description', 'description']"
天津必去十大景点排名,['5851'],[],description,1,0,[],,['62106'],[0.4953936040401459],['description']
天津必去十大景点排名,['5851'],[],description,3,0,[],,"['62106', '62306', '47242']","[0.4953936040401459, 0.49204879999160767, 0.44478023052215576]","['description', 'description', 'description']"
天津有哪些地方好玩,['5851'],[],description,1,0,[],,['62106'],[0.4892084300518036],['description']
天津有哪些地方好玩,['5851'],[],description,3,0,[],,"['62106', '5671', '62306']","[0.4892084300518036, 0.48517608642578125, 0.4807048439979553]","['description', 'description', 'description']"
太原有哪些旅游景点,['5851'],[],description,1,0,[],,['5671'],[0.5214371085166931],['description']
太原有哪些旅游景点,['5851'],[],description,3,0,[],,"['5671', '62106', '62306']","[0.5214371085166931, 0.5153566598892212, 0.5059969425201416]","['description', 'description', 'description']"
宁波有哪些景点好玩,['5851'],[],description,1,0,[],,['47198'],[0.49350839853286743],['description']
宁波有哪些景点好玩,['5851'],[],description,3,0,[],,"['47198', '5671', '62106']","[0.49350839853286743, 0.49028280377388, 0.4899759888648987]","['description', 'description', 'description']"
安徽宣城市的旅游景点,['5851'],[],description,1,0,[],,['5671'],[0.4485585689544678],['description']
安徽宣城市的旅游景点,['5851'],[],description,3,0,[],,"['5671', '62106', '62306']","[0.4485585689544678, 0.4181429147720337, 0.4056090712547302]","['description', 'description', 'description']"
安阳有哪些景点,['5851'],[],description,1,0,[],,['5671'],[0.4897235631942749],['description']
安阳有哪些景点,['5851'],[],description,3,0,[],,"['5671', '62106', '62306']","[0.4897235631942749, 0.47955322265625, 0.4703959822654724]","['description', 'description', 'description']"
宜兴十大免费景区,['5851'],[],description,1,0,[],,['5671'],[0.4838700294494629],['description']
宜兴十大免费景区,['5851'],[],description,3,0,[],,"['5671', '62106', '62306']","[0.4838700294494629, 0.3926878571510315, 0.38476982712745667]","['description', 'description', 'description']"
宜兴有哪些好玩的地方,['5851'],[],description,1,0,[],,['5671'],[0.46903708577156067],['description']
宜兴有哪些好玩的地方,['5851'],[],description,3,0,[],,"['5671', '47198', '62106']","[0.46903708577156067, 0.4533105790615082, 0.4431465268135071]","['description', 'description', 'description']"
宜昌十大旅游景点,['5851'],[],description,1,0,[],,['5671'],[0.4533059597015381],['description']
宜昌十大旅游景点,['5851'],[],description,3,0,[],,"['5671', '62106', '62306']","[0.4533059597015381, 0.4323485493659973, 0.41826310753822327]","['description', 'description', 'description']"
宿迁旅游必去十大景点推荐,['5851'],[],description,1,0,[],,['62106'],[0.4880707263946533],['description']
宿迁旅游必去十大景点推荐,['5851'],[],description,3,0,[],,"['62106', '5671', '62306']","[0.4880707263946533, 0.4867905080318451, 0.4718085825443268]","['description', 'description', 'description']"
山西大同有哪些好玩的旅游景点,['5851'],[],description,1,0,[],,['5671'],[0.46404385566711426],['description']
山西大同有哪些好玩的旅游景点,['5851'],[],description,3,0,[],,"['5671', '62106', '62306']","[0.46404385566711426, 0.43839043378829956, 0.42648786306381226]","['description', 'description', 'description']"
峨眉山必去景点有哪些,['5851'],[],description,1,0,[],,['5671'],[0.4400828182697296],['description']
峨眉山必去景点有哪些,['5851'],[],description,3,0,[],,"['5671', '47272', '47198']","[0.4400828182697296, 0.4121650159358978, 0.3984491527080536]","['description', 'description', 'description']"
峨眉山风景区,['5851'],[],description,1,0,[],,['5671'],[0.5039505958557129],['description']
峨眉山风景区,['5851'],[],description,3,0,[],,"['5671', '47242', '62106']","[0.5039505958557129, 0.4238094091415405, 0.4204944968223572]","['description', 'description', 'description']"
常州旅游必去景点,['5851'],[],description,1,0,[],,['5671'],[0.49508967995643616],['description']
常州旅游必去景点,['5851'],[],description,3,0,[],,"['5671', '62106', '62306']","[0.49508967995643616, 0.4625135064125061, 0.44827723503112793]","['description', 'description', 'description']"
广州市免费旅游景点大全有哪些,['5851'],[],description,1,0,[],,['5671'],[0.5559162497520447],['description']
广州市免费旅游景点大全有哪些,['5851'],[],description,3,0,[],,"['5671', '62106', '62306']","[0.5559162497520447, 0.5032355785369873, 0.4869282841682434]","['description', 'description', 'description']"
广州有哪些地方好玩,['5851'],[],description,1,0,[],,['62106'],[0.49167653918266296],['description']
广州有哪些地方好玩,['5851'],[],description,3,0,[],,"['62106', '47198', '62306']","[0.49167653918266296, 0.48921704292297363, 0.4753696322441101]","['description', 'description', 'description']"
延吉旅游必去十大景点有哪些,['5851'],[],description,1,0,[],,['5671'],[0.46205705404281616],['description']
延吉旅游必去十大景点有哪些,['5851'],[],description,3,0,[],,"['5671', '62106', '62306']","[0.46205705404281616, 0.45494186878204346, 0.441835880279541]","['description', 'description', 'description']"
开封有哪些旅游景点,['5851'],[],description,1,0,[],,['5671'],[0.5389299988746643],['description']
开封有哪些旅游景点,['5851'],[],description,3,0,[],,"['5671', '62106', '62306']","[0.5389299988746643, 0.48783278465270996, 0.47885096073150635]","['description', 'description', 'description']"
怀化有哪些景点,['5851'],[],description,1,0,[],,['5671'],[0.509541392326355],['description']
怀化有哪些景点,['5851'],[],description,3,0,[],,"['5671', '62106', '47198']","[0.509541392326355, 0.4891537129878998, 0.4833984076976776]","['description', 'description', 'description']"
惠州景点有哪些好玩的地方,['5851'],[],description,1,0,[],,['47198'],[0.49532294273376465],['description']
惠州景点有哪些好玩的地方,['5851'],[],description,3,0,[],,"['47198', '5671', '50192']","[0.49532294273376465, 0.4634087085723877, 0.4413866400718689]","['description', 'description', 'description']"
成都有哪些地方好玩的景点,['5851'],[],description,1,0,[],,['5671'],[0.5118643045425415],['description']
成都有哪些地方好玩的景点,['5851'],[],description,3,0,[],,"['5671', '62106', '62306']","[0.5118643045425415, 0.5092474222183228, 0.5047954320907593]","['description', 'description', 'description']"
扬州景点有哪些,['5851'],[],description,1,0,[],,['5671'],[0.49138927459716797],['description']
扬州景点有哪些,['5851'],[],description,3,0,[],,"['5671', '47198', '47242']","[0.49138927459716797, 0.45983001589775085, 0.4586041569709778]","['description', 'description', 'description']"
承德必去的三个景点,['5851'],[],description,1,0,[],,['5671'],[0.4060598611831665],['description']
承德必去的三个景点,['5851'],[],description,3,0,[],,"['5671', '47242', '60874']","[0.4060598611831665, 0.3940123915672302, 0.3731774687767029]","['description', 'description', 'description']"
承德有什么好玩的地方景点推荐,['5851'],[],description,1,0,[],,['5671'],[0.42791011929512024],['description']
承德有什么好玩的地方景点推荐,['5851'],[],description,3,0,[],,"['5671', '62106', '62306']","[0.42791011929512024, 0.41392451524734497, 0.4070608913898468]","['description', 'description', 'description']"
无锡旅游7月适合去的景点,['5851'],[],description,1,0,[],,['5671'],[0.5200064778327942],['description']
无锡旅游7月适合去的景点,['5851'],[],description,3,0,[],,"['5671', '62106', '62306']","[0.5200064778327942, 0.5012296438217163, 0.4790689945220947]","['description', 'description', 'description']"
无锡有哪些好玩景点,['5851'],[],description,1,0,[],,['5671'],[0.5035348534584045],['description']
无锡有哪些好玩景点,['5851'],[],description,3,0,[],,"['5671', '62106', '62306']","[0.5035348534584045, 0.5020801424980164, 0.4950740933418274]","['description', 'description', 'description']"
日照好玩的地方有哪些,['5851'],[],description,1,0,[],,['5671'],[0.44376394152641296],['description']
日照好玩的地方有哪些,['5851'],[],description,3,0,[],,"['5671', '62106', '62306']","[0.44376394152641296, 0.4368056058883667, 0.43004322052001953]","['description', 'description', 'description']"
昆明五a级景区有哪些,['5851'],[],description,1,0,[],,['5671'],[0.5023417472839355],['description']
昆明五a级景区有哪些,['5851'],[],description,3,0,[],,"['5671', '62106', '62306']","[0.5023417472839355, 0.48269885778427124, 0.4708886742591858]","['description', 'description', 'description']"
昆明旅游必去景点,['5851'],[],description,1,0,[],,['5671'],[0.49868977069854736],['description']
昆明旅游必去景点,['5851'],[],description,3,0,[],,"['5671', '62106', '62306']","[0.49868977069854736, 0.4963710606098175, 0.48355960845947266]","['description', 'description', 'description']"
昆明有哪些景点好玩的地方,['5851'],[],description,1,0,[],,['47198'],[0.49300795793533325],['description']
昆明有哪些景点好玩的地方,['5851'],[],description,3,0,[],,"['47198', '62106', '62306']","[0.49300795793533325, 0.4721689820289612, 0.46616894006729126]","['description', 'description', 'description']"
景德镇一日游必去景点推荐,['5851'],[],description,1,0,[],,['5671'],[0.49030381441116333],['description']
景德镇一日游必去景点推荐,['5851'],[],description,3,0,[],,"['5671', '62106', '62306']","[0.49030381441116333, 0.464621365070343, 0.45001375675201416]","['description', 'description', 'description']"
曲靖市有哪些景点好玩,['5851'],[],description,1,0,[],,['5671'],[0.446435809135437],['description']
曲靖市有哪些景点好玩,['5851'],[],description,3,0,[],,"['5671', '62106', '47198']","[0.446435809135437, 0.4420854449272156, 0.43759435415267944]","['description', 'description', 'description']"
本溪旅游景点有哪些,['5851'],[],description,1,0,[],,['5671'],[0.4961155354976654],['description']
本溪旅游景点有哪些,['5851'],[],description,3,0,[],,"['5671', '47242', '62106']","[0.4961155354976654, 0.47434210777282715, 0.46443015336990356]","['description', 'description', 'description']"
杭州景点有哪些,['5851'],[],description,1,0,[],,['5671'],[0.51651930809021],['description']
杭州景点有哪些,['5851'],[],description,3,0,[],,"['5671', '62106', '62306']","[0.51651930809021, 0.5099664330482483, 0.5078912377357483]","['description', 'description', 'description']"
林芝有哪些景点,['5851'],[],description,1,0,[],,['5671'],[0.5147861242294312],['description']
林芝有哪些景点,['5851'],[],description,3,0,[],,"['5671', '47198', '62106']","[0.5147861242294312, 0.4841698110103607, 0.4673589766025543]","['description', 'description', 'description']"
梅州最出名三个景点,['5851'],[],description,1,0,[],,['5671'],[0.4506343901157379],['description']
梅州最出名三个景点,['5851'],[],description,3,0,[],,"['5671', '62106', '47198']","[0.4506343901157379, 0.44312572479248047, 0.4377177357673645]","['description', 'description', 'description']"
武威旅游景点有哪些,['5851'],[],description,1,0,[],,['5671'],[0.5219392776489258],['description']
武威旅游景点有哪些,['5851'],[],description,3,0,[],,"['5671', '62106', '62306']","[0.5219392776489258, 0.5119959712028503, 0.49472129344940186]","['description', 'description', 'description']"
江门有哪些旅游景点好玩的地方,['5851'],[],description,1,0,[],,['5671'],[0.4774796664714813],['description']
江门有哪些旅游景点好玩的地方,['5851'],[],description,3,0,[],,"['5671', '62106', '47198']","[0.4774796664714813, 0.47728556394577026, 0.46346044540405273]","['description', 'description', 'description']"
江阴景点排名大全,['5851'],[],description,1,0,[],,['62106'],[0.4882545471191406],['description']
江阴景点排名大全,['5851'],[],description,3,0,[],,"['62106', '62306', '5671']","[0.4882545471191406, 0.48549067974090576, 0.46636998653411865]","['description', 'description', 'description']"
沈阳儿童必去三个地方,['5851'],[],description,1,0,[],,['62306'],[0.36306142807006836],['description']
沈阳儿童必去三个地方,['5851'],[],description,3,0,[],,"['62306', '62106', '47198']","[0.36306142807006836, 0.3613266348838806, 0.3610613942146301]","['description', 'description', 'description']"
沈阳有哪些旅游景点,['5851'],[],description,1,0,[],,['62106'],[0.47329360246658325],['description']
沈阳有哪些旅游景点,['5851'],[],description,3,0,[],,"['62106', '5671', '62306']","[0.47329360246658325, 0.46941500902175903, 0.467265784740448]","['description', 'description', 'description']"
泉州有什么景点好玩的地方,['5851'],[],description,1,0,[],,['62106'],[0.45023947954177856],['description']
泉州有什么景点好玩的地方,['5851'],[],description,3,0,[],,"['62106', '5671', '62306']","[0.45023947954177856, 0.4446685314178467, 0.439542293548584]","['description', 'description', 'description']"
洛阳游玩景点,['5851'],[],description,1,0,[],,['5671'],[0.5249805450439453],['description']
洛阳游玩景点,['5851'],[],description,3,0,[],,"['5671', '62106', '62306']","[0.5249805450439453, 0.507561206817627, 0.5012107491493225]","['description', 'description', 'description']"
济南景点有哪些,['5851'],[],description,1,0,[],,['5671'],[0.47818952798843384],['description']
济南景点有哪些,['5851'],[],description,3,0,[],,"['5671', '47198', '62106']","[0.47818952798843384, 0.47477206587791443, 0.4636402130126953]","['description', 'description', 'description']"
浙江金华旅游景点推荐,['5851'],[],description,1,0,[],,['5671'],[0.4514193534851074],['description']
浙江金华旅游景点推荐,['5851'],[],description,3,0,[],,"['5671', '62106', '62306']","[0.4514193534851074, 0.42111361026763916, 0.4103468060493469]","['description', 'description', 'description']"
深圳市景区排行榜前十名,['5851'],[],description,1,0,[],,['62106'],[0.5161639451980591],['description']
深圳市景区排行榜前十名,['5851'],[],description,3,0,[],,"['62106', '62306', '5671']","[0.5161639451980591, 0.5156117677688599, 0.5102822780609131]","['description', 'description', 'description']"
深圳必去十大景点,['5851'],[],description,1,0,[],,['47242'],[0.4356858730316162],['description']
深圳必去十大景点,['5851'],[],description,3,0,[],,"['47242', '62106', '62306']","[0.4356858730316162, 0.43405842781066895, 0.43352222442626953]","['description', 'description', 'description']"
深圳晚上有哪些好玩的地方,['5851'],[],description,1,0,[],,['47198'],[0.46810182929039],['description']
深圳晚上有哪些好玩的地方,['5851'],[],description,3,0,[],,"['47198', '5012', '62106']","[0.46810182929039, 0.4227246940135956, 0.4191875457763672]","['description', 'description', 'description']"
温州景点有哪些,['5851'],[],description,1,0,[],,['62106'],[0.5414642095565796],['description']
温州景点有哪些,['5851'],[],description,3,0,[],,"['62106', '62306', '5671']","[0.5414642095565796, 0.5330218076705933, 0.516062319278717]","['description', 'description', 'description']"
湖州旅游必去景点,['5851'],[],description,1,0,[],,['5671'],[0.485151082277298],['description']
湖州旅游必去景点,['5851'],[],description,3,0,[],,"['5671', '62106', '62306']","[0.485151082277298, 0.4518049657344818, 0.43932193517684937]","['description', 'description', 'description']"
湘潭有哪些景点好玩的地方,['5851'],[],description,1,0,[],,['5671'],[0.47309279441833496],['description']
湘潭有哪些景点好玩的地方,['5851'],[],description,3,0,[],,"['5671', '62106', '47198']","[0.47309279441833496, 0.4643937349319458, 0.4580145478248596]","['description', 'description', 'description']"
漯河景点有哪些地方好玩,['5851'],[],description,1,0,[],,['62106'],[0.48256099224090576],['description']
漯河景点有哪些地方好玩,['5851'],[],description,3,0,[],,"['62106', '62306', '5671']","[0.48256099224090576, 0.4807709753513336, 0.4727051854133606]","['description', 'description', 'description']"
漳州带小孩好玩的地方有哪些,['5851'],[],description,1,0,[],,['5671'],[0.41721999645233154],['description']
漳州带小孩好玩的地方有哪些,['5851'],[],description,3,0,[],,"['5671', '62106', '47198']","[0.41721999645233154, 0.4069232642650604, 0.4043574035167694]","['description', 'description', 'description']"
潍坊有哪些景点,['5851'],[],description,1,0,[],,['5671'],[0.4855874180793762],['description']
潍坊有哪些景点,['5851'],[],description,3,0,[],,"['5671', '62106', '62306']","[0.4855874180793762, 0.47955167293548584, 0.47215592861175537]","['description', 'description', 'description']"
潮州有什么好玩的景点,['5851'],[],description,1,0,[],,['5671'],[0.5001882314682007],['description']
潮州有什么好玩的景点,['5851'],[],description,3,0,[],,"['5671', '62106', '47198']","[0.5001882314682007, 0.4652339220046997, 0.4578610956668854]","['description', 'description', 'description']"
烟台市景区,['5851'],[],description,1,0,[],,['5671'],[0.5499187111854553],['description']
烟台市景区,['5851'],[],description,3,0,[],,"['5671', '62106', '47242']","[0.5499187111854553, 0.4741622805595398, 0.47240981459617615]","['description', 'description', 'description']"
烟台必去景点有哪些,['5851'],[],description,1,0,[],,['5671'],[0.4432353377342224],['description']
烟台必去景点有哪些,['5851'],[],description,3,0,[],,"['5671', '62106', '62306']","[0.4432353377342224, 0.44258177280426025, 0.4347171485424042]","['description', 'description', 'description']"
烟台最著名的三个景点,['5851'],[],description,1,0,[],,['5671'],[0.4509548246860504],['description']
烟台最著名的三个景点,['5851'],[],description,3,0,[],,"['5671', '62106', '62306']","[0.4509548246860504, 0.45066356658935547, 0.4450865387916565]","['description', 'description', 'description']"
牡丹江旅游攻略必去景点推荐,['5851'],[],description,1,0,[],,['62106'],[0.47787442803382874],['description']
牡丹江旅游攻略必去景点推荐,['5851'],[],description,3,0,[],,"['62106', '5671', '62306']","[0.47787442803382874, 0.4721994996070862, 0.4537343382835388]","['description', 'description', 'description']"
珠海有哪些好玩的地方,['5851'],[],description,1,0,[],,['47198'],[0.4903879165649414],['description']
珠海有哪些好玩的地方,['5851'],[],description,3,0,[],,"['47198', '62106', '5671']","[0.4903879165649414, 0.4894287586212158, 0.4892832934856415]","['description', 'description', 'description']"
珠海有哪里好玩的景点推荐,['5851'],[],description,1,0,[],,['5671'],[0.5211484432220459],['description']
珠海有哪里好玩的景点推荐,['5851'],[],description,3,0,[],,"['5671', '47198', '62106']","[0.5211484432220459, 0.5121039152145386, 0.5086338520050049]","['description', 'description', 'description']"
甘南旅游景点有哪些,['5851'],[],description,1,0,[],,['5671'],[0.5042290091514587],['description']
甘南旅游景点有哪些,['5851'],[],description,3,0,[],,"['5671', '62106', '62306']","[0.5042290091514587, 0.4942222237586975, 0.4708346426486969]","['description', 'description', 'description']"
登封旅游景点有哪些,['5851'],[],description,1,0,[],,['5671'],[0.5269995927810669],['description']
登封旅游景点有哪些,['5851'],[],description,3,0,[],,"['5671', '62106', '62306']","[0.5269995927810669, 0.49291694164276123, 0.47909000515937805]","['description', 'description', 'description']"
盐城最佳一日游的地方,['5851'],[],description,1,0,[],,['5671'],[0.42043593525886536],['description']
盐城最佳一日游的地方,['5851'],[],description,3,0,[],,"['5671', '62106', '47198']","[0.42043593525886536, 0.4076143205165863, 0.3987507224082947]","['description', 'description', 'description']"
石家庄好玩的地方,['5851'],[],description,1,0,[],,['62306'],[0.4049353301525116],['description']
石家庄好玩的地方,['5851'],[],description,3,0,[],,"['62306', '5671', '62106']","[0.4049353301525116, 0.4036175012588501, 0.402118980884552]","['description', 'description', 'description']"
石家庄有哪些旅游景点,['5851'],[],description,1,0,[],,['62106'],[0.4710327386856079],['description']
石家庄有哪些旅游景点,['5851'],[],description,3,0,[],,"['62106', '5671', '62306']","[0.4710327386856079, 0.46784934401512146, 0.46570396423339844]","['description', 'description', 'description']"
福州景点有哪些,['5851'],[],description,1,0,[],,['47198'],[0.5247666835784912],['description']
福州景点有哪些,['5851'],[],description,3,0,[],,"['47198', '62106', '5671']","[0.5247666835784912, 0.503456711769104, 0.4981534481048584]","['description', 'description', 'description']"
绍兴景点有哪些,['5851'],[],description,1,0,[],,['5671'],[0.5290262699127197],['description']
绍兴景点有哪些,['5851'],[],description,3,0,[],,"['5671', '62106', '62306']","[0.5290262699127197, 0.4976571798324585, 0.4906109571456909]","['description', 'description', 'description']"
芜湖有什么好玩的地方景点推荐,['5851'],[],description,1,0,[],,['47198'],[0.487002968788147],['description']
芜湖有什么好玩的地方景点推荐,['5851'],[],description,3,0,[],,"['47198', '62106', '62306']","[0.487002968788147, 0.48384982347488403, 0.47236061096191406]","['description', 'description', 'description']"
苏州旅游景点有哪些,['5851'],[],description,1,0,[],,['5671'],[0.5207594633102417],['description']
苏州旅游景点有哪些,['5851'],[],description,3,0,[],,"['5671', '62106', '62306']","[0.5207594633102417, 0.49948200583457947, 0.48716288805007935]","['description', 'description', 'description']"
茂名有哪些旅游景点,['5851'],[],description,1,0,[],,['5671'],[0.5155661106109619],['description']
茂名有哪些旅游景点,['5851'],[],description,3,0,[],,"['5671', '47198', '62106']","[0.5155661106109619, 0.496518075466156, 0.4850148558616638]","['description', 'description', 'description']"
襄阳有哪些景点好玩的地方,['5851'],[],description,1,0,[],,['5671'],[0.4450817108154297],['description']
襄阳有哪些景点好玩的地方,['5851'],[],description,3,0,[],,"['5671', '62106', '62306']","[0.4450817108154297, 0.4384647011756897, 0.42994779348373413]","['description', 'description', 'description']"
西双版纳景点有哪些,['5851'],[],description,1,0,[],,['5671'],[0.47645488381385803],['description']
西双版纳景点有哪些,['5851'],[],description,3,0,[],,"['5671', '47242', '62106']","[0.47645488381385803, 0.46549856662750244, 0.45795291662216187]","['description', 'description', 'description']"
西宁市区必去景点,['5851'],[],description,1,0,[],,['62306'],[0.4746921956539154],['description']
西宁市区必去景点,['5851'],[],description,3,0,[],,"['62306', '62106', '5671']","[0.4746921956539154, 0.47454026341438293, 0.4727051556110382]","['description', 'description', 'description']"
西安好玩的地方有哪些,['5851'],[],description,1,0,[],,['5671'],[0.4786114990711212],['description']
西安好玩的地方有哪些,['5851'],[],description,3,0,[],,"['5671', '62106', '50192']","[0.4786114990711212, 0.4774429202079773, 0.47267481684684753]","['description', 'description', 'description']"
西安旅游景点必去十大景点都有哪些,['5851'],[],description,1,0,[],,['5671'],[0.5306282639503479],['description']
西安旅游景点必去十大景点都有哪些,['5851'],[],description,3,0,[],,"['5671', '62106', '62306']","[0.5306282639503479, 0.5269941091537476, 0.5151340961456299]","['description', 'description', 'description']"
西安晚上好玩的地方,['5851'],[],description,1,0,[],,['50192'],[0.4647675156593323],['description']
西安晚上好玩的地方,['5851'],[],description,3,0,[],,"['50192', '5012', '47198']","[0.4647675156593323, 0.44228580594062805, 0.4394270181655884]","['description', 'description', 'description']"
贵州安顺的景点有哪些,['5851'],[],description,1,0,[],,['5671'],[0.4609183669090271],['description']
贵州安顺的景点有哪些,['5851'],[],description,3,0,[],,"['5671', '47198', '62106']","[0.4609183669090271, 0.428580105304718, 0.42590636014938354]","['description', 'description', 'description']"
贵阳适合老年人玩的地方,['5851'],[],description,1,0,[],,['5671'],[0.43457746505737305],['description']
贵阳适合老年人玩的地方,['5851'],[],description,3,0,[],,"['5671', '62106', '47198']","[0.43457746505737305, 0.4033083915710449, 0.40141522884368896]","['description', 'description', 'description']"
遵义漂流的地方有哪些,['5851'],[],description,1,0,[],,['5671'],[0.4753955900669098],['description']
遵义漂流的地方有哪些,['5851'],[],description,3,0,[],,"['5671', '47198', '62106']","[0.4753955900669098, 0.47481662034988403, 0.4315103590488434]","['description', 'description', 'description']"
邯郸旅游景点有哪些,['5851'],[],description,1,0,[],,['5671'],[0.5172665119171143],['description']
邯郸旅游景点有哪些,['5851'],[],description,3,0,[],,"['5671', '62106', '62306']","[0.5172665119171143, 0.48345574736595154, 0.46611058712005615]","['description', 'description', 'description']"
郑州市有哪些好玩的地方,['5851'],[],description,1,0,[],,['47198'],[0.4601920247077942],['description']
郑州市有哪些好玩的地方,['5851'],[],description,3,0,[],,"['47198', '62106', '62306']","[0.4601920247077942, 0.4498760998249054, 0.4439581036567688]","['description', 'description', 'description']"
郑州附近的旅游景点有哪些地方,['5851'],[],description,1,0,[],,['47198'],[0.49354052543640137],['description']
郑州附近的旅游景点有哪些地方,['5851'],[],description,3,0,[],,"['47198', '5671', '50192']","[0.49354052543640137, 0.49315381050109863, 0.49106431007385254]","['description', 'description', 'description']"
郴州有哪些旅游景点,['5851'],[],description,1,0,[],,['5671'],[0.5026837587356567],['description']
郴州有哪些旅游景点,['5851'],[],description,3,0,[],,"['5671', '47198', '62106']","[0.5026837587356567, 0.47657403349876404, 0.47216707468032837]","['description', 'description', 'description']"
酒泉必去三个景点,['5851'],[],description,1,0,[],,['5671'],[0.41438189148902893],['description']
酒泉必去三个景点,['5851'],[],description,3,0,[],,"['5671', '62106', '47242']","[0.41438189148902893, 0.3950234651565552, 0.39156830310821533]","['description', 'description', 'description']"
重庆必去景点有哪些,['5851'],[],description,1,0,[],,['62106'],[0.4431169629096985],['description']
重庆必去景点有哪些,['5851'],[],description,3,0,[],,"['62106', '62306', '5671']","[0.4431169629096985, 0.4352586269378662, 0.4342230260372162]","['description', 'description', 'description']"
重庆景点有哪些好玩的地方,['5851'],[],description,1,0,[],,['47198'],[0.43627652525901794],['description']
重庆景点有哪些好玩的地方,['5851'],[],description,3,0,[],,"['47198', '62106', '62306']","[0.43627652525901794, 0.4300502836704254, 0.4241368770599365]","['description', 'description', 'description']"
金华的旅游景点,['5851'],[],description,1,0,[],,['5671'],[0.5083514451980591],['description']
金华的旅游景点,['5851'],[],description,3,0,[],,"['5671', '47198', '62106']","[0.5083514451980591, 0.4586176574230194, 0.45670637488365173]","['description', 'description', 'description']"
长春景点十大排名,['5851'],[],description,1,0,[],,['62306'],[0.4416528344154358],['description']
长春景点十大排名,['5851'],[],description,3,0,[],,"['62306', '62106', '47198']","[0.4416528344154358, 0.4415407180786133, 0.3918840289115906]","['description', 'description', 'description']"
长春有什么好玩的地方,['5851'],[],description,1,0,[],,['47198'],[0.4007977843284607],['description']
长春有什么好玩的地方,['5851'],[],description,3,0,[],,"['47198', '62106', '62306']","[0.4007977843284607, 0.398212730884552, 0.3909075856208801]","['description', 'description', 'description']"
长春都有那些旅游景点,['5851'],[],description,1,0,[],,['5671'],[0.485481858253479],['description']
长春都有那些旅游景点,['5851'],[],description,3,0,[],,"['5671', '62106', '62306']","[0.485481858253479, 0.4822044372558594, 0.47196194529533386]","['description', 'description', 'description']"
长沙二日游必去5个地方,['5851'],[],description,1,0,[],,['62106'],[0.38056713342666626],['description']
长沙二日游必去5个地方,['5851'],[],description,3,0,[],,"['62106', '62306', '47198']","[0.38056713342666626, 0.36479300260543823, 0.3507028818130493]","['description', 'description', 'description']"
长沙景点排名前十名,['5851'],[],description,1,0,[],,['62306'],[0.5042216777801514],['description']
长沙景点排名前十名,['5851'],[],description,3,0,[],,"['62306', '62106', '47198']","[0.5042216777801514, 0.5027885437011719, 0.4751608371734619]","['description', 'description', 'description']"
长沙有哪些景点好玩的地方,['5851'],[],description,1,0,[],,['47198'],[0.47701314091682434],['description']
长沙有哪些景点好玩的地方,['5851'],[],description,3,0,[],,"['47198', '62106', '62306']","[0.47701314091682434, 0.4707584083080292, 0.46830713748931885]","['description', 'description', 'description']"
长沙适合孩子玩的地方有哪些,['5851'],[],description,1,0,[],,['47198'],[0.45893582701683044],['description']
长沙适合孩子玩的地方有哪些,['5851'],[],description,3,0,[],,"['47198', '5671', '62106']","[0.45893582701683044, 0.42708227038383484, 0.41694194078445435]","['description', 'description', 'description']"
阳江一天游哪里最好玩,['5851'],[],description,1,0,[],,['5671'],[0.42460161447525024],['description']
阳江一天游哪里最好玩,['5851'],[],description,3,0,[],,"['5671', '62106', '61111']","[0.42460161447525024, 0.4106792211532593, 0.4027049243450165]","['description', 'description', 'description']"
青岛有哪些景点好玩,['5851'],[],description,1,0,[],,['5671'],[0.46137434244155884],['description']
青岛有哪些景点好玩,['5851'],[],description,3,0,[],,"['5671', '47198', '62106']","[0.46137434244155884, 0.45440953969955444, 0.4528205096721649]","['description', 'description', 'description']"
韶关一日游最佳地方,['5851'],[],description,1,0,[],,['5671'],[0.39699530601501465],['description']
韶关一日游最佳地方,['5851'],[],description,3,0,[],,"['5671', '62106', '62306']","[0.39699530601501465, 0.3843464255332947, 0.36547860503196716]","['description', 'description', 'description']"
韶关旅游必去十大景点,['5851'],[],description,1,0,[],,['5671'],[0.42565327882766724],['description']
韶关旅游必去十大景点,['5851'],[],description,3,0,[],,"['5671', '62106', '62306']","[0.42565327882766724, 0.42154690623283386, 0.40580645203590393]","['description', 'description', 'description']"
香格里拉有哪些景点值得一游,['5851'],[],description,1,0,[],,['5671'],[0.515281617641449],['description']
香格里拉有哪些景点值得一游,['5851'],[],description,3,0,[],,"['5671', '62106', '62306']","[0.515281617641449, 0.5094664096832275, 0.49926796555519104]","['description', 'description', 'description']"
黄冈旅游景点,['5851'],[],description,1,0,[],,['5671'],[0.4565569758415222],['description']
黄冈旅游景点,['5851'],[],description,3,0,[],,"['5671', '62106', '62306']","[0.4565569758415222, 0.43640783429145813, 0.4178256392478943]","['description', 'description', 'description']"
三亚旅游景点有哪些,['5851'],[],merged,1,0,[],,['62106'],[0.6037136912345886],['title_description']
三亚旅游景点有哪些,['5851'],[],merged,3,0,[],,"['62106', '5671', '62306']","[0.6037136912345886, 0.6016162633895874, 0.5831420421600342]","['title_description', 'title_description', 'title_description']"
上海必去十大景点有哪些,['5851'],[],merged,1,0,[],,['62306'],[0.5542352795600891],['title_description']
上海必去十大景点有哪些,['5851'],[],merged,3,0,[],,"['62306', '62106', '5671']","[0.5542352795600891, 0.5523122549057007, 0.5101307034492493]","['title_description', 'title_description', 'title_description']"
上海有哪些五a景区,['5851'],[],merged,1,0,[],,['5671'],[0.540992259979248],['title_description']
上海有哪些五a景区,['5851'],[],merged,3,0,[],,"['5671', '62106', '62306']","[0.540992259979248, 0.5255883932113647, 0.5225354433059692]","['title_description', 'title_description', 'title_description']"
上海有哪些地方好玩,['5851'],[],merged,1,0,[],,['62106'],[0.557113766670227],['title_description']
上海有哪些地方好玩,['5851'],[],merged,3,0,[],,"['62106', '62306', '5671']","[0.557113766670227, 0.5407432317733765, 0.48946940898895264]","['title_description', 'title_description', 'title_description']"
临沂旅游景点大全,['5851'],[],merged,1,0,[],,['5671'],[0.5376390218734741],['title_description']
临沂旅游景点大全,['5851'],[],merged,3,0,[],,"['5671', '62106', '62306']","[0.5376390218734741, 0.5205233693122864, 0.5030999183654785]","['title_description', 'title_description', 'title_description']"
临沂景区有哪些,['5851'],[],merged,1,0,[],,['5671'],[0.6021040678024292],['title_description']
临沂景区有哪些,['5851'],[],merged,3,0,[],,"['5671', '62106', '62306']","[0.6021040678024292, 0.5426443815231323, 0.5297107696533203]","['title_description', 'title_description', 'title_description']"
丽水旅游景点推荐,['5851'],[],merged,1,0,[],,['62106'],[0.5339730381965637],['title_description']
丽水旅游景点推荐,['5851'],[],merged,3,0,[],,"['62106', '5671', '62306']","[0.5339730381965637, 0.5255985856056213, 0.5204573273658752]","['title_description', 'title_description', 'title_description']"
丽江必去景点有哪些,['5851'],[],merged,1,0,[],,['5671'],[0.5402762293815613],['title_description']
丽江必去景点有哪些,['5851'],[],merged,3,0,[],,"['5671', '62106', '62306']","[0.5402762293815613, 0.5338591933250427, 0.5276139974594116]","['title_description', 'title_description', 'title_description']"
乌鲁木齐儿童游玩的地方有哪些,['5851'],[],merged,1,0,[],,['62106'],[0.4812684953212738],['title_description']
乌鲁木齐儿童游玩的地方有哪些,['5851'],[],merged,3,0,[],,"['62106', '5671', '62306']","[0.4812684953212738, 0.4780346155166626, 0.4686433672904968]","['title_description', 'title_description', 'title_description']"
乌鲁木齐有哪些景点,['5851'],[],merged,1,0,[],,['62106'],[0.5659598708152771],['title_description']
乌鲁木齐有哪些景点,['5851'],[],merged,3,0,[],,"['62106', '62306', '5671']","[0.5659598708152771, 0.5586186051368713, 0.5454250574111938]","['title_description', 'title_description', 'title_description']"
乐山市旅游景点有哪些,['5851'],[],merged,1,0,[],,['5671'],[0.5336135625839233],['title_description']
乐山市旅游景点有哪些,['5851'],[],merged,3,0,[],,"['5671', '62106', '62306']","[0.5336135625839233, 0.5184130668640137, 0.5111759901046753]","['title_description', 'title_description', 'title_description']"
佳木斯市旅游景点有哪些,['5851'],[],merged,1,0,[],,['62106'],[0.5065438747406006],['title_description']
佳木斯市旅游景点有哪些,['5851'],[],merged,3,0,[],,"['62106', '5671', '62306']","[0.5065438747406006, 0.5041720271110535, 0.4902285039424896]","['title_description', 'title_description', 'title_description']"
六安旅游景点有哪些,['5851'],[],merged,1,0,[],,['5671'],[0.5380721092224121],['title_description']
六安旅游景点有哪些,['5851'],[],merged,3,0,[],,"['5671', '62106', '62306']","[0.5380721092224121, 0.529396653175354, 0.5127948522567749]","['title_description', 'title_description', 'title_description']"
兰州有哪些景点,['5851'],[],merged,1,0,[],,['62306'],[0.5484113097190857],['title_description']
兰州有哪些景点,['5851'],[],merged,3,0,[],,"['62306', '62106', '5671']","[0.5484113097190857, 0.5478371381759644, 0.5227007865905762]","['title_description', 'title_description', 'title_description']"
北京好玩的地方有哪些,['5851'],[],merged,1,0,[],,['62106'],[0.5309714078903198],['title_description']
北京好玩的地方有哪些,['5851'],[],merged,3,0,[],,"['62106', '62306', '5671']","[0.5309714078903198, 0.5241907835006714, 0.5034122467041016]","['title_description', 'title_description', 'title_description']"
北京旅游景点有哪些,['5851'],[],merged,1,0,[],,['62106'],[0.6114060878753662],['title_description']
北京旅游景点有哪些,['5851'],[],merged,3,0,[],,"['62106', '5671', '62306']","[0.6114060878753662, 0.6090596914291382, 0.5966712236404419]","['title_description', 'title_description', 'title_description']"
北京著名景点都有哪些,['5851'],[],merged,1,0,[],,['62106'],[0.5755595564842224],['title_description']
北京著名景点都有哪些,['5851'],[],merged,3,0,[],,"['62106', '62306', '5671']","[0.5755595564842224, 0.5711712837219238, 0.5649080872535706]","['title_description', 'title_description', 'title_description']"
南京有哪些景点好玩,['5851'],[],merged,1,0,[],,['62106'],[0.5492548942565918],['title_description']
南京有哪些景点好玩,['5851'],[],merged,3,0,[],,"['62106', '62306', '5671']","[0.5492548942565918, 0.5437610745429993, 0.5293928384780884]","['title_description', 'title_description', 'title_description']"
南京漂流的地方,['5851'],[],merged,1,0,[],,['62106'],[0.49386945366859436],['title_description']
南京漂流的地方,['5851'],[],merged,3,0,[],,"['62106', '62306', '5671']","[0.49386945366859436, 0.4815709590911865, 0.4734748601913452]","['title_description', 'title_description', 'title_description']"
南宁景点有哪些好玩的地方推荐,['5851'],[],merged,1,0,[],,['62306'],[0.5533467531204224],['title_description']
南宁景点有哪些好玩的地方推荐,['5851'],[],merged,3,0,[],,"['62306', '62106', '47198']","[0.5533467531204224, 0.551297664642334, 0.5176655650138855]","['title_description', 'title_description', 'description']"
南昌有那些景点好玩,['5851'],[],merged,1,0,[],,['62106'],[0.5419791340827942],['title_description']
南昌有那些景点好玩,['5851'],[],merged,3,0,[],,"['62106', '5671', '62306']","[0.5419791340827942, 0.5400689840316772, 0.537591814994812]","['title_description', 'title_description', 'title_description']"
南通夏天有哪些旅游景点好玩的地方,['5851'],[],merged,1,0,[],,['62106'],[0.5041108131408691],['title_description']
南通夏天有哪些旅游景点好玩的地方,['5851'],[],merged,3,0,[],,"['62106', '62306', '5671']","[0.5041108131408691, 0.4904564917087555, 0.4889568090438843]","['title_description', 'title_description', 'title_description']"
南通晚上必去三个地方,['5851'],[],merged,1,0,[],,['47198'],[0.44213926792144775],['description']
南通晚上必去三个地方,['5851'],[],merged,3,0,[],,"['47198', '62106', '62306']","[0.44213926792144775, 0.43122100830078125, 0.4193534255027771]","['description', 'title_description', 'title_description']"
南阳有哪些旅游景点,['5851'],[],merged,1,0,[],,['5671'],[0.5308400392532349],['title_description']
南阳有哪些旅游景点,['5851'],[],merged,3,0,[],,"['5671', '62106', '62306']","[0.5308400392532349, 0.5272343158721924, 0.5068340301513672]","['title_description', 'title_description', 'title_description']"
合肥一日游必去的地方,['5851'],[],merged,1,0,[],,['62106'],[0.4504821300506592],['title_description']
合肥一日游必去的地方,['5851'],[],merged,3,0,[],,"['62106', '5671', '62306']","[0.4504821300506592, 0.4430476129055023, 0.4387274980545044]","['title_description', 'title_description', 'title_description']"
合肥有哪些旅游景点,['5851'],[],merged,1,0,[],,['62106'],[0.5544350147247314],['title_description']
合肥有哪些旅游景点,['5851'],[],merged,3,0,[],,"['62106', '5671', '62306']","[0.5544350147247314, 0.550852358341217, 0.5380643606185913]","['title_description', 'title_description', 'title_description']"
呼和浩特的旅游景点,['5851'],[],merged,1,0,[],,['5671'],[0.5633092522621155],['title_description']
呼和浩特的旅游景点,['5851'],[],merged,3,0,[],,"['5671', '62106', '62306']","[0.5633092522621155, 0.5440508127212524, 0.5391925573348999]","['title_description', 'title_description', 'title_description']"
唐山景点有哪些好玩,['5851'],[],merged,1,0,[],,['5671'],[0.5620776414871216],['title_description']
唐山景点有哪些好玩,['5851'],[],merged,3,0,[],,"['5671', '62306', '62106']","[0.5620776414871216, 0.5508720874786377, 0.5497063398361206]","['title_description', 'title_description', 'title_description']"
大理旅游景点,['5851'],[],merged,1,0,[],,['5671'],[0.5379770994186401],['title_description']
大理旅游景点,['5851'],[],merged,3,0,[],,"['5671', '62106', '62306']","[0.5379770994186401, 0.5108940005302429, 0.4977703094482422]","['title_description', 'title_description', 'title_description']"
大理有什么好玩的地方景点推荐,['5851'],[],merged,1,0,[],,['62106'],[0.5349714756011963],['title_description']
大理有什么好玩的地方景点推荐,['5851'],[],merged,3,0,[],,"['62106', '62306', '5671']","[0.5349714756011963, 0.5211530923843384, 0.5020262002944946]","['title_description', 'title_description', 'title_description']"
天水有哪些好玩的地方景点,['5851'],[],merged,1,0,[],,['62106'],[0.5484089851379395],['title_description']
天水有哪些好玩的地方景点,['5851'],[],merged,3,0,[],,"['62106', '62306', '5671']","[0.5484089851379395, 0.5356501340866089, 0.5354177951812744]","['title_description', 'title_description', 'title_description']"
天津值得游玩的地方有哪些,['5851'],[],merged,1,0,[],,['62106'],[0.5481152534484863],['title_description']
天津值得游玩的地方有哪些,['5851'],[],merged,3,0,[],,"['62106', '62306', '5671']","[0.5481152534484863, 0.5347998142242432, 0.531987190246582]","['title_description', 'title_description', 'title_description']"
天津必去十大景点排名,['5851'],[],merged,1,0,[],,['62306'],[0.5527498722076416],['title_description']
天津必去十大景点排名,['5851'],[],merged,3,0,[],,"['62306', '62106', '5671']","[0.5527498722076416, 0.5399390459060669, 0.4842364192008972]","['title_description', 'title_description', 'title_description']"
天津有哪些地方好玩,['5851'],[],merged,1,0,[],,['62106'],[0.5411167144775391],['title_description']
天津有哪些地方好玩,['5851'],[],merged,3,0,[],,"['62106', '62306', '5671']","[0.5411167144775391, 0.5286220908164978, 0.5210843086242676]","['title_description', 'title_description', 'title_description']"
太原有哪些旅游景点,['5851'],[],merged,1,0,[],,['62106'],[0.5737295150756836],['title_description']
太原有哪些旅游景点,['5851'],[],merged,3,0,[],,"['62106', '5671', '62306']","[0.5737295150756836, 0.5728275179862976, 0.5615495443344116]","['title_description', 'title_description', 'title_description']"
宁波有哪些景点好玩,['5851'],[],merged,1,0,[],,['62106'],[0.5551919937133789],['title_description']
宁波有哪些景点好玩,['5851'],[],merged,3,0,[],,"['62106', '62306', '5671']","[0.5551919937133789, 0.542919397354126, 0.5342366099357605]","['title_description', 'title_description', 'title_description']"
安徽宣城市的旅游景点,['5851'],[],merged,1,0,[],,['5671'],[0.4908490478992462],['title_description']
安徽宣城市的旅游景点,['5851'],[],merged,3,0,[],,"['5671', '62106', '62306']","[0.4908490478992462, 0.4813450872898102, 0.4662803113460541]","['title_description', 'title_description', 'title_description']"
安阳有哪些景点,['5851'],[],merged,1,0,[],,['62106'],[0.544209361076355],['title_description']
安阳有哪些景点,['5851'],[],merged,3,0,[],,"['62106', '5671', '62306']","[0.544209361076355, 0.534808337688446, 0.5328952074050903]","['title_description', 'title_description', 'title_description']"
宜兴十大免费景区,['5851'],[],merged,1,0,[],,['5671'],[0.5196163654327393],['title_description']
宜兴十大免费景区,['5851'],[],merged,3,0,[],,"['5671', '62106', '62306']","[0.5196163654327393, 0.44505250453948975, 0.4349348247051239]","['title_description', 'title_description', 'title_description']"
宜兴有哪些好玩的地方,['5851'],[],merged,1,0,[],,['62106'],[0.5071026086807251],['title_description']
宜兴有哪些好玩的地方,['5851'],[],merged,3,0,[],,"['62106', '5671', '62306']","[0.5071026086807251, 0.504095733165741, 0.4840894937515259]","['title_description', 'title_description', 'title_description']"
宜昌十大旅游景点,['5851'],[],merged,1,0,[],,['5671'],[0.49850207567214966],['title_description']
宜昌十大旅游景点,['5851'],[],merged,3,0,[],,"['5671', '62106', '62306']","[0.49850207567214966, 0.48671871423721313, 0.4681670069694519]","['title_description', 'title_description', 'title_description']"
宿迁旅游必去十大景点推荐,['5851'],[],merged,1,0,[],,['62106'],[0.5450370907783508],['title_description']
宿迁旅游必去十大景点推荐,['5851'],[],merged,3,0,[],,"['62106', '5671', '62306']","[0.5450370907783508, 0.5315250158309937, 0.5295236110687256]","['title_description', 'title_description', 'title_description']"
山西大同有哪些好玩的旅游景点,['5851'],[],merged,1,0,[],,['5671'],[0.5145484209060669],['title_description']
山西大同有哪些好玩的旅游景点,['5851'],[],merged,3,0,[],,"['5671', '62106', '62306']","[0.5145484209060669, 0.5012373924255371, 0.4822111129760742]","['title_description', 'title_description', 'title_description']"
峨眉山必去景点有哪些,['5851'],[],merged,1,0,[],,['5671'],[0.4846319258213043],['title_description']
峨眉山必去景点有哪些,['5851'],[],merged,3,0,[],,"['5671', '62106', '62306']","[0.4846319258213043, 0.45581263303756714, 0.45019668340682983]","['title_description', 'title_description', 'title_description']"
峨眉山风景区,['5851'],[],merged,1,0,[],,['5671'],[0.5529605150222778],['title_description']
峨眉山风景区,['5851'],[],merged,3,0,[],,"['5671', '62106', '62306']","[0.5529605150222778, 0.47486862540245056, 0.4620121717453003]","['title_description', 'title_description', 'title_description']"
常州旅游必去景点,['5851'],[],merged,1,0,[],,['5671'],[0.5445542931556702],['title_description']
常州旅游必去景点,['5851'],[],merged,3,0,[],,"['5671', '62106', '62306']","[0.5445542931556702, 0.5168641209602356, 0.5027235150337219]","['title_description', 'title_description', 'title_description']"
广州市免费旅游景点大全有哪些,['5851'],[],merged,1,0,[],,['5671'],[0.5978007316589355],['title_description']
广州市免费旅游景点大全有哪些,['5851'],[],merged,3,0,[],,"['5671', '62106', '62306']","[0.5978007316589355, 0.5587383508682251, 0.5434306263923645]","['title_description', 'title_description', 'title_description']"
广州有哪些地方好玩,['5851'],[],merged,1,0,[],,['62106'],[0.5585016012191772],['title_description']
广州有哪些地方好玩,['5851'],[],merged,3,0,[],,"['62106', '62306', '5671']","[0.5585016012191772, 0.5296473503112793, 0.5014190077781677]","['title_description', 'title_description', 'title_description']"
延吉旅游必去十大景点有哪些,['5851'],[],merged,1,0,[],,['62106'],[0.5042896270751953],['title_description']
延吉旅游必去十大景点有哪些,['5851'],[],merged,3,0,[],,"['62106', '5671', '62306']","[0.5042896270751953, 0.5005072355270386, 0.48957517743110657]","['title_description', 'title_description', 'title_description']"
开封有哪些旅游景点,['5851'],[],merged,1,0,[],,['5671'],[0.5963025093078613],['title_description']
开封有哪些旅游景点,['5851'],[],merged,3,0,[],,"['5671', '62106', '62306']","[0.5963025093078613, 0.5630737543106079, 0.5485185980796814]","['title_description', 'title_description', 'title_description']"
怀化有哪些景点,['5851'],[],merged,1,0,[],,['62106'],[0.5532314777374268],['title_description']
怀化有哪些景点,['5851'],[],merged,3,0,[],,"['62106', '5671', '62306']","[0.5532314777374268, 0.5518646240234375, 0.5401511192321777]","['title_description', 'title_description', 'title_description']"
惠州景点有哪些好玩的地方,['5851'],[],merged,1,0,[],,['62106'],[0.5099708437919617],['title_description']
惠州景点有哪些好玩的地方,['5851'],[],merged,3,0,[],,"['62106', '5671', '47198']","[0.5099708437919617, 0.49920594692230225, 0.49532294273376465]","['title_description', 'title_description', 'description']"
成都有哪些地方好玩的景点,['5851'],[],merged,1,0,[],,['62106'],[0.5735575556755066],['title_description']
成都有哪些地方好玩的景点,['5851'],[],merged,3,0,[],,"['62106', '62306', '5671']","[0.5735575556755066, 0.5657261610031128, 0.5537775754928589]","['title_description', 'title_description', 'title_description']"
扬州景点有哪些,['5851'],[],merged,1,0,[],,['5671'],[0.5464317798614502],['title_description']
扬州景点有哪些,['5851'],[],merged,3,0,[],,"['5671', '62106', '62306']","[0.5464317798614502, 0.5308611392974854, 0.5193419456481934]","['title_description', 'title_description', 'title_description']"
承德必去的三个景点,['5851'],[],merged,1,0,[],,['5671'],[0.45315873622894287],['title_description']
承德必去的三个景点,['5851'],[],merged,3,0,[],,"['5671', '62106', '62306']","[0.45315873622894287, 0.42222315073013306, 0.4137217402458191]","['title_description', 'title_description', 'title_description']"
承德有什么好玩的地方景点推荐,['5851'],[],merged,1,0,[],,['62106'],[0.474791944026947],['title_description']
承德有什么好玩的地方景点推荐,['5851'],[],merged,3,0,[],,"['62106', '5671', '62306']","[0.474791944026947, 0.46951138973236084, 0.466663122177124]","['title_description', 'title_description', 'title_description']"
无锡旅游7月适合去的景点,['5851'],[],merged,1,0,[],,['5671'],[0.5469895005226135],['title_description']
无锡旅游7月适合去的景点,['5851'],[],merged,3,0,[],,"['5671', '62106', '62306']","[0.5469895005226135, 0.5360228419303894, 0.5126113295555115]","['title_description', 'title_description', 'title_description']"
无锡有哪些好玩景点,['5851'],[],merged,1,0,[],,['62106'],[0.5612891912460327],['title_description']
无锡有哪些好玩景点,['5851'],[],merged,3,0,[],,"['62106', '62306', '5671']","[0.5612891912460327, 0.5530540347099304, 0.5425906181335449]","['title_description', 'title_description', 'title_description']"
日照好玩的地方有哪些,['5851'],[],merged,1,0,[],,['62106'],[0.49201950430870056],['title_description']
日照好玩的地方有哪些,['5851'],[],merged,3,0,[],,"['62106', '62306', '5671']","[0.49201950430870056, 0.48078346252441406, 0.47719842195510864]","['title_description', 'title_description', 'title_description']"
昆明五a级景区有哪些,['5851'],[],merged,1,0,[],,['5671'],[0.5509525537490845],['title_description']
昆明五a级景区有哪些,['5851'],[],merged,3,0,[],,"['5671', '62306', '62106']","[0.5509525537490845, 0.5179924964904785, 0.517098605632782]","['title_description', 'title_description', 'title_description']"
昆明旅游必去景点,['5851'],[],merged,1,0,[],,['5671'],[0.5652036666870117],['title_description']
昆明旅游必去景点,['5851'],[],merged,3,0,[],,"['5671', '62106', '62306']","[0.5652036666870117, 0.5552000403404236, 0.5359795093536377]","['title_description', 'title_description', 'title_description']"
昆明有哪些景点好玩的地方,['5851'],[],merged,1,0,[],,['62106'],[0.536001443862915],['title_description']
昆明有哪些景点好玩的地方,['5851'],[],merged,3,0,[],,"['62106', '62306', '5671']","[0.536001443862915, 0.5252484083175659, 0.5175673961639404]","['title_description', 'title_description', 'title_description']"
景德镇一日游必去景点推荐,['5851'],[],merged,1,0,[],,['5671'],[0.5304657220840454],['title_description']
景德镇一日游必去景点推荐,['5851'],[],merged,3,0,[],,"['5671', '62106', '62306']","[0.5304657220840454, 0.5151587724685669, 0.5104858875274658]","['title_description', 'title_description', 'title_description']"
曲靖市有哪些景点好玩,['5851'],[],merged,1,0,[],,['62106'],[0.49996218085289],['title_description']
曲靖市有哪些景点好玩,['5851'],[],merged,3,0,[],,"['62106', '5671', '62306']","[0.49996218085289, 0.49850887060165405, 0.48579636216163635]","['title_description', 'title_description', 'title_description']"
本溪旅游景点有哪些,['5851'],[],merged,1,0,[],,['5671'],[0.5309690237045288],['title_description']
本溪旅游景点有哪些,['5851'],[],merged,3,0,[],,"['5671', '62106', '62306']","[0.5309690237045288, 0.5256690979003906, 0.5017789006233215]","['title_description', 'title_description', 'title_description']"
杭州景点有哪些,['5851'],[],merged,1,0,[],,['62106'],[0.5832515954971313],['title_description']
杭州景点有哪些,['5851'],[],merged,3,0,[],,"['62106', '62306', '5671']","[0.5832515954971313, 0.5822242498397827, 0.5630154013633728]","['title_description', 'title_description', 'title_description']"
林芝有哪些景点,['5851'],[],merged,1,0,[],,['5671'],[0.5440483689308167],['title_description']
林芝有哪些景点,['5851'],[],merged,3,0,[],,"['5671', '62106', '62306']","[0.5440483689308167, 0.5252547264099121, 0.5125871300697327]","['title_description', 'title_description', 'title_description']"
梅州最出名三个景点,['5851'],[],merged,1,0,[],,['62306'],[0.49602532386779785],['title_description']
梅州最出名三个景点,['5851'],[],merged,3,0,[],,"['62306', '62106', '5671']","[0.49602532386779785, 0.4936741590499878, 0.4928179085254669]","['title_description', 'title_description', 'title_description']"
武威旅游景点有哪些,['5851'],[],merged,1,0,[],,['5671'],[0.5689890384674072],['title_description']
武威旅游景点有哪些,['5851'],[],merged,3,0,[],,"['5671', '62106', '62306']","[0.5689890384674072, 0.5660194754600525, 0.5400760173797607]","['title_description', 'title_description', 'title_description']"
江门有哪些旅游景点好玩的地方,['5851'],[],merged,1,0,[],,['62106'],[0.5399553775787354],['title_description']
江门有哪些旅游景点好玩的地方,['5851'],[],merged,3,0,[],,"['62106', '5671', '62306']","[0.5399553775787354, 0.5283735990524292, 0.5173914432525635]","['title_description', 'title_description', 'title_description']"
江阴景点排名大全,['5851'],[],merged,1,0,[],,['62306'],[0.565184473991394],['title_description']
江阴景点排名大全,['5851'],[],merged,3,0,[],,"['62306', '62106', '5671']","[0.565184473991394, 0.5547137260437012, 0.5132613182067871]","['title_description', 'title_description', 'title_description']"
沈阳儿童必去三个地方,['5851'],[],merged,1,0,[],,['62106'],[0.409853458404541],['title_description']
沈阳儿童必去三个地方,['5851'],[],merged,3,0,[],,"['62106', '62306', '5671']","[0.409853458404541, 0.4093945622444153, 0.3974849581718445]","['title_description', 'title_description', 'title_description']"
沈阳有哪些旅游景点,['5851'],[],merged,1,0,[],,['62106'],[0.5349060297012329],['title_description']
沈阳有哪些旅游景点,['5851'],[],merged,3,0,[],,"['62106', '62306', '5671']","[0.5349060297012329, 0.5239025950431824, 0.521377444267273]","['title_description', 'title_description', 'title_description']"
泉州有什么景点好玩的地方,['5851'],[],merged,1,0,[],,['62106'],[0.5145107507705688],['title_description']
泉州有什么景点好玩的地方,['5851'],[],merged,3,0,[],,"['62106', '62306', '5671']","[0.5145107507705688, 0.496911883354187, 0.4948665499687195]","['title_description', 'title_description', 'title_description']"
洛阳游玩景点,['5851'],[],merged,1,0,[],,['5671'],[0.5747553110122681],['title_description']
洛阳游玩景点,['5851'],[],merged,3,0,[],,"['5671', '62106', '62306']","[0.5747553110122681, 0.5714791417121887, 0.5567672252655029]","['title_description', 'title_description', 'title_description']"
济南景点有哪些,['5851'],[],merged,1,0,[],,['5671'],[0.5386882424354553],['title_description']
济南景点有哪些,['5851'],[],merged,3,0,[],,"['5671', '62306', '62106']","[0.5386882424354553, 0.5341818928718567, 0.5319244265556335]","['title_description', 'title_description', 'title_description']"
浙江金华旅游景点推荐,['5851'],[],merged,1,0,[],,['5671'],[0.49165254831314087],['title_description']
浙江金华旅游景点推荐,['5851'],[],merged,3,0,[],,"['5671', '62106', '62306']","[0.49165254831314087, 0.4720603823661804, 0.46392858028411865]","['title_description', 'title_description', 'title_description']"
深圳市景区排行榜前十名,['5851'],[],merged,1,0,[],,['62306'],[0.5803201198577881],['title_description']
深圳市景区排行榜前十名,['5851'],[],merged,3,0,[],,"['62306', '62106', '5671']","[0.5803201198577881, 0.5657728910446167, 0.5437173843383789]","['title_description', 'title_description', 'title_description']"
深圳必去十大景点,['5851'],[],merged,1,0,[],,['62306'],[0.49371635913848877],['title_description']
深圳必去十大景点,['5851'],[],merged,3,0,[],,"['62306', '62106', '5671']","[0.49371635913848877, 0.48759913444519043, 0.46290984749794006]","['title_description', 'title_description', 'title_description']"
深圳晚上有哪些好玩的地方,['5851'],[],merged,1,0,[],,['62106'],[0.47631269693374634],['title_description']
深圳晚上有哪些好玩的地方,['5851'],[],merged,3,0,[],,"['62106', '62306', '47198']","[0.47631269693374634, 0.4707542359828949, 0.46810182929039]","['title_description', 'title_description', 'description']"
温州景点有哪些,['5851'],[],merged,1,0,[],,['62306'],[0.5930739045143127],['title_description']
温州景点有哪些,['5851'],[],merged,3,0,[],,"['62306', '62106', '5671']","[0.5930739045143127, 0.591330885887146, 0.5630115270614624]","['title_description', 'title_description', 'title_description']"
湖州旅游必去景点,['5851'],[],merged,1,0,[],,['5671'],[0.5169774293899536],['title_description']
湖州旅游必去景点,['5851'],[],merged,3,0,[],,"['5671', '62106', '62306']","[0.5169774293899536, 0.5099042654037476, 0.48827695846557617]","['title_description', 'title_description', 'title_description']"
湘潭有哪些景点好玩的地方,['5851'],[],merged,1,0,[],,['5671'],[0.5221633315086365],['title_description']
湘潭有哪些景点好玩的地方,['5851'],[],merged,3,0,[],,"['5671', '62106', '62306']","[0.5221633315086365, 0.5217382311820984, 0.5088233947753906]","['title_description', 'title_description', 'title_description']"
漯河景点有哪些地方好玩,['5851'],[],merged,1,0,[],,['62106'],[0.5438028573989868],['title_description']
漯河景点有哪些地方好玩,['5851'],[],merged,3,0,[],,"['62106', '62306', '5671']","[0.5438028573989868, 0.5355253219604492, 0.5152188539505005]","['title_description', 'title_description', 'title_description']"
漳州带小孩好玩的地方有哪些,['5851'],[],merged,1,0,[],,['62106'],[0.4614890217781067],['title_description']
漳州带小孩好玩的地方有哪些,['5851'],[],merged,3,0,[],,"['62106', '5671', '62306']","[0.4614890217781067, 0.4473060071468353, 0.432707279920578]","['title_description', 'title_description', 'title_description']"
潍坊有哪些景点,['5851'],[],merged,1,0,[],,['5671'],[0.5419843196868896],['title_description']
潍坊有哪些景点,['5851'],[],merged,3,0,[],,"['5671', '62106', '62306']","[0.5419843196868896, 0.5365283489227295, 0.5226048231124878]","['title_description', 'title_description', 'title_description']"
潮州有什么好玩的景点,['5851'],[],merged,1,0,[],,['5671'],[0.538282036781311],['title_description']
潮州有什么好玩的景点,['5851'],[],merged,3,0,[],,"['5671', '62106', '62306']","[0.538282036781311, 0.5317578315734863, 0.513462245464325]","['title_description', 'title_description', 'title_description']"
烟台市景区,['5851'],[],merged,1,0,[],,['5671'],[0.6126149892807007],['title_description']
烟台市景区,['5851'],[],merged,3,0,[],,"['5671', '62106', '62306']","[0.6126149892807007, 0.5393410325050354, 0.5368019342422485]","['title_description', 'title_description', 'title_description']"
烟台必去景点有哪些,['5851'],[],merged,1,0,[],,['62106'],[0.5045737028121948],['title_description']
烟台必去景点有哪些,['5851'],[],merged,3,0,[],,"['62106', '5671', '62306']","[0.5045737028121948, 0.5028316974639893, 0.49736863374710083]","['title_description', 'title_description', 'title_description']"
烟台最著名的三个景点,['5851'],[],merged,1,0,[],,['5671'],[0.5068079233169556],['title_description']
烟台最著名的三个景点,['5851'],[],merged,3,0,[],,"['5671', '62106', '62306']","[0.5068079233169556, 0.505476713180542, 0.5034886598587036]","['title_description', 'title_description', 'title_description']"
牡丹江旅游攻略必去景点推荐,['5851'],[],merged,1,0,[],,['62106'],[0.5413323640823364],['title_description']
牡丹江旅游攻略必去景点推荐,['5851'],[],merged,3,0,[],,"['62106', '5671', '62306']","[0.5413323640823364, 0.5157073736190796, 0.5034763813018799]","['title_description', 'title_description', 'title_description']"
珠海有哪些好玩的地方,['5851'],[],merged,1,0,[],,['62106'],[0.5496371984481812],['title_description']
珠海有哪些好玩的地方,['5851'],[],merged,3,0,[],,"['62106', '62306', '5671']","[0.5496371984481812, 0.5320439338684082, 0.5289761424064636]","['title_description', 'title_description', 'title_description']"
珠海有哪里好玩的景点推荐,['5851'],[],merged,1,0,[],,['62106'],[0.5752556324005127],['title_description']
珠海有哪里好玩的景点推荐,['5851'],[],merged,3,0,[],,"['62106', '62306', '5671']","[0.5752556324005127, 0.5638667941093445, 0.5620837807655334]","['title_description', 'title_description', 'title_description']"
甘南旅游景点有哪些,['5851'],[],merged,1,0,[],,['62106'],[0.5564321279525757],['title_description']
甘南旅游景点有哪些,['5851'],[],merged,3,0,[],,"['62106', '5671', '62306']","[0.5564321279525757, 0.5461825132369995, 0.5187689065933228]","['title_description', 'title_description', 'title_description']"
登封旅游景点有哪些,['5851'],[],merged,1,0,[],,['5671'],[0.5763285160064697],['title_description']
登封旅游景点有哪些,['5851'],[],merged,3,0,[],,"['5671', '62106', '62306']","[0.5763285160064697, 0.549080491065979, 0.533126711845398]","['title_description', 'title_description', 'title_description']"
盐城最佳一日游的地方,['5851'],[],merged,1,0,[],,['5671'],[0.4571990370750427],['title_description']
盐城最佳一日游的地方,['5851'],[],merged,3,0,[],,"['5671', '62106', '62306']","[0.4571990370750427, 0.4523846507072449, 0.4427494406700134]","['title_description', 'title_description', 'title_description']"
石家庄好玩的地方,['5851'],[],merged,1,0,[],,['62106'],[0.4560125470161438],['title_description']
石家庄好玩的地方,['5851'],[],merged,3,0,[],,"['62106', '62306', '5671']","[0.4560125470161438, 0.45286881923675537, 0.44567734003067017]","['title_description', 'title_description', 'title_description']"
石家庄有哪些旅游景点,['5851'],[],merged,1,0,[],,['5671'],[0.5297428965568542],['title_description']
石家庄有哪些旅游景点,['5851'],[],merged,3,0,[],,"['5671', '62106', '62306']","[0.5297428965568542, 0.529708743095398, 0.5198756456375122]","['title_description', 'title_description', 'title_description']"
福州景点有哪些,['5851'],[],merged,1,0,[],,['62106'],[0.5705208778381348],['title_description']
福州景点有哪些,['5851'],[],merged,3,0,[],,"['62106', '62306', '5671']","[0.5705208778381348, 0.5599987506866455, 0.5425211787223816]","['title_description', 'title_description', 'title_description']"
绍兴景点有哪些,['5851'],[],merged,1,0,[],,['5671'],[0.5770604014396667],['title_description']
绍兴景点有哪些,['5851'],[],merged,3,0,[],,"['5671', '62106', '62306']","[0.5770604014396667, 0.5676733255386353, 0.5624973773956299]","['title_description', 'title_description', 'title_description']"
芜湖有什么好玩的地方景点推荐,['5851'],[],merged,1,0,[],,['62106'],[0.5468597412109375],['title_description']
芜湖有什么好玩的地方景点推荐,['5851'],[],merged,3,0,[],,"['62106', '62306', '5671']","[0.5468597412109375, 0.5318536758422852, 0.5018473863601685]","['title_description', 'title_description', 'title_description']"
苏州旅游景点有哪些,['5851'],[],merged,1,0,[],,['62106'],[0.5670449137687683],['title_description']
苏州旅游景点有哪些,['5851'],[],merged,3,0,[],,"['62106', '5671', '62306']","[0.5670449137687683, 0.5669640302658081, 0.5502691268920898]","['title_description', 'title_description', 'title_description']"
茂名有哪些旅游景点,['5851'],[],merged,1,0,[],,['5671'],[0.5635339617729187],['title_description']
茂名有哪些旅游景点,['5851'],[],merged,3,0,[],,"['5671', '62106', '62306']","[0.5635339617729187, 0.5430808067321777, 0.5218389630317688]","['title_description', 'title_description', 'title_description']"
襄阳有哪些景点好玩的地方,['5851'],[],merged,1,0,[],,['62106'],[0.5066897869110107],['title_description']
襄阳有哪些景点好玩的地方,['5851'],[],merged,3,0,[],,"['62106', '5671', '62306']","[0.5066897869110107, 0.4938851594924927, 0.482565313577652]","['title_description', 'title_description', 'title_description']"
西双版纳景点有哪些,['5851'],[],merged,1,0,[],,['5671'],[0.5229697823524475],['title_description']
西双版纳景点有哪些,['5851'],[],merged,3,0,[],,"['5671', '62106', '62306']","[0.5229697823524475, 0.5179563760757446, 0.5159270763397217]","['title_description', 'title_description', 'title_description']"
西宁市区必去景点,['5851'],[],merged,1,0,[],,['62306'],[0.5282295942306519],['title_description']
西宁市区必去景点,['5851'],[],merged,3,0,[],,"['62306', '62106', '5671']","[0.5282295942306519, 0.5244249105453491, 0.5224103331565857]","['title_description', 'title_description', 'title_description']"
西安好玩的地方有哪些,['5851'],[],merged,1,0,[],,['62106'],[0.5427238345146179],['title_description']
西安好玩的地方有哪些,['5851'],[],merged,3,0,[],,"['62106', '62306', '5671']","[0.5427238345146179, 0.5272083282470703, 0.5165722370147705]","['title_description', 'title_description', 'title_description']"
西安旅游景点必去十大景点都有哪些,['5851'],[],merged,1,0,[],,['62106'],[0.5874723196029663],['title_description']
西安旅游景点必去十大景点都有哪些,['5851'],[],merged,3,0,[],,"['62106', '5671', '62306']","[0.5874723196029663, 0.5798772573471069, 0.5726181268692017]","['title_description', 'title_description', 'title_description']"
西安晚上好玩的地方,['5851'],[],merged,1,0,[],,['62106'],[0.4844443202018738],['title_description']
西安晚上好玩的地方,['5851'],[],merged,3,0,[],,"['62106', '62306', '50192']","[0.4844443202018738, 0.47384020686149597, 0.4647675156593323]","['title_description', 'title_description', 'description']"
贵州安顺的景点有哪些,['5851'],[],merged,1,0,[],,['5671'],[0.49927884340286255],['title_description']
贵州安顺的景点有哪些,['5851'],[],merged,3,0,[],,"['5671', '62106', '62306']","[0.49927884340286255, 0.4884173572063446, 0.46681904792785645]","['title_description', 'title_description', 'title_description']"
贵阳适合老年人玩的地方,['5851'],[],merged,1,0,[],,['5671'],[0.46547219157218933],['title_description']
贵阳适合老年人玩的地方,['5851'],[],merged,3,0,[],,"['5671', '62106', '62306']","[0.46547219157218933, 0.45422857999801636, 0.4341552257537842]","['title_description', 'title_description', 'title_description']"
遵义漂流的地方有哪些,['5851'],[],merged,1,0,[],,['5671'],[0.5060814619064331],['title_description']
遵义漂流的地方有哪些,['5851'],[],merged,3,0,[],,"['5671', '62106', '47198']","[0.5060814619064331, 0.4965783953666687, 0.47481662034988403]","['title_description', 'title_description', 'description']"
邯郸旅游景点有哪些,['5851'],[],merged,1,0,[],,['5671'],[0.5648266077041626],['title_description']
邯郸旅游景点有哪些,['5851'],[],merged,3,0,[],,"['5671', '62106', '62306']","[0.5648266077041626, 0.5490967035293579, 0.5234060287475586]","['title_description', 'title_description', 'title_description']"
郑州市有哪些好玩的地方,['5851'],[],merged,1,0,[],,['62106'],[0.5053758025169373],['title_description']
郑州市有哪些好玩的地方,['5851'],[],merged,3,0,[],,"['62106', '62306', '5671']","[0.5053758025169373, 0.49764665961265564, 0.4812766909599304]","['title_description', 'title_description', 'title_description']"
郑州附近的旅游景点有哪些地方,['5851'],[],merged,1,0,[],,['5671'],[0.5467495918273926],['title_description']
郑州附近的旅游景点有哪些地方,['5851'],[],merged,3,0,[],,"['5671', '62106', '62306']","[0.5467495918273926, 0.5438164472579956, 0.5258257985115051]","['title_description', 'title_description', 'title_description']"
郴州有哪些旅游景点,['5851'],[],merged,1,0,[],,['5671'],[0.5580121874809265],['title_description']
郴州有哪些旅游景点,['5851'],[],merged,3,0,[],,"['5671', '62106', '62306']","[0.5580121874809265, 0.5402410626411438, 0.5157322883605957]","['title_description', 'title_description', 'title_description']"
酒泉必去三个景点,['5851'],[],merged,1,0,[],,['5671'],[0.46496230363845825],['title_description']
酒泉必去三个景点,['5851'],[],merged,3,0,[],,"['5671', '62106', '62306']","[0.46496230363845825, 0.45482417941093445, 0.44367194175720215]","['title_description', 'title_description', 'title_description']"
重庆必去景点有哪些,['5851'],[],merged,1,0,[],,['62106'],[0.5058473348617554],['title_description']
重庆必去景点有哪些,['5851'],[],merged,3,0,[],,"['62106', '62306', '5671']","[0.5058473348617554, 0.4992930293083191, 0.48784127831459045]","['title_description', 'title_description', 'title_description']"
重庆景点有哪些好玩的地方,['5851'],[],merged,1,0,[],,['62106'],[0.4931325912475586],['title_description']
重庆景点有哪些好玩的地方,['5851'],[],merged,3,0,[],,"['62106', '62306', '5671']","[0.4931325912475586, 0.4884403347969055, 0.4721660315990448]","['title_description', 'title_description', 'title_description']"
金华的旅游景点,['5851'],[],merged,1,0,[],,['5671'],[0.560650646686554],['title_description']
金华的旅游景点,['5851'],[],merged,3,0,[],,"['5671', '62106', '62306']","[0.560650646686554, 0.524042546749115, 0.5199177861213684]","['title_description', 'title_description', 'title_description']"
长春景点十大排名,['5851'],[],merged,1,0,[],,['62306'],[0.5065011978149414],['title_description']
长春景点十大排名,['5851'],[],merged,3,0,[],,"['62306', '62106', '5671']","[0.5065011978149414, 0.4894193112850189, 0.43089190125465393]","['title_description', 'title_description', 'title_description']"
长春有什么好玩的地方,['5851'],[],merged,1,0,[],,['62106'],[0.45412740111351013],['title_description']
长春有什么好玩的地方,['5851'],[],merged,3,0,[],,"['62106', '62306', '5671']","[0.45412740111351013, 0.4417800307273865, 0.4323572516441345]","['title_description', 'title_description', 'title_description']"
长春都有那些旅游景点,['5851'],[],merged,1,0,[],,['62106'],[0.5438364744186401],['title_description']
长春都有那些旅游景点,['5851'],[],merged,3,0,[],,"['62106', '5671', '62306']","[0.5438364744186401, 0.5423775315284729, 0.5338180065155029]","['title_description', 'title_description', 'title_description']"
长沙二日游必去5个地方,['5851'],[],merged,1,0,[],,['62106'],[0.4213827848434448],['title_description']
长沙二日游必去5个地方,['5851'],[],merged,3,0,[],,"['62106', '62306', '5671']","[0.4213827848434448, 0.40469059348106384, 0.3912199139595032]","['title_description', 'title_description', 'title_description']"
长沙景点排名前十名,['5851'],[],merged,1,0,[],,['62306'],[0.5756940841674805],['title_description']
长沙景点排名前十名,['5851'],[],merged,3,0,[],,"['62306', '62106', '5671']","[0.5756940841674805, 0.5586005449295044, 0.4895145297050476]","['title_description', 'title_description', 'title_description']"
长沙有哪些景点好玩的地方,['5851'],[],merged,1,0,[],,['62106'],[0.5357591509819031],['title_description']
长沙有哪些景点好玩的地方,['5851'],[],merged,3,0,[],,"['62106', '62306', '5671']","[0.5357591509819031, 0.5308514833450317, 0.5065332055091858]","['title_description', 'title_description', 'title_description']"
长沙适合孩子玩的地方有哪些,['5851'],[],merged,1,0,[],,['62106'],[0.47630923986434937],['title_description']
长沙适合孩子玩的地方有哪些,['5851'],[],merged,3,0,[],,"['62106', '62306', '5671']","[0.47630923986434937, 0.4680752754211426, 0.46741563081741333]","['title_description', 'title_description', 'title_description']"
阳江一天游哪里最好玩,['5851'],[],merged,1,0,[],,['62106'],[0.4646170735359192],['title_description']
阳江一天游哪里最好玩,['5851'],[],merged,3,0,[],,"['62106', '5671', '62306']","[0.4646170735359192, 0.46008697152137756, 0.43641555309295654]","['title_description', 'title_description', 'title_description']"
青岛有哪些景点好玩,['5851'],[],merged,1,0,[],,['62106'],[0.5165808200836182],['title_description']
青岛有哪些景点好玩,['5851'],[],merged,3,0,[],,"['62106', '5671', '62306']","[0.5165808200836182, 0.5151144862174988, 0.5069857835769653]","['title_description', 'title_description', 'title_description']"
韶关一日游最佳地方,['5851'],[],merged,1,0,[],,['62106'],[0.43515849113464355],['title_description']
韶关一日游最佳地方,['5851'],[],merged,3,0,[],,"['62106', '5671', '62306']","[0.43515849113464355, 0.4315687417984009, 0.41185587644577026]","['title_description', 'title_description', 'title_description']"
韶关旅游必去十大景点,['5851'],[],merged,1,0,[],,['62106'],[0.47556594014167786],['title_description']
韶关旅游必去十大景点,['5851'],[],merged,3,0,[],,"['62106', '5671', '62306']","[0.47556594014167786, 0.47059184312820435, 0.45771151781082153]","['title_description', 'title_description', 'title_description']"
香格里拉有哪些景点值得一游,['5851'],[],merged,1,0,[],,['62106'],[0.5713249444961548],['title_description']
香格里拉有哪些景点值得一游,['5851'],[],merged,3,0,[],,"['62106', '5671', '62306']","[0.5713249444961548, 0.5558291673660278, 0.5520200729370117]","['title_description', 'title_description', 'title_description']"
黄冈旅游景点,['5851'],[],merged,1,0,[],,['5671'],[0.5011683702468872],['title_description']
黄冈旅游景点,['5851'],[],merged,3,0,[],,"['5671', '62106', '62306']","[0.5011683702468872, 0.49140238761901855, 0.46676045656204224]","['title_description', 'title_description', 'title_description']"
三亚旅游景点有哪些,['5851'],[],title_description,1,0,[],,['62106'],[0.6037136912345886],['title_description']
三亚旅游景点有哪些,['5851'],[],title_description,3,0,[],,"['62106', '5671', '62306']","[0.6037136912345886, 0.6016162633895874, 0.5831420421600342]","['title_description', 'title_description', 'title_description']"
上海必去十大景点有哪些,['5851'],[],title_description,1,0,[],,['62306'],[0.5542352795600891],['title_description']
上海必去十大景点有哪些,['5851'],[],title_description,3,0,[],,"['62306', '62106', '5671']","[0.5542352795600891, 0.5523122549057007, 0.5101307034492493]","['title_description', 'title_description', 'title_description']"
上海有哪些五a景区,['5851'],[],title_description,1,0,[],,['5671'],[0.540992259979248],['title_description']
上海有哪些五a景区,['5851'],[],title_description,3,0,[],,"['5671', '62106', '62306']","[0.540992259979248, 0.5255883932113647, 0.5225354433059692]","['title_description', 'title_description', 'title_description']"
上海有哪些地方好玩,['5851'],[],title_description,1,0,[],,['62106'],[0.557113766670227],['title_description']
上海有哪些地方好玩,['5851'],[],title_description,3,0,[],,"['62106', '62306', '5671']","[0.557113766670227, 0.5407432317733765, 0.48946940898895264]","['title_description', 'title_description', 'title_description']"
临沂旅游景点大全,['5851'],[],title_description,1,0,[],,['5671'],[0.5376390218734741],['title_description']
临沂旅游景点大全,['5851'],[],title_description,3,0,[],,"['5671', '62106', '62306']","[0.5376390218734741, 0.5205233693122864, 0.5030999183654785]","['title_description', 'title_description', 'title_description']"
临沂景区有哪些,['5851'],[],title_description,1,0,[],,['5671'],[0.6021040678024292],['title_description']
临沂景区有哪些,['5851'],[],title_description,3,0,[],,"['5671', '62106', '62306']","[0.6021040678024292, 0.5426443815231323, 0.5297107696533203]","['title_description', 'title_description', 'title_description']"
丽水旅游景点推荐,['5851'],[],title_description,1,0,[],,['62106'],[0.5339730381965637],['title_description']
丽水旅游景点推荐,['5851'],[],title_description,3,0,[],,"['62106', '5671', '62306']","[0.5339730381965637, 0.5255985856056213, 0.5204573273658752]","['title_description', 'title_description', 'title_description']"
丽江必去景点有哪些,['5851'],[],title_description,1,0,[],,['5671'],[0.5402762293815613],['title_description']
丽江必去景点有哪些,['5851'],[],title_description,3,0,[],,"['5671', '62106', '62306']","[0.5402762293815613, 0.5338591933250427, 0.5276139974594116]","['title_description', 'title_description', 'title_description']"
乌鲁木齐儿童游玩的地方有哪些,['5851'],[],title_description,1,0,[],,['62106'],[0.4812684953212738],['title_description']
乌鲁木齐儿童游玩的地方有哪些,['5851'],[],title_description,3,0,[],,"['62106', '5671', '62306']","[0.4812684953212738, 0.4780346155166626, 0.4686433672904968]","['title_description', 'title_description', 'title_description']"
乌鲁木齐有哪些景点,['5851'],[],title_description,1,0,[],,['62106'],[0.5659598708152771],['title_description']
乌鲁木齐有哪些景点,['5851'],[],title_description,3,0,[],,"['62106', '62306', '5671']","[0.5659598708152771, 0.5586186051368713, 0.5454250574111938]","['title_description', 'title_description', 'title_description']"
乐山市旅游景点有哪些,['5851'],[],title_description,1,0,[],,['5671'],[0.5336135625839233],['title_description']
乐山市旅游景点有哪些,['5851'],[],title_description,3,0,[],,"['5671', '62106', '62306']","[0.5336135625839233, 0.5184130668640137, 0.5111759901046753]","['title_description', 'title_description', 'title_description']"
佳木斯市旅游景点有哪些,['5851'],[],title_description,1,0,[],,['62106'],[0.5065438747406006],['title_description']
佳木斯市旅游景点有哪些,['5851'],[],title_description,3,0,[],,"['62106', '5671', '62306']","[0.5065438747406006, 0.5041720271110535, 0.4902285039424896]","['title_description', 'title_description', 'title_description']"
六安旅游景点有哪些,['5851'],[],title_description,1,0,[],,['5671'],[0.5380721092224121],['title_description']
六安旅游景点有哪些,['5851'],[],title_description,3,0,[],,"['5671', '62106', '62306']","[0.5380721092224121, 0.529396653175354, 0.5127948522567749]","['title_description', 'title_description', 'title_description']"
兰州有哪些景点,['5851'],[],title_description,1,0,[],,['62306'],[0.5484113097190857],['title_description']
兰州有哪些景点,['5851'],[],title_description,3,0,[],,"['62306', '62106', '5671']","[0.5484113097190857, 0.5478371381759644, 0.5227007865905762]","['title_description', 'title_description', 'title_description']"
北京好玩的地方有哪些,['5851'],[],title_description,1,0,[],,['62106'],[0.5309714078903198],['title_description']
北京好玩的地方有哪些,['5851'],[],title_description,3,0,[],,"['62106', '62306', '5671']","[0.5309714078903198, 0.5241907835006714, 0.5034122467041016]","['title_description', 'title_description', 'title_description']"
北京旅游景点有哪些,['5851'],[],title_description,1,0,[],,['62106'],[0.6114060878753662],['title_description']
北京旅游景点有哪些,['5851'],[],title_description,3,0,[],,"['62106', '5671', '62306']","[0.6114060878753662, 0.6090596914291382, 0.5966712236404419]","['title_description', 'title_description', 'title_description']"
北京著名景点都有哪些,['5851'],[],title_description,1,0,[],,['62106'],[0.5755595564842224],['title_description']
北京著名景点都有哪些,['5851'],[],title_description,3,0,[],,"['62106', '62306', '5671']","[0.5755595564842224, 0.5711712837219238, 0.5649080872535706]","['title_description', 'title_description', 'title_description']"
南京有哪些景点好玩,['5851'],[],title_description,1,0,[],,['62106'],[0.5492548942565918],['title_description']
南京有哪些景点好玩,['5851'],[],title_description,3,0,[],,"['62106', '62306', '5671']","[0.5492548942565918, 0.5437610745429993, 0.5293928384780884]","['title_description', 'title_description', 'title_description']"
南京漂流的地方,['5851'],[],title_description,1,0,[],,['62106'],[0.49386945366859436],['title_description']
南京漂流的地方,['5851'],[],title_description,3,0,[],,"['62106', '62306', '5671']","[0.49386945366859436, 0.4815709590911865, 0.4734748601913452]","['title_description', 'title_description', 'title_description']"
南宁景点有哪些好玩的地方推荐,['5851'],[],title_description,1,0,[],,['62306'],[0.5533467531204224],['title_description']
南宁景点有哪些好玩的地方推荐,['5851'],[],title_description,3,0,[],,"['62306', '62106', '5671']","[0.5533467531204224, 0.551297664642334, 0.516294002532959]","['title_description', 'title_description', 'title_description']"
南昌有那些景点好玩,['5851'],[],title_description,1,0,[],,['62106'],[0.5419791340827942],['title_description']
南昌有那些景点好玩,['5851'],[],title_description,3,0,[],,"['62106', '5671', '62306']","[0.5419791340827942, 0.5400689840316772, 0.537591814994812]","['title_description', 'title_description', 'title_description']"
南通夏天有哪些旅游景点好玩的地方,['5851'],[],title_description,1,0,[],,['62106'],[0.5041108131408691],['title_description']
南通夏天有哪些旅游景点好玩的地方,['5851'],[],title_description,3,0,[],,"['62106', '62306', '5671']","[0.5041108131408691, 0.4904564917087555, 0.4889568090438843]","['title_description', 'title_description', 'title_description']"
南通晚上必去三个地方,['5851'],[],title_description,1,0,[],,['62106'],[0.43122100830078125],['title_description']
南通晚上必去三个地方,['5851'],[],title_description,3,0,[],,"['62106', '62306', '5671']","[0.43122100830078125, 0.4193534255027771, 0.4095933437347412]","['title_description', 'title_description', 'title_description']"
南阳有哪些旅游景点,['5851'],[],title_description,1,0,[],,['5671'],[0.5308400392532349],['title_description']
南阳有哪些旅游景点,['5851'],[],title_description,3,0,[],,"['5671', '62106', '62306']","[0.5308400392532349, 0.5272343158721924, 0.5068340301513672]","['title_description', 'title_description', 'title_description']"
合肥一日游必去的地方,['5851'],[],title_description,1,0,[],,['62106'],[0.4504821300506592],['title_description']
合肥一日游必去的地方,['5851'],[],title_description,3,0,[],,"['62106', '5671', '62306']","[0.4504821300506592, 0.4430476129055023, 0.4387274980545044]","['title_description', 'title_description', 'title_description']"
合肥有哪些旅游景点,['5851'],[],title_description,1,0,[],,['62106'],[0.5544350147247314],['title_description']
合肥有哪些旅游景点,['5851'],[],title_description,3,0,[],,"['62106', '5671', '62306']","[0.5544350147247314, 0.550852358341217, 0.5380643606185913]","['title_description', 'title_description', 'title_description']"
呼和浩特的旅游景点,['5851'],[],title_description,1,0,[],,['5671'],[0.5633092522621155],['title_description']
呼和浩特的旅游景点,['5851'],[],title_description,3,0,[],,"['5671', '62106', '62306']","[0.5633092522621155, 0.5440508127212524, 0.5391925573348999]","['title_description', 'title_description', 'title_description']"
唐山景点有哪些好玩,['5851'],[],title_description,1,0,[],,['5671'],[0.5620776414871216],['title_description']
唐山景点有哪些好玩,['5851'],[],title_description,3,0,[],,"['5671', '62306', '62106']","[0.5620776414871216, 0.5508720874786377, 0.5497063398361206]","['title_description', 'title_description', 'title_description']"
大理旅游景点,['5851'],[],title_description,1,0,[],,['5671'],[0.5379770994186401],['title_description']
大理旅游景点,['5851'],[],title_description,3,0,[],,"['5671', '62106', '62306']","[0.5379770994186401, 0.5108940005302429, 0.4977703094482422]","['title_description', 'title_description', 'title_description']"
大理有什么好玩的地方景点推荐,['5851'],[],title_description,1,0,[],,['62106'],[0.5349714756011963],['title_description']
大理有什么好玩的地方景点推荐,['5851'],[],title_description,3,0,[],,"['62106', '62306', '5671']","[0.5349714756011963, 0.5211530923843384, 0.5020262002944946]","['title_description', 'title_description', 'title_description']"
天水有哪些好玩的地方景点,['5851'],[],title_description,1,0,[],,['62106'],[0.5484089851379395],['title_description']
天水有哪些好玩的地方景点,['5851'],[],title_description,3,0,[],,"['62106', '62306', '5671']","[0.5484089851379395, 0.5356501340866089, 0.5354177951812744]","['title_description', 'title_description', 'title_description']"
天津值得游玩的地方有哪些,['5851'],[],title_description,1,0,[],,['62106'],[0.5481152534484863],['title_description']
天津值得游玩的地方有哪些,['5851'],[],title_description,3,0,[],,"['62106', '62306', '5671']","[0.5481152534484863, 0.5347998142242432, 0.531987190246582]","['title_description', 'title_description', 'title_description']"
天津必去十大景点排名,['5851'],[],title_description,1,0,[],,['62306'],[0.5527498722076416],['title_description']
天津必去十大景点排名,['5851'],[],title_description,3,0,[],,"['62306', '62106', '5671']","[0.5527498722076416, 0.5399390459060669, 0.4842364192008972]","['title_description', 'title_description', 'title_description']"
天津有哪些地方好玩,['5851'],[],title_description,1,0,[],,['62106'],[0.5411167144775391],['title_description']
天津有哪些地方好玩,['5851'],[],title_description,3,0,[],,"['62106', '62306', '5671']","[0.5411167144775391, 0.5286220908164978, 0.5210843086242676]","['title_description', 'title_description', 'title_description']"
太原有哪些旅游景点,['5851'],[],title_description,1,0,[],,['62106'],[0.5737295150756836],['title_description']
太原有哪些旅游景点,['5851'],[],title_description,3,0,[],,"['62106', '5671', '62306']","[0.5737295150756836, 0.5728275179862976, 0.5615495443344116]","['title_description', 'title_description', 'title_description']"
宁波有哪些景点好玩,['5851'],[],title_description,1,0,[],,['62106'],[0.5551919937133789],['title_description']
宁波有哪些景点好玩,['5851'],[],title_description,3,0,[],,"['62106', '62306', '5671']","[0.5551919937133789, 0.542919397354126, 0.5342366099357605]","['title_description', 'title_description', 'title_description']"
安徽宣城市的旅游景点,['5851'],[],title_description,1,0,[],,['5671'],[0.4908490478992462],['title_description']
安徽宣城市的旅游景点,['5851'],[],title_description,3,0,[],,"['5671', '62106', '62306']","[0.4908490478992462, 0.4813450872898102, 0.4662803113460541]","['title_description', 'title_description', 'title_description']"
安阳有哪些景点,['5851'],[],title_description,1,0,[],,['62106'],[0.544209361076355],['title_description']
安阳有哪些景点,['5851'],[],title_description,3,0,[],,"['62106', '5671', '62306']","[0.544209361076355, 0.534808337688446, 0.5328952074050903]","['title_description', 'title_description', 'title_description']"
宜兴十大免费景区,['5851'],[],title_description,1,0,[],,['5671'],[0.5196163654327393],['title_description']
宜兴十大免费景区,['5851'],[],title_description,3,0,[],,"['5671', '62106', '62306']","[0.5196163654327393, 0.44505250453948975, 0.4349348247051239]","['title_description', 'title_description', 'title_description']"
宜兴有哪些好玩的地方,['5851'],[],title_description,1,0,[],,['62106'],[0.5071026086807251],['title_description']
宜兴有哪些好玩的地方,['5851'],[],title_description,3,0,[],,"['62106', '5671', '62306']","[0.5071026086807251, 0.504095733165741, 0.4840894937515259]","['title_description', 'title_description', 'title_description']"
宜昌十大旅游景点,['5851'],[],title_description,1,0,[],,['5671'],[0.49850207567214966],['title_description']
宜昌十大旅游景点,['5851'],[],title_description,3,0,[],,"['5671', '62106', '62306']","[0.49850207567214966, 0.48671871423721313, 0.4681670069694519]","['title_description', 'title_description', 'title_description']"
宿迁旅游必去十大景点推荐,['5851'],[],title_description,1,0,[],,['62106'],[0.5450370907783508],['title_description']
宿迁旅游必去十大景点推荐,['5851'],[],title_description,3,0,[],,"['62106', '5671', '62306']","[0.5450370907783508, 0.5315250158309937, 0.5295236110687256]","['title_description', 'title_description', 'title_description']"
山西大同有哪些好玩的旅游景点,['5851'],[],title_description,1,0,[],,['5671'],[0.5145484209060669],['title_description']
山西大同有哪些好玩的旅游景点,['5851'],[],title_description,3,0,[],,"['5671', '62106', '62306']","[0.5145484209060669, 0.5012373924255371, 0.4822111129760742]","['title_description', 'title_description', 'title_description']"
峨眉山必去景点有哪些,['5851'],[],title_description,1,0,[],,['5671'],[0.4846319258213043],['title_description']
峨眉山必去景点有哪些,['5851'],[],title_description,3,0,[],,"['5671', '62106', '62306']","[0.4846319258213043, 0.45581263303756714, 0.45019668340682983]","['title_description', 'title_description', 'title_description']"
峨眉山风景区,['5851'],[],title_description,1,0,[],,['5671'],[0.5529605150222778],['title_description']
峨眉山风景区,['5851'],[],title_description,3,0,[],,"['5671', '62106', '62306']","[0.5529605150222778, 0.47486862540245056, 0.4620121717453003]","['title_description', 'title_description', 'title_description']"
常州旅游必去景点,['5851'],[],title_description,1,0,[],,['5671'],[0.5445542931556702],['title_description']
常州旅游必去景点,['5851'],[],title_description,3,0,[],,"['5671', '62106', '62306']","[0.5445542931556702, 0.5168641209602356, 0.5027235150337219]","['title_description', 'title_description', 'title_description']"
广州市免费旅游景点大全有哪些,['5851'],[],title_description,1,0,[],,['5671'],[0.5978007316589355],['title_description']
广州市免费旅游景点大全有哪些,['5851'],[],title_description,3,0,[],,"['5671', '62106', '62306']","[0.5978007316589355, 0.5587383508682251, 0.5434306263923645]","['title_description', 'title_description', 'title_description']"
广州有哪些地方好玩,['5851'],[],title_description,1,0,[],,['62106'],[0.5585016012191772],['title_description']
广州有哪些地方好玩,['5851'],[],title_description,3,0,[],,"['62106', '62306', '5671']","[0.5585016012191772, 0.5296473503112793, 0.5014190077781677]","['title_description', 'title_description', 'title_description']"
延吉旅游必去十大景点有哪些,['5851'],[],title_description,1,0,[],,['62106'],[0.5042896270751953],['title_description']
延吉旅游必去十大景点有哪些,['5851'],[],title_description,3,0,[],,"['62106', '5671', '62306']","[0.5042896270751953, 0.5005072355270386, 0.48957517743110657]","['title_description', 'title_description', 'title_description']"
开封有哪些旅游景点,['5851'],[],title_description,1,0,[],,['5671'],[0.5963025093078613],['title_description']
开封有哪些旅游景点,['5851'],[],title_description,3,0,[],,"['5671', '62106', '62306']","[0.5963025093078613, 0.5630737543106079, 0.5485185980796814]","['title_description', 'title_description', 'title_description']"
怀化有哪些景点,['5851'],[],title_description,1,0,[],,['62106'],[0.5532314777374268],['title_description']
怀化有哪些景点,['5851'],[],title_description,3,0,[],,"['62106', '5671', '62306']","[0.5532314777374268, 0.5518646240234375, 0.5401511192321777]","['title_description', 'title_description', 'title_description']"
惠州景点有哪些好玩的地方,['5851'],[],title_description,1,0,[],,['62106'],[0.5099708437919617],['title_description']
惠州景点有哪些好玩的地方,['5851'],[],title_description,3,0,[],,"['62106', '5671', '62306']","[0.5099708437919617, 0.49920594692230225, 0.4920267164707184]","['title_description', 'title_description', 'title_description']"
成都有哪些地方好玩的景点,['5851'],[],title_description,1,0,[],,['62106'],[0.5735575556755066],['title_description']
成都有哪些地方好玩的景点,['5851'],[],title_description,3,0,[],,"['62106', '62306', '5671']","[0.5735575556755066, 0.5657261610031128, 0.5537775754928589]","['title_description', 'title_description', 'title_description']"
扬州景点有哪些,['5851'],[],title_description,1,0,[],,['5671'],[0.5464317798614502],['title_description']
扬州景点有哪些,['5851'],[],title_description,3,0,[],,"['5671', '62106', '62306']","[0.5464317798614502, 0.5308611392974854, 0.5193419456481934]","['title_description', 'title_description', 'title_description']"
承德必去的三个景点,['5851'],[],title_description,1,0,[],,['5671'],[0.45315873622894287],['title_description']
承德必去的三个景点,['5851'],[],title_description,3,0,[],,"['5671', '62106', '62306']","[0.45315873622894287, 0.42222315073013306, 0.4137217402458191]","['title_description', 'title_description', 'title_description']"
承德有什么好玩的地方景点推荐,['5851'],[],title_description,1,0,[],,['62106'],[0.474791944026947],['title_description']
承德有什么好玩的地方景点推荐,['5851'],[],title_description,3,0,[],,"['62106', '5671', '62306']","[0.474791944026947, 0.46951138973236084, 0.466663122177124]","['title_description', 'title_description', 'title_description']"
无锡旅游7月适合去的景点,['5851'],[],title_description,1,0,[],,['5671'],[0.5469895005226135],['title_description']
无锡旅游7月适合去的景点,['5851'],[],title_description,3,0,[],,"['5671', '62106', '62306']","[0.5469895005226135, 0.5360228419303894, 0.5126113295555115]","['title_description', 'title_description', 'title_description']"
无锡有哪些好玩景点,['5851'],[],title_description,1,0,[],,['62106'],[0.5612891912460327],['title_description']
无锡有哪些好玩景点,['5851'],[],title_description,3,0,[],,"['62106', '62306', '5671']","[0.5612891912460327, 0.5530540347099304, 0.5425906181335449]","['title_description', 'title_description', 'title_description']"
日照好玩的地方有哪些,['5851'],[],title_description,1,0,[],,['62106'],[0.49201950430870056],['title_description']
日照好玩的地方有哪些,['5851'],[],title_description,3,0,[],,"['62106', '62306', '5671']","[0.49201950430870056, 0.48078346252441406, 0.47719842195510864]","['title_description', 'title_description', 'title_description']"
昆明五a级景区有哪些,['5851'],[],title_description,1,0,[],,['5671'],[0.5509525537490845],['title_description']
昆明五a级景区有哪些,['5851'],[],title_description,3,0,[],,"['5671', '62306', '62106']","[0.5509525537490845, 0.5179924964904785, 0.517098605632782]","['title_description', 'title_description', 'title_description']"
昆明旅游必去景点,['5851'],[],title_description,1,0,[],,['5671'],[0.5652036666870117],['title_description']
昆明旅游必去景点,['5851'],[],title_description,3,0,[],,"['5671', '62106', '62306']","[0.5652036666870117, 0.5552000403404236, 0.5359795093536377]","['title_description', 'title_description', 'title_description']"
昆明有哪些景点好玩的地方,['5851'],[],title_description,1,0,[],,['62106'],[0.536001443862915],['title_description']
昆明有哪些景点好玩的地方,['5851'],[],title_description,3,0,[],,"['62106', '62306', '5671']","[0.536001443862915, 0.5252484083175659, 0.5175673961639404]","['title_description', 'title_description', 'title_description']"
景德镇一日游必去景点推荐,['5851'],[],title_description,1,0,[],,['5671'],[0.5304657220840454],['title_description']
景德镇一日游必去景点推荐,['5851'],[],title_description,3,0,[],,"['5671', '62106', '62306']","[0.5304657220840454, 0.5151587724685669, 0.5104858875274658]","['title_description', 'title_description', 'title_description']"
曲靖市有哪些景点好玩,['5851'],[],title_description,1,0,[],,['62106'],[0.49996218085289],['title_description']
曲靖市有哪些景点好玩,['5851'],[],title_description,3,0,[],,"['62106', '5671', '62306']","[0.49996218085289, 0.49850887060165405, 0.48579636216163635]","['title_description', 'title_description', 'title_description']"
本溪旅游景点有哪些,['5851'],[],title_description,1,0,[],,['5671'],[0.5309690237045288],['title_description']
本溪旅游景点有哪些,['5851'],[],title_description,3,0,[],,"['5671', '62106', '62306']","[0.5309690237045288, 0.5256690979003906, 0.5017789006233215]","['title_description', 'title_description', 'title_description']"
杭州景点有哪些,['5851'],[],title_description,1,0,[],,['62106'],[0.5832515954971313],['title_description']
杭州景点有哪些,['5851'],[],title_description,3,0,[],,"['62106', '62306', '5671']","[0.5832515954971313, 0.5822242498397827, 0.5630154013633728]","['title_description', 'title_description', 'title_description']"
林芝有哪些景点,['5851'],[],title_description,1,0,[],,['5671'],[0.5440483689308167],['title_description']
林芝有哪些景点,['5851'],[],title_description,3,0,[],,"['5671', '62106', '62306']","[0.5440483689308167, 0.5252547264099121, 0.5125871300697327]","['title_description', 'title_description', 'title_description']"
梅州最出名三个景点,['5851'],[],title_description,1,0,[],,['62306'],[0.49602532386779785],['title_description']
梅州最出名三个景点,['5851'],[],title_description,3,0,[],,"['62306', '62106', '5671']","[0.49602532386779785, 0.4936741590499878, 0.4928179085254669]","['title_description', 'title_description', 'title_description']"
武威旅游景点有哪些,['5851'],[],title_description,1,0,[],,['5671'],[0.5689890384674072],['title_description']
武威旅游景点有哪些,['5851'],[],title_description,3,0,[],,"['5671', '62106', '62306']","[0.5689890384674072, 0.5660194754600525, 0.5400760173797607]","['title_description', 'title_description', 'title_description']"
江门有哪些旅游景点好玩的地方,['5851'],[],title_description,1,0,[],,['62106'],[0.5399553775787354],['title_description']
江门有哪些旅游景点好玩的地方,['5851'],[],title_description,3,0,[],,"['62106', '5671', '62306']","[0.5399553775787354, 0.5283735990524292, 0.5173914432525635]","['title_description', 'title_description', 'title_description']"
江阴景点排名大全,['5851'],[],title_description,1,0,[],,['62306'],[0.565184473991394],['title_description']
江阴景点排名大全,['5851'],[],title_description,3,0,[],,"['62306', '62106', '5671']","[0.565184473991394, 0.5547137260437012, 0.5132613182067871]","['title_description', 'title_description', 'title_description']"
沈阳儿童必去三个地方,['5851'],[],title_description,1,0,[],,['62106'],[0.409853458404541],['title_description']
沈阳儿童必去三个地方,['5851'],[],title_description,3,0,[],,"['62106', '62306', '5671']","[0.409853458404541, 0.4093945622444153, 0.3974849581718445]","['title_description', 'title_description', 'title_description']"
沈阳有哪些旅游景点,['5851'],[],title_description,1,0,[],,['62106'],[0.5349060297012329],['title_description']
沈阳有哪些旅游景点,['5851'],[],title_description,3,0,[],,"['62106', '62306', '5671']","[0.5349060297012329, 0.5239025950431824, 0.521377444267273]","['title_description', 'title_description', 'title_description']"
泉州有什么景点好玩的地方,['5851'],[],title_description,1,0,[],,['62106'],[0.5145107507705688],['title_description']
泉州有什么景点好玩的地方,['5851'],[],title_description,3,0,[],,"['62106', '62306', '5671']","[0.5145107507705688, 0.496911883354187, 0.4948665499687195]","['title_description', 'title_description', 'title_description']"
洛阳游玩景点,['5851'],[],title_description,1,0,[],,['5671'],[0.5747553110122681],['title_description']
洛阳游玩景点,['5851'],[],title_description,3,0,[],,"['5671', '62106', '62306']","[0.5747553110122681, 0.5714791417121887, 0.5567672252655029]","['title_description', 'title_description', 'title_description']"
济南景点有哪些,['5851'],[],title_description,1,0,[],,['5671'],[0.5386882424354553],['title_description']
济南景点有哪些,['5851'],[],title_description,3,0,[],,"['5671', '62306', '62106']","[0.5386882424354553, 0.5341818928718567, 0.5319244265556335]","['title_description', 'title_description', 'title_description']"
浙江金华旅游景点推荐,['5851'],[],title_description,1,0,[],,['5671'],[0.49165254831314087],['title_description']
浙江金华旅游景点推荐,['5851'],[],title_description,3,0,[],,"['5671', '62106', '62306']","[0.49165254831314087, 0.4720603823661804, 0.46392858028411865]","['title_description', 'title_description', 'title_description']"
深圳市景区排行榜前十名,['5851'],[],title_description,1,0,[],,['62306'],[0.5803201198577881],['title_description']
深圳市景区排行榜前十名,['5851'],[],title_description,3,0,[],,"['62306', '62106', '5671']","[0.5803201198577881, 0.5657728910446167, 0.5437173843383789]","['title_description', 'title_description', 'title_description']"
深圳必去十大景点,['5851'],[],title_description,1,0,[],,['62306'],[0.49371635913848877],['title_description']
深圳必去十大景点,['5851'],[],title_description,3,0,[],,"['62306', '62106', '5671']","[0.49371635913848877, 0.48759913444519043, 0.46290984749794006]","['title_description', 'title_description', 'title_description']"
深圳晚上有哪些好玩的地方,['5851'],[],title_description,1,0,[],,['62106'],[0.47631269693374634],['title_description']
深圳晚上有哪些好玩的地方,['5851'],[],title_description,3,0,[],,"['62106', '62306', '5671']","[0.47631269693374634, 0.4707542359828949, 0.4428248107433319]","['title_description', 'title_description', 'title_description']"
温州景点有哪些,['5851'],[],title_description,1,0,[],,['62306'],[0.5930739045143127],['title_description']
温州景点有哪些,['5851'],[],title_description,3,0,[],,"['62306', '62106', '5671']","[0.5930739045143127, 0.591330885887146, 0.5630115270614624]","['title_description', 'title_description', 'title_description']"
湖州旅游必去景点,['5851'],[],title_description,1,0,[],,['5671'],[0.5169774293899536],['title_description']
湖州旅游必去景点,['5851'],[],title_description,3,0,[],,"['5671', '62106', '62306']","[0.5169774293899536, 0.5099042654037476, 0.48827695846557617]","['title_description', 'title_description', 'title_description']"
湘潭有哪些景点好玩的地方,['5851'],[],title_description,1,0,[],,['5671'],[0.5221633315086365],['title_description']
湘潭有哪些景点好玩的地方,['5851'],[],title_description,3,0,[],,"['5671', '62106', '62306']","[0.5221633315086365, 0.5217382311820984, 0.5088233947753906]","['title_description', 'title_description', 'title_description']"
漯河景点有哪些地方好玩,['5851'],[],title_description,1,0,[],,['62106'],[0.5438028573989868],['title_description']
漯河景点有哪些地方好玩,['5851'],[],title_description,3,0,[],,"['62106', '62306', '5671']","[0.5438028573989868, 0.5355253219604492, 0.5152188539505005]","['title_description', 'title_description', 'title_description']"
漳州带小孩好玩的地方有哪些,['5851'],[],title_description,1,0,[],,['62106'],[0.4614890217781067],['title_description']
漳州带小孩好玩的地方有哪些,['5851'],[],title_description,3,0,[],,"['62106', '5671', '62306']","[0.4614890217781067, 0.4473060071468353, 0.432707279920578]","['title_description', 'title_description', 'title_description']"
潍坊有哪些景点,['5851'],[],title_description,1,0,[],,['5671'],[0.5419843196868896],['title_description']
潍坊有哪些景点,['5851'],[],title_description,3,0,[],,"['5671', '62106', '62306']","[0.5419843196868896, 0.5365283489227295, 0.5226048231124878]","['title_description', 'title_description', 'title_description']"
潮州有什么好玩的景点,['5851'],[],title_description,1,0,[],,['5671'],[0.538282036781311],['title_description']
潮州有什么好玩的景点,['5851'],[],title_description,3,0,[],,"['5671', '62106', '62306']","[0.538282036781311, 0.5317578315734863, 0.513462245464325]","['title_description', 'title_description', 'title_description']"
烟台市景区,['5851'],[],title_description,1,0,[],,['5671'],[0.6126149892807007],['title_description']
烟台市景区,['5851'],[],title_description,3,0,[],,"['5671', '62106', '62306']","[0.6126149892807007, 0.5393410325050354, 0.5368019342422485]","['title_description', 'title_description', 'title_description']"
烟台必去景点有哪些,['5851'],[],title_description,1,0,[],,['62106'],[0.5045737028121948],['title_description']
烟台必去景点有哪些,['5851'],[],title_description,3,0,[],,"['62106', '5671', '62306']","[0.5045737028121948, 0.5028316974639893, 0.49736863374710083]","['title_description', 'title_description', 'title_description']"
烟台最著名的三个景点,['5851'],[],title_description,1,0,[],,['5671'],[0.5068079233169556],['title_description']
烟台最著名的三个景点,['5851'],[],title_description,3,0,[],,"['5671', '62106', '62306']","[0.5068079233169556, 0.505476713180542, 0.5034886598587036]","['title_description', 'title_description', 'title_description']"
牡丹江旅游攻略必去景点推荐,['5851'],[],title_description,1,0,[],,['62106'],[0.5413323640823364],['title_description']
牡丹江旅游攻略必去景点推荐,['5851'],[],title_description,3,0,[],,"['62106', '5671', '62306']","[0.5413323640823364, 0.5157073736190796, 0.5034763813018799]","['title_description', 'title_description', 'title_description']"
珠海有哪些好玩的地方,['5851'],[],title_description,1,0,[],,['62106'],[0.5496371984481812],['title_description']
珠海有哪些好玩的地方,['5851'],[],title_description,3,0,[],,"['62106', '62306', '5671']","[0.5496371984481812, 0.5320439338684082, 0.5289761424064636]","['title_description', 'title_description', 'title_description']"
珠海有哪里好玩的景点推荐,['5851'],[],title_description,1,0,[],,['62106'],[0.5752556324005127],['title_description']
珠海有哪里好玩的景点推荐,['5851'],[],title_description,3,0,[],,"['62106', '62306', '5671']","[0.5752556324005127, 0.5638667941093445, 0.5620837807655334]","['title_description', 'title_description', 'title_description']"
甘南旅游景点有哪些,['5851'],[],title_description,1,0,[],,['62106'],[0.5564321279525757],['title_description']
甘南旅游景点有哪些,['5851'],[],title_description,3,0,[],,"['62106', '5671', '62306']","[0.5564321279525757, 0.5461825132369995, 0.5187689065933228]","['title_description', 'title_description', 'title_description']"
登封旅游景点有哪些,['5851'],[],title_description,1,0,[],,['5671'],[0.5763285160064697],['title_description']
登封旅游景点有哪些,['5851'],[],title_description,3,0,[],,"['5671', '62106', '62306']","[0.5763285160064697, 0.549080491065979, 0.533126711845398]","['title_description', 'title_description', 'title_description']"
盐城最佳一日游的地方,['5851'],[],title_description,1,0,[],,['5671'],[0.4571990370750427],['title_description']
盐城最佳一日游的地方,['5851'],[],title_description,3,0,[],,"['5671', '62106', '62306']","[0.4571990370750427, 0.4523846507072449, 0.4427494406700134]","['title_description', 'title_description', 'title_description']"
石家庄好玩的地方,['5851'],[],title_description,1,0,[],,['62106'],[0.4560125470161438],['title_description']
石家庄好玩的地方,['5851'],[],title_description,3,0,[],,"['62106', '62306', '5671']","[0.4560125470161438, 0.45286881923675537, 0.44567734003067017]","['title_description', 'title_description', 'title_description']"
石家庄有哪些旅游景点,['5851'],[],title_description,1,0,[],,['5671'],[0.5297428965568542],['title_description']
石家庄有哪些旅游景点,['5851'],[],title_description,3,0,[],,"['5671', '62106', '62306']","[0.5297428965568542, 0.529708743095398, 0.5198756456375122]","['title_description', 'title_description', 'title_description']"
福州景点有哪些,['5851'],[],title_description,1,0,[],,['62106'],[0.5705208778381348],['title_description']
福州景点有哪些,['5851'],[],title_description,3,0,[],,"['62106', '62306', '5671']","[0.5705208778381348, 0.5599987506866455, 0.5425211787223816]","['title_description', 'title_description', 'title_description']"
绍兴景点有哪些,['5851'],[],title_description,1,0,[],,['5671'],[0.5770604014396667],['title_description']
绍兴景点有哪些,['5851'],[],title_description,3,0,[],,"['5671', '62106', '62306']","[0.5770604014396667, 0.5676733255386353, 0.5624973773956299]","['title_description', 'title_description', 'title_description']"
芜湖有什么好玩的地方景点推荐,['5851'],[],title_description,1,0,[],,['62106'],[0.5468597412109375],['title_description']
芜湖有什么好玩的地方景点推荐,['5851'],[],title_description,3,0,[],,"['62106', '62306', '5671']","[0.5468597412109375, 0.5318536758422852, 0.5018473863601685]","['title_description', 'title_description', 'title_description']"
苏州旅游景点有哪些,['5851'],[],title_description,1,0,[],,['62106'],[0.5670449137687683],['title_description']
苏州旅游景点有哪些,['5851'],[],title_description,3,0,[],,"['62106', '5671', '62306']","[0.5670449137687683, 0.5669640302658081, 0.5502691268920898]","['title_description', 'title_description', 'title_description']"
茂名有哪些旅游景点,['5851'],[],title_description,1,0,[],,['5671'],[0.5635339617729187],['title_description']
茂名有哪些旅游景点,['5851'],[],title_description,3,0,[],,"['5671', '62106', '62306']","[0.5635339617729187, 0.5430808067321777, 0.5218389630317688]","['title_description', 'title_description', 'title_description']"
襄阳有哪些景点好玩的地方,['5851'],[],title_description,1,0,[],,['62106'],[0.5066897869110107],['title_description']
襄阳有哪些景点好玩的地方,['5851'],[],title_description,3,0,[],,"['62106', '5671', '62306']","[0.5066897869110107, 0.4938851594924927, 0.482565313577652]","['title_description', 'title_description', 'title_description']"
西双版纳景点有哪些,['5851'],[],title_description,1,0,[],,['5671'],[0.5229697823524475],['title_description']
西双版纳景点有哪些,['5851'],[],title_description,3,0,[],,"['5671', '62106', '62306']","[0.5229697823524475, 0.5179563760757446, 0.5159270763397217]","['title_description', 'title_description', 'title_description']"
西宁市区必去景点,['5851'],[],title_description,1,0,[],,['62306'],[0.5282295942306519],['title_description']
西宁市区必去景点,['5851'],[],title_description,3,0,[],,"['62306', '62106', '5671']","[0.5282295942306519, 0.5244249105453491, 0.5224103331565857]","['title_description', 'title_description', 'title_description']"
西安好玩的地方有哪些,['5851'],[],title_description,1,0,[],,['62106'],[0.5427238345146179],['title_description']
西安好玩的地方有哪些,['5851'],[],title_description,3,0,[],,"['62106', '62306', '5671']","[0.5427238345146179, 0.5272083282470703, 0.5165722370147705]","['title_description', 'title_description', 'title_description']"
西安旅游景点必去十大景点都有哪些,['5851'],[],title_description,1,0,[],,['62106'],[0.5874723196029663],['title_description']
西安旅游景点必去十大景点都有哪些,['5851'],[],title_description,3,0,[],,"['62106', '5671', '62306']","[0.5874723196029663, 0.5798772573471069, 0.5726181268692017]","['title_description', 'title_description', 'title_description']"
西安晚上好玩的地方,['5851'],[],title_description,1,0,[],,['62106'],[0.4844443202018738],['title_description']
西安晚上好玩的地方,['5851'],[],title_description,3,0,[],,"['62106', '62306', '5671']","[0.4844443202018738, 0.47384020686149597, 0.462149441242218]","['title_description', 'title_description', 'title_description']"
贵州安顺的景点有哪些,['5851'],[],title_description,1,0,[],,['5671'],[0.49927884340286255],['title_description']
贵州安顺的景点有哪些,['5851'],[],title_description,3,0,[],,"['5671', '62106', '62306']","[0.49927884340286255, 0.4884173572063446, 0.46681904792785645]","['title_description', 'title_description', 'title_description']"
贵阳适合老年人玩的地方,['5851'],[],title_description,1,0,[],,['5671'],[0.46547219157218933],['title_description']
贵阳适合老年人玩的地方,['5851'],[],title_description,3,0,[],,"['5671', '62106', '62306']","[0.46547219157218933, 0.45422857999801636, 0.4341552257537842]","['title_description', 'title_description', 'title_description']"
遵义漂流的地方有哪些,['5851'],[],title_description,1,0,[],,['5671'],[0.5060814619064331],['title_description']
遵义漂流的地方有哪些,['5851'],[],title_description,3,0,[],,"['5671', '62106', '62306']","[0.5060814619064331, 0.4965783953666687, 0.4642910361289978]","['title_description', 'title_description', 'title_description']"
邯郸旅游景点有哪些,['5851'],[],title_description,1,0,[],,['5671'],[0.5648266077041626],['title_description']
邯郸旅游景点有哪些,['5851'],[],title_description,3,0,[],,"['5671', '62106', '62306']","[0.5648266077041626, 0.5490967035293579, 0.5234060287475586]","['title_description', 'title_description', 'title_description']"
郑州市有哪些好玩的地方,['5851'],[],title_description,1,0,[],,['62106'],[0.5053758025169373],['title_description']
郑州市有哪些好玩的地方,['5851'],[],title_description,3,0,[],,"['62106', '62306', '5671']","[0.5053758025169373, 0.49764665961265564, 0.4812766909599304]","['title_description', 'title_description', 'title_description']"
郑州附近的旅游景点有哪些地方,['5851'],[],title_description,1,0,[],,['5671'],[0.5467495918273926],['title_description']
郑州附近的旅游景点有哪些地方,['5851'],[],title_description,3,0,[],,"['5671', '62106', '62306']","[0.5467495918273926, 0.5438164472579956, 0.5258257985115051]","['title_description', 'title_description', 'title_description']"
郴州有哪些旅游景点,['5851'],[],title_description,1,0,[],,['5671'],[0.5580121874809265],['title_description']
郴州有哪些旅游景点,['5851'],[],title_description,3,0,[],,"['5671', '62106', '62306']","[0.5580121874809265, 0.5402410626411438, 0.5157322883605957]","['title_description', 'title_description', 'title_description']"
酒泉必去三个景点,['5851'],[],title_description,1,0,[],,['5671'],[0.46496230363845825],['title_description']
酒泉必去三个景点,['5851'],[],title_description,3,0,[],,"['5671', '62106', '62306']","[0.46496230363845825, 0.45482417941093445, 0.44367194175720215]","['title_description', 'title_description', 'title_description']"
重庆必去景点有哪些,['5851'],[],title_description,1,0,[],,['62106'],[0.5058473348617554],['title_description']
重庆必去景点有哪些,['5851'],[],title_description,3,0,[],,"['62106', '62306', '5671']","[0.5058473348617554, 0.4992930293083191, 0.48784127831459045]","['title_description', 'title_description', 'title_description']"
重庆景点有哪些好玩的地方,['5851'],[],title_description,1,0,[],,['62106'],[0.4931325912475586],['title_description']
重庆景点有哪些好玩的地方,['5851'],[],title_description,3,0,[],,"['62106', '62306', '5671']","[0.4931325912475586, 0.4884403347969055, 0.4721660315990448]","['title_description', 'title_description', 'title_description']"
金华的旅游景点,['5851'],[],title_description,1,0,[],,['5671'],[0.560650646686554],['title_description']
金华的旅游景点,['5851'],[],title_description,3,0,[],,"['5671', '62106', '62306']","[0.560650646686554, 0.524042546749115, 0.5199177861213684]","['title_description', 'title_description', 'title_description']"
长春景点十大排名,['5851'],[],title_description,1,0,[],,['62306'],[0.5065011978149414],['title_description']
长春景点十大排名,['5851'],[],title_description,3,0,[],,"['62306', '62106', '5671']","[0.5065011978149414, 0.4894193112850189, 0.43089190125465393]","['title_description', 'title_description', 'title_description']"
长春有什么好玩的地方,['5851'],[],title_description,1,0,[],,['62106'],[0.45412740111351013],['title_description']
长春有什么好玩的地方,['5851'],[],title_description,3,0,[],,"['62106', '62306', '5671']","[0.45412740111351013, 0.4417800307273865, 0.4323572516441345]","['title_description', 'title_description', 'title_description']"
长春都有那些旅游景点,['5851'],[],title_description,1,0,[],,['62106'],[0.5438364744186401],['title_description']
长春都有那些旅游景点,['5851'],[],title_description,3,0,[],,"['62106', '5671', '62306']","[0.5438364744186401, 0.5423775315284729, 0.5338180065155029]","['title_description', 'title_description', 'title_description']"
长沙二日游必去5个地方,['5851'],[],title_description,1,0,[],,['62106'],[0.4213827848434448],['title_description']
长沙二日游必去5个地方,['5851'],[],title_description,3,0,[],,"['62106', '62306', '5671']","[0.4213827848434448, 0.40469059348106384, 0.3912199139595032]","['title_description', 'title_description', 'title_description']"
长沙景点排名前十名,['5851'],[],title_description,1,0,[],,['62306'],[0.5756940841674805],['title_description']
长沙景点排名前十名,['5851'],[],title_description,3,0,[],,"['62306', '62106', '5671']","[0.5756940841674805, 0.5586005449295044, 0.4895145297050476]","['title_description', 'title_description', 'title_description']"
长沙有哪些景点好玩的地方,['5851'],[],title_description,1,0,[],,['62106'],[0.5357591509819031],['title_description']
长沙有哪些景点好玩的地方,['5851'],[],title_description,3,0,[],,"['62106', '62306', '5671']","[0.5357591509819031, 0.5308514833450317, 0.5065332055091858]","['title_description', 'title_description', 'title_description']"
长沙适合孩子玩的地方有哪些,['5851'],[],title_description,1,0,[],,['62106'],[0.47630923986434937],['title_description']
长沙适合孩子玩的地方有哪些,['5851'],[],title_description,3,0,[],,"['62106', '62306', '5671']","[0.47630923986434937, 0.4680752754211426, 0.46741563081741333]","['title_description', 'title_description', 'title_description']"
阳江一天游哪里最好玩,['5851'],[],title_description,1,0,[],,['62106'],[0.4646170735359192],['title_description']
阳江一天游哪里最好玩,['5851'],[],title_description,3,0,[],,"['62106', '5671', '62306']","[0.4646170735359192, 0.46008697152137756, 0.43641555309295654]","['title_description', 'title_description', 'title_description']"
青岛有哪些景点好玩,['5851'],[],title_description,1,0,[],,['62106'],[0.5165808200836182],['title_description']
青岛有哪些景点好玩,['5851'],[],title_description,3,0,[],,"['62106', '5671', '62306']","[0.5165808200836182, 0.5151144862174988, 0.5069857835769653]","['title_description', 'title_description', 'title_description']"
韶关一日游最佳地方,['5851'],[],title_description,1,0,[],,['62106'],[0.43515849113464355],['title_description']
韶关一日游最佳地方,['5851'],[],title_description,3,0,[],,"['62106', '5671', '62306']","[0.43515849113464355, 0.4315687417984009, 0.41185587644577026]","['title_description', 'title_description', 'title_description']"
韶关旅游必去十大景点,['5851'],[],title_description,1,0,[],,['62106'],[0.47556594014167786],['title_description']
韶关旅游必去十大景点,['5851'],[],title_description,3,0,[],,"['62106', '5671', '62306']","[0.47556594014167786, 0.47059184312820435, 0.45771151781082153]","['title_description', 'title_description', 'title_description']"
香格里拉有哪些景点值得一游,['5851'],[],title_description,1,0,[],,['62106'],[0.5713249444961548],['title_description']
香格里拉有哪些景点值得一游,['5851'],[],title_description,3,0,[],,"['62106', '5671', '62306']","[0.5713249444961548, 0.5558291673660278, 0.5520200729370117]","['title_description', 'title_description', 'title_description']"
黄冈旅游景点,['5851'],[],title_description,1,0,[],,['5671'],[0.5011683702468872],['title_description']
黄冈旅游景点,['5851'],[],title_description,3,0,[],,"['5671', '62106', '62306']","[0.5011683702468872, 0.49140238761901855, 0.46676045656204224]","['title_description', 'title_description', 'title_description']"
