query,gold_ids,missing_gold_ids,view,k,pass_at_k,hit_ids,first_hit_rank,recall_ids,recall_scores,recall_views
301医院附近的住宿酒店,['5671'],[],description,1,0,[],,['50192'],[0.5512263774871826],['description']
301医院附近的住宿酒店,['5671'],[],description,3,0,[],,"['50192', '50133', '47198']","[0.5512263774871826, 0.5050656795501709, 0.4278426170349121]","['description', 'description', 'description']"
7天酒店,['5671'],[],description,1,0,[],,['50133'],[0.5795555114746094],['description']
7天酒店,['5671'],[],description,3,0,[],,"['50133', '50192', '47272']","[0.5795555114746094, 0.5628015995025635, 0.4340244233608246]","['description', 'description', 'description']"
七里坪民宿出租信息,['5671'],[],description,1,0,[],,['50133'],[0.3507772386074066],['description']
七里坪民宿出租信息,['5671'],[],description,3,1,['5671'],3.0,"['50133', '50192', '5671']","[0.3507772386074066, 0.34936627745628357, 0.3427191972732544]","['description', 'description', 'description']"
万达广场附近的酒店有哪些,['5671'],[],description,1,0,[],,['50192'],[0.6490170955657959],['description']
万达广场附近的酒店有哪些,['5671'],[],description,3,0,[],,"['50192', '50133', '47198']","[0.6490170955657959, 0.5736826658248901, 0.5718109607696533]","['description', 'description', 'description']"
上海东方明珠附近的酒店,['5671'],[],description,1,0,[],,['50192'],[0.563141942024231],['description']
上海东方明珠附近的酒店,['5671'],[],description,3,0,[],,"['50192', '50133', '47198']","[0.563141942024231, 0.49970996379852295, 0.4617389440536499]","['description', 'description', 'description']"
上海娄山关路地铁口附近的酒店,['5671'],[],description,1,0,[],,['50192'],[0.47563207149505615],['description']
上海娄山关路地铁口附近的酒店,['5671'],[],description,3,0,[],,"['50192', '50133', '47198']","[0.47563207149505615, 0.4547569155693054, 0.4079224467277527]","['description', 'description', 'description']"
上海市一医院附近的酒店,['5671'],[],description,1,0,[],,['50192'],[0.5718193650245667],['description']
上海市一医院附近的酒店,['5671'],[],description,3,0,[],,"['50192', '50133', '47198']","[0.5718193650245667, 0.5323659181594849, 0.48381513357162476]","['description', 'description', 'description']"
上海站附近宾馆价格,['5671'],[],description,1,0,[],,['50192'],[0.5932743549346924],['description']
上海站附近宾馆价格,['5671'],[],description,3,0,[],,"['50192', '50133', '47266']","[0.5932743549346924, 0.5462428331375122, 0.5012041330337524]","['description', 'description', 'description']"
上海锦江都城酒店怎么样,['5671'],[],description,1,0,[],,['50133'],[0.5202475786209106],['description']
上海锦江都城酒店怎么样,['5671'],[],description,3,0,[],,"['50133', '50192', '47198']","[0.5202475786209106, 0.5045415163040161, 0.453557550907135]","['description', 'description', 'description']"
上海香格里拉酒店,['5671'],[],description,1,0,[],,['50133'],[0.4612572193145752],['description']
上海香格里拉酒店,['5671'],[],description,3,0,[],,"['50133', '5012', '50192']","[0.4612572193145752, 0.4462684094905853, 0.4419059753417969]","['description', 'description', 'description']"
东昌湖附近民宿推荐,['5671'],[],description,1,0,[],,['50192'],[0.3899487853050232],['description']
东昌湖附近民宿推荐,['5671'],[],description,3,1,['5671'],3.0,"['50192', '47198', '5671']","[0.3899487853050232, 0.3786516785621643, 0.36102408170700073]","['description', 'description', 'description']"
东站附近的酒店,['5671'],[],description,1,0,[],,['50192'],[0.6291236877441406],['description']
东站附近的酒店,['5671'],[],description,3,0,[],,"['50192', '50133', '47198']","[0.6291236877441406, 0.5699799060821533, 0.516792356967926]","['description', 'description', 'description']"
乌鲁木齐天山机场附近的酒店,['5671'],[],description,1,0,[],,['50192'],[0.5514565706253052],['description']
乌鲁木齐天山机场附近的酒店,['5671'],[],description,3,1,['5671'],3.0,"['50192', '50133', '5671']","[0.5514565706253052, 0.5048969388008118, 0.43417251110076904]","['description', 'description', 'description']"
乌鲁木齐附近酒店,['5671'],[],description,1,0,[],,['50192'],[0.5780035257339478],['description']
乌鲁木齐附近酒店,['5671'],[],description,3,1,['5671'],3.0,"['50192', '50133', '5671']","[0.5780035257339478, 0.49356839060783386, 0.421425461769104]","['description', 'description', 'description']"
九寨沟酒店,['5671'],[],description,1,0,[],,['50133'],[0.4995068311691284],['description']
九寨沟酒店,['5671'],[],description,3,1,['5671'],3.0,"['50133', '50192', '5671']","[0.4995068311691284, 0.481752872467041, 0.4168112277984619]","['description', 'description', 'description']"
亚朵酒店的地址,['5671'],[],description,1,0,[],,['50192'],[0.5717381238937378],['description']
亚朵酒店的地址,['5671'],[],description,3,0,[],,"['50192', '50133', '47198']","[0.5717381238937378, 0.5704469680786133, 0.5533738136291504]","['description', 'description', 'description']"
伊宁机场附近的酒店,['5671'],[],description,1,0,[],,['50192'],[0.559119701385498],['description']
伊宁机场附近的酒店,['5671'],[],description,3,0,[],,"['50192', '50133', '60868']","[0.559119701385498, 0.5147802829742432, 0.4551994204521179]","['description', 'description', 'description']"
保定希尔顿酒店,['5671'],[],description,1,0,[],,['50133'],[0.48099038004875183],['description']
保定希尔顿酒店,['5671'],[],description,3,0,[],,"['50133', '50192', '60874']","[0.48099038004875183, 0.48012036085128784, 0.4715482294559479]","['description', 'description', 'description']"
兰州火车站附近的宾馆住宿有哪些,['5671'],[],description,1,0,[],,['50192'],[0.560551643371582],['description']
兰州火车站附近的宾馆住宿有哪些,['5671'],[],description,3,0,[],,"['50192', '50133', '47198']","[0.560551643371582, 0.5177765488624573, 0.48794156312942505]","['description', 'description', 'description']"
动物园酒店,['5671'],[],description,1,1,['5671'],1.0,['5671'],[0.5485110282897949],['description']
动物园酒店,['5671'],[],description,3,1,['5671'],1.0,"['5671', '50133', '50192']","[0.5485110282897949, 0.49566444754600525, 0.4948762357234955]","['description', 'description', 'description']"
北京北三环宾馆,['5671'],[],description,1,0,[],,['50133'],[0.5012326240539551],['description']
北京北三环宾馆,['5671'],[],description,3,0,[],,"['50133', '50192', '47242']","[0.5012326240539551, 0.4821956753730774, 0.4228443503379822]","['description', 'description', 'description']"
北京协和医院附近的宾馆,['5671'],[],description,1,0,[],,['50192'],[0.5796165466308594],['description']
北京协和医院附近的宾馆,['5671'],[],description,3,0,[],,"['50192', '50133', '47198']","[0.5796165466308594, 0.520830512046814, 0.4428790807723999]","['description', 'description', 'description']"
北京团结湖附近的酒店有哪些,['5671'],[],description,1,0,[],,['50192'],[0.6128963828086853],['description']
北京团结湖附近的酒店有哪些,['5671'],[],description,3,0,[],,"['50192', '50133', '47198']","[0.6128963828086853, 0.5697670578956604, 0.4974399209022522]","['description', 'description', 'description']"
北京如家酒店,['5671'],[],description,1,0,[],,['50133'],[0.5868194103240967],['description']
北京如家酒店,['5671'],[],description,3,0,[],,"['50133', '50192', '47242']","[0.5868194103240967, 0.5686433911323547, 0.4924026131629944]","['description', 'description', 'description']"
北京市西城区宾馆住宿,['5671'],[],description,1,0,[],,['50133'],[0.5452715754508972],['description']
北京市西城区宾馆住宿,['5671'],[],description,3,0,[],,"['50133', '50192', '5012']","[0.5452715754508972, 0.5170155763626099, 0.4835837781429291]","['description', 'description', 'description']"
北京王府井大街酒店,['5671'],[],description,1,0,[],,['50133'],[0.5734272003173828],['description']
北京王府井大街酒店,['5671'],[],description,3,0,[],,"['50133', '50192', '5012']","[0.5734272003173828, 0.5479192733764648, 0.46695053577423096]","['description', 'description', 'description']"
北戴河附近的酒店,['5671'],[],description,1,0,[],,['50192'],[0.5816165804862976],['description']
北戴河附近的酒店,['5671'],[],description,3,0,[],,"['50192', '50133', '47198']","[0.5816165804862976, 0.5113653540611267, 0.43486639857292175]","['description', 'description', 'description']"
十堰市城区宾馆有哪些酒店,['5671'],[],description,1,0,[],,['50192'],[0.5844050049781799],['description']
十堰市城区宾馆有哪些酒店,['5671'],[],description,3,0,[],,"['50192', '50133', '47198']","[0.5844050049781799, 0.539574146270752, 0.5002537369728088]","['description', 'description', 'description']"
华天大酒店,['5671'],[],description,1,0,[],,['50133'],[0.5620721578598022],['description']
华天大酒店,['5671'],[],description,3,0,[],,"['50133', '50192', '5012']","[0.5620721578598022, 0.5444363951683044, 0.4953198730945587]","['description', 'description', 'description']"
南京南站附近的酒店有哪些,['5671'],[],description,1,0,[],,['50192'],[0.6054974794387817],['description']
南京南站附近的酒店有哪些,['5671'],[],description,3,0,[],,"['50192', '50133', '47198']","[0.6054974794387817, 0.5447005033493042, 0.5068213939666748]","['description', 'description', 'description']"
南京酒店,['5671'],[],description,1,0,[],,['50192'],[0.5936825275421143],['description']
南京酒店,['5671'],[],description,3,0,[],,"['50192', '50133', '47198']","[0.5936825275421143, 0.5652137994766235, 0.5157345533370972]","['description', 'description', 'description']"
南宁桔子酒店,['5671'],[],description,1,0,[],,['50192'],[0.5094646215438843],['description']
南宁桔子酒店,['5671'],[],description,3,0,[],,"['50192', '50133', '47198']","[0.5094646215438843, 0.4967814087867737, 0.4482620060443878]","['description', 'description', 'description']"
南洲路有那些酒店,['5671'],[],description,1,0,[],,['50192'],[0.567746102809906],['description']
南洲路有那些酒店,['5671'],[],description,3,0,[],,"['50192', '47198', '50133']","[0.567746102809906, 0.5649574995040894, 0.5422088503837585]","['description', 'description', 'description']"
南通五星级酒店有几家,['5671'],[],description,1,0,[],,['50192'],[0.5035033822059631],['description']
南通五星级酒店有几家,['5671'],[],description,3,0,[],,"['50192', '50133', '47198']","[0.5035033822059631, 0.47078222036361694, 0.4540277123451233]","['description', 'description', 'description']"
南通哪些酒店比较好,['5671'],[],description,1,0,[],,['50192'],[0.5814345479011536],['description']
南通哪些酒店比较好,['5671'],[],description,3,0,[],,"['50192', '50133', '47198']","[0.5814345479011536, 0.5389102101325989, 0.516301155090332]","['description', 'description', 'description']"
厦门酒店,['5671'],[],description,1,0,[],,['50133'],[0.5694187879562378],['description']
厦门酒店,['5671'],[],description,3,1,['5671'],3.0,"['50133', '50192', '5671']","[0.5694187879562378, 0.5685153603553772, 0.4728706479072571]","['description', 'description', 'description']"
吉安住宿,['5671'],[],description,1,0,[],,['50192'],[0.503158450126648],['description']
吉安住宿,['5671'],[],description,3,0,[],,"['50192', '50133', '47198']","[0.503158450126648, 0.4813961386680603, 0.4615095555782318]","['description', 'description', 'description']"
君澜酒店地址,['5671'],[],description,1,0,[],,['50133'],[0.4733726978302002],['description']
君澜酒店地址,['5671'],[],description,3,0,[],,"['50133', '47198', '50192']","[0.4733726978302002, 0.4534032642841339, 0.4473327398300171]","['description', 'description', 'description']"
哈尔滨火车站附近的宾馆,['5671'],[],description,1,0,[],,['50192'],[0.5369247198104858],['description']
哈尔滨火车站附近的宾馆,['5671'],[],description,3,0,[],,"['50192', '50133', '5851']","[0.5369247198104858, 0.49855589866638184, 0.4072727560997009]","['description', 'description', 'description']"
四姑娘山镇住宿,['5671'],[],description,1,1,['5671'],1.0,['5671'],[0.361909955739975],['description']
四姑娘山镇住宿,['5671'],[],description,3,1,['5671'],1.0,"['5671', '50192', '50133']","[0.361909955739975, 0.3538612127304077, 0.3454417884349823]","['description', 'description', 'description']"
坎山七天连锁酒店在哪里,['5671'],[],description,1,0,[],,['47198'],[0.5007259845733643],['description']
坎山七天连锁酒店在哪里,['5671'],[],description,3,0,[],,"['47198', '50133', '50192']","[0.5007259845733643, 0.4756527543067932, 0.46361762285232544]","['description', 'description', 'description']"
夏县泗交避暑山庄住宿,['5671'],[],description,1,0,[],,['50192'],[0.32585570216178894],['description']
夏县泗交避暑山庄住宿,['5671'],[],description,3,1,['5671'],2.0,"['50192', '5671', '50133']","[0.32585570216178894, 0.32266825437545776, 0.31636887788772583]","['description', 'description', 'description']"
大兴机场附近的酒店,['5671'],[],description,1,0,[],,['50192'],[0.6514348387718201],['description']
大兴机场附近的酒店,['5671'],[],description,3,0,[],,"['50192', '50133', '47198']","[0.6514348387718201, 0.5840376019477844, 0.4952077865600586]","['description', 'description', 'description']"
大同民宿,['5671'],[],description,1,0,[],,['50192'],[0.3314768671989441],['description']
大同民宿,['5671'],[],description,3,1,['5671'],2.0,"['50192', '5671', '50133']","[0.3314768671989441, 0.32639217376708984, 0.3253425359725952]","['description', 'description', 'description']"
大连市维也纳酒店,['5671'],[],description,1,0,[],,['50133'],[0.5513683557510376],['description']
大连市维也纳酒店,['5671'],[],description,3,0,[],,"['50133', '50192', '47198']","[0.5513683557510376, 0.5330216884613037, 0.4876759648323059]","['description', 'description', 'description']"
大连旅游在哪里住方便,['5671'],[],description,1,0,[],,['50192'],[0.4855513870716095],['description']
大连旅游在哪里住方便,['5671'],[],description,3,0,[],,"['50192', '47198', '50133']","[0.4855513870716095, 0.4664194881916046, 0.46625643968582153]","['description', 'description', 'description']"
大雁塔周围住宿哪里好,['5671'],[],description,1,0,[],,['50192'],[0.5484822988510132],['description']
大雁塔周围住宿哪里好,['5671'],[],description,3,1,['5671'],3.0,"['50192', '50133', '5671']","[0.5484822988510132, 0.4690619111061096, 0.453288197517395]","['description', 'description', 'description']"
天津奥体中心附近酒店,['5671'],[],description,1,0,[],,['50192'],[0.5043493509292603],['description']
天津奥体中心附近酒店,['5671'],[],description,3,0,[],,"['50192', '50133', '47198']","[0.5043493509292603, 0.45393675565719604, 0.3972533345222473]","['description', 'description', 'description']"
天目山农家乐天目山吉缘山庄不错,['5671'],[],description,1,1,['5671'],1.0,['5671'],[0.3448558449745178],['description']
天目山农家乐天目山吉缘山庄不错,['5671'],[],description,3,1,['5671'],1.0,"['5671', '61111', '47198']","[0.3448558449745178, 0.3325648307800293, 0.3088032305240631]","['description', 'description', 'description']"
太原市汉庭酒店,['5671'],[],description,1,0,[],,['50133'],[0.5169956684112549],['description']
太原市汉庭酒店,['5671'],[],description,3,0,[],,"['50133', '50192', '47198']","[0.5169956684112549, 0.511074423789978, 0.4704858064651489]","['description', 'description', 'description']"
如家酒店,['5671'],[],description,1,0,[],,['50133'],[0.5861824154853821],['description']
如家酒店,['5671'],[],description,3,0,[],,"['50133', '50192', '47198']","[0.5861824154853821, 0.573196530342102, 0.502252459526062]","['description', 'description', 'description']"
如家酒店住一晚多少钱,['5671'],[],description,1,0,[],,['50133'],[0.5716105103492737],['description']
如家酒店住一晚多少钱,['5671'],[],description,3,0,[],,"['50133', '50192', '60338']","[0.5716105103492737, 0.5436609387397766, 0.5181939601898193]","['description', 'description', 'description']"
如皋皇冠假日酒店,['5671'],[],description,1,0,[],,['50133'],[0.4297296404838562],['description']
如皋皇冠假日酒店,['5671'],[],description,3,0,[],,"['50133', '50192', '47198']","[0.4297296404838562, 0.41334590315818787, 0.3637315630912781]","['description', 'description', 'description']"
威海民宿,['5671'],[],description,1,1,['5671'],1.0,['5671'],[0.41740041971206665],['description']
威海民宿,['5671'],[],description,3,1,['5671'],1.0,"['5671', '50192', '62106']","[0.41740041971206665, 0.3732593059539795, 0.3730350136756897]","['description', 'description', 'description']"
宁波鄞州区的宾馆,['5671'],[],description,1,0,[],,['50192'],[0.5012478828430176],['description']
宁波鄞州区的宾馆,['5671'],[],description,3,0,[],,"['50192', '50133', '47198']","[0.5012478828430176, 0.4855520725250244, 0.4285873770713806]","['description', 'description', 'description']"
安吉度假酒店,['5671'],[],description,1,0,[],,['50133'],[0.5109642744064331],['description']
安吉度假酒店,['5671'],[],description,3,1,['5671'],3.0,"['50133', '50192', '5671']","[0.5109642744064331, 0.498077392578125, 0.48785990476608276]","['description', 'description', 'description']"
山河镇宾馆,['5671'],[],description,1,0,[],,['50133'],[0.486970454454422],['description']
山河镇宾馆,['5671'],[],description,3,0,[],,"['50133', '50192', '47198']","[0.486970454454422, 0.47923043370246887, 0.4368250072002411]","['description', 'description', 'description']"
巩义长途汽车站附近民宿推荐一下,['5671'],[],description,1,0,[],,['60874'],[0.40845298767089844],['description']
巩义长途汽车站附近民宿推荐一下,['5671'],[],description,3,0,[],,"['60874', '47198', '50192']","[0.40845298767089844, 0.4005272388458252, 0.3980746269226074]","['description', 'description', 'description']"
巴塘住宿,['5671'],[],description,1,0,[],,['50133'],[0.4455503523349762],['description']
巴塘住宿,['5671'],[],description,3,0,[],,"['50133', '50192', '47198']","[0.4455503523349762, 0.4361249804496765, 0.4279714822769165]","['description', 'description', 'description']"
广州公寓,['5671'],[],description,1,0,[],,['47242'],[0.5003172159194946],['description']
广州公寓,['5671'],[],description,3,0,[],,"['47242', '47198', '50192']","[0.5003172159194946, 0.4966978430747986, 0.4579055905342102]","['description', 'description', 'description']"
广州市五星级酒店有哪些,['5671'],[],description,1,0,[],,['50192'],[0.5318167805671692],['description']
广州市五星级酒店有哪些,['5671'],[],description,3,0,[],,"['50192', '50133', '47198']","[0.5318167805671692, 0.5130389928817749, 0.4647268056869507]","['description', 'description', 'description']"
度尾市场旁边酒店。,['5671'],[],description,1,0,[],,['50192'],[0.5135869979858398],['description']
度尾市场旁边酒店。,['5671'],[],description,3,0,[],,"['50192', '50133', '47198']","[0.5135869979858398, 0.4966166019439697, 0.4748832583427429]","['description', 'description', 'description']"
建水东门附近的酒店,['5671'],[],description,1,0,[],,['50192'],[0.4759429693222046],['description']
建水东门附近的酒店,['5671'],[],description,3,0,[],,"['50192', '50133', '47198']","[0.4759429693222046, 0.45809078216552734, 0.4397423565387726]","['description', 'description', 'description']"
开元名庭酒店地址,['5671'],[],description,1,0,[],,['47198'],[0.5561366677284241],['description']
开元名庭酒店地址,['5671'],[],description,3,0,[],,"['47198', '50133', '50192']","[0.5561366677284241, 0.5228360891342163, 0.5007511377334595]","['description', 'description', 'description']"
开封清明上河园附近酒店,['5671'],[],description,1,0,[],,['50192'],[0.5129806399345398],['description']
开封清明上河园附近酒店,['5671'],[],description,3,1,['5671'],3.0,"['50192', '50133', '5671']","[0.5129806399345398, 0.4589060842990875, 0.42365556955337524]","['description', 'description', 'description']"
徐水住宿,['5671'],[],description,1,0,[],,['60874'],[0.4244181513786316],['description']
徐水住宿,['5671'],[],description,3,0,[],,"['60874', '50192', '50133']","[0.4244181513786316, 0.4181162416934967, 0.4062221050262451]","['description', 'description', 'description']"
情侣酒店,['5671'],[],description,1,0,[],,['50133'],[0.5102670192718506],['description']
情侣酒店,['5671'],[],description,3,1,['5671'],3.0,"['50133', '50192', '5671']","[0.5102670192718506, 0.4896169900894165, 0.4297260046005249]","['description', 'description', 'description']"
成都市武侯区酒店,['5671'],[],description,1,0,[],,['50133'],[0.5180888175964355],['description']
成都市武侯区酒店,['5671'],[],description,3,0,[],,"['50133', '50192', '47198']","[0.5180888175964355, 0.5129505395889282, 0.4597494304180145]","['description', 'description', 'description']"
无锡格林豪泰酒店,['5671'],[],description,1,0,[],,['50192'],[0.47100579738616943],['description']
无锡格林豪泰酒店,['5671'],[],description,3,0,[],,"['50192', '50133', '47198']","[0.47100579738616943, 0.459113210439682, 0.42127636075019836]","['description', 'description', 'description']"
日照农家乐民宿推荐,['5671'],[],description,1,1,['5671'],1.0,['5671'],[0.40452155470848083],['description']
日照农家乐民宿推荐,['5671'],[],description,3,1,['5671'],1.0,"['5671', '61111', '62106']","[0.40452155470848083, 0.3675217628479004, 0.3631688952445984]","['description', 'description', 'description']"
日照站附近的酒店有哪些,['5671'],[],description,1,0,[],,['50192'],[0.5823466777801514],['description']
日照站附近的酒店有哪些,['5671'],[],description,3,0,[],,"['50192', '50133', '47198']","[0.5823466777801514, 0.5566778182983398, 0.5053185224533081]","['description', 'description', 'description']"
日照酒店住宿推荐,['5671'],[],description,1,0,[],,['50192'],[0.5258579254150391],['description']
日照酒店住宿推荐,['5671'],[],description,3,1,['5671'],3.0,"['50192', '50133', '5671']","[0.5258579254150391, 0.5252040028572083, 0.47642284631729126]","['description', 'description', 'description']"
昆明南站附近的酒店,['5671'],[],description,1,0,[],,['50192'],[0.5280078649520874],['description']
昆明南站附近的酒店,['5671'],[],description,3,0,[],,"['50192', '47198', '50133']","[0.5280078649520874, 0.4930439591407776, 0.49102097749710083]","['description', 'description', 'description']"
昆明滇池附近的酒店,['5671'],[],description,1,0,[],,['50192'],[0.5822547674179077],['description']
昆明滇池附近的酒店,['5671'],[],description,3,0,[],,"['50192', '50133', '47198']","[0.5822547674179077, 0.5334497690200806, 0.518473744392395]","['description', 'description', 'description']"
景德镇民宿,['5671'],[],description,1,1,['5671'],1.0,['5671'],[0.4786343574523926],['description']
景德镇民宿,['5671'],[],description,3,1,['5671'],1.0,"['5671', '62106', '50192']","[0.4786343574523926, 0.41177594661712646, 0.4084484875202179]","['description', 'description', 'description']"
曾家山民宿价格一览表,['5671'],[],description,1,1,['5671'],1.0,['5671'],[0.41881540417671204],['description']
曾家山民宿价格一览表,['5671'],[],description,3,1,['5671'],1.0,"['5671', '50133', '60338']","[0.41881540417671204, 0.38403576612472534, 0.38203248381614685]","['description', 'description', 'description']"
本溪住宿,['5671'],[],description,1,0,[],,['50192'],[0.4710380434989929],['description']
本溪住宿,['5671'],[],description,3,0,[],,"['50192', '50133', '47242']","[0.4710380434989929, 0.4494759440422058, 0.39851880073547363]","['description', 'description', 'description']"
杜尔伯特宾馆,['5671'],[],description,1,0,[],,['50133'],[0.529213547706604],['description']
杜尔伯特宾馆,['5671'],[],description,3,0,[],,"['50133', '50192', '47198']","[0.529213547706604, 0.5132606029510498, 0.46941041946411133]","['description', 'description', 'description']"
杭州浙一医院附近的酒店有哪些,['5671'],[],description,1,0,[],,['50192'],[0.58125901222229],['description']
杭州浙一医院附近的酒店有哪些,['5671'],[],description,3,0,[],,"['50192', '50133', '47198']","[0.58125901222229, 0.5358397960662842, 0.4664120674133301]","['description', 'description', 'description']"
柏悦酒店在哪里,['5671'],[],description,1,0,[],,['50192'],[0.5619572401046753],['description']
柏悦酒店在哪里,['5671'],[],description,3,0,[],,"['50192', '50133', '47198']","[0.5619572401046753, 0.5414635539054871, 0.5342914462089539]","['description', 'description', 'description']"
株洲美的万豪酒店,['5671'],[],description,1,0,[],,['50133'],[0.42734044790267944],['description']
株洲美的万豪酒店,['5671'],[],description,3,0,[],,"['50133', '50192', '47198']","[0.42734044790267944, 0.4222348630428314, 0.39443540573120117]","['description', 'description', 'description']"
栾川酒店,['5671'],[],description,1,0,[],,['50192'],[0.46151959896087646],['description']
栾川酒店,['5671'],[],description,3,0,[],,"['50192', '50133', '47272']","[0.46151959896087646, 0.4485885500907898, 0.3951027989387512]","['description', 'description', 'description']"
桂林酒店,['5671'],[],description,1,0,[],,['50192'],[0.5175869464874268],['description']
桂林酒店,['5671'],[],description,3,1,['5671'],3.0,"['50192', '50133', '5671']","[0.5175869464874268, 0.5056406259536743, 0.455856591463089]","['description', 'description', 'description']"
桃浦酒店,['5671'],[],description,1,0,[],,['50133'],[0.5249426960945129],['description']
桃浦酒店,['5671'],[],description,3,0,[],,"['50133', '50192', '47198']","[0.5249426960945129, 0.5109352469444275, 0.5107787847518921]","['description', 'description', 'description']"
武陵山国家森林公园景区周边酒店多少钱住一晚,['5671'],[],description,1,1,['5671'],1.0,['5671'],[0.471611887216568],['description']
武陵山国家森林公园景区周边酒店多少钱住一晚,['5671'],[],description,3,1,['5671'],1.0,"['5671', '50192', '50133']","[0.471611887216568, 0.45233607292175293, 0.4196794033050537]","['description', 'description', 'description']"
汉庭酒店住宿价格,['5671'],[],description,1,0,[],,['50133'],[0.6442659497261047],['description']
汉庭酒店住宿价格,['5671'],[],description,3,1,['5671'],3.0,"['50133', '50192', '5671']","[0.6442659497261047, 0.6111249923706055, 0.49445992708206177]","['description', 'description', 'description']"
江油有哪些宾馆,['5671'],[],description,1,0,[],,['50192'],[0.5255516767501831],['description']
江油有哪些宾馆,['5671'],[],description,3,0,[],,"['50192', '50133', '47198']","[0.5255516767501831, 0.5100589990615845, 0.4873376488685608]","['description', 'description', 'description']"
江苏扬州全季酒店,['5671'],[],description,1,0,[],,['50133'],[0.4744180142879486],['description']
江苏扬州全季酒店,['5671'],[],description,3,0,[],,"['50133', '50192', '47198']","[0.4744180142879486, 0.457841157913208, 0.3969936668872833]","['description', 'description', 'description']"
江西省宜春市酒店,['5671'],[],description,1,0,[],,['50192'],[0.4864130914211273],['description']
江西省宜春市酒店,['5671'],[],description,3,0,[],,"['50192', '50133', '47198']","[0.4864130914211273, 0.48467856645584106, 0.43498069047927856]","['description', 'description', 'description']"
沈阳君悦酒店地址,['5671'],[],description,1,0,[],,['5012'],[0.4479075074195862],['description']
沈阳君悦酒店地址,['5671'],[],description,3,0,[],,"['5012', '47198', '50133']","[0.4479075074195862, 0.426717609167099, 0.4182700216770172]","['description', 'description', 'description']"
沈阳酒店,['5671'],[],description,1,0,[],,['50133'],[0.5108916759490967],['description']
沈阳酒店,['5671'],[],description,3,0,[],,"['50133', '50192', '47198']","[0.5108916759490967, 0.506821870803833, 0.4496569335460663]","['description', 'description', 'description']"
海州湾附近酒店,['5671'],[],description,1,0,[],,['50192'],[0.5120478272438049],['description']
海州湾附近酒店,['5671'],[],description,3,0,[],,"['50192', '50133', '47198']","[0.5120478272438049, 0.4547446370124817, 0.40054941177368164]","['description', 'description', 'description']"
淮北日租公寓,['5671'],[],description,1,0,[],,['50192'],[0.3743777275085449],['description']
淮北日租公寓,['5671'],[],description,3,0,[],,"['50192', '47242', '50133']","[0.3743777275085449, 0.3486332893371582, 0.3472629189491272]","['description', 'description', 'description']"
深圳酒店,['5671'],[],description,1,0,[],,['50133'],[0.5786957740783691],['description']
深圳酒店,['5671'],[],description,3,0,[],,"['50133', '50192', '47272']","[0.5786957740783691, 0.5782973766326904, 0.4923825263977051]","['description', 'description', 'description']"
温州永嘉县宾馆有哪些,['5671'],[],description,1,0,[],,['50192'],[0.4747864603996277],['description']
温州永嘉县宾馆有哪些,['5671'],[],description,3,0,[],,"['50192', '50133', '47198']","[0.4747864603996277, 0.45486289262771606, 0.4204624891281128]","['description', 'description', 'description']"
湖北黄石市阳新县有哪些酒店,['5671'],[],description,1,0,[],,['50192'],[0.5133950710296631],['description']
湖北黄石市阳新县有哪些酒店,['5671'],[],description,3,0,[],,"['50192', '50133', '47198']","[0.5133950710296631, 0.48816409707069397, 0.42541396617889404]","['description', 'description', 'description']"
满洲里住宿推荐,['5671'],[],description,1,0,[],,['50192'],[0.42604684829711914],['description']
满洲里住宿推荐,['5671'],[],description,3,0,[],,"['50192', '50133', '47198']","[0.42604684829711914, 0.4257904291152954, 0.41011422872543335]","['description', 'description', 'description']"
澄江酒店,['5671'],[],description,1,0,[],,['50133'],[0.5214829444885254],['description']
澄江酒店,['5671'],[],description,3,0,[],,"['50133', '50192', '47198']","[0.5214829444885254, 0.5081461071968079, 0.4890146255493164]","['description', 'description', 'description']"
省级酒店的13,['5671'],[],description,1,0,[],,['50133'],[0.5755962133407593],['description']
省级酒店的13,['5671'],[],description,3,0,[],,"['50133', '50192', '47198']","[0.5755962133407593, 0.5648853778839111, 0.4502183198928833]","['description', 'description', 'description']"
禾木村住宿,['5671'],[],description,1,0,[],,['50192'],[0.4558767080307007],['description']
禾木村住宿,['5671'],[],description,3,1,['5671'],2.0,"['50192', '5671', '50133']","[0.4558767080307007, 0.4514789581298828, 0.44596582651138306]","['description', 'description', 'description']"
绍兴开元名都大酒店,['5671'],[],description,1,0,[],,['50192'],[0.42171043157577515],['description']
绍兴开元名都大酒店,['5671'],[],description,3,1,['5671'],3.0,"['50192', '50133', '5671']","[0.42171043157577515, 0.4189731478691101, 0.40117931365966797]","['description', 'description', 'description']"
维也纳酒店电话号码,['5671'],[],description,1,0,[],,['50133'],[0.6160508394241333],['description']
维也纳酒店电话号码,['5671'],[],description,3,0,[],,"['50133', '50192', '5012']","[0.6160508394241333, 0.5670913457870483, 0.5342458486557007]","['description', 'description', 'description']"
苏州如家酒店,['5671'],[],description,1,0,[],,['50192'],[0.49883589148521423],['description']
苏州如家酒店,['5671'],[],description,3,0,[],,"['50192', '50133', '47198']","[0.49883589148521423, 0.49724629521369934, 0.4123265743255615]","['description', 'description', 'description']"
虎门的酒店有哪些,['5671'],[],description,1,0,[],,['50192'],[0.6106704473495483],['description']
虎门的酒店有哪些,['5671'],[],description,3,0,[],,"['50192', '50133', '47198']","[0.6106704473495483, 0.591720700263977, 0.5194962024688721]","['description', 'description', 'description']"
衢州全季酒店,['5671'],[],description,1,0,[],,['50133'],[0.44778358936309814],['description']
衢州全季酒店,['5671'],[],description,3,0,[],,"['50133', '50192', '47198']","[0.44778358936309814, 0.440022349357605, 0.385807067155838]","['description', 'description', 'description']"
西双版纳的酒店,['5671'],[],description,1,0,[],,['50133'],[0.5459263920783997],['description']
西双版纳的酒店,['5671'],[],description,3,1,['5671'],3.0,"['50133', '50192', '5671']","[0.5459263920783997, 0.5246152877807617, 0.461855411529541]","['description', 'description', 'description']"
西宁宾馆价格,['5671'],[],description,1,0,[],,['50192'],[0.5832605361938477],['description']
西宁宾馆价格,['5671'],[],description,3,0,[],,"['50192', '50133', '60338']","[0.5832605361938477, 0.57811439037323, 0.5024479627609253]","['description', 'description', 'description']"
西安博物馆附近的酒店,['5671'],[],description,1,0,[],,['50192'],[0.6259056329727173],['description']
西安博物馆附近的酒店,['5671'],[],description,3,1,['5671'],3.0,"['50192', '50133', '5671']","[0.6259056329727173, 0.5406540632247925, 0.45586782693862915]","['description', 'description', 'description']"
貴阳机场附近的酒店,['5671'],[],description,1,0,[],,['50192'],[0.6188912391662598],['description']
貴阳机场附近的酒店,['5671'],[],description,3,0,[],,"['50192', '50133', '47198']","[0.6188912391662598, 0.5509782433509827, 0.49786698818206787]","['description', 'description', 'description']"
贵阳市区的维也纳酒店,['5671'],[],description,1,0,[],,['50192'],[0.5369298458099365],['description']
贵阳市区的维也纳酒店,['5671'],[],description,3,0,[],,"['50192', '50133', '47198']","[0.5369298458099365, 0.529731273651123, 0.4785587787628174]","['description', 'description', 'description']"
贵阳高铁站附近酒店,['5671'],[],description,1,0,[],,['50192'],[0.4859086871147156],['description']
贵阳高铁站附近酒店,['5671'],[],description,3,0,[],,"['50192', '5851', '50133']","[0.4859086871147156, 0.4671850800514221, 0.4344426393508911]","['description', 'description', 'description']"
费县酒店,['5671'],[],description,1,0,[],,['50133'],[0.46331074833869934],['description']
费县酒店,['5671'],[],description,3,1,['5671'],3.0,"['50133', '50192', '5671']","[0.46331074833869934, 0.4574662446975708, 0.385485976934433]","['description', 'description', 'description']"
赤水大瀑布游客中心附近住宿,['5671'],[],description,1,0,[],,['50192'],[0.4581852853298187],['description']
赤水大瀑布游客中心附近住宿,['5671'],[],description,3,1,['5671'],2.0,"['50192', '5671', '50133']","[0.4581852853298187, 0.4134672284126282, 0.41280144453048706]","['description', 'description', 'description']"
邢台民宿,['5671'],[],description,1,1,['5671'],1.0,['5671'],[0.4335588216781616],['description']
邢台民宿,['5671'],[],description,3,1,['5671'],1.0,"['5671', '50192', '50133']","[0.4335588216781616, 0.38612473011016846, 0.3731856346130371]","['description', 'description', 'description']"
那拉提镇住宿推荐,['5671'],[],description,1,1,['5671'],1.0,['5671'],[0.43619441986083984],['description']
那拉提镇住宿推荐,['5671'],[],description,3,1,['5671'],1.0,"['5671', '50192', '50133']","[0.43619441986083984, 0.4343559145927429, 0.4154346287250519]","['description', 'description', 'description']"
都江堰附近酒店推荐,['5671'],[],description,1,0,[],,['50192'],[0.5587421655654907],['description']
都江堰附近酒店推荐,['5671'],[],description,3,0,[],,"['50192', '50133', '47198']","[0.5587421655654907, 0.5068487524986267, 0.45773226022720337]","['description', 'description', 'description']"
重庆有浴缸的酒店一般多少钱,['5671'],[],description,1,0,[],,['50192'],[0.49116039276123047],['description']
重庆有浴缸的酒店一般多少钱,['5671'],[],description,3,0,[],,"['50192', '50133', '60338']","[0.49116039276123047, 0.47462689876556396, 0.43252378702163696]","['description', 'description', 'description']"
重庆江北区全季酒店,['5671'],[],description,1,0,[],,['50133'],[0.4579543173313141],['description']
重庆江北区全季酒店,['5671'],[],description,3,0,[],,"['50133', '50192', '47198']","[0.4579543173313141, 0.4571802318096161, 0.3843117952346802]","['description', 'description', 'description']"
重庆西南医院附近酒店有哪些,['5671'],[],description,1,0,[],,['50192'],[0.5546735525131226],['description']
重庆西南医院附近酒店有哪些,['5671'],[],description,3,0,[],,"['50192', '50133', '47198']","[0.5546735525131226, 0.5074789524078369, 0.454925537109375]","['description', 'description', 'description']"
锦江之星酒店,['5671'],[],description,1,0,[],,['50133'],[0.5432430505752563],['description']
锦江之星酒店,['5671'],[],description,3,0,[],,"['50133', '50192', '47198']","[0.5432430505752563, 0.5172091722488403, 0.4762398302555084]","['description', 'description', 'description']"
长沙五一广场附近的酒店,['5671'],[],description,1,0,[],,['50192'],[0.5390975475311279],['description']
长沙五一广场附近的酒店,['5671'],[],description,3,0,[],,"['50192', '50133', '47198']","[0.5390975475311279, 0.4648100733757019, 0.42521995306015015]","['description', 'description', 'description']"
长沙亲子酒店推荐,['5671'],[],description,1,0,[],,['50192'],[0.5107110142707825],['description']
长沙亲子酒店推荐,['5671'],[],description,3,0,[],,"['50192', '50133', '47198']","[0.5107110142707825, 0.4588208496570587, 0.41157636046409607]","['description', 'description', 'description']"
长沙国防科技大学附近宾馆有哪些,['5671'],[],description,1,0,[],,['50192'],[0.5316630601882935],['description']
长沙国防科技大学附近宾馆有哪些,['5671'],[],description,3,0,[],,"['50192', '50133', '47198']","[0.5316630601882935, 0.4709167182445526, 0.462275892496109]","['description', 'description', 'description']"
长沙市的汉庭酒店在哪里,['5671'],[],description,1,0,[],,['50192'],[0.5876476168632507],['description']
长沙市的汉庭酒店在哪里,['5671'],[],description,3,0,[],,"['50192', '50133', '47198']","[0.5876476168632507, 0.5765597820281982, 0.5521823167800903]","['description', 'description', 'description']"
阜阳市第三中学附近的宾馆,['5671'],[],description,1,0,[],,['50192'],[0.48733246326446533],['description']
阜阳市第三中学附近的宾馆,['5671'],[],description,3,0,[],,"['50192', '50133', '47198']","[0.48733246326446533, 0.4366472363471985, 0.43201306462287903]","['description', 'description', 'description']"
附近旅馆住宿50元,['5671'],[],description,1,0,[],,['50192'],[0.6051755547523499],['description']
附近旅馆住宿50元,['5671'],[],description,3,0,[],,"['50192', '50133', '47198']","[0.6051755547523499, 0.5466508865356445, 0.5416810512542725]","['description', 'description', 'description']"
附近有宾馆在哪里,['5671'],[],description,1,0,[],,['50192'],[0.7154176235198975],['description']
附近有宾馆在哪里,['5671'],[],description,3,0,[],,"['50192', '50133', '47198']","[0.7154176235198975, 0.6344941854476929, 0.629804253578186]","['description', 'description', 'description']"
附近民宿推荐,['5671'],[],description,1,0,[],,['50192'],[0.5950388312339783],['description']
附近民宿推荐,['5671'],[],description,3,1,['5671'],3.0,"['50192', '47198', '5671']","[0.5950388312339783, 0.5841739177703857, 0.5689919590950012]","['description', 'description', 'description']"
附近洒店住宿小店区,['5671'],[],description,1,0,[],,['50192'],[0.48953768610954285],['description']
附近洒店住宿小店区,['5671'],[],description,3,0,[],,"['50192', '47198', '50133']","[0.48953768610954285, 0.4790492653846741, 0.4345754384994507]","['description', 'description', 'description']"
陕西60元一天三餐民宿,['5671'],[],description,1,0,[],,['50192'],[0.4150283932685852],['description']
陕西60元一天三餐民宿,['5671'],[],description,3,1,['5671'],3.0,"['50192', '50133', '5671']","[0.4150283932685852, 0.3930763006210327, 0.3757225275039673]","['description', 'description', 'description']"
陵川县住宿,['5671'],[],description,1,0,[],,['50192'],[0.39573466777801514],['description']
陵川县住宿,['5671'],[],description,3,1,['5671'],2.0,"['50192', '5671', '50133']","[0.39573466777801514, 0.37777969241142273, 0.3741358518600464]","['description', 'description', 'description']"
青岛五四广场附近的酒店,['5671'],[],description,1,0,[],,['50192'],[0.5215231776237488],['description']
青岛五四广场附近的酒店,['5671'],[],description,3,0,[],,"['50192', '50133', '47198']","[0.5215231776237488, 0.4727460741996765, 0.44590452313423157]","['description', 'description', 'description']"
靖宇县政府附近的酒店,['5671'],[],description,1,0,[],,['50192'],[0.4509737193584442],['description']
靖宇县政府附近的酒店,['5671'],[],description,3,0,[],,"['50192', '50133', '47198']","[0.4509737193584442, 0.41362208127975464, 0.3577589988708496]","['description', 'description', 'description']"
301医院附近的住宿酒店,['5671'],[],merged,1,0,[],,['50192'],[0.5512263774871826],['description']
301医院附近的住宿酒店,['5671'],[],merged,3,0,[],,"['50192', '50133', '47198']","[0.5512263774871826, 0.5050656795501709, 0.4278426170349121]","['description', 'description', 'description']"
7天酒店,['5671'],[],merged,1,0,[],,['50133'],[0.5795555114746094],['description']
7天酒店,['5671'],[],merged,3,0,[],,"['50133', '50192', '47272']","[0.5795555114746094, 0.5628015995025635, 0.45920851826667786]","['description', 'description', 'title_description']"
七里坪民宿出租信息,['5671'],[],merged,1,1,['5671'],1.0,['5671'],[0.3576866090297699],['title_description']
七里坪民宿出租信息,['5671'],[],merged,3,1,['5671'],1.0,"['5671', '50133', '50192']","[0.3576866090297699, 0.3507772386074066, 0.34936627745628357]","['title_description', 'description', 'description']"
万达广场附近的酒店有哪些,['5671'],[],merged,1,0,[],,['50192'],[0.6490170955657959],['description']
万达广场附近的酒店有哪些,['5671'],[],merged,3,0,[],,"['50192', '50133', '47198']","[0.6490170955657959, 0.5736826658248901, 0.5718109607696533]","['description', 'description', 'description']"
上海东方明珠附近的酒店,['5671'],[],merged,1,0,[],,['50192'],[0.563141942024231],['description']
上海东方明珠附近的酒店,['5671'],[],merged,3,0,[],,"['50192', '50133', '47198']","[0.563141942024231, 0.49970996379852295, 0.4617389440536499]","['description', 'description', 'description']"
上海娄山关路地铁口附近的酒店,['5671'],[],merged,1,0,[],,['50192'],[0.47563207149505615],['description']
上海娄山关路地铁口附近的酒店,['5671'],[],merged,3,0,[],,"['50192', '50133', '47198']","[0.47563207149505615, 0.4547569155693054, 0.4079224467277527]","['description', 'description', 'description']"
上海市一医院附近的酒店,['5671'],[],merged,1,0,[],,['50192'],[0.5718193650245667],['description']
上海市一医院附近的酒店,['5671'],[],merged,3,0,[],,"['50192', '50133', '47198']","[0.5718193650245667, 0.5323659181594849, 0.48381513357162476]","['description', 'description', 'description']"
上海站附近宾馆价格,['5671'],[],merged,1,0,[],,['50192'],[0.5932743549346924],['description']
上海站附近宾馆价格,['5671'],[],merged,3,0,[],,"['50192', '50133', '60872']","[0.5932743549346924, 0.5462428331375122, 0.5267531871795654]","['description', 'description', 'title_description']"
上海锦江都城酒店怎么样,['5671'],[],merged,1,0,[],,['50133'],[0.5202475786209106],['description']
上海锦江都城酒店怎么样,['5671'],[],merged,3,0,[],,"['50133', '50192', '47272']","[0.5202475786209106, 0.5051468014717102, 0.46555954217910767]","['description', 'title_description', 'title_description']"
上海香格里拉酒店,['5671'],[],merged,1,0,[],,['50133'],[0.4612572193145752],['description']
上海香格里拉酒店,['5671'],[],merged,3,0,[],,"['50133', '5012', '50192']","[0.4612572193145752, 0.4462684094905853, 0.44468098878860474]","['description', 'description', 'title_description']"
东昌湖附近民宿推荐,['5671'],[],merged,1,1,['5671'],1.0,['5671'],[0.3991956114768982],['title_description']
东昌湖附近民宿推荐,['5671'],[],merged,3,1,['5671'],1.0,"['5671', '50192', '47198']","[0.3991956114768982, 0.3937005400657654, 0.3786516785621643]","['title_description', 'title_description', 'description']"
东站附近的酒店,['5671'],[],merged,1,0,[],,['50192'],[0.6291236877441406],['description']
东站附近的酒店,['5671'],[],merged,3,0,[],,"['50192', '50133', '47198']","[0.6291236877441406, 0.5699799060821533, 0.516792356967926]","['description', 'description', 'description']"
乌鲁木齐天山机场附近的酒店,['5671'],[],merged,1,0,[],,['50192'],[0.5514565706253052],['description']
乌鲁木齐天山机场附近的酒店,['5671'],[],merged,3,1,['5671'],3.0,"['50192', '50133', '5671']","[0.5514565706253052, 0.5048969388008118, 0.45998507738113403]","['description', 'description', 'title_description']"
乌鲁木齐附近酒店,['5671'],[],merged,1,0,[],,['50192'],[0.5780035257339478],['description']
乌鲁木齐附近酒店,['5671'],[],merged,3,1,['5671'],3.0,"['50192', '50133', '5671']","[0.5780035257339478, 0.49356839060783386, 0.4407214820384979]","['description', 'description', 'title_description']"
九寨沟酒店,['5671'],[],merged,1,0,[],,['50133'],[0.4995068311691284],['description']
九寨沟酒店,['5671'],[],merged,3,1,['5671'],3.0,"['50133', '50192', '5671']","[0.4995068311691284, 0.481752872467041, 0.43774163722991943]","['description', 'description', 'title_description']"
亚朵酒店的地址,['5671'],[],merged,1,0,[],,['50192'],[0.5862643718719482],['title_description']
亚朵酒店的地址,['5671'],[],merged,3,0,[],,"['50192', '50133', '47198']","[0.5862643718719482, 0.5704469680786133, 0.5533738136291504]","['title_description', 'description', 'description']"
伊宁机场附近的酒店,['5671'],[],merged,1,0,[],,['50192'],[0.559119701385498],['description']
伊宁机场附近的酒店,['5671'],[],merged,3,0,[],,"['50192', '50133', '60868']","[0.559119701385498, 0.5147802829742432, 0.4551994204521179]","['description', 'description', 'description']"
保定希尔顿酒店,['5671'],[],merged,1,0,[],,['50192'],[0.48831284046173096],['title_description']
保定希尔顿酒店,['5671'],[],merged,3,0,[],,"['50192', '50133', '60874']","[0.48831284046173096, 0.48099038004875183, 0.4715482294559479]","['title_description', 'description', 'description']"
兰州火车站附近的宾馆住宿有哪些,['5671'],[],merged,1,0,[],,['50192'],[0.560551643371582],['description']
兰州火车站附近的宾馆住宿有哪些,['5671'],[],merged,3,0,[],,"['50192', '50133', '47198']","[0.560551643371582, 0.5177765488624573, 0.48794156312942505]","['description', 'description', 'description']"
动物园酒店,['5671'],[],merged,1,1,['5671'],1.0,['5671'],[0.568636417388916],['title_description']
动物园酒店,['5671'],[],merged,3,1,['5671'],1.0,"['5671', '47242', '50133']","[0.568636417388916, 0.4961440861225128, 0.49566444754600525]","['title_description', 'title_description', 'description']"
北京北三环宾馆,['5671'],[],merged,1,0,[],,['50133'],[0.5012326240539551],['description']
北京北三环宾馆,['5671'],[],merged,3,0,[],,"['50133', '50192', '47242']","[0.5012326240539551, 0.4826917052268982, 0.4228443503379822]","['description', 'title_description', 'description']"
北京协和医院附近的宾馆,['5671'],[],merged,1,0,[],,['50192'],[0.5796165466308594],['description']
北京协和医院附近的宾馆,['5671'],[],merged,3,0,[],,"['50192', '50133', '47198']","[0.5796165466308594, 0.520830512046814, 0.4428790807723999]","['description', 'description', 'description']"
北京团结湖附近的酒店有哪些,['5671'],[],merged,1,0,[],,['50192'],[0.6128963828086853],['description']
北京团结湖附近的酒店有哪些,['5671'],[],merged,3,0,[],,"['50192', '50133', '47198']","[0.6128963828086853, 0.5697670578956604, 0.4974399209022522]","['description', 'description', 'description']"
北京如家酒店,['5671'],[],merged,1,0,[],,['50133'],[0.5868194103240967],['description']
北京如家酒店,['5671'],[],merged,3,0,[],,"['50133', '50192', '47242']","[0.5868194103240967, 0.5686433911323547, 0.49685293436050415]","['description', 'description', 'title_description']"
北京市西城区宾馆住宿,['5671'],[],merged,1,0,[],,['50133'],[0.5452715754508972],['description']
北京市西城区宾馆住宿,['5671'],[],merged,3,0,[],,"['50133', '50192', '5012']","[0.5452715754508972, 0.5170155763626099, 0.4835837781429291]","['description', 'description', 'description']"
北京王府井大街酒店,['5671'],[],merged,1,0,[],,['50133'],[0.5734272003173828],['description']
北京王府井大街酒店,['5671'],[],merged,3,0,[],,"['50133', '50192', '5012']","[0.5734272003173828, 0.5479192733764648, 0.46695053577423096]","['description', 'description', 'description']"
北戴河附近的酒店,['5671'],[],merged,1,0,[],,['50192'],[0.5816165804862976],['description']
北戴河附近的酒店,['5671'],[],merged,3,1,['5671'],3.0,"['50192', '50133', '5671']","[0.5816165804862976, 0.5113653540611267, 0.4360607862472534]","['description', 'description', 'title_description']"
十堰市城区宾馆有哪些酒店,['5671'],[],merged,1,0,[],,['50192'],[0.5844050049781799],['description']
十堰市城区宾馆有哪些酒店,['5671'],[],merged,3,0,[],,"['50192', '50133', '47198']","[0.5844050049781799, 0.539574146270752, 0.5002537369728088]","['description', 'description', 'description']"
华天大酒店,['5671'],[],merged,1,0,[],,['50133'],[0.5620721578598022],['description']
华天大酒店,['5671'],[],merged,3,0,[],,"['50133', '50192', '47272']","[0.5620721578598022, 0.5444363951683044, 0.5113481283187866]","['description', 'description', 'title_description']"
南京南站附近的酒店有哪些,['5671'],[],merged,1,0,[],,['50192'],[0.6054974794387817],['description']
南京南站附近的酒店有哪些,['5671'],[],merged,3,0,[],,"['50192', '50133', '47198']","[0.6054974794387817, 0.5447005033493042, 0.5068213939666748]","['description', 'description', 'description']"
南京酒店,['5671'],[],merged,1,0,[],,['50192'],[0.5936825275421143],['description']
南京酒店,['5671'],[],merged,3,1,['5671'],3.0,"['50192', '50133', '5671']","[0.5936825275421143, 0.5652137994766235, 0.5357580184936523]","['description', 'description', 'title_description']"
南宁桔子酒店,['5671'],[],merged,1,0,[],,['50192'],[0.5094646215438843],['description']
南宁桔子酒店,['5671'],[],merged,3,0,[],,"['50192', '50133', '47198']","[0.5094646215438843, 0.4967814087867737, 0.4482620060443878]","['description', 'description', 'description']"
南洲路有那些酒店,['5671'],[],merged,1,0,[],,['50192'],[0.567746102809906],['description']
南洲路有那些酒店,['5671'],[],merged,3,0,[],,"['50192', '47198', '50133']","[0.567746102809906, 0.5649574995040894, 0.5422088503837585]","['description', 'description', 'description']"
南通五星级酒店有几家,['5671'],[],merged,1,0,[],,['50192'],[0.5035033822059631],['description']
南通五星级酒店有几家,['5671'],[],merged,3,0,[],,"['50192', '50133', '47198']","[0.5035033822059631, 0.47078222036361694, 0.4540277123451233]","['description', 'description', 'description']"
南通哪些酒店比较好,['5671'],[],merged,1,0,[],,['50192'],[0.5814345479011536],['description']
南通哪些酒店比较好,['5671'],[],merged,3,0,[],,"['50192', '50133', '47198']","[0.5814345479011536, 0.5389102101325989, 0.516301155090332]","['description', 'description', 'description']"
厦门酒店,['5671'],[],merged,1,0,[],,['50133'],[0.5694187879562378],['description']
厦门酒店,['5671'],[],merged,3,1,['5671'],3.0,"['50133', '50192', '5671']","[0.5694187879562378, 0.5685153603553772, 0.5056508779525757]","['description', 'description', 'title_description']"
吉安住宿,['5671'],[],merged,1,0,[],,['50192'],[0.503158450126648],['description']
吉安住宿,['5671'],[],merged,3,1,['5671'],3.0,"['50192', '62106', '5671']","[0.503158450126648, 0.4935297667980194, 0.4880056381225586]","['description', 'title_description', 'title_description']"
君澜酒店地址,['5671'],[],merged,1,0,[],,['50133'],[0.4733726978302002],['description']
君澜酒店地址,['5671'],[],merged,3,0,[],,"['50133', '47198', '50192']","[0.4733726978302002, 0.4534032642841339, 0.4493767321109772]","['description', 'description', 'title_description']"
哈尔滨火车站附近的宾馆,['5671'],[],merged,1,0,[],,['50192'],[0.5369247198104858],['description']
哈尔滨火车站附近的宾馆,['5671'],[],merged,3,0,[],,"['50192', '50133', '60872']","[0.5369247198104858, 0.49855589866638184, 0.43130025267601013]","['description', 'description', 'title_description']"
四姑娘山镇住宿,['5671'],[],merged,1,1,['5671'],1.0,['5671'],[0.3866884708404541],['title_description']
四姑娘山镇住宿,['5671'],[],merged,3,1,['5671'],1.0,"['5671', '50192', '62106']","[0.3866884708404541, 0.3552773594856262, 0.3545181155204773]","['title_description', 'title_description', 'title_description']"
坎山七天连锁酒店在哪里,['5671'],[],merged,1,0,[],,['47198'],[0.5007259845733643],['description']
坎山七天连锁酒店在哪里,['5671'],[],merged,3,0,[],,"['47198', '50133', '47242']","[0.5007259845733643, 0.4756527543067932, 0.47334545850753784]","['description', 'description', 'title_description']"
夏县泗交避暑山庄住宿,['5671'],[],merged,1,1,['5671'],1.0,['5671'],[0.3495735824108124],['title_description']
夏县泗交避暑山庄住宿,['5671'],[],merged,3,1,['5671'],1.0,"['5671', '62106', '50192']","[0.3495735824108124, 0.32676422595977783, 0.32585570216178894]","['title_description', 'title_description', 'description']"
大兴机场附近的酒店,['5671'],[],merged,1,0,[],,['50192'],[0.6514348387718201],['description']
大兴机场附近的酒店,['5671'],[],merged,3,1,['5671'],3.0,"['50192', '50133', '5671']","[0.6514348387718201, 0.5840376019477844, 0.51431804895401]","['description', 'description', 'title_description']"
大同民宿,['5671'],[],merged,1,1,['5671'],1.0,['5671'],[0.35297948122024536],['title_description']
大同民宿,['5671'],[],merged,3,1,['5671'],1.0,"['5671', '50192', '50133']","[0.35297948122024536, 0.3396993577480316, 0.3253425359725952]","['title_description', 'title_description', 'description']"
大连市维也纳酒店,['5671'],[],merged,1,0,[],,['50133'],[0.5513683557510376],['description']
大连市维也纳酒店,['5671'],[],merged,3,0,[],,"['50133', '50192', '47198']","[0.5513683557510376, 0.5330216884613037, 0.4876759648323059]","['description', 'description', 'description']"
大连旅游在哪里住方便,['5671'],[],merged,1,1,['5671'],1.0,['5671'],[0.502983033657074],['title_description']
大连旅游在哪里住方便,['5671'],[],merged,3,1,['5671'],1.0,"['5671', '50192', '62106']","[0.502983033657074, 0.4855513870716095, 0.48430705070495605]","['title_description', 'description', 'title_description']"
大雁塔周围住宿哪里好,['5671'],[],merged,1,0,[],,['50192'],[0.5502190589904785],['title_description']
大雁塔周围住宿哪里好,['5671'],[],merged,3,1,['5671'],2.0,"['50192', '5671', '50133']","[0.5502190589904785, 0.47230127453804016, 0.4690619111061096]","['title_description', 'title_description', 'description']"
天津奥体中心附近酒店,['5671'],[],merged,1,0,[],,['50192'],[0.5043493509292603],['description']
天津奥体中心附近酒店,['5671'],[],merged,3,1,['5671'],3.0,"['50192', '50133', '5671']","[0.5043493509292603, 0.45393675565719604, 0.41060662269592285]","['description', 'description', 'title_description']"
天目山农家乐天目山吉缘山庄不错,['5671'],[],merged,1,1,['5671'],1.0,['5671'],[0.36819988489151],['title_description']
天目山农家乐天目山吉缘山庄不错,['5671'],[],merged,3,1,['5671'],1.0,"['5671', '62106', '61111']","[0.36819988489151, 0.3350062370300293, 0.3325648307800293]","['title_description', 'title_description', 'description']"
太原市汉庭酒店,['5671'],[],merged,1,0,[],,['50133'],[0.5169956684112549],['description']
太原市汉庭酒店,['5671'],[],merged,3,0,[],,"['50133', '50192', '47198']","[0.5169956684112549, 0.511074423789978, 0.4704858064651489]","['description', 'description', 'description']"
如家酒店,['5671'],[],merged,1,0,[],,['50133'],[0.5861824154853821],['description']
如家酒店,['5671'],[],merged,3,0,[],,"['50133', '50192', '47272']","[0.5861824154853821, 0.573196530342102, 0.5223269462585449]","['description', 'description', 'title_description']"
如家酒店住一晚多少钱,['5671'],[],merged,1,0,[],,['50133'],[0.5716105103492737],['description']
如家酒店住一晚多少钱,['5671'],[],merged,3,0,[],,"['50133', '50192', '60338']","[0.5716105103492737, 0.5436609387397766, 0.5181939601898193]","['description', 'description', 'description']"
如皋皇冠假日酒店,['5671'],[],merged,1,0,[],,['50133'],[0.4297296404838562],['description']
如皋皇冠假日酒店,['5671'],[],merged,3,1,['5671'],3.0,"['50133', '50192', '5671']","[0.4297296404838562, 0.4279085099697113, 0.39348822832107544]","['description', 'title_description', 'title_description']"
威海民宿,['5671'],[],merged,1,1,['5671'],1.0,['5671'],[0.4442143738269806],['title_description']
威海民宿,['5671'],[],merged,3,1,['5671'],1.0,"['5671', '62106', '62306']","[0.4442143738269806, 0.41351795196533203, 0.3839167058467865]","['title_description', 'title_description', 'title_description']"
宁波鄞州区的宾馆,['5671'],[],merged,1,0,[],,['50192'],[0.5012478828430176],['description']
宁波鄞州区的宾馆,['5671'],[],merged,3,1,['5671'],3.0,"['50192', '50133', '5671']","[0.5012478828430176, 0.4855520725250244, 0.43985801935195923]","['description', 'description', 'title_description']"
安吉度假酒店,['5671'],[],merged,1,1,['5671'],1.0,['5671'],[0.5121837258338928],['title_description']
安吉度假酒店,['5671'],[],merged,3,1,['5671'],1.0,"['5671', '50133', '50192']","[0.5121837258338928, 0.5109642744064331, 0.5007556676864624]","['title_description', 'description', 'title_description']"
山河镇宾馆,['5671'],[],merged,1,0,[],,['50133'],[0.486970454454422],['description']
山河镇宾馆,['5671'],[],merged,3,1,['5671'],3.0,"['50133', '50192', '5671']","[0.486970454454422, 0.47923043370246887, 0.45634251832962036]","['description', 'description', 'title_description']"
巩义长途汽车站附近民宿推荐一下,['5671'],[],merged,1,0,[],,['60874'],[0.4374905228614807],['title_description']
巩义长途汽车站附近民宿推荐一下,['5671'],[],merged,3,0,[],,"['60874', '47198', '50192']","[0.4374905228614807, 0.4005272388458252, 0.3980746269226074]","['title_description', 'description', 'description']"
巴塘住宿,['5671'],[],merged,1,1,['5671'],1.0,['5671'],[0.4551481604576111],['title_description']
巴塘住宿,['5671'],[],merged,3,1,['5671'],1.0,"['5671', '50133', '50192']","[0.4551481604576111, 0.4455503523349762, 0.4361249804496765]","['title_description', 'description', 'description']"
广州公寓,['5671'],[],merged,1,0,[],,['47242'],[0.528915524482727],['title_description']
广州公寓,['5671'],[],merged,3,0,[],,"['47242', '47198', '47266']","[0.528915524482727, 0.4966978430747986, 0.495743066072464]","['title_description', 'description', 'title_description']"
广州市五星级酒店有哪些,['5671'],[],merged,1,0,[],,['50192'],[0.5318167805671692],['description']
广州市五星级酒店有哪些,['5671'],[],merged,3,0,[],,"['50192', '50133', '47198']","[0.5318167805671692, 0.5130389928817749, 0.4647268056869507]","['description', 'description', 'description']"
度尾市场旁边酒店。,['5671'],[],merged,1,0,[],,['50192'],[0.5220562219619751],['title_description']
度尾市场旁边酒店。,['5671'],[],merged,3,0,[],,"['50192', '50133', '47198']","[0.5220562219619751, 0.4966166019439697, 0.4748832583427429]","['title_description', 'description', 'description']"
建水东门附近的酒店,['5671'],[],merged,1,0,[],,['50192'],[0.4759429693222046],['description']
建水东门附近的酒店,['5671'],[],merged,3,0,[],,"['50192', '50133', '47198']","[0.4759429693222046, 0.45809078216552734, 0.4397423565387726]","['description', 'description', 'description']"
开元名庭酒店地址,['5671'],[],merged,1,0,[],,['47198'],[0.5561366677284241],['description']
开元名庭酒店地址,['5671'],[],merged,3,0,[],,"['47198', '50133', '47242']","[0.5561366677284241, 0.5228360891342163, 0.5148664116859436]","['description', 'description', 'title_description']"
开封清明上河园附近酒店,['5671'],[],merged,1,0,[],,['50192'],[0.5129806399345398],['description']
开封清明上河园附近酒店,['5671'],[],merged,3,1,['5671'],3.0,"['50192', '50133', '5671']","[0.5129806399345398, 0.4589060842990875, 0.45524081587791443]","['description', 'description', 'title_description']"
徐水住宿,['5671'],[],merged,1,0,[],,['60874'],[0.4244181513786316],['description']
徐水住宿,['5671'],[],merged,3,0,[],,"['60874', '50192', '50133']","[0.4244181513786316, 0.4181162416934967, 0.4062221050262451]","['description', 'description', 'description']"
情侣酒店,['5671'],[],merged,1,0,[],,['50133'],[0.5102670192718506],['description']
情侣酒店,['5671'],[],merged,3,1,['5671'],3.0,"['50133', '50192', '5671']","[0.5102670192718506, 0.49083662033081055, 0.44454196095466614]","['description', 'title_description', 'title_description']"
成都市武侯区酒店,['5671'],[],merged,1,0,[],,['50133'],[0.5180888175964355],['description']
成都市武侯区酒店,['5671'],[],merged,3,0,[],,"['50133', '50192', '47198']","[0.5180888175964355, 0.5129505395889282, 0.4597494304180145]","['description', 'description', 'description']"
无锡格林豪泰酒店,['5671'],[],merged,1,0,[],,['50192'],[0.47100579738616943],['description']
无锡格林豪泰酒店,['5671'],[],merged,3,0,[],,"['50192', '50133', '47198']","[0.47100579738616943, 0.459113210439682, 0.42127636075019836]","['description', 'description', 'description']"
日照农家乐民宿推荐,['5671'],[],merged,1,1,['5671'],1.0,['5671'],[0.4225198030471802],['title_description']
日照农家乐民宿推荐,['5671'],[],merged,3,1,['5671'],1.0,"['5671', '62106', '62306']","[0.4225198030471802, 0.4144381880760193, 0.39640313386917114]","['title_description', 'title_description', 'title_description']"
日照站附近的酒店有哪些,['5671'],[],merged,1,0,[],,['50192'],[0.5823466777801514],['description']
日照站附近的酒店有哪些,['5671'],[],merged,3,1,['5671'],3.0,"['50192', '50133', '5671']","[0.5823466777801514, 0.5566778182983398, 0.5123770236968994]","['description', 'description', 'title_description']"
日照酒店住宿推荐,['5671'],[],merged,1,0,[],,['50192'],[0.5258579254150391],['description']
日照酒店住宿推荐,['5671'],[],merged,3,0,[],,"['50192', '50133', '62106']","[0.5258579254150391, 0.5252040028572083, 0.5148943662643433]","['description', 'description', 'title_description']"
昆明南站附近的酒店,['5671'],[],merged,1,0,[],,['50192'],[0.5280078649520874],['description']
昆明南站附近的酒店,['5671'],[],merged,3,0,[],,"['50192', '47198', '50133']","[0.5280078649520874, 0.4930439591407776, 0.49102097749710083]","['description', 'description', 'description']"
昆明滇池附近的酒店,['5671'],[],merged,1,0,[],,['50192'],[0.5822547674179077],['description']
昆明滇池附近的酒店,['5671'],[],merged,3,0,[],,"['50192', '50133', '47198']","[0.5822547674179077, 0.5334497690200806, 0.518473744392395]","['description', 'description', 'description']"
景德镇民宿,['5671'],[],merged,1,1,['5671'],1.0,['5671'],[0.5050331354141235],['title_description']
景德镇民宿,['5671'],[],merged,3,1,['5671'],1.0,"['5671', '62106', '62306']","[0.5050331354141235, 0.45832955837249756, 0.44357770681381226]","['title_description', 'title_description', 'title_description']"
曾家山民宿价格一览表,['5671'],[],merged,1,1,['5671'],1.0,['5671'],[0.4343077838420868],['title_description']
曾家山民宿价格一览表,['5671'],[],merged,3,1,['5671'],1.0,"['5671', '50133', '60338']","[0.4343077838420868, 0.38403576612472534, 0.38203248381614685]","['title_description', 'description', 'description']"
本溪住宿,['5671'],[],merged,1,0,[],,['50192'],[0.4710380434989929],['description']
本溪住宿,['5671'],[],merged,3,1,['5671'],3.0,"['50192', '50133', '5671']","[0.4710380434989929, 0.4494759440422058, 0.40390050411224365]","['description', 'description', 'title_description']"
杜尔伯特宾馆,['5671'],[],merged,1,0,[],,['50133'],[0.529213547706604],['description']
杜尔伯特宾馆,['5671'],[],merged,3,1,['5671'],3.0,"['50133', '50192', '5671']","[0.529213547706604, 0.5132606029510498, 0.5026859641075134]","['description', 'description', 'title_description']"
杭州浙一医院附近的酒店有哪些,['5671'],[],merged,1,0,[],,['50192'],[0.58125901222229],['description']
杭州浙一医院附近的酒店有哪些,['5671'],[],merged,3,0,[],,"['50192', '50133', '47198']","[0.58125901222229, 0.5358397960662842, 0.4664120674133301]","['description', 'description', 'description']"
柏悦酒店在哪里,['5671'],[],merged,1,0,[],,['50192'],[0.5619572401046753],['description']
柏悦酒店在哪里,['5671'],[],merged,3,0,[],,"['50192', '50133', '47198']","[0.5619572401046753, 0.5414635539054871, 0.5342914462089539]","['description', 'description', 'description']"
株洲美的万豪酒店,['5671'],[],merged,1,0,[],,['50133'],[0.42734044790267944],['description']
株洲美的万豪酒店,['5671'],[],merged,3,0,[],,"['50133', '50192', '47272']","[0.42734044790267944, 0.42603152990341187, 0.4103303551673889]","['description', 'title_description', 'title_description']"
栾川酒店,['5671'],[],merged,1,0,[],,['50192'],[0.46151959896087646],['description']
栾川酒店,['5671'],[],merged,3,1,['5671'],3.0,"['50192', '50133', '5671']","[0.46151959896087646, 0.4485885500907898, 0.4153992533683777]","['description', 'description', 'title_description']"
桂林酒店,['5671'],[],merged,1,0,[],,['50192'],[0.5175869464874268],['description']
桂林酒店,['5671'],[],merged,3,1,['5671'],3.0,"['50192', '50133', '5671']","[0.5175869464874268, 0.5056406259536743, 0.48784977197647095]","['description', 'description', 'title_description']"
桃浦酒店,['5671'],[],merged,1,0,[],,['50133'],[0.5249426960945129],['description']
桃浦酒店,['5671'],[],merged,3,0,[],,"['50133', '50192', '47198']","[0.5249426960945129, 0.5109352469444275, 0.5107787847518921]","['description', 'description', 'description']"
武陵山国家森林公园景区周边酒店多少钱住一晚,['5671'],[],merged,1,1,['5671'],1.0,['5671'],[0.5022852420806885],['title_description']
武陵山国家森林公园景区周边酒店多少钱住一晚,['5671'],[],merged,3,1,['5671'],1.0,"['5671', '50192', '50133']","[0.5022852420806885, 0.45233607292175293, 0.4196794033050537]","['title_description', 'description', 'description']"
汉庭酒店住宿价格,['5671'],[],merged,1,0,[],,['50133'],[0.6442659497261047],['description']
汉庭酒店住宿价格,['5671'],[],merged,3,0,[],,"['50133', '50192', '47272']","[0.6442659497261047, 0.6111249923706055, 0.5138262510299683]","['description', 'description', 'title_description']"
江油有哪些宾馆,['5671'],[],merged,1,0,[],,['50192'],[0.5255516767501831],['description']
江油有哪些宾馆,['5671'],[],merged,3,1,['5671'],3.0,"['50192', '50133', '5671']","[0.5255516767501831, 0.5100589990615845, 0.4972633123397827]","['description', 'description', 'title_description']"
江苏扬州全季酒店,['5671'],[],merged,1,0,[],,['50133'],[0.4744180142879486],['description']
江苏扬州全季酒店,['5671'],[],merged,3,1,['5671'],3.0,"['50133', '50192', '5671']","[0.4744180142879486, 0.4600353538990021, 0.425834059715271]","['description', 'title_description', 'title_description']"
江西省宜春市酒店,['5671'],[],merged,1,0,[],,['50192'],[0.49083182215690613],['title_description']
江西省宜春市酒店,['5671'],[],merged,3,1,['5671'],3.0,"['50192', '50133', '5671']","[0.49083182215690613, 0.4856564998626709, 0.44037720561027527]","['title_description', 'title_description', 'title_description']"
沈阳君悦酒店地址,['5671'],[],merged,1,0,[],,['5012'],[0.4479075074195862],['description']
沈阳君悦酒店地址,['5671'],[],merged,3,0,[],,"['5012', '47198', '50133']","[0.4479075074195862, 0.426717609167099, 0.4182700216770172]","['description', 'description', 'description']"
沈阳酒店,['5671'],[],merged,1,0,[],,['50133'],[0.5108916759490967],['description']
沈阳酒店,['5671'],[],merged,3,1,['5671'],3.0,"['50133', '50192', '5671']","[0.5108916759490967, 0.506821870803833, 0.46784836053848267]","['description', 'description', 'title_description']"
海州湾附近酒店,['5671'],[],merged,1,0,[],,['50192'],[0.5120478272438049],['description']
海州湾附近酒店,['5671'],[],merged,3,1,['5671'],3.0,"['50192', '50133', '5671']","[0.5120478272438049, 0.4547446370124817, 0.41791680455207825]","['description', 'description', 'title_description']"
淮北日租公寓,['5671'],[],merged,1,0,[],,['50192'],[0.3743777275085449],['description']
淮北日租公寓,['5671'],[],merged,3,0,[],,"['50192', '47242', '5601']","[0.3743777275085449, 0.35452061891555786, 0.35384392738342285]","['description', 'title_description', 'title_description']"
深圳酒店,['5671'],[],merged,1,0,[],,['50133'],[0.5786957740783691],['description']
深圳酒店,['5671'],[],merged,3,0,[],,"['50133', '50192', '47272']","[0.5786957740783691, 0.5782973766326904, 0.5200190544128418]","['description', 'description', 'title_description']"
温州永嘉县宾馆有哪些,['5671'],[],merged,1,0,[],,['50192'],[0.4747864603996277],['description']
温州永嘉县宾馆有哪些,['5671'],[],merged,3,0,[],,"['50192', '50133', '62106']","[0.4747864603996277, 0.45486289262771606, 0.43875813484191895]","['description', 'description', 'title_description']"
湖北黄石市阳新县有哪些酒店,['5671'],[],merged,1,0,[],,['50192'],[0.5133950710296631],['description']
湖北黄石市阳新县有哪些酒店,['5671'],[],merged,3,1,['5671'],3.0,"['50192', '50133', '5671']","[0.5133950710296631, 0.48816409707069397, 0.42668578028678894]","['description', 'description', 'title_description']"
满洲里住宿推荐,['5671'],[],merged,1,0,[],,['62106'],[0.43123766779899597],['title_description']
满洲里住宿推荐,['5671'],[],merged,3,0,[],,"['62106', '50192', '50133']","[0.43123766779899597, 0.4261804223060608, 0.4257904291152954]","['title_description', 'title_description', 'description']"
澄江酒店,['5671'],[],merged,1,0,[],,['50133'],[0.5214829444885254],['description']
澄江酒店,['5671'],[],merged,3,1,['5671'],3.0,"['50133', '50192', '5671']","[0.5214829444885254, 0.5149825215339661, 0.504751980304718]","['description', 'title_description', 'title_description']"
省级酒店的13,['5671'],[],merged,1,0,[],,['50133'],[0.5755962133407593],['description']
省级酒店的13,['5671'],[],merged,3,1,['5671'],3.0,"['50133', '50192', '5671']","[0.5755962133407593, 0.5648853778839111, 0.4645369052886963]","['description', 'description', 'title_description']"
禾木村住宿,['5671'],[],merged,1,1,['5671'],1.0,['5671'],[0.47282731533050537],['title_description']
禾木村住宿,['5671'],[],merged,3,1,['5671'],1.0,"['5671', '50192', '50133']","[0.47282731533050537, 0.4558767080307007, 0.44596582651138306]","['title_description', 'description', 'description']"
绍兴开元名都大酒店,['5671'],[],merged,1,1,['5671'],1.0,['5671'],[0.4329061508178711],['title_description']
绍兴开元名都大酒店,['5671'],[],merged,3,1,['5671'],1.0,"['5671', '50192', '50133']","[0.4329061508178711, 0.4257725477218628, 0.4189731478691101]","['title_description', 'title_description', 'description']"
维也纳酒店电话号码,['5671'],[],merged,1,0,[],,['50133'],[0.6160508394241333],['description']
维也纳酒店电话号码,['5671'],[],merged,3,0,[],,"['50133', '50192', '5012']","[0.6160508394241333, 0.5670913457870483, 0.5342458486557007]","['description', 'description', 'description']"
苏州如家酒店,['5671'],[],merged,1,0,[],,['50192'],[0.49883589148521423],['description']
苏州如家酒店,['5671'],[],merged,3,0,[],,"['50192', '50133', '47198']","[0.49883589148521423, 0.49724629521369934, 0.4123265743255615]","['description', 'description', 'description']"
虎门的酒店有哪些,['5671'],[],merged,1,0,[],,['50192'],[0.6106704473495483],['description']
虎门的酒店有哪些,['5671'],[],merged,3,1,['5671'],3.0,"['50192', '50133', '5671']","[0.6106704473495483, 0.591720700263977, 0.5298738479614258]","['description', 'description', 'title_description']"
衢州全季酒店,['5671'],[],merged,1,0,[],,['50133'],[0.44778358936309814],['description']
衢州全季酒店,['5671'],[],merged,3,1,['5671'],3.0,"['50133', '50192', '5671']","[0.44778358936309814, 0.440022349357605, 0.4145784378051758]","['description', 'description', 'title_description']"
西双版纳的酒店,['5671'],[],merged,1,0,[],,['50133'],[0.5459263920783997],['description']
西双版纳的酒店,['5671'],[],merged,3,1,['5671'],3.0,"['50133', '50192', '5671']","[0.5459263920783997, 0.5246152877807617, 0.4988647997379303]","['description', 'description', 'title_description']"
西宁宾馆价格,['5671'],[],merged,1,0,[],,['50192'],[0.5832605361938477],['description']
西宁宾馆价格,['5671'],[],merged,3,1,['5671'],3.0,"['50192', '50133', '5671']","[0.5832605361938477, 0.57811439037323, 0.5180302858352661]","['description', 'description', 'title_description']"
西安博物馆附近的酒店,['5671'],[],merged,1,0,[],,['50192'],[0.6259056329727173],['description']
西安博物馆附近的酒店,['5671'],[],merged,3,1,['5671'],3.0,"['50192', '50133', '5671']","[0.6259056329727173, 0.5406540632247925, 0.4825194776058197]","['description', 'description', 'title_description']"
貴阳机场附近的酒店,['5671'],[],merged,1,0,[],,['50192'],[0.6188912391662598],['description']
貴阳机场附近的酒店,['5671'],[],merged,3,1,['5671'],3.0,"['50192', '50133', '5671']","[0.6188912391662598, 0.5509782433509827, 0.5152032375335693]","['description', 'description', 'title_description']"
贵阳市区的维也纳酒店,['5671'],[],merged,1,0,[],,['50192'],[0.5369298458099365],['description']
贵阳市区的维也纳酒店,['5671'],[],merged,3,0,[],,"['50192', '50133', '47198']","[0.5369298458099365, 0.529731273651123, 0.4785587787628174]","['description', 'description', 'description']"
贵阳高铁站附近酒店,['5671'],[],merged,1,0,[],,['50192'],[0.4859086871147156],['description']
贵阳高铁站附近酒店,['5671'],[],merged,3,0,[],,"['50192', '5851', '50133']","[0.4859086871147156, 0.4671850800514221, 0.4344426393508911]","['description', 'description', 'description']"
费县酒店,['5671'],[],merged,1,0,[],,['50133'],[0.46331074833869934],['description']
费县酒店,['5671'],[],merged,3,1,['5671'],3.0,"['50133', '50192', '5671']","[0.46331074833869934, 0.4574662446975708, 0.41303396224975586]","['description', 'description', 'title_description']"
赤水大瀑布游客中心附近住宿,['5671'],[],merged,1,0,[],,['50192'],[0.4690842628479004],['title_description']
赤水大瀑布游客中心附近住宿,['5671'],[],merged,3,1,['5671'],2.0,"['50192', '5671', '50133']","[0.4690842628479004, 0.42962148785591125, 0.41280144453048706]","['title_description', 'title_description', 'description']"
邢台民宿,['5671'],[],merged,1,1,['5671'],1.0,['5671'],[0.4550436735153198],['title_description']
邢台民宿,['5671'],[],merged,3,1,['5671'],1.0,"['5671', '62106', '50192']","[0.4550436735153198, 0.41031694412231445, 0.38612473011016846]","['title_description', 'title_description', 'description']"
那拉提镇住宿推荐,['5671'],[],merged,1,1,['5671'],1.0,['5671'],[0.4452663064002991],['title_description']
那拉提镇住宿推荐,['5671'],[],merged,3,1,['5671'],1.0,"['5671', '50192', '62106']","[0.4452663064002991, 0.4343559145927429, 0.4343428611755371]","['title_description', 'description', 'title_description']"
都江堰附近酒店推荐,['5671'],[],merged,1,0,[],,['50192'],[0.5587421655654907],['description']
都江堰附近酒店推荐,['5671'],[],merged,3,1,['5671'],3.0,"['50192', '50133', '5671']","[0.5587421655654907, 0.5068487524986267, 0.4701599180698395]","['description', 'description', 'title_description']"
重庆有浴缸的酒店一般多少钱,['5671'],[],merged,1,0,[],,['50192'],[0.49116039276123047],['description']
重庆有浴缸的酒店一般多少钱,['5671'],[],merged,3,0,[],,"['50192', '50133', '60338']","[0.49116039276123047, 0.47462689876556396, 0.43252378702163696]","['description', 'description', 'description']"
重庆江北区全季酒店,['5671'],[],merged,1,0,[],,['50133'],[0.46586114168167114],['title_description']
重庆江北区全季酒店,['5671'],[],merged,3,0,[],,"['50133', '50192', '47198']","[0.46586114168167114, 0.460945188999176, 0.3843117952346802]","['title_description', 'title_description', 'description']"
重庆西南医院附近酒店有哪些,['5671'],[],merged,1,0,[],,['50192'],[0.5546735525131226],['description']
重庆西南医院附近酒店有哪些,['5671'],[],merged,3,0,[],,"['50192', '50133', '47198']","[0.5546735525131226, 0.5074789524078369, 0.454925537109375]","['description', 'description', 'description']"
锦江之星酒店,['5671'],[],merged,1,0,[],,['50133'],[0.5432430505752563],['description']
锦江之星酒店,['5671'],[],merged,3,0,[],,"['50133', '50192', '47272']","[0.5432430505752563, 0.5172091722488403, 0.48816606402397156]","['description', 'description', 'title_description']"
长沙五一广场附近的酒店,['5671'],[],merged,1,0,[],,['50192'],[0.5390975475311279],['description']
长沙五一广场附近的酒店,['5671'],[],merged,3,0,[],,"['50192', '50133', '47198']","[0.5390975475311279, 0.4648100733757019, 0.42521995306015015]","['description', 'description', 'description']"
长沙亲子酒店推荐,['5671'],[],merged,1,0,[],,['50192'],[0.5107110142707825],['description']
长沙亲子酒店推荐,['5671'],[],merged,3,1,['5671'],3.0,"['50192', '50133', '5671']","[0.5107110142707825, 0.4588208496570587, 0.41323041915893555]","['description', 'description', 'title_description']"
长沙国防科技大学附近宾馆有哪些,['5671'],[],merged,1,0,[],,['50192'],[0.5316630601882935],['description']
长沙国防科技大学附近宾馆有哪些,['5671'],[],merged,3,0,[],,"['50192', '50133', '47198']","[0.5316630601882935, 0.4709167182445526, 0.462275892496109]","['description', 'description', 'description']"
长沙市的汉庭酒店在哪里,['5671'],[],merged,1,0,[],,['50192'],[0.5876476168632507],['description']
长沙市的汉庭酒店在哪里,['5671'],[],merged,3,0,[],,"['50192', '50133', '47198']","[0.5876476168632507, 0.5765597820281982, 0.5521823167800903]","['description', 'description', 'description']"
阜阳市第三中学附近的宾馆,['5671'],[],merged,1,0,[],,['50192'],[0.48733246326446533],['description']
阜阳市第三中学附近的宾馆,['5671'],[],merged,3,0,[],,"['50192', '50133', '47198']","[0.48733246326446533, 0.4366472363471985, 0.43201306462287903]","['description', 'description', 'description']"
附近旅馆住宿50元,['5671'],[],merged,1,0,[],,['50192'],[0.6051755547523499],['description']
附近旅馆住宿50元,['5671'],[],merged,3,0,[],,"['50192', '50133', '47198']","[0.6051755547523499, 0.5466508865356445, 0.5416810512542725]","['description', 'description', 'description']"
附近有宾馆在哪里,['5671'],[],merged,1,0,[],,['50192'],[0.7154176235198975],['description']
附近有宾馆在哪里,['5671'],[],merged,3,0,[],,"['50192', '50133', '47198']","[0.7154176235198975, 0.6344941854476929, 0.629804253578186]","['description', 'description', 'description']"
附近民宿推荐,['5671'],[],merged,1,0,[],,['50192'],[0.5950388312339783],['description']
附近民宿推荐,['5671'],[],merged,3,1,['5671'],2.0,"['50192', '5671', '47198']","[0.5950388312339783, 0.5855227708816528, 0.5841739177703857]","['description', 'title_description', 'description']"
附近洒店住宿小店区,['5671'],[],merged,1,0,[],,['50192'],[0.4924384355545044],['title_description']
附近洒店住宿小店区,['5671'],[],merged,3,0,[],,"['50192', '47198', '50133']","[0.4924384355545044, 0.4790492653846741, 0.4345754384994507]","['title_description', 'description', 'description']"
陕西60元一天三餐民宿,['5671'],[],merged,1,0,[],,['50192'],[0.4150283932685852],['description']
陕西60元一天三餐民宿,['5671'],[],merged,3,1,['5671'],2.0,"['50192', '5671', '50133']","[0.4150283932685852, 0.3975962996482849, 0.3930763006210327]","['description', 'title_description', 'description']"
陵川县住宿,['5671'],[],merged,1,1,['5671'],1.0,['5671'],[0.40780770778656006],['title_description']
陵川县住宿,['5671'],[],merged,3,1,['5671'],1.0,"['5671', '50192', '50133']","[0.40780770778656006, 0.4019063115119934, 0.3741358518600464]","['title_description', 'title_description', 'description']"
青岛五四广场附近的酒店,['5671'],[],merged,1,0,[],,['50192'],[0.5215231776237488],['description']
青岛五四广场附近的酒店,['5671'],[],merged,3,0,[],,"['50192', '50133', '47198']","[0.5215231776237488, 0.4727460741996765, 0.44590452313423157]","['description', 'description', 'description']"
靖宇县政府附近的酒店,['5671'],[],merged,1,0,[],,['50192'],[0.4509737193584442],['description']
靖宇县政府附近的酒店,['5671'],[],merged,3,1,['5671'],3.0,"['50192', '50133', '5671']","[0.4509737193584442, 0.41362208127975464, 0.37069326639175415]","['description', 'description', 'title_description']"
301医院附近的住宿酒店,['5671'],[],title_description,1,0,[],,['50192'],[0.5241941213607788],['title_description']
301医院附近的住宿酒店,['5671'],[],title_description,3,1,['5671'],3.0,"['50192', '50133', '5671']","[0.5241941213607788, 0.48439252376556396, 0.40313205122947693]","['title_description', 'title_description', 'title_description']"
7天酒店,['5671'],[],title_description,1,0,[],,['50133'],[0.534119725227356],['title_description']
7天酒店,['5671'],[],title_description,3,0,[],,"['50133', '50192', '47272']","[0.534119725227356, 0.525215744972229, 0.45920851826667786]","['title_description', 'title_description', 'title_description']"
七里坪民宿出租信息,['5671'],[],title_description,1,1,['5671'],1.0,['5671'],[0.3576866090297699],['title_description']
七里坪民宿出租信息,['5671'],[],title_description,3,1,['5671'],1.0,"['5671', '50133', '50192']","[0.3576866090297699, 0.33843886852264404, 0.3352099657058716]","['title_description', 'title_description', 'title_description']"
万达广场附近的酒店有哪些,['5671'],[],title_description,1,0,[],,['50192'],[0.6247531771659851],['title_description']
万达广场附近的酒店有哪些,['5671'],[],title_description,3,1,['5671'],3.0,"['50192', '50133', '5671']","[0.6247531771659851, 0.532046914100647, 0.5224770307540894]","['title_description', 'title_description', 'title_description']"
上海东方明珠附近的酒店,['5671'],[],title_description,1,0,[],,['50192'],[0.5448737740516663],['title_description']
上海东方明珠附近的酒店,['5671'],[],title_description,3,1,['5671'],3.0,"['50192', '50133', '5671']","[0.5448737740516663, 0.4869719445705414, 0.4358069598674774]","['title_description', 'title_description', 'title_description']"
上海娄山关路地铁口附近的酒店,['5671'],[],title_description,1,0,[],,['50192'],[0.46229228377342224],['title_description']
上海娄山关路地铁口附近的酒店,['5671'],[],title_description,3,0,[],,"['50192', '50133', '47266']","[0.46229228377342224, 0.45387405157089233, 0.36795347929000854]","['title_description', 'title_description', 'title_description']"
上海市一医院附近的酒店,['5671'],[],title_description,1,0,[],,['50192'],[0.5408957600593567],['title_description']
上海市一医院附近的酒店,['5671'],[],title_description,3,1,['5671'],3.0,"['50192', '50133', '5671']","[0.5408957600593567, 0.5152702331542969, 0.45778775215148926]","['title_description', 'title_description', 'title_description']"
上海站附近宾馆价格,['5671'],[],title_description,1,0,[],,['50192'],[0.5476549863815308],['title_description']
上海站附近宾馆价格,['5671'],[],title_description,3,0,[],,"['50192', '60872', '47266']","[0.5476549863815308, 0.5267531871795654, 0.5128796100616455]","['title_description', 'title_description', 'title_description']"
上海锦江都城酒店怎么样,['5671'],[],title_description,1,0,[],,['50133'],[0.5054538249969482],['title_description']
上海锦江都城酒店怎么样,['5671'],[],title_description,3,0,[],,"['50133', '50192', '47272']","[0.5054538249969482, 0.5051468014717102, 0.46555954217910767]","['title_description', 'title_description', 'title_description']"
上海香格里拉酒店,['5671'],[],title_description,1,0,[],,['50133'],[0.45261824131011963],['title_description']
上海香格里拉酒店,['5671'],[],title_description,3,0,[],,"['50133', '50192', '47272']","[0.45261824131011963, 0.44468098878860474, 0.42319682240486145]","['title_description', 'title_description', 'title_description']"
东昌湖附近民宿推荐,['5671'],[],title_description,1,1,['5671'],1.0,['5671'],[0.3991956114768982],['title_description']
东昌湖附近民宿推荐,['5671'],[],title_description,3,1,['5671'],1.0,"['5671', '50192', '62106']","[0.3991956114768982, 0.3937005400657654, 0.3527831733226776]","['title_description', 'title_description', 'title_description']"
东站附近的酒店,['5671'],[],title_description,1,0,[],,['50192'],[0.5928127765655518],['title_description']
东站附近的酒店,['5671'],[],title_description,3,0,[],,"['50192', '50133', '60872']","[0.5928127765655518, 0.5318547487258911, 0.4989762306213379]","['title_description', 'title_description', 'title_description']"
乌鲁木齐天山机场附近的酒店,['5671'],[],title_description,1,0,[],,['50192'],[0.5224218368530273],['title_description']
乌鲁木齐天山机场附近的酒店,['5671'],[],title_description,3,1,['5671'],3.0,"['50192', '50133', '5671']","[0.5224218368530273, 0.4865766763687134, 0.45998507738113403]","['title_description', 'title_description', 'title_description']"
乌鲁木齐附近酒店,['5671'],[],title_description,1,0,[],,['50192'],[0.5240247249603271],['title_description']
乌鲁木齐附近酒店,['5671'],[],title_description,3,1,['5671'],3.0,"['50192', '50133', '5671']","[0.5240247249603271, 0.46489620208740234, 0.4407214820384979]","['title_description', 'title_description', 'title_description']"
九寨沟酒店,['5671'],[],title_description,1,0,[],,['50192'],[0.47187066078186035],['title_description']
九寨沟酒店,['5671'],[],title_description,3,1,['5671'],3.0,"['50192', '50133', '5671']","[0.47187066078186035, 0.46762269735336304, 0.43774163722991943]","['title_description', 'title_description', 'title_description']"
亚朵酒店的地址,['5671'],[],title_description,1,0,[],,['50192'],[0.5862643718719482],['title_description']
亚朵酒店的地址,['5671'],[],title_description,3,1,['5671'],3.0,"['50192', '50133', '5671']","[0.5862643718719482, 0.5523502826690674, 0.5505030751228333]","['title_description', 'title_description', 'title_description']"
伊宁机场附近的酒店,['5671'],[],title_description,1,0,[],,['50192'],[0.533812940120697],['title_description']
伊宁机场附近的酒店,['5671'],[],title_description,3,0,[],,"['50192', '50133', '60868']","[0.533812940120697, 0.49807024002075195, 0.45203477144241333]","['title_description', 'title_description', 'title_description']"
保定希尔顿酒店,['5671'],[],title_description,1,0,[],,['50192'],[0.48831284046173096],['title_description']
保定希尔顿酒店,['5671'],[],title_description,3,0,[],,"['50192', '50133', '60874']","[0.48831284046173096, 0.4713764190673828, 0.4553569257259369]","['title_description', 'title_description', 'title_description']"
兰州火车站附近的宾馆住宿有哪些,['5671'],[],title_description,1,0,[],,['50192'],[0.5268756747245789],['title_description']
兰州火车站附近的宾馆住宿有哪些,['5671'],[],title_description,3,1,['5671'],3.0,"['50192', '50133', '5671']","[0.5268756747245789, 0.4718574285507202, 0.45771554112434387]","['title_description', 'title_description', 'title_description']"
动物园酒店,['5671'],[],title_description,1,1,['5671'],1.0,['5671'],[0.568636417388916],['title_description']
动物园酒店,['5671'],[],title_description,3,1,['5671'],1.0,"['5671', '47242', '50192']","[0.568636417388916, 0.4961440861225128, 0.4834616184234619]","['title_description', 'title_description', 'title_description']"
北京北三环宾馆,['5671'],[],title_description,1,0,[],,['50133'],[0.4842155873775482],['title_description']
北京北三环宾馆,['5671'],[],title_description,3,0,[],,"['50133', '50192', '47242']","[0.4842155873775482, 0.4826917052268982, 0.4205772280693054]","['title_description', 'title_description', 'title_description']"
北京协和医院附近的宾馆,['5671'],[],title_description,1,0,[],,['50192'],[0.5457097291946411],['title_description']
北京协和医院附近的宾馆,['5671'],[],title_description,3,0,[],,"['50192', '50133', '47242']","[0.5457097291946411, 0.49693563580513, 0.4309580326080322]","['title_description', 'title_description', 'title_description']"
北京团结湖附近的酒店有哪些,['5671'],[],title_description,1,0,[],,['50192'],[0.5877025723457336],['title_description']
北京团结湖附近的酒店有哪些,['5671'],[],title_description,3,1,['5671'],3.0,"['50192', '50133', '5671']","[0.5877025723457336, 0.5514916181564331, 0.4679134488105774]","['title_description', 'title_description', 'title_description']"
北京如家酒店,['5671'],[],title_description,1,0,[],,['50133'],[0.5639048218727112],['title_description']
北京如家酒店,['5671'],[],title_description,3,0,[],,"['50133', '50192', '47242']","[0.5639048218727112, 0.5524362325668335, 0.49685293436050415]","['title_description', 'title_description', 'title_description']"
北京市西城区宾馆住宿,['5671'],[],title_description,1,0,[],,['50133'],[0.523606538772583],['title_description']
北京市西城区宾馆住宿,['5671'],[],title_description,3,1,['5671'],3.0,"['50133', '50192', '5671']","[0.523606538772583, 0.5084488391876221, 0.4770053029060364]","['title_description', 'title_description', 'title_description']"
北京王府井大街酒店,['5671'],[],title_description,1,0,[],,['50133'],[0.5595462322235107],['title_description']
北京王府井大街酒店,['5671'],[],title_description,3,0,[],,"['50133', '50192', '47242']","[0.5595462322235107, 0.545689582824707, 0.453142374753952]","['title_description', 'title_description', 'title_description']"
北戴河附近的酒店,['5671'],[],title_description,1,0,[],,['50192'],[0.5638370513916016],['title_description']
北戴河附近的酒店,['5671'],[],title_description,3,1,['5671'],3.0,"['50192', '50133', '5671']","[0.5638370513916016, 0.49710559844970703, 0.4360607862472534]","['title_description', 'title_description', 'title_description']"
十堰市城区宾馆有哪些酒店,['5671'],[],title_description,1,0,[],,['50192'],[0.5528562664985657],['title_description']
十堰市城区宾馆有哪些酒店,['5671'],[],title_description,3,0,[],,"['50192', '50133', '47272']","[0.5528562664985657, 0.5163723230361938, 0.4739857316017151]","['title_description', 'title_description', 'title_description']"
华天大酒店,['5671'],[],title_description,1,0,[],,['50133'],[0.546754002571106],['title_description']
华天大酒店,['5671'],[],title_description,3,0,[],,"['50133', '50192', '47272']","[0.546754002571106, 0.5392277836799622, 0.5113481283187866]","['title_description', 'title_description', 'title_description']"
南京南站附近的酒店有哪些,['5671'],[],title_description,1,0,[],,['50192'],[0.5715908408164978],['title_description']
南京南站附近的酒店有哪些,['5671'],[],title_description,3,1,['5671'],3.0,"['50192', '50133', '5671']","[0.5715908408164978, 0.5014692544937134, 0.47347620129585266]","['title_description', 'title_description', 'title_description']"
南京酒店,['5671'],[],title_description,1,0,[],,['50192'],[0.5629153251647949],['title_description']
南京酒店,['5671'],[],title_description,3,1,['5671'],2.0,"['50192', '5671', '50133']","[0.5629153251647949, 0.5357580184936523, 0.5337018370628357]","['title_description', 'title_description', 'title_description']"
南宁桔子酒店,['5671'],[],title_description,1,0,[],,['50192'],[0.4993377923965454],['title_description']
南宁桔子酒店,['5671'],[],title_description,3,0,[],,"['50192', '50133', '47272']","[0.4993377923965454, 0.478630930185318, 0.43312370777130127]","['title_description', 'title_description', 'title_description']"
南洲路有那些酒店,['5671'],[],title_description,1,0,[],,['50192'],[0.5528594255447388],['title_description']
南洲路有那些酒店,['5671'],[],title_description,3,0,[],,"['50192', '50133', '47190']","[0.5528594255447388, 0.5175140500068665, 0.5090912580490112]","['title_description', 'title_description', 'title_description']"
南通五星级酒店有几家,['5671'],[],title_description,1,0,[],,['50192'],[0.4870396554470062],['title_description']
南通五星级酒店有几家,['5671'],[],title_description,3,0,[],,"['50192', '50133', '47198']","[0.4870396554470062, 0.459341824054718, 0.41891372203826904]","['title_description', 'title_description', 'title_description']"
南通哪些酒店比较好,['5671'],[],title_description,1,0,[],,['50192'],[0.556675136089325],['title_description']
南通哪些酒店比较好,['5671'],[],title_description,3,0,[],,"['50192', '50133', '62106']","[0.556675136089325, 0.5110833048820496, 0.4759092926979065]","['title_description', 'title_description', 'title_description']"
厦门酒店,['5671'],[],title_description,1,0,[],,['50192'],[0.5362003445625305],['title_description']
厦门酒店,['5671'],[],title_description,3,1,['5671'],3.0,"['50192', '50133', '5671']","[0.5362003445625305, 0.5349875688552856, 0.5056508779525757]","['title_description', 'title_description', 'title_description']"
吉安住宿,['5671'],[],title_description,1,0,[],,['62106'],[0.4935297667980194],['title_description']
吉安住宿,['5671'],[],title_description,3,1,['5671'],2.0,"['62106', '5671', '50192']","[0.4935297667980194, 0.4880056381225586, 0.48030737042427063]","['title_description', 'title_description', 'title_description']"
君澜酒店地址,['5671'],[],title_description,1,0,[],,['50133'],[0.4615108370780945],['title_description']
君澜酒店地址,['5671'],[],title_description,3,1,['5671'],3.0,"['50133', '50192', '5671']","[0.4615108370780945, 0.4493767321109772, 0.44037967920303345]","['title_description', 'title_description', 'title_description']"
哈尔滨火车站附近的宾馆,['5671'],[],title_description,1,0,[],,['50192'],[0.5011858940124512],['title_description']
哈尔滨火车站附近的宾馆,['5671'],[],title_description,3,0,[],,"['50192', '50133', '60872']","[0.5011858940124512, 0.4571816921234131, 0.43130025267601013]","['title_description', 'title_description', 'title_description']"
四姑娘山镇住宿,['5671'],[],title_description,1,1,['5671'],1.0,['5671'],[0.3866884708404541],['title_description']
四姑娘山镇住宿,['5671'],[],title_description,3,1,['5671'],1.0,"['5671', '50192', '62106']","[0.3866884708404541, 0.3552773594856262, 0.3545181155204773]","['title_description', 'title_description', 'title_description']"
坎山七天连锁酒店在哪里,['5671'],[],title_description,1,0,[],,['47242'],[0.47334545850753784],['title_description']
坎山七天连锁酒店在哪里,['5671'],[],title_description,3,1,['5671'],2.0,"['47242', '5671', '50192']","[0.47334545850753784, 0.45803701877593994, 0.4445781707763672]","['title_description', 'title_description', 'title_description']"
夏县泗交避暑山庄住宿,['5671'],[],title_description,1,1,['5671'],1.0,['5671'],[0.3495735824108124],['title_description']
夏县泗交避暑山庄住宿,['5671'],[],title_description,3,1,['5671'],1.0,"['5671', '62106', '62306']","[0.3495735824108124, 0.32676422595977783, 0.3172937035560608]","['title_description', 'title_description', 'title_description']"
大兴机场附近的酒店,['5671'],[],title_description,1,0,[],,['50192'],[0.6206732988357544],['title_description']
大兴机场附近的酒店,['5671'],[],title_description,3,1,['5671'],3.0,"['50192', '50133', '5671']","[0.6206732988357544, 0.5662330985069275, 0.51431804895401]","['title_description', 'title_description', 'title_description']"
大同民宿,['5671'],[],title_description,1,1,['5671'],1.0,['5671'],[0.35297948122024536],['title_description']
大同民宿,['5671'],[],title_description,3,1,['5671'],1.0,"['5671', '50192', '50133']","[0.35297948122024536, 0.3396993577480316, 0.32378605008125305]","['title_description', 'title_description', 'title_description']"
大连市维也纳酒店,['5671'],[],title_description,1,0,[],,['50192'],[0.5241755247116089],['title_description']
大连市维也纳酒店,['5671'],[],title_description,3,0,[],,"['50192', '50133', '47272']","[0.5241755247116089, 0.5182166695594788, 0.47213926911354065]","['title_description', 'title_description', 'title_description']"
大连旅游在哪里住方便,['5671'],[],title_description,1,1,['5671'],1.0,['5671'],[0.502983033657074],['title_description']
大连旅游在哪里住方便,['5671'],[],title_description,3,1,['5671'],1.0,"['5671', '62106', '50192']","[0.502983033657074, 0.48430705070495605, 0.4690176844596863]","['title_description', 'title_description', 'title_description']"
大雁塔周围住宿哪里好,['5671'],[],title_description,1,0,[],,['50192'],[0.5502190589904785],['title_description']
大雁塔周围住宿哪里好,['5671'],[],title_description,3,1,['5671'],2.0,"['50192', '5671', '50133']","[0.5502190589904785, 0.47230127453804016, 0.4561993479728699]","['title_description', 'title_description', 'title_description']"
天津奥体中心附近酒店,['5671'],[],title_description,1,0,[],,['50192'],[0.4966992139816284],['title_description']
天津奥体中心附近酒店,['5671'],[],title_description,3,1,['5671'],3.0,"['50192', '50133', '5671']","[0.4966992139816284, 0.4472197890281677, 0.41060662269592285]","['title_description', 'title_description', 'title_description']"
天目山农家乐天目山吉缘山庄不错,['5671'],[],title_description,1,1,['5671'],1.0,['5671'],[0.36819988489151],['title_description']
天目山农家乐天目山吉缘山庄不错,['5671'],[],title_description,3,1,['5671'],1.0,"['5671', '62106', '61111']","[0.36819988489151, 0.3350062370300293, 0.32672959566116333]","['title_description', 'title_description', 'title_description']"
太原市汉庭酒店,['5671'],[],title_description,1,0,[],,['50192'],[0.5054806470870972],['title_description']
太原市汉庭酒店,['5671'],[],title_description,3,0,[],,"['50192', '50133', '47242']","[0.5054806470870972, 0.4872412383556366, 0.4532114565372467]","['title_description', 'title_description', 'title_description']"
如家酒店,['5671'],[],title_description,1,0,[],,['50192'],[0.556557297706604],['title_description']
如家酒店,['5671'],[],title_description,3,0,[],,"['50192', '50133', '47272']","[0.556557297706604, 0.5541046857833862, 0.5223269462585449]","['title_description', 'title_description', 'title_description']"
如家酒店住一晚多少钱,['5671'],[],title_description,1,0,[],,['50133'],[0.544916570186615],['title_description']
如家酒店住一晚多少钱,['5671'],[],title_description,3,0,[],,"['50133', '50192', '60540']","[0.544916570186615, 0.51575767993927, 0.4684045910835266]","['title_description', 'title_description', 'title_description']"
如皋皇冠假日酒店,['5671'],[],title_description,1,0,[],,['50192'],[0.4279085099697113],['title_description']
如皋皇冠假日酒店,['5671'],[],title_description,3,1,['5671'],3.0,"['50192', '50133', '5671']","[0.4279085099697113, 0.4219103753566742, 0.39348822832107544]","['title_description', 'title_description', 'title_description']"
威海民宿,['5671'],[],title_description,1,1,['5671'],1.0,['5671'],[0.4442143738269806],['title_description']
威海民宿,['5671'],[],title_description,3,1,['5671'],1.0,"['5671', '62106', '62306']","[0.4442143738269806, 0.41351795196533203, 0.3839167058467865]","['title_description', 'title_description', 'title_description']"
宁波鄞州区的宾馆,['5671'],[],title_description,1,0,[],,['50192'],[0.4861721396446228],['title_description']
宁波鄞州区的宾馆,['5671'],[],title_description,3,1,['5671'],3.0,"['50192', '50133', '5671']","[0.4861721396446228, 0.46439772844314575, 0.43985801935195923]","['title_description', 'title_description', 'title_description']"
安吉度假酒店,['5671'],[],title_description,1,1,['5671'],1.0,['5671'],[0.5121837258338928],['title_description']
安吉度假酒店,['5671'],[],title_description,3,1,['5671'],1.0,"['5671', '50133', '50192']","[0.5121837258338928, 0.5014758706092834, 0.5007556676864624]","['title_description', 'title_description', 'title_description']"
山河镇宾馆,['5671'],[],title_description,1,0,[],,['50192'],[0.46518808603286743],['title_description']
山河镇宾馆,['5671'],[],title_description,3,1,['5671'],3.0,"['50192', '50133', '5671']","[0.46518808603286743, 0.4574821889400482, 0.45634251832962036]","['title_description', 'title_description', 'title_description']"
巩义长途汽车站附近民宿推荐一下,['5671'],[],title_description,1,0,[],,['60874'],[0.4374905228614807],['title_description']
巩义长途汽车站附近民宿推荐一下,['5671'],[],title_description,3,0,[],,"['60874', '5851', '50192']","[0.4374905228614807, 0.39715081453323364, 0.3934991955757141]","['title_description', 'title_description', 'title_description']"
巴塘住宿,['5671'],[],title_description,1,1,['5671'],1.0,['5671'],[0.4551481604576111],['title_description']
巴塘住宿,['5671'],[],title_description,3,1,['5671'],1.0,"['5671', '50192', '47242']","[0.4551481604576111, 0.4271968603134155, 0.4195379614830017]","['title_description', 'title_description', 'title_description']"
广州公寓,['5671'],[],title_description,1,0,[],,['47242'],[0.528915524482727],['title_description']
广州公寓,['5671'],[],title_description,3,0,[],,"['47242', '47266', '62106']","[0.528915524482727, 0.495743066072464, 0.48373574018478394]","['title_description', 'title_description', 'title_description']"
广州市五星级酒店有哪些,['5671'],[],title_description,1,0,[],,['50192'],[0.5062498450279236],['title_description']
广州市五星级酒店有哪些,['5671'],[],title_description,3,0,[],,"['50192', '50133', '47272']","[0.5062498450279236, 0.5002684593200684, 0.45496976375579834]","['title_description', 'title_description', 'title_description']"
度尾市场旁边酒店。,['5671'],[],title_description,1,0,[],,['50192'],[0.5220562219619751],['title_description']
度尾市场旁边酒店。,['5671'],[],title_description,3,1,['5671'],3.0,"['50192', '50133', '5671']","[0.5220562219619751, 0.48084720969200134, 0.44061899185180664]","['title_description', 'title_description', 'title_description']"
建水东门附近的酒店,['5671'],[],title_description,1,0,[],,['50192'],[0.4635084569454193],['title_description']
建水东门附近的酒店,['5671'],[],title_description,3,1,['5671'],3.0,"['50192', '50133', '5671']","[0.4635084569454193, 0.43480658531188965, 0.4304937720298767]","['title_description', 'title_description', 'title_description']"
开元名庭酒店地址,['5671'],[],title_description,1,0,[],,['47242'],[0.5148664116859436],['title_description']
开元名庭酒店地址,['5671'],[],title_description,3,0,[],,"['47242', '50133', '50192']","[0.5148664116859436, 0.5131551027297974, 0.5003874897956848]","['title_description', 'title_description', 'title_description']"
开封清明上河园附近酒店,['5671'],[],title_description,1,0,[],,['50192'],[0.500914990901947],['title_description']
开封清明上河园附近酒店,['5671'],[],title_description,3,1,['5671'],2.0,"['50192', '5671', '50133']","[0.500914990901947, 0.45524081587791443, 0.44089192152023315]","['title_description', 'title_description', 'title_description']"
徐水住宿,['5671'],[],title_description,1,0,[],,['50192'],[0.4115268588066101],['title_description']
徐水住宿,['5671'],[],title_description,3,1,['5671'],3.0,"['50192', '60874', '5671']","[0.4115268588066101, 0.40689101815223694, 0.3847987651824951]","['title_description', 'title_description', 'title_description']"
情侣酒店,['5671'],[],title_description,1,0,[],,['50192'],[0.49083662033081055],['title_description']
情侣酒店,['5671'],[],title_description,3,1,['5671'],3.0,"['50192', '50133', '5671']","[0.49083662033081055, 0.4794330596923828, 0.44454196095466614]","['title_description', 'title_description', 'title_description']"
成都市武侯区酒店,['5671'],[],title_description,1,0,[],,['50133'],[0.503794252872467],['title_description']
成都市武侯区酒店,['5671'],[],title_description,3,0,[],,"['50133', '50192', '47272']","[0.503794252872467, 0.5024734735488892, 0.4513038098812103]","['title_description', 'title_description', 'title_description']"
无锡格林豪泰酒店,['5671'],[],title_description,1,0,[],,['50192'],[0.45346808433532715],['title_description']
无锡格林豪泰酒店,['5671'],[],title_description,3,1,['5671'],3.0,"['50192', '50133', '5671']","[0.45346808433532715, 0.4228896498680115, 0.4187983274459839]","['title_description', 'title_description', 'title_description']"
日照农家乐民宿推荐,['5671'],[],title_description,1,1,['5671'],1.0,['5671'],[0.4225198030471802],['title_description']
日照农家乐民宿推荐,['5671'],[],title_description,3,1,['5671'],1.0,"['5671', '62106', '62306']","[0.4225198030471802, 0.4144381880760193, 0.39640313386917114]","['title_description', 'title_description', 'title_description']"
日照站附近的酒店有哪些,['5671'],[],title_description,1,0,[],,['50192'],[0.5575332641601562],['title_description']
日照站附近的酒店有哪些,['5671'],[],title_description,3,1,['5671'],2.0,"['50192', '5671', '60872']","[0.5575332641601562, 0.5123770236968994, 0.5099302530288696]","['title_description', 'title_description', 'title_description']"
日照酒店住宿推荐,['5671'],[],title_description,1,0,[],,['62106'],[0.5148943662643433],['title_description']
日照酒店住宿推荐,['5671'],[],title_description,3,1,['5671'],3.0,"['62106', '50192', '5671']","[0.5148943662643433, 0.5093861222267151, 0.5061397552490234]","['title_description', 'title_description', 'title_description']"
昆明南站附近的酒店,['5671'],[],title_description,1,0,[],,['50192'],[0.5089916586875916],['title_description']
昆明南站附近的酒店,['5671'],[],title_description,3,1,['5671'],2.0,"['50192', '5671', '47242']","[0.5089916586875916, 0.46133702993392944, 0.4606375992298126]","['title_description', 'title_description', 'title_description']"
昆明滇池附近的酒店,['5671'],[],title_description,1,0,[],,['50192'],[0.563194751739502],['title_description']
昆明滇池附近的酒店,['5671'],[],title_description,3,1,['5671'],3.0,"['50192', '50133', '5671']","[0.563194751739502, 0.5074613094329834, 0.49149274826049805]","['title_description', 'title_description', 'title_description']"
景德镇民宿,['5671'],[],title_description,1,1,['5671'],1.0,['5671'],[0.5050331354141235],['title_description']
景德镇民宿,['5671'],[],title_description,3,1,['5671'],1.0,"['5671', '62106', '62306']","[0.5050331354141235, 0.45832955837249756, 0.44357770681381226]","['title_description', 'title_description', 'title_description']"
曾家山民宿价格一览表,['5671'],[],title_description,1,1,['5671'],1.0,['5671'],[0.4343077838420868],['title_description']
曾家山民宿价格一览表,['5671'],[],title_description,3,1,['5671'],1.0,"['5671', '47272', '50133']","[0.4343077838420868, 0.3786025047302246, 0.3773864507675171]","['title_description', 'title_description', 'title_description']"
本溪住宿,['5671'],[],title_description,1,0,[],,['50192'],[0.45547306537628174],['title_description']
本溪住宿,['5671'],[],title_description,3,1,['5671'],3.0,"['50192', '50133', '5671']","[0.45547306537628174, 0.42695096135139465, 0.40390050411224365]","['title_description', 'title_description', 'title_description']"
杜尔伯特宾馆,['5671'],[],title_description,1,0,[],,['50192'],[0.5130259990692139],['title_description']
杜尔伯特宾馆,['5671'],[],title_description,3,1,['5671'],2.0,"['50192', '5671', '50133']","[0.5130259990692139, 0.5026859641075134, 0.5017364025115967]","['title_description', 'title_description', 'title_description']"
杭州浙一医院附近的酒店有哪些,['5671'],[],title_description,1,0,[],,['50192'],[0.5494994521141052],['title_description']
杭州浙一医院附近的酒店有哪些,['5671'],[],title_description,3,1,['5671'],3.0,"['50192', '50133', '5671']","[0.5494994521141052, 0.5108993053436279, 0.4494318664073944]","['title_description', 'title_description', 'title_description']"
柏悦酒店在哪里,['5671'],[],title_description,1,0,[],,['50192'],[0.5587464570999146],['title_description']
柏悦酒店在哪里,['5671'],[],title_description,3,0,[],,"['50192', '50133', '47242']","[0.5587464570999146, 0.5340504050254822, 0.5008581280708313]","['title_description', 'title_description', 'title_description']"
株洲美的万豪酒店,['5671'],[],title_description,1,0,[],,['50192'],[0.42603152990341187],['title_description']
株洲美的万豪酒店,['5671'],[],title_description,3,0,[],,"['50192', '50133', '47272']","[0.42603152990341187, 0.4185826778411865, 0.4103303551673889]","['title_description', 'title_description', 'title_description']"
栾川酒店,['5671'],[],title_description,1,0,[],,['50192'],[0.4577009081840515],['title_description']
栾川酒店,['5671'],[],title_description,3,1,['5671'],3.0,"['50192', '50133', '5671']","[0.4577009081840515, 0.4392305016517639, 0.4153992533683777]","['title_description', 'title_description', 'title_description']"
桂林酒店,['5671'],[],title_description,1,0,[],,['50192'],[0.49618858098983765],['title_description']
桂林酒店,['5671'],[],title_description,3,1,['5671'],2.0,"['50192', '5671', '50133']","[0.49618858098983765, 0.48784977197647095, 0.4801137447357178]","['title_description', 'title_description', 'title_description']"
桃浦酒店,['5671'],[],title_description,1,0,[],,['50192'],[0.5059719681739807],['title_description']
桃浦酒店,['5671'],[],title_description,3,1,['5671'],2.0,"['50192', '5671', '50133']","[0.5059719681739807, 0.5047699213027954, 0.5018776059150696]","['title_description', 'title_description', 'title_description']"
武陵山国家森林公园景区周边酒店多少钱住一晚,['5671'],[],title_description,1,1,['5671'],1.0,['5671'],[0.5022852420806885],['title_description']
武陵山国家森林公园景区周边酒店多少钱住一晚,['5671'],[],title_description,3,1,['5671'],1.0,"['5671', '50192', '62106']","[0.5022852420806885, 0.44832736253738403, 0.4174726605415344]","['title_description', 'title_description', 'title_description']"
汉庭酒店住宿价格,['5671'],[],title_description,1,0,[],,['50133'],[0.6156123876571655],['title_description']
汉庭酒店住宿价格,['5671'],[],title_description,3,0,[],,"['50133', '50192', '47272']","[0.6156123876571655, 0.5916554927825928, 0.5138262510299683]","['title_description', 'title_description', 'title_description']"
江油有哪些宾馆,['5671'],[],title_description,1,0,[],,['50192'],[0.5189851522445679],['title_description']
江油有哪些宾馆,['5671'],[],title_description,3,1,['5671'],2.0,"['50192', '5671', '50133']","[0.5189851522445679, 0.4972633123397827, 0.49449706077575684]","['title_description', 'title_description', 'title_description']"
江苏扬州全季酒店,['5671'],[],title_description,1,0,[],,['50133'],[0.4665111303329468],['title_description']
江苏扬州全季酒店,['5671'],[],title_description,3,1,['5671'],3.0,"['50133', '50192', '5671']","[0.4665111303329468, 0.4600353538990021, 0.425834059715271]","['title_description', 'title_description', 'title_description']"
江西省宜春市酒店,['5671'],[],title_description,1,0,[],,['50192'],[0.49083182215690613],['title_description']
江西省宜春市酒店,['5671'],[],title_description,3,1,['5671'],3.0,"['50192', '50133', '5671']","[0.49083182215690613, 0.4856564998626709, 0.44037720561027527]","['title_description', 'title_description', 'title_description']"
沈阳君悦酒店地址,['5671'],[],title_description,1,0,[],,['5012'],[0.4286361634731293],['title_description']
沈阳君悦酒店地址,['5671'],[],title_description,3,0,[],,"['5012', '50192', '50133']","[0.4286361634731293, 0.40953657031059265, 0.4077669382095337]","['title_description', 'title_description', 'title_description']"
沈阳酒店,['5671'],[],title_description,1,0,[],,['50192'],[0.5021528601646423],['title_description']
沈阳酒店,['5671'],[],title_description,3,1,['5671'],3.0,"['50192', '50133', '5671']","[0.5021528601646423, 0.49491947889328003, 0.46784836053848267]","['title_description', 'title_description', 'title_description']"
海州湾附近酒店,['5671'],[],title_description,1,0,[],,['50192'],[0.49350643157958984],['title_description']
海州湾附近酒店,['5671'],[],title_description,3,1,['5671'],3.0,"['50192', '50133', '5671']","[0.49350643157958984, 0.43153226375579834, 0.41791680455207825]","['title_description', 'title_description', 'title_description']"
淮北日租公寓,['5671'],[],title_description,1,0,[],,['50192'],[0.3694581091403961],['title_description']
淮北日租公寓,['5671'],[],title_description,3,0,[],,"['50192', '47242', '5601']","[0.3694581091403961, 0.35452061891555786, 0.35384392738342285]","['title_description', 'title_description', 'title_description']"
深圳酒店,['5671'],[],title_description,1,0,[],,['50133'],[0.5560704469680786],['title_description']
深圳酒店,['5671'],[],title_description,3,0,[],,"['50133', '50192', '47272']","[0.5560704469680786, 0.5514653325080872, 0.5200190544128418]","['title_description', 'title_description', 'title_description']"
温州永嘉县宾馆有哪些,['5671'],[],title_description,1,0,[],,['50192'],[0.4591239392757416],['title_description']
温州永嘉县宾馆有哪些,['5671'],[],title_description,3,0,[],,"['50192', '62106', '50133']","[0.4591239392757416, 0.43875813484191895, 0.42567169666290283]","['title_description', 'title_description', 'title_description']"
湖北黄石市阳新县有哪些酒店,['5671'],[],title_description,1,0,[],,['50192'],[0.506656289100647],['title_description']
湖北黄石市阳新县有哪些酒店,['5671'],[],title_description,3,1,['5671'],3.0,"['50192', '50133', '5671']","[0.506656289100647, 0.4747963547706604, 0.42668578028678894]","['title_description', 'title_description', 'title_description']"
满洲里住宿推荐,['5671'],[],title_description,1,0,[],,['62106'],[0.43123766779899597],['title_description']
满洲里住宿推荐,['5671'],[],title_description,3,1,['5671'],3.0,"['62106', '50192', '5671']","[0.43123766779899597, 0.4261804223060608, 0.42275378108024597]","['title_description', 'title_description', 'title_description']"
澄江酒店,['5671'],[],title_description,1,0,[],,['50192'],[0.5149825215339661],['title_description']
澄江酒店,['5671'],[],title_description,3,1,['5671'],3.0,"['50192', '50133', '5671']","[0.5149825215339661, 0.5057187676429749, 0.504751980304718]","['title_description', 'title_description', 'title_description']"
省级酒店的13,['5671'],[],title_description,1,0,[],,['50192'],[0.5634015202522278],['title_description']
省级酒店的13,['5671'],[],title_description,3,1,['5671'],3.0,"['50192', '50133', '5671']","[0.5634015202522278, 0.5582243204116821, 0.4645369052886963]","['title_description', 'title_description', 'title_description']"
禾木村住宿,['5671'],[],title_description,1,1,['5671'],1.0,['5671'],[0.47282731533050537],['title_description']
禾木村住宿,['5671'],[],title_description,3,1,['5671'],1.0,"['5671', '50192', '62106']","[0.47282731533050537, 0.4535437524318695, 0.432178258895874]","['title_description', 'title_description', 'title_description']"
绍兴开元名都大酒店,['5671'],[],title_description,1,1,['5671'],1.0,['5671'],[0.4329061508178711],['title_description']
绍兴开元名都大酒店,['5671'],[],title_description,3,1,['5671'],1.0,"['5671', '50192', '50133']","[0.4329061508178711, 0.4257725477218628, 0.41270774602890015]","['title_description', 'title_description', 'title_description']"
维也纳酒店电话号码,['5671'],[],title_description,1,0,[],,['50133'],[0.5642812252044678],['title_description']
维也纳酒店电话号码,['5671'],[],title_description,3,0,[],,"['50133', '50192', '47272']","[0.5642812252044678, 0.5422420501708984, 0.516372561454773]","['title_description', 'title_description', 'title_description']"
苏州如家酒店,['5671'],[],title_description,1,0,[],,['50192'],[0.4790021777153015],['title_description']
苏州如家酒店,['5671'],[],title_description,3,0,[],,"['50192', '50133', '47242']","[0.4790021777153015, 0.46916770935058594, 0.4039280414581299]","['title_description', 'title_description', 'title_description']"
虎门的酒店有哪些,['5671'],[],title_description,1,0,[],,['50192'],[0.5855212211608887],['title_description']
虎门的酒店有哪些,['5671'],[],title_description,3,1,['5671'],3.0,"['50192', '50133', '5671']","[0.5855212211608887, 0.5675845742225647, 0.5298738479614258]","['title_description', 'title_description', 'title_description']"
衢州全季酒店,['5671'],[],title_description,1,0,[],,['50133'],[0.44091272354125977],['title_description']
衢州全季酒店,['5671'],[],title_description,3,1,['5671'],3.0,"['50133', '50192', '5671']","[0.44091272354125977, 0.43836045265197754, 0.4145784378051758]","['title_description', 'title_description', 'title_description']"
西双版纳的酒店,['5671'],[],title_description,1,0,[],,['50192'],[0.5178692936897278],['title_description']
西双版纳的酒店,['5671'],[],title_description,3,1,['5671'],3.0,"['50192', '50133', '5671']","[0.5178692936897278, 0.5099170207977295, 0.4988647997379303]","['title_description', 'title_description', 'title_description']"
西宁宾馆价格,['5671'],[],title_description,1,0,[],,['50192'],[0.5497488975524902],['title_description']
西宁宾馆价格,['5671'],[],title_description,3,1,['5671'],3.0,"['50192', '50133', '5671']","[0.5497488975524902, 0.546596348285675, 0.5180302858352661]","['title_description', 'title_description', 'title_description']"
西安博物馆附近的酒店,['5671'],[],title_description,1,0,[],,['50192'],[0.5792596340179443],['title_description']
西安博物馆附近的酒店,['5671'],[],title_description,3,1,['5671'],3.0,"['50192', '50133', '5671']","[0.5792596340179443, 0.5130491852760315, 0.4825194776058197]","['title_description', 'title_description', 'title_description']"
貴阳机场附近的酒店,['5671'],[],title_description,1,0,[],,['50192'],[0.587444543838501],['title_description']
貴阳机场附近的酒店,['5671'],[],title_description,3,1,['5671'],3.0,"['50192', '50133', '5671']","[0.587444543838501, 0.5306887030601501, 0.5152032375335693]","['title_description', 'title_description', 'title_description']"
贵阳市区的维也纳酒店,['5671'],[],title_description,1,0,[],,['50192'],[0.5254982709884644],['title_description']
贵阳市区的维也纳酒店,['5671'],[],title_description,3,1,['5671'],3.0,"['50192', '50133', '5671']","[0.5254982709884644, 0.5067538619041443, 0.46074384450912476]","['title_description', 'title_description', 'title_description']"
贵阳高铁站附近酒店,['5671'],[],title_description,1,0,[],,['50192'],[0.4617256224155426],['title_description']
贵阳高铁站附近酒店,['5671'],[],title_description,3,0,[],,"['50192', '5851', '50133']","[0.4617256224155426, 0.4509972929954529, 0.4037701487541199]","['title_description', 'title_description', 'title_description']"
费县酒店,['5671'],[],title_description,1,0,[],,['50192'],[0.45220059156417847],['title_description']
费县酒店,['5671'],[],title_description,3,1,['5671'],3.0,"['50192', '50133', '5671']","[0.45220059156417847, 0.45135441422462463, 0.41303396224975586]","['title_description', 'title_description', 'title_description']"
赤水大瀑布游客中心附近住宿,['5671'],[],title_description,1,0,[],,['50192'],[0.4690842628479004],['title_description']
赤水大瀑布游客中心附近住宿,['5671'],[],title_description,3,1,['5671'],2.0,"['50192', '5671', '50133']","[0.4690842628479004, 0.42962148785591125, 0.40490061044692993]","['title_description', 'title_description', 'title_description']"
邢台民宿,['5671'],[],title_description,1,1,['5671'],1.0,['5671'],[0.4550436735153198],['title_description']
邢台民宿,['5671'],[],title_description,3,1,['5671'],1.0,"['5671', '62106', '47242']","[0.4550436735153198, 0.41031694412231445, 0.3845633268356323]","['title_description', 'title_description', 'title_description']"
那拉提镇住宿推荐,['5671'],[],title_description,1,1,['5671'],1.0,['5671'],[0.4452663064002991],['title_description']
那拉提镇住宿推荐,['5671'],[],title_description,3,1,['5671'],1.0,"['5671', '62106', '50192']","[0.4452663064002991, 0.4343428611755371, 0.42520853877067566]","['title_description', 'title_description', 'title_description']"
都江堰附近酒店推荐,['5671'],[],title_description,1,0,[],,['50192'],[0.5463367700576782],['title_description']
都江堰附近酒店推荐,['5671'],[],title_description,3,1,['5671'],3.0,"['50192', '50133', '5671']","[0.5463367700576782, 0.49116939306259155, 0.4701599180698395]","['title_description', 'title_description', 'title_description']"
重庆有浴缸的酒店一般多少钱,['5671'],[],title_description,1,0,[],,['50192'],[0.48528215289115906],['title_description']
重庆有浴缸的酒店一般多少钱,['5671'],[],title_description,3,0,[],,"['50192', '50133', '47272']","[0.48528215289115906, 0.46306514739990234, 0.39853280782699585]","['title_description', 'title_description', 'title_description']"
重庆江北区全季酒店,['5671'],[],title_description,1,0,[],,['50133'],[0.46586114168167114],['title_description']
重庆江北区全季酒店,['5671'],[],title_description,3,0,[],,"['50133', '50192', '47272']","[0.46586114168167114, 0.460945188999176, 0.3791559338569641]","['title_description', 'title_description', 'title_description']"
重庆西南医院附近酒店有哪些,['5671'],[],title_description,1,0,[],,['50192'],[0.5246171951293945],['title_description']
重庆西南医院附近酒店有哪些,['5671'],[],title_description,3,0,[],,"['50192', '50133', '47272']","[0.5246171951293945, 0.4822785258293152, 0.41917693614959717]","['title_description', 'title_description', 'title_description']"
锦江之星酒店,['5671'],[],title_description,1,0,[],,['50133'],[0.5026639699935913],['title_description']
锦江之星酒店,['5671'],[],title_description,3,0,[],,"['50133', '50192', '47272']","[0.5026639699935913, 0.4977577328681946, 0.48816606402397156]","['title_description', 'title_description', 'title_description']"
长沙五一广场附近的酒店,['5671'],[],title_description,1,0,[],,['50192'],[0.4981972873210907],['title_description']
长沙五一广场附近的酒店,['5671'],[],title_description,3,0,[],,"['50192', '50133', '62106']","[0.4981972873210907, 0.4374733865261078, 0.40726783871650696]","['title_description', 'title_description', 'title_description']"
长沙亲子酒店推荐,['5671'],[],title_description,1,0,[],,['50192'],[0.48347318172454834],['title_description']
长沙亲子酒店推荐,['5671'],[],title_description,3,1,['5671'],3.0,"['50192', '50133', '5671']","[0.48347318172454834, 0.4335521459579468, 0.41323041915893555]","['title_description', 'title_description', 'title_description']"
长沙国防科技大学附近宾馆有哪些,['5671'],[],title_description,1,0,[],,['50192'],[0.5042048692703247],['title_description']
长沙国防科技大学附近宾馆有哪些,['5671'],[],title_description,3,0,[],,"['50192', '50133', '47242']","[0.5042048692703247, 0.4377491772174835, 0.42222198843955994]","['title_description', 'title_description', 'title_description']"
长沙市的汉庭酒店在哪里,['5671'],[],title_description,1,0,[],,['50192'],[0.5706844925880432],['title_description']
长沙市的汉庭酒店在哪里,['5671'],[],title_description,3,0,[],,"['50192', '50133', '47272']","[0.5706844925880432, 0.554948627948761, 0.5008265972137451]","['title_description', 'title_description', 'title_description']"
阜阳市第三中学附近的宾馆,['5671'],[],title_description,1,0,[],,['50192'],[0.48591306805610657],['title_description']
阜阳市第三中学附近的宾馆,['5671'],[],title_description,3,1,['5671'],3.0,"['50192', '50133', '5671']","[0.48591306805610657, 0.4301793575286865, 0.39633995294570923]","['title_description', 'title_description', 'title_description']"
附近旅馆住宿50元,['5671'],[],title_description,1,0,[],,['50192'],[0.5789597034454346],['title_description']
附近旅馆住宿50元,['5671'],[],title_description,3,1,['5671'],2.0,"['50192', '5671', '50133']","[0.5789597034454346, 0.5149803161621094, 0.5133805274963379]","['title_description', 'title_description', 'title_description']"
附近有宾馆在哪里,['5671'],[],title_description,1,0,[],,['50192'],[0.6631059646606445],['title_description']
附近有宾馆在哪里,['5671'],[],title_description,3,1,['5671'],3.0,"['50192', '47242', '5671']","[0.6631059646606445, 0.5897833108901978, 0.5890290141105652]","['title_description', 'title_description', 'title_description']"
附近民宿推荐,['5671'],[],title_description,1,1,['5671'],1.0,['5671'],[0.5855227708816528],['title_description']
附近民宿推荐,['5671'],[],title_description,3,1,['5671'],1.0,"['5671', '62106', '50192']","[0.5855227708816528, 0.5777685642242432, 0.5705368518829346]","['title_description', 'title_description', 'title_description']"
附近洒店住宿小店区,['5671'],[],title_description,1,0,[],,['50192'],[0.4924384355545044],['title_description']
附近洒店住宿小店区,['5671'],[],title_description,3,0,[],,"['50192', '50133', '47198']","[0.4924384355545044, 0.4277711808681488, 0.4256123900413513]","['title_description', 'title_description', 'title_description']"
陕西60元一天三餐民宿,['5671'],[],title_description,1,0,[],,['50192'],[0.40735065937042236],['title_description']
陕西60元一天三餐民宿,['5671'],[],title_description,3,1,['5671'],2.0,"['50192', '5671', '50133']","[0.40735065937042236, 0.3975962996482849, 0.380863219499588]","['title_description', 'title_description', 'title_description']"
陵川县住宿,['5671'],[],title_description,1,1,['5671'],1.0,['5671'],[0.40780770778656006],['title_description']
陵川县住宿,['5671'],[],title_description,3,1,['5671'],1.0,"['5671', '50192', '62106']","[0.40780770778656006, 0.4019063115119934, 0.3724725842475891]","['title_description', 'title_description', 'title_description']"
青岛五四广场附近的酒店,['5671'],[],title_description,1,0,[],,['50192'],[0.5005420446395874],['title_description']
青岛五四广场附近的酒店,['5671'],[],title_description,3,1,['5671'],3.0,"['50192', '50133', '5671']","[0.5005420446395874, 0.4667176902294159, 0.42763471603393555]","['title_description', 'title_description', 'title_description']"
靖宇县政府附近的酒店,['5671'],[],title_description,1,0,[],,['50192'],[0.43169718980789185],['title_description']
靖宇县政府附近的酒店,['5671'],[],title_description,3,1,['5671'],3.0,"['50192', '50133', '5671']","[0.43169718980789185, 0.3840942978858948, 0.37069326639175415]","['title_description', 'title_description', 'title_description']"
