query,gold_ids,missing_gold_ids,view,k,pass_at_k,hit_ids,first_hit_rank,recall_ids,recall_scores,recall_views
$汇率,['50159'],[],description,1,0,[],,['5293'],[0.8109190464019775],['description']
$汇率,['50159'],[],description,3,0,[],,"['5293', '46671', '50162']","[0.8109190464019775, 0.7318397164344788, 0.6227917075157166]","['description', 'description', 'description']"
1000000越南盾等于多少人民币,['50159'],[],description,1,0,[],,['5293'],[0.6693298816680908],['description']
1000000越南盾等于多少人民币,['50159'],[],description,3,0,[],,"['5293', '46671', '50162']","[0.6693298816680908, 0.5767463445663452, 0.4907696843147278]","['description', 'description', 'description']"
10000印尼盾等于多少人民币,['50159'],[],description,1,0,[],,['5293'],[0.6774616241455078],['description']
10000印尼盾等于多少人民币,['50159'],[],description,3,0,[],,"['5293', '46671', '50162']","[0.6774616241455078, 0.5621280670166016, 0.510240912437439]","['description', 'description', 'description']"
10000坚戈是多少人民币,['50159'],[],description,1,0,[],,['5293'],[0.7102744579315186],['description']
10000坚戈是多少人民币,['50159'],[],description,3,0,[],,"['5293', '46671', '51323']","[0.7102744579315186, 0.5895730257034302, 0.5305708646774292]","['description', 'description', 'description']"
10000日元相当于多少人民币,['50159'],[],description,1,0,[],,['5293'],[0.6840256452560425],['description']
10000日元相当于多少人民币,['50159'],[],description,3,0,[],,"['5293', '46671', '51323']","[0.6840256452560425, 0.6082805395126343, 0.5196355581283569]","['description', 'description', 'description']"
1000万老挝币是多少人民币,['50159'],[],description,1,0,[],,['5293'],[0.5549136400222778],['description']
1000万老挝币是多少人民币,['50159'],[],description,3,0,[],,"['5293', '46671', '60338']","[0.5549136400222778, 0.4597265124320984, 0.43628379702568054]","['description', 'description', 'description']"
1000台币,['50159'],[],description,1,0,[],,['60338'],[0.49729108810424805],['description']
1000台币,['50159'],[],description,3,0,[],,"['60338', '5293', '50162']","[0.49729108810424805, 0.48750531673431396, 0.4761579632759094]","['description', 'description', 'description']"
1000台币等于多少人民币,['50159'],[],description,1,0,[],,['5293'],[0.6623561382293701],['description']
1000台币等于多少人民币,['50159'],[],description,3,0,[],,"['5293', '46671', '50162']","[0.6623561382293701, 0.5352170467376709, 0.5117148756980896]","['description', 'description', 'description']"
100万卢币=人民币,['50159'],[],description,1,0,[],,['5293'],[0.5851126909255981],['description']
100万卢币=人民币,['50159'],[],description,3,0,[],,"['5293', '46671', '50162']","[0.5851126909255981, 0.48300901055336, 0.4555324912071228]","['description', 'description', 'description']"
100元人民币等于多少泰铢,['50159'],[],description,1,0,[],,['5293'],[0.6231522560119629],['description']
100元人民币等于多少泰铢,['50159'],[],description,3,0,[],,"['5293', '46671', '50162']","[0.6231522560119629, 0.5203336477279663, 0.49265056848526]","['description', 'description', 'description']"
100元澳门币等于多少人民币,['50159'],[],description,1,0,[],,['5293'],[0.6446943283081055],['description']
100元澳门币等于多少人民币,['50159'],[],description,3,0,[],,"['5293', '46671', '50162']","[0.6446943283081055, 0.5349099636077881, 0.49722474813461304]","['description', 'description', 'description']"
10万美金等于多少人民币,['50159'],[],description,1,0,[],,['5293'],[0.6947582364082336],['description']
10万美金等于多少人民币,['50159'],[],description,3,0,[],,"['5293', '46671', '51323']","[0.6947582364082336, 0.6152973175048828, 0.5286829471588135]","['description', 'description', 'description']"
1300美金,['50159'],[],description,1,0,[],,['60338'],[0.5176336169242859],['description']
1300美金,['50159'],[],description,3,0,[],,"['60338', '46671', '51590']","[0.5176336169242859, 0.49783381819725037, 0.49492719769477844]","['description', 'description', 'description']"
130万叙利亚币是多少人民币,['50159'],[],description,1,0,[],,['5293'],[0.666223406791687],['description']
130万叙利亚币是多少人民币,['50159'],[],description,3,0,[],,"['5293', '46671', '36607']","[0.666223406791687, 0.5541165471076965, 0.504784882068634]","['description', 'description', 'description']"
136000韩元等于多少人民币,['50159'],[],description,1,0,[],,['5293'],[0.6661635041236877],['description']
136000韩元等于多少人民币,['50159'],[],description,3,0,[],,"['5293', '46671', '36607']","[0.6661635041236877, 0.5519214868545532, 0.49120986461639404]","['description', 'description', 'description']"
140港币等于多少人民币,['50159'],[],description,1,0,[],,['5293'],[0.6986135244369507],['description']
140港币等于多少人民币,['50159'],[],description,3,0,[],,"['5293', '46671', '50162']","[0.6986135244369507, 0.581343412399292, 0.5741362571716309]","['description', 'description', 'description']"
1500万越南盾,['50159'],[],description,1,0,[],,['5293'],[0.4779934287071228],['description']
1500万越南盾,['50159'],[],description,3,0,[],,"['5293', '51323', '50760']","[0.4779934287071228, 0.46521610021591187, 0.4487605690956116]","['description', 'description', 'description']"
15刀是多少人民币,['50159'],[],description,1,0,[],,['5293'],[0.6656531095504761],['description']
15刀是多少人民币,['50159'],[],description,3,0,[],,"['5293', '46671', '60338']","[0.6656531095504761, 0.5865300893783569, 0.5335925817489624]","['description', 'description', 'description']"
16000泰铢等于多少人民币,['50159'],[],description,1,0,[],,['5293'],[0.6639240980148315],['description']
16000泰铢等于多少人民币,['50159'],[],description,3,0,[],,"['5293', '46671', '51323']","[0.6639240980148315, 0.5374739170074463, 0.5031959414482117]","['description', 'description', 'description']"
167万韩元等于多少人民币,['50159'],[],description,1,0,[],,['5293'],[0.6832024455070496],['description']
167万韩元等于多少人民币,['50159'],[],description,3,0,[],,"['5293', '46671', '51590']","[0.6832024455070496, 0.5488486289978027, 0.48741036653518677]","['description', 'description', 'description']"
1700港币等于多少人民币,['50159'],[],description,1,0,[],,['5293'],[0.6832848787307739],['description']
1700港币等于多少人民币,['50159'],[],description,3,0,[],,"['5293', '46671', '50162']","[0.6832848787307739, 0.5558741092681885, 0.5525377988815308]","['description', 'description', 'description']"
1万韩元等于多少人民币,['50159'],[],description,1,0,[],,['5293'],[0.6720941662788391],['description']
1万韩元等于多少人民币,['50159'],[],description,3,0,[],,"['5293', '46671', '36607']","[0.6720941662788391, 0.5516811609268188, 0.48894619941711426]","['description', 'description', 'description']"
1美元,['50159'],[],description,1,0,[],,['46671'],[0.5647109746932983],['description']
1美元,['50159'],[],description,3,0,[],,"['46671', '5293', '51323']","[0.5647109746932983, 0.5215907096862793, 0.45636653900146484]","['description', 'description', 'description']"
1马币等于多少人民币,['50159'],[],description,1,0,[],,['5293'],[0.6576729416847229],['description']
1马币等于多少人民币,['50159'],[],description,3,0,[],,"['5293', '46671', '36607']","[0.6576729416847229, 0.5588014125823975, 0.4836885929107666]","['description', 'description', 'description']"
20000泰铢等于多少人民币,['50159'],[],description,1,0,[],,['5293'],[0.6464595794677734],['description']
20000泰铢等于多少人民币,['50159'],[],description,3,0,[],,"['5293', '46671', '51323']","[0.6464595794677734, 0.5225552320480347, 0.5203569531440735]","['description', 'description', 'description']"
2000块人民币等于多少韩币,['50159'],[],description,1,0,[],,['5293'],[0.6204870939254761],['description']
2000块人民币等于多少韩币,['50159'],[],description,3,0,[],,"['5293', '46671', '51323']","[0.6204870939254761, 0.5024505257606506, 0.4665621221065521]","['description', 'description', 'description']"
2007年美元对人民币的汇率是多少,['50159'],[],description,1,0,[],,['46671'],[0.6646056175231934],['description']
2007年美元对人民币的汇率是多少,['50159'],[],description,3,0,[],,"['46671', '5293', '51323']","[0.6646056175231934, 0.6566402912139893, 0.4653947353363037]","['description', 'description', 'description']"
200万港币,['50159'],[],description,1,0,[],,['50162'],[0.4809722304344177],['description']
200万港币,['50159'],[],description,3,0,[],,"['50162', '60338', '5428']","[0.4809722304344177, 0.44519954919815063, 0.4348755478858948]","['description', 'description', 'description']"
200万韩元等于多少人民币,['50159'],[],description,1,0,[],,['5293'],[0.6691293120384216],['description']
200万韩元等于多少人民币,['50159'],[],description,3,0,[],,"['5293', '46671', '51323']","[0.6691293120384216, 0.544638991355896, 0.5001922845840454]","['description', 'description', 'description']"
200卢比等于多少人民币,['50159'],[],description,1,0,[],,['5293'],[0.6770273447036743],['description']
200卢比等于多少人民币,['50159'],[],description,3,0,[],,"['5293', '46671', '51323']","[0.6770273447036743, 0.5427000522613525, 0.49254971742630005]","['description', 'description', 'description']"
200港币等于多少人民币,['50159'],[],description,1,0,[],,['5293'],[0.6932650208473206],['description']
200港币等于多少人民币,['50159'],[],description,3,0,[],,"['5293', '46671', '50162']","[0.6932650208473206, 0.576264500617981, 0.5656324028968811]","['description', 'description', 'description']"
200美金等于多少人民币,['50159'],[],description,1,0,[],,['5293'],[0.7005661725997925],['description']
200美金等于多少人民币,['50159'],[],description,3,0,[],,"['5293', '46671', '51323']","[0.7005661725997925, 0.6230480670928955, 0.5141711235046387]","['description', 'description', 'description']"
2026年6月1日美元兑人民币汇率,['50159'],[],description,1,0,[],,['46671'],[0.6982953548431396],['description']
2026年6月1日美元兑人民币汇率,['50159'],[],description,3,0,[],,"['46671', '5293', '51323']","[0.6982953548431396, 0.6657732129096985, 0.5151110291481018]","['description', 'description', 'description']"
2200000韩元汇率,['50159'],[],description,1,0,[],,['5293'],[0.6347118616104126],['description']
2200000韩元汇率,['50159'],[],description,3,0,[],,"['5293', '46671', '36607']","[0.6347118616104126, 0.5501004457473755, 0.4768080711364746]","['description', 'description', 'description']"
2275泰铢等于多少人民币,['50159'],[],description,1,0,[],,['5293'],[0.6303299069404602],['description']
2275泰铢等于多少人民币,['50159'],[],description,3,0,[],,"['5293', '46671', '51323']","[0.6303299069404602, 0.5219901204109192, 0.5051122903823853]","['description', 'description', 'description']"
240万英镑等于多少人民币,['50159'],[],description,1,0,[],,['5293'],[0.6716256141662598],['description']
240万英镑等于多少人民币,['50159'],[],description,3,0,[],,"['5293', '46671', '51323']","[0.6716256141662598, 0.5596469044685364, 0.511262059211731]","['description', 'description', 'description']"
2640日元等于多少人民币,['50159'],[],description,1,0,[],,['5293'],[0.6627120971679688],['description']
2640日元等于多少人民币,['50159'],[],description,3,0,[],,"['5293', '46671', '51323']","[0.6627120971679688, 0.569362998008728, 0.5071356296539307]","['description', 'description', 'description']"
26500韩元等于多少人民币,['50159'],[],description,1,0,[],,['5293'],[0.684516429901123],['description']
26500韩元等于多少人民币,['50159'],[],description,3,0,[],,"['5293', '46671', '50162']","[0.684516429901123, 0.5634691715240479, 0.4982423484325409]","['description', 'description', 'description']"
3000万韩元等于多少人民币,['50159'],[],description,1,0,[],,['5293'],[0.6472346782684326],['description']
3000万韩元等于多少人民币,['50159'],[],description,3,0,[],,"['5293', '46671', '36607']","[0.6472346782684326, 0.5242810845375061, 0.4791148900985718]","['description', 'description', 'description']"
3000泰铢等于多少人民币,['50159'],[],description,1,0,[],,['5293'],[0.632914662361145],['description']
3000泰铢等于多少人民币,['50159'],[],description,3,0,[],,"['5293', '46671', '51323']","[0.632914662361145, 0.5111499428749084, 0.4974353313446045]","['description', 'description', 'description']"
3000马币等于多少人民币,['50159'],[],description,1,0,[],,['5293'],[0.6502447128295898],['description']
3000马币等于多少人民币,['50159'],[],description,3,0,[],,"['5293', '46671', '50162']","[0.6502447128295898, 0.5281190872192383, 0.47966599464416504]","['description', 'description', 'description']"
320港币,['50159'],[],description,1,0,[],,['50162'],[0.5343014001846313],['description']
320港币,['50159'],[],description,3,0,[],,"['50162', '60338', '5293']","[0.5343014001846313, 0.5135408639907837, 0.5013386011123657]","['description', 'description', 'description']"
360万美元是多少人民币,['50159'],[],description,1,0,[],,['5293'],[0.6701500415802002],['description']
360万美元是多少人民币,['50159'],[],description,3,0,[],,"['5293', '46671', '51323']","[0.6701500415802002, 0.566585898399353, 0.5107840299606323]","['description', 'description', 'description']"
370港币等于多少人民币,['50159'],[],description,1,0,[],,['5293'],[0.6676814556121826],['description']
370港币等于多少人民币,['50159'],[],description,3,0,[],,"['5293', '46671', '50162']","[0.6676814556121826, 0.5422320365905762, 0.5419876575469971]","['description', 'description', 'description']"
4000泰铢等于多少人民币,['50159'],[],description,1,0,[],,['5293'],[0.6528642177581787],['description']
4000泰铢等于多少人民币,['50159'],[],description,3,0,[],,"['5293', '46671', '51323']","[0.6528642177581787, 0.5282739400863647, 0.5224291086196899]","['description', 'description', 'description']"
400美金等于多少人民币,['50159'],[],description,1,0,[],,['5293'],[0.7088599801063538],['description']
400美金等于多少人民币,['50159'],[],description,3,0,[],,"['5293', '46671', '51323']","[0.7088599801063538, 0.6198700666427612, 0.5219464302062988]","['description', 'description', 'description']"
40英镑等于多少人民币,['50159'],[],description,1,0,[],,['5293'],[0.6629135012626648],['description']
40英镑等于多少人民币,['50159'],[],description,3,0,[],,"['5293', '46671', '51590']","[0.6629135012626648, 0.5416529178619385, 0.47714632749557495]","['description', 'description', 'description']"
420000韩元等于多少人民币,['50159'],[],description,1,0,[],,['5293'],[0.6635555028915405],['description']
420000韩元等于多少人民币,['50159'],[],description,3,0,[],,"['5293', '46671', '51323']","[0.6635555028915405, 0.5433436632156372, 0.5026955604553223]","['description', 'description', 'description']"
4亿韩元等于多少人民币,['50159'],[],description,1,0,[],,['5293'],[0.6626136302947998],['description']
4亿韩元等于多少人民币,['50159'],[],description,3,0,[],,"['5293', '46671', '36607']","[0.6626136302947998, 0.5349531173706055, 0.4919917583465576]","['description', 'description', 'description']"
50000韩元等于多少人民币,['50159'],[],description,1,0,[],,['5293'],[0.683343768119812],['description']
50000韩元等于多少人民币,['50159'],[],description,3,0,[],,"['5293', '46671', '50162']","[0.683343768119812, 0.5588843822479248, 0.4954580068588257]","['description', 'description', 'description']"
5000万印尼盾等于多少人民币,['50159'],[],description,1,0,[],,['5293'],[0.6502417325973511],['description']
5000万印尼盾等于多少人民币,['50159'],[],description,3,0,[],,"['5293', '46671', '50162']","[0.6502417325973511, 0.5374877452850342, 0.48946067690849304]","['description', 'description', 'description']"
5000万缅币是多少人民币,['50159'],[],description,1,0,[],,['5293'],[0.6344785690307617],['description']
5000万缅币是多少人民币,['50159'],[],description,3,0,[],,"['5293', '46671', '36607']","[0.6344785690307617, 0.5231232643127441, 0.47213584184646606]","['description', 'description', 'description']"
5000万越南盾是多少人民币,['50159'],[],description,1,0,[],,['5293'],[0.6305605173110962],['description']
5000万越南盾是多少人民币,['50159'],[],description,3,0,[],,"['5293', '46671', '51323']","[0.6305605173110962, 0.5293240547180176, 0.47901618480682373]","['description', 'description', 'description']"
5000泰铢是多少人民币,['50159'],[],description,1,0,[],,['5293'],[0.6394644379615784],['description']
5000泰铢是多少人民币,['50159'],[],description,3,0,[],,"['5293', '46671', '51323']","[0.6394644379615784, 0.5202378630638123, 0.5064761638641357]","['description', 'description', 'description']"
5000英镑等于多少人民币,['50159'],[],description,1,0,[],,['5293'],[0.6906999945640564],['description']
5000英镑等于多少人民币,['50159'],[],description,3,0,[],,"['5293', '46671', '50162']","[0.6906999945640564, 0.5659220218658447, 0.5032803416252136]","['description', 'description', 'description']"
500港币等于多少人民币,['50159'],[],description,1,0,[],,['5293'],[0.6861627101898193],['description']
500港币等于多少人民币,['50159'],[],description,3,0,[],,"['5293', '46671', '50162']","[0.6861627101898193, 0.5731382369995117, 0.5722376108169556]","['description', 'description', 'description']"
500美金等于多少人民币,['50159'],[],description,1,0,[],,['5293'],[0.70528244972229],['description']
500美金等于多少人民币,['50159'],[],description,3,0,[],,"['5293', '46671', '50162']","[0.70528244972229, 0.627754807472229, 0.5079880356788635]","['description', 'description', 'description']"
520欧元,['50159'],[],description,1,0,[],,['60338'],[0.5086908340454102],['description']
520欧元,['50159'],[],description,3,0,[],,"['60338', '5293', '50760']","[0.5086908340454102, 0.5024797320365906, 0.49510401487350464]","['description', 'description', 'description']"
688港币等于多少人民币,['50159'],[],description,1,0,[],,['5293'],[0.6847901940345764],['description']
688港币等于多少人民币,['50159'],[],description,3,0,[],,"['5293', '46671', '50162']","[0.6847901940345764, 0.5718897581100464, 0.5653607249259949]","['description', 'description', 'description']"
70000韩元等于多少人民币,['50159'],[],description,1,0,[],,['5293'],[0.6634331345558167],['description']
70000韩元等于多少人民币,['50159'],[],description,3,0,[],,"['5293', '46671', '36607']","[0.6634331345558167, 0.5393399000167847, 0.48515990376472473]","['description', 'description', 'description']"
80000韩元等于多少人民币,['50159'],[],description,1,0,[],,['5293'],[0.6691354513168335],['description']
80000韩元等于多少人民币,['50159'],[],description,3,0,[],,"['5293', '46671', '50162']","[0.6691354513168335, 0.5525006651878357, 0.48511946201324463]","['description', 'description', 'description']"
8000澳门币等于多少人民币,['50159'],[],description,1,0,[],,['5293'],[0.6571999192237854],['description']
8000澳门币等于多少人民币,['50159'],[],description,3,0,[],,"['5293', '46671', '50162']","[0.6571999192237854, 0.5316505432128906, 0.4934197664260864]","['description', 'description', 'description']"
89万亿韩元,['50159'],[],description,1,0,[],,['5293'],[0.4285517930984497],['description']
89万亿韩元,['50159'],[],description,3,0,[],,"['5293', '50162', '5428']","[0.4285517930984497, 0.4255414605140686, 0.4137420356273651]","['description', 'description', 'description']"
90000日元,['50159'],[],description,1,0,[],,['51323'],[0.4911842942237854],['description']
90000日元,['50159'],[],description,3,0,[],,"['51323', '5293', '60338']","[0.4911842942237854, 0.48808467388153076, 0.47499972581863403]","['description', 'description', 'description']"
90000韩元,['50159'],[],description,1,0,[],,['60338'],[0.5001518726348877],['description']
90000韩元,['50159'],[],description,3,0,[],,"['60338', '5293', '51590']","[0.5001518726348877, 0.49866923689842224, 0.4763665795326233]","['description', 'description', 'description']"
9000欧元等于多少人民币,['50159'],[],description,1,0,[],,['5293'],[0.7031260132789612],['description']
9000欧元等于多少人民币,['50159'],[],description,3,0,[],,"['5293', '46671', '51323']","[0.7031260132789612, 0.5721169710159302, 0.5175843834877014]","['description', 'description', 'description']"
9000港元等于多少人民币,['50159'],[],description,1,0,[],,['5293'],[0.6979784965515137],['description']
9000港元等于多少人民币,['50159'],[],description,3,0,[],,"['5293', '50162', '46671']","[0.6979784965515137, 0.5851980447769165, 0.5842796564102173]","['description', 'description', 'description']"
ern,['50159'],[],description,1,0,[],,['85'],[0.5674373507499695],['description']
ern,['50159'],[],description,3,0,[],,"['85', '50143', '62172']","[0.5674373507499695, 0.5656156539916992, 0.5516683459281921]","['description', 'description', 'description']"
一个加币等于多少人民币,['50159'],[],description,1,0,[],,['5293'],[0.6632466912269592],['description']
一个加币等于多少人民币,['50159'],[],description,3,0,[],,"['5293', '46671', '36607']","[0.6632466912269592, 0.5683820843696594, 0.5048762559890747]","['description', 'description', 'description']"
一元人民币等于多少卢比,['50159'],[],description,1,0,[],,['5293'],[0.6062986850738525],['description']
一元人民币等于多少卢比,['50159'],[],description,3,0,[],,"['5293', '46671', '60338']","[0.6062986850738525, 0.49890029430389404, 0.44000935554504395]","['description', 'description', 'description']"
一元港币等于多少人民币,['50159'],[],description,1,0,[],,['5293'],[0.686745285987854],['description']
一元港币等于多少人民币,['50159'],[],description,3,0,[],,"['5293', '46671', '50162']","[0.686745285987854, 0.601920485496521, 0.5790920853614807]","['description', 'description', 'description']"
一千泰铢等于多少人民币,['50159'],[],description,1,0,[],,['5293'],[0.6112938523292542],['description']
一千泰铢等于多少人民币,['50159'],[],description,3,0,[],,"['5293', '46671', '51323']","[0.6112938523292542, 0.5076085329055786, 0.4844781160354614]","['description', 'description', 'description']"
一新币等于多少人民币,['50159'],[],description,1,0,[],,['5293'],[0.6506967544555664],['description']
一新币等于多少人民币,['50159'],[],description,3,0,[],,"['5293', '36607', '46671']","[0.6506967544555664, 0.5824107527732849, 0.551743745803833]","['description', 'description', 'description']"
一美元等于多少人民币,['50159'],[],description,1,0,[],,['5293'],[0.711555004119873],['description']
一美元等于多少人民币,['50159'],[],description,3,0,[],,"['5293', '46671', '36607']","[0.711555004119873, 0.7029184103012085, 0.5222623348236084]","['description', 'description', 'description']"
一英镑抵多少人民币,['50159'],[],description,1,0,[],,['5293'],[0.6802487373352051],['description']
一英镑抵多少人民币,['50159'],[],description,3,0,[],,"['5293', '46671', '36607']","[0.6802487373352051, 0.5894775390625, 0.5191360712051392]","['description', 'description', 'description']"
两万2千韩元等于多少人民币,['50159'],[],description,1,0,[],,['5293'],[0.6757248640060425],['description']
两万2千韩元等于多少人民币,['50159'],[],description,3,0,[],,"['5293', '46671', '51323']","[0.6757248640060425, 0.5565781593322754, 0.5199854373931885]","['description', 'description', 'description']"
丹麦克朗汇率换算人民币,['50159'],[],description,1,0,[],,['5293'],[0.6293082237243652],['description']
丹麦克朗汇率换算人民币,['50159'],[],description,3,0,[],,"['5293', '46671', '36607']","[0.6293082237243652, 0.6048921942710876, 0.46254995465278625]","['description', 'description', 'description']"
九万卢比等于多少人民币,['50159'],[],description,1,0,[],,['5293'],[0.6985461711883545],['description']
九万卢比等于多少人民币,['50159'],[],description,3,0,[],,"['5293', '46671', '50162']","[0.6985461711883545, 0.5681124925613403, 0.5023755431175232]","['description', 'description', 'description']"
二十万越南盾等于多少人民币,['50159'],[],description,1,0,[],,['5293'],[0.6376944184303284],['description']
二十万越南盾等于多少人民币,['50159'],[],description,3,0,[],,"['5293', '46671', '51323']","[0.6376944184303284, 0.5374841690063477, 0.4948436915874481]","['description', 'description', 'description']"
五千万韩元等于多少人民币,['50159'],[],description,1,0,[],,['5293'],[0.6486502885818481],['description']
五千万韩元等于多少人民币,['50159'],[],description,3,0,[],,"['5293', '46671', '51590']","[0.6486502885818481, 0.529530942440033, 0.48063594102859497]","['description', 'description', 'description']"
五千韩币是多少人民币,['50159'],[],description,1,0,[],,['5293'],[0.566083550453186],['description']
五千韩币是多少人民币,['50159'],[],description,3,0,[],,"['5293', '46671', '60338']","[0.566083550453186, 0.4789268970489502, 0.4620911478996277]","['description', 'description', 'description']"
人民币与韩币汇率,['50159'],[],description,1,0,[],,['5293'],[0.6858274340629578],['description']
人民币与韩币汇率,['50159'],[],description,3,0,[],,"['5293', '46671', '50162']","[0.6858274340629578, 0.5926694869995117, 0.5230804681777954]","['description', 'description', 'description']"
人民币兑换泰铢,['50159'],[],description,1,0,[],,['5293'],[0.6352394223213196],['description']
人民币兑换泰铢,['50159'],[],description,3,0,[],,"['5293', '46671', '51323']","[0.6352394223213196, 0.5291281938552856, 0.4973994493484497]","['description', 'description', 'description']"
人民币兑汇率,['50159'],[],description,1,0,[],,['5293'],[0.7428662776947021],['description']
人民币兑汇率,['50159'],[],description,3,0,[],,"['5293', '46671', '50162']","[0.7428662776947021, 0.6585647463798523, 0.5500717163085938]","['description', 'description', 'description']"
人民币卢布汇率走势图,['50159'],[],description,1,0,[],,['5293'],[0.5346555709838867],['description']
人民币卢布汇率走势图,['50159'],[],description,3,0,[],,"['5293', '46671', '50162']","[0.5346555709838867, 0.5197086334228516, 0.4524189531803131]","['description', 'description', 'description']"
人民币和克朗的汇率是多少,['50159'],[],description,1,0,[],,['5293'],[0.7304707765579224],['description']
人民币和克朗的汇率是多少,['50159'],[],description,3,0,[],,"['5293', '46671', '50162']","[0.7304707765579224, 0.605368435382843, 0.5332316160202026]","['description', 'description', 'description']"
人民币和印度卢比汇率,['50159'],[],description,1,0,[],,['5293'],[0.6911436319351196],['description']
人民币和印度卢比汇率,['50159'],[],description,3,0,[],,"['5293', '46671', '50162']","[0.6911436319351196, 0.5782174468040466, 0.5202763080596924]","['description', 'description', 'description']"
人民币和台币汇率,['50159'],[],description,1,0,[],,['5293'],[0.6802645921707153],['description']
人民币和台币汇率,['50159'],[],description,3,0,[],,"['5293', '46671', '50162']","[0.6802645921707153, 0.5962334275245667, 0.5793904066085815]","['description', 'description', 'description']"
人民币和坚戈的汇率,['50159'],[],description,1,0,[],,['5293'],[0.6601618528366089],['description']
人民币和坚戈的汇率,['50159'],[],description,3,0,[],,"['5293', '46671', '50162']","[0.6601618528366089, 0.574851393699646, 0.5299619436264038]","['description', 'description', 'description']"
人民币菲律宾比索的汇率,['50159'],[],description,1,0,[],,['5293'],[0.6926761865615845],['description']
人民币菲律宾比索的汇率,['50159'],[],description,3,0,[],,"['5293', '46671', '36607']","[0.6926761865615845, 0.6033522486686707, 0.5197101831436157]","['description', 'description', 'description']"
今天美元对人民币的汇率,['50159'],[],description,1,0,[],,['46671'],[0.7843576073646545],['description']
今天美元对人民币的汇率,['50159'],[],description,3,0,[],,"['46671', '5293', '50162']","[0.7843576073646545, 0.7585213780403137, 0.5851538181304932]","['description', 'description', 'description']"
今天韩元人民币汇率,['50159'],[],description,1,0,[],,['5293'],[0.683996319770813],['description']
今天韩元人民币汇率,['50159'],[],description,3,0,[],,"['5293', '46671', '50162']","[0.683996319770813, 0.6356790065765381, 0.5242642760276794]","['description', 'description', 'description']"
今日人民币兑韩币的汇率是多少,['50159'],[],description,1,0,[],,['5293'],[0.6961795687675476],['description']
今日人民币兑韩币的汇率是多少,['50159'],[],description,3,0,[],,"['5293', '46671', '50162']","[0.6961795687675476, 0.6333599090576172, 0.5412412285804749]","['description', 'description', 'description']"
今日汇率港币,['50159'],[],description,1,0,[],,['5293'],[0.7616446018218994],['description']
今日汇率港币,['50159'],[],description,3,0,[],,"['5293', '46671', '50162']","[0.7616446018218994, 0.7046670913696289, 0.6419029235839844]","['description', 'description', 'description']"
俄币兑换人民币汇率多少,['50159'],[],description,1,0,[],,['5293'],[0.6894676089286804],['description']
俄币兑换人民币汇率多少,['50159'],[],description,3,0,[],,"['5293', '36607', '46671']","[0.6894676089286804, 0.6235088109970093, 0.5916797518730164]","['description', 'description', 'description']"
俄罗斯100元换人民币多少,['50159'],[],description,1,0,[],,['5293'],[0.6161954998970032],['description']
俄罗斯100元换人民币多少,['50159'],[],description,3,0,[],,"['5293', '46671', '60338']","[0.6161954998970032, 0.5291827917098999, 0.450551837682724]","['description', 'description', 'description']"
几内亚币对人民币汇率,['50159'],[],description,1,0,[],,['5293'],[0.6218641996383667],['description']
几内亚币对人民币汇率,['50159'],[],description,3,0,[],,"['5293', '46671', '50162']","[0.6218641996383667, 0.5403119921684265, 0.4951995611190796]","['description', 'description', 'description']"
加元对人民币的汇率,['50159'],[],description,1,0,[],,['5293'],[0.7158489227294922],['description']
加元对人民币的汇率,['50159'],[],description,3,0,[],,"['5293', '46671', '50162']","[0.7158489227294922, 0.6478376984596252, 0.5498602390289307]","['description', 'description', 'description']"
卢布人民币的汇率,['50159'],[],description,1,0,[],,['5293'],[0.6600189208984375],['description']
卢布人民币的汇率,['50159'],[],description,3,0,[],,"['5293', '46671', '36607']","[0.6600189208984375, 0.5855292677879333, 0.503017783164978]","['description', 'description', 'description']"
印尼1000等于多少人民币,['50159'],[],description,1,0,[],,['5293'],[0.5882036685943604],['description']
印尼1000等于多少人民币,['50159'],[],description,3,0,[],,"['5293', '46671', '50162']","[0.5882036685943604, 0.5048774480819702, 0.4621317386627197]","['description', 'description', 'description']"
印尼盾与人民币的汇率,['50159'],[],description,1,0,[],,['5293'],[0.6243048310279846],['description']
印尼盾与人民币的汇率,['50159'],[],description,3,0,[],,"['5293', '46671', '50162']","[0.6243048310279846, 0.5586808919906616, 0.5041468143463135]","['description', 'description', 'description']"
叙利亚100元等于人民币多少,['50159'],[],description,1,0,[],,['5293'],[0.5775357484817505],['description']
叙利亚100元等于人民币多少,['50159'],[],description,3,0,[],,"['5293', '46671', '50162']","[0.5775357484817505, 0.5034475326538086, 0.443943053483963]","['description', 'description', 'description']"
哈萨克斯坦货币兑换人民币汇率,['50159'],[],description,1,0,[],,['5293'],[0.632097601890564],['description']
哈萨克斯坦货币兑换人民币汇率,['50159'],[],description,3,0,[],,"['5293', '46671', '5428']","[0.632097601890564, 0.5665858387947083, 0.49724820256233215]","['description', 'description', 'description']"
墨西哥比索兑换人民币的汇率,['50159'],[],description,1,0,[],,['5293'],[0.6859187483787537],['description']
墨西哥比索兑换人民币的汇率,['50159'],[],description,3,0,[],,"['5293', '46671', '50162']","[0.6859187483787537, 0.6115508675575256, 0.5067338943481445]","['description', 'description', 'description']"
新加坡兑换人民币,['50159'],[],description,1,0,[],,['5293'],[0.6236961483955383],['description']
新加坡兑换人民币,['50159'],[],description,3,0,[],,"['5293', '46671', '50162']","[0.6236961483955383, 0.5140592455863953, 0.4874368906021118]","['description', 'description', 'description']"
新加坡币兑人民币的汇率是多少钱,['50159'],[],description,1,0,[],,['5293'],[0.6984453797340393],['description']
新加坡币兑人民币的汇率是多少钱,['50159'],[],description,3,0,[],,"['5293', '46671', '50162']","[0.6984453797340393, 0.5995560884475708, 0.541045069694519]","['description', 'description', 'description']"
新西兰元对人民币汇率,['50159'],[],description,1,0,[],,['5293'],[0.6505780220031738],['description']
新西兰元对人民币汇率,['50159'],[],description,3,0,[],,"['5293', '46671', '50162']","[0.6505780220031738, 0.5892773866653442, 0.5362027883529663]","['description', 'description', 'description']"
日元汇率兑人民币,['50159'],[],description,1,0,[],,['5293'],[0.6980798244476318],['description']
日元汇率兑人民币,['50159'],[],description,3,0,[],,"['5293', '46671', '50162']","[0.6980798244476318, 0.6603717803955078, 0.5531877279281616]","['description', 'description', 'description']"
欧元对美金,['50159'],[],description,1,0,[],,['5293'],[0.6973679065704346],['description']
欧元对美金,['50159'],[],description,3,0,[],,"['5293', '46671', '50162']","[0.6973679065704346, 0.6674440503120422, 0.5559227466583252]","['description', 'description', 'description']"
欧元的人民币汇率,['50159'],[],description,1,0,[],,['5293'],[0.7157106995582581],['description']
欧元的人民币汇率,['50159'],[],description,3,0,[],,"['5293', '46671', '50162']","[0.7157106995582581, 0.6299164295196533, 0.5274258852005005]","['description', 'description', 'description']"
比特币的美元行情价格,['50159'],[],description,1,0,[],,['36607'],[0.8321187496185303],['description']
比特币的美元行情价格,['50159'],[],description,3,0,[],,"['36607', '46671', '5293']","[0.8321187496185303, 0.6785098314285278, 0.6252735257148743]","['description', 'description', 'description']"
法郎等于多少人民币,['50159'],[],description,1,0,[],,['5293'],[0.6882232427597046],['description']
法郎等于多少人民币,['50159'],[],description,3,0,[],,"['5293', '46671', '51088']","[0.6882232427597046, 0.571556568145752, 0.5158132910728455]","['description', 'description', 'description']"
泰铢对人民币汇率,['50159'],[],description,1,0,[],,['5293'],[0.6663268804550171],['description']
泰铢对人民币汇率,['50159'],[],description,3,0,[],,"['5293', '46671', '50162']","[0.6663268804550171, 0.5954606533050537, 0.5631241798400879]","['description', 'description', 'description']"
港币兑rmb,['50159'],[],description,1,0,[],,['50162'],[0.6877368092536926],['description']
港币兑rmb,['50159'],[],description,3,0,[],,"['50162', '5293', '46671']","[0.6877368092536926, 0.6803197264671326, 0.6209536194801331]","['description', 'description', 'description']"
港币对人民币的汇率是多少,['50159'],[],description,1,0,[],,['5293'],[0.7303189039230347],['description']
港币对人民币的汇率是多少,['50159'],[],description,3,0,[],,"['5293', '46671', '50162']","[0.7303189039230347, 0.6376422643661499, 0.6189680099487305]","['description', 'description', 'description']"
澳元兑换人民币汇率,['50159'],[],description,1,0,[],,['5293'],[0.7034718990325928],['description']
澳元兑换人民币汇率,['50159'],[],description,3,0,[],,"['5293', '46671', '5428']","[0.7034718990325928, 0.5942535400390625, 0.5216993689537048]","['description', 'description', 'description']"
澳元和人民币汇率,['50159'],[],description,1,0,[],,['5293'],[0.6998831629753113],['description']
澳元和人民币汇率,['50159'],[],description,3,0,[],,"['5293', '46671', '5428']","[0.6998831629753113, 0.6074654459953308, 0.5625852346420288]","['description', 'description', 'description']"
澳门币兑人民币汇率,['50159'],[],description,1,0,[],,['5293'],[0.6641374826431274],['description']
澳门币兑人民币汇率,['50159'],[],description,3,0,[],,"['5293', '46671', '50162']","[0.6641374826431274, 0.5760138630867004, 0.5502310991287231]","['description', 'description', 'description']"
瑞士法郎兑换人民币的汇率,['50159'],[],description,1,0,[],,['5293'],[0.6884698867797852],['description']
瑞士法郎兑换人民币的汇率,['50159'],[],description,3,0,[],,"['5293', '46671', '50162']","[0.6884698867797852, 0.5798510313034058, 0.5204200148582458]","['description', 'description', 'description']"
美元兌换人民币,['50159'],[],description,1,0,[],,['5293'],[0.737385630607605],['description']
美元兌换人民币,['50159'],[],description,3,0,[],,"['5293', '46671', '51323']","[0.737385630607605, 0.7033820152282715, 0.5533035397529602]","['description', 'description', 'description']"
美元兑人民币汇率,['50159'],[],description,1,0,[],,['46671'],[0.7763799428939819],['description']
美元兑人民币汇率,['50159'],[],description,3,0,[],,"['46671', '5293', '50162']","[0.7763799428939819, 0.7525393962860107, 0.5868288278579712]","['description', 'description', 'description']"
美元兑人民币的走势图,['50159'],[],description,1,0,[],,['46671'],[0.7337706089019775],['description']
美元兑人民币的走势图,['50159'],[],description,3,0,[],,"['46671', '5293', '50162']","[0.7337706089019775, 0.6318778991699219, 0.6133818626403809]","['description', 'description', 'description']"
美元兑尼日利亚货币汇率,['50159'],[],description,1,0,[],,['46671'],[0.7110089063644409],['description']
美元兑尼日利亚货币汇率,['50159'],[],description,3,0,[],,"['46671', '5293', '5428']","[0.7110089063644409, 0.6951512098312378, 0.5148171186447144]","['description', 'description', 'description']"
美元地下汇率比银行高多少,['50159'],[],description,1,0,[],,['46671'],[0.6663025617599487],['description']
美元地下汇率比银行高多少,['50159'],[],description,3,0,[],,"['46671', '5293', '60338']","[0.6663025617599487, 0.6077793836593628, 0.5496768355369568]","['description', 'description', 'description']"
美元比人民币的汇率,['50159'],[],description,1,0,[],,['5293'],[0.7650707960128784],['description']
美元比人民币的汇率,['50159'],[],description,3,0,[],,"['5293', '46671', '50162']","[0.7650707960128784, 0.7546274662017822, 0.587665855884552]","['description', 'description', 'description']"
美金汇率兑换人民币,['50159'],[],description,1,0,[],,['5293'],[0.7586205005645752],['description']
美金汇率兑换人民币,['50159'],[],description,3,0,[],,"['5293', '46671', '50162']","[0.7586205005645752, 0.7055097818374634, 0.5710277557373047]","['description', 'description', 'description']"
老挝币兑人民币汇率,['50159'],[],description,1,0,[],,['5293'],[0.5830281972885132],['description']
老挝币兑人民币汇率,['50159'],[],description,3,0,[],,"['5293', '46671', '36607']","[0.5830281972885132, 0.5122647881507874, 0.441853791475296]","['description', 'description', 'description']"
英镑对人民币汇率,['50159'],[],description,1,0,[],,['5293'],[0.683657705783844],['description']
英镑对人民币汇率,['50159'],[],description,3,0,[],,"['5293', '46671', '50162']","[0.683657705783844, 0.6213836073875427, 0.532345175743103]","['description', 'description', 'description']"
蒙图兑换人民币,['50159'],[],description,1,0,[],,['5293'],[0.6330651044845581],['description']
蒙图兑换人民币,['50159'],[],description,3,0,[],,"['5293', '51323', '46671']","[0.6330651044845581, 0.5186355113983154, 0.5107593536376953]","['description', 'description', 'description']"
谢克尔,['50159'],[],description,1,0,[],,['5293'],[0.5980234146118164],['description']
谢克尔,['50159'],[],description,3,0,[],,"['5293', '46671', '51323']","[0.5980234146118164, 0.5606992244720459, 0.49002018570899963]","['description', 'description', 'description']"
迪拉姆与人民币的汇率,['50159'],[],description,1,0,[],,['5293'],[0.6691333055496216],['description']
迪拉姆与人民币的汇率,['50159'],[],description,3,0,[],,"['5293', '46671', '5428']","[0.6691333055496216, 0.6489570140838623, 0.5278757214546204]","['description', 'description', 'description']"
韩元5000万相当于多少人民币,['50159'],[],description,1,0,[],,['5293'],[0.6283611059188843],['description']
韩元5000万相当于多少人民币,['50159'],[],description,3,0,[],,"['5293', '46671', '50162']","[0.6283611059188843, 0.5286439657211304, 0.4856797456741333]","['description', 'description', 'description']"
马币对人民币汇率换算,['50159'],[],description,1,0,[],,['5293'],[0.6830854415893555],['description']
马币对人民币汇率换算,['50159'],[],description,3,0,[],,"['5293', '46671', '5428']","[0.6830854415893555, 0.5873340368270874, 0.5366038084030151]","['description', 'description', 'description']"
$汇率,['50159'],[],merged,1,0,[],,['5293'],[0.8109190464019775],['description']
$汇率,['50159'],[],merged,3,0,[],,"['5293', '46671', '50162']","[0.8109190464019775, 0.7318397164344788, 0.6227917075157166]","['description', 'description', 'description']"
1000000越南盾等于多少人民币,['50159'],[],merged,1,0,[],,['5293'],[0.6693298816680908],['description']
1000000越南盾等于多少人民币,['50159'],[],merged,3,0,[],,"['5293', '46671', '50162']","[0.6693298816680908, 0.5767463445663452, 0.4907696843147278]","['description', 'description', 'description']"
10000印尼盾等于多少人民币,['50159'],[],merged,1,0,[],,['5293'],[0.6774616241455078],['description']
10000印尼盾等于多少人民币,['50159'],[],merged,3,0,[],,"['5293', '46671', '50162']","[0.6774616241455078, 0.5621280670166016, 0.510240912437439]","['description', 'description', 'description']"
10000坚戈是多少人民币,['50159'],[],merged,1,0,[],,['5293'],[0.7102744579315186],['description']
10000坚戈是多少人民币,['50159'],[],merged,3,0,[],,"['5293', '46671', '51323']","[0.7102744579315186, 0.5895730257034302, 0.5305708646774292]","['description', 'description', 'description']"
10000日元相当于多少人民币,['50159'],[],merged,1,0,[],,['5293'],[0.6840256452560425],['description']
10000日元相当于多少人民币,['50159'],[],merged,3,0,[],,"['5293', '46671', '51323']","[0.6840256452560425, 0.6082805395126343, 0.5196355581283569]","['description', 'description', 'description']"
1000万老挝币是多少人民币,['50159'],[],merged,1,0,[],,['5293'],[0.5549136400222778],['description']
1000万老挝币是多少人民币,['50159'],[],merged,3,0,[],,"['5293', '46671', '60338']","[0.5549136400222778, 0.47324949502944946, 0.43628379702568054]","['description', 'title_description', 'description']"
1000台币,['50159'],[],merged,1,0,[],,['60338'],[0.49729108810424805],['description']
1000台币,['50159'],[],merged,3,0,[],,"['60338', '5293', '47266']","[0.49729108810424805, 0.48750531673431396, 0.4808248281478882]","['description', 'description', 'title_description']"
1000台币等于多少人民币,['50159'],[],merged,1,0,[],,['5293'],[0.6623561382293701],['description']
1000台币等于多少人民币,['50159'],[],merged,3,0,[],,"['5293', '46671', '5428']","[0.6623561382293701, 0.5352170467376709, 0.5119255781173706]","['description', 'description', 'title_description']"
100万卢币=人民币,['50159'],[],merged,1,0,[],,['5293'],[0.5851126909255981],['description']
100万卢币=人民币,['50159'],[],merged,3,0,[],,"['5293', '46671', '50162']","[0.5851126909255981, 0.5046852827072144, 0.4555324912071228]","['description', 'title_description', 'description']"
100元人民币等于多少泰铢,['50159'],[],merged,1,0,[],,['5293'],[0.6231522560119629],['description']
100元人民币等于多少泰铢,['50159'],[],merged,3,0,[],,"['5293', '46671', '50162']","[0.6231522560119629, 0.5203336477279663, 0.49265056848526]","['description', 'description', 'description']"
100元澳门币等于多少人民币,['50159'],[],merged,1,0,[],,['5293'],[0.6446943283081055],['description']
100元澳门币等于多少人民币,['50159'],[],merged,3,0,[],,"['5293', '46671', '5428']","[0.6446943283081055, 0.5379775166511536, 0.5002028942108154]","['description', 'title_description', 'title_description']"
10万美金等于多少人民币,['50159'],[],merged,1,0,[],,['5293'],[0.6947582364082336],['description']
10万美金等于多少人民币,['50159'],[],merged,3,0,[],,"['5293', '46671', '51323']","[0.6947582364082336, 0.6152973175048828, 0.5286829471588135]","['description', 'description', 'description']"
1300美金,['50159'],[],merged,1,0,[],,['60338'],[0.5176336169242859],['description']
1300美金,['50159'],[],merged,3,0,[],,"['60338', '46671', '51590']","[0.5176336169242859, 0.5150307416915894, 0.5128549337387085]","['description', 'title_description', 'title_description']"
130万叙利亚币是多少人民币,['50159'],[],merged,1,0,[],,['5293'],[0.666223406791687],['description']
130万叙利亚币是多少人民币,['50159'],[],merged,3,0,[],,"['5293', '46671', '36607']","[0.666223406791687, 0.5612674951553345, 0.504784882068634]","['description', 'title_description', 'description']"
136000韩元等于多少人民币,['50159'],[],merged,1,0,[],,['5293'],[0.6661635041236877],['description']
136000韩元等于多少人民币,['50159'],[],merged,3,0,[],,"['5293', '46671', '36607']","[0.6661635041236877, 0.5519214868545532, 0.49120986461639404]","['description', 'description', 'description']"
140港币等于多少人民币,['50159'],[],merged,1,0,[],,['5293'],[0.6986135244369507],['description']
140港币等于多少人民币,['50159'],[],merged,3,0,[],,"['5293', '46671', '50162']","[0.6986135244369507, 0.581343412399292, 0.5741362571716309]","['description', 'description', 'description']"
1500万越南盾,['50159'],[],merged,1,0,[],,['5293'],[0.5137386918067932],['title_description']
1500万越南盾,['50159'],[],merged,3,0,[],,"['5293', '51323', '51044']","[0.5137386918067932, 0.46521610021591187, 0.45476993918418884]","['title_description', 'description', 'title_description']"
15刀是多少人民币,['50159'],[],merged,1,0,[],,['5293'],[0.6656531095504761],['description']
15刀是多少人民币,['50159'],[],merged,3,0,[],,"['5293', '46671', '60338']","[0.6656531095504761, 0.5865300893783569, 0.5335925817489624]","['description', 'description', 'description']"
16000泰铢等于多少人民币,['50159'],[],merged,1,0,[],,['5293'],[0.6639240980148315],['description']
16000泰铢等于多少人民币,['50159'],[],merged,3,0,[],,"['5293', '46671', '51323']","[0.6639240980148315, 0.5374739170074463, 0.5031959414482117]","['description', 'description', 'description']"
167万韩元等于多少人民币,['50159'],[],merged,1,0,[],,['5293'],[0.6832024455070496],['description']
167万韩元等于多少人民币,['50159'],[],merged,3,0,[],,"['5293', '46671', '51590']","[0.6832024455070496, 0.5488486289978027, 0.4959564805030823]","['description', 'description', 'title_description']"
1700港币等于多少人民币,['50159'],[],merged,1,0,[],,['5293'],[0.6832848787307739],['description']
1700港币等于多少人民币,['50159'],[],merged,3,0,[],,"['5293', '46671', '50162']","[0.6832848787307739, 0.559728741645813, 0.5525377988815308]","['description', 'title_description', 'description']"
1万韩元等于多少人民币,['50159'],[],merged,1,0,[],,['5293'],[0.6720941662788391],['description']
1万韩元等于多少人民币,['50159'],[],merged,3,0,[],,"['5293', '46671', '36607']","[0.6720941662788391, 0.5516811609268188, 0.48894619941711426]","['description', 'description', 'description']"
1美元,['50159'],[],merged,1,0,[],,['46671'],[0.5647109746932983],['description']
1美元,['50159'],[],merged,3,0,[],,"['46671', '5293', '51044']","[0.5647109746932983, 0.5215907096862793, 0.47176802158355713]","['description', 'description', 'title_description']"
1马币等于多少人民币,['50159'],[],merged,1,0,[],,['5293'],[0.6576729416847229],['description']
1马币等于多少人民币,['50159'],[],merged,3,0,[],,"['5293', '46671', '5428']","[0.6576729416847229, 0.5588014125823975, 0.4900400936603546]","['description', 'description', 'title_description']"
20000泰铢等于多少人民币,['50159'],[],merged,1,0,[],,['5293'],[0.6464595794677734],['description']
20000泰铢等于多少人民币,['50159'],[],merged,3,0,[],,"['5293', '46671', '51323']","[0.6464595794677734, 0.5225552320480347, 0.5203569531440735]","['description', 'description', 'description']"
2000块人民币等于多少韩币,['50159'],[],merged,1,0,[],,['5293'],[0.6204870939254761],['description']
2000块人民币等于多少韩币,['50159'],[],merged,3,0,[],,"['5293', '46671', '51323']","[0.6204870939254761, 0.5024505257606506, 0.4665621221065521]","['description', 'description', 'description']"
2007年美元对人民币的汇率是多少,['50159'],[],merged,1,0,[],,['46671'],[0.6646056175231934],['description']
2007年美元对人民币的汇率是多少,['50159'],[],merged,3,0,[],,"['46671', '5293', '5428']","[0.6646056175231934, 0.6566402912139893, 0.4694393575191498]","['description', 'description', 'title_description']"
200万港币,['50159'],[],merged,1,0,[],,['50162'],[0.5031852126121521],['title_description']
200万港币,['50159'],[],merged,3,0,[],,"['50162', '5428', '60338']","[0.5031852126121521, 0.4475787878036499, 0.44519954919815063]","['title_description', 'title_description', 'description']"
200万韩元等于多少人民币,['50159'],[],merged,1,0,[],,['5293'],[0.6691293120384216],['description']
200万韩元等于多少人民币,['50159'],[],merged,3,0,[],,"['5293', '46671', '51323']","[0.6691293120384216, 0.544638991355896, 0.5001922845840454]","['description', 'description', 'description']"
200卢比等于多少人民币,['50159'],[],merged,1,0,[],,['5293'],[0.6770273447036743],['description']
200卢比等于多少人民币,['50159'],[],merged,3,0,[],,"['5293', '46671', '51323']","[0.6770273447036743, 0.547491192817688, 0.49254971742630005]","['description', 'title_description', 'description']"
200港币等于多少人民币,['50159'],[],merged,1,0,[],,['5293'],[0.6932650208473206],['description']
200港币等于多少人民币,['50159'],[],merged,3,0,[],,"['5293', '46671', '50162']","[0.6932650208473206, 0.576264500617981, 0.5656324028968811]","['description', 'description', 'description']"
200美金等于多少人民币,['50159'],[],merged,1,0,[],,['5293'],[0.7005661725997925],['description']
200美金等于多少人民币,['50159'],[],merged,3,0,[],,"['5293', '46671', '51323']","[0.7005661725997925, 0.6230480670928955, 0.5141711235046387]","['description', 'description', 'description']"
2026年6月1日美元兑人民币汇率,['50159'],[],merged,1,0,[],,['46671'],[0.6982953548431396],['description']
2026年6月1日美元兑人民币汇率,['50159'],[],merged,3,0,[],,"['46671', '5293', '50354']","[0.6982953548431396, 0.6657732129096985, 0.5282710194587708]","['description', 'description', 'title_description']"
2200000韩元汇率,['50159'],[],merged,1,0,[],,['5293'],[0.6347118616104126],['description']
2200000韩元汇率,['50159'],[],merged,3,0,[],,"['5293', '46671', '36607']","[0.6347118616104126, 0.5501004457473755, 0.4768080711364746]","['description', 'description', 'description']"
2275泰铢等于多少人民币,['50159'],[],merged,1,0,[],,['5293'],[0.6303299069404602],['description']
2275泰铢等于多少人民币,['50159'],[],merged,3,0,[],,"['5293', '46671', '51323']","[0.6303299069404602, 0.5219901204109192, 0.5051122903823853]","['description', 'description', 'description']"
240万英镑等于多少人民币,['50159'],[],merged,1,0,[],,['5293'],[0.6716256141662598],['description']
240万英镑等于多少人民币,['50159'],[],merged,3,0,[],,"['5293', '46671', '51323']","[0.6716256141662598, 0.5596469044685364, 0.511262059211731]","['description', 'description', 'description']"
2640日元等于多少人民币,['50159'],[],merged,1,0,[],,['5293'],[0.6627120971679688],['description']
2640日元等于多少人民币,['50159'],[],merged,3,0,[],,"['5293', '46671', '51323']","[0.6627120971679688, 0.569362998008728, 0.5071356296539307]","['description', 'description', 'description']"
26500韩元等于多少人民币,['50159'],[],merged,1,0,[],,['5293'],[0.684516429901123],['description']
26500韩元等于多少人民币,['50159'],[],merged,3,0,[],,"['5293', '46671', '5428']","[0.684516429901123, 0.5677297711372375, 0.5004923343658447]","['description', 'title_description', 'title_description']"
3000万韩元等于多少人民币,['50159'],[],merged,1,0,[],,['5293'],[0.6472346782684326],['description']
3000万韩元等于多少人民币,['50159'],[],merged,3,0,[],,"['5293', '46671', '51590']","[0.6472346782684326, 0.5242810845375061, 0.4852006137371063]","['description', 'description', 'title_description']"
3000泰铢等于多少人民币,['50159'],[],merged,1,0,[],,['5293'],[0.632914662361145],['description']
3000泰铢等于多少人民币,['50159'],[],merged,3,0,[],,"['5293', '46671', '51323']","[0.632914662361145, 0.5111499428749084, 0.4974353313446045]","['description', 'description', 'description']"
3000马币等于多少人民币,['50159'],[],merged,1,0,[],,['5293'],[0.6502447128295898],['description']
3000马币等于多少人民币,['50159'],[],merged,3,0,[],,"['5293', '46671', '5428']","[0.6502447128295898, 0.5337216854095459, 0.49000903964042664]","['description', 'title_description', 'title_description']"
320港币,['50159'],[],merged,1,0,[],,['50162'],[0.5343014001846313],['description']
320港币,['50159'],[],merged,3,0,[],,"['50162', '60338', '51590']","[0.5343014001846313, 0.5135408639907837, 0.5127192735671997]","['description', 'description', 'title_description']"
360万美元是多少人民币,['50159'],[],merged,1,0,[],,['5293'],[0.6701500415802002],['description']
360万美元是多少人民币,['50159'],[],merged,3,0,[],,"['5293', '46671', '51323']","[0.6701500415802002, 0.566585898399353, 0.5107840299606323]","['description', 'description', 'description']"
370港币等于多少人民币,['50159'],[],merged,1,0,[],,['5293'],[0.6676814556121826],['description']
370港币等于多少人民币,['50159'],[],merged,3,0,[],,"['5293', '46671', '50162']","[0.6676814556121826, 0.5511109828948975, 0.5419876575469971]","['description', 'title_description', 'description']"
4000泰铢等于多少人民币,['50159'],[],merged,1,0,[],,['5293'],[0.6528642177581787],['description']
4000泰铢等于多少人民币,['50159'],[],merged,3,0,[],,"['5293', '46671', '51323']","[0.6528642177581787, 0.5282739400863647, 0.5224291086196899]","['description', 'description', 'description']"
400美金等于多少人民币,['50159'],[],merged,1,0,[],,['5293'],[0.7088599801063538],['description']
400美金等于多少人民币,['50159'],[],merged,3,0,[],,"['5293', '46671', '51323']","[0.7088599801063538, 0.6198700666427612, 0.5219464302062988]","['description', 'description', 'description']"
40英镑等于多少人民币,['50159'],[],merged,1,0,[],,['5293'],[0.6629135012626648],['description']
40英镑等于多少人民币,['50159'],[],merged,3,0,[],,"['5293', '46671', '51590']","[0.6629135012626648, 0.5448503494262695, 0.47973331809043884]","['description', 'title_description', 'title_description']"
420000韩元等于多少人民币,['50159'],[],merged,1,0,[],,['5293'],[0.6635555028915405],['description']
420000韩元等于多少人民币,['50159'],[],merged,3,0,[],,"['5293', '46671', '51323']","[0.6635555028915405, 0.5433436632156372, 0.5026955604553223]","['description', 'description', 'description']"
4亿韩元等于多少人民币,['50159'],[],merged,1,0,[],,['5293'],[0.6626136302947998],['description']
4亿韩元等于多少人民币,['50159'],[],merged,3,0,[],,"['5293', '46671', '36607']","[0.6626136302947998, 0.5349531173706055, 0.4919917583465576]","['description', 'description', 'description']"
50000韩元等于多少人民币,['50159'],[],merged,1,0,[],,['5293'],[0.683343768119812],['description']
50000韩元等于多少人民币,['50159'],[],merged,3,0,[],,"['5293', '46671', '50162']","[0.683343768119812, 0.5588843822479248, 0.4954580068588257]","['description', 'description', 'description']"
5000万印尼盾等于多少人民币,['50159'],[],merged,1,0,[],,['5293'],[0.6502417325973511],['description']
5000万印尼盾等于多少人民币,['50159'],[],merged,3,0,[],,"['5293', '46671', '50162']","[0.6502417325973511, 0.5374877452850342, 0.48946067690849304]","['description', 'description', 'description']"
5000万缅币是多少人民币,['50159'],[],merged,1,0,[],,['5293'],[0.6344785690307617],['description']
5000万缅币是多少人民币,['50159'],[],merged,3,0,[],,"['5293', '46671', '36607']","[0.6344785690307617, 0.5249466300010681, 0.47213584184646606]","['description', 'title_description', 'description']"
5000万越南盾是多少人民币,['50159'],[],merged,1,0,[],,['5293'],[0.6305605173110962],['description']
5000万越南盾是多少人民币,['50159'],[],merged,3,0,[],,"['5293', '46671', '51323']","[0.6305605173110962, 0.5293240547180176, 0.47901618480682373]","['description', 'description', 'description']"
5000泰铢是多少人民币,['50159'],[],merged,1,0,[],,['5293'],[0.6394644379615784],['description']
5000泰铢是多少人民币,['50159'],[],merged,3,0,[],,"['5293', '46671', '51323']","[0.6394644379615784, 0.5202378630638123, 0.5064761638641357]","['description', 'description', 'description']"
5000英镑等于多少人民币,['50159'],[],merged,1,0,[],,['5293'],[0.6906999945640564],['description']
5000英镑等于多少人民币,['50159'],[],merged,3,0,[],,"['5293', '46671', '50162']","[0.6906999945640564, 0.5659220218658447, 0.5032803416252136]","['description', 'description', 'description']"
500港币等于多少人民币,['50159'],[],merged,1,0,[],,['5293'],[0.6861627101898193],['description']
500港币等于多少人民币,['50159'],[],merged,3,0,[],,"['5293', '46671', '50162']","[0.6861627101898193, 0.5731382369995117, 0.5722376108169556]","['description', 'description', 'description']"
500美金等于多少人民币,['50159'],[],merged,1,0,[],,['5293'],[0.70528244972229],['description']
500美金等于多少人民币,['50159'],[],merged,3,0,[],,"['5293', '46671', '5428']","[0.70528244972229, 0.627754807472229, 0.5093927979469299]","['description', 'description', 'title_description']"
520欧元,['50159'],[],merged,1,0,[],,['60338'],[0.5086908340454102],['description']
520欧元,['50159'],[],merged,3,0,[],,"['60338', '5293', '46671']","[0.5086908340454102, 0.5024797320365906, 0.5001126527786255]","['description', 'description', 'title_description']"
688港币等于多少人民币,['50159'],[],merged,1,0,[],,['5293'],[0.6847901940345764],['description']
688港币等于多少人民币,['50159'],[],merged,3,0,[],,"['5293', '46671', '50162']","[0.6847901940345764, 0.5832543969154358, 0.5653607249259949]","['description', 'title_description', 'description']"
70000韩元等于多少人民币,['50159'],[],merged,1,0,[],,['5293'],[0.6634331345558167],['description']
70000韩元等于多少人民币,['50159'],[],merged,3,0,[],,"['5293', '46671', '51590']","[0.6634331345558167, 0.5393399000167847, 0.4859005808830261]","['description', 'description', 'title_description']"
80000韩元等于多少人民币,['50159'],[],merged,1,0,[],,['5293'],[0.6691354513168335],['description']
80000韩元等于多少人民币,['50159'],[],merged,3,0,[],,"['5293', '46671', '50162']","[0.6691354513168335, 0.5525006651878357, 0.48511946201324463]","['description', 'description', 'description']"
8000澳门币等于多少人民币,['50159'],[],merged,1,0,[],,['5293'],[0.6571999192237854],['description']
8000澳门币等于多少人民币,['50159'],[],merged,3,0,[],,"['5293', '46671', '5428']","[0.6571999192237854, 0.5379323363304138, 0.4977128505706787]","['description', 'title_description', 'title_description']"
89万亿韩元,['50159'],[],merged,1,0,[],,['50926'],[0.4397280216217041],['title_description']
89万亿韩元,['50159'],[],merged,3,0,[],,"['50926', '5293', '50162']","[0.4397280216217041, 0.4309138059616089, 0.4255414605140686]","['title_description', 'title_description', 'description']"
90000日元,['50159'],[],merged,1,0,[],,['61111'],[0.4982185363769531],['title_description']
90000日元,['50159'],[],merged,3,0,[],,"['61111', '51323', '5293']","[0.4982185363769531, 0.4911842942237854, 0.48808467388153076]","['title_description', 'description', 'description']"
90000韩元,['50159'],[],merged,1,0,[],,['51590'],[0.5016063451766968],['title_description']
90000韩元,['50159'],[],merged,3,0,[],,"['51590', '60338', '5293']","[0.5016063451766968, 0.5001518726348877, 0.49866923689842224]","['title_description', 'description', 'description']"
9000欧元等于多少人民币,['50159'],[],merged,1,0,[],,['5293'],[0.7031260132789612],['description']
9000欧元等于多少人民币,['50159'],[],merged,3,0,[],,"['5293', '46671', '51323']","[0.7031260132789612, 0.5750995874404907, 0.5175843834877014]","['description', 'title_description', 'description']"
9000港元等于多少人民币,['50159'],[],merged,1,0,[],,['5293'],[0.6979784965515137],['description']
9000港元等于多少人民币,['50159'],[],merged,3,0,[],,"['5293', '50162', '46671']","[0.6979784965515137, 0.5851980447769165, 0.5842796564102173]","['description', 'description', 'description']"
ern,['50159'],[],merged,1,0,[],,['85'],[0.5674373507499695],['description']
ern,['50159'],[],merged,3,0,[],,"['85', '50143', '62172']","[0.5674373507499695, 0.5656156539916992, 0.5516683459281921]","['description', 'description', 'description']"
一个加币等于多少人民币,['50159'],[],merged,1,0,[],,['5293'],[0.6632466912269592],['description']
一个加币等于多少人民币,['50159'],[],merged,3,0,[],,"['5293', '46671', '36607']","[0.6632466912269592, 0.5735114216804504, 0.5048762559890747]","['description', 'title_description', 'description']"
一元人民币等于多少卢比,['50159'],[],merged,1,0,[],,['5293'],[0.6062986850738525],['description']
一元人民币等于多少卢比,['50159'],[],merged,3,0,[],,"['5293', '46671', '5428']","[0.6062986850738525, 0.49890029430389404, 0.44344761967658997]","['description', 'description', 'title_description']"
一元港币等于多少人民币,['50159'],[],merged,1,0,[],,['5293'],[0.686745285987854],['description']
一元港币等于多少人民币,['50159'],[],merged,3,0,[],,"['5293', '46671', '50162']","[0.686745285987854, 0.601920485496521, 0.5790920853614807]","['description', 'description', 'description']"
一千泰铢等于多少人民币,['50159'],[],merged,1,0,[],,['5293'],[0.6112938523292542],['description']
一千泰铢等于多少人民币,['50159'],[],merged,3,0,[],,"['5293', '46671', '51323']","[0.6112938523292542, 0.5076085329055786, 0.4844781160354614]","['description', 'description', 'description']"
一新币等于多少人民币,['50159'],[],merged,1,0,[],,['5293'],[0.6506967544555664],['description']
一新币等于多少人民币,['50159'],[],merged,3,0,[],,"['5293', '36607', '46671']","[0.6506967544555664, 0.5824107527732849, 0.551743745803833]","['description', 'description', 'description']"
一美元等于多少人民币,['50159'],[],merged,1,0,[],,['5293'],[0.711555004119873],['description']
一美元等于多少人民币,['50159'],[],merged,3,0,[],,"['5293', '46671', '50926']","[0.711555004119873, 0.7029184103012085, 0.5249927043914795]","['description', 'description', 'title_description']"
一英镑抵多少人民币,['50159'],[],merged,1,0,[],,['5293'],[0.6802487373352051],['description']
一英镑抵多少人民币,['50159'],[],merged,3,0,[],,"['5293', '46671', '36607']","[0.6802487373352051, 0.5894775390625, 0.5191360712051392]","['description', 'description', 'description']"
两万2千韩元等于多少人民币,['50159'],[],merged,1,0,[],,['5293'],[0.6757248640060425],['description']
两万2千韩元等于多少人民币,['50159'],[],merged,3,0,[],,"['5293', '46671', '51323']","[0.6757248640060425, 0.5565781593322754, 0.5199854373931885]","['description', 'description', 'description']"
丹麦克朗汇率换算人民币,['50159'],[],merged,1,0,[],,['5293'],[0.6293082237243652],['description']
丹麦克朗汇率换算人民币,['50159'],[],merged,3,0,[],,"['5293', '46671', '5428']","[0.6293082237243652, 0.6048921942710876, 0.47067171335220337]","['description', 'description', 'title_description']"
九万卢比等于多少人民币,['50159'],[],merged,1,0,[],,['5293'],[0.6985461711883545],['description']
九万卢比等于多少人民币,['50159'],[],merged,3,0,[],,"['5293', '46671', '5428']","[0.6985461711883545, 0.5743117332458496, 0.5062347054481506]","['description', 'title_description', 'title_description']"
二十万越南盾等于多少人民币,['50159'],[],merged,1,0,[],,['5293'],[0.6396396160125732],['title_description']
二十万越南盾等于多少人民币,['50159'],[],merged,3,0,[],,"['5293', '46671', '51323']","[0.6396396160125732, 0.5374841690063477, 0.4948436915874481]","['title_description', 'description', 'description']"
五千万韩元等于多少人民币,['50159'],[],merged,1,0,[],,['5293'],[0.6486502885818481],['description']
五千万韩元等于多少人民币,['50159'],[],merged,3,0,[],,"['5293', '46671', '51590']","[0.6486502885818481, 0.529530942440033, 0.4844777584075928]","['description', 'description', 'title_description']"
五千韩币是多少人民币,['50159'],[],merged,1,0,[],,['5293'],[0.566083550453186],['description']
五千韩币是多少人民币,['50159'],[],merged,3,0,[],,"['5293', '46671', '60338']","[0.566083550453186, 0.48399725556373596, 0.4620911478996277]","['description', 'title_description', 'description']"
人民币与韩币汇率,['50159'],[],merged,1,0,[],,['5293'],[0.6858274340629578],['description']
人民币与韩币汇率,['50159'],[],merged,3,0,[],,"['5293', '46671', '50162']","[0.6858274340629578, 0.5926694869995117, 0.5230804681777954]","['description', 'description', 'description']"
人民币兑换泰铢,['50159'],[],merged,1,0,[],,['5293'],[0.6352394223213196],['description']
人民币兑换泰铢,['50159'],[],merged,3,0,[],,"['5293', '46671', '51323']","[0.6352394223213196, 0.5291281938552856, 0.4973994493484497]","['description', 'description', 'description']"
人民币兑汇率,['50159'],[],merged,1,0,[],,['5293'],[0.7428662776947021],['description']
人民币兑汇率,['50159'],[],merged,3,0,[],,"['5293', '46671', '50162']","[0.7428662776947021, 0.6585647463798523, 0.5500717163085938]","['description', 'description', 'description']"
人民币卢布汇率走势图,['50159'],[],merged,1,0,[],,['46671'],[0.5776751041412354],['title_description']
人民币卢布汇率走势图,['50159'],[],merged,3,0,[],,"['46671', '5293', '50162']","[0.5776751041412354, 0.5346555709838867, 0.4524189531803131]","['title_description', 'description', 'description']"
人民币和克朗的汇率是多少,['50159'],[],merged,1,0,[],,['5293'],[0.7304707765579224],['description']
人民币和克朗的汇率是多少,['50159'],[],merged,3,0,[],,"['5293', '46671', '5428']","[0.7304707765579224, 0.6136997938156128, 0.5339879989624023]","['description', 'title_description', 'title_description']"
人民币和印度卢比汇率,['50159'],[],merged,1,0,[],,['5293'],[0.6911436319351196],['description']
人民币和印度卢比汇率,['50159'],[],merged,3,0,[],,"['5293', '46671', '5428']","[0.6911436319351196, 0.5782174468040466, 0.5226000547409058]","['description', 'description', 'title_description']"
人民币和台币汇率,['50159'],[],merged,1,0,[],,['5293'],[0.6802645921707153],['description']
人民币和台币汇率,['50159'],[],merged,3,0,[],,"['5293', '46671', '50162']","[0.6802645921707153, 0.5962334275245667, 0.5793904066085815]","['description', 'description', 'description']"
人民币和坚戈的汇率,['50159'],[],merged,1,0,[],,['5293'],[0.6601618528366089],['description']
人民币和坚戈的汇率,['50159'],[],merged,3,0,[],,"['5293', '46671', '5428']","[0.6601618528366089, 0.5749639272689819, 0.5339103937149048]","['description', 'title_description', 'title_description']"
人民币菲律宾比索的汇率,['50159'],[],merged,1,0,[],,['5293'],[0.6926761865615845],['description']
人民币菲律宾比索的汇率,['50159'],[],merged,3,0,[],,"['5293', '46671', '36607']","[0.6926761865615845, 0.6070431470870972, 0.5197101831436157]","['description', 'title_description', 'description']"
今天美元对人民币的汇率,['50159'],[],merged,1,0,[],,['46671'],[0.7843576073646545],['description']
今天美元对人民币的汇率,['50159'],[],merged,3,0,[],,"['46671', '5293', '50926']","[0.7843576073646545, 0.7585213780403137, 0.6087828874588013]","['description', 'description', 'title_description']"
今天韩元人民币汇率,['50159'],[],merged,1,0,[],,['5293'],[0.683996319770813],['description']
今天韩元人民币汇率,['50159'],[],merged,3,0,[],,"['5293', '46671', '50162']","[0.683996319770813, 0.6356790065765381, 0.5242642760276794]","['description', 'description', 'description']"
今日人民币兑韩币的汇率是多少,['50159'],[],merged,1,0,[],,['5293'],[0.6961795687675476],['description']
今日人民币兑韩币的汇率是多少,['50159'],[],merged,3,0,[],,"['5293', '46671', '50162']","[0.6961795687675476, 0.6333599090576172, 0.5412412285804749]","['description', 'description', 'description']"
今日汇率港币,['50159'],[],merged,1,0,[],,['5293'],[0.7616446018218994],['description']
今日汇率港币,['50159'],[],merged,3,0,[],,"['5293', '46671', '50162']","[0.7616446018218994, 0.7046670913696289, 0.6419029235839844]","['description', 'description', 'description']"
俄币兑换人民币汇率多少,['50159'],[],merged,1,0,[],,['5293'],[0.6894676089286804],['description']
俄币兑换人民币汇率多少,['50159'],[],merged,3,0,[],,"['5293', '46671', '36607']","[0.6894676089286804, 0.6265992522239685, 0.6235088109970093]","['description', 'title_description', 'description']"
俄罗斯100元换人民币多少,['50159'],[],merged,1,0,[],,['5293'],[0.6161954998970032],['description']
俄罗斯100元换人民币多少,['50159'],[],merged,3,0,[],,"['5293', '46671', '51590']","[0.6161954998970032, 0.5291827917098999, 0.4507278501987457]","['description', 'description', 'title_description']"
几内亚币对人民币汇率,['50159'],[],merged,1,0,[],,['5293'],[0.6218641996383667],['description']
几内亚币对人民币汇率,['50159'],[],merged,3,0,[],,"['5293', '46671', '50162']","[0.6218641996383667, 0.5565536618232727, 0.4951995611190796]","['description', 'title_description', 'description']"
加元对人民币的汇率,['50159'],[],merged,1,0,[],,['5293'],[0.7158489227294922],['description']
加元对人民币的汇率,['50159'],[],merged,3,0,[],,"['5293', '46671', '5428']","[0.7158489227294922, 0.6478376984596252, 0.55595862865448]","['description', 'description', 'title_description']"
卢布人民币的汇率,['50159'],[],merged,1,0,[],,['5293'],[0.6600189208984375],['description']
卢布人民币的汇率,['50159'],[],merged,3,0,[],,"['5293', '46671', '51590']","[0.6600189208984375, 0.589847207069397, 0.5177220106124878]","['description', 'title_description', 'title_description']"
印尼1000等于多少人民币,['50159'],[],merged,1,0,[],,['5293'],[0.5882036685943604],['description']
印尼1000等于多少人民币,['50159'],[],merged,3,0,[],,"['5293', '46671', '50162']","[0.5882036685943604, 0.5048774480819702, 0.4621317386627197]","['description', 'description', 'description']"
印尼盾与人民币的汇率,['50159'],[],merged,1,0,[],,['5293'],[0.6243048310279846],['description']
印尼盾与人民币的汇率,['50159'],[],merged,3,0,[],,"['5293', '46671', '50162']","[0.6243048310279846, 0.5586808919906616, 0.5041468143463135]","['description', 'description', 'description']"
叙利亚100元等于人民币多少,['50159'],[],merged,1,0,[],,['5293'],[0.5775357484817505],['description']
叙利亚100元等于人民币多少,['50159'],[],merged,3,0,[],,"['5293', '46671', '50162']","[0.5775357484817505, 0.511184811592102, 0.443943053483963]","['description', 'title_description', 'description']"
哈萨克斯坦货币兑换人民币汇率,['50159'],[],merged,1,0,[],,['5293'],[0.632097601890564],['description']
哈萨克斯坦货币兑换人民币汇率,['50159'],[],merged,3,0,[],,"['5293', '46671', '5428']","[0.632097601890564, 0.5828803777694702, 0.5092900991439819]","['description', 'title_description', 'title_description']"
墨西哥比索兑换人民币的汇率,['50159'],[],merged,1,0,[],,['5293'],[0.6859187483787537],['description']
墨西哥比索兑换人民币的汇率,['50159'],[],merged,3,0,[],,"['5293', '46671', '5428']","[0.6859187483787537, 0.6188908815383911, 0.5209837555885315]","['description', 'title_description', 'title_description']"
新加坡兑换人民币,['50159'],[],merged,1,0,[],,['5293'],[0.6236961483955383],['description']
新加坡兑换人民币,['50159'],[],merged,3,0,[],,"['5293', '46671', '61111']","[0.6236961483955383, 0.5201401710510254, 0.4917692244052887]","['description', 'title_description', 'title_description']"
新加坡币兑人民币的汇率是多少钱,['50159'],[],merged,1,0,[],,['5293'],[0.6984453797340393],['description']
新加坡币兑人民币的汇率是多少钱,['50159'],[],merged,3,0,[],,"['5293', '46671', '50162']","[0.6984453797340393, 0.5995560884475708, 0.541045069694519]","['description', 'description', 'description']"
新西兰元对人民币汇率,['50159'],[],merged,1,0,[],,['5293'],[0.6505780220031738],['description']
新西兰元对人民币汇率,['50159'],[],merged,3,0,[],,"['5293', '46671', '50162']","[0.6505780220031738, 0.5970172882080078, 0.5362027883529663]","['description', 'title_description', 'description']"
日元汇率兑人民币,['50159'],[],merged,1,0,[],,['5293'],[0.6980798244476318],['description']
日元汇率兑人民币,['50159'],[],merged,3,0,[],,"['5293', '46671', '50162']","[0.6980798244476318, 0.6603717803955078, 0.5531877279281616]","['description', 'description', 'description']"
欧元对美金,['50159'],[],merged,1,0,[],,['5293'],[0.6973679065704346],['description']
欧元对美金,['50159'],[],merged,3,0,[],,"['5293', '46671', '5428']","[0.6973679065704346, 0.6674440503120422, 0.5727686882019043]","['description', 'description', 'title_description']"
欧元的人民币汇率,['50159'],[],merged,1,0,[],,['5293'],[0.7157106995582581],['description']
欧元的人民币汇率,['50159'],[],merged,3,0,[],,"['5293', '46671', '50162']","[0.7157106995582581, 0.6375604271888733, 0.5274258852005005]","['description', 'title_description', 'description']"
比特币的美元行情价格,['50159'],[],merged,1,0,[],,['36607'],[0.8321187496185303],['description']
比特币的美元行情价格,['50159'],[],merged,3,0,[],,"['36607', '46671', '5293']","[0.8321187496185303, 0.6785098314285278, 0.6252735257148743]","['description', 'description', 'description']"
法郎等于多少人民币,['50159'],[],merged,1,0,[],,['5293'],[0.6882232427597046],['description']
法郎等于多少人民币,['50159'],[],merged,3,0,[],,"['5293', '46671', '51255']","[0.6882232427597046, 0.5762807130813599, 0.5222856998443604]","['description', 'title_description', 'title_description']"
泰铢对人民币汇率,['50159'],[],merged,1,0,[],,['5293'],[0.6663268804550171],['description']
泰铢对人民币汇率,['50159'],[],merged,3,0,[],,"['5293', '46671', '50162']","[0.6663268804550171, 0.5954606533050537, 0.5631241798400879]","['description', 'description', 'description']"
港币兑rmb,['50159'],[],merged,1,0,[],,['50162'],[0.6877368092536926],['description']
港币兑rmb,['50159'],[],merged,3,0,[],,"['50162', '5293', '5428']","[0.6877368092536926, 0.6803197264671326, 0.6325424909591675]","['description', 'description', 'title_description']"
港币对人民币的汇率是多少,['50159'],[],merged,1,0,[],,['5293'],[0.7303189039230347],['description']
港币对人民币的汇率是多少,['50159'],[],merged,3,0,[],,"['5293', '46671', '50162']","[0.7303189039230347, 0.6376422643661499, 0.6189680099487305]","['description', 'description', 'description']"
澳元兑换人民币汇率,['50159'],[],merged,1,0,[],,['5293'],[0.7034718990325928],['description']
澳元兑换人民币汇率,['50159'],[],merged,3,0,[],,"['5293', '46671', '5428']","[0.7034718990325928, 0.6041756868362427, 0.5337016582489014]","['description', 'title_description', 'title_description']"
澳元和人民币汇率,['50159'],[],merged,1,0,[],,['5293'],[0.6998831629753113],['description']
澳元和人民币汇率,['50159'],[],merged,3,0,[],,"['5293', '46671', '5428']","[0.6998831629753113, 0.6144676208496094, 0.5752662420272827]","['description', 'title_description', 'title_description']"
澳门币兑人民币汇率,['50159'],[],merged,1,0,[],,['5293'],[0.6641374826431274],['description']
澳门币兑人民币汇率,['50159'],[],merged,3,0,[],,"['5293', '46671', '50162']","[0.6641374826431274, 0.5923820734024048, 0.5502310991287231]","['description', 'title_description', 'description']"
瑞士法郎兑换人民币的汇率,['50159'],[],merged,1,0,[],,['5293'],[0.6884698867797852],['description']
瑞士法郎兑换人民币的汇率,['50159'],[],merged,3,0,[],,"['5293', '46671', '50162']","[0.6884698867797852, 0.5815933346748352, 0.5204200148582458]","['description', 'title_description', 'description']"
美元兌换人民币,['50159'],[],merged,1,0,[],,['5293'],[0.737385630607605],['description']
美元兌换人民币,['50159'],[],merged,3,0,[],,"['5293', '46671', '50926']","[0.737385630607605, 0.7033820152282715, 0.5751688480377197]","['description', 'description', 'title_description']"
美元兑人民币汇率,['50159'],[],merged,1,0,[],,['46671'],[0.7763799428939819],['description']
美元兑人民币汇率,['50159'],[],merged,3,0,[],,"['46671', '5293', '5428']","[0.7763799428939819, 0.7525393962860107, 0.6009557247161865]","['description', 'description', 'title_description']"
美元兑人民币的走势图,['50159'],[],merged,1,0,[],,['46671'],[0.7337706089019775],['description']
美元兑人民币的走势图,['50159'],[],merged,3,0,[],,"['46671', '50354', '5293']","[0.7337706089019775, 0.6333861947059631, 0.6318778991699219]","['description', 'title_description', 'description']"
美元兑尼日利亚货币汇率,['50159'],[],merged,1,0,[],,['46671'],[0.7110089063644409],['description']
美元兑尼日利亚货币汇率,['50159'],[],merged,3,0,[],,"['46671', '5293', '5428']","[0.7110089063644409, 0.6951512098312378, 0.5308427810668945]","['description', 'description', 'title_description']"
美元地下汇率比银行高多少,['50159'],[],merged,1,0,[],,['46671'],[0.6663025617599487],['description']
美元地下汇率比银行高多少,['50159'],[],merged,3,0,[],,"['46671', '5293', '60338']","[0.6663025617599487, 0.6077793836593628, 0.5496768355369568]","['description', 'description', 'description']"
美元比人民币的汇率,['50159'],[],merged,1,0,[],,['5293'],[0.7650707960128784],['description']
美元比人民币的汇率,['50159'],[],merged,3,0,[],,"['5293', '46671', '50926']","[0.7650707960128784, 0.7546274662017822, 0.5996986627578735]","['description', 'description', 'title_description']"
美金汇率兑换人民币,['50159'],[],merged,1,0,[],,['5293'],[0.7586205005645752],['description']
美金汇率兑换人民币,['50159'],[],merged,3,0,[],,"['5293', '46671', '5428']","[0.7586205005645752, 0.7055097818374634, 0.59107506275177]","['description', 'description', 'title_description']"
老挝币兑人民币汇率,['50159'],[],merged,1,0,[],,['5293'],[0.5830281972885132],['description']
老挝币兑人民币汇率,['50159'],[],merged,3,0,[],,"['5293', '46671', '5428']","[0.5830281972885132, 0.5265142917633057, 0.4497717618942261]","['description', 'title_description', 'title_description']"
英镑对人民币汇率,['50159'],[],merged,1,0,[],,['5293'],[0.683657705783844],['description']
英镑对人民币汇率,['50159'],[],merged,3,0,[],,"['5293', '46671', '50162']","[0.683657705783844, 0.6213836073875427, 0.532345175743103]","['description', 'description', 'description']"
蒙图兑换人民币,['50159'],[],merged,1,0,[],,['5293'],[0.6330651044845581],['description']
蒙图兑换人民币,['50159'],[],merged,3,0,[],,"['5293', '46671', '51590']","[0.6330651044845581, 0.5469821691513062, 0.5189186334609985]","['description', 'title_description', 'title_description']"
谢克尔,['50159'],[],merged,1,0,[],,['5293'],[0.5980234146118164],['description']
谢克尔,['50159'],[],merged,3,0,[],,"['5293', '46671', '23']","[0.5980234146118164, 0.5763584971427917, 0.49270474910736084]","['description', 'title_description', 'title_description']"
迪拉姆与人民币的汇率,['50159'],[],merged,1,0,[],,['5293'],[0.6691333055496216],['description']
迪拉姆与人民币的汇率,['50159'],[],merged,3,0,[],,"['5293', '46671', '5428']","[0.6691333055496216, 0.6489570140838623, 0.5386978387832642]","['description', 'description', 'title_description']"
韩元5000万相当于多少人民币,['50159'],[],merged,1,0,[],,['5293'],[0.6283611059188843],['description']
韩元5000万相当于多少人民币,['50159'],[],merged,3,0,[],,"['5293', '46671', '50162']","[0.6283611059188843, 0.5286439657211304, 0.4856797456741333]","['description', 'description', 'description']"
马币对人民币汇率换算,['50159'],[],merged,1,0,[],,['5293'],[0.6830854415893555],['description']
马币对人民币汇率换算,['50159'],[],merged,3,0,[],,"['5293', '46671', '5428']","[0.6830854415893555, 0.5893166661262512, 0.5516786575317383]","['description', 'title_description', 'title_description']"
$汇率,['50159'],[],title_description,1,0,[],,['5293'],[0.723650336265564],['title_description']
$汇率,['50159'],[],title_description,3,0,[],,"['5293', '46671', '50926']","[0.723650336265564, 0.6941401958465576, 0.6170995235443115]","['title_description', 'title_description', 'title_description']"
1000000越南盾等于多少人民币,['50159'],[],title_description,1,0,[],,['5293'],[0.664947509765625],['title_description']
1000000越南盾等于多少人民币,['50159'],[],title_description,3,0,[],,"['5293', '46671', '5428']","[0.664947509765625, 0.5358335971832275, 0.47581222653388977]","['title_description', 'title_description', 'title_description']"
10000印尼盾等于多少人民币,['50159'],[],title_description,1,0,[],,['5293'],[0.6044536232948303],['title_description']
10000印尼盾等于多少人民币,['50159'],[],title_description,3,0,[],,"['5293', '46671', '50354']","[0.6044536232948303, 0.5372236967086792, 0.5008174777030945]","['title_description', 'title_description', 'title_description']"
10000坚戈是多少人民币,['50159'],[],title_description,1,0,[],,['5293'],[0.6122218370437622],['title_description']
10000坚戈是多少人民币,['50159'],[],title_description,3,0,[],,"['5293', '46671', '5428']","[0.6122218370437622, 0.5754604339599609, 0.5190492868423462]","['title_description', 'title_description', 'title_description']"
10000日元相当于多少人民币,['50159'],[],title_description,1,0,[],,['5293'],[0.5953841805458069],['title_description']
10000日元相当于多少人民币,['50159'],[],title_description,3,0,[],,"['5293', '46671', '61111']","[0.5953841805458069, 0.5708490014076233, 0.5001025199890137]","['title_description', 'title_description', 'title_description']"
1000万老挝币是多少人民币,['50159'],[],title_description,1,0,[],,['5293'],[0.49356549978256226],['title_description']
1000万老挝币是多少人民币,['50159'],[],title_description,3,0,[],,"['5293', '46671', '51590']","[0.49356549978256226, 0.47324949502944946, 0.4106162190437317]","['title_description', 'title_description', 'title_description']"
1000台币,['50159'],[],title_description,1,0,[],,['47266'],[0.4808248281478882],['title_description']
1000台币,['50159'],[],title_description,3,0,[],,"['47266', '50926', '51590']","[0.4808248281478882, 0.47561949491500854, 0.47528076171875]","['title_description', 'title_description', 'title_description']"
1000台币等于多少人民币,['50159'],[],title_description,1,0,[],,['5293'],[0.5600199699401855],['title_description']
1000台币等于多少人民币,['50159'],[],title_description,3,0,[],,"['5293', '46671', '5428']","[0.5600199699401855, 0.5304425954818726, 0.5119255781173706]","['title_description', 'title_description', 'title_description']"
100万卢币=人民币,['50159'],[],title_description,1,0,[],,['5293'],[0.5265100598335266],['title_description']
100万卢币=人民币,['50159'],[],title_description,3,0,[],,"['5293', '46671', '5428']","[0.5265100598335266, 0.5046852827072144, 0.4427674412727356]","['title_description', 'title_description', 'title_description']"
100元人民币等于多少泰铢,['50159'],[],title_description,1,0,[],,['5293'],[0.5414965152740479],['title_description']
100元人民币等于多少泰铢,['50159'],[],title_description,3,0,[],,"['5293', '46671', '51044']","[0.5414965152740479, 0.4967883229255676, 0.48734673857688904]","['title_description', 'title_description', 'title_description']"
100元澳门币等于多少人民币,['50159'],[],title_description,1,0,[],,['5293'],[0.5569047927856445],['title_description']
100元澳门币等于多少人民币,['50159'],[],title_description,3,0,[],,"['5293', '46671', '5428']","[0.5569047927856445, 0.5379775166511536, 0.5002028942108154]","['title_description', 'title_description', 'title_description']"
10万美金等于多少人民币,['50159'],[],title_description,1,0,[],,['5293'],[0.6102763414382935],['title_description']
10万美金等于多少人民币,['50159'],[],title_description,3,0,[],,"['5293', '46671', '50926']","[0.6102763414382935, 0.5906358957290649, 0.51360023021698]","['title_description', 'title_description', 'title_description']"
1300美金,['50159'],[],title_description,1,0,[],,['46671'],[0.5150307416915894],['title_description']
1300美金,['50159'],[],title_description,3,0,[],,"['46671', '51590', '60977']","[0.5150307416915894, 0.5128549337387085, 0.4810827970504761]","['title_description', 'title_description', 'title_description']"
130万叙利亚币是多少人民币,['50159'],[],title_description,1,0,[],,['5293'],[0.5892385840415955],['title_description']
130万叙利亚币是多少人民币,['50159'],[],title_description,3,0,[],,"['5293', '46671', '36607']","[0.5892385840415955, 0.5612674951553345, 0.4793093800544739]","['title_description', 'title_description', 'title_description']"
136000韩元等于多少人民币,['50159'],[],title_description,1,0,[],,['5293'],[0.574413001537323],['title_description']
136000韩元等于多少人民币,['50159'],[],title_description,3,0,[],,"['5293', '46671', '5428']","[0.574413001537323, 0.5434486865997314, 0.4873143434524536]","['title_description', 'title_description', 'title_description']"
140港币等于多少人民币,['50159'],[],title_description,1,0,[],,['5293'],[0.5955443382263184],['title_description']
140港币等于多少人民币,['50159'],[],title_description,3,0,[],,"['5293', '46671', '5428']","[0.5955443382263184, 0.5783988237380981, 0.5499588251113892]","['title_description', 'title_description', 'title_description']"
1500万越南盾,['50159'],[],title_description,1,0,[],,['5293'],[0.5137386918067932],['title_description']
1500万越南盾,['50159'],[],title_description,3,0,[],,"['5293', '51044', '51590']","[0.5137386918067932, 0.45476993918418884, 0.4528759717941284]","['title_description', 'title_description', 'title_description']"
15刀是多少人民币,['50159'],[],title_description,1,0,[],,['5293'],[0.6021479368209839],['title_description']
15刀是多少人民币,['50159'],[],title_description,3,0,[],,"['5293', '46671', '51044']","[0.6021479368209839, 0.5762628316879272, 0.5335806012153625]","['title_description', 'title_description', 'title_description']"
16000泰铢等于多少人民币,['50159'],[],title_description,1,0,[],,['5293'],[0.5682954788208008],['title_description']
16000泰铢等于多少人民币,['50159'],[],title_description,3,0,[],,"['5293', '46671', '51044']","[0.5682954788208008, 0.5267688632011414, 0.48992621898651123]","['title_description', 'title_description', 'title_description']"
167万韩元等于多少人民币,['50159'],[],title_description,1,0,[],,['5293'],[0.5867253541946411],['title_description']
167万韩元等于多少人民币,['50159'],[],title_description,3,0,[],,"['5293', '46671', '51590']","[0.5867253541946411, 0.5419456958770752, 0.4959564805030823]","['title_description', 'title_description', 'title_description']"
1700港币等于多少人民币,['50159'],[],title_description,1,0,[],,['5293'],[0.5781972408294678],['title_description']
1700港币等于多少人民币,['50159'],[],title_description,3,0,[],,"['5293', '46671', '5428']","[0.5781972408294678, 0.559728741645813, 0.5332560539245605]","['title_description', 'title_description', 'title_description']"
1万韩元等于多少人民币,['50159'],[],title_description,1,0,[],,['5293'],[0.5854184031486511],['title_description']
1万韩元等于多少人民币,['50159'],[],title_description,3,0,[],,"['5293', '46671', '51590']","[0.5854184031486511, 0.5376289486885071, 0.48877453804016113]","['title_description', 'title_description', 'title_description']"
1美元,['50159'],[],title_description,1,0,[],,['46671'],[0.556197464466095],['title_description']
1美元,['50159'],[],title_description,3,0,[],,"['46671', '5293', '51044']","[0.556197464466095, 0.4811832904815674, 0.47176802158355713]","['title_description', 'title_description', 'title_description']"
1马币等于多少人民币,['50159'],[],title_description,1,0,[],,['5293'],[0.5681993365287781],['title_description']
1马币等于多少人民币,['50159'],[],title_description,3,0,[],,"['5293', '46671', '5428']","[0.5681993365287781, 0.5455574989318848, 0.4900400936603546]","['title_description', 'title_description', 'title_description']"
20000泰铢等于多少人民币,['50159'],[],title_description,1,0,[],,['5293'],[0.5520575046539307],['title_description']
20000泰铢等于多少人民币,['50159'],[],title_description,3,0,[],,"['5293', '46671', '5428']","[0.5520575046539307, 0.510968804359436, 0.47747063636779785]","['title_description', 'title_description', 'title_description']"
2000块人民币等于多少韩币,['50159'],[],title_description,1,0,[],,['5293'],[0.5440352559089661],['title_description']
2000块人民币等于多少韩币,['50159'],[],title_description,3,0,[],,"['5293', '46671', '51044']","[0.5440352559089661, 0.494819700717926, 0.45969516038894653]","['title_description', 'title_description', 'title_description']"
2007年美元对人民币的汇率是多少,['50159'],[],title_description,1,0,[],,['46671'],[0.6292246580123901],['title_description']
2007年美元对人民币的汇率是多少,['50159'],[],title_description,3,0,[],,"['46671', '5293', '5428']","[0.6292246580123901, 0.5902799963951111, 0.4694393575191498]","['title_description', 'title_description', 'title_description']"
200万港币,['50159'],[],title_description,1,0,[],,['50162'],[0.5031852126121521],['title_description']
200万港币,['50159'],[],title_description,3,0,[],,"['50162', '5428', '50926']","[0.5031852126121521, 0.4475787878036499, 0.4430477023124695]","['title_description', 'title_description', 'title_description']"
200万韩元等于多少人民币,['50159'],[],title_description,1,0,[],,['5293'],[0.5854111909866333],['title_description']
200万韩元等于多少人民币,['50159'],[],title_description,3,0,[],,"['5293', '46671', '51590']","[0.5854111909866333, 0.5345803499221802, 0.49313390254974365]","['title_description', 'title_description', 'title_description']"
200卢比等于多少人民币,['50159'],[],title_description,1,0,[],,['5293'],[0.5796260833740234],['title_description']
200卢比等于多少人民币,['50159'],[],title_description,3,0,[],,"['5293', '46671', '5428']","[0.5796260833740234, 0.547491192817688, 0.4846087098121643]","['title_description', 'title_description', 'title_description']"
200港币等于多少人民币,['50159'],[],title_description,1,0,[],,['5293'],[0.59642094373703],['title_description']
200港币等于多少人民币,['50159'],[],title_description,3,0,[],,"['5293', '46671', '50162']","[0.59642094373703, 0.5679948329925537, 0.5433042049407959]","['title_description', 'title_description', 'title_description']"
200美金等于多少人民币,['50159'],[],title_description,1,0,[],,['5293'],[0.6057905554771423],['title_description']
200美金等于多少人民币,['50159'],[],title_description,3,0,[],,"['5293', '46671', '5428']","[0.6057905554771423, 0.5967047214508057, 0.5070849657058716]","['title_description', 'title_description', 'title_description']"
2026年6月1日美元兑人民币汇率,['50159'],[],title_description,1,0,[],,['46671'],[0.6515210866928101],['title_description']
2026年6月1日美元兑人民币汇率,['50159'],[],title_description,3,0,[],,"['46671', '5293', '50354']","[0.6515210866928101, 0.6170914173126221, 0.5282710194587708]","['title_description', 'title_description', 'title_description']"
2200000韩元汇率,['50159'],[],title_description,1,0,[],,['5293'],[0.5837305784225464],['title_description']
2200000韩元汇率,['50159'],[],title_description,3,0,[],,"['5293', '46671', '5428']","[0.5837305784225464, 0.5319160223007202, 0.4637497365474701]","['title_description', 'title_description', 'title_description']"
2275泰铢等于多少人民币,['50159'],[],title_description,1,0,[],,['5293'],[0.5400298833847046],['title_description']
2275泰铢等于多少人民币,['50159'],[],title_description,3,0,[],,"['5293', '46671', '5428']","[0.5400298833847046, 0.5126074552536011, 0.4816766381263733]","['title_description', 'title_description', 'title_description']"
240万英镑等于多少人民币,['50159'],[],title_description,1,0,[],,['5293'],[0.586496114730835],['title_description']
240万英镑等于多少人民币,['50159'],[],title_description,3,0,[],,"['5293', '46671', '5428']","[0.586496114730835, 0.5553126335144043, 0.4947916865348816]","['title_description', 'title_description', 'title_description']"
2640日元等于多少人民币,['50159'],[],title_description,1,0,[],,['5293'],[0.5709953308105469],['title_description']
2640日元等于多少人民币,['50159'],[],title_description,3,0,[],,"['5293', '46671', '61111']","[0.5709953308105469, 0.5617111921310425, 0.48575079441070557]","['title_description', 'title_description', 'title_description']"
26500韩元等于多少人民币,['50159'],[],title_description,1,0,[],,['5293'],[0.589847207069397],['title_description']
26500韩元等于多少人民币,['50159'],[],title_description,3,0,[],,"['5293', '46671', '5428']","[0.589847207069397, 0.5677297711372375, 0.5004923343658447]","['title_description', 'title_description', 'title_description']"
3000万韩元等于多少人民币,['50159'],[],title_description,1,0,[],,['5293'],[0.5661362409591675],['title_description']
3000万韩元等于多少人民币,['50159'],[],title_description,3,0,[],,"['5293', '46671', '51590']","[0.5661362409591675, 0.5215612649917603, 0.4852006137371063]","['title_description', 'title_description', 'title_description']"
3000泰铢等于多少人民币,['50159'],[],title_description,1,0,[],,['5293'],[0.544391393661499],['title_description']
3000泰铢等于多少人民币,['50159'],[],title_description,3,0,[],,"['5293', '46671', '50161']","[0.544391393661499, 0.5091468095779419, 0.49160853028297424]","['title_description', 'title_description', 'title_description']"
3000马币等于多少人民币,['50159'],[],title_description,1,0,[],,['5293'],[0.5598520636558533],['title_description']
3000马币等于多少人民币,['50159'],[],title_description,3,0,[],,"['5293', '46671', '5428']","[0.5598520636558533, 0.5337216854095459, 0.49000903964042664]","['title_description', 'title_description', 'title_description']"
320港币,['50159'],[],title_description,1,0,[],,['50162'],[0.5284169912338257],['title_description']
320港币,['50159'],[],title_description,3,0,[],,"['50162', '51590', '5428']","[0.5284169912338257, 0.5127192735671997, 0.5049489736557007]","['title_description', 'title_description', 'title_description']"
360万美元是多少人民币,['50159'],[],title_description,1,0,[],,['5293'],[0.5762645602226257],['title_description']
360万美元是多少人民币,['50159'],[],title_description,3,0,[],,"['5293', '46671', '51044']","[0.5762645602226257, 0.5661018490791321, 0.5054455995559692]","['title_description', 'title_description', 'title_description']"
370港币等于多少人民币,['50159'],[],title_description,1,0,[],,['5293'],[0.5677319765090942],['title_description']
370港币等于多少人民币,['50159'],[],title_description,3,0,[],,"['5293', '46671', '5428']","[0.5677319765090942, 0.5511109828948975, 0.5160040259361267]","['title_description', 'title_description', 'title_description']"
4000泰铢等于多少人民币,['50159'],[],title_description,1,0,[],,['5293'],[0.5586683750152588],['title_description']
4000泰铢等于多少人民币,['50159'],[],title_description,3,0,[],,"['5293', '46671', '51044']","[0.5586683750152588, 0.5185216665267944, 0.48618602752685547]","['title_description', 'title_description', 'title_description']"
400美金等于多少人民币,['50159'],[],title_description,1,0,[],,['5293'],[0.6119353771209717],['title_description']
400美金等于多少人民币,['50159'],[],title_description,3,0,[],,"['5293', '46671', '5428']","[0.6119353771209717, 0.5991997718811035, 0.5111666917800903]","['title_description', 'title_description', 'title_description']"
40英镑等于多少人民币,['50159'],[],title_description,1,0,[],,['5293'],[0.5614811182022095],['title_description']
40英镑等于多少人民币,['50159'],[],title_description,3,0,[],,"['5293', '46671', '51590']","[0.5614811182022095, 0.5448503494262695, 0.47973331809043884]","['title_description', 'title_description', 'title_description']"
420000韩元等于多少人民币,['50159'],[],title_description,1,0,[],,['5293'],[0.5719932317733765],['title_description']
420000韩元等于多少人民币,['50159'],[],title_description,3,0,[],,"['5293', '46671', '5428']","[0.5719932317733765, 0.533057689666748, 0.48838067054748535]","['title_description', 'title_description', 'title_description']"
4亿韩元等于多少人民币,['50159'],[],title_description,1,0,[],,['5293'],[0.5745055675506592],['title_description']
4亿韩元等于多少人民币,['50159'],[],title_description,3,0,[],,"['5293', '46671', '5428']","[0.5745055675506592, 0.5329218506813049, 0.4865749180316925]","['title_description', 'title_description', 'title_description']"
50000韩元等于多少人民币,['50159'],[],title_description,1,0,[],,['5293'],[0.5904187560081482],['title_description']
50000韩元等于多少人民币,['50159'],[],title_description,3,0,[],,"['5293', '46671', '51590']","[0.5904187560081482, 0.5421520471572876, 0.4893614649772644]","['title_description', 'title_description', 'title_description']"
5000万印尼盾等于多少人民币,['50159'],[],title_description,1,0,[],,['5293'],[0.580467700958252],['title_description']
5000万印尼盾等于多少人民币,['50159'],[],title_description,3,0,[],,"['5293', '46671', '5351']","[0.580467700958252, 0.5159399509429932, 0.48210668563842773]","['title_description', 'title_description', 'title_description']"
5000万缅币是多少人民币,['50159'],[],title_description,1,0,[],,['5293'],[0.5526639223098755],['title_description']
5000万缅币是多少人民币,['50159'],[],title_description,3,0,[],,"['5293', '46671', '51590']","[0.5526639223098755, 0.5249466300010681, 0.4645686447620392]","['title_description', 'title_description', 'title_description']"
5000万越南盾是多少人民币,['50159'],[],title_description,1,0,[],,['5293'],[0.6278502941131592],['title_description']
5000万越南盾是多少人民币,['50159'],[],title_description,3,0,[],,"['5293', '46671', '51044']","[0.6278502941131592, 0.5010131597518921, 0.46329525113105774]","['title_description', 'title_description', 'title_description']"
5000泰铢是多少人民币,['50159'],[],title_description,1,0,[],,['5293'],[0.5463326573371887],['title_description']
5000泰铢是多少人民币,['50159'],[],title_description,3,0,[],,"['5293', '46671', '51044']","[0.5463326573371887, 0.5036459565162659, 0.4862731397151947]","['title_description', 'title_description', 'title_description']"
5000英镑等于多少人民币,['50159'],[],title_description,1,0,[],,['5293'],[0.5862607359886169],['title_description']
5000英镑等于多少人民币,['50159'],[],title_description,3,0,[],,"['5293', '46671', '51590']","[0.5862607359886169, 0.558915376663208, 0.4912545680999756]","['title_description', 'title_description', 'title_description']"
500港币等于多少人民币,['50159'],[],title_description,1,0,[],,['5293'],[0.5896252393722534],['title_description']
500港币等于多少人民币,['50159'],[],title_description,3,0,[],,"['5293', '46671', '50162']","[0.5896252393722534, 0.559686541557312, 0.5400848984718323]","['title_description', 'title_description', 'title_description']"
500美金等于多少人民币,['50159'],[],title_description,1,0,[],,['5293'],[0.6087608337402344],['title_description']
500美金等于多少人民币,['50159'],[],title_description,3,0,[],,"['5293', '46671', '5428']","[0.6087608337402344, 0.5971564054489136, 0.5093927979469299]","['title_description', 'title_description', 'title_description']"
520欧元,['50159'],[],title_description,1,0,[],,['46671'],[0.5001126527786255],['title_description']
520欧元,['50159'],[],title_description,3,0,[],,"['46671', '50760', '62016']","[0.5001126527786255, 0.49713611602783203, 0.49691492319107056]","['title_description', 'title_description', 'title_description']"
688港币等于多少人民币,['50159'],[],title_description,1,0,[],,['46671'],[0.5832543969154358],['title_description']
688港币等于多少人民币,['50159'],[],title_description,3,0,[],,"['46671', '5293', '5428']","[0.5832543969154358, 0.5763993859291077, 0.5643282532691956]","['title_description', 'title_description', 'title_description']"
70000韩元等于多少人民币,['50159'],[],title_description,1,0,[],,['5293'],[0.5723690986633301],['title_description']
70000韩元等于多少人民币,['50159'],[],title_description,3,0,[],,"['5293', '46671', '51590']","[0.5723690986633301, 0.5358722805976868, 0.4859005808830261]","['title_description', 'title_description', 'title_description']"
80000韩元等于多少人民币,['50159'],[],title_description,1,0,[],,['5293'],[0.5815132856369019],['title_description']
80000韩元等于多少人民币,['50159'],[],title_description,3,0,[],,"['5293', '46671', '51590']","[0.5815132856369019, 0.5403531789779663, 0.4818606376647949]","['title_description', 'title_description', 'title_description']"
8000澳门币等于多少人民币,['50159'],[],title_description,1,0,[],,['5293'],[0.5642153024673462],['title_description']
8000澳门币等于多少人民币,['50159'],[],title_description,3,0,[],,"['5293', '46671', '5428']","[0.5642153024673462, 0.5379323363304138, 0.4977128505706787]","['title_description', 'title_description', 'title_description']"
89万亿韩元,['50159'],[],title_description,1,0,[],,['50926'],[0.4397280216217041],['title_description']
89万亿韩元,['50159'],[],title_description,3,0,[],,"['50926', '5293', '5428']","[0.4397280216217041, 0.4309138059616089, 0.4224511384963989]","['title_description', 'title_description', 'title_description']"
90000日元,['50159'],[],title_description,1,0,[],,['61111'],[0.4982185363769531],['title_description']
90000日元,['50159'],[],title_description,3,0,[],,"['61111', '51590', '46671']","[0.4982185363769531, 0.47909417748451233, 0.4653779864311218]","['title_description', 'title_description', 'title_description']"
90000韩元,['50159'],[],title_description,1,0,[],,['51590'],[0.5016063451766968],['title_description']
90000韩元,['50159'],[],title_description,3,0,[],,"['51590', '61111', '60540']","[0.5016063451766968, 0.4736931324005127, 0.47335612773895264]","['title_description', 'title_description', 'title_description']"
9000欧元等于多少人民币,['50159'],[],title_description,1,0,[],,['5293'],[0.59832364320755],['title_description']
9000欧元等于多少人民币,['50159'],[],title_description,3,0,[],,"['5293', '46671', '51044']","[0.59832364320755, 0.5750995874404907, 0.49915632605552673]","['title_description', 'title_description', 'title_description']"
9000港元等于多少人民币,['50159'],[],title_description,1,0,[],,['5293'],[0.5972890853881836],['title_description']
9000港元等于多少人民币,['50159'],[],title_description,3,0,[],,"['5293', '46671', '5428']","[0.5972890853881836, 0.5744452476501465, 0.5601635575294495]","['title_description', 'title_description', 'title_description']"
ern,['50159'],[],title_description,1,0,[],,['85'],[0.5424854755401611],['title_description']
ern,['50159'],[],title_description,3,0,[],,"['85', '50143', '23']","[0.5424854755401611, 0.5284486413002014, 0.525284469127655]","['title_description', 'title_description', 'title_description']"
一个加币等于多少人民币,['50159'],[],title_description,1,0,[],,['5293'],[0.5750432014465332],['title_description']
一个加币等于多少人民币,['50159'],[],title_description,3,0,[],,"['5293', '46671', '51590']","[0.5750432014465332, 0.5735114216804504, 0.5002845525741577]","['title_description', 'title_description', 'title_description']"
一元人民币等于多少卢比,['50159'],[],title_description,1,0,[],,['5293'],[0.5159664750099182],['title_description']
一元人民币等于多少卢比,['50159'],[],title_description,3,0,[],,"['5293', '46671', '5428']","[0.5159664750099182, 0.49648189544677734, 0.44344761967658997]","['title_description', 'title_description', 'title_description']"
一元港币等于多少人民币,['50159'],[],title_description,1,0,[],,['5293'],[0.5890647172927856],['title_description']
一元港币等于多少人民币,['50159'],[],title_description,3,0,[],,"['5293', '46671', '5428']","[0.5890647172927856, 0.5832427740097046, 0.5442425608634949]","['title_description', 'title_description', 'title_description']"
一千泰铢等于多少人民币,['50159'],[],title_description,1,0,[],,['5293'],[0.521446168422699],['title_description']
一千泰铢等于多少人民币,['50159'],[],title_description,3,0,[],,"['5293', '46671', '51590']","[0.521446168422699, 0.5014407634735107, 0.4773246645927429]","['title_description', 'title_description', 'title_description']"
一新币等于多少人民币,['50159'],[],title_description,1,0,[],,['5293'],[0.5707547664642334],['title_description']
一新币等于多少人民币,['50159'],[],title_description,3,0,[],,"['5293', '46671', '36607']","[0.5707547664642334, 0.5507769584655762, 0.5359296798706055]","['title_description', 'title_description', 'title_description']"
一美元等于多少人民币,['50159'],[],title_description,1,0,[],,['46671'],[0.6479136347770691],['title_description']
一美元等于多少人民币,['50159'],[],title_description,3,0,[],,"['46671', '5293', '50926']","[0.6479136347770691, 0.6180545091629028, 0.5249927043914795]","['title_description', 'title_description', 'title_description']"
一英镑抵多少人民币,['50159'],[],title_description,1,0,[],,['5293'],[0.5838475227355957],['title_description']
一英镑抵多少人民币,['50159'],[],title_description,3,0,[],,"['5293', '46671', '51590']","[0.5838475227355957, 0.5798575282096863, 0.5048456788063049]","['title_description', 'title_description', 'title_description']"
两万2千韩元等于多少人民币,['50159'],[],title_description,1,0,[],,['5293'],[0.5919082164764404],['title_description']
两万2千韩元等于多少人民币,['50159'],[],title_description,3,0,[],,"['5293', '46671', '51590']","[0.5919082164764404, 0.5502548217773438, 0.49620330333709717]","['title_description', 'title_description', 'title_description']"
丹麦克朗汇率换算人民币,['50159'],[],title_description,1,0,[],,['46671'],[0.5986462235450745],['title_description']
丹麦克朗汇率换算人民币,['50159'],[],title_description,3,0,[],,"['46671', '5293', '5428']","[0.5986462235450745, 0.5601798892021179, 0.47067171335220337]","['title_description', 'title_description', 'title_description']"
九万卢比等于多少人民币,['50159'],[],title_description,1,0,[],,['5293'],[0.6001211404800415],['title_description']
九万卢比等于多少人民币,['50159'],[],title_description,3,0,[],,"['5293', '46671', '5428']","[0.6001211404800415, 0.5743117332458496, 0.5062347054481506]","['title_description', 'title_description', 'title_description']"
二十万越南盾等于多少人民币,['50159'],[],title_description,1,0,[],,['5293'],[0.6396396160125732],['title_description']
二十万越南盾等于多少人民币,['50159'],[],title_description,3,0,[],,"['5293', '46671', '50760']","[0.6396396160125732, 0.5106828212738037, 0.47904089093208313]","['title_description', 'title_description', 'title_description']"
五千万韩元等于多少人民币,['50159'],[],title_description,1,0,[],,['5293'],[0.5639569163322449],['title_description']
五千万韩元等于多少人民币,['50159'],[],title_description,3,0,[],,"['5293', '46671', '51590']","[0.5639569163322449, 0.5253008604049683, 0.4844777584075928]","['title_description', 'title_description', 'title_description']"
五千韩币是多少人民币,['50159'],[],title_description,1,0,[],,['5293'],[0.5027561187744141],['title_description']
五千韩币是多少人民币,['50159'],[],title_description,3,0,[],,"['5293', '46671', '51590']","[0.5027561187744141, 0.48399725556373596, 0.45902150869369507]","['title_description', 'title_description', 'title_description']"
人民币与韩币汇率,['50159'],[],title_description,1,0,[],,['5293'],[0.6207363605499268],['title_description']
人民币与韩币汇率,['50159'],[],title_description,3,0,[],,"['5293', '46671', '5428']","[0.6207363605499268, 0.5855058431625366, 0.5192505717277527]","['title_description', 'title_description', 'title_description']"
人民币兑换泰铢,['50159'],[],title_description,1,0,[],,['5293'],[0.5533356070518494],['title_description']
人民币兑换泰铢,['50159'],[],title_description,3,0,[],,"['5293', '46671', '47266']","[0.5533356070518494, 0.5232123136520386, 0.4941493272781372]","['title_description', 'title_description', 'title_description']"
人民币兑汇率,['50159'],[],title_description,1,0,[],,['5293'],[0.6698917746543884],['title_description']
人民币兑汇率,['50159'],[],title_description,3,0,[],,"['5293', '46671', '5428']","[0.6698917746543884, 0.627959668636322, 0.5363566875457764]","['title_description', 'title_description', 'title_description']"
人民币卢布汇率走势图,['50159'],[],title_description,1,0,[],,['46671'],[0.5776751041412354],['title_description']
人民币卢布汇率走势图,['50159'],[],title_description,3,0,[],,"['46671', '5293', '36607']","[0.5776751041412354, 0.5089133977890015, 0.43682530522346497]","['title_description', 'title_description', 'title_description']"
人民币和克朗的汇率是多少,['50159'],[],title_description,1,0,[],,['5293'],[0.6297338008880615],['title_description']
人民币和克朗的汇率是多少,['50159'],[],title_description,3,0,[],,"['5293', '46671', '5428']","[0.6297338008880615, 0.6136997938156128, 0.5339879989624023]","['title_description', 'title_description', 'title_description']"
人民币和印度卢比汇率,['50159'],[],title_description,1,0,[],,['5293'],[0.6081865429878235],['title_description']
人民币和印度卢比汇率,['50159'],[],title_description,3,0,[],,"['5293', '46671', '5428']","[0.6081865429878235, 0.5774646997451782, 0.5226000547409058]","['title_description', 'title_description', 'title_description']"
人民币和台币汇率,['50159'],[],title_description,1,0,[],,['5293'],[0.5977842807769775],['title_description']
人民币和台币汇率,['50159'],[],title_description,3,0,[],,"['5293', '46671', '5428']","[0.5977842807769775, 0.5826846361160278, 0.5713143348693848]","['title_description', 'title_description', 'title_description']"
人民币和坚戈的汇率,['50159'],[],title_description,1,0,[],,['5293'],[0.5898135900497437],['title_description']
人民币和坚戈的汇率,['50159'],[],title_description,3,0,[],,"['5293', '46671', '5428']","[0.5898135900497437, 0.5749639272689819, 0.5339103937149048]","['title_description', 'title_description', 'title_description']"
人民币菲律宾比索的汇率,['50159'],[],title_description,1,0,[],,['5293'],[0.6288888454437256],['title_description']
人民币菲律宾比索的汇率,['50159'],[],title_description,3,0,[],,"['5293', '46671', '5428']","[0.6288888454437256, 0.6070431470870972, 0.5131233930587769]","['title_description', 'title_description', 'title_description']"
今天美元对人民币的汇率,['50159'],[],title_description,1,0,[],,['46671'],[0.703041672706604],['title_description']
今天美元对人民币的汇率,['50159'],[],title_description,3,0,[],,"['46671', '5293', '50926']","[0.703041672706604, 0.6847102642059326, 0.6087828874588013]","['title_description', 'title_description', 'title_description']"
今天韩元人民币汇率,['50159'],[],title_description,1,0,[],,['5293'],[0.6096429228782654],['title_description']
今天韩元人民币汇率,['50159'],[],title_description,3,0,[],,"['5293', '46671', '5428']","[0.6096429228782654, 0.5914775133132935, 0.5087632536888123]","['title_description', 'title_description', 'title_description']"
今日人民币兑韩币的汇率是多少,['50159'],[],title_description,1,0,[],,['5293'],[0.618615984916687],['title_description']
今日人民币兑韩币的汇率是多少,['50159'],[],title_description,3,0,[],,"['5293', '46671', '50926']","[0.618615984916687, 0.5866879224777222, 0.5316658020019531]","['title_description', 'title_description', 'title_description']"
今日汇率港币,['50159'],[],title_description,1,0,[],,['5293'],[0.6684579849243164],['title_description']
今日汇率港币,['50159'],[],title_description,3,0,[],,"['5293', '46671', '5428']","[0.6684579849243164, 0.6566572189331055, 0.6000730991363525]","['title_description', 'title_description', 'title_description']"
俄币兑换人民币汇率多少,['50159'],[],title_description,1,0,[],,['5293'],[0.6269201040267944],['title_description']
俄币兑换人民币汇率多少,['50159'],[],title_description,3,0,[],,"['5293', '46671', '36607']","[0.6269201040267944, 0.6265992522239685, 0.5783218145370483]","['title_description', 'title_description', 'title_description']"
俄罗斯100元换人民币多少,['50159'],[],title_description,1,0,[],,['5293'],[0.5426619052886963],['title_description']
俄罗斯100元换人民币多少,['50159'],[],title_description,3,0,[],,"['5293', '46671', '51590']","[0.5426619052886963, 0.5195673704147339, 0.4507278501987457]","['title_description', 'title_description', 'title_description']"
几内亚币对人民币汇率,['50159'],[],title_description,1,0,[],,['46671'],[0.5565536618232727],['title_description']
几内亚币对人民币汇率,['50159'],[],title_description,3,0,[],,"['46671', '5293', '5428']","[0.5565536618232727, 0.5518364310264587, 0.4819111227989197]","['title_description', 'title_description', 'title_description']"
加元对人民币的汇率,['50159'],[],title_description,1,0,[],,['46671'],[0.6468332409858704],['title_description']
加元对人民币的汇率,['50159'],[],title_description,3,0,[],,"['46671', '5293', '5428']","[0.6468332409858704, 0.6454505324363708, 0.55595862865448]","['title_description', 'title_description', 'title_description']"
卢布人民币的汇率,['50159'],[],title_description,1,0,[],,['5293'],[0.5948193073272705],['title_description']
卢布人民币的汇率,['50159'],[],title_description,3,0,[],,"['5293', '46671', '51590']","[0.5948193073272705, 0.589847207069397, 0.5177220106124878]","['title_description', 'title_description', 'title_description']"
印尼1000等于多少人民币,['50159'],[],title_description,1,0,[],,['5293'],[0.5270119905471802],['title_description']
印尼1000等于多少人民币,['50159'],[],title_description,3,0,[],,"['5293', '46671', '50354']","[0.5270119905471802, 0.5015529990196228, 0.46104949712753296]","['title_description', 'title_description', 'title_description']"
印尼盾与人民币的汇率,['50159'],[],title_description,1,0,[],,['5293'],[0.5831935405731201],['title_description']
印尼盾与人民币的汇率,['50159'],[],title_description,3,0,[],,"['5293', '46671', '5428']","[0.5831935405731201, 0.5472687482833862, 0.4948517084121704]","['title_description', 'title_description', 'title_description']"
叙利亚100元等于人民币多少,['50159'],[],title_description,1,0,[],,['46671'],[0.511184811592102],['title_description']
叙利亚100元等于人民币多少,['50159'],[],title_description,3,0,[],,"['46671', '5293', '5428']","[0.511184811592102, 0.5102348923683167, 0.438660204410553]","['title_description', 'title_description', 'title_description']"
哈萨克斯坦货币兑换人民币汇率,['50159'],[],title_description,1,0,[],,['46671'],[0.5828803777694702],['title_description']
哈萨克斯坦货币兑换人民币汇率,['50159'],[],title_description,3,0,[],,"['46671', '5293', '5428']","[0.5828803777694702, 0.5795689821243286, 0.5092900991439819]","['title_description', 'title_description', 'title_description']"
墨西哥比索兑换人民币的汇率,['50159'],[],title_description,1,0,[],,['5293'],[0.6210075616836548],['title_description']
墨西哥比索兑换人民币的汇率,['50159'],[],title_description,3,0,[],,"['5293', '46671', '5428']","[0.6210075616836548, 0.6188908815383911, 0.5209837555885315]","['title_description', 'title_description', 'title_description']"
新加坡兑换人民币,['50159'],[],title_description,1,0,[],,['5293'],[0.5601840019226074],['title_description']
新加坡兑换人民币,['50159'],[],title_description,3,0,[],,"['5293', '46671', '61111']","[0.5601840019226074, 0.5201401710510254, 0.4917692244052887]","['title_description', 'title_description', 'title_description']"
新加坡币兑人民币的汇率是多少钱,['50159'],[],title_description,1,0,[],,['5293'],[0.6280477643013],['title_description']
新加坡币兑人民币的汇率是多少钱,['50159'],[],title_description,3,0,[],,"['5293', '46671', '5428']","[0.6280477643013, 0.580650269985199, 0.5292600393295288]","['title_description', 'title_description', 'title_description']"
新西兰元对人民币汇率,['50159'],[],title_description,1,0,[],,['46671'],[0.5970172882080078],['title_description']
新西兰元对人民币汇率,['50159'],[],title_description,3,0,[],,"['46671', '5293', '5428']","[0.5970172882080078, 0.5775288939476013, 0.5236122608184814]","['title_description', 'title_description', 'title_description']"
日元汇率兑人民币,['50159'],[],title_description,1,0,[],,['5293'],[0.6258317828178406],['title_description']
日元汇率兑人民币,['50159'],[],title_description,3,0,[],,"['5293', '46671', '50926']","[0.6258317828178406, 0.6132395267486572, 0.5503658056259155]","['title_description', 'title_description', 'title_description']"
欧元对美金,['50159'],[],title_description,1,0,[],,['46671'],[0.6598214507102966],['title_description']
欧元对美金,['50159'],[],title_description,3,0,[],,"['46671', '5293', '5428']","[0.6598214507102966, 0.639033317565918, 0.5727686882019043]","['title_description', 'title_description', 'title_description']"
欧元的人民币汇率,['50159'],[],title_description,1,0,[],,['5293'],[0.6392650604248047],['title_description']
欧元的人民币汇率,['50159'],[],title_description,3,0,[],,"['5293', '46671', '5428']","[0.6392650604248047, 0.6375604271888733, 0.5264790654182434]","['title_description', 'title_description', 'title_description']"
比特币的美元行情价格,['50159'],[],title_description,1,0,[],,['36607'],[0.7486171722412109],['title_description']
比特币的美元行情价格,['50159'],[],title_description,3,0,[],,"['36607', '46671', '50926']","[0.7486171722412109, 0.6584778428077698, 0.6233028173446655]","['title_description', 'title_description', 'title_description']"
法郎等于多少人民币,['50159'],[],title_description,1,0,[],,['5293'],[0.6274197101593018],['title_description']
法郎等于多少人民币,['50159'],[],title_description,3,0,[],,"['5293', '46671', '51255']","[0.6274197101593018, 0.5762807130813599, 0.5222856998443604]","['title_description', 'title_description', 'title_description']"
泰铢对人民币汇率,['50159'],[],title_description,1,0,[],,['5293'],[0.5951735973358154],['title_description']
泰铢对人民币汇率,['50159'],[],title_description,3,0,[],,"['5293', '46671', '5428']","[0.5951735973358154, 0.5789809226989746, 0.554034411907196]","['title_description', 'title_description', 'title_description']"
港币兑rmb,['50159'],[],title_description,1,0,[],,['5428'],[0.6325424909591675],['title_description']
港币兑rmb,['50159'],[],title_description,3,0,[],,"['5428', '50162', '46671']","[0.6325424909591675, 0.614418625831604, 0.6100466251373291]","['title_description', 'title_description', 'title_description']"
港币对人民币的汇率是多少,['50159'],[],title_description,1,0,[],,['5293'],[0.6425083875656128],['title_description']
港币对人民币的汇率是多少,['50159'],[],title_description,3,0,[],,"['5293', '46671', '5428']","[0.6425083875656128, 0.6166991591453552, 0.5915653705596924]","['title_description', 'title_description', 'title_description']"
澳元兑换人民币汇率,['50159'],[],title_description,1,0,[],,['5293'],[0.6234899163246155],['title_description']
澳元兑换人民币汇率,['50159'],[],title_description,3,0,[],,"['5293', '46671', '5428']","[0.6234899163246155, 0.6041756868362427, 0.5337016582489014]","['title_description', 'title_description', 'title_description']"
澳元和人民币汇率,['50159'],[],title_description,1,0,[],,['5293'],[0.6293361783027649],['title_description']
澳元和人民币汇率,['50159'],[],title_description,3,0,[],,"['5293', '46671', '5428']","[0.6293361783027649, 0.6144676208496094, 0.5752662420272827]","['title_description', 'title_description', 'title_description']"
澳门币兑人民币汇率,['50159'],[],title_description,1,0,[],,['5293'],[0.596371591091156],['title_description']
澳门币兑人民币汇率,['50159'],[],title_description,3,0,[],,"['5293', '46671', '5428']","[0.596371591091156, 0.5923820734024048, 0.544366717338562]","['title_description', 'title_description', 'title_description']"
瑞士法郎兑换人民币的汇率,['50159'],[],title_description,1,0,[],,['5293'],[0.6329072117805481],['title_description']
瑞士法郎兑换人民币的汇率,['50159'],[],title_description,3,0,[],,"['5293', '46671', '51255']","[0.6329072117805481, 0.5815933346748352, 0.515608549118042]","['title_description', 'title_description', 'title_description']"
美元兌换人民币,['50159'],[],title_description,1,0,[],,['46671'],[0.6659965515136719],['title_description']
美元兌换人民币,['50159'],[],title_description,3,0,[],,"['46671', '5293', '50926']","[0.6659965515136719, 0.6505767107009888, 0.5751688480377197]","['title_description', 'title_description', 'title_description']"
美元兑人民币汇率,['50159'],[],title_description,1,0,[],,['46671'],[0.7161873579025269],['title_description']
美元兑人民币汇率,['50159'],[],title_description,3,0,[],,"['46671', '5293', '5428']","[0.7161873579025269, 0.6849890947341919, 0.6009557247161865]","['title_description', 'title_description', 'title_description']"
美元兑人民币的走势图,['50159'],[],title_description,1,0,[],,['46671'],[0.730073094367981],['title_description']
美元兑人民币的走势图,['50159'],[],title_description,3,0,[],,"['46671', '50354', '5428']","[0.730073094367981, 0.6333861947059631, 0.6073180437088013]","['title_description', 'title_description', 'title_description']"
美元兑尼日利亚货币汇率,['50159'],[],title_description,1,0,[],,['46671'],[0.6620833873748779],['title_description']
美元兑尼日利亚货币汇率,['50159'],[],title_description,3,0,[],,"['46671', '5293', '5428']","[0.6620833873748779, 0.6301265954971313, 0.5308427810668945]","['title_description', 'title_description', 'title_description']"
美元地下汇率比银行高多少,['50159'],[],title_description,1,0,[],,['46671'],[0.6219946146011353],['title_description']
美元地下汇率比银行高多少,['50159'],[],title_description,3,0,[],,"['46671', '5293', '5428']","[0.6219946146011353, 0.5728356838226318, 0.5172744989395142]","['title_description', 'title_description', 'title_description']"
美元比人民币的汇率,['50159'],[],title_description,1,0,[],,['46671'],[0.7057895660400391],['title_description']
美元比人民币的汇率,['50159'],[],title_description,3,0,[],,"['46671', '5293', '50926']","[0.7057895660400391, 0.6933344006538391, 0.5996986627578735]","['title_description', 'title_description', 'title_description']"
美金汇率兑换人民币,['50159'],[],title_description,1,0,[],,['46671'],[0.6760512590408325],['title_description']
美金汇率兑换人民币,['50159'],[],title_description,3,0,[],,"['46671', '5293', '5428']","[0.6760512590408325, 0.674604594707489, 0.59107506275177]","['title_description', 'title_description', 'title_description']"
老挝币兑人民币汇率,['50159'],[],title_description,1,0,[],,['5293'],[0.5396279692649841],['title_description']
老挝币兑人民币汇率,['50159'],[],title_description,3,0,[],,"['5293', '46671', '5428']","[0.5396279692649841, 0.5265142917633057, 0.4497717618942261]","['title_description', 'title_description', 'title_description']"
英镑对人民币汇率,['50159'],[],title_description,1,0,[],,['5293'],[0.6043589115142822],['title_description']
英镑对人民币汇率,['50159'],[],title_description,3,0,[],,"['5293', '46671', '5428']","[0.6043589115142822, 0.600914478302002, 0.5224223732948303]","['title_description', 'title_description', 'title_description']"
蒙图兑换人民币,['50159'],[],title_description,1,0,[],,['5293'],[0.5696204304695129],['title_description']
蒙图兑换人民币,['50159'],[],title_description,3,0,[],,"['5293', '46671', '51590']","[0.5696204304695129, 0.5469821691513062, 0.5189186334609985]","['title_description', 'title_description', 'title_description']"
谢克尔,['50159'],[],title_description,1,0,[],,['46671'],[0.5763584971427917],['title_description']
谢克尔,['50159'],[],title_description,3,0,[],,"['46671', '5293', '23']","[0.5763584971427917, 0.5578649044036865, 0.49270474910736084]","['title_description', 'title_description', 'title_description']"
迪拉姆与人民币的汇率,['50159'],[],title_description,1,0,[],,['46671'],[0.6252261400222778],['title_description']
迪拉姆与人民币的汇率,['50159'],[],title_description,3,0,[],,"['46671', '5293', '5428']","[0.6252261400222778, 0.6131328344345093, 0.5386978387832642]","['title_description', 'title_description', 'title_description']"
韩元5000万相当于多少人民币,['50159'],[],title_description,1,0,[],,['5293'],[0.5568888187408447],['title_description']
韩元5000万相当于多少人民币,['50159'],[],title_description,3,0,[],,"['5293', '46671', '51590']","[0.5568888187408447, 0.5198192596435547, 0.48101502656936646]","['title_description', 'title_description', 'title_description']"
马币对人民币汇率换算,['50159'],[],title_description,1,0,[],,['5293'],[0.6093710660934448],['title_description']
马币对人民币汇率换算,['50159'],[],title_description,3,0,[],,"['5293', '46671', '5428']","[0.6093710660934448, 0.5893166661262512, 0.5516786575317383]","['title_description', 'title_description', 'title_description']"
