query,gold_ids,missing_gold_ids,view,k,pass_at_k,hit_ids,first_hit_rank,recall_ids,recall_scores,recall_views
2025全国大学排行榜,['52364'],[],description,1,0,[],,['4551'],[0.7032997608184814],['description']
2025全国大学排行榜,['52364'],[],description,3,1,['52364'],3.0,"['4551', '51129', '52364']","[0.7032997608184814, 0.6024279594421387, 0.5803647041320801]","['description', 'description', 'description']"
2026年大学录取分数线,['52364'],[],description,1,1,['52364'],1.0,['52364'],[0.5737535357475281],['description']
2026年大学录取分数线,['52364'],[],description,3,1,['52364'],1.0,"['52364', '4551', '39537']","[0.5737535357475281, 0.5531665682792664, 0.5318309664726257]","['description', 'description', 'description']"
2026年大学排行榜,['52364'],[],description,1,0,[],,['4551'],[0.6627731323242188],['description']
2026年大学排行榜,['52364'],[],description,3,1,['52364'],3.0,"['4551', '51129', '52364']","[0.6627731323242188, 0.594874382019043, 0.5737103223800659]","['description', 'description', 'description']"
2026年高考学校录取分数线,['52364'],[],description,1,1,['52364'],1.0,['52364'],[0.5667825937271118],['description']
2026年高考学校录取分数线,['52364'],[],description,3,1,['52364'],1.0,"['52364', '39537', '4551']","[0.5667825937271118, 0.5534693002700806, 0.5482156276702881]","['description', 'description', 'description']"
2026河北专科学校录取分数线,['52364'],[],description,1,1,['52364'],1.0,['52364'],[0.5123568773269653],['description']
2026河北专科学校录取分数线,['52364'],[],description,3,1,['52364'],1.0,"['52364', '39537', '4551']","[0.5123568773269653, 0.5026490092277527, 0.48152387142181396]","['description', 'description', 'description']"
211大学全部名单,['52364'],[],description,1,0,[],,['4551'],[0.7583327293395996],['description']
211大学全部名单,['52364'],[],description,3,1,['52364'],3.0,"['4551', '39537', '52364']","[0.7583327293395996, 0.5912396907806396, 0.5670040845870972]","['description', 'description', 'description']"
211大学录取分数线排名,['52364'],[],description,1,0,[],,['4551'],[0.7196614742279053],['description']
211大学录取分数线排名,['52364'],[],description,3,1,['52364'],2.0,"['4551', '52364', '39537']","[0.7196614742279053, 0.6177171468734741, 0.5474356412887573]","['description', 'description', 'description']"
985211黑龙江有几所,['52364'],[],description,1,0,[],,['4551'],[0.5533224940299988],['description']
985211黑龙江有几所,['52364'],[],description,3,1,['52364'],3.0,"['4551', '39537', '52364']","[0.5533224940299988, 0.4980120360851288, 0.45402586460113525]","['description', 'description', 'description']"
985大学录取分数线是多少,['52364'],[],description,1,0,[],,['4551'],[0.6028790473937988],['description']
985大学录取分数线是多少,['52364'],[],description,3,1,['52364'],2.0,"['4551', '52364', '39537']","[0.6028790473937988, 0.5805394649505615, 0.5470283031463623]","['description', 'description', 'description']"
985大学排名一览表,['52364'],[],description,1,0,[],,['4551'],[0.7136223316192627],['description']
985大学排名一览表,['52364'],[],description,3,1,['52364'],3.0,"['4551', '51129', '52364']","[0.7136223316192627, 0.5714004635810852, 0.5618366003036499]","['description', 'description', 'description']"
985学校,['52364'],[],description,1,0,[],,['4551'],[0.7457921504974365],['description']
985学校,['52364'],[],description,3,1,['52364'],3.0,"['4551', '39537', '52364']","[0.7457921504974365, 0.6274104118347168, 0.5921443700790405]","['description', 'description', 'description']"
985学校排名,['52364'],[],description,1,0,[],,['4551'],[0.7369311451911926],['description']
985学校排名,['52364'],[],description,3,1,['52364'],3.0,"['4551', '51129', '52364']","[0.7369311451911926, 0.6066926717758179, 0.5776560306549072]","['description', 'description', 'description']"
一共有几所985大学,['52364'],[],description,1,0,[],,['4551'],[0.65229332447052],['description']
一共有几所985大学,['52364'],[],description,3,1,['52364'],3.0,"['4551', '39537', '52364']","[0.65229332447052, 0.5763641595840454, 0.5511927604675293]","['description', 'description', 'description']"
中国的政法大学排名,['52364'],[],description,1,0,[],,['51129'],[0.5813233256340027],['description']
中国的政法大学排名,['52364'],[],description,3,1,['52364'],3.0,"['51129', '4551', '52364']","[0.5813233256340027, 0.5713611841201782, 0.5106406211853027]","['description', 'description', 'description']"
九江有哪些大学,['52364'],[],description,1,0,[],,['39537'],[0.606216311454773],['description']
九江有哪些大学,['52364'],[],description,3,1,['52364'],3.0,"['39537', '4551', '52364']","[0.606216311454773, 0.5467420816421509, 0.5433213710784912]","['description', 'description', 'description']"
云南高校排名,['52364'],[],description,1,0,[],,['4551'],[0.6190378069877625],['description']
云南高校排名,['52364'],[],description,3,0,[],,"['4551', '39537', '51129']","[0.6190378069877625, 0.5874735713005066, 0.573683500289917]","['description', 'description', 'description']"
今年211大学录取分数线是多少分,['52364'],[],description,1,0,[],,['4551'],[0.5664394497871399],['description']
今年211大学录取分数线是多少分,['52364'],[],description,3,1,['52364'],2.0,"['4551', '52364', '39537']","[0.5664394497871399, 0.5359320640563965, 0.5049024820327759]","['description', 'description', 'description']"
今年学校分数线是多少分,['52364'],[],description,1,1,['52364'],1.0,['52364'],[0.5671376585960388],['description']
今年学校分数线是多少分,['52364'],[],description,3,1,['52364'],1.0,"['52364', '39537', '4551']","[0.5671376585960388, 0.555267333984375, 0.5196796655654907]","['description', 'description', 'description']"
信阳有哪些大专院校,['52364'],[],description,1,0,[],,['39537'],[0.5746606588363647],['description']
信阳有哪些大专院校,['52364'],[],description,3,1,['52364'],2.0,"['39537', '52364', '51129']","[0.5746606588363647, 0.46805208921432495, 0.46354007720947266]","['description', 'description', 'description']"
全国排名前10的专科学校,['52364'],[],description,1,0,[],,['51129'],[0.6252809762954712],['description']
全国排名前10的专科学校,['52364'],[],description,3,0,[],,"['51129', '4551', '39537']","[0.6252809762954712, 0.6204042434692383, 0.5752114653587341]","['description', 'description', 'description']"
全国排名大学,['52364'],[],description,1,0,[],,['4551'],[0.7561209201812744],['description']
全国排名大学,['52364'],[],description,3,1,['52364'],3.0,"['4551', '51129', '52364']","[0.7561209201812744, 0.6649629473686218, 0.6451669335365295]","['description', 'description', 'description']"
全国最好的医科大学有哪些,['52364'],[],description,1,0,[],,['4551'],[0.5482063293457031],['description']
全国最好的医科大学有哪些,['52364'],[],description,3,1,['52364'],3.0,"['4551', '39537', '52364']","[0.5482063293457031, 0.5275647640228271, 0.5198851823806763]","['description', 'description', 'description']"
全国有哪些985大学和211大学,['52364'],[],description,1,0,[],,['4551'],[0.743610143661499],['description']
全国有哪些985大学和211大学,['52364'],[],description,3,1,['52364'],3.0,"['4551', '39537', '52364']","[0.743610143661499, 0.6134761571884155, 0.5946788787841797]","['description', 'description', 'description']"
公办职业学校有哪些,['52364'],[],description,1,0,[],,['39537'],[0.6007504463195801],['description']
公办职业学校有哪些,['52364'],[],description,3,0,[],,"['39537', '60293', '4551']","[0.6007504463195801, 0.5505571365356445, 0.5280351638793945]","['description', 'description', 'description']"
农业大学有哪些,['52364'],[],description,1,0,[],,['39537'],[0.6175302267074585],['description']
农业大学有哪些,['52364'],[],description,3,1,['52364'],3.0,"['39537', '4551', '52364']","[0.6175302267074585, 0.6097421646118164, 0.5722243785858154]","['description', 'description', 'description']"
北京的大学排行,['52364'],[],description,1,0,[],,['4551'],[0.6622475385665894],['description']
北京的大学排行,['52364'],[],description,3,1,['52364'],2.0,"['4551', '52364', '39537']","[0.6622475385665894, 0.6003566384315491, 0.5828613042831421]","['description', 'description', 'description']"
医学院校有哪些,['52364'],[],description,1,0,[],,['39537'],[0.6504403948783875],['description']
医学院校有哪些,['52364'],[],description,3,1,['52364'],3.0,"['39537', '4551', '52364']","[0.6504403948783875, 0.6355621814727783, 0.5838536024093628]","['description', 'description', 'description']"
医药大学,['52364'],[],description,1,0,[],,['39537'],[0.597425103187561],['description']
医药大学,['52364'],[],description,3,1,['52364'],3.0,"['39537', '4551', '52364']","[0.597425103187561, 0.5821214914321899, 0.5230560302734375]","['description', 'description', 'description']"
医药大学排名,['52364'],[],description,1,0,[],,['4551'],[0.673902690410614],['description']
医药大学排名,['52364'],[],description,3,1,['52364'],3.0,"['4551', '51129', '52364']","[0.673902690410614, 0.6127972602844238, 0.5774092674255371]","['description', 'description', 'description']"
十堰有哪几所大学,['52364'],[],description,1,0,[],,['39537'],[0.572820246219635],['description']
十堰有哪几所大学,['52364'],[],description,3,1,['52364'],2.0,"['39537', '52364', '4551']","[0.572820246219635, 0.5019038319587708, 0.4858230948448181]","['description', 'description', 'description']"
十堰本科大学排名,['52364'],[],description,1,0,[],,['51129'],[0.5716652870178223],['description']
十堰本科大学排名,['52364'],[],description,3,0,[],,"['51129', '39537', '4551']","[0.5716652870178223, 0.5298261642456055, 0.5234230756759644]","['description', 'description', 'description']"
南京有几所211大学和985大学,['52364'],[],description,1,0,[],,['4551'],[0.6273850798606873],['description']
南京有几所211大学和985大学,['52364'],[],description,3,1,['52364'],3.0,"['4551', '39537', '52364']","[0.6273850798606873, 0.5644555687904358, 0.5337591171264648]","['description', 'description', 'description']"
厦门大专院校排名及录取分数线,['52364'],[],description,1,0,[],,['39537'],[0.5305946469306946],['description']
厦门大专院校排名及录取分数线,['52364'],[],description,3,0,[],,"['39537', '51129', '4551']","[0.5305946469306946, 0.5270376205444336, 0.5156991481781006]","['description', 'description', 'description']"
厦门有那些大学,['52364'],[],description,1,0,[],,['39537'],[0.5849440097808838],['description']
厦门有那些大学,['52364'],[],description,3,1,['52364'],3.0,"['39537', '4551', '52364']","[0.5849440097808838, 0.5220400094985962, 0.5214033126831055]","['description', 'description', 'description']"
各省大学录取分数线,['52364'],[],description,1,1,['52364'],1.0,['52364'],[0.6615543961524963],['description']
各省大学录取分数线,['52364'],[],description,3,1,['52364'],1.0,"['52364', '4551', '39537']","[0.6615543961524963, 0.639438271522522, 0.6155108213424683]","['description', 'description', 'description']"
合肥民办本科院校有哪些,['52364'],[],description,1,0,[],,['39537'],[0.5662828683853149],['description']
合肥民办本科院校有哪些,['52364'],[],description,3,1,['52364'],3.0,"['39537', '4551', '52364']","[0.5662828683853149, 0.5206645131111145, 0.4956907033920288]","['description', 'description', 'description']"
合肥理工学校录取分数线,['52364'],[],description,1,0,[],,['39537'],[0.5287442207336426],['description']
合肥理工学校录取分数线,['52364'],[],description,3,1,['52364'],2.0,"['39537', '52364', '51129']","[0.5287442207336426, 0.4862678349018097, 0.4591190814971924]","['description', 'description', 'description']"
吉林专科学校,['52364'],[],description,1,0,[],,['39537'],[0.5989974141120911],['description']
吉林专科学校,['52364'],[],description,3,0,[],,"['39537', '4551', '51129']","[0.5989974141120911, 0.5056121945381165, 0.4968092739582062]","['description', 'description', 'description']"
哈尔滨985211学校有哪些,['52364'],[],description,1,0,[],,['4551'],[0.6380162835121155],['description']
哈尔滨985211学校有哪些,['52364'],[],description,3,1,['52364'],3.0,"['4551', '39537', '52364']","[0.6380162835121155, 0.6058942079544067, 0.5347751379013062]","['description', 'description', 'description']"
哈尔滨最好的大学都有哪些,['52364'],[],description,1,0,[],,['39537'],[0.5327035188674927],['description']
哈尔滨最好的大学都有哪些,['52364'],[],description,3,1,['52364'],2.0,"['39537', '52364', '4551']","[0.5327035188674927, 0.5123932957649231, 0.5056105256080627]","['description', 'description', 'description']"
四川的大学排行,['52364'],[],description,1,0,[],,['4551'],[0.6113158464431763],['description']
四川的大学排行,['52364'],[],description,3,1,['52364'],2.0,"['4551', '52364', '51129']","[0.6113158464431763, 0.5800179243087769, 0.5639641284942627]","['description', 'description', 'description']"
大学211排名,['52364'],[],description,1,0,[],,['4551'],[0.7456874847412109],['description']
大学211排名,['52364'],[],description,3,1,['52364'],3.0,"['4551', '51129', '52364']","[0.7456874847412109, 0.6057194471359253, 0.575415313243866]","['description', 'description', 'description']"
大连有那些大学,['52364'],[],description,1,0,[],,['39537'],[0.6027438640594482],['description']
大连有那些大学,['52364'],[],description,3,1,['52364'],2.0,"['39537', '52364', '4551']","[0.6027438640594482, 0.5498878955841064, 0.5476428866386414]","['description', 'description', 'description']"
天津专科学校排行榜,['52364'],[],description,1,0,[],,['4551'],[0.5614471435546875],['description']
天津专科学校排行榜,['52364'],[],description,3,0,[],,"['4551', '51129', '39537']","[0.5614471435546875, 0.5481886267662048, 0.5221583843231201]","['description', 'description', 'description']"
宁波有那些大学,['52364'],[],description,1,0,[],,['39537'],[0.6094171404838562],['description']
宁波有那些大学,['52364'],[],description,3,1,['52364'],3.0,"['39537', '4551', '52364']","[0.6094171404838562, 0.5516828298568726, 0.5362204313278198]","['description', 'description', 'description']"
安徽211和985大学有几所,['52364'],[],description,1,0,[],,['4551'],[0.6233157515525818],['description']
安徽211和985大学有几所,['52364'],[],description,3,1,['52364'],3.0,"['4551', '39537', '52364']","[0.6233157515525818, 0.5423579216003418, 0.513786792755127]","['description', 'description', 'description']"
安徽有那些大学,['52364'],[],description,1,0,[],,['39537'],[0.6105284690856934],['description']
安徽有那些大学,['52364'],[],description,3,1,['52364'],3.0,"['39537', '4551', '52364']","[0.6105284690856934, 0.5607072114944458, 0.5582222938537598]","['description', 'description', 'description']"
山东最好的专科学校有哪些,['52364'],[],description,1,0,[],,['39537'],[0.5460704565048218],['description']
山东最好的专科学校有哪些,['52364'],[],description,3,1,['52364'],3.0,"['39537', '51129', '52364']","[0.5460704565048218, 0.5009291172027588, 0.496778666973114]","['description', 'description', 'description']"
山东省专科院校有哪些,['52364'],[],description,1,0,[],,['39537'],[0.5890659689903259],['description']
山东省专科院校有哪些,['52364'],[],description,3,1,['52364'],3.0,"['39537', '4551', '52364']","[0.5890659689903259, 0.5305996537208557, 0.5035520195960999]","['description', 'description', 'description']"
山东省公办专科学校有哪些,['52364'],[],description,1,0,[],,['39537'],[0.5670381784439087],['description']
山东省公办专科学校有哪些,['52364'],[],description,3,1,['52364'],3.0,"['39537', '4551', '52364']","[0.5670381784439087, 0.522637128829956, 0.49930480122566223]","['description', 'description', 'description']"
山东省有那些大学,['52364'],[],description,1,0,[],,['39537'],[0.6255151629447937],['description']
山东省有那些大学,['52364'],[],description,3,1,['52364'],3.0,"['39537', '4551', '52364']","[0.6255151629447937, 0.573207676410675, 0.5569642782211304]","['description', 'description', 'description']"
山东省民办专科学校,['52364'],[],description,1,0,[],,['39537'],[0.6224865913391113],['description']
山东省民办专科学校,['52364'],[],description,3,0,[],,"['39537', '4551', '51129']","[0.6224865913391113, 0.5953399538993835, 0.5195437073707581]","['description', 'description', 'description']"
山西省都有啥大学,['52364'],[],description,1,0,[],,['39537'],[0.5908169746398926],['description']
山西省都有啥大学,['52364'],[],description,3,1,['52364'],3.0,"['39537', '4551', '52364']","[0.5908169746398926, 0.5418641567230225, 0.5340293049812317]","['description', 'description', 'description']"
师范类大学排名,['52364'],[],description,1,0,[],,['4551'],[0.6854642629623413],['description']
师范类大学排名,['52364'],[],description,3,1,['52364'],3.0,"['4551', '51129', '52364']","[0.6854642629623413, 0.6187093257904053, 0.5727928876876831]","['description', 'description', 'description']"
广东有哪几所985和211大学,['52364'],[],description,1,0,[],,['4551'],[0.6325347423553467],['description']
广东有哪几所985和211大学,['52364'],[],description,3,1,['52364'],3.0,"['4551', '39537', '52364']","[0.6325347423553467, 0.558617115020752, 0.5173119902610779]","['description', 'description', 'description']"
广东省公办大专学校排名,['52364'],[],description,1,0,[],,['4551'],[0.5485389828681946],['description']
广东省公办大专学校排名,['52364'],[],description,3,0,[],,"['4551', '51129', '39537']","[0.5485389828681946, 0.5436277389526367, 0.5204797983169556]","['description', 'description', 'description']"
广东省本科大学排名,['52364'],[],description,1,0,[],,['4551'],[0.5773823261260986],['description']
广东省本科大学排名,['52364'],[],description,3,1,['52364'],3.0,"['4551', '51129', '52364']","[0.5773823261260986, 0.5549069046974182, 0.519408643245697]","['description', 'description', 'description']"
广州的高校排名,['52364'],[],description,1,0,[],,['4551'],[0.6630339026451111],['description']
广州的高校排名,['52364'],[],description,3,0,[],,"['4551', '51129', '39537']","[0.6630339026451111, 0.6256909370422363, 0.6244733929634094]","['description', 'description', 'description']"
广西有那些大学,['52364'],[],description,1,0,[],,['39537'],[0.5897234678268433],['description']
广西有那些大学,['52364'],[],description,3,1,['52364'],3.0,"['39537', '4551', '52364']","[0.5897234678268433, 0.5448436737060547, 0.5404244661331177]","['description', 'description', 'description']"
德州大专院校有哪些,['52364'],[],description,1,0,[],,['39537'],[0.5913118124008179],['description']
德州大专院校有哪些,['52364'],[],description,3,1,['52364'],3.0,"['39537', '4551', '52364']","[0.5913118124008179, 0.4987202286720276, 0.48869040608406067]","['description', 'description', 'description']"
成都专科学校有哪些,['52364'],[],description,1,0,[],,['39537'],[0.5919866561889648],['description']
成都专科学校有哪些,['52364'],[],description,3,1,['52364'],2.0,"['39537', '52364', '4551']","[0.5919866561889648, 0.515317976474762, 0.5058380961418152]","['description', 'description', 'description']"
成都有哪些大学,['52364'],[],description,1,0,[],,['39537'],[0.613459587097168],['description']
成都有哪些大学,['52364'],[],description,3,1,['52364'],2.0,"['39537', '52364', '4551']","[0.613459587097168, 0.5717525482177734, 0.5567793250083923]","['description', 'description', 'description']"
成都理工大学2026分数线是多少,['52364'],[],description,1,1,['52364'],1.0,['52364'],[0.45910727977752686],['description']
成都理工大学2026分数线是多少,['52364'],[],description,3,1,['52364'],1.0,"['52364', '39537', '51129']","[0.45910727977752686, 0.44375914335250854, 0.4303502142429352]","['description', 'description', 'description']"
我国有哪些211大学,['52364'],[],description,1,0,[],,['4551'],[0.656967043876648],['description']
我国有哪些211大学,['52364'],[],description,3,1,['52364'],3.0,"['4551', '39537', '52364']","[0.656967043876648, 0.5594034194946289, 0.516547441482544]","['description', 'description', 'description']"
排名中国前十的大学,['52364'],[],description,1,0,[],,['4551'],[0.6692349910736084],['description']
排名中国前十的大学,['52364'],[],description,3,1,['52364'],2.0,"['4551', '52364', '39537']","[0.6692349910736084, 0.5810841917991638, 0.5774328112602234]","['description', 'description', 'description']"
新疆专科学校排名,['52364'],[],description,1,0,[],,['51129'],[0.5821550488471985],['description']
新疆专科学校排名,['52364'],[],description,3,0,[],,"['51129', '4551', '39537']","[0.5821550488471985, 0.5791041254997253, 0.5397285223007202]","['description', 'description', 'description']"
新疆的本科大学有哪些,['52364'],[],description,1,0,[],,['39537'],[0.5325624346733093],['description']
新疆的本科大学有哪些,['52364'],[],description,3,1,['52364'],3.0,"['39537', '4551', '52364']","[0.5325624346733093, 0.5155179500579834, 0.4911671280860901]","['description', 'description', 'description']"
最好的985大学是哪所,['52364'],[],description,1,0,[],,['4551'],[0.6259512901306152],['description']
最好的985大学是哪所,['52364'],[],description,3,1,['52364'],3.0,"['4551', '39537', '52364']","[0.6259512901306152, 0.5609561204910278, 0.5560637712478638]","['description', 'description', 'description']"
最好的职业学校排名前十,['52364'],[],description,1,0,[],,['4551'],[0.556736409664154],['description']
最好的职业学校排名前十,['52364'],[],description,3,0,[],,"['4551', '51129', '39537']","[0.556736409664154, 0.5415109395980835, 0.5228860974311829]","['description', 'description', 'description']"
有什么师范大学,['52364'],[],description,1,0,[],,['39537'],[0.617233395576477],['description']
有什么师范大学,['52364'],[],description,3,1,['52364'],3.0,"['39537', '4551', '52364']","[0.617233395576477, 0.5703134536743164, 0.5429962277412415]","['description', 'description', 'description']"
有哪些双一流大学,['52364'],[],description,1,0,[],,['4551'],[0.6205036640167236],['description']
有哪些双一流大学,['52364'],[],description,3,1,['52364'],2.0,"['4551', '52364', '39537']","[0.6205036640167236, 0.5566828846931458, 0.5519436001777649]","['description', 'description', 'description']"
本硕连读的学校有哪些,['52364'],[],description,1,0,[],,['39537'],[0.5895113945007324],['description']
本硕连读的学校有哪些,['52364'],[],description,3,1,['52364'],3.0,"['39537', '4551', '52364']","[0.5895113945007324, 0.5537620186805725, 0.5467085838317871]","['description', 'description', 'description']"
杭州最好的三所大专,['52364'],[],description,1,0,[],,['39537'],[0.5264170169830322],['description']
杭州最好的三所大专,['52364'],[],description,3,1,['52364'],2.0,"['39537', '52364', '4551']","[0.5264170169830322, 0.4658668041229248, 0.46414291858673096]","['description', 'description', 'description']"
杭州民办大学有哪些学校,['52364'],[],description,1,0,[],,['39537'],[0.6051673889160156],['description']
杭州民办大学有哪些学校,['52364'],[],description,3,1,['52364'],3.0,"['39537', '4551', '52364']","[0.6051673889160156, 0.5742837190628052, 0.5407655239105225]","['description', 'description', 'description']"
武汉有哪些211大学和985大学,['52364'],[],description,1,0,[],,['4551'],[0.6392856240272522],['description']
武汉有哪些211大学和985大学,['52364'],[],description,3,1,['52364'],3.0,"['4551', '39537', '52364']","[0.6392856240272522, 0.5586946606636047, 0.5312257409095764]","['description', 'description', 'description']"
江苏有哪些大学,['52364'],[],description,1,0,[],,['39537'],[0.5924651026725769],['description']
江苏有哪些大学,['52364'],[],description,3,1,['52364'],3.0,"['39537', '4551', '52364']","[0.5924651026725769, 0.5640130043029785, 0.5586509704589844]","['description', 'description', 'description']"
江苏的211大学,['52364'],[],description,1,0,[],,['4551'],[0.6395158767700195],['description']
江苏的211大学,['52364'],[],description,3,1,['52364'],3.0,"['4551', '39537', '52364']","[0.6395158767700195, 0.6119168400764465, 0.5335114598274231]","['description', 'description', 'description']"
江西有那几所大学排名,['52364'],[],description,1,0,[],,['4551'],[0.6119234561920166],['description']
江西有那几所大学排名,['52364'],[],description,3,0,[],,"['4551', '51129', '39537']","[0.6119234561920166, 0.5734878778457642, 0.567329466342926]","['description', 'description', 'description']"
河北的大学排行榜,['52364'],[],description,1,0,[],,['4551'],[0.6414667367935181],['description']
河北的大学排行榜,['52364'],[],description,3,1,['52364'],3.0,"['4551', '39537', '52364']","[0.6414667367935181, 0.5897352695465088, 0.5768684148788452]","['description', 'description', 'description']"
河北省公办大专有哪些,['52364'],[],description,1,0,[],,['39537'],[0.5425283908843994],['description']
河北省公办大专有哪些,['52364'],[],description,3,1,['52364'],3.0,"['39537', '4551', '52364']","[0.5425283908843994, 0.4834543466567993, 0.4797269105911255]","['description', 'description', 'description']"
河南各大学录取分数线,['52364'],[],description,1,1,['52364'],1.0,['52364'],[0.5856091976165771],['description']
河南各大学录取分数线,['52364'],[],description,3,1,['52364'],1.0,"['52364', '39537', '4551']","[0.5856091976165771, 0.5431531667709351, 0.5414072275161743]","['description', 'description', 'description']"
河南洛阳大学,['52364'],[],description,1,0,[],,['39537'],[0.6273831129074097],['description']
河南洛阳大学,['52364'],[],description,3,0,[],,"['39537', '51129', '4551']","[0.6273831129074097, 0.5322996973991394, 0.5191903114318848]","['description', 'description', 'description']"
河南省大专学校有哪些,['52364'],[],description,1,0,[],,['39537'],[0.5949857234954834],['description']
河南省大专学校有哪些,['52364'],[],description,3,1,['52364'],3.0,"['39537', '4551', '52364']","[0.5949857234954834, 0.5120762586593628, 0.5017346143722534]","['description', 'description', 'description']"
河南省的大学排行榜,['52364'],[],description,1,0,[],,['4551'],[0.6328444480895996],['description']
河南省的大学排行榜,['52364'],[],description,3,0,[],,"['4551', '39537', '51129']","[0.6328444480895996, 0.5867745876312256, 0.5755833387374878]","['description', 'description', 'description']"
济宁专科学校有哪些,['52364'],[],description,1,0,[],,['39537'],[0.5974810719490051],['description']
济宁专科学校有哪些,['52364'],[],description,3,1,['52364'],3.0,"['39537', '4551', '52364']","[0.5974810719490051, 0.5236918926239014, 0.5119454860687256]","['description', 'description', 'description']"
浙江排名大学,['52364'],[],description,1,0,[],,['4551'],[0.6393957734107971],['description']
浙江排名大学,['52364'],[],description,3,0,[],,"['4551', '51129', '39537']","[0.6393957734107971, 0.6186757683753967, 0.5860791206359863]","['description', 'description', 'description']"
浙江省专科院校有哪些,['52364'],[],description,1,0,[],,['39537'],[0.6034412980079651],['description']
浙江省专科院校有哪些,['52364'],[],description,3,1,['52364'],3.0,"['39537', '4551', '52364']","[0.6034412980079651, 0.5521302819252014, 0.5347996950149536]","['description', 'description', 'description']"
浙江省有那些大学,['52364'],[],description,1,0,[],,['39537'],[0.6405776143074036],['description']
浙江省有那些大学,['52364'],[],description,3,1,['52364'],3.0,"['39537', '4551', '52364']","[0.6405776143074036, 0.5898786783218384, 0.5827735662460327]","['description', 'description', 'description']"
海南有几所大学,['52364'],[],description,1,0,[],,['39537'],[0.5676049590110779],['description']
海南有几所大学,['52364'],[],description,3,1,['52364'],3.0,"['39537', '4551', '52364']","[0.5676049590110779, 0.5193305015563965, 0.5135408043861389]","['description', 'description', 'description']"
淄博的大学有哪些,['52364'],[],description,1,0,[],,['39537'],[0.5949845314025879],['description']
淄博的大学有哪些,['52364'],[],description,3,1,['52364'],2.0,"['39537', '52364', '4551']","[0.5949845314025879, 0.5250920057296753, 0.5209925174713135]","['description', 'description', 'description']"
深圳最好的10所大学有哪些,['52364'],[],description,1,0,[],,['4551'],[0.5684544444084167],['description']
深圳最好的10所大学有哪些,['52364'],[],description,3,1,['52364'],3.0,"['4551', '39537', '52364']","[0.5684544444084167, 0.5495387315750122, 0.5476813316345215]","['description', 'description', 'description']"
湖北公办大专有哪些学校,['52364'],[],description,1,0,[],,['39537'],[0.5372682809829712],['description']
湖北公办大专有哪些学校,['52364'],[],description,3,1,['52364'],3.0,"['39537', '4551', '52364']","[0.5372682809829712, 0.48146456480026245, 0.47724610567092896]","['description', 'description', 'description']"
湖北各大学录取分数线,['52364'],[],description,1,1,['52364'],1.0,['52364'],[0.5949316024780273],['description']
湖北各大学录取分数线,['52364'],[],description,3,1,['52364'],1.0,"['52364', '4551', '39537']","[0.5949316024780273, 0.5635241270065308, 0.5467238426208496]","['description', 'description', 'description']"
湖北的大学排行榜,['52364'],[],description,1,0,[],,['4551'],[0.6272383332252502],['description']
湖北的大学排行榜,['52364'],[],description,3,1,['52364'],3.0,"['4551', '51129', '52364']","[0.6272383332252502, 0.5684211254119873, 0.56245356798172]","['description', 'description', 'description']"
湖南各大学2026年录取分数线,['52364'],[],description,1,1,['52364'],1.0,['52364'],[0.5195609331130981],['description']
湖南各大学2026年录取分数线,['52364'],[],description,3,1,['52364'],1.0,"['52364', '39537', '4551']","[0.5195609331130981, 0.5044738054275513, 0.49871498346328735]","['description', 'description', 'description']"
湖南省公办本科学校录取分数线,['52364'],[],description,1,1,['52364'],1.0,['52364'],[0.5600736141204834],['description']
湖南省公办本科学校录取分数线,['52364'],[],description,3,1,['52364'],1.0,"['52364', '39537', '4551']","[0.5600736141204834, 0.5472395420074463, 0.5381307601928711]","['description', 'description', 'description']"
湖南省大学排名一览表及分数线,['52364'],[],description,1,0,[],,['4551'],[0.620231568813324],['description']
湖南省大学排名一览表及分数线,['52364'],[],description,3,1,['52364'],2.0,"['4551', '52364', '51129']","[0.620231568813324, 0.5939587354660034, 0.5547874569892883]","['description', 'description', 'description']"
湖南省有哪些985和211大学,['52364'],[],description,1,0,[],,['4551'],[0.6172198057174683],['description']
湖南省有哪些985和211大学,['52364'],[],description,3,1,['52364'],3.0,"['4551', '39537', '52364']","[0.6172198057174683, 0.5485330820083618, 0.5036088824272156]","['description', 'description', 'description']"
湖南省民办本科院校有哪些,['52364'],[],description,1,0,[],,['39537'],[0.5569034814834595],['description']
湖南省民办本科院校有哪些,['52364'],[],description,3,1,['52364'],3.0,"['39537', '4551', '52364']","[0.5569034814834595, 0.5516431331634521, 0.4931124448776245]","['description', 'description', 'description']"
湖南高校排名,['52364'],[],description,1,0,[],,['4551'],[0.6466238498687744],['description']
湖南高校排名,['52364'],[],description,3,0,[],,"['4551', '39537', '51129']","[0.6466238498687744, 0.6047080755233765, 0.6025925874710083]","['description', 'description', 'description']"
烟台公办本科大学有哪些,['52364'],[],description,1,0,[],,['39537'],[0.5503230094909668],['description']
烟台公办本科大学有哪些,['52364'],[],description,3,1,['52364'],3.0,"['39537', '51129', '52364']","[0.5503230094909668, 0.48250365257263184, 0.4812699556350708]","['description', 'description', 'description']"
烟台都有哪些大学,['52364'],[],description,1,0,[],,['39537'],[0.6037551164627075],['description']
烟台都有哪些大学,['52364'],[],description,3,1,['52364'],2.0,"['39537', '52364', '4551']","[0.6037551164627075, 0.533767819404602, 0.5167098045349121]","['description', 'description', 'description']"
焦作有那些大学,['52364'],[],description,1,0,[],,['39537'],[0.5929991602897644],['description']
焦作有那些大学,['52364'],[],description,3,1,['52364'],2.0,"['39537', '52364', '4551']","[0.5929991602897644, 0.5264265537261963, 0.5038048028945923]","['description', 'description', 'description']"
甘肃的大学排行榜,['52364'],[],description,1,0,[],,['4551'],[0.6326813697814941],['description']
甘肃的大学排行榜,['52364'],[],description,3,1,['52364'],3.0,"['4551', '51129', '52364']","[0.6326813697814941, 0.5753347277641296, 0.5689193606376648]","['description', 'description', 'description']"
相关艺术类大学有哪些,['52364'],[],description,1,0,[],,['4551'],[0.646845817565918],['description']
相关艺术类大学有哪些,['52364'],[],description,3,1,['52364'],3.0,"['4551', '39537', '52364']","[0.646845817565918, 0.6375682353973389, 0.5932242274284363]","['description', 'description', 'description']"
福建大学,['52364'],[],description,1,0,[],,['39537'],[0.5928820967674255],['description']
福建大学,['52364'],[],description,3,1,['52364'],3.0,"['39537', '4551', '52364']","[0.5928820967674255, 0.5440390110015869, 0.5169569253921509]","['description', 'description', 'description']"
秦皇岛有哪些大学,['52364'],[],description,1,0,[],,['39537'],[0.6022195219993591],['description']
秦皇岛有哪些大学,['52364'],[],description,3,1,['52364'],2.0,"['39537', '52364', '4551']","[0.6022195219993591, 0.53483647108078, 0.5105904936790466]","['description', 'description', 'description']"
苏州有哪些大学,['52364'],[],description,1,0,[],,['39537'],[0.5985143184661865],['description']
苏州有哪些大学,['52364'],[],description,3,1,['52364'],2.0,"['39537', '52364', '4551']","[0.5985143184661865, 0.53565514087677, 0.5085879564285278]","['description', 'description', 'description']"
葫芦岛有哪些大学,['52364'],[],description,1,0,[],,['39537'],[0.5865774154663086],['description']
葫芦岛有哪些大学,['52364'],[],description,3,1,['52364'],2.0,"['39537', '52364', '4551']","[0.5865774154663086, 0.5152833461761475, 0.509356677532196]","['description', 'description', 'description']"
西安有几所大学,['52364'],[],description,1,0,[],,['39537'],[0.547071099281311],['description']
西安有几所大学,['52364'],[],description,3,1,['52364'],2.0,"['39537', '52364', '4551']","[0.547071099281311, 0.5137794017791748, 0.498840868473053]","['description', 'description', 'description']"
西安的大学,['52364'],[],description,1,0,[],,['39537'],[0.60758376121521],['description']
西安的大学,['52364'],[],description,3,1,['52364'],3.0,"['39537', '4551', '52364']","[0.60758376121521, 0.5299428701400757, 0.5200793147087097]","['description', 'description', 'description']"
警校有哪些学校,['52364'],[],description,1,0,[],,['39537'],[0.6159214973449707],['description']
警校有哪些学校,['52364'],[],description,3,1,['52364'],3.0,"['39537', '4551', '52364']","[0.6159214973449707, 0.5748948454856873, 0.5445249080657959]","['description', 'description', 'description']"
贵州学校,['52364'],[],description,1,0,[],,['39537'],[0.5980879664421082],['description']
贵州学校,['52364'],[],description,3,1,['52364'],3.0,"['39537', '4551', '52364']","[0.5980879664421082, 0.5459025502204895, 0.5082998275756836]","['description', 'description', 'description']"
贵州有211大学吗?,['52364'],[],description,1,0,[],,['39537'],[0.5046918988227844],['description']
贵州有211大学吗?,['52364'],[],description,3,1,['52364'],3.0,"['39537', '4551', '52364']","[0.5046918988227844, 0.5023294687271118, 0.4348822832107544]","['description', 'description', 'description']"
贵州的大专学校有哪些,['52364'],[],description,1,0,[],,['39537'],[0.549240231513977],['description']
贵州的大专学校有哪些,['52364'],[],description,3,1,['52364'],2.0,"['39537', '52364', '4551']","[0.549240231513977, 0.45947256684303284, 0.4534199833869934]","['description', 'description', 'description']"
贵州都有哪些大学,['52364'],[],description,1,0,[],,['39537'],[0.5956231951713562],['description']
贵州都有哪些大学,['52364'],[],description,3,1,['52364'],2.0,"['39537', '52364', '4551']","[0.5956231951713562, 0.5268044471740723, 0.5224308967590332]","['description', 'description', 'description']"
贵阳高职有哪些学校,['52364'],[],description,1,0,[],,['39537'],[0.5719422101974487],['description']
贵阳高职有哪些学校,['52364'],[],description,3,1,['52364'],2.0,"['39537', '52364', '4551']","[0.5719422101974487, 0.462996244430542, 0.46219098567962646]","['description', 'description', 'description']"
辽宁专科学校排名,['52364'],[],description,1,0,[],,['4551'],[0.5987861156463623],['description']
辽宁专科学校排名,['52364'],[],description,3,0,[],,"['4551', '51129', '39537']","[0.5987861156463623, 0.5940025448799133, 0.5468199849128723]","['description', 'description', 'description']"
辽宁省本科院校,['52364'],[],description,1,0,[],,['4551'],[0.5834088921546936],['description']
辽宁省本科院校,['52364'],[],description,3,1,['52364'],3.0,"['4551', '39537', '52364']","[0.5834088921546936, 0.5719888806343079, 0.5121171474456787]","['description', 'description', 'description']"
重庆公办大学有哪些,['52364'],[],description,1,0,[],,['39537'],[0.5713337659835815],['description']
重庆公办大学有哪些,['52364'],[],description,3,1,['52364'],2.0,"['39537', '52364', '4551']","[0.5713337659835815, 0.5288683772087097, 0.5253057479858398]","['description', 'description', 'description']"
重庆市公办大学排名,['52364'],[],description,1,0,[],,['51129'],[0.5620673894882202],['description']
重庆市公办大学排名,['52364'],[],description,3,0,[],,"['51129', '4551', '39537']","[0.5620673894882202, 0.5613534450531006, 0.5389986038208008]","['description', 'description', 'description']"
重庆市医科大学2026年录取分数线是多少,['52364'],[],description,1,0,[],,['39537'],[0.45218294858932495],['description']
重庆市医科大学2026年录取分数线是多少,['52364'],[],description,3,1,['52364'],2.0,"['39537', '52364', '51129']","[0.45218294858932495, 0.4478044807910919, 0.4354557394981384]","['description', 'description', 'description']"
铜陵有哪几所大学,['52364'],[],description,1,0,[],,['39537'],[0.5621751546859741],['description']
铜陵有哪几所大学,['52364'],[],description,3,1,['52364'],2.0,"['39537', '52364', '4551']","[0.5621751546859741, 0.4988510012626648, 0.49514803290367126]","['description', 'description', 'description']"
长沙艺术学院,['52364'],[],description,1,0,[],,['39537'],[0.5788785219192505],['description']
长沙艺术学院,['52364'],[],description,3,0,[],,"['39537', '4551', '51129']","[0.5788785219192505, 0.5111740827560425, 0.49773675203323364]","['description', 'description', 'description']"
陕西各大学2026录取分数线,['52364'],[],description,1,1,['52364'],1.0,['52364'],[0.5421254634857178],['description']
陕西各大学2026录取分数线,['52364'],[],description,3,1,['52364'],1.0,"['52364', '39537', '4551']","[0.5421254634857178, 0.5123282670974731, 0.5055467486381531]","['description', 'description', 'description']"
陕西有哪些大学,['52364'],[],description,1,0,[],,['39537'],[0.5942038297653198],['description']
陕西有哪些大学,['52364'],[],description,3,1,['52364'],2.0,"['39537', '52364', '4551']","[0.5942038297653198, 0.5488575100898743, 0.5455378890037537]","['description', 'description', 'description']"
青岛的公办本科大学有哪些,['52364'],[],description,1,0,[],,['39537'],[0.556843638420105],['description']
青岛的公办本科大学有哪些,['52364'],[],description,3,1,['52364'],3.0,"['39537', '4551', '52364']","[0.556843638420105, 0.510288655757904, 0.49353450536727905]","['description', 'description', 'description']"
青海本科学校录取分数线,['52364'],[],description,1,1,['52364'],1.0,['52364'],[0.5441091060638428],['description']
青海本科学校录取分数线,['52364'],[],description,3,1,['52364'],1.0,"['52364', '39537', '4551']","[0.5441091060638428, 0.5390510559082031, 0.5263755917549133]","['description', 'description', 'description']"
鞍山有哪些大学,['52364'],[],description,1,0,[],,['39537'],[0.572906494140625],['description']
鞍山有哪些大学,['52364'],[],description,3,1,['52364'],2.0,"['39537', '52364', '4551']","[0.572906494140625, 0.528461754322052, 0.5093923807144165]","['description', 'description', 'description']"
驻马店有哪些大学,['52364'],[],description,1,0,[],,['39537'],[0.5740174651145935],['description']
驻马店有哪些大学,['52364'],[],description,3,1,['52364'],2.0,"['39537', '52364', '4551']","[0.5740174651145935, 0.5003660917282104, 0.4819316267967224]","['description', 'description', 'description']"
黄石有那些大学,['52364'],[],description,1,0,[],,['39537'],[0.6032898426055908],['description']
黄石有那些大学,['52364'],[],description,3,1,['52364'],2.0,"['39537', '52364', '4551']","[0.6032898426055908, 0.5323511958122253, 0.5148574113845825]","['description', 'description', 'description']"
黑龙江省大学排名,['52364'],[],description,1,0,[],,['4551'],[0.5994629263877869],['description']
黑龙江省大学排名,['52364'],[],description,3,0,[],,"['4551', '51129', '39537']","[0.5994629263877869, 0.5598317384719849, 0.5341321229934692]","['description', 'description', 'description']"
齐齐哈尔的医药大类专科有哪些,['52364'],[],description,1,0,[],,['39537'],[0.5036517381668091],['description']
齐齐哈尔的医药大类专科有哪些,['52364'],[],description,3,1,['52364'],3.0,"['39537', '4551', '52364']","[0.5036517381668091, 0.47294411063194275, 0.45250043272972107]","['description', 'description', 'description']"
2025全国大学排行榜,['52364'],[],merged,1,0,[],,['4551'],[0.7032997608184814],['description']
2025全国大学排行榜,['52364'],[],merged,3,1,['52364'],3.0,"['4551', '51129', '52364']","[0.7032997608184814, 0.6024279594421387, 0.5803647041320801]","['description', 'description', 'description']"
2026年大学录取分数线,['52364'],[],merged,1,1,['52364'],1.0,['52364'],[0.5737535357475281],['description']
2026年大学录取分数线,['52364'],[],merged,3,1,['52364'],1.0,"['52364', '4551', '39537']","[0.5737535357475281, 0.5531665682792664, 0.5329560041427612]","['description', 'description', 'title_description']"
2026年大学排行榜,['52364'],[],merged,1,0,[],,['4551'],[0.6627731323242188],['description']
2026年大学排行榜,['52364'],[],merged,3,1,['52364'],3.0,"['4551', '51129', '52364']","[0.6627731323242188, 0.594874382019043, 0.5737103223800659]","['description', 'description', 'description']"
2026年高考学校录取分数线,['52364'],[],merged,1,1,['52364'],1.0,['52364'],[0.5667825937271118],['description']
2026年高考学校录取分数线,['52364'],[],merged,3,1,['52364'],1.0,"['52364', '39537', '4551']","[0.5667825937271118, 0.5534693002700806, 0.5482156276702881]","['description', 'description', 'description']"
2026河北专科学校录取分数线,['52364'],[],merged,1,1,['52364'],1.0,['52364'],[0.525039553642273],['title_description']
2026河北专科学校录取分数线,['52364'],[],merged,3,1,['52364'],1.0,"['52364', '39537', '4551']","[0.525039553642273, 0.5026490092277527, 0.48152387142181396]","['title_description', 'description', 'description']"
211大学全部名单,['52364'],[],merged,1,0,[],,['4551'],[0.7583327293395996],['description']
211大学全部名单,['52364'],[],merged,3,1,['52364'],3.0,"['4551', '39537', '52364']","[0.7583327293395996, 0.5912396907806396, 0.5670040845870972]","['description', 'description', 'description']"
211大学录取分数线排名,['52364'],[],merged,1,0,[],,['4551'],[0.7196614742279053],['description']
211大学录取分数线排名,['52364'],[],merged,3,1,['52364'],2.0,"['4551', '52364', '39537']","[0.7196614742279053, 0.6177171468734741, 0.5474356412887573]","['description', 'description', 'description']"
985211黑龙江有几所,['52364'],[],merged,1,0,[],,['4551'],[0.5533224940299988],['description']
985211黑龙江有几所,['52364'],[],merged,3,1,['52364'],3.0,"['4551', '39537', '52364']","[0.5533224940299988, 0.4980120360851288, 0.45490503311157227]","['description', 'description', 'title_description']"
985大学录取分数线是多少,['52364'],[],merged,1,0,[],,['4551'],[0.6028790473937988],['description']
985大学录取分数线是多少,['52364'],[],merged,3,1,['52364'],2.0,"['4551', '52364', '39537']","[0.6028790473937988, 0.5805394649505615, 0.5470283031463623]","['description', 'description', 'description']"
985大学排名一览表,['52364'],[],merged,1,0,[],,['4551'],[0.7136223316192627],['description']
985大学排名一览表,['52364'],[],merged,3,1,['52364'],3.0,"['4551', '51129', '52364']","[0.7136223316192627, 0.5714004635810852, 0.5618366003036499]","['description', 'description', 'description']"
985学校,['52364'],[],merged,1,0,[],,['4551'],[0.7457921504974365],['description']
985学校,['52364'],[],merged,3,1,['52364'],3.0,"['4551', '39537', '52364']","[0.7457921504974365, 0.6274104118347168, 0.5921443700790405]","['description', 'description', 'description']"
985学校排名,['52364'],[],merged,1,0,[],,['4551'],[0.7369311451911926],['description']
985学校排名,['52364'],[],merged,3,1,['52364'],3.0,"['4551', '51129', '52364']","[0.7369311451911926, 0.6066926717758179, 0.5776560306549072]","['description', 'description', 'description']"
一共有几所985大学,['52364'],[],merged,1,0,[],,['4551'],[0.65229332447052],['description']
一共有几所985大学,['52364'],[],merged,3,1,['52364'],3.0,"['4551', '39537', '52364']","[0.65229332447052, 0.5763641595840454, 0.5511927604675293]","['description', 'description', 'description']"
中国的政法大学排名,['52364'],[],merged,1,0,[],,['51129'],[0.5813233256340027],['description']
中国的政法大学排名,['52364'],[],merged,3,1,['52364'],3.0,"['51129', '4551', '52364']","[0.5813233256340027, 0.5713611841201782, 0.5106406211853027]","['description', 'description', 'description']"
九江有哪些大学,['52364'],[],merged,1,0,[],,['39537'],[0.606216311454773],['description']
九江有哪些大学,['52364'],[],merged,3,1,['52364'],3.0,"['39537', '4551', '52364']","[0.606216311454773, 0.5467420816421509, 0.5433213710784912]","['description', 'description', 'description']"
云南高校排名,['52364'],[],merged,1,0,[],,['4551'],[0.6190378069877625],['description']
云南高校排名,['52364'],[],merged,3,0,[],,"['4551', '39537', '51129']","[0.6190378069877625, 0.5874735713005066, 0.573683500289917]","['description', 'description', 'description']"
今年211大学录取分数线是多少分,['52364'],[],merged,1,0,[],,['4551'],[0.5664394497871399],['description']
今年211大学录取分数线是多少分,['52364'],[],merged,3,1,['52364'],2.0,"['4551', '52364', '39537']","[0.5664394497871399, 0.5359320640563965, 0.5049024820327759]","['description', 'description', 'description']"
今年学校分数线是多少分,['52364'],[],merged,1,1,['52364'],1.0,['52364'],[0.5671376585960388],['description']
今年学校分数线是多少分,['52364'],[],merged,3,1,['52364'],1.0,"['52364', '39537', '4551']","[0.5671376585960388, 0.555267333984375, 0.5196796655654907]","['description', 'description', 'description']"
信阳有哪些大专院校,['52364'],[],merged,1,0,[],,['39537'],[0.5746606588363647],['description']
信阳有哪些大专院校,['52364'],[],merged,3,1,['52364'],2.0,"['39537', '52364', '51129']","[0.5746606588363647, 0.47509634494781494, 0.46354007720947266]","['description', 'title_description', 'description']"
全国排名前10的专科学校,['52364'],[],merged,1,0,[],,['51129'],[0.6252809762954712],['description']
全国排名前10的专科学校,['52364'],[],merged,3,0,[],,"['51129', '4551', '39537']","[0.6252809762954712, 0.6204042434692383, 0.5752114653587341]","['description', 'description', 'description']"
全国排名大学,['52364'],[],merged,1,0,[],,['4551'],[0.7561209201812744],['description']
全国排名大学,['52364'],[],merged,3,1,['52364'],3.0,"['4551', '51129', '52364']","[0.7561209201812744, 0.6649629473686218, 0.6451669335365295]","['description', 'description', 'description']"
全国最好的医科大学有哪些,['52364'],[],merged,1,0,[],,['4551'],[0.5482063293457031],['description']
全国最好的医科大学有哪些,['52364'],[],merged,3,1,['52364'],3.0,"['4551', '39537', '52364']","[0.5482063293457031, 0.5275647640228271, 0.5231431722640991]","['description', 'description', 'title_description']"
全国有哪些985大学和211大学,['52364'],[],merged,1,0,[],,['4551'],[0.743610143661499],['description']
全国有哪些985大学和211大学,['52364'],[],merged,3,1,['52364'],3.0,"['4551', '39537', '52364']","[0.743610143661499, 0.6134761571884155, 0.5946788787841797]","['description', 'description', 'description']"
公办职业学校有哪些,['52364'],[],merged,1,0,[],,['39537'],[0.6007504463195801],['description']
公办职业学校有哪些,['52364'],[],merged,3,0,[],,"['39537', '60293', '4551']","[0.6007504463195801, 0.5505571365356445, 0.5280351638793945]","['description', 'description', 'description']"
农业大学有哪些,['52364'],[],merged,1,0,[],,['39537'],[0.6175302267074585],['description']
农业大学有哪些,['52364'],[],merged,3,1,['52364'],3.0,"['39537', '4551', '52364']","[0.6175302267074585, 0.6097421646118164, 0.5722243785858154]","['description', 'description', 'description']"
北京的大学排行,['52364'],[],merged,1,0,[],,['4551'],[0.6622475385665894],['description']
北京的大学排行,['52364'],[],merged,3,1,['52364'],2.0,"['4551', '52364', '39537']","[0.6622475385665894, 0.6003566384315491, 0.5828613042831421]","['description', 'description', 'description']"
医学院校有哪些,['52364'],[],merged,1,0,[],,['39537'],[0.6504403948783875],['description']
医学院校有哪些,['52364'],[],merged,3,1,['52364'],3.0,"['39537', '4551', '52364']","[0.6504403948783875, 0.6355621814727783, 0.5838536024093628]","['description', 'description', 'description']"
医药大学,['52364'],[],merged,1,0,[],,['39537'],[0.597425103187561],['description']
医药大学,['52364'],[],merged,3,1,['52364'],3.0,"['39537', '4551', '52364']","[0.597425103187561, 0.5821214914321899, 0.5230560302734375]","['description', 'description', 'description']"
医药大学排名,['52364'],[],merged,1,0,[],,['4551'],[0.673902690410614],['description']
医药大学排名,['52364'],[],merged,3,1,['52364'],3.0,"['4551', '51129', '52364']","[0.673902690410614, 0.6127972602844238, 0.5774092674255371]","['description', 'description', 'description']"
十堰有哪几所大学,['52364'],[],merged,1,0,[],,['39537'],[0.572820246219635],['description']
十堰有哪几所大学,['52364'],[],merged,3,1,['52364'],2.0,"['39537', '52364', '4551']","[0.572820246219635, 0.5019038319587708, 0.4858230948448181]","['description', 'description', 'description']"
十堰本科大学排名,['52364'],[],merged,1,0,[],,['51129'],[0.5716652870178223],['description']
十堰本科大学排名,['52364'],[],merged,3,0,[],,"['51129', '39537', '4551']","[0.5716652870178223, 0.5298261642456055, 0.5234230756759644]","['description', 'description', 'description']"
南京有几所211大学和985大学,['52364'],[],merged,1,0,[],,['4551'],[0.6273850798606873],['description']
南京有几所211大学和985大学,['52364'],[],merged,3,1,['52364'],3.0,"['4551', '39537', '52364']","[0.6273850798606873, 0.5644555687904358, 0.5337591171264648]","['description', 'description', 'description']"
厦门大专院校排名及录取分数线,['52364'],[],merged,1,0,[],,['39537'],[0.5305946469306946],['description']
厦门大专院校排名及录取分数线,['52364'],[],merged,3,1,['52364'],3.0,"['39537', '51129', '52364']","[0.5305946469306946, 0.5270376205444336, 0.5173635482788086]","['description', 'description', 'title_description']"
厦门有那些大学,['52364'],[],merged,1,0,[],,['39537'],[0.5849440097808838],['description']
厦门有那些大学,['52364'],[],merged,3,1,['52364'],3.0,"['39537', '4551', '52364']","[0.5849440097808838, 0.5220400094985962, 0.5214033126831055]","['description', 'description', 'description']"
各省大学录取分数线,['52364'],[],merged,1,1,['52364'],1.0,['52364'],[0.6615543961524963],['description']
各省大学录取分数线,['52364'],[],merged,3,1,['52364'],1.0,"['52364', '4551', '39537']","[0.6615543961524963, 0.639438271522522, 0.6155108213424683]","['description', 'description', 'description']"
合肥民办本科院校有哪些,['52364'],[],merged,1,0,[],,['39537'],[0.5662828683853149],['description']
合肥民办本科院校有哪些,['52364'],[],merged,3,1,['52364'],3.0,"['39537', '4551', '52364']","[0.5662828683853149, 0.5206645131111145, 0.4956907033920288]","['description', 'description', 'description']"
合肥理工学校录取分数线,['52364'],[],merged,1,0,[],,['39537'],[0.5287442207336426],['description']
合肥理工学校录取分数线,['52364'],[],merged,3,1,['52364'],2.0,"['39537', '52364', '51129']","[0.5287442207336426, 0.500537097454071, 0.4591190814971924]","['description', 'title_description', 'description']"
吉林专科学校,['52364'],[],merged,1,0,[],,['39537'],[0.5989974141120911],['description']
吉林专科学校,['52364'],[],merged,3,0,[],,"['39537', '4551', '51129']","[0.5989974141120911, 0.5056121945381165, 0.4968092739582062]","['description', 'description', 'description']"
哈尔滨985211学校有哪些,['52364'],[],merged,1,0,[],,['4551'],[0.6380162835121155],['description']
哈尔滨985211学校有哪些,['52364'],[],merged,3,1,['52364'],3.0,"['4551', '39537', '52364']","[0.6380162835121155, 0.6058942079544067, 0.5347751379013062]","['description', 'description', 'description']"
哈尔滨最好的大学都有哪些,['52364'],[],merged,1,0,[],,['39537'],[0.5327035188674927],['description']
哈尔滨最好的大学都有哪些,['52364'],[],merged,3,1,['52364'],2.0,"['39537', '52364', '4551']","[0.5327035188674927, 0.5123932957649231, 0.5056105256080627]","['description', 'description', 'description']"
四川的大学排行,['52364'],[],merged,1,0,[],,['4551'],[0.6113158464431763],['description']
四川的大学排行,['52364'],[],merged,3,1,['52364'],2.0,"['4551', '52364', '51129']","[0.6113158464431763, 0.5800179243087769, 0.5639641284942627]","['description', 'description', 'description']"
大学211排名,['52364'],[],merged,1,0,[],,['4551'],[0.7456874847412109],['description']
大学211排名,['52364'],[],merged,3,1,['52364'],3.0,"['4551', '51129', '52364']","[0.7456874847412109, 0.6057194471359253, 0.575415313243866]","['description', 'description', 'description']"
大连有那些大学,['52364'],[],merged,1,0,[],,['39537'],[0.6027438640594482],['description']
大连有那些大学,['52364'],[],merged,3,1,['52364'],2.0,"['39537', '52364', '4551']","[0.6027438640594482, 0.5498878955841064, 0.5476428866386414]","['description', 'description', 'description']"
天津专科学校排行榜,['52364'],[],merged,1,0,[],,['4551'],[0.5614471435546875],['description']
天津专科学校排行榜,['52364'],[],merged,3,0,[],,"['4551', '51129', '39537']","[0.5614471435546875, 0.5481886267662048, 0.5221583843231201]","['description', 'description', 'description']"
宁波有那些大学,['52364'],[],merged,1,0,[],,['39537'],[0.6094171404838562],['description']
宁波有那些大学,['52364'],[],merged,3,1,['52364'],3.0,"['39537', '4551', '52364']","[0.6094171404838562, 0.5516828298568726, 0.5362204313278198]","['description', 'description', 'description']"
安徽211和985大学有几所,['52364'],[],merged,1,0,[],,['4551'],[0.6233157515525818],['description']
安徽211和985大学有几所,['52364'],[],merged,3,1,['52364'],3.0,"['4551', '39537', '52364']","[0.6233157515525818, 0.5423579216003418, 0.513786792755127]","['description', 'description', 'description']"
安徽有那些大学,['52364'],[],merged,1,0,[],,['39537'],[0.6105284690856934],['description']
安徽有那些大学,['52364'],[],merged,3,1,['52364'],3.0,"['39537', '4551', '52364']","[0.6105284690856934, 0.5607072114944458, 0.5582222938537598]","['description', 'description', 'description']"
山东最好的专科学校有哪些,['52364'],[],merged,1,0,[],,['39537'],[0.5460704565048218],['description']
山东最好的专科学校有哪些,['52364'],[],merged,3,1,['52364'],2.0,"['39537', '52364', '51129']","[0.5460704565048218, 0.5100551843643188, 0.5009291172027588]","['description', 'title_description', 'description']"
山东省专科院校有哪些,['52364'],[],merged,1,0,[],,['39537'],[0.5890659689903259],['description']
山东省专科院校有哪些,['52364'],[],merged,3,1,['52364'],3.0,"['39537', '4551', '52364']","[0.5890659689903259, 0.5305996537208557, 0.5035520195960999]","['description', 'description', 'description']"
山东省公办专科学校有哪些,['52364'],[],merged,1,0,[],,['39537'],[0.5670381784439087],['description']
山东省公办专科学校有哪些,['52364'],[],merged,3,1,['52364'],3.0,"['39537', '4551', '52364']","[0.5670381784439087, 0.522637128829956, 0.49930480122566223]","['description', 'description', 'description']"
山东省有那些大学,['52364'],[],merged,1,0,[],,['39537'],[0.6255151629447937],['description']
山东省有那些大学,['52364'],[],merged,3,1,['52364'],3.0,"['39537', '4551', '52364']","[0.6255151629447937, 0.573207676410675, 0.5569642782211304]","['description', 'description', 'description']"
山东省民办专科学校,['52364'],[],merged,1,0,[],,['39537'],[0.6224865913391113],['description']
山东省民办专科学校,['52364'],[],merged,3,0,[],,"['39537', '4551', '51129']","[0.6224865913391113, 0.5953399538993835, 0.5195437073707581]","['description', 'description', 'description']"
山西省都有啥大学,['52364'],[],merged,1,0,[],,['39537'],[0.5908169746398926],['description']
山西省都有啥大学,['52364'],[],merged,3,1,['52364'],3.0,"['39537', '4551', '52364']","[0.5908169746398926, 0.5418641567230225, 0.5340293049812317]","['description', 'description', 'description']"
师范类大学排名,['52364'],[],merged,1,0,[],,['4551'],[0.6854642629623413],['description']
师范类大学排名,['52364'],[],merged,3,1,['52364'],3.0,"['4551', '51129', '52364']","[0.6854642629623413, 0.6187093257904053, 0.5727928876876831]","['description', 'description', 'description']"
广东有哪几所985和211大学,['52364'],[],merged,1,0,[],,['4551'],[0.6325347423553467],['description']
广东有哪几所985和211大学,['52364'],[],merged,3,1,['52364'],3.0,"['4551', '39537', '52364']","[0.6325347423553467, 0.558617115020752, 0.5173119902610779]","['description', 'description', 'description']"
广东省公办大专学校排名,['52364'],[],merged,1,0,[],,['4551'],[0.5485389828681946],['description']
广东省公办大专学校排名,['52364'],[],merged,3,0,[],,"['4551', '51129', '39537']","[0.5485389828681946, 0.5436277389526367, 0.5204797983169556]","['description', 'description', 'description']"
广东省本科大学排名,['52364'],[],merged,1,0,[],,['4551'],[0.5773823261260986],['description']
广东省本科大学排名,['52364'],[],merged,3,1,['52364'],3.0,"['4551', '51129', '52364']","[0.5773823261260986, 0.5549069046974182, 0.519408643245697]","['description', 'description', 'description']"
广州的高校排名,['52364'],[],merged,1,0,[],,['4551'],[0.6630339026451111],['description']
广州的高校排名,['52364'],[],merged,3,0,[],,"['4551', '51129', '39537']","[0.6630339026451111, 0.6256909370422363, 0.6244733929634094]","['description', 'description', 'description']"
广西有那些大学,['52364'],[],merged,1,0,[],,['39537'],[0.5897234678268433],['description']
广西有那些大学,['52364'],[],merged,3,1,['52364'],3.0,"['39537', '4551', '52364']","[0.5897234678268433, 0.5448436737060547, 0.5404244661331177]","['description', 'description', 'description']"
德州大专院校有哪些,['52364'],[],merged,1,0,[],,['39537'],[0.5913118124008179],['description']
德州大专院校有哪些,['52364'],[],merged,3,1,['52364'],3.0,"['39537', '4551', '52364']","[0.5913118124008179, 0.4987202286720276, 0.4902772903442383]","['description', 'description', 'title_description']"
成都专科学校有哪些,['52364'],[],merged,1,0,[],,['39537'],[0.5919866561889648],['description']
成都专科学校有哪些,['52364'],[],merged,3,1,['52364'],2.0,"['39537', '52364', '4551']","[0.5919866561889648, 0.515317976474762, 0.5058380961418152]","['description', 'description', 'description']"
成都有哪些大学,['52364'],[],merged,1,0,[],,['39537'],[0.613459587097168],['description']
成都有哪些大学,['52364'],[],merged,3,1,['52364'],2.0,"['39537', '52364', '4551']","[0.613459587097168, 0.5717525482177734, 0.5567793250083923]","['description', 'description', 'description']"
成都理工大学2026分数线是多少,['52364'],[],merged,1,1,['52364'],1.0,['52364'],[0.4789726138114929],['title_description']
成都理工大学2026分数线是多少,['52364'],[],merged,3,1,['52364'],1.0,"['52364', '39537', '51129']","[0.4789726138114929, 0.44375914335250854, 0.433349609375]","['title_description', 'description', 'title_description']"
我国有哪些211大学,['52364'],[],merged,1,0,[],,['4551'],[0.656967043876648],['description']
我国有哪些211大学,['52364'],[],merged,3,1,['52364'],3.0,"['4551', '39537', '52364']","[0.656967043876648, 0.5594034194946289, 0.516547441482544]","['description', 'description', 'description']"
排名中国前十的大学,['52364'],[],merged,1,0,[],,['4551'],[0.6692349910736084],['description']
排名中国前十的大学,['52364'],[],merged,3,1,['52364'],2.0,"['4551', '52364', '39537']","[0.6692349910736084, 0.5810841917991638, 0.5774328112602234]","['description', 'description', 'description']"
新疆专科学校排名,['52364'],[],merged,1,0,[],,['51129'],[0.5821550488471985],['description']
新疆专科学校排名,['52364'],[],merged,3,0,[],,"['51129', '4551', '39537']","[0.5821550488471985, 0.5791041254997253, 0.5397285223007202]","['description', 'description', 'description']"
新疆的本科大学有哪些,['52364'],[],merged,1,0,[],,['39537'],[0.5325624346733093],['description']
新疆的本科大学有哪些,['52364'],[],merged,3,1,['52364'],3.0,"['39537', '4551', '52364']","[0.5325624346733093, 0.5155179500579834, 0.4911671280860901]","['description', 'description', 'description']"
最好的985大学是哪所,['52364'],[],merged,1,0,[],,['4551'],[0.6259512901306152],['description']
最好的985大学是哪所,['52364'],[],merged,3,1,['52364'],3.0,"['4551', '39537', '52364']","[0.6259512901306152, 0.5609561204910278, 0.5560637712478638]","['description', 'description', 'description']"
最好的职业学校排名前十,['52364'],[],merged,1,0,[],,['4551'],[0.556736409664154],['description']
最好的职业学校排名前十,['52364'],[],merged,3,0,[],,"['4551', '51129', '39537']","[0.556736409664154, 0.5415109395980835, 0.5228860974311829]","['description', 'description', 'description']"
有什么师范大学,['52364'],[],merged,1,0,[],,['39537'],[0.617233395576477],['description']
有什么师范大学,['52364'],[],merged,3,1,['52364'],3.0,"['39537', '4551', '52364']","[0.617233395576477, 0.5703134536743164, 0.5429962277412415]","['description', 'description', 'description']"
有哪些双一流大学,['52364'],[],merged,1,0,[],,['4551'],[0.6205036640167236],['description']
有哪些双一流大学,['52364'],[],merged,3,1,['52364'],2.0,"['4551', '52364', '39537']","[0.6205036640167236, 0.5566828846931458, 0.5519436001777649]","['description', 'description', 'description']"
本硕连读的学校有哪些,['52364'],[],merged,1,0,[],,['39537'],[0.5895113945007324],['description']
本硕连读的学校有哪些,['52364'],[],merged,3,1,['52364'],3.0,"['39537', '4551', '52364']","[0.5895113945007324, 0.5537620186805725, 0.5467085838317871]","['description', 'description', 'description']"
杭州最好的三所大专,['52364'],[],merged,1,0,[],,['39537'],[0.5264170169830322],['description']
杭州最好的三所大专,['52364'],[],merged,3,1,['52364'],2.0,"['39537', '52364', '4551']","[0.5264170169830322, 0.4772784113883972, 0.46414291858673096]","['description', 'title_description', 'description']"
杭州民办大学有哪些学校,['52364'],[],merged,1,0,[],,['39537'],[0.6051673889160156],['description']
杭州民办大学有哪些学校,['52364'],[],merged,3,1,['52364'],3.0,"['39537', '4551', '52364']","[0.6051673889160156, 0.5742837190628052, 0.5407655239105225]","['description', 'description', 'description']"
武汉有哪些211大学和985大学,['52364'],[],merged,1,0,[],,['4551'],[0.6392856240272522],['description']
武汉有哪些211大学和985大学,['52364'],[],merged,3,1,['52364'],3.0,"['4551', '39537', '52364']","[0.6392856240272522, 0.5586946606636047, 0.5312257409095764]","['description', 'description', 'description']"
江苏有哪些大学,['52364'],[],merged,1,0,[],,['39537'],[0.5924651026725769],['description']
江苏有哪些大学,['52364'],[],merged,3,1,['52364'],3.0,"['39537', '4551', '52364']","[0.5924651026725769, 0.5640130043029785, 0.5586509704589844]","['description', 'description', 'description']"
江苏的211大学,['52364'],[],merged,1,0,[],,['4551'],[0.6395158767700195],['description']
江苏的211大学,['52364'],[],merged,3,1,['52364'],3.0,"['4551', '39537', '52364']","[0.6395158767700195, 0.6119168400764465, 0.5345653295516968]","['description', 'description', 'title_description']"
江西有那几所大学排名,['52364'],[],merged,1,0,[],,['4551'],[0.6119234561920166],['description']
江西有那几所大学排名,['52364'],[],merged,3,0,[],,"['4551', '51129', '39537']","[0.6119234561920166, 0.5734878778457642, 0.567329466342926]","['description', 'description', 'description']"
河北的大学排行榜,['52364'],[],merged,1,0,[],,['4551'],[0.6414667367935181],['description']
河北的大学排行榜,['52364'],[],merged,3,1,['52364'],3.0,"['4551', '39537', '52364']","[0.6414667367935181, 0.5897352695465088, 0.5768684148788452]","['description', 'description', 'description']"
河北省公办大专有哪些,['52364'],[],merged,1,0,[],,['39537'],[0.5425283908843994],['description']
河北省公办大专有哪些,['52364'],[],merged,3,1,['52364'],2.0,"['39537', '52364', '4551']","[0.5425283908843994, 0.4855833053588867, 0.4834543466567993]","['description', 'title_description', 'description']"
河南各大学录取分数线,['52364'],[],merged,1,1,['52364'],1.0,['52364'],[0.5856091976165771],['description']
河南各大学录取分数线,['52364'],[],merged,3,1,['52364'],1.0,"['52364', '39537', '4551']","[0.5856091976165771, 0.5431531667709351, 0.5414072275161743]","['description', 'description', 'description']"
河南洛阳大学,['52364'],[],merged,1,0,[],,['39537'],[0.6273831129074097],['description']
河南洛阳大学,['52364'],[],merged,3,1,['52364'],3.0,"['39537', '51129', '52364']","[0.6273831129074097, 0.5322996973991394, 0.5295557379722595]","['description', 'description', 'title_description']"
河南省大专学校有哪些,['52364'],[],merged,1,0,[],,['39537'],[0.5949857234954834],['description']
河南省大专学校有哪些,['52364'],[],merged,3,1,['52364'],3.0,"['39537', '4551', '52364']","[0.5949857234954834, 0.5120762586593628, 0.5017346143722534]","['description', 'description', 'description']"
河南省的大学排行榜,['52364'],[],merged,1,0,[],,['4551'],[0.6328444480895996],['description']
河南省的大学排行榜,['52364'],[],merged,3,0,[],,"['4551', '39537', '51129']","[0.6328444480895996, 0.5867745876312256, 0.5755833387374878]","['description', 'description', 'description']"
济宁专科学校有哪些,['52364'],[],merged,1,0,[],,['39537'],[0.5974810719490051],['description']
济宁专科学校有哪些,['52364'],[],merged,3,1,['52364'],3.0,"['39537', '4551', '52364']","[0.5974810719490051, 0.5236918926239014, 0.5119454860687256]","['description', 'description', 'description']"
浙江排名大学,['52364'],[],merged,1,0,[],,['4551'],[0.6393957734107971],['description']
浙江排名大学,['52364'],[],merged,3,0,[],,"['4551', '51129', '39537']","[0.6393957734107971, 0.6186757683753967, 0.5860791206359863]","['description', 'description', 'description']"
浙江省专科院校有哪些,['52364'],[],merged,1,0,[],,['39537'],[0.6034412980079651],['description']
浙江省专科院校有哪些,['52364'],[],merged,3,1,['52364'],3.0,"['39537', '4551', '52364']","[0.6034412980079651, 0.5521302819252014, 0.5347996950149536]","['description', 'description', 'description']"
浙江省有那些大学,['52364'],[],merged,1,0,[],,['39537'],[0.6405776143074036],['description']
浙江省有那些大学,['52364'],[],merged,3,1,['52364'],3.0,"['39537', '4551', '52364']","[0.6405776143074036, 0.5898786783218384, 0.5827735662460327]","['description', 'description', 'description']"
海南有几所大学,['52364'],[],merged,1,0,[],,['39537'],[0.5676049590110779],['description']
海南有几所大学,['52364'],[],merged,3,1,['52364'],3.0,"['39537', '4551', '52364']","[0.5676049590110779, 0.5193305015563965, 0.5135408043861389]","['description', 'description', 'description']"
淄博的大学有哪些,['52364'],[],merged,1,0,[],,['39537'],[0.5949845314025879],['description']
淄博的大学有哪些,['52364'],[],merged,3,1,['52364'],2.0,"['39537', '52364', '4551']","[0.5949845314025879, 0.5250920057296753, 0.5209925174713135]","['description', 'description', 'description']"
深圳最好的10所大学有哪些,['52364'],[],merged,1,0,[],,['4551'],[0.5684544444084167],['description']
深圳最好的10所大学有哪些,['52364'],[],merged,3,1,['52364'],3.0,"['4551', '39537', '52364']","[0.5684544444084167, 0.5495387315750122, 0.5476813316345215]","['description', 'description', 'description']"
湖北公办大专有哪些学校,['52364'],[],merged,1,0,[],,['39537'],[0.5372682809829712],['description']
湖北公办大专有哪些学校,['52364'],[],merged,3,1,['52364'],3.0,"['39537', '4551', '52364']","[0.5372682809829712, 0.48146456480026245, 0.47724610567092896]","['description', 'description', 'description']"
湖北各大学录取分数线,['52364'],[],merged,1,1,['52364'],1.0,['52364'],[0.5949316024780273],['description']
湖北各大学录取分数线,['52364'],[],merged,3,1,['52364'],1.0,"['52364', '4551', '39537']","[0.5949316024780273, 0.5635241270065308, 0.5467238426208496]","['description', 'description', 'description']"
湖北的大学排行榜,['52364'],[],merged,1,0,[],,['4551'],[0.6272383332252502],['description']
湖北的大学排行榜,['52364'],[],merged,3,1,['52364'],3.0,"['4551', '51129', '52364']","[0.6272383332252502, 0.5684211254119873, 0.56245356798172]","['description', 'description', 'description']"
湖南各大学2026年录取分数线,['52364'],[],merged,1,1,['52364'],1.0,['52364'],[0.5248607397079468],['title_description']
湖南各大学2026年录取分数线,['52364'],[],merged,3,1,['52364'],1.0,"['52364', '39537', '4551']","[0.5248607397079468, 0.5044738054275513, 0.49871498346328735]","['title_description', 'description', 'description']"
湖南省公办本科学校录取分数线,['52364'],[],merged,1,1,['52364'],1.0,['52364'],[0.5653406381607056],['title_description']
湖南省公办本科学校录取分数线,['52364'],[],merged,3,1,['52364'],1.0,"['52364', '39537', '4551']","[0.5653406381607056, 0.5472395420074463, 0.5381307601928711]","['title_description', 'description', 'description']"
湖南省大学排名一览表及分数线,['52364'],[],merged,1,0,[],,['4551'],[0.620231568813324],['description']
湖南省大学排名一览表及分数线,['52364'],[],merged,3,1,['52364'],2.0,"['4551', '52364', '51129']","[0.620231568813324, 0.5939587354660034, 0.5547874569892883]","['description', 'description', 'description']"
湖南省有哪些985和211大学,['52364'],[],merged,1,0,[],,['4551'],[0.6172198057174683],['description']
湖南省有哪些985和211大学,['52364'],[],merged,3,1,['52364'],3.0,"['4551', '39537', '52364']","[0.6172198057174683, 0.5485330820083618, 0.5036088824272156]","['description', 'description', 'description']"
湖南省民办本科院校有哪些,['52364'],[],merged,1,0,[],,['39537'],[0.5569034814834595],['description']
湖南省民办本科院校有哪些,['52364'],[],merged,3,1,['52364'],3.0,"['39537', '4551', '52364']","[0.5569034814834595, 0.5516431331634521, 0.49525147676467896]","['description', 'description', 'title_description']"
湖南高校排名,['52364'],[],merged,1,0,[],,['4551'],[0.6466238498687744],['description']
湖南高校排名,['52364'],[],merged,3,0,[],,"['4551', '39537', '51129']","[0.6466238498687744, 0.6047080755233765, 0.6025925874710083]","['description', 'description', 'description']"
烟台公办本科大学有哪些,['52364'],[],merged,1,0,[],,['39537'],[0.5503230094909668],['description']
烟台公办本科大学有哪些,['52364'],[],merged,3,1,['52364'],2.0,"['39537', '52364', '51129']","[0.5503230094909668, 0.5077592134475708, 0.48250365257263184]","['description', 'title_description', 'description']"
烟台都有哪些大学,['52364'],[],merged,1,0,[],,['39537'],[0.6037551164627075],['description']
烟台都有哪些大学,['52364'],[],merged,3,1,['52364'],2.0,"['39537', '52364', '4551']","[0.6037551164627075, 0.5351731181144714, 0.5167098045349121]","['description', 'title_description', 'description']"
焦作有那些大学,['52364'],[],merged,1,0,[],,['39537'],[0.5929991602897644],['description']
焦作有那些大学,['52364'],[],merged,3,1,['52364'],2.0,"['39537', '52364', '4551']","[0.5929991602897644, 0.5264265537261963, 0.5038048028945923]","['description', 'description', 'description']"
甘肃的大学排行榜,['52364'],[],merged,1,0,[],,['4551'],[0.6326813697814941],['description']
甘肃的大学排行榜,['52364'],[],merged,3,1,['52364'],3.0,"['4551', '51129', '52364']","[0.6326813697814941, 0.5753347277641296, 0.5689193606376648]","['description', 'description', 'description']"
相关艺术类大学有哪些,['52364'],[],merged,1,0,[],,['4551'],[0.646845817565918],['description']
相关艺术类大学有哪些,['52364'],[],merged,3,1,['52364'],3.0,"['4551', '39537', '52364']","[0.646845817565918, 0.6375682353973389, 0.5932242274284363]","['description', 'description', 'description']"
福建大学,['52364'],[],merged,1,0,[],,['39537'],[0.5928820967674255],['description']
福建大学,['52364'],[],merged,3,1,['52364'],3.0,"['39537', '4551', '52364']","[0.5928820967674255, 0.5440390110015869, 0.5169569253921509]","['description', 'description', 'description']"
秦皇岛有哪些大学,['52364'],[],merged,1,0,[],,['39537'],[0.6022195219993591],['description']
秦皇岛有哪些大学,['52364'],[],merged,3,1,['52364'],2.0,"['39537', '52364', '4551']","[0.6022195219993591, 0.53483647108078, 0.5105904936790466]","['description', 'description', 'description']"
苏州有哪些大学,['52364'],[],merged,1,0,[],,['39537'],[0.5985143184661865],['description']
苏州有哪些大学,['52364'],[],merged,3,1,['52364'],2.0,"['39537', '52364', '4551']","[0.5985143184661865, 0.53565514087677, 0.5085879564285278]","['description', 'description', 'description']"
葫芦岛有哪些大学,['52364'],[],merged,1,0,[],,['39537'],[0.5865774154663086],['description']
葫芦岛有哪些大学,['52364'],[],merged,3,1,['52364'],2.0,"['39537', '52364', '4551']","[0.5865774154663086, 0.5152833461761475, 0.509356677532196]","['description', 'description', 'description']"
西安有几所大学,['52364'],[],merged,1,0,[],,['39537'],[0.547071099281311],['description']
西安有几所大学,['52364'],[],merged,3,1,['52364'],2.0,"['39537', '52364', '4551']","[0.547071099281311, 0.5137794017791748, 0.498840868473053]","['description', 'description', 'description']"
西安的大学,['52364'],[],merged,1,0,[],,['39537'],[0.60758376121521],['description']
西安的大学,['52364'],[],merged,3,1,['52364'],3.0,"['39537', '4551', '52364']","[0.60758376121521, 0.5299428701400757, 0.5200793147087097]","['description', 'description', 'description']"
警校有哪些学校,['52364'],[],merged,1,0,[],,['39537'],[0.6159214973449707],['description']
警校有哪些学校,['52364'],[],merged,3,1,['52364'],3.0,"['39537', '4551', '52364']","[0.6159214973449707, 0.5832910537719727, 0.5445249080657959]","['description', 'title_description', 'description']"
贵州学校,['52364'],[],merged,1,0,[],,['39537'],[0.5980879664421082],['description']
贵州学校,['52364'],[],merged,3,1,['52364'],3.0,"['39537', '4551', '52364']","[0.5980879664421082, 0.5459025502204895, 0.5082998275756836]","['description', 'description', 'description']"
贵州有211大学吗?,['52364'],[],merged,1,0,[],,['39537'],[0.5046918988227844],['description']
贵州有211大学吗?,['52364'],[],merged,3,1,['52364'],3.0,"['39537', '4551', '52364']","[0.5046918988227844, 0.5023294687271118, 0.4425569772720337]","['description', 'description', 'title_description']"
贵州的大专学校有哪些,['52364'],[],merged,1,0,[],,['39537'],[0.549240231513977],['description']
贵州的大专学校有哪些,['52364'],[],merged,3,1,['52364'],2.0,"['39537', '52364', '4551']","[0.549240231513977, 0.45947256684303284, 0.4534199833869934]","['description', 'description', 'description']"
贵州都有哪些大学,['52364'],[],merged,1,0,[],,['39537'],[0.5956231951713562],['description']
贵州都有哪些大学,['52364'],[],merged,3,1,['52364'],2.0,"['39537', '52364', '4551']","[0.5956231951713562, 0.5268044471740723, 0.5224308967590332]","['description', 'description', 'description']"
贵阳高职有哪些学校,['52364'],[],merged,1,0,[],,['39537'],[0.5719422101974487],['description']
贵阳高职有哪些学校,['52364'],[],merged,3,1,['52364'],2.0,"['39537', '52364', '4551']","[0.5719422101974487, 0.46421557664871216, 0.46219098567962646]","['description', 'title_description', 'description']"
辽宁专科学校排名,['52364'],[],merged,1,0,[],,['4551'],[0.5987861156463623],['description']
辽宁专科学校排名,['52364'],[],merged,3,0,[],,"['4551', '51129', '39537']","[0.5987861156463623, 0.5940025448799133, 0.5468199849128723]","['description', 'description', 'description']"
辽宁省本科院校,['52364'],[],merged,1,0,[],,['4551'],[0.5834088921546936],['description']
辽宁省本科院校,['52364'],[],merged,3,1,['52364'],3.0,"['4551', '39537', '52364']","[0.5834088921546936, 0.5719888806343079, 0.5142405033111572]","['description', 'description', 'title_description']"
重庆公办大学有哪些,['52364'],[],merged,1,0,[],,['39537'],[0.5713337659835815],['description']
重庆公办大学有哪些,['52364'],[],merged,3,1,['52364'],2.0,"['39537', '52364', '4551']","[0.5713337659835815, 0.5288683772087097, 0.5253057479858398]","['description', 'description', 'description']"
重庆市公办大学排名,['52364'],[],merged,1,0,[],,['51129'],[0.5620673894882202],['description']
重庆市公办大学排名,['52364'],[],merged,3,0,[],,"['51129', '4551', '39537']","[0.5620673894882202, 0.5613534450531006, 0.5389986038208008]","['description', 'description', 'description']"
重庆市医科大学2026年录取分数线是多少,['52364'],[],merged,1,1,['52364'],1.0,['52364'],[0.4636213183403015],['title_description']
重庆市医科大学2026年录取分数线是多少,['52364'],[],merged,3,1,['52364'],1.0,"['52364', '39537', '51129']","[0.4636213183403015, 0.45218294858932495, 0.4354557394981384]","['title_description', 'description', 'description']"
铜陵有哪几所大学,['52364'],[],merged,1,0,[],,['39537'],[0.5621751546859741],['description']
铜陵有哪几所大学,['52364'],[],merged,3,1,['52364'],2.0,"['39537', '52364', '4551']","[0.5621751546859741, 0.4988510012626648, 0.49514803290367126]","['description', 'description', 'description']"
长沙艺术学院,['52364'],[],merged,1,0,[],,['39537'],[0.5788785219192505],['description']
长沙艺术学院,['52364'],[],merged,3,0,[],,"['39537', '4551', '51129']","[0.5788785219192505, 0.5169020295143127, 0.49773675203323364]","['description', 'title_description', 'description']"
陕西各大学2026录取分数线,['52364'],[],merged,1,1,['52364'],1.0,['52364'],[0.5474216938018799],['title_description']
陕西各大学2026录取分数线,['52364'],[],merged,3,1,['52364'],1.0,"['52364', '39537', '4551']","[0.5474216938018799, 0.5123282670974731, 0.5055467486381531]","['title_description', 'description', 'description']"
陕西有哪些大学,['52364'],[],merged,1,0,[],,['39537'],[0.5942038297653198],['description']
陕西有哪些大学,['52364'],[],merged,3,1,['52364'],2.0,"['39537', '52364', '4551']","[0.5942038297653198, 0.5488575100898743, 0.5455378890037537]","['description', 'description', 'description']"
青岛的公办本科大学有哪些,['52364'],[],merged,1,0,[],,['39537'],[0.556843638420105],['description']
青岛的公办本科大学有哪些,['52364'],[],merged,3,1,['52364'],3.0,"['39537', '4551', '52364']","[0.556843638420105, 0.510288655757904, 0.49353450536727905]","['description', 'description', 'description']"
青海本科学校录取分数线,['52364'],[],merged,1,1,['52364'],1.0,['52364'],[0.5467296838760376],['title_description']
青海本科学校录取分数线,['52364'],[],merged,3,1,['52364'],1.0,"['52364', '39537', '4551']","[0.5467296838760376, 0.5390510559082031, 0.5263755917549133]","['title_description', 'description', 'description']"
鞍山有哪些大学,['52364'],[],merged,1,0,[],,['39537'],[0.572906494140625],['description']
鞍山有哪些大学,['52364'],[],merged,3,1,['52364'],2.0,"['39537', '52364', '4551']","[0.572906494140625, 0.528461754322052, 0.5093923807144165]","['description', 'description', 'description']"
驻马店有哪些大学,['52364'],[],merged,1,0,[],,['39537'],[0.5740174651145935],['description']
驻马店有哪些大学,['52364'],[],merged,3,1,['52364'],2.0,"['39537', '52364', '4551']","[0.5740174651145935, 0.5003660917282104, 0.4819316267967224]","['description', 'description', 'description']"
黄石有那些大学,['52364'],[],merged,1,0,[],,['39537'],[0.6032898426055908],['description']
黄石有那些大学,['52364'],[],merged,3,1,['52364'],2.0,"['39537', '52364', '4551']","[0.6032898426055908, 0.5323511958122253, 0.5148574113845825]","['description', 'description', 'description']"
黑龙江省大学排名,['52364'],[],merged,1,0,[],,['4551'],[0.5994629263877869],['description']
黑龙江省大学排名,['52364'],[],merged,3,0,[],,"['4551', '51129', '39537']","[0.5994629263877869, 0.5598317384719849, 0.5341321229934692]","['description', 'description', 'description']"
齐齐哈尔的医药大类专科有哪些,['52364'],[],merged,1,0,[],,['39537'],[0.5036517381668091],['description']
齐齐哈尔的医药大类专科有哪些,['52364'],[],merged,3,1,['52364'],3.0,"['39537', '4551', '52364']","[0.5036517381668091, 0.47294411063194275, 0.4682638645172119]","['description', 'description', 'title_description']"
2025全国大学排行榜,['52364'],[],title_description,1,0,[],,['4551'],[0.6451437473297119],['title_description']
2025全国大学排行榜,['52364'],[],title_description,3,1,['52364'],3.0,"['4551', '51129', '52364']","[0.6451437473297119, 0.5787851810455322, 0.548535943031311]","['title_description', 'title_description', 'title_description']"
2026年大学录取分数线,['52364'],[],title_description,1,1,['52364'],1.0,['52364'],[0.5620172023773193],['title_description']
2026年大学录取分数线,['52364'],[],title_description,3,1,['52364'],1.0,"['52364', '39537', '51129']","[0.5620172023773193, 0.5329560041427612, 0.5029590129852295]","['title_description', 'title_description', 'title_description']"
2026年大学排行榜,['52364'],[],title_description,1,0,[],,['4551'],[0.5988434553146362],['title_description']
2026年大学排行榜,['52364'],[],title_description,3,1,['52364'],3.0,"['4551', '51129', '52364']","[0.5988434553146362, 0.5831788778305054, 0.5397106409072876]","['title_description', 'title_description', 'title_description']"
2026年高考学校录取分数线,['52364'],[],title_description,1,1,['52364'],1.0,['52364'],[0.5594207644462585],['title_description']
2026年高考学校录取分数线,['52364'],[],title_description,3,1,['52364'],1.0,"['52364', '39537', '51129']","[0.5594207644462585, 0.5387203693389893, 0.4978500008583069]","['title_description', 'title_description', 'title_description']"
2026河北专科学校录取分数线,['52364'],[],title_description,1,1,['52364'],1.0,['52364'],[0.525039553642273],['title_description']
2026河北专科学校录取分数线,['52364'],[],title_description,3,1,['52364'],1.0,"['52364', '39537', '51129']","[0.525039553642273, 0.48881787061691284, 0.47991734743118286]","['title_description', 'title_description', 'title_description']"
211大学全部名单,['52364'],[],title_description,1,0,[],,['4551'],[0.7018296718597412],['title_description']
211大学全部名单,['52364'],[],title_description,3,1,['52364'],3.0,"['4551', '39537', '52364']","[0.7018296718597412, 0.5374211072921753, 0.5283424258232117]","['title_description', 'title_description', 'title_description']"
211大学录取分数线排名,['52364'],[],title_description,1,0,[],,['4551'],[0.6380187273025513],['title_description']
211大学录取分数线排名,['52364'],[],title_description,3,1,['52364'],2.0,"['4551', '52364', '51129']","[0.6380187273025513, 0.5819639563560486, 0.534756600856781]","['title_description', 'title_description', 'title_description']"
985211黑龙江有几所,['52364'],[],title_description,1,0,[],,['4551'],[0.5469297766685486],['title_description']
985211黑龙江有几所,['52364'],[],title_description,3,1,['52364'],3.0,"['4551', '39537', '52364']","[0.5469297766685486, 0.4826793670654297, 0.45490503311157227]","['title_description', 'title_description', 'title_description']"
985大学录取分数线是多少,['52364'],[],title_description,1,1,['52364'],1.0,['52364'],[0.5569206476211548],['title_description']
985大学录取分数线是多少,['52364'],[],title_description,3,1,['52364'],1.0,"['52364', '4551', '39537']","[0.5569206476211548, 0.5465027093887329, 0.5280958414077759]","['title_description', 'title_description', 'title_description']"
985大学排名一览表,['52364'],[],title_description,1,0,[],,['4551'],[0.6818367838859558],['title_description']
985大学排名一览表,['52364'],[],title_description,3,1,['52364'],3.0,"['4551', '51129', '52364']","[0.6818367838859558, 0.552914023399353, 0.5225586891174316]","['title_description', 'title_description', 'title_description']"
985学校,['52364'],[],title_description,1,0,[],,['4551'],[0.6885823607444763],['title_description']
985学校,['52364'],[],title_description,3,1,['52364'],3.0,"['4551', '39537', '52364']","[0.6885823607444763, 0.5678508281707764, 0.5521901845932007]","['title_description', 'title_description', 'title_description']"
985学校排名,['52364'],[],title_description,1,0,[],,['4551'],[0.6896765828132629],['title_description']
985学校排名,['52364'],[],title_description,3,0,[],,"['4551', '51129', '39537']","[0.6896765828132629, 0.5810896754264832, 0.5240275859832764]","['title_description', 'title_description', 'title_description']"
一共有几所985大学,['52364'],[],title_description,1,0,[],,['4551'],[0.6314899325370789],['title_description']
一共有几所985大学,['52364'],[],title_description,3,1,['52364'],3.0,"['4551', '39537', '52364']","[0.6314899325370789, 0.525193452835083, 0.5081321001052856]","['title_description', 'title_description', 'title_description']"
中国的政法大学排名,['52364'],[],title_description,1,0,[],,['51129'],[0.5457011461257935],['title_description']
中国的政法大学排名,['52364'],[],title_description,3,1,['52364'],3.0,"['51129', '4551', '52364']","[0.5457011461257935, 0.5452646613121033, 0.5105662941932678]","['title_description', 'title_description', 'title_description']"
九江有哪些大学,['52364'],[],title_description,1,0,[],,['4551'],[0.5293087959289551],['title_description']
九江有哪些大学,['52364'],[],title_description,3,1,['52364'],3.0,"['4551', '39537', '52364']","[0.5293087959289551, 0.5238332748413086, 0.5212171673774719]","['title_description', 'title_description', 'title_description']"
云南高校排名,['52364'],[],title_description,1,0,[],,['4551'],[0.5791158676147461],['title_description']
云南高校排名,['52364'],[],title_description,3,1,['52364'],3.0,"['4551', '51129', '52364']","[0.5791158676147461, 0.5507074594497681, 0.5391512513160706]","['title_description', 'title_description', 'title_description']"
今年211大学录取分数线是多少分,['52364'],[],title_description,1,1,['52364'],1.0,['52364'],[0.5284265279769897],['title_description']
今年211大学录取分数线是多少分,['52364'],[],title_description,3,1,['52364'],1.0,"['52364', '4551', '39537']","[0.5284265279769897, 0.5069329738616943, 0.4880884289741516]","['title_description', 'title_description', 'title_description']"
今年学校分数线是多少分,['52364'],[],title_description,1,0,[],,['39537'],[0.5373857021331787],['title_description']
今年学校分数线是多少分,['52364'],[],title_description,3,1,['52364'],2.0,"['39537', '52364', '51129']","[0.5373857021331787, 0.534149169921875, 0.5037052631378174]","['title_description', 'title_description', 'title_description']"
信阳有哪些大专院校,['52364'],[],title_description,1,0,[],,['39537'],[0.5040056705474854],['title_description']
信阳有哪些大专院校,['52364'],[],title_description,3,1,['52364'],2.0,"['39537', '52364', '4551']","[0.5040056705474854, 0.47509634494781494, 0.45115917921066284]","['title_description', 'title_description', 'title_description']"
全国排名前10的专科学校,['52364'],[],title_description,1,0,[],,['4551'],[0.587338924407959],['title_description']
全国排名前10的专科学校,['52364'],[],title_description,3,1,['52364'],3.0,"['4551', '51129', '52364']","[0.587338924407959, 0.5854775905609131, 0.5411996841430664]","['title_description', 'title_description', 'title_description']"
全国排名大学,['52364'],[],title_description,1,0,[],,['4551'],[0.6706918478012085],['title_description']
全国排名大学,['52364'],[],title_description,3,1,['52364'],3.0,"['4551', '51129', '52364']","[0.6706918478012085, 0.6255142688751221, 0.5954549908638]","['title_description', 'title_description', 'title_description']"
全国最好的医科大学有哪些,['52364'],[],title_description,1,0,[],,['4551'],[0.5260518193244934],['title_description']
全国最好的医科大学有哪些,['52364'],[],title_description,3,1,['52364'],2.0,"['4551', '52364', '51129']","[0.5260518193244934, 0.5231431722640991, 0.49374058842658997]","['title_description', 'title_description', 'title_description']"
全国有哪些985大学和211大学,['52364'],[],title_description,1,0,[],,['4551'],[0.7187039852142334],['title_description']
全国有哪些985大学和211大学,['52364'],[],title_description,3,1,['52364'],2.0,"['4551', '52364', '39537']","[0.7187039852142334, 0.5600446462631226, 0.5490853190422058]","['title_description', 'title_description', 'title_description']"
公办职业学校有哪些,['52364'],[],title_description,1,0,[],,['60293'],[0.5290906429290771],['title_description']
公办职业学校有哪些,['52364'],[],title_description,3,0,[],,"['60293', '39537', '4551']","[0.5290906429290771, 0.509238600730896, 0.5068045854568481]","['title_description', 'title_description', 'title_description']"
农业大学有哪些,['52364'],[],title_description,1,0,[],,['4551'],[0.583098828792572],['title_description']
农业大学有哪些,['52364'],[],title_description,3,1,['52364'],2.0,"['4551', '52364', '39537']","[0.583098828792572, 0.552374005317688, 0.5272334814071655]","['title_description', 'title_description', 'title_description']"
北京的大学排行,['52364'],[],title_description,1,0,[],,['4551'],[0.5992623567581177],['title_description']
北京的大学排行,['52364'],[],title_description,3,1,['52364'],2.0,"['4551', '52364', '39537']","[0.5992623567581177, 0.5559631586074829, 0.5380535125732422]","['title_description', 'title_description', 'title_description']"
医学院校有哪些,['52364'],[],title_description,1,0,[],,['4551'],[0.6210497617721558],['title_description']
医学院校有哪些,['52364'],[],title_description,3,1,['52364'],3.0,"['4551', '39537', '52364']","[0.6210497617721558, 0.5542293787002563, 0.5444245934486389]","['title_description', 'title_description', 'title_description']"
医药大学,['52364'],[],title_description,1,0,[],,['4551'],[0.5353327989578247],['title_description']
医药大学,['52364'],[],title_description,3,1,['52364'],3.0,"['4551', '39537', '52364']","[0.5353327989578247, 0.527157187461853, 0.5060056447982788]","['title_description', 'title_description', 'title_description']"
医药大学排名,['52364'],[],title_description,1,0,[],,['4551'],[0.6135181188583374],['title_description']
医药大学排名,['52364'],[],title_description,3,1,['52364'],3.0,"['4551', '51129', '52364']","[0.6135181188583374, 0.5722491145133972, 0.5491492748260498]","['title_description', 'title_description', 'title_description']"
十堰有哪几所大学,['52364'],[],title_description,1,0,[],,['39537'],[0.4873024523258209],['title_description']
十堰有哪几所大学,['52364'],[],title_description,3,1,['52364'],2.0,"['39537', '52364', '4551']","[0.4873024523258209, 0.4867185950279236, 0.4659581482410431]","['title_description', 'title_description', 'title_description']"
十堰本科大学排名,['52364'],[],title_description,1,0,[],,['51129'],[0.5338973999023438],['title_description']
十堰本科大学排名,['52364'],[],title_description,3,1,['52364'],2.0,"['51129', '52364', '39537']","[0.5338973999023438, 0.5028107166290283, 0.49270007014274597]","['title_description', 'title_description', 'title_description']"
南京有几所211大学和985大学,['52364'],[],title_description,1,0,[],,['4551'],[0.5974330902099609],['title_description']
南京有几所211大学和985大学,['52364'],[],title_description,3,1,['52364'],2.0,"['4551', '52364', '39537']","[0.5974330902099609, 0.5126950740814209, 0.506044864654541]","['title_description', 'title_description', 'title_description']"
厦门大专院校排名及录取分数线,['52364'],[],title_description,1,1,['52364'],1.0,['52364'],[0.5173635482788086],['title_description']
厦门大专院校排名及录取分数线,['52364'],[],title_description,3,1,['52364'],1.0,"['52364', '51129', '39537']","[0.5173635482788086, 0.5111892819404602, 0.5050241947174072]","['title_description', 'title_description', 'title_description']"
厦门有那些大学,['52364'],[],title_description,1,0,[],,['39537'],[0.5080333948135376],['title_description']
厦门有那些大学,['52364'],[],title_description,3,1,['52364'],3.0,"['39537', '4551', '52364']","[0.5080333948135376, 0.5025591850280762, 0.4943164587020874]","['title_description', 'title_description', 'title_description']"
各省大学录取分数线,['52364'],[],title_description,1,1,['52364'],1.0,['52364'],[0.6199479103088379],['title_description']
各省大学录取分数线,['52364'],[],title_description,3,1,['52364'],1.0,"['52364', '39537', '4551']","[0.6199479103088379, 0.57908034324646, 0.5565335154533386]","['title_description', 'title_description', 'title_description']"
合肥民办本科院校有哪些,['52364'],[],title_description,1,0,[],,['4551'],[0.511147141456604],['title_description']
合肥民办本科院校有哪些,['52364'],[],title_description,3,1,['52364'],3.0,"['4551', '39537', '52364']","[0.511147141456604, 0.4937826097011566, 0.49076348543167114]","['title_description', 'title_description', 'title_description']"
合肥理工学校录取分数线,['52364'],[],title_description,1,1,['52364'],1.0,['52364'],[0.500537097454071],['title_description']
合肥理工学校录取分数线,['52364'],[],title_description,3,1,['52364'],1.0,"['52364', '39537', '51129']","[0.500537097454071, 0.49046602845191956, 0.450800359249115]","['title_description', 'title_description', 'title_description']"
吉林专科学校,['52364'],[],title_description,1,0,[],,['39537'],[0.5202715992927551],['title_description']
吉林专科学校,['52364'],[],title_description,3,1,['52364'],2.0,"['39537', '52364', '4551']","[0.5202715992927551, 0.49674057960510254, 0.4929350018501282]","['title_description', 'title_description', 'title_description']"
哈尔滨985211学校有哪些,['52364'],[],title_description,1,0,[],,['4551'],[0.6256403923034668],['title_description']
哈尔滨985211学校有哪些,['52364'],[],title_description,3,1,['52364'],3.0,"['4551', '39537', '52364']","[0.6256403923034668, 0.5474449396133423, 0.5206997394561768]","['title_description', 'title_description', 'title_description']"
哈尔滨最好的大学都有哪些,['52364'],[],title_description,1,1,['52364'],1.0,['52364'],[0.4960959851741791],['title_description']
哈尔滨最好的大学都有哪些,['52364'],[],title_description,3,1,['52364'],1.0,"['52364', '39537', '4551']","[0.4960959851741791, 0.4764929413795471, 0.4740018844604492]","['title_description', 'title_description', 'title_description']"
四川的大学排行,['52364'],[],title_description,1,0,[],,['4551'],[0.5629842281341553],['title_description']
四川的大学排行,['52364'],[],title_description,3,1,['52364'],2.0,"['4551', '52364', '51129']","[0.5629842281341553, 0.5455234050750732, 0.5378140807151794]","['title_description', 'title_description', 'title_description']"
大学211排名,['52364'],[],title_description,1,0,[],,['4551'],[0.670012354850769],['title_description']
大学211排名,['52364'],[],title_description,3,1,['52364'],3.0,"['4551', '51129', '52364']","[0.670012354850769, 0.5779992341995239, 0.5403309464454651]","['title_description', 'title_description', 'title_description']"
大连有那些大学,['52364'],[],title_description,1,0,[],,['4551'],[0.5254617929458618],['title_description']
大连有那些大学,['52364'],[],title_description,3,1,['52364'],2.0,"['4551', '52364', '39537']","[0.5254617929458618, 0.5249420404434204, 0.5124375820159912]","['title_description', 'title_description', 'title_description']"
天津专科学校排行榜,['52364'],[],title_description,1,0,[],,['4551'],[0.5321592092514038],['title_description']
天津专科学校排行榜,['52364'],[],title_description,3,1,['52364'],3.0,"['4551', '51129', '52364']","[0.5321592092514038, 0.5180415511131287, 0.4947212040424347]","['title_description', 'title_description', 'title_description']"
宁波有那些大学,['52364'],[],title_description,1,0,[],,['4551'],[0.5280545949935913],['title_description']
宁波有那些大学,['52364'],[],title_description,3,1,['52364'],2.0,"['4551', '52364', '39537']","[0.5280545949935913, 0.5130016803741455, 0.5077753067016602]","['title_description', 'title_description', 'title_description']"
安徽211和985大学有几所,['52364'],[],title_description,1,0,[],,['4551'],[0.6026345491409302],['title_description']
安徽211和985大学有几所,['52364'],[],title_description,3,1,['52364'],3.0,"['4551', '39537', '52364']","[0.6026345491409302, 0.5040547847747803, 0.4962466359138489]","['title_description', 'title_description', 'title_description']"
安徽有那些大学,['52364'],[],title_description,1,0,[],,['4551'],[0.5351935625076294],['title_description']
安徽有那些大学,['52364'],[],title_description,3,1,['52364'],2.0,"['4551', '52364', '39537']","[0.5351935625076294, 0.5246816873550415, 0.5245194435119629]","['title_description', 'title_description', 'title_description']"
山东最好的专科学校有哪些,['52364'],[],title_description,1,1,['52364'],1.0,['52364'],[0.5100551843643188],['title_description']
山东最好的专科学校有哪些,['52364'],[],title_description,3,1,['52364'],1.0,"['52364', '51129', '39537']","[0.5100551843643188, 0.48139846324920654, 0.4756210744380951]","['title_description', 'title_description', 'title_description']"
山东省专科院校有哪些,['52364'],[],title_description,1,0,[],,['4551'],[0.5259238481521606],['title_description']
山东省专科院校有哪些,['52364'],[],title_description,3,1,['52364'],3.0,"['4551', '39537', '52364']","[0.5259238481521606, 0.5089691877365112, 0.501624345779419]","['title_description', 'title_description', 'title_description']"
山东省公办专科学校有哪些,['52364'],[],title_description,1,0,[],,['4551'],[0.5055244565010071],['title_description']
山东省公办专科学校有哪些,['52364'],[],title_description,3,1,['52364'],2.0,"['4551', '52364', '39537']","[0.5055244565010071, 0.49629831314086914, 0.4936319589614868]","['title_description', 'title_description', 'title_description']"
山东省有那些大学,['52364'],[],title_description,1,0,[],,['4551'],[0.5529550313949585],['title_description']
山东省有那些大学,['52364'],[],title_description,3,1,['52364'],2.0,"['4551', '52364', '39537']","[0.5529550313949585, 0.5463608503341675, 0.5332737565040588]","['title_description', 'title_description', 'title_description']"
山东省民办专科学校,['52364'],[],title_description,1,0,[],,['4551'],[0.5638343095779419],['title_description']
山东省民办专科学校,['52364'],[],title_description,3,1,['52364'],3.0,"['4551', '39537', '52364']","[0.5638343095779419, 0.5303852558135986, 0.5082920789718628]","['title_description', 'title_description', 'title_description']"
山西省都有啥大学,['52364'],[],title_description,1,1,['52364'],1.0,['52364'],[0.5252737998962402],['title_description']
山西省都有啥大学,['52364'],[],title_description,3,1,['52364'],1.0,"['52364', '4551', '39537']","[0.5252737998962402, 0.5241686105728149, 0.5020318627357483]","['title_description', 'title_description', 'title_description']"
师范类大学排名,['52364'],[],title_description,1,0,[],,['4551'],[0.6382076740264893],['title_description']
师范类大学排名,['52364'],[],title_description,3,1,['52364'],3.0,"['4551', '51129', '52364']","[0.6382076740264893, 0.5879859328269958, 0.5469759702682495]","['title_description', 'title_description', 'title_description']"
广东有哪几所985和211大学,['52364'],[],title_description,1,0,[],,['4551'],[0.6211912631988525],['title_description']
广东有哪几所985和211大学,['52364'],[],title_description,3,1,['52364'],2.0,"['4551', '52364', '39537']","[0.6211912631988525, 0.5104718208312988, 0.49564680457115173]","['title_description', 'title_description', 'title_description']"
广东省公办大专学校排名,['52364'],[],title_description,1,0,[],,['51129'],[0.5176048278808594],['title_description']
广东省公办大专学校排名,['52364'],[],title_description,3,1,['52364'],3.0,"['51129', '4551', '52364']","[0.5176048278808594, 0.5157198905944824, 0.49236834049224854]","['title_description', 'title_description', 'title_description']"
广东省本科大学排名,['52364'],[],title_description,1,0,[],,['4551'],[0.533683717250824],['title_description']
广东省本科大学排名,['52364'],[],title_description,3,1,['52364'],3.0,"['4551', '51129', '52364']","[0.533683717250824, 0.5274248123168945, 0.5102803707122803]","['title_description', 'title_description', 'title_description']"
广州的高校排名,['52364'],[],title_description,1,0,[],,['4551'],[0.612147867679596],['title_description']
广州的高校排名,['52364'],[],title_description,3,1,['52364'],3.0,"['4551', '51129', '52364']","[0.612147867679596, 0.5956312417984009, 0.5744607448577881]","['title_description', 'title_description', 'title_description']"
广西有那些大学,['52364'],[],title_description,1,1,['52364'],1.0,['52364'],[0.5265107154846191],['title_description']
广西有那些大学,['52364'],[],title_description,3,1,['52364'],1.0,"['52364', '4551', '39537']","[0.5265107154846191, 0.5235633850097656, 0.5023488998413086]","['title_description', 'title_description', 'title_description']"
德州大专院校有哪些,['52364'],[],title_description,1,0,[],,['39537'],[0.5170907378196716],['title_description']
德州大专院校有哪些,['52364'],[],title_description,3,1,['52364'],2.0,"['39537', '52364', '4551']","[0.5170907378196716, 0.4902772903442383, 0.4877655804157257]","['title_description', 'title_description', 'title_description']"
成都专科学校有哪些,['52364'],[],title_description,1,0,[],,['39537'],[0.5185327529907227],['title_description']
成都专科学校有哪些,['52364'],[],title_description,3,1,['52364'],2.0,"['39537', '52364', '4551']","[0.5185327529907227, 0.4954712688922882, 0.48711150884628296]","['title_description', 'title_description', 'title_description']"
成都有哪些大学,['52364'],[],title_description,1,1,['52364'],1.0,['52364'],[0.5342890024185181],['title_description']
成都有哪些大学,['52364'],[],title_description,3,1,['52364'],1.0,"['52364', '39537', '4551']","[0.5342890024185181, 0.5334383249282837, 0.532181978225708]","['title_description', 'title_description', 'title_description']"
成都理工大学2026分数线是多少,['52364'],[],title_description,1,1,['52364'],1.0,['52364'],[0.4789726138114929],['title_description']
成都理工大学2026分数线是多少,['52364'],[],title_description,3,1,['52364'],1.0,"['52364', '39537', '51129']","[0.4789726138114929, 0.44267573952674866, 0.433349609375]","['title_description', 'title_description', 'title_description']"
我国有哪些211大学,['52364'],[],title_description,1,0,[],,['4551'],[0.6301750540733337],['title_description']
我国有哪些211大学,['52364'],[],title_description,3,1,['52364'],2.0,"['4551', '52364', '39537']","[0.6301750540733337, 0.48992568254470825, 0.48531273007392883]","['title_description', 'title_description', 'title_description']"
排名中国前十的大学,['52364'],[],title_description,1,0,[],,['4551'],[0.6092503666877747],['title_description']
排名中国前十的大学,['52364'],[],title_description,3,1,['52364'],2.0,"['4551', '52364', '51129']","[0.6092503666877747, 0.5449619293212891, 0.5361472964286804]","['title_description', 'title_description', 'title_description']"
新疆专科学校排名,['52364'],[],title_description,1,0,[],,['4551'],[0.5503842234611511],['title_description']
新疆专科学校排名,['52364'],[],title_description,3,1,['52364'],3.0,"['4551', '51129', '52364']","[0.5503842234611511, 0.5472155809402466, 0.5086321830749512]","['title_description', 'title_description', 'title_description']"
新疆的本科大学有哪些,['52364'],[],title_description,1,0,[],,['4551'],[0.48483872413635254],['title_description']
新疆的本科大学有哪些,['52364'],[],title_description,3,1,['52364'],3.0,"['4551', '39537', '52364']","[0.48483872413635254, 0.48129570484161377, 0.4806809723377228]","['title_description', 'title_description', 'title_description']"
最好的985大学是哪所,['52364'],[],title_description,1,0,[],,['4551'],[0.5919227600097656],['title_description']
最好的985大学是哪所,['52364'],[],title_description,3,1,['52364'],2.0,"['4551', '52364', '39537']","[0.5919227600097656, 0.5334789156913757, 0.5014362335205078]","['title_description', 'title_description', 'title_description']"
最好的职业学校排名前十,['52364'],[],title_description,1,0,[],,['4551'],[0.5255513787269592],['title_description']
最好的职业学校排名前十,['52364'],[],title_description,3,1,['52364'],3.0,"['4551', '51129', '52364']","[0.5255513787269592, 0.5079226493835449, 0.48200497031211853]","['title_description', 'title_description', 'title_description']"
有什么师范大学,['52364'],[],title_description,1,0,[],,['4551'],[0.5495311617851257],['title_description']
有什么师范大学,['52364'],[],title_description,3,1,['52364'],2.0,"['4551', '52364', '39537']","[0.5495311617851257, 0.5207823514938354, 0.5138760805130005]","['title_description', 'title_description', 'title_description']"
有哪些双一流大学,['52364'],[],title_description,1,0,[],,['4551'],[0.5937780141830444],['title_description']
有哪些双一流大学,['52364'],[],title_description,3,1,['52364'],2.0,"['4551', '52364', '39537']","[0.5937780141830444, 0.5097038745880127, 0.5010865926742554]","['title_description', 'title_description', 'title_description']"
本硕连读的学校有哪些,['52364'],[],title_description,1,0,[],,['4551'],[0.5481804609298706],['title_description']
本硕连读的学校有哪些,['52364'],[],title_description,3,1,['52364'],2.0,"['4551', '52364', '39537']","[0.5481804609298706, 0.5413057804107666, 0.5310205221176147]","['title_description', 'title_description', 'title_description']"
杭州最好的三所大专,['52364'],[],title_description,1,0,[],,['39537'],[0.4860881567001343],['title_description']
杭州最好的三所大专,['52364'],[],title_description,3,1,['52364'],2.0,"['39537', '52364', '4551']","[0.4860881567001343, 0.4772784113883972, 0.4463021159172058]","['title_description', 'title_description', 'title_description']"
杭州民办大学有哪些学校,['52364'],[],title_description,1,0,[],,['4551'],[0.5613380074501038],['title_description']
杭州民办大学有哪些学校,['52364'],[],title_description,3,1,['52364'],2.0,"['4551', '52364', '39537']","[0.5613380074501038, 0.5146845579147339, 0.5109767317771912]","['title_description', 'title_description', 'title_description']"
武汉有哪些211大学和985大学,['52364'],[],title_description,1,0,[],,['4551'],[0.6181796193122864],['title_description']
武汉有哪些211大学和985大学,['52364'],[],title_description,3,1,['52364'],2.0,"['4551', '52364', '39537']","[0.6181796193122864, 0.5169564485549927, 0.4972561299800873]","['title_description', 'title_description', 'title_description']"
江苏有哪些大学,['52364'],[],title_description,1,0,[],,['4551'],[0.5397012233734131],['title_description']
江苏有哪些大学,['52364'],[],title_description,3,1,['52364'],2.0,"['4551', '52364', '39537']","[0.5397012233734131, 0.5260375738143921, 0.5026360154151917]","['title_description', 'title_description', 'title_description']"
江苏的211大学,['52364'],[],title_description,1,0,[],,['4551'],[0.5952181220054626],['title_description']
江苏的211大学,['52364'],[],title_description,3,1,['52364'],3.0,"['4551', '39537', '52364']","[0.5952181220054626, 0.5352974534034729, 0.5345653295516968]","['title_description', 'title_description', 'title_description']"
江西有那几所大学排名,['52364'],[],title_description,1,0,[],,['4551'],[0.5874024629592896],['title_description']
江西有那几所大学排名,['52364'],[],title_description,3,1,['52364'],3.0,"['4551', '51129', '52364']","[0.5874024629592896, 0.5402069091796875, 0.5292830467224121]","['title_description', 'title_description', 'title_description']"
河北的大学排行榜,['52364'],[],title_description,1,0,[],,['4551'],[0.5922202467918396],['title_description']
河北的大学排行榜,['52364'],[],title_description,3,1,['52364'],2.0,"['4551', '52364', '51129']","[0.5922202467918396, 0.5412804484367371, 0.5361557006835938]","['title_description', 'title_description', 'title_description']"
河北省公办大专有哪些,['52364'],[],title_description,1,1,['52364'],1.0,['52364'],[0.4855833053588867],['title_description']
河北省公办大专有哪些,['52364'],[],title_description,3,1,['52364'],1.0,"['52364', '39537', '4551']","[0.4855833053588867, 0.4797118306159973, 0.4624793529510498]","['title_description', 'title_description', 'title_description']"
河南各大学录取分数线,['52364'],[],title_description,1,1,['52364'],1.0,['52364'],[0.5696382522583008],['title_description']
河南各大学录取分数线,['52364'],[],title_description,3,1,['52364'],1.0,"['52364', '39537', '4551']","[0.5696382522583008, 0.5298714637756348, 0.49220263957977295]","['title_description', 'title_description', 'title_description']"
河南洛阳大学,['52364'],[],title_description,1,0,[],,['39537'],[0.5437688827514648],['title_description']
河南洛阳大学,['52364'],[],title_description,3,1,['52364'],2.0,"['39537', '52364', '51129']","[0.5437688827514648, 0.5295557379722595, 0.4934013783931732]","['title_description', 'title_description', 'title_description']"
河南省大专学校有哪些,['52364'],[],title_description,1,0,[],,['39537'],[0.5227076411247253],['title_description']
河南省大专学校有哪些,['52364'],[],title_description,3,1,['52364'],3.0,"['39537', '4551', '52364']","[0.5227076411247253, 0.49076104164123535, 0.4852035641670227]","['title_description', 'title_description', 'title_description']"
河南省的大学排行榜,['52364'],[],title_description,1,0,[],,['4551'],[0.5822908282279968],['title_description']
河南省的大学排行榜,['52364'],[],title_description,3,1,['52364'],3.0,"['4551', '51129', '52364']","[0.5822908282279968, 0.5442867875099182, 0.5433967113494873]","['title_description', 'title_description', 'title_description']"
济宁专科学校有哪些,['52364'],[],title_description,1,0,[],,['39537'],[0.5290871858596802],['title_description']
济宁专科学校有哪些,['52364'],[],title_description,3,1,['52364'],2.0,"['39537', '52364', '4551']","[0.5290871858596802, 0.5072660446166992, 0.500666081905365]","['title_description', 'title_description', 'title_description']"
浙江排名大学,['52364'],[],title_description,1,0,[],,['4551'],[0.5937220454216003],['title_description']
浙江排名大学,['52364'],[],title_description,3,1,['52364'],3.0,"['4551', '51129', '52364']","[0.5937220454216003, 0.5790957808494568, 0.5619078874588013]","['title_description', 'title_description', 'title_description']"
浙江省专科院校有哪些,['52364'],[],title_description,1,0,[],,['4551'],[0.5398755669593811],['title_description']
浙江省专科院校有哪些,['52364'],[],title_description,3,1,['52364'],3.0,"['4551', '39537', '52364']","[0.5398755669593811, 0.5286872386932373, 0.5269981622695923]","['title_description', 'title_description', 'title_description']"
浙江省有那些大学,['52364'],[],title_description,1,0,[],,['4551'],[0.5666384696960449],['title_description']
浙江省有那些大学,['52364'],[],title_description,3,1,['52364'],2.0,"['4551', '52364', '39537']","[0.5666384696960449, 0.5572700500488281, 0.5542330741882324]","['title_description', 'title_description', 'title_description']"
海南有几所大学,['52364'],[],title_description,1,0,[],,['4551'],[0.5026403069496155],['title_description']
海南有几所大学,['52364'],[],title_description,3,1,['52364'],3.0,"['4551', '39537', '52364']","[0.5026403069496155, 0.49803513288497925, 0.4931221604347229]","['title_description', 'title_description', 'title_description']"
淄博的大学有哪些,['52364'],[],title_description,1,0,[],,['39537'],[0.5090978145599365],['title_description']
淄博的大学有哪些,['52364'],[],title_description,3,1,['52364'],2.0,"['39537', '52364', '4551']","[0.5090978145599365, 0.49987250566482544, 0.48323291540145874]","['title_description', 'title_description', 'title_description']"
深圳最好的10所大学有哪些,['52364'],[],title_description,1,0,[],,['4551'],[0.5213074088096619],['title_description']
深圳最好的10所大学有哪些,['52364'],[],title_description,3,1,['52364'],2.0,"['4551', '52364', '39537']","[0.5213074088096619, 0.5167854428291321, 0.48777592182159424]","['title_description', 'title_description', 'title_description']"
湖北公办大专有哪些学校,['52364'],[],title_description,1,1,['52364'],1.0,['52364'],[0.47259771823883057],['title_description']
湖北公办大专有哪些学校,['52364'],[],title_description,3,1,['52364'],1.0,"['52364', '39537', '4551']","[0.47259771823883057, 0.4651699960231781, 0.45745307207107544]","['title_description', 'title_description', 'title_description']"
湖北各大学录取分数线,['52364'],[],title_description,1,1,['52364'],1.0,['52364'],[0.5779416561126709],['title_description']
湖北各大学录取分数线,['52364'],[],title_description,3,1,['52364'],1.0,"['52364', '39537', '4551']","[0.5779416561126709, 0.5131041407585144, 0.5073692202568054]","['title_description', 'title_description', 'title_description']"
湖北的大学排行榜,['52364'],[],title_description,1,0,[],,['4551'],[0.5726615190505981],['title_description']
湖北的大学排行榜,['52364'],[],title_description,3,1,['52364'],3.0,"['4551', '51129', '52364']","[0.5726615190505981, 0.5284791588783264, 0.5258362293243408]","['title_description', 'title_description', 'title_description']"
湖南各大学2026年录取分数线,['52364'],[],title_description,1,1,['52364'],1.0,['52364'],[0.5248607397079468],['title_description']
湖南各大学2026年录取分数线,['52364'],[],title_description,3,1,['52364'],1.0,"['52364', '39537', '51129']","[0.5248607397079468, 0.4989702105522156, 0.47710466384887695]","['title_description', 'title_description', 'title_description']"
湖南省公办本科学校录取分数线,['52364'],[],title_description,1,1,['52364'],1.0,['52364'],[0.5653406381607056],['title_description']
湖南省公办本科学校录取分数线,['52364'],[],title_description,3,1,['52364'],1.0,"['52364', '39537', '4551']","[0.5653406381607056, 0.5146032571792603, 0.4962107837200165]","['title_description', 'title_description', 'title_description']"
湖南省大学排名一览表及分数线,['52364'],[],title_description,1,0,[],,['4551'],[0.5767166018486023],['title_description']
湖南省大学排名一览表及分数线,['52364'],[],title_description,3,1,['52364'],2.0,"['4551', '52364', '51129']","[0.5767166018486023, 0.5612226128578186, 0.5361958742141724]","['title_description', 'title_description', 'title_description']"
湖南省有哪些985和211大学,['52364'],[],title_description,1,0,[],,['4551'],[0.6097712516784668],['title_description']
湖南省有哪些985和211大学,['52364'],[],title_description,3,1,['52364'],3.0,"['4551', '39537', '52364']","[0.6097712516784668, 0.5017942190170288, 0.4931625425815582]","['title_description', 'title_description', 'title_description']"
湖南省民办本科院校有哪些,['52364'],[],title_description,1,0,[],,['4551'],[0.5511162281036377],['title_description']
湖南省民办本科院校有哪些,['52364'],[],title_description,3,1,['52364'],2.0,"['4551', '52364', '39537']","[0.5511162281036377, 0.49525147676467896, 0.48825886845588684]","['title_description', 'title_description', 'title_description']"
湖南高校排名,['52364'],[],title_description,1,0,[],,['4551'],[0.6069371700286865],['title_description']
湖南高校排名,['52364'],[],title_description,3,1,['52364'],3.0,"['4551', '51129', '52364']","[0.6069371700286865, 0.5631835460662842, 0.5449999570846558]","['title_description', 'title_description', 'title_description']"
烟台公办本科大学有哪些,['52364'],[],title_description,1,1,['52364'],1.0,['52364'],[0.5077592134475708],['title_description']
烟台公办本科大学有哪些,['52364'],[],title_description,3,1,['52364'],1.0,"['52364', '39537', '51129']","[0.5077592134475708, 0.4900229275226593, 0.46715879440307617]","['title_description', 'title_description', 'title_description']"
烟台都有哪些大学,['52364'],[],title_description,1,1,['52364'],1.0,['52364'],[0.5351731181144714],['title_description']
烟台都有哪些大学,['52364'],[],title_description,3,1,['52364'],1.0,"['52364', '39537', '4551']","[0.5351731181144714, 0.5289875864982605, 0.5071626901626587]","['title_description', 'title_description', 'title_description']"
焦作有那些大学,['52364'],[],title_description,1,1,['52364'],1.0,['52364'],[0.5074416995048523],['title_description']
焦作有那些大学,['52364'],[],title_description,3,1,['52364'],1.0,"['52364', '39537', '4551']","[0.5074416995048523, 0.5047874450683594, 0.4917903542518616]","['title_description', 'title_description', 'title_description']"
甘肃的大学排行榜,['52364'],[],title_description,1,0,[],,['4551'],[0.5904573202133179],['title_description']
甘肃的大学排行榜,['52364'],[],title_description,3,1,['52364'],2.0,"['4551', '52364', '51129']","[0.5904573202133179, 0.547168493270874, 0.544258177280426]","['title_description', 'title_description', 'title_description']"
相关艺术类大学有哪些,['52364'],[],title_description,1,0,[],,['4551'],[0.6325562000274658],['title_description']
相关艺术类大学有哪些,['52364'],[],title_description,3,1,['52364'],2.0,"['4551', '52364', '39537']","[0.6325562000274658, 0.558982253074646, 0.5527259111404419]","['title_description', 'title_description', 'title_description']"
福建大学,['52364'],[],title_description,1,0,[],,['39537'],[0.5140380859375],['title_description']
福建大学,['52364'],[],title_description,3,1,['52364'],3.0,"['39537', '4551', '52364']","[0.5140380859375, 0.49602892994880676, 0.4937211871147156]","['title_description', 'title_description', 'title_description']"
秦皇岛有哪些大学,['52364'],[],title_description,1,1,['52364'],1.0,['52364'],[0.5296554565429688],['title_description']
秦皇岛有哪些大学,['52364'],[],title_description,3,1,['52364'],1.0,"['52364', '39537', '4551']","[0.5296554565429688, 0.5111414194107056, 0.4992479681968689]","['title_description', 'title_description', 'title_description']"
苏州有哪些大学,['52364'],[],title_description,1,1,['52364'],1.0,['52364'],[0.5031965374946594],['title_description']
苏州有哪些大学,['52364'],[],title_description,3,1,['52364'],1.0,"['52364', '39537', '4551']","[0.5031965374946594, 0.5030269622802734, 0.48035386204719543]","['title_description', 'title_description', 'title_description']"
葫芦岛有哪些大学,['52364'],[],title_description,1,1,['52364'],1.0,['52364'],[0.5104233026504517],['title_description']
葫芦岛有哪些大学,['52364'],[],title_description,3,1,['52364'],1.0,"['52364', '39537', '4551']","[0.5104233026504517, 0.500341534614563, 0.49920910596847534]","['title_description', 'title_description', 'title_description']"
西安有几所大学,['52364'],[],title_description,1,0,[],,['4551'],[0.4832414388656616],['title_description']
西安有几所大学,['52364'],[],title_description,3,1,['52364'],2.0,"['4551', '52364', '39537']","[0.4832414388656616, 0.4808582663536072, 0.4774630665779114]","['title_description', 'title_description', 'title_description']"
西安的大学,['52364'],[],title_description,1,0,[],,['39537'],[0.5201295614242554],['title_description']
西安的大学,['52364'],[],title_description,3,1,['52364'],2.0,"['39537', '52364', '4551']","[0.5201295614242554, 0.5010991096496582, 0.49083882570266724]","['title_description', 'title_description', 'title_description']"
警校有哪些学校,['52364'],[],title_description,1,0,[],,['4551'],[0.5832910537719727],['title_description']
警校有哪些学校,['52364'],[],title_description,3,1,['52364'],3.0,"['4551', '39537', '52364']","[0.5832910537719727, 0.5241420865058899, 0.5143112540245056]","['title_description', 'title_description', 'title_description']"
贵州学校,['52364'],[],title_description,1,0,[],,['4551'],[0.5202898979187012],['title_description']
贵州学校,['52364'],[],title_description,3,1,['52364'],3.0,"['4551', '39537', '52364']","[0.5202898979187012, 0.516845703125, 0.4848695993423462]","['title_description', 'title_description', 'title_description']"
贵州有211大学吗?,['52364'],[],title_description,1,0,[],,['4551'],[0.47706517577171326],['title_description']
贵州有211大学吗?,['52364'],[],title_description,3,1,['52364'],2.0,"['4551', '52364', '39537']","[0.47706517577171326, 0.4425569772720337, 0.4406786561012268]","['title_description', 'title_description', 'title_description']"
贵州的大专学校有哪些,['52364'],[],title_description,1,0,[],,['39537'],[0.47248339653015137],['title_description']
贵州的大专学校有哪些,['52364'],[],title_description,3,1,['52364'],2.0,"['39537', '52364', '4551']","[0.47248339653015137, 0.4541071951389313, 0.43916845321655273]","['title_description', 'title_description', 'title_description']"
贵州都有哪些大学,['52364'],[],title_description,1,1,['52364'],1.0,['52364'],[0.5166767835617065],['title_description']
贵州都有哪些大学,['52364'],[],title_description,3,1,['52364'],1.0,"['52364', '4551', '39537']","[0.5166767835617065, 0.5076682567596436, 0.5040323138237]","['title_description', 'title_description', 'title_description']"
贵阳高职有哪些学校,['52364'],[],title_description,1,0,[],,['39537'],[0.4751119613647461],['title_description']
贵阳高职有哪些学校,['52364'],[],title_description,3,1,['52364'],2.0,"['39537', '52364', '4551']","[0.4751119613647461, 0.46421557664871216, 0.45189788937568665]","['title_description', 'title_description', 'title_description']"
辽宁专科学校排名,['52364'],[],title_description,1,0,[],,['51129'],[0.5609545111656189],['title_description']
辽宁专科学校排名,['52364'],[],title_description,3,1,['52364'],3.0,"['51129', '4551', '52364']","[0.5609545111656189, 0.5575858354568481, 0.5297160744667053]","['title_description', 'title_description', 'title_description']"
辽宁省本科院校,['52364'],[],title_description,1,0,[],,['4551'],[0.5709535479545593],['title_description']
辽宁省本科院校,['52364'],[],title_description,3,1,['52364'],2.0,"['4551', '52364', '39537']","[0.5709535479545593, 0.5142405033111572, 0.48857247829437256]","['title_description', 'title_description', 'title_description']"
重庆公办大学有哪些,['52364'],[],title_description,1,1,['52364'],1.0,['52364'],[0.5094075798988342],['title_description']
重庆公办大学有哪些,['52364'],[],title_description,3,1,['52364'],1.0,"['52364', '4551', '39537']","[0.5094075798988342, 0.4942561984062195, 0.48595893383026123]","['title_description', 'title_description', 'title_description']"
重庆市公办大学排名,['52364'],[],title_description,1,0,[],,['4551'],[0.5218775272369385],['title_description']
重庆市公办大学排名,['52364'],[],title_description,3,1,['52364'],3.0,"['4551', '51129', '52364']","[0.5218775272369385, 0.5186376571655273, 0.5086069703102112]","['title_description', 'title_description', 'title_description']"
重庆市医科大学2026年录取分数线是多少,['52364'],[],title_description,1,1,['52364'],1.0,['52364'],[0.4636213183403015],['title_description']
重庆市医科大学2026年录取分数线是多少,['52364'],[],title_description,3,1,['52364'],1.0,"['52364', '39537', '51129']","[0.4636213183403015, 0.43901169300079346, 0.4318864345550537]","['title_description', 'title_description', 'title_description']"
铜陵有哪几所大学,['52364'],[],title_description,1,1,['52364'],1.0,['52364'],[0.4771788716316223],['title_description']
铜陵有哪几所大学,['52364'],[],title_description,3,1,['52364'],1.0,"['52364', '4551', '39537']","[0.4771788716316223, 0.4754049777984619, 0.4752722680568695]","['title_description', 'title_description', 'title_description']"
长沙艺术学院,['52364'],[],title_description,1,0,[],,['4551'],[0.5169020295143127],['title_description']
长沙艺术学院,['52364'],[],title_description,3,1,['52364'],3.0,"['4551', '39537', '52364']","[0.5169020295143127, 0.5016193389892578, 0.46945255994796753]","['title_description', 'title_description', 'title_description']"
陕西各大学2026录取分数线,['52364'],[],title_description,1,1,['52364'],1.0,['52364'],[0.5474216938018799],['title_description']
陕西各大学2026录取分数线,['52364'],[],title_description,3,1,['52364'],1.0,"['52364', '39537', '51129']","[0.5474216938018799, 0.5004059076309204, 0.4806162714958191]","['title_description', 'title_description', 'title_description']"
陕西有哪些大学,['52364'],[],title_description,1,0,[],,['4551'],[0.5253190994262695],['title_description']
陕西有哪些大学,['52364'],[],title_description,3,1,['52364'],2.0,"['4551', '52364', '39537']","[0.5253190994262695, 0.523302435874939, 0.4948914349079132]","['title_description', 'title_description', 'title_description']"
青岛的公办本科大学有哪些,['52364'],[],title_description,1,1,['52364'],1.0,['52364'],[0.48873692750930786],['title_description']
青岛的公办本科大学有哪些,['52364'],[],title_description,3,1,['52364'],1.0,"['52364', '39537', '4551']","[0.48873692750930786, 0.4825194478034973, 0.4719563126564026]","['title_description', 'title_description', 'title_description']"
青海本科学校录取分数线,['52364'],[],title_description,1,1,['52364'],1.0,['52364'],[0.5467296838760376],['title_description']
青海本科学校录取分数线,['52364'],[],title_description,3,1,['52364'],1.0,"['52364', '39537', '4551']","[0.5467296838760376, 0.5081336498260498, 0.4845395088195801]","['title_description', 'title_description', 'title_description']"
鞍山有哪些大学,['52364'],[],title_description,1,1,['52364'],1.0,['52364'],[0.5121983289718628],['title_description']
鞍山有哪些大学,['52364'],[],title_description,3,1,['52364'],1.0,"['52364', '4551', '39537']","[0.5121983289718628, 0.4903980493545532, 0.47943124175071716]","['title_description', 'title_description', 'title_description']"
驻马店有哪些大学,['52364'],[],title_description,1,0,[],,['39537'],[0.5059767961502075],['title_description']
驻马店有哪些大学,['52364'],[],title_description,3,1,['52364'],2.0,"['39537', '52364', '4551']","[0.5059767961502075, 0.49480777978897095, 0.4651050567626953]","['title_description', 'title_description', 'title_description']"
黄石有那些大学,['52364'],[],title_description,1,1,['52364'],1.0,['52364'],[0.5182665586471558],['title_description']
黄石有那些大学,['52364'],[],title_description,3,1,['52364'],1.0,"['52364', '39537', '4551']","[0.5182665586471558, 0.5052827000617981, 0.49574798345565796]","['title_description', 'title_description', 'title_description']"
黑龙江省大学排名,['52364'],[],title_description,1,0,[],,['4551'],[0.550665557384491],['title_description']
黑龙江省大学排名,['52364'],[],title_description,3,1,['52364'],3.0,"['4551', '51129', '52364']","[0.550665557384491, 0.5166469812393188, 0.5094040632247925]","['title_description', 'title_description', 'title_description']"
齐齐哈尔的医药大类专科有哪些,['52364'],[],title_description,1,0,[],,['39537'],[0.46875160932540894],['title_description']
齐齐哈尔的医药大类专科有哪些,['52364'],[],title_description,3,1,['52364'],2.0,"['39537', '52364', '4551']","[0.46875160932540894, 0.4682638645172119, 0.4602847695350647]","['title_description', 'title_description', 'title_description']"
