query,gold_ids,missing_gold_ids,view,k,pass_at_k,hit_ids,first_hit_rank,recall_ids,recall_scores,recall_views
(-2)-(-3)等于多少,['5601'],[],description,1,0,[],,['51044'],[0.5280677676200867],['description']
(-2)-(-3)等于多少,['5601'],[],description,3,0,[],,"['51044', '51323', '51388']","[0.5280677676200867, 0.4408297538757324, 0.4205837845802307]","['description', 'description', 'description']"
(-2.5) 2  1/3=,['5601'],[],description,1,0,[],,['51044'],[0.5555996894836426],['description']
(-2.5) 2  1/3=,['5601'],[],description,3,0,[],,"['51044', '51323', '50760']","[0.5555996894836426, 0.38619720935821533, 0.37438416481018066]","['description', 'description', 'description']"
-1 3=,['5601'],[],description,1,0,[],,['51044'],[0.5865018963813782],['description']
-1 3=,['5601'],[],description,3,0,[],,"['51044', '51323', '60977']","[0.5865018963813782, 0.47471070289611816, 0.4647389054298401]","['description', 'description', 'description']"
-4加-4等于多少,['5601'],[],description,1,0,[],,['51044'],[0.5177738666534424],['description']
-4加-4等于多少,['5601'],[],description,3,0,[],,"['51044', '51323', '51388']","[0.5177738666534424, 0.4583396911621094, 0.43327730894088745]","['description', 'description', 'description']"
-5乘-25/7加-12加,['5601'],[],description,1,0,[],,['51044'],[0.43555715680122375],['description']
-5乘-25/7加-12加,['5601'],[],description,3,0,[],,"['51044', '51323', '51382']","[0.43555715680122375, 0.38772717118263245, 0.3579375743865967]","['description', 'description', 'description']"
-5减-3等于多少,['5601'],[],description,1,0,[],,['51044'],[0.49513405561447144],['description']
-5减-3等于多少,['5601'],[],description,3,0,[],,"['51044', '51388', '51323']","[0.49513405561447144, 0.43179261684417725, 0.41454076766967773]","['description', 'description', 'description']"
0.7569开方,['5601'],[],description,1,0,[],,['51044'],[0.6458514928817749],['description']
0.7569开方,['5601'],[],description,3,0,[],,"['51044', '51388', '51323']","[0.6458514928817749, 0.43002402782440186, 0.4169906675815582]","['description', 'description', 'description']"
0.8÷16的竖式计算,['5601'],[],description,1,0,[],,['51044'],[0.49816057085990906],['description']
0.8÷16的竖式计算,['5601'],[],description,3,0,[],,"['51044', '51323', '51382']","[0.49816057085990906, 0.3928864598274231, 0.369498610496521]","['description', 'description', 'description']"
0.99÷1.8,['5601'],[],description,1,0,[],,['51044'],[0.5546860694885254],['description']
0.99÷1.8,['5601'],[],description,3,0,[],,"['51044', '60977', '51388']","[0.5546860694885254, 0.3974945545196533, 0.3973314166069031]","['description', 'description', 'description']"
1.05的5次方等于多少,['5601'],[],description,1,0,[],,['51044'],[0.6465860605239868],['description']
1.05的5次方等于多少,['5601'],[],description,3,0,[],,"['51044', '51388', '51323']","[0.6465860605239868, 0.4713229835033417, 0.4586121439933777]","['description', 'description', 'description']"
1.15的四次方,['5601'],[],description,1,0,[],,['51044'],[0.6374462246894836],['description']
1.15的四次方,['5601'],[],description,3,0,[],,"['51044', '51323', '51388']","[0.6374462246894836, 0.4864668846130371, 0.4795457422733307]","['description', 'description', 'description']"
1.26÷0.03的竖式计算,['5601'],[],description,1,0,[],,['51044'],[0.4553833603858948],['description']
1.26÷0.03的竖式计算,['5601'],[],description,3,0,[],,"['51044', '51323', '47198']","[0.4553833603858948, 0.39023706316947937, 0.365337610244751]","['description', 'description', 'description']"
1.3的36次方等于多少,['5601'],[],description,1,0,[],,['51044'],[0.6047964096069336],['description']
1.3的36次方等于多少,['5601'],[],description,3,0,[],,"['51044', '51323', '47198']","[0.6047964096069336, 0.44116145372390747, 0.42781710624694824]","['description', 'description', 'description']"
1.575加1.6,['5601'],[],description,1,0,[],,['51044'],[0.4694942831993103],['description']
1.575加1.6,['5601'],[],description,3,0,[],,"['51044', '5293', '60338']","[0.4694942831993103, 0.4324183762073517, 0.4218629002571106]","['description', 'description', 'description']"
1/2加1/4加1/8,['5601'],[],description,1,0,[],,['51044'],[0.48204725980758667],['description']
1/2加1/4加1/8,['5601'],[],description,3,0,[],,"['51044', '51323', '51382']","[0.48204725980758667, 0.4519563913345337, 0.43343687057495117]","['description', 'description', 'description']"
100 50,['5601'],[],description,1,0,[],,['51044'],[0.49947646260261536],['description']
100 50,['5601'],[],description,3,0,[],,"['51044', '51323', '51388']","[0.49947646260261536, 0.47810953855514526, 0.478107750415802]","['description', 'description', 'description']"
"1000-243的,竖式计算",['5601'],[],description,1,0,[],,['51044'],[0.45775657892227173],['description']
"1000-243的,竖式计算",['5601'],[],description,3,0,[],,"['51044', '51323', '51382']","[0.45775657892227173, 0.4452557861804962, 0.3718462288379669]","['description', 'description', 'description']"
1000除以13等于多少,['5601'],[],description,1,0,[],,['51044'],[0.4812511205673218],['description']
1000除以13等于多少,['5601'],[],description,3,0,[],,"['51044', '51323', '47198']","[0.4812511205673218, 0.44292038679122925, 0.4091128706932068]","['description', 'description', 'description']"
1052÷7,['5601'],[],description,1,0,[],,['51044'],[0.576936662197113],['description']
1052÷7,['5601'],[],description,3,1,['5601'],3.0,"['51044', '51323', '5601']","[0.576936662197113, 0.5113555788993835, 0.4871741235256195]","['description', 'description', 'description']"
10万乘以10万是多少,['5601'],[],description,1,0,[],,['51044'],[0.589858889579773],['description']
10万乘以10万是多少,['5601'],[],description,3,0,[],,"['51044', '51323', '51388']","[0.589858889579773, 0.5300006866455078, 0.48486602306365967]","['description', 'description', 'description']"
115÷23%,['5601'],[],description,1,0,[],,['51044'],[0.583775520324707],['description']
115÷23%,['5601'],[],description,3,1,['5601'],3.0,"['51044', '51323', '5601']","[0.583775520324707, 0.49696680903434753, 0.4784114360809326]","['description', 'description', 'description']"
1194÷6,['5601'],[],description,1,0,[],,['51044'],[0.5727667808532715],['description']
1194÷6,['5601'],[],description,3,0,[],,"['51044', '51323', '51388']","[0.5727667808532715, 0.47176605463027954, 0.4420381188392639]","['description', 'description', 'description']"
120 120,['5601'],[],description,1,0,[],,['51044'],[0.536542534828186],['description']
120 120,['5601'],[],description,3,1,['5601'],3.0,"['51044', '51323', '5601']","[0.536542534828186, 0.5161010026931763, 0.5149564146995544]","['description', 'description', 'description']"
129乘34,['5601'],[],description,1,0,[],,['51323'],[0.3757532238960266],['description']
129乘34,['5601'],[],description,3,0,[],,"['51323', '51044', '267']","[0.3757532238960266, 0.3727198541164398, 0.3314889967441559]","['description', 'description', 'description']"
12x12=多少,['5601'],[],description,1,0,[],,['51044'],[0.5397145748138428],['description']
12x12=多少,['5601'],[],description,3,1,['5601'],3.0,"['51044', '51323', '5601']","[0.5397145748138428, 0.501046359539032, 0.4574739336967468]","['description', 'description', 'description']"
13的三次方是多少,['5601'],[],description,1,0,[],,['51044'],[0.533550500869751],['description']
13的三次方是多少,['5601'],[],description,3,0,[],,"['51044', '51323', '51388']","[0.533550500869751, 0.4325730800628662, 0.4177977442741394]","['description', 'description', 'description']"
14950 2030=,['5601'],[],description,1,0,[],,['51044'],[0.5279465913772583],['description']
14950 2030=,['5601'],[],description,3,1,['5601'],3.0,"['51044', '51323', '5601']","[0.5279465913772583, 0.5262296795845032, 0.4893396496772766]","['description', 'description', 'description']"
150÷100等于几,['5601'],[],description,1,0,[],,['51044'],[0.5199000239372253],['description']
150÷100等于几,['5601'],[],description,3,0,[],,"['51044', '5293', '60338']","[0.5199000239372253, 0.43293777108192444, 0.41160768270492554]","['description', 'description', 'description']"
"159÷94,列竖式计算",['5601'],[],description,1,0,[],,['51044'],[0.4944596290588379],['description']
"159÷94,列竖式计算",['5601'],[],description,3,1,['5601'],3.0,"['51044', '51323', '5601']","[0.4944596290588379, 0.40923383831977844, 0.3633909821510315]","['description', 'description', 'description']"
15x216,['5601'],[],description,1,0,[],,['51323'],[0.5533194541931152],['description']
15x216,['5601'],[],description,3,1,['5601'],3.0,"['51323', '51044', '5601']","[0.5533194541931152, 0.5303059816360474, 0.5185880661010742]","['description', 'description', 'description']"
15÷10,['5601'],[],description,1,0,[],,['51044'],[0.5892335176467896],['description']
15÷10,['5601'],[],description,3,0,[],,"['51044', '51388', '51323']","[0.5892335176467896, 0.44665053486824036, 0.4432922899723053]","['description', 'description', 'description']"
15÷35等于多少,['5601'],[],description,1,0,[],,['51044'],[0.5391669273376465],['description']
15÷35等于多少,['5601'],[],description,3,1,['5601'],3.0,"['51044', '51323', '5601']","[0.5391669273376465, 0.4364764094352722, 0.4311266839504242]","['description', 'description', 'description']"
17 1,['5601'],[],description,1,0,[],,['51323'],[0.5222920775413513],['description']
17 1,['5601'],[],description,3,1,['5601'],3.0,"['51323', '51388', '5601']","[0.5222920775413513, 0.5097367763519287, 0.498933881521225]","['description', 'description', 'description']"
19 9=,['5601'],[],description,1,0,[],,['51323'],[0.5539921522140503],['description']
19 9=,['5601'],[],description,3,0,[],,"['51323', '51044', '51388']","[0.5539921522140503, 0.5523354411125183, 0.5190938115119934]","['description', 'description', 'description']"
1亿×1亿等于多少,['5601'],[],description,1,0,[],,['51044'],[0.5872710943222046],['description']
1亿×1亿等于多少,['5601'],[],description,3,0,[],,"['51044', '51323', '51388']","[0.5872710943222046, 0.5138174891471863, 0.4688400626182556]","['description', 'description', 'description']"
2/3×1/3等于多少,['5601'],[],description,1,0,[],,['51044'],[0.52912437915802],['description']
2/3×1/3等于多少,['5601'],[],description,3,0,[],,"['51044', '51323', '60977']","[0.52912437915802, 0.42052924633026123, 0.40426838397979736]","['description', 'description', 'description']"
200-5.5,['5601'],[],description,1,0,[],,['50760'],[0.5571495890617371],['description']
200-5.5,['5601'],[],description,3,0,[],,"['50760', '60977', '51323']","[0.5571495890617371, 0.5162138938903809, 0.512676477432251]","['description', 'description', 'description']"
2026-1995,['5601'],[],description,1,0,[],,['51323'],[0.5496454238891602],['description']
2026-1995,['5601'],[],description,3,1,['5601'],2.0,"['51323', '5601', '51388']","[0.5496454238891602, 0.5150395631790161, 0.4895921051502228]","['description', 'description', 'description']"
20×40等于多少,['5601'],[],description,1,0,[],,['51044'],[0.5679664611816406],['description']
20×40等于多少,['5601'],[],description,3,0,[],,"['51044', '51323', '47198']","[0.5679664611816406, 0.5368220210075378, 0.4682484269142151]","['description', 'description', 'description']"
20×74等于多少,['5601'],[],description,1,0,[],,['51044'],[0.5636973977088928],['description']
20×74等于多少,['5601'],[],description,3,0,[],,"['51044', '51323', '51388']","[0.5636973977088928, 0.5236119031906128, 0.4689755141735077]","['description', 'description', 'description']"
20的平方等于多少,['5601'],[],description,1,0,[],,['51044'],[0.587393045425415],['description']
20的平方等于多少,['5601'],[],description,3,0,[],,"['51044', '51323', '50760']","[0.587393045425415, 0.48411425948143005, 0.43750858306884766]","['description', 'description', 'description']"
240÷4,['5601'],[],description,1,0,[],,['51044'],[0.5658096075057983],['description']
240÷4,['5601'],[],description,3,0,[],,"['51044', '51323', '51388']","[0.5658096075057983, 0.510501503944397, 0.4608006477355957]","['description', 'description', 'description']"
24×30,['5601'],[],description,1,0,[],,['51044'],[0.5769841074943542],['description']
24×30,['5601'],[],description,3,0,[],,"['51044', '51323', '60977']","[0.5769841074943542, 0.5731953382492065, 0.5360743999481201]","['description', 'description', 'description']"
2563÷9901,['5601'],[],description,1,0,[],,['51044'],[0.619351863861084],['description']
2563÷9901,['5601'],[],description,3,0,[],,"['51044', '51323', '51388']","[0.619351863861084, 0.5142561793327332, 0.46533671021461487]","['description', 'description', 'description']"
25×45的竖式计算,['5601'],[],description,1,0,[],,['51044'],[0.4807680547237396],['description']
25×45的竖式计算,['5601'],[],description,3,0,[],,"['51044', '51323', '51388']","[0.4807680547237396, 0.46208152174949646, 0.3942776024341583]","['description', 'description', 'description']"
260705-567457902231311,['5601'],[],description,1,0,[],,['60977'],[0.5157636404037476],['description']
260705-567457902231311,['5601'],[],description,3,0,[],,"['60977', '51323', '60293']","[0.5157636404037476, 0.49824419617652893, 0.4935019314289093]","['description', 'description', 'description']"
2的-2次方是多少,['5601'],[],description,1,0,[],,['51044'],[0.6134958267211914],['description']
2的-2次方是多少,['5601'],[],description,3,0,[],,"['51044', '51323', '51388']","[0.6134958267211914, 0.46491461992263794, 0.4395992159843445]","['description', 'description', 'description']"
3 0,['5601'],[],description,1,0,[],,['51044'],[0.5256483554840088],['description']
3 0,['5601'],[],description,3,0,[],,"['51044', '51323', '51388']","[0.5256483554840088, 0.48800501227378845, 0.4864763021469116]","['description', 'description', 'description']"
3 x=1,['5601'],[],description,1,0,[],,['51044'],[0.5644908547401428],['description']
3 x=1,['5601'],[],description,3,0,[],,"['51044', '4526', '51388']","[0.5644908547401428, 0.4271963834762573, 0.4237947463989258]","['description', 'description', 'description']"
3.24÷1.8等于多少,['5601'],[],description,1,0,[],,['51044'],[0.5503157377243042],['description']
3.24÷1.8等于多少,['5601'],[],description,3,0,[],,"['51044', '51323', '47198']","[0.5503157377243042, 0.4428357481956482, 0.4299960136413574]","['description', 'description', 'description']"
3.9-6,['5601'],[],description,1,0,[],,['51044'],[0.5040403008460999],['description']
3.9-6,['5601'],[],description,3,0,[],,"['51044', '60977', '60293']","[0.5040403008460999, 0.49097591638565063, 0.47390586137771606]","['description', 'description', 'description']"
30 7等于多少,['5601'],[],description,1,0,[],,['51044'],[0.4724714159965515],['description']
30 7等于多少,['5601'],[],description,3,1,['5601'],2.0,"['51044', '5601', '51323']","[0.4724714159965515, 0.42262065410614014, 0.4182469844818115]","['description', 'description', 'description']"
30-24÷6等于几,['5601'],[],description,1,0,[],,['51044'],[0.4715493619441986],['description']
30-24÷6等于几,['5601'],[],description,3,1,['5601'],3.0,"['51044', '51323', '5601']","[0.4715493619441986, 0.4274408221244812, 0.3859485685825348]","['description', 'description', 'description']"
300÷25,['5601'],[],description,1,0,[],,['51044'],[0.563434898853302],['description']
300÷25,['5601'],[],description,3,0,[],,"['51044', '51323', '51388']","[0.563434898853302, 0.5034241080284119, 0.47039300203323364]","['description', 'description', 'description']"
33÷4,['5601'],[],description,1,0,[],,['51044'],[0.5752590894699097],['description']
33÷4,['5601'],[],description,3,0,[],,"['51044', '51323', '51388']","[0.5752590894699097, 0.5036126971244812, 0.4639621675014496]","['description', 'description', 'description']"
347 358,['5601'],[],description,1,0,[],,['51323'],[0.4971844553947449],['description']
347 358,['5601'],[],description,3,1,['5601'],3.0,"['51323', '51388', '5601']","[0.4971844553947449, 0.4882124662399292, 0.48636430501937866]","['description', 'description', 'description']"
34的平方根,['5601'],[],description,1,0,[],,['51044'],[0.6263027191162109],['description']
34的平方根,['5601'],[],description,3,0,[],,"['51044', '51388', '51323']","[0.6263027191162109, 0.4539414048194885, 0.449099600315094]","['description', 'description', 'description']"
35x5,['5601'],[],description,1,0,[],,['51044'],[0.5250454545021057],['description']
35x5,['5601'],[],description,3,0,[],,"['51044', '51323', '51388']","[0.5250454545021057, 0.5063121318817139, 0.49916866421699524]","['description', 'description', 'description']"
36-28等于多少?,['5601'],[],description,1,0,[],,['51323'],[0.4005667567253113],['description']
36-28等于多少?,['5601'],[],description,3,1,['5601'],3.0,"['51323', '51044', '5601']","[0.4005667567253113, 0.39890655875205994, 0.3869178593158722]","['description', 'description', 'description']"
365x15的竖式计算怎么写,['5601'],[],description,1,0,[],,['51044'],[0.513119101524353],['description']
365x15的竖式计算怎么写,['5601'],[],description,3,1,['5601'],3.0,"['51044', '51323', '5601']","[0.513119101524353, 0.4903634488582611, 0.4560900926589966]","['description', 'description', 'description']"
37x65,['5601'],[],description,1,0,[],,['60977'],[0.49721458554267883],['description']
37x65,['5601'],[],description,3,0,[],,"['60977', '51044', '51323']","[0.49721458554267883, 0.49359452724456787, 0.4870906472206116]","['description', 'description', 'description']"
3989万 7274万,['5601'],[],description,1,0,[],,['60338'],[0.4356412887573242],['description']
3989万 7274万,['5601'],[],description,3,0,[],,"['60338', '5432', '51323']","[0.4356412887573242, 0.4333959221839905, 0.4126322567462921]","['description', 'description', 'description']"
3根号0.1,['5601'],[],description,1,0,[],,['51044'],[0.5883559584617615],['description']
3根号0.1,['5601'],[],description,3,0,[],,"['51044', '51382', '51388']","[0.5883559584617615, 0.3761516213417053, 0.36653685569763184]","['description', 'description', 'description']"
3的立方根,['5601'],[],description,1,0,[],,['51044'],[0.5843462944030762],['description']
3的立方根,['5601'],[],description,3,0,[],,"['51044', '51388', '51382']","[0.5843462944030762, 0.4175512194633484, 0.39105722308158875]","['description', 'description', 'description']"
3的负1次方,['5601'],[],description,1,0,[],,['51044'],[0.6517005562782288],['description']
3的负1次方,['5601'],[],description,3,0,[],,"['51044', '51388', '51382']","[0.6517005562782288, 0.4680749177932739, 0.43674254417419434]","['description', 'description', 'description']"
3除3等于多少,['5601'],[],description,1,0,[],,['51044'],[0.5261958837509155],['description']
3除3等于多少,['5601'],[],description,3,0,[],,"['51044', '51388', '51323']","[0.5261958837509155, 0.4320101737976074, 0.421157568693161]","['description', 'description', 'description']"
4.95÷90列竖式计算,['5601'],[],description,1,0,[],,['51044'],[0.4865419268608093],['description']
4.95÷90列竖式计算,['5601'],[],description,3,0,[],,"['51044', '51323', '51382']","[0.4865419268608093, 0.4046057164669037, 0.3702678680419922]","['description', 'description', 'description']"
400-855-6879,['5601'],[],description,1,0,[],,['5012'],[0.5693652033805847],['description']
400-855-6879,['5601'],[],description,3,0,[],,"['5012', '47198', '51474']","[0.5693652033805847, 0.5683590173721313, 0.5303899645805359]","['description', 'description', 'description']"
4000的20%是多少,['5601'],[],description,1,0,[],,['51044'],[0.5727682709693909],['description']
4000的20%是多少,['5601'],[],description,3,0,[],,"['51044', '51323', '50760']","[0.5727682709693909, 0.5011869668960571, 0.4867666959762573]","['description', 'description', 'description']"
44.8x1.1,['5601'],[],description,1,0,[],,['51323'],[0.49768543243408203],['description']
44.8x1.1,['5601'],[],description,3,0,[],,"['51323', '60977', '51044']","[0.49768543243408203, 0.4816877245903015, 0.45776405930519104]","['description', 'description', 'description']"
452除以5的竖式怎么列,['5601'],[],description,1,0,[],,['51044'],[0.45278048515319824],['description']
452除以5的竖式怎么列,['5601'],[],description,3,0,[],,"['51044', '51323', '51382']","[0.45278048515319824, 0.4407097399234772, 0.41045767068862915]","['description', 'description', 'description']"
453除以203,['5601'],[],description,1,0,[],,['51044'],[0.46113285422325134],['description']
453除以203,['5601'],[],description,3,0,[],,"['51044', '51323', '51382']","[0.46113285422325134, 0.42592674493789673, 0.39772579073905945]","['description', 'description', 'description']"
4减负6等于多少,['5601'],[],description,1,0,[],,['51044'],[0.483387291431427],['description']
4减负6等于多少,['5601'],[],description,3,0,[],,"['51044', '51323', '51388']","[0.483387291431427, 0.42276135087013245, 0.42140546441078186]","['description', 'description', 'description']"
5.57×0.25等于多少,['5601'],[],description,1,0,[],,['51044'],[0.6029928922653198],['description']
5.57×0.25等于多少,['5601'],[],description,3,0,[],,"['51044', '51323', '51388']","[0.6029928922653198, 0.5049677491188049, 0.4909079074859619]","['description', 'description', 'description']"
5000÷30等于多少,['5601'],[],description,1,0,[],,['51044'],[0.5422786474227905],['description']
5000÷30等于多少,['5601'],[],description,3,0,[],,"['51044', '51323', '47198']","[0.5422786474227905, 0.457346111536026, 0.4328356981277466]","['description', 'description', 'description']"
500×9,['5601'],[],description,1,0,[],,['51044'],[0.5805386900901794],['description']
500×9,['5601'],[],description,3,0,[],,"['51044', '51323', '51388']","[0.5805386900901794, 0.524428129196167, 0.5054928660392761]","['description', 'description', 'description']"
507÷5的竖式怎么列,['5601'],[],description,1,0,[],,['51044'],[0.46098047494888306],['description']
507÷5的竖式怎么列,['5601'],[],description,3,0,[],,"['51044', '51388', '51382']","[0.46098047494888306, 0.4436601400375366, 0.443335622549057]","['description', 'description', 'description']"
53/1.73×1.73,['5601'],[],description,1,0,[],,['51044'],[0.5338003635406494],['description']
53/1.73×1.73,['5601'],[],description,3,0,[],,"['51044', '51323', '51388']","[0.5338003635406494, 0.4419390559196472, 0.43018579483032227]","['description', 'description', 'description']"
54乘1/20,['5601'],[],description,1,0,[],,['51044'],[0.4968199133872986],['description']
54乘1/20,['5601'],[],description,3,0,[],,"['51044', '51323', '51382']","[0.4968199133872986, 0.4516569674015045, 0.40916717052459717]","['description', 'description', 'description']"
55038-2025,['5601'],[],description,1,0,[],,['51323'],[0.5408461093902588],['description']
55038-2025,['5601'],[],description,3,0,[],,"['51323', '51388', '60293']","[0.5408461093902588, 0.521391749382019, 0.5075023174285889]","['description', 'description', 'description']"
578的平方根是多少,['5601'],[],description,1,0,[],,['51044'],[0.6096153259277344],['description']
578的平方根是多少,['5601'],[],description,3,0,[],,"['51044', '51388', '51323']","[0.6096153259277344, 0.4237353801727295, 0.39555850625038147]","['description', 'description', 'description']"
57加21加,['5601'],[],description,1,0,[],,['51044'],[0.4931647777557373],['description']
57加21加,['5601'],[],description,3,1,['5601'],3.0,"['51044', '51323', '5601']","[0.4931647777557373, 0.47262102365493774, 0.4691115617752075]","['description', 'description', 'description']"
5800-58等于几,['5601'],[],description,1,0,[],,['51044'],[0.5384432673454285],['description']
5800-58等于几,['5601'],[],description,3,0,[],,"['51044', '47198', '51323']","[0.5384432673454285, 0.42937415838241577, 0.4171975255012512]","['description', 'description', 'description']"
5^2 12^2,['5601'],[],description,1,0,[],,['51044'],[0.5469287633895874],['description']
5^2 12^2,['5601'],[],description,3,0,[],,"['51044', '51323', '51388']","[0.5469287633895874, 0.4426101744174957, 0.42105376720428467]","['description', 'description', 'description']"
6.342÷2.1=5.9÷0.4=2.592除以3.6=4.448÷1.6等于,['5601'],[],description,1,0,[],,['51044'],[0.4590446949005127],['description']
6.342÷2.1=5.9÷0.4=2.592除以3.6=4.448÷1.6等于,['5601'],[],description,3,0,[],,"['51044', '51323', '5293']","[0.4590446949005127, 0.3829392194747925, 0.37141090631484985]","['description', 'description', 'description']"
6/5除以5/4,['5601'],[],description,1,0,[],,['51044'],[0.5053611993789673],['description']
6/5除以5/4,['5601'],[],description,3,0,[],,"['51044', '51388', '51323']","[0.5053611993789673, 0.43331968784332275, 0.4232114553451538]","['description', 'description', 'description']"
60÷15的竖式计算,['5601'],[],description,1,0,[],,['51044'],[0.4882962107658386],['description']
60÷15的竖式计算,['5601'],[],description,3,0,[],,"['51044', '51323', '51382']","[0.4882962107658386, 0.36718201637268066, 0.35502636432647705]","['description', 'description', 'description']"
60÷2等于多少,['5601'],[],description,1,0,[],,['51044'],[0.5004430413246155],['description']
60÷2等于多少,['5601'],[],description,3,0,[],,"['51044', '51323', '50760']","[0.5004430413246155, 0.4178714156150818, 0.39489299058914185]","['description', 'description', 'description']"
62.4➗26,['5601'],[],description,1,0,[],,['51044'],[0.5208665132522583],['description']
62.4➗26,['5601'],[],description,3,0,[],,"['51044', '51323', '51388']","[0.5208665132522583, 0.4693475663661957, 0.4326261281967163]","['description', 'description', 'description']"
63 8,['5601'],[],description,1,0,[],,['51044'],[0.5246534943580627],['description']
63 8,['5601'],[],description,3,0,[],,"['51044', '60977', '51323']","[0.5246534943580627, 0.5167340636253357, 0.5159071683883667]","['description', 'description', 'description']"
64x27,['5601'],[],description,1,0,[],,['51323'],[0.5221067070960999],['description']
64x27,['5601'],[],description,3,0,[],,"['51323', '60977', '51044']","[0.5221067070960999, 0.508240818977356, 0.4944304823875427]","['description', 'description', 'description']"
660÷60,['5601'],[],description,1,0,[],,['51044'],[0.5597120523452759],['description']
660÷60,['5601'],[],description,3,0,[],,"['51044', '51323', '47190']","[0.5597120523452759, 0.47685274481773376, 0.4508534073829651]","['description', 'description', 'description']"
67×48=,['5601'],[],description,1,0,[],,['51044'],[0.5713177919387817],['description']
67×48=,['5601'],[],description,3,0,[],,"['51044', '51323', '60977']","[0.5713177919387817, 0.47142112255096436, 0.4431154429912567]","['description', 'description', 'description']"
6×9等于多少,['5601'],[],description,1,0,[],,['51044'],[0.5083204507827759],['description']
6×9等于多少,['5601'],[],description,3,0,[],,"['51044', '51388', '51323']","[0.5083204507827759, 0.45576322078704834, 0.4524475932121277]","['description', 'description', 'description']"
6÷5,['5601'],[],description,1,0,[],,['51044'],[0.5851211547851562],['description']
6÷5,['5601'],[],description,3,0,[],,"['51044', '51388', '51323']","[0.5851211547851562, 0.504380464553833, 0.47003650665283203]","['description', 'description', 'description']"
6的一倍是几,['5601'],[],description,1,0,[],,['51044'],[0.4908140301704407],['description']
6的一倍是几,['5601'],[],description,3,0,[],,"['51044', '51323', '51382']","[0.4908140301704407, 0.45645102858543396, 0.4503846764564514]","['description', 'description', 'description']"
6除6等于多少,['5601'],[],description,1,0,[],,['51044'],[0.5488134622573853],['description']
6除6等于多少,['5601'],[],description,3,0,[],,"['51044', '51388', '51323']","[0.5488134622573853, 0.44989821314811707, 0.4356411099433899]","['description', 'description', 'description']"
70÷9等于多少,['5601'],[],description,1,0,[],,['51044'],[0.517549455165863],['description']
70÷9等于多少,['5601'],[],description,3,0,[],,"['51044', '51323', '51388']","[0.517549455165863, 0.43850743770599365, 0.4241641163825989]","['description', 'description', 'description']"
728÷28的竖式计算,['5601'],[],description,1,0,[],,['51044'],[0.4505454897880554],['description']
728÷28的竖式计算,['5601'],[],description,3,1,['5601'],3.0,"['51044', '51323', '5601']","[0.4505454897880554, 0.39678335189819336, 0.36165526509284973]","['description', 'description', 'description']"
72÷8×6等于几,['5601'],[],description,1,0,[],,['51044'],[0.4689791798591614],['description']
72÷8×6等于几,['5601'],[],description,3,0,[],,"['51044', '51323', '51382']","[0.4689791798591614, 0.3845856785774231, 0.3735031485557556]","['description', 'description', 'description']"
72乘64,['5601'],[],description,1,0,[],,['51044'],[0.4215465784072876],['description']
72乘64,['5601'],[],description,3,0,[],,"['51044', '51323', '51382']","[0.4215465784072876, 0.3845224976539612, 0.3452860116958618]","['description', 'description', 'description']"
75-25 10等于几,['5601'],[],description,1,0,[],,['51044'],[0.459827721118927],['description']
75-25 10等于几,['5601'],[],description,3,0,[],,"['51044', '51323', '51388']","[0.459827721118927, 0.42913419008255005, 0.4145553708076477]","['description', 'description', 'description']"
78×32等于,['5601'],[],description,1,0,[],,['51044'],[0.4899357259273529],['description']
78×32等于,['5601'],[],description,3,1,['5601'],3.0,"['51044', '51323', '5601']","[0.4899357259273529, 0.4088106155395508, 0.3781687617301941]","['description', 'description', 'description']"
7×68等于多少,['5601'],[],description,1,0,[],,['51044'],[0.5147116184234619],['description']
7×68等于多少,['5601'],[],description,3,0,[],,"['51044', '47198', '60338']","[0.5147116184234619, 0.4411162734031677, 0.4369373917579651]","['description', 'description', 'description']"
81的4次方根是多少,['5601'],[],description,1,0,[],,['51044'],[0.6023361682891846],['description']
81的4次方根是多少,['5601'],[],description,3,0,[],,"['51044', '51323', '51388']","[0.6023361682891846, 0.44152355194091797, 0.4407995343208313]","['description', 'description', 'description']"
826÷4,['5601'],[],description,1,0,[],,['51044'],[0.5627701282501221],['description']
826÷4,['5601'],[],description,3,0,[],,"['51044', '51323', '51388']","[0.5627701282501221, 0.5069351196289062, 0.47534456849098206]","['description', 'description', 'description']"
83x335,['5601'],[],description,1,0,[],,['60977'],[0.5199882388114929],['description']
83x335,['5601'],[],description,3,0,[],,"['60977', '51044', '4526']","[0.5199882388114929, 0.4869706630706787, 0.47325676679611206]","['description', 'description', 'description']"
83÷7,['5601'],[],description,1,0,[],,['51044'],[0.5338148474693298],['description']
83÷7,['5601'],[],description,3,0,[],,"['51044', '51323', '51388']","[0.5338148474693298, 0.4712833762168884, 0.46562719345092773]","['description', 'description', 'description']"
848÷8的竖式计算,['5601'],[],description,1,0,[],,['51044'],[0.47314515709877014],['description']
848÷8的竖式计算,['5601'],[],description,3,0,[],,"['51044', '51323', '51382']","[0.47314515709877014, 0.41492897272109985, 0.3804381787776947]","['description', 'description', 'description']"
85×18÷5,['5601'],[],description,1,0,[],,['51044'],[0.596286416053772],['description']
85×18÷5,['5601'],[],description,3,0,[],,"['51044', '51388', '51323']","[0.596286416053772, 0.4712413251399994, 0.47057586908340454]","['description', 'description', 'description']"
870÷20等于多少,['5601'],[],description,1,0,[],,['51044'],[0.539538562297821],['description']
870÷20等于多少,['5601'],[],description,3,0,[],,"['51044', '51323', '47198']","[0.539538562297821, 0.44897979497909546, 0.415319561958313]","['description', 'description', 'description']"
88 66=多少,['5601'],[],description,1,0,[],,['51044'],[0.4831916093826294],['description']
88 66=多少,['5601'],[],description,3,0,[],,"['51044', '60338', '47198']","[0.4831916093826294, 0.4412904381752014, 0.4128838777542114]","['description', 'description', 'description']"
96ⅹ4.5,['5601'],[],description,1,0,[],,['51323'],[0.43133991956710815],['description']
96ⅹ4.5,['5601'],[],description,3,0,[],,"['51323', '60977', '51044']","[0.43133991956710815, 0.4052926301956177, 0.40025317668914795]","['description', 'description', 'description']"
96除以24的竖式计算,['5601'],[],description,1,0,[],,['51044'],[0.44418394565582275],['description']
96除以24的竖式计算,['5601'],[],description,3,0,[],,"['51044', '51323', '51382']","[0.44418394565582275, 0.39039087295532227, 0.34223127365112305]","['description', 'description', 'description']"
99 299-67 72=,['5601'],[],description,1,0,[],,['51044'],[0.46451425552368164],['description']
99 299-67 72=,['5601'],[],description,3,0,[],,"['51044', '60977', '51323']","[0.46451425552368164, 0.4428209662437439, 0.4424974024295807]","['description', 'description', 'description']"
999×274 6274,['5601'],[],description,1,0,[],,['51323'],[0.4694048762321472],['description']
999×274 6274,['5601'],[],description,3,0,[],,"['51323', '47198', '60338']","[0.4694048762321472, 0.4517133831977844, 0.44387900829315186]","['description', 'description', 'description']"
99×99等于多少,['5601'],[],description,1,0,[],,['51044'],[0.5443040132522583],['description']
99×99等于多少,['5601'],[],description,3,0,[],,"['51044', '51323', '60338']","[0.5443040132522583, 0.48761266469955444, 0.46076440811157227]","['description', 'description', 'description']"
cas 63-05-8,['5601'],[],description,1,0,[],,['60977'],[0.4807400405406952],['description']
cas 63-05-8,['5601'],[],description,3,0,[],,"['60977', '51388', '51044']","[0.4807400405406952, 0.45884519815444946, 0.45286113023757935]","['description', 'description', 'description']"
cos120°等于多少,['5601'],[],description,1,0,[],,['51044'],[0.6031473875045776],['description']
cos120°等于多少,['5601'],[],description,3,0,[],,"['51044', '51323', '60338']","[0.6031473875045776, 0.42968297004699707, 0.41720789670944214]","['description', 'description', 'description']"
e的负10.5049次方,['5601'],[],description,1,0,[],,['51044'],[0.6935676336288452],['description']
e的负10.5049次方,['5601'],[],description,3,0,[],,"['51044', '51388', '51323']","[0.6935676336288452, 0.44253015518188477, 0.4398680627346039]","['description', 'description', 'description']"
sin10.3度等于多少,['5601'],[],description,1,0,[],,['51044'],[0.6638596057891846],['description']
sin10.3度等于多少,['5601'],[],description,3,0,[],,"['51044', '51388', '51381']","[0.6638596057891846, 0.46248143911361694, 0.4481337070465088]","['description', 'description', 'description']"
两千分之六百×100%等于多少,['5601'],[],description,1,0,[],,['51044'],[0.5178028345108032],['description']
两千分之六百×100%等于多少,['5601'],[],description,3,0,[],,"['51044', '51323', '5293']","[0.5178028345108032, 0.4574383497238159, 0.45113492012023926]","['description', 'description', 'description']"
五万的30%是多少,['5601'],[],description,1,0,[],,['51044'],[0.5655137300491333],['description']
五万的30%是多少,['5601'],[],description,3,0,[],,"['51044', '51323', '5293']","[0.5655137300491333, 0.49390265345573425, 0.4858219027519226]","['description', 'description', 'description']"
五分之一加三分之一,['5601'],[],description,1,0,[],,['51044'],[0.4578259289264679],['description']
五分之一加三分之一,['5601'],[],description,3,0,[],,"['51044', '51382', '51388']","[0.4578259289264679, 0.42111465334892273, 0.417575478553772]","['description', 'description', 'description']"
根号14,['5601'],[],description,1,0,[],,['51044'],[0.5935354828834534],['description']
根号14,['5601'],[],description,3,0,[],,"['51044', '51323', '51388']","[0.5935354828834534, 0.417807400226593, 0.4125695526599884]","['description', 'description', 'description']"
根号2025等于几,['5601'],[],description,1,0,[],,['51044'],[0.5464588403701782],['description']
根号2025等于几,['5601'],[],description,3,0,[],,"['51044', '51323', '51388']","[0.5464588403701782, 0.4581913650035858, 0.42164820432662964]","['description', 'description', 'description']"
根号25等于多少,['5601'],[],description,1,0,[],,['51044'],[0.5520823001861572],['description']
根号25等于多少,['5601'],[],description,3,0,[],,"['51044', '51388', '51323']","[0.5520823001861572, 0.4475332796573639, 0.42785733938217163]","['description', 'description', 'description']"
根号50000等于多少,['5601'],[],description,1,0,[],,['51044'],[0.5530630946159363],['description']
根号50000等于多少,['5601'],[],description,3,0,[],,"['51044', '51323', '51388']","[0.5530630946159363, 0.389498770236969, 0.38413673639297485]","['description', 'description', 'description']"
根号8等于多少,['5601'],[],description,1,0,[],,['51044'],[0.5592224597930908],['description']
根号8等于多少,['5601'],[],description,3,0,[],,"['51044', '51388', '51323']","[0.5592224597930908, 0.39358049631118774, 0.38111087679862976]","['description', 'description', 'description']"
根号等于多少,['5601'],[],description,1,0,[],,['51044'],[0.6537485122680664],['description']
根号等于多少,['5601'],[],description,3,0,[],,"['51044', '51388', '51323']","[0.6537485122680664, 0.49433964490890503, 0.4669150412082672]","['description', 'description', 'description']"
根号负12等于多少,['5601'],[],description,1,0,[],,['51044'],[0.5717511177062988],['description']
根号负12等于多少,['5601'],[],description,3,0,[],,"['51044', '51323', '51388']","[0.5717511177062988, 0.39359739422798157, 0.3773574233055115]","['description', 'description', 'description']"
记算器在线,['5601'],[],description,1,0,[],,['51044'],[0.7652295827865601],['description']
记算器在线,['5601'],[],description,3,1,['5601'],3.0,"['51044', '51323', '5601']","[0.7652295827865601, 0.5603758692741394, 0.553247332572937]","['description', 'description', 'description']"
镅-241,['5601'],[],description,1,0,[],,['51044'],[0.41233882308006287],['description']
镅-241,['5601'],[],description,3,0,[],,"['51044', '60977', '51323']","[0.41233882308006287, 0.4029482305049896, 0.39830467104911804]","['description', 'description', 'description']"
(-2)-(-3)等于多少,['5601'],[],merged,1,0,[],,['51044'],[0.5358098745346069],['title_description']
(-2)-(-3)等于多少,['5601'],[],merged,3,0,[],,"['51044', '51323', '51388']","[0.5358098745346069, 0.4408297538757324, 0.4205837845802307]","['title_description', 'description', 'description']"
(-2.5) 2  1/3=,['5601'],[],merged,1,0,[],,['51044'],[0.5555996894836426],['description']
(-2.5) 2  1/3=,['5601'],[],merged,3,0,[],,"['51044', '51323', '50760']","[0.5555996894836426, 0.38619720935821533, 0.37438416481018066]","['description', 'description', 'description']"
-1 3=,['5601'],[],merged,1,0,[],,['51044'],[0.5865018963813782],['description']
-1 3=,['5601'],[],merged,3,0,[],,"['51044', '60977', '51323']","[0.5865018963813782, 0.47690340876579285, 0.47471070289611816]","['description', 'title_description', 'description']"
-4加-4等于多少,['5601'],[],merged,1,0,[],,['51044'],[0.5448735952377319],['title_description']
-4加-4等于多少,['5601'],[],merged,3,0,[],,"['51044', '51323', '51388']","[0.5448735952377319, 0.46699249744415283, 0.43327730894088745]","['title_description', 'title_description', 'description']"
-5乘-25/7加-12加,['5601'],[],merged,1,0,[],,['51044'],[0.4468732476234436],['title_description']
-5乘-25/7加-12加,['5601'],[],merged,3,0,[],,"['51044', '51323', '52524']","[0.4468732476234436, 0.40103277564048767, 0.36461275815963745]","['title_description', 'title_description', 'title_description']"
-5减-3等于多少,['5601'],[],merged,1,0,[],,['51044'],[0.5166687369346619],['title_description']
-5减-3等于多少,['5601'],[],merged,3,0,[],,"['51044', '51388', '51323']","[0.5166687369346619, 0.43179261684417725, 0.41454076766967773]","['title_description', 'description', 'description']"
0.7569开方,['5601'],[],merged,1,0,[],,['51044'],[0.6458514928817749],['description']
0.7569开方,['5601'],[],merged,3,0,[],,"['51044', '51388', '61111']","[0.6458514928817749, 0.43002402782440186, 0.4190124273300171]","['description', 'description', 'title_description']"
0.8÷16的竖式计算,['5601'],[],merged,1,0,[],,['51044'],[0.5194724798202515],['title_description']
0.8÷16的竖式计算,['5601'],[],merged,3,0,[],,"['51044', '51323', '51382']","[0.5194724798202515, 0.3928864598274231, 0.37710320949554443]","['title_description', 'description', 'title_description']"
0.99÷1.8,['5601'],[],merged,1,0,[],,['51044'],[0.5546860694885254],['description']
0.99÷1.8,['5601'],[],merged,3,0,[],,"['51044', '60977', '51388']","[0.5546860694885254, 0.41177237033843994, 0.3973314166069031]","['description', 'title_description', 'description']"
1.05的5次方等于多少,['5601'],[],merged,1,0,[],,['51044'],[0.6465860605239868],['description']
1.05的5次方等于多少,['5601'],[],merged,3,0,[],,"['51044', '51388', '51323']","[0.6465860605239868, 0.4713229835033417, 0.4586121439933777]","['description', 'description', 'description']"
1.15的四次方,['5601'],[],merged,1,0,[],,['51044'],[0.6374462246894836],['description']
1.15的四次方,['5601'],[],merged,3,0,[],,"['51044', '51323', '51388']","[0.6374462246894836, 0.4864668846130371, 0.4795457422733307]","['description', 'description', 'description']"
1.26÷0.03的竖式计算,['5601'],[],merged,1,0,[],,['51044'],[0.5036709308624268],['title_description']
1.26÷0.03的竖式计算,['5601'],[],merged,3,0,[],,"['51044', '51323', '60977']","[0.5036709308624268, 0.39023706316947937, 0.3667064905166626]","['title_description', 'description', 'title_description']"
1.3的36次方等于多少,['5601'],[],merged,1,0,[],,['51044'],[0.6047964096069336],['description']
1.3的36次方等于多少,['5601'],[],merged,3,0,[],,"['51044', '51323', '47198']","[0.6047964096069336, 0.44116145372390747, 0.42781710624694824]","['description', 'description', 'description']"
1.575加1.6,['5601'],[],merged,1,0,[],,['51044'],[0.520753026008606],['title_description']
1.575加1.6,['5601'],[],merged,3,0,[],,"['51044', '5293', '60338']","[0.520753026008606, 0.4324183762073517, 0.4218629002571106]","['title_description', 'description', 'description']"
1/2加1/4加1/8,['5601'],[],merged,1,0,[],,['51044'],[0.5072212815284729],['title_description']
1/2加1/4加1/8,['5601'],[],merged,3,0,[],,"['51044', '51323', '51382']","[0.5072212815284729, 0.47837814688682556, 0.438476026058197]","['title_description', 'title_description', 'title_description']"
100 50,['5601'],[],merged,1,0,[],,['51044'],[0.5322708487510681],['title_description']
100 50,['5601'],[],merged,3,0,[],,"['51044', '51323', '51388']","[0.5322708487510681, 0.47810953855514526, 0.478107750415802]","['title_description', 'description', 'description']"
"1000-243的,竖式计算",['5601'],[],merged,1,0,[],,['51044'],[0.49883830547332764],['title_description']
"1000-243的,竖式计算",['5601'],[],merged,3,0,[],,"['51044', '51323', '51382']","[0.49883830547332764, 0.44860124588012695, 0.3799149990081787]","['title_description', 'title_description', 'title_description']"
1000除以13等于多少,['5601'],[],merged,1,0,[],,['51044'],[0.523979127407074],['title_description']
1000除以13等于多少,['5601'],[],merged,3,0,[],,"['51044', '51323', '47198']","[0.523979127407074, 0.44292038679122925, 0.4091128706932068]","['title_description', 'description', 'description']"
1052÷7,['5601'],[],merged,1,0,[],,['51044'],[0.5867751836776733],['title_description']
1052÷7,['5601'],[],merged,3,1,['5601'],3.0,"['51044', '51323', '5601']","[0.5867751836776733, 0.5113555788993835, 0.4871741235256195]","['title_description', 'description', 'description']"
10万乘以10万是多少,['5601'],[],merged,1,0,[],,['51044'],[0.6114721894264221],['title_description']
10万乘以10万是多少,['5601'],[],merged,3,0,[],,"['51044', '51323', '51388']","[0.6114721894264221, 0.5300006866455078, 0.48486602306365967]","['title_description', 'description', 'description']"
115÷23%,['5601'],[],merged,1,0,[],,['51044'],[0.5977118611335754],['title_description']
115÷23%,['5601'],[],merged,3,1,['5601'],3.0,"['51044', '51323', '5601']","[0.5977118611335754, 0.49696680903434753, 0.4784114360809326]","['title_description', 'description', 'description']"
1194÷6,['5601'],[],merged,1,0,[],,['51044'],[0.5727667808532715],['description']
1194÷6,['5601'],[],merged,3,0,[],,"['51044', '51323', '51388']","[0.5727667808532715, 0.47176605463027954, 0.4420381188392639]","['description', 'description', 'description']"
120 120,['5601'],[],merged,1,0,[],,['51044'],[0.5477295517921448],['title_description']
120 120,['5601'],[],merged,3,1,['5601'],3.0,"['51044', '51323', '5601']","[0.5477295517921448, 0.5161010026931763, 0.5149564146995544]","['title_description', 'description', 'description']"
129乘34,['5601'],[],merged,1,0,[],,['51044'],[0.4198110103607178],['title_description']
129乘34,['5601'],[],merged,3,0,[],,"['51044', '51323', '50161']","[0.4198110103607178, 0.3865298628807068, 0.35075658559799194]","['title_description', 'title_description', 'title_description']"
12x12=多少,['5601'],[],merged,1,0,[],,['51044'],[0.5783339738845825],['title_description']
12x12=多少,['5601'],[],merged,3,1,['5601'],3.0,"['51044', '51323', '5601']","[0.5783339738845825, 0.501046359539032, 0.4574739336967468]","['title_description', 'description', 'description']"
13的三次方是多少,['5601'],[],merged,1,0,[],,['51044'],[0.5609256029129028],['title_description']
13的三次方是多少,['5601'],[],merged,3,0,[],,"['51044', '51323', '61111']","[0.5609256029129028, 0.4325730800628662, 0.4322277307510376]","['title_description', 'description', 'title_description']"
14950 2030=,['5601'],[],merged,1,0,[],,['51044'],[0.5487308502197266],['title_description']
14950 2030=,['5601'],[],merged,3,1,['5601'],3.0,"['51044', '51323', '5601']","[0.5487308502197266, 0.5262296795845032, 0.4893396496772766]","['title_description', 'description', 'description']"
150÷100等于几,['5601'],[],merged,1,0,[],,['51044'],[0.542671263217926],['title_description']
150÷100等于几,['5601'],[],merged,3,0,[],,"['51044', '5293', '60977']","[0.542671263217926, 0.43293777108192444, 0.41809022426605225]","['title_description', 'description', 'title_description']"
"159÷94,列竖式计算",['5601'],[],merged,1,0,[],,['51044'],[0.5122986435890198],['title_description']
"159÷94,列竖式计算",['5601'],[],merged,3,0,[],,"['51044', '51323', '51382']","[0.5122986435890198, 0.40923383831977844, 0.36961865425109863]","['title_description', 'description', 'title_description']"
15x216,['5601'],[],merged,1,0,[],,['51323'],[0.5533194541931152],['description']
15x216,['5601'],[],merged,3,1,['5601'],3.0,"['51323', '51044', '5601']","[0.5533194541931152, 0.5433916449546814, 0.5185880661010742]","['description', 'title_description', 'description']"
15÷10,['5601'],[],merged,1,0,[],,['51044'],[0.5892335176467896],['description']
15÷10,['5601'],[],merged,3,0,[],,"['51044', '51388', '51323']","[0.5892335176467896, 0.44665053486824036, 0.4432922899723053]","['description', 'description', 'description']"
15÷35等于多少,['5601'],[],merged,1,0,[],,['51044'],[0.546189546585083],['title_description']
15÷35等于多少,['5601'],[],merged,3,1,['5601'],3.0,"['51044', '51323', '5601']","[0.546189546585083, 0.4364764094352722, 0.4311266839504242]","['title_description', 'description', 'description']"
17 1,['5601'],[],merged,1,0,[],,['51323'],[0.5222920775413513],['description']
17 1,['5601'],[],merged,3,0,[],,"['51323', '51044', '51388']","[0.5222920775413513, 0.5151333808898926, 0.5097367763519287]","['description', 'title_description', 'description']"
19 9=,['5601'],[],merged,1,0,[],,['51044'],[0.5648706555366516],['title_description']
19 9=,['5601'],[],merged,3,0,[],,"['51044', '51323', '51388']","[0.5648706555366516, 0.5539921522140503, 0.5190938115119934]","['title_description', 'description', 'description']"
1亿×1亿等于多少,['5601'],[],merged,1,0,[],,['51044'],[0.5930386781692505],['title_description']
1亿×1亿等于多少,['5601'],[],merged,3,0,[],,"['51044', '51323', '51388']","[0.5930386781692505, 0.5138174891471863, 0.4688400626182556]","['title_description', 'description', 'description']"
2/3×1/3等于多少,['5601'],[],merged,1,0,[],,['51044'],[0.5373138189315796],['title_description']
2/3×1/3等于多少,['5601'],[],merged,3,0,[],,"['51044', '51323', '60977']","[0.5373138189315796, 0.42052924633026123, 0.41585439443588257]","['title_description', 'description', 'title_description']"
200-5.5,['5601'],[],merged,1,0,[],,['50760'],[0.5571495890617371],['description']
200-5.5,['5601'],[],merged,3,0,[],,"['50760', '60977', '51323']","[0.5571495890617371, 0.522361159324646, 0.512676477432251]","['description', 'title_description', 'description']"
2026-1995,['5601'],[],merged,1,0,[],,['51323'],[0.5496454238891602],['description']
2026-1995,['5601'],[],merged,3,1,['5601'],2.0,"['51323', '5601', '51388']","[0.5496454238891602, 0.5150395631790161, 0.4895921051502228]","['description', 'description', 'description']"
20×40等于多少,['5601'],[],merged,1,0,[],,['51044'],[0.5989004969596863],['title_description']
20×40等于多少,['5601'],[],merged,3,0,[],,"['51044', '51323', '61111']","[0.5989004969596863, 0.5368220210075378, 0.4773130416870117]","['title_description', 'description', 'title_description']"
20×74等于多少,['5601'],[],merged,1,0,[],,['51044'],[0.5968838334083557],['title_description']
20×74等于多少,['5601'],[],merged,3,0,[],,"['51044', '51323', '51382']","[0.5968838334083557, 0.5236119031906128, 0.47362250089645386]","['title_description', 'description', 'title_description']"
20的平方等于多少,['5601'],[],merged,1,0,[],,['51044'],[0.587393045425415],['description']
20的平方等于多少,['5601'],[],merged,3,0,[],,"['51044', '51323', '50760']","[0.587393045425415, 0.48411425948143005, 0.43750858306884766]","['description', 'description', 'description']"
240÷4,['5601'],[],merged,1,0,[],,['51044'],[0.5658096075057983],['description']
240÷4,['5601'],[],merged,3,0,[],,"['51044', '51323', '51388']","[0.5658096075057983, 0.510501503944397, 0.4608006477355957]","['description', 'description', 'description']"
24×30,['5601'],[],merged,1,0,[],,['51044'],[0.5901923179626465],['title_description']
24×30,['5601'],[],merged,3,0,[],,"['51044', '51323', '60977']","[0.5901923179626465, 0.5731953382492065, 0.5480101108551025]","['title_description', 'description', 'title_description']"
2563÷9901,['5601'],[],merged,1,0,[],,['51044'],[0.6276878714561462],['title_description']
2563÷9901,['5601'],[],merged,3,0,[],,"['51044', '51323', '51388']","[0.6276878714561462, 0.5142561793327332, 0.46533671021461487]","['title_description', 'description', 'description']"
25×45的竖式计算,['5601'],[],merged,1,0,[],,['51044'],[0.5168193578720093],['title_description']
25×45的竖式计算,['5601'],[],merged,3,0,[],,"['51044', '51323', '51388']","[0.5168193578720093, 0.46208152174949646, 0.3942776024341583]","['title_description', 'description', 'description']"
260705-567457902231311,['5601'],[],merged,1,0,[],,['60977'],[0.5254770517349243],['title_description']
260705-567457902231311,['5601'],[],merged,3,0,[],,"['60977', '51044', '61111']","[0.5254770517349243, 0.5184532403945923, 0.5098242163658142]","['title_description', 'title_description', 'title_description']"
2的-2次方是多少,['5601'],[],merged,1,0,[],,['51044'],[0.6134958267211914],['description']
2的-2次方是多少,['5601'],[],merged,3,0,[],,"['51044', '51323', '51388']","[0.6134958267211914, 0.466156542301178, 0.4395992159843445]","['description', 'title_description', 'description']"
3 0,['5601'],[],merged,1,0,[],,['51044'],[0.5267312526702881],['title_description']
3 0,['5601'],[],merged,3,0,[],,"['51044', '60977', '51323']","[0.5267312526702881, 0.4986305832862854, 0.48800501227378845]","['title_description', 'title_description', 'description']"
3 x=1,['5601'],[],merged,1,0,[],,['51044'],[0.5644908547401428],['description']
3 x=1,['5601'],[],merged,3,0,[],,"['51044', '4526', '51388']","[0.5644908547401428, 0.4271963834762573, 0.4237947463989258]","['description', 'description', 'description']"
3.24÷1.8等于多少,['5601'],[],merged,1,0,[],,['51044'],[0.5503157377243042],['description']
3.24÷1.8等于多少,['5601'],[],merged,3,0,[],,"['51044', '50161', '51323']","[0.5503157377243042, 0.4550110101699829, 0.4428357481956482]","['description', 'title_description', 'description']"
3.9-6,['5601'],[],merged,1,0,[],,['51044'],[0.5126142501831055],['title_description']
3.9-6,['5601'],[],merged,3,0,[],,"['51044', '60977', '60293']","[0.5126142501831055, 0.5045871138572693, 0.47390586137771606]","['title_description', 'title_description', 'description']"
30 7等于多少,['5601'],[],merged,1,0,[],,['51044'],[0.48132556676864624],['title_description']
30 7等于多少,['5601'],[],merged,3,1,['5601'],2.0,"['51044', '5601', '51323']","[0.48132556676864624, 0.42262065410614014, 0.4182469844818115]","['title_description', 'description', 'description']"
30-24÷6等于几,['5601'],[],merged,1,0,[],,['51044'],[0.4768107533454895],['title_description']
30-24÷6等于几,['5601'],[],merged,3,0,[],,"['51044', '51323', '50161']","[0.4768107533454895, 0.43199422955513, 0.4004761278629303]","['title_description', 'title_description', 'title_description']"
300÷25,['5601'],[],merged,1,0,[],,['51044'],[0.5769623517990112],['title_description']
300÷25,['5601'],[],merged,3,0,[],,"['51044', '51323', '51388']","[0.5769623517990112, 0.5034241080284119, 0.47039300203323364]","['title_description', 'description', 'description']"
33÷4,['5601'],[],merged,1,0,[],,['51044'],[0.5774454474449158],['title_description']
33÷4,['5601'],[],merged,3,0,[],,"['51044', '51323', '51388']","[0.5774454474449158, 0.5036126971244812, 0.4639621675014496]","['title_description', 'description', 'description']"
347 358,['5601'],[],merged,1,0,[],,['51323'],[0.4971844553947449],['description']
347 358,['5601'],[],merged,3,0,[],,"['51323', '60868', '61111']","[0.4971844553947449, 0.4913077652454376, 0.4901084005832672]","['description', 'title_description', 'title_description']"
34的平方根,['5601'],[],merged,1,0,[],,['51044'],[0.6263027191162109],['description']
34的平方根,['5601'],[],merged,3,0,[],,"['51044', '51388', '51323']","[0.6263027191162109, 0.4539414048194885, 0.449099600315094]","['description', 'description', 'description']"
35x5,['5601'],[],merged,1,0,[],,['51044'],[0.537790834903717],['title_description']
35x5,['5601'],[],merged,3,0,[],,"['51044', '51323', '51388']","[0.537790834903717, 0.5063121318817139, 0.49916866421699524]","['title_description', 'description', 'description']"
36-28等于多少?,['5601'],[],merged,1,0,[],,['51044'],[0.4383432865142822],['title_description']
36-28等于多少?,['5601'],[],merged,3,1,['5601'],3.0,"['51044', '51323', '5601']","[0.4383432865142822, 0.4069092273712158, 0.40633875131607056]","['title_description', 'title_description', 'title_description']"
365x15的竖式计算怎么写,['5601'],[],merged,1,0,[],,['51044'],[0.5668996572494507],['title_description']
365x15的竖式计算怎么写,['5601'],[],merged,3,1,['5601'],3.0,"['51044', '51323', '5601']","[0.5668996572494507, 0.4903634488582611, 0.4667587876319885]","['title_description', 'description', 'title_description']"
37x65,['5601'],[],merged,1,0,[],,['51044'],[0.5251071453094482],['title_description']
37x65,['5601'],[],merged,3,0,[],,"['51044', '60977', '51323']","[0.5251071453094482, 0.5133563280105591, 0.4870906472206116]","['title_description', 'title_description', 'description']"
3989万 7274万,['5601'],[],merged,1,0,[],,['50161'],[0.4709324240684509],['title_description']
3989万 7274万,['5601'],[],merged,3,0,[],,"['50161', '50926', '50159']","[0.4709324240684509, 0.45564669370651245, 0.45120301842689514]","['title_description', 'title_description', 'title_description']"
3根号0.1,['5601'],[],merged,1,0,[],,['51044'],[0.5883559584617615],['description']
3根号0.1,['5601'],[],merged,3,0,[],,"['51044', '51382', '51386']","[0.5883559584617615, 0.3761516213417053, 0.37106385827064514]","['description', 'description', 'title_description']"
3的立方根,['5601'],[],merged,1,0,[],,['51044'],[0.5843462944030762],['description']
3的立方根,['5601'],[],merged,3,0,[],,"['51044', '51388', '51386']","[0.5843462944030762, 0.4175512194633484, 0.4024503827095032]","['description', 'description', 'title_description']"
3的负1次方,['5601'],[],merged,1,0,[],,['51044'],[0.6517005562782288],['description']
3的负1次方,['5601'],[],merged,3,0,[],,"['51044', '51388', '51386']","[0.6517005562782288, 0.4680749177932739, 0.44885802268981934]","['description', 'description', 'title_description']"
3除3等于多少,['5601'],[],merged,1,0,[],,['51044'],[0.5448060035705566],['title_description']
3除3等于多少,['5601'],[],merged,3,0,[],,"['51044', '51388', '51382']","[0.5448060035705566, 0.4320101737976074, 0.4229374825954437]","['title_description', 'description', 'title_description']"
4.95÷90列竖式计算,['5601'],[],merged,1,0,[],,['51044'],[0.5099407434463501],['title_description']
4.95÷90列竖式计算,['5601'],[],merged,3,0,[],,"['51044', '51323', '50161']","[0.5099407434463501, 0.4046057164669037, 0.39952099323272705]","['title_description', 'description', 'title_description']"
400-855-6879,['5601'],[],merged,1,0,[],,['5012'],[0.5693652033805847],['description']
400-855-6879,['5601'],[],merged,3,0,[],,"['5012', '47198', '47272']","[0.5693652033805847, 0.5683590173721313, 0.5336501002311707]","['description', 'description', 'title_description']"
4000的20%是多少,['5601'],[],merged,1,0,[],,['51044'],[0.6019648313522339],['title_description']
4000的20%是多少,['5601'],[],merged,3,0,[],,"['51044', '51323', '50760']","[0.6019648313522339, 0.5011869668960571, 0.4867666959762573]","['title_description', 'description', 'description']"
44.8x1.1,['5601'],[],merged,1,0,[],,['51323'],[0.49768543243408203],['description']
44.8x1.1,['5601'],[],merged,3,0,[],,"['51323', '60977', '47190']","[0.49768543243408203, 0.4916601777076721, 0.4884934425354004]","['description', 'title_description', 'title_description']"
452除以5的竖式怎么列,['5601'],[],merged,1,0,[],,['51044'],[0.4794047474861145],['title_description']
452除以5的竖式怎么列,['5601'],[],merged,3,0,[],,"['51044', '51323', '51382']","[0.4794047474861145, 0.4407097399234772, 0.41661012172698975]","['title_description', 'description', 'title_description']"
453除以203,['5601'],[],merged,1,0,[],,['51044'],[0.48917722702026367],['title_description']
453除以203,['5601'],[],merged,3,0,[],,"['51044', '51323', '51382']","[0.48917722702026367, 0.43280601501464844, 0.39772579073905945]","['title_description', 'title_description', 'description']"
4减负6等于多少,['5601'],[],merged,1,0,[],,['51044'],[0.5071102380752563],['title_description']
4减负6等于多少,['5601'],[],merged,3,0,[],,"['51044', '51323', '51388']","[0.5071102380752563, 0.4283698797225952, 0.42140546441078186]","['title_description', 'title_description', 'description']"
5.57×0.25等于多少,['5601'],[],merged,1,0,[],,['51044'],[0.6333746910095215],['title_description']
5.57×0.25等于多少,['5601'],[],merged,3,0,[],,"['51044', '51323', '51388']","[0.6333746910095215, 0.5049677491188049, 0.4909079074859619]","['title_description', 'description', 'description']"
5000÷30等于多少,['5601'],[],merged,1,0,[],,['51044'],[0.5557183623313904],['title_description']
5000÷30等于多少,['5601'],[],merged,3,0,[],,"['51044', '51323', '50161']","[0.5557183623313904, 0.457346111536026, 0.4487968683242798]","['title_description', 'description', 'title_description']"
500×9,['5601'],[],merged,1,0,[],,['51044'],[0.5900458097457886],['title_description']
500×9,['5601'],[],merged,3,0,[],,"['51044', '51323', '51388']","[0.5900458097457886, 0.524428129196167, 0.5054928660392761]","['title_description', 'description', 'description']"
507÷5的竖式怎么列,['5601'],[],merged,1,0,[],,['51044'],[0.49113643169403076],['title_description']
507÷5的竖式怎么列,['5601'],[],merged,3,0,[],,"['51044', '51382', '51388']","[0.49113643169403076, 0.45030030608177185, 0.4436601400375366]","['title_description', 'title_description', 'description']"
53/1.73×1.73,['5601'],[],merged,1,0,[],,['51044'],[0.5513488054275513],['title_description']
53/1.73×1.73,['5601'],[],merged,3,0,[],,"['51044', '51323', '60977']","[0.5513488054275513, 0.4419390559196472, 0.4336177408695221]","['title_description', 'description', 'title_description']"
54乘1/20,['5601'],[],merged,1,0,[],,['51044'],[0.5289621353149414],['title_description']
54乘1/20,['5601'],[],merged,3,0,[],,"['51044', '51323', '50161']","[0.5289621353149414, 0.4516569674015045, 0.41894638538360596]","['title_description', 'description', 'title_description']"
55038-2025,['5601'],[],merged,1,0,[],,['51323'],[0.5408461093902588],['description']
55038-2025,['5601'],[],merged,3,0,[],,"['51323', '51388', '60977']","[0.5408461093902588, 0.521391749382019, 0.507706880569458]","['description', 'description', 'title_description']"
578的平方根是多少,['5601'],[],merged,1,0,[],,['51044'],[0.6096153259277344],['description']
578的平方根是多少,['5601'],[],merged,3,0,[],,"['51044', '51388', '51381']","[0.6096153259277344, 0.4237353801727295, 0.39764729142189026]","['description', 'description', 'title_description']"
57加21加,['5601'],[],merged,1,0,[],,['51044'],[0.5456287860870361],['title_description']
57加21加,['5601'],[],merged,3,1,['5601'],2.0,"['51044', '5601', '61111']","[0.5456287860870361, 0.4992017149925232, 0.4958719313144684]","['title_description', 'title_description', 'title_description']"
5800-58等于几,['5601'],[],merged,1,0,[],,['51044'],[0.5563493371009827],['title_description']
5800-58等于几,['5601'],[],merged,3,1,['5601'],2.0,"['51044', '5601', '61111']","[0.5563493371009827, 0.4301835596561432, 0.4299726188182831]","['title_description', 'title_description', 'title_description']"
5^2 12^2,['5601'],[],merged,1,0,[],,['51044'],[0.5469287633895874],['description']
5^2 12^2,['5601'],[],merged,3,0,[],,"['51044', '51323', '51388']","[0.5469287633895874, 0.4426101744174957, 0.42105376720428467]","['description', 'description', 'description']"
6.342÷2.1=5.9÷0.4=2.592除以3.6=4.448÷1.6等于,['5601'],[],merged,1,0,[],,['51044'],[0.4869467616081238],['title_description']
6.342÷2.1=5.9÷0.4=2.592除以3.6=4.448÷1.6等于,['5601'],[],merged,3,0,[],,"['51044', '51323', '50161']","[0.4869467616081238, 0.4029800295829773, 0.39256736636161804]","['title_description', 'title_description', 'title_description']"
6/5除以5/4,['5601'],[],merged,1,0,[],,['51044'],[0.5053611993789673],['description']
6/5除以5/4,['5601'],[],merged,3,0,[],,"['51044', '51388', '51323']","[0.5053611993789673, 0.43331968784332275, 0.4263964593410492]","['description', 'description', 'title_description']"
60÷15的竖式计算,['5601'],[],merged,1,0,[],,['51044'],[0.5043419599533081],['title_description']
60÷15的竖式计算,['5601'],[],merged,3,0,[],,"['51044', '51323', '51382']","[0.5043419599533081, 0.36718201637268066, 0.36330246925354004]","['title_description', 'description', 'title_description']"
60÷2等于多少,['5601'],[],merged,1,0,[],,['51044'],[0.5107455253601074],['title_description']
60÷2等于多少,['5601'],[],merged,3,0,[],,"['51044', '51323', '60977']","[0.5107455253601074, 0.4178714156150818, 0.3953085243701935]","['title_description', 'description', 'title_description']"
62.4➗26,['5601'],[],merged,1,0,[],,['51044'],[0.5421280264854431],['title_description']
62.4➗26,['5601'],[],merged,3,0,[],,"['51044', '51323', '51388']","[0.5421280264854431, 0.4693475663661957, 0.4326261281967163]","['title_description', 'description', 'description']"
63 8,['5601'],[],merged,1,0,[],,['47190'],[0.5337343215942383],['title_description']
63 8,['5601'],[],merged,3,0,[],,"['47190', '51044', '60977']","[0.5337343215942383, 0.5291650295257568, 0.5290563106536865]","['title_description', 'title_description', 'title_description']"
64x27,['5601'],[],merged,1,0,[],,['51323'],[0.5221067070960999],['description']
64x27,['5601'],[],merged,3,0,[],,"['51323', '60977', '51044']","[0.5221067070960999, 0.5164890885353088, 0.5090373754501343]","['description', 'title_description', 'title_description']"
660÷60,['5601'],[],merged,1,0,[],,['51044'],[0.5618589520454407],['title_description']
660÷60,['5601'],[],merged,3,0,[],,"['51044', '47190', '51323']","[0.5618589520454407, 0.5063226222991943, 0.47685274481773376]","['title_description', 'title_description', 'description']"
67×48=,['5601'],[],merged,1,0,[],,['51044'],[0.5856949687004089],['title_description']
67×48=,['5601'],[],merged,3,0,[],,"['51044', '51323', '60977']","[0.5856949687004089, 0.47142112255096436, 0.46070045232772827]","['title_description', 'description', 'title_description']"
6×9等于多少,['5601'],[],merged,1,0,[],,['51044'],[0.5299030542373657],['title_description']
6×9等于多少,['5601'],[],merged,3,0,[],,"['51044', '51388', '51323']","[0.5299030542373657, 0.45576322078704834, 0.4524475932121277]","['title_description', 'description', 'description']"
6÷5,['5601'],[],merged,1,0,[],,['51044'],[0.5851211547851562],['description']
6÷5,['5601'],[],merged,3,0,[],,"['51044', '51388', '51323']","[0.5851211547851562, 0.504380464553833, 0.47003650665283203]","['description', 'description', 'description']"
6的一倍是几,['5601'],[],merged,1,0,[],,['51044'],[0.5193209052085876],['title_description']
6的一倍是几,['5601'],[],merged,3,0,[],,"['51044', '51323', '51382']","[0.5193209052085876, 0.45645102858543396, 0.4549756646156311]","['title_description', 'description', 'title_description']"
6除6等于多少,['5601'],[],merged,1,0,[],,['51044'],[0.5593740940093994],['title_description']
6除6等于多少,['5601'],[],merged,3,0,[],,"['51044', '51388', '51382']","[0.5593740940093994, 0.44989821314811707, 0.43706396222114563]","['title_description', 'description', 'title_description']"
70÷9等于多少,['5601'],[],merged,1,0,[],,['51044'],[0.5230415463447571],['title_description']
70÷9等于多少,['5601'],[],merged,3,0,[],,"['51044', '51323', '51388']","[0.5230415463447571, 0.43850743770599365, 0.4241641163825989]","['title_description', 'description', 'description']"
728÷28的竖式计算,['5601'],[],merged,1,0,[],,['51044'],[0.4803169369697571],['title_description']
728÷28的竖式计算,['5601'],[],merged,3,0,[],,"['51044', '51323', '50159']","[0.4803169369697571, 0.39678335189819336, 0.3663458228111267]","['title_description', 'description', 'title_description']"
72÷8×6等于几,['5601'],[],merged,1,0,[],,['51044'],[0.48435524106025696],['title_description']
72÷8×6等于几,['5601'],[],merged,3,0,[],,"['51044', '51323', '51382']","[0.48435524106025696, 0.38595497608184814, 0.3754381537437439]","['title_description', 'title_description', 'title_description']"
72乘64,['5601'],[],merged,1,0,[],,['51044'],[0.4592655897140503],['title_description']
72乘64,['5601'],[],merged,3,0,[],,"['51044', '51323', '51382']","[0.4592655897140503, 0.39833539724349976, 0.3522900640964508]","['title_description', 'title_description', 'title_description']"
75-25 10等于几,['5601'],[],merged,1,0,[],,['51044'],[0.4892393946647644],['title_description']
75-25 10等于几,['5601'],[],merged,3,0,[],,"['51044', '51323', '51388']","[0.4892393946647644, 0.42913419008255005, 0.4145553708076477]","['title_description', 'description', 'description']"
78×32等于,['5601'],[],merged,1,0,[],,['51044'],[0.500117301940918],['title_description']
78×32等于,['5601'],[],merged,3,0,[],,"['51044', '51323', '51382']","[0.500117301940918, 0.4088106155395508, 0.3831879496574402]","['title_description', 'description', 'title_description']"
7×68等于多少,['5601'],[],merged,1,0,[],,['51044'],[0.5387634038925171],['title_description']
7×68等于多少,['5601'],[],merged,3,0,[],,"['51044', '51323', '47198']","[0.5387634038925171, 0.44389432668685913, 0.4411162734031677]","['title_description', 'title_description', 'description']"
81的4次方根是多少,['5601'],[],merged,1,0,[],,['51044'],[0.6023361682891846],['description']
81的4次方根是多少,['5601'],[],merged,3,0,[],,"['51044', '51323', '51388']","[0.6023361682891846, 0.44607457518577576, 0.4407995343208313]","['description', 'title_description', 'description']"
826÷4,['5601'],[],merged,1,0,[],,['51044'],[0.5641840696334839],['title_description']
826÷4,['5601'],[],merged,3,0,[],,"['51044', '51323', '51388']","[0.5641840696334839, 0.5069351196289062, 0.47534456849098206]","['title_description', 'description', 'description']"
83x335,['5601'],[],merged,1,0,[],,['60977'],[0.5292624831199646],['title_description']
83x335,['5601'],[],merged,3,0,[],,"['60977', '51044', '47242']","[0.5292624831199646, 0.508019208908081, 0.4748426675796509]","['title_description', 'title_description', 'title_description']"
83÷7,['5601'],[],merged,1,0,[],,['51044'],[0.5385615825653076],['title_description']
83÷7,['5601'],[],merged,3,0,[],,"['51044', '51323', '51388']","[0.5385615825653076, 0.4712833762168884, 0.46562719345092773]","['title_description', 'description', 'description']"
848÷8的竖式计算,['5601'],[],merged,1,0,[],,['51044'],[0.4984033703804016],['title_description']
848÷8的竖式计算,['5601'],[],merged,3,0,[],,"['51044', '51323', '51382']","[0.4984033703804016, 0.41492897272109985, 0.38490843772888184]","['title_description', 'description', 'title_description']"
85×18÷5,['5601'],[],merged,1,0,[],,['51044'],[0.596286416053772],['description']
85×18÷5,['5601'],[],merged,3,0,[],,"['51044', '51388', '51323']","[0.596286416053772, 0.4712413251399994, 0.47057586908340454]","['description', 'description', 'description']"
870÷20等于多少,['5601'],[],merged,1,0,[],,['51044'],[0.5403836369514465],['title_description']
870÷20等于多少,['5601'],[],merged,3,0,[],,"['51044', '51323', '47198']","[0.5403836369514465, 0.44897979497909546, 0.415319561958313]","['title_description', 'description', 'description']"
88 66=多少,['5601'],[],merged,1,0,[],,['51044'],[0.509621262550354],['title_description']
88 66=多少,['5601'],[],merged,3,0,[],,"['51044', '60338', '47198']","[0.509621262550354, 0.4412904381752014, 0.4128838777542114]","['title_description', 'description', 'description']"
96ⅹ4.5,['5601'],[],merged,1,0,[],,['51044'],[0.4728313982486725],['title_description']
96ⅹ4.5,['5601'],[],merged,3,0,[],,"['51044', '51323', '60977']","[0.4728313982486725, 0.43133991956710815, 0.42172136902809143]","['title_description', 'description', 'title_description']"
96除以24的竖式计算,['5601'],[],merged,1,0,[],,['51044'],[0.47401827573776245],['title_description']
96除以24的竖式计算,['5601'],[],merged,3,0,[],,"['51044', '51323', '51382']","[0.47401827573776245, 0.4001339077949524, 0.34896838665008545]","['title_description', 'title_description', 'title_description']"
99 299-67 72=,['5601'],[],merged,1,0,[],,['51044'],[0.5027395486831665],['title_description']
99 299-67 72=,['5601'],[],merged,3,0,[],,"['51044', '60977', '51323']","[0.5027395486831665, 0.4517717957496643, 0.4424974024295807]","['title_description', 'title_description', 'description']"
999×274 6274,['5601'],[],merged,1,0,[],,['51044'],[0.48872944712638855],['title_description']
999×274 6274,['5601'],[],merged,3,0,[],,"['51044', '51323', '47198']","[0.48872944712638855, 0.4694048762321472, 0.4517133831977844]","['title_description', 'description', 'description']"
99×99等于多少,['5601'],[],merged,1,0,[],,['51044'],[0.5767796039581299],['title_description']
99×99等于多少,['5601'],[],merged,3,0,[],,"['51044', '51323', '60338']","[0.5767796039581299, 0.48761266469955444, 0.46076440811157227]","['title_description', 'description', 'description']"
cas 63-05-8,['5601'],[],merged,1,0,[],,['60977'],[0.49826425313949585],['title_description']
cas 63-05-8,['5601'],[],merged,3,0,[],,"['60977', '51044', '51388']","[0.49826425313949585, 0.4932200014591217, 0.45884519815444946]","['title_description', 'title_description', 'description']"
cos120°等于多少,['5601'],[],merged,1,0,[],,['51044'],[0.6031473875045776],['description']
cos120°等于多少,['5601'],[],merged,3,0,[],,"['51044', '51323', '51386']","[0.6031473875045776, 0.42968297004699707, 0.4225803017616272]","['description', 'description', 'title_description']"
e的负10.5049次方,['5601'],[],merged,1,0,[],,['51044'],[0.6935676336288452],['description']
e的负10.5049次方,['5601'],[],merged,3,0,[],,"['51044', '51388', '51323']","[0.6935676336288452, 0.44253015518188477, 0.4398680627346039]","['description', 'description', 'description']"
sin10.3度等于多少,['5601'],[],merged,1,0,[],,['51044'],[0.6638596057891846],['description']
sin10.3度等于多少,['5601'],[],merged,3,0,[],,"['51044', '51388', '51381']","[0.6638596057891846, 0.46248143911361694, 0.4573690891265869]","['description', 'description', 'title_description']"
两千分之六百×100%等于多少,['5601'],[],merged,1,0,[],,['51044'],[0.5589770078659058],['title_description']
两千分之六百×100%等于多少,['5601'],[],merged,3,0,[],,"['51044', '51323', '5293']","[0.5589770078659058, 0.4574383497238159, 0.45113492012023926]","['title_description', 'description', 'description']"
五万的30%是多少,['5601'],[],merged,1,0,[],,['51044'],[0.6044447422027588],['title_description']
五万的30%是多少,['5601'],[],merged,3,0,[],,"['51044', '61111', '51323']","[0.6044447422027588, 0.5044026374816895, 0.49390265345573425]","['title_description', 'title_description', 'description']"
五分之一加三分之一,['5601'],[],merged,1,0,[],,['51044'],[0.48695555329322815],['title_description']
五分之一加三分之一,['5601'],[],merged,3,0,[],,"['51044', '51323', '51382']","[0.48695555329322815, 0.42868298292160034, 0.42637765407562256]","['title_description', 'title_description', 'title_description']"
根号14,['5601'],[],merged,1,0,[],,['51044'],[0.5935354828834534],['description']
根号14,['5601'],[],merged,3,0,[],,"['51044', '51323', '51388']","[0.5935354828834534, 0.417807400226593, 0.4125695526599884]","['description', 'description', 'description']"
根号2025等于几,['5601'],[],merged,1,0,[],,['51044'],[0.5464588403701782],['description']
根号2025等于几,['5601'],[],merged,3,0,[],,"['51044', '51323', '51388']","[0.5464588403701782, 0.4581913650035858, 0.42164820432662964]","['description', 'description', 'description']"
根号25等于多少,['5601'],[],merged,1,0,[],,['51044'],[0.5520823001861572],['description']
根号25等于多少,['5601'],[],merged,3,0,[],,"['51044', '51388', '51323']","[0.5520823001861572, 0.4475332796573639, 0.42785733938217163]","['description', 'description', 'description']"
根号50000等于多少,['5601'],[],merged,1,0,[],,['51044'],[0.5530630946159363],['description']
根号50000等于多少,['5601'],[],merged,3,0,[],,"['51044', '51323', '51388']","[0.5530630946159363, 0.389498770236969, 0.38413673639297485]","['description', 'description', 'description']"
根号8等于多少,['5601'],[],merged,1,0,[],,['51044'],[0.5592224597930908],['description']
根号8等于多少,['5601'],[],merged,3,0,[],,"['51044', '51388', '51323']","[0.5592224597930908, 0.39358049631118774, 0.38338589668273926]","['description', 'description', 'title_description']"
根号等于多少,['5601'],[],merged,1,0,[],,['51044'],[0.6537485122680664],['description']
根号等于多少,['5601'],[],merged,3,0,[],,"['51044', '51388', '51381']","[0.6537485122680664, 0.49433964490890503, 0.4669864773750305]","['description', 'description', 'title_description']"
根号负12等于多少,['5601'],[],merged,1,0,[],,['51044'],[0.5717511177062988],['description']
根号负12等于多少,['5601'],[],merged,3,0,[],,"['51044', '51323', '51388']","[0.5717511177062988, 0.39458563923835754, 0.3773574233055115]","['description', 'title_description', 'description']"
记算器在线,['5601'],[],merged,1,0,[],,['51044'],[0.8115843534469604],['title_description']
记算器在线,['5601'],[],merged,3,1,['5601'],3.0,"['51044', '51323', '5601']","[0.8115843534469604, 0.5603758692741394, 0.5596548914909363]","['title_description', 'description', 'title_description']"
镅-241,['5601'],[],merged,1,0,[],,['51044'],[0.4426681399345398],['title_description']
镅-241,['5601'],[],merged,3,0,[],,"['51044', '60977', '85']","[0.4426681399345398, 0.4161571264266968, 0.40684035420417786]","['title_description', 'title_description', 'title_description']"
(-2)-(-3)等于多少,['5601'],[],title_description,1,0,[],,['51044'],[0.5358098745346069],['title_description']
(-2)-(-3)等于多少,['5601'],[],title_description,3,0,[],,"['51044', '51323', '51388']","[0.5358098745346069, 0.43589332699775696, 0.41579973697662354]","['title_description', 'title_description', 'title_description']"
(-2.5) 2  1/3=,['5601'],[],title_description,1,0,[],,['51044'],[0.5110870599746704],['title_description']
(-2.5) 2  1/3=,['5601'],[],title_description,3,0,[],,"['51044', '60977', '51388']","[0.5110870599746704, 0.3679508566856384, 0.36417216062545776]","['title_description', 'title_description', 'title_description']"
-1 3=,['5601'],[],title_description,1,0,[],,['51044'],[0.5842636227607727],['title_description']
-1 3=,['5601'],[],title_description,3,0,[],,"['51044', '60977', '61111']","[0.5842636227607727, 0.47690340876579285, 0.45417141914367676]","['title_description', 'title_description', 'title_description']"
-4加-4等于多少,['5601'],[],title_description,1,0,[],,['51044'],[0.5448735952377319],['title_description']
-4加-4等于多少,['5601'],[],title_description,3,0,[],,"['51044', '51323', '51388']","[0.5448735952377319, 0.46699249744415283, 0.4283164143562317]","['title_description', 'title_description', 'title_description']"
-5乘-25/7加-12加,['5601'],[],title_description,1,0,[],,['51044'],[0.4468732476234436],['title_description']
-5乘-25/7加-12加,['5601'],[],title_description,3,0,[],,"['51044', '51323', '52524']","[0.4468732476234436, 0.40103277564048767, 0.36461275815963745]","['title_description', 'title_description', 'title_description']"
-5减-3等于多少,['5601'],[],title_description,1,0,[],,['51044'],[0.5166687369346619],['title_description']
-5减-3等于多少,['5601'],[],title_description,3,1,['5601'],3.0,"['51044', '51388', '5601']","[0.5166687369346619, 0.4274253845214844, 0.4121258854866028]","['title_description', 'title_description', 'title_description']"
0.7569开方,['5601'],[],title_description,1,0,[],,['51044'],[0.6239267587661743],['title_description']
0.7569开方,['5601'],[],title_description,3,0,[],,"['51044', '51388', '61111']","[0.6239267587661743, 0.42460983991622925, 0.4190124273300171]","['title_description', 'title_description', 'title_description']"
0.8÷16的竖式计算,['5601'],[],title_description,1,0,[],,['51044'],[0.5194724798202515],['title_description']
0.8÷16的竖式计算,['5601'],[],title_description,3,0,[],,"['51044', '51323', '51382']","[0.5194724798202515, 0.38032543659210205, 0.37710320949554443]","['title_description', 'title_description', 'title_description']"
0.99÷1.8,['5601'],[],title_description,1,0,[],,['51044'],[0.5472239851951599],['title_description']
0.99÷1.8,['5601'],[],title_description,3,0,[],,"['51044', '60977', '47190']","[0.5472239851951599, 0.41177237033843994, 0.39479613304138184]","['title_description', 'title_description', 'title_description']"
1.05的5次方等于多少,['5601'],[],title_description,1,0,[],,['51044'],[0.6363692879676819],['title_description']
1.05的5次方等于多少,['5601'],[],title_description,3,0,[],,"['51044', '51388', '61111']","[0.6363692879676819, 0.4649544060230255, 0.444266140460968]","['title_description', 'title_description', 'title_description']"
1.15的四次方,['5601'],[],title_description,1,0,[],,['51044'],[0.6231766939163208],['title_description']
1.15的四次方,['5601'],[],title_description,3,0,[],,"['51044', '51323', '51388']","[0.6231766939163208, 0.47898221015930176, 0.4738709330558777]","['title_description', 'title_description', 'title_description']"
1.26÷0.03的竖式计算,['5601'],[],title_description,1,0,[],,['51044'],[0.5036709308624268],['title_description']
1.26÷0.03的竖式计算,['5601'],[],title_description,3,0,[],,"['51044', '51323', '60977']","[0.5036709308624268, 0.3848502039909363, 0.3667064905166626]","['title_description', 'title_description', 'title_description']"
1.3的36次方等于多少,['5601'],[],title_description,1,0,[],,['51044'],[0.5978747606277466],['title_description']
1.3的36次方等于多少,['5601'],[],title_description,3,0,[],,"['51044', '51323', '51386']","[0.5978747606277466, 0.43312638998031616, 0.42484182119369507]","['title_description', 'title_description', 'title_description']"
1.575加1.6,['5601'],[],title_description,1,0,[],,['51044'],[0.520753026008606],['title_description']
1.575加1.6,['5601'],[],title_description,3,0,[],,"['51044', '61800', '51590']","[0.520753026008606, 0.42145204544067383, 0.416407972574234]","['title_description', 'title_description', 'title_description']"
1/2加1/4加1/8,['5601'],[],title_description,1,0,[],,['51044'],[0.5072212815284729],['title_description']
1/2加1/4加1/8,['5601'],[],title_description,3,0,[],,"['51044', '51323', '51382']","[0.5072212815284729, 0.47837814688682556, 0.438476026058197]","['title_description', 'title_description', 'title_description']"
100 50,['5601'],[],title_description,1,0,[],,['51044'],[0.5322708487510681],['title_description']
100 50,['5601'],[],title_description,3,0,[],,"['51044', '60977', '51388']","[0.5322708487510681, 0.47720932960510254, 0.4637841582298279]","['title_description', 'title_description', 'title_description']"
"1000-243的,竖式计算",['5601'],[],title_description,1,0,[],,['51044'],[0.49883830547332764],['title_description']
"1000-243的,竖式计算",['5601'],[],title_description,3,0,[],,"['51044', '51323', '51382']","[0.49883830547332764, 0.44860124588012695, 0.3799149990081787]","['title_description', 'title_description', 'title_description']"
1000除以13等于多少,['5601'],[],title_description,1,0,[],,['51044'],[0.523979127407074],['title_description']
1000除以13等于多少,['5601'],[],title_description,3,1,['5601'],3.0,"['51044', '51323', '5601']","[0.523979127407074, 0.4246930480003357, 0.40904396772384644]","['title_description', 'title_description', 'title_description']"
1052÷7,['5601'],[],title_description,1,0,[],,['51044'],[0.5867751836776733],['title_description']
1052÷7,['5601'],[],title_description,3,1,['5601'],3.0,"['51044', '61111', '5601']","[0.5867751836776733, 0.48300352692604065, 0.4725421369075775]","['title_description', 'title_description', 'title_description']"
10万乘以10万是多少,['5601'],[],title_description,1,0,[],,['51044'],[0.6114721894264221],['title_description']
10万乘以10万是多少,['5601'],[],title_description,3,0,[],,"['51044', '51323', '51388']","[0.6114721894264221, 0.48544129729270935, 0.4810009002685547]","['title_description', 'title_description', 'title_description']"
115÷23%,['5601'],[],title_description,1,0,[],,['51044'],[0.5977118611335754],['title_description']
115÷23%,['5601'],[],title_description,3,1,['5601'],2.0,"['51044', '5601', '61111']","[0.5977118611335754, 0.46758896112442017, 0.4642157256603241]","['title_description', 'title_description', 'title_description']"
1194÷6,['5601'],[],title_description,1,0,[],,['51044'],[0.5675911903381348],['title_description']
1194÷6,['5601'],[],title_description,3,0,[],,"['51044', '51323', '51388']","[0.5675911903381348, 0.4364803731441498, 0.42955130338668823]","['title_description', 'title_description', 'title_description']"
120 120,['5601'],[],title_description,1,0,[],,['51044'],[0.5477295517921448],['title_description']
120 120,['5601'],[],title_description,3,0,[],,"['51044', '60977', '47190']","[0.5477295517921448, 0.5020726919174194, 0.4895041584968567]","['title_description', 'title_description', 'title_description']"
129乘34,['5601'],[],title_description,1,0,[],,['51044'],[0.4198110103607178],['title_description']
129乘34,['5601'],[],title_description,3,0,[],,"['51044', '51323', '50161']","[0.4198110103607178, 0.3865298628807068, 0.35075658559799194]","['title_description', 'title_description', 'title_description']"
12x12=多少,['5601'],[],title_description,1,0,[],,['51044'],[0.5783339738845825],['title_description']
12x12=多少,['5601'],[],title_description,3,0,[],,"['51044', '51323', '51387']","[0.5783339738845825, 0.4803367853164673, 0.45004338026046753]","['title_description', 'title_description', 'title_description']"
13的三次方是多少,['5601'],[],title_description,1,0,[],,['51044'],[0.5609256029129028],['title_description']
13的三次方是多少,['5601'],[],title_description,3,1,['5601'],3.0,"['51044', '61111', '5601']","[0.5609256029129028, 0.4322277307510376, 0.42861348390579224]","['title_description', 'title_description', 'title_description']"
14950 2030=,['5601'],[],title_description,1,0,[],,['51044'],[0.5487308502197266],['title_description']
14950 2030=,['5601'],[],title_description,3,1,['5601'],3.0,"['51044', '61111', '5601']","[0.5487308502197266, 0.4836586117744446, 0.46836692094802856]","['title_description', 'title_description', 'title_description']"
150÷100等于几,['5601'],[],title_description,1,0,[],,['51044'],[0.542671263217926],['title_description']
150÷100等于几,['5601'],[],title_description,3,0,[],,"['51044', '60977', '5293']","[0.542671263217926, 0.41809022426605225, 0.4032018780708313]","['title_description', 'title_description', 'title_description']"
"159÷94,列竖式计算",['5601'],[],title_description,1,0,[],,['51044'],[0.5122986435890198],['title_description']
"159÷94,列竖式计算",['5601'],[],title_description,3,0,[],,"['51044', '51323', '51382']","[0.5122986435890198, 0.39915594458580017, 0.36961865425109863]","['title_description', 'title_description', 'title_description']"
15x216,['5601'],[],title_description,1,0,[],,['51044'],[0.5433916449546814],['title_description']
15x216,['5601'],[],title_description,3,0,[],,"['51044', '60977', '60868']","[0.5433916449546814, 0.5153204202651978, 0.5000736713409424]","['title_description', 'title_description', 'title_description']"
15÷10,['5601'],[],title_description,1,0,[],,['51044'],[0.569532573223114],['title_description']
15÷10,['5601'],[],title_description,3,0,[],,"['51044', '60977', '51388']","[0.569532573223114, 0.4397100508213043, 0.4319549798965454]","['title_description', 'title_description', 'title_description']"
15÷35等于多少,['5601'],[],title_description,1,0,[],,['51044'],[0.546189546585083],['title_description']
15÷35等于多少,['5601'],[],title_description,3,0,[],,"['51044', '51388', '61111']","[0.546189546585083, 0.42366254329681396, 0.4220927357673645]","['title_description', 'title_description', 'title_description']"
17 1,['5601'],[],title_description,1,0,[],,['51044'],[0.5151333808898926],['title_description']
17 1,['5601'],[],title_description,3,0,[],,"['51044', '51388', '23']","[0.5151333808898926, 0.4937598705291748, 0.48940712213516235]","['title_description', 'title_description', 'title_description']"
19 9=,['5601'],[],title_description,1,0,[],,['51044'],[0.5648706555366516],['title_description']
19 9=,['5601'],[],title_description,3,0,[],,"['51044', '51388', '61111']","[0.5648706555366516, 0.5036507248878479, 0.49925899505615234]","['title_description', 'title_description', 'title_description']"
1亿×1亿等于多少,['5601'],[],title_description,1,0,[],,['51044'],[0.5930386781692505],['title_description']
1亿×1亿等于多少,['5601'],[],title_description,3,0,[],,"['51044', '51323', '60977']","[0.5930386781692505, 0.47570493817329407, 0.4642767310142517]","['title_description', 'title_description', 'title_description']"
2/3×1/3等于多少,['5601'],[],title_description,1,0,[],,['51044'],[0.5373138189315796],['title_description']
2/3×1/3等于多少,['5601'],[],title_description,3,0,[],,"['51044', '60977', '51323']","[0.5373138189315796, 0.41585439443588257, 0.4125306308269501]","['title_description', 'title_description', 'title_description']"
200-5.5,['5601'],[],title_description,1,0,[],,['60977'],[0.522361159324646],['title_description']
200-5.5,['5601'],[],title_description,3,0,[],,"['60977', '50760', '51044']","[0.522361159324646, 0.5118250846862793, 0.5082739591598511]","['title_description', 'title_description', 'title_description']"
2026-1995,['5601'],[],title_description,1,0,[],,['51323'],[0.4826121926307678],['title_description']
2026-1995,['5601'],[],title_description,3,0,[],,"['51323', '51044', '60868']","[0.4826121926307678, 0.47903871536254883, 0.4762454628944397]","['title_description', 'title_description', 'title_description']"
20×40等于多少,['5601'],[],title_description,1,0,[],,['51044'],[0.5989004969596863],['title_description']
20×40等于多少,['5601'],[],title_description,3,0,[],,"['51044', '51323', '61111']","[0.5989004969596863, 0.5110372304916382, 0.4773130416870117]","['title_description', 'title_description', 'title_description']"
20×74等于多少,['5601'],[],title_description,1,0,[],,['51044'],[0.5968838334083557],['title_description']
20×74等于多少,['5601'],[],title_description,3,0,[],,"['51044', '51323', '51382']","[0.5968838334083557, 0.5043833255767822, 0.47362250089645386]","['title_description', 'title_description', 'title_description']"
20的平方等于多少,['5601'],[],title_description,1,0,[],,['51044'],[0.5741422772407532],['title_description']
20的平方等于多少,['5601'],[],title_description,3,0,[],,"['51044', '51323', '51388']","[0.5741422772407532, 0.46608492732048035, 0.4294501841068268]","['title_description', 'title_description', 'title_description']"
240÷4,['5601'],[],title_description,1,0,[],,['51044'],[0.5613585710525513],['title_description']
240÷4,['5601'],[],title_description,3,0,[],,"['51044', '51323', '51388']","[0.5613585710525513, 0.4700695276260376, 0.44906190037727356]","['title_description', 'title_description', 'title_description']"
24×30,['5601'],[],title_description,1,0,[],,['51044'],[0.5901923179626465],['title_description']
24×30,['5601'],[],title_description,3,0,[],,"['51044', '60977', '51323']","[0.5901923179626465, 0.5480101108551025, 0.5091159343719482]","['title_description', 'title_description', 'title_description']"
2563÷9901,['5601'],[],title_description,1,0,[],,['51044'],[0.6276878714561462],['title_description']
2563÷9901,['5601'],[],title_description,3,0,[],,"['51044', '51323', '51388']","[0.6276878714561462, 0.47027379274368286, 0.45421910285949707]","['title_description', 'title_description', 'title_description']"
25×45的竖式计算,['5601'],[],title_description,1,0,[],,['51044'],[0.5168193578720093],['title_description']
25×45的竖式计算,['5601'],[],title_description,3,0,[],,"['51044', '51323', '51382']","[0.5168193578720093, 0.43377894163131714, 0.39404410123825073]","['title_description', 'title_description', 'title_description']"
260705-567457902231311,['5601'],[],title_description,1,0,[],,['60977'],[0.5254770517349243],['title_description']
260705-567457902231311,['5601'],[],title_description,3,0,[],,"['60977', '51044', '61111']","[0.5254770517349243, 0.5184532403945923, 0.5098242163658142]","['title_description', 'title_description', 'title_description']"
2的-2次方是多少,['5601'],[],title_description,1,0,[],,['51044'],[0.5916067361831665],['title_description']
2的-2次方是多少,['5601'],[],title_description,3,0,[],,"['51044', '51323', '51386']","[0.5916067361831665, 0.466156542301178, 0.43788546323776245]","['title_description', 'title_description', 'title_description']"
3 0,['5601'],[],title_description,1,0,[],,['51044'],[0.5267312526702881],['title_description']
3 0,['5601'],[],title_description,3,0,[],,"['51044', '60977', '85']","[0.5267312526702881, 0.4986305832862854, 0.4749050736427307]","['title_description', 'title_description', 'title_description']"
3 x=1,['5601'],[],title_description,1,0,[],,['51044'],[0.5249675512313843],['title_description']
3 x=1,['5601'],[],title_description,3,0,[],,"['51044', '60977', '4526']","[0.5249675512313843, 0.4196373522281647, 0.41664785146713257]","['title_description', 'title_description', 'title_description']"
3.24÷1.8等于多少,['5601'],[],title_description,1,0,[],,['51044'],[0.5474838018417358],['title_description']
3.24÷1.8等于多少,['5601'],[],title_description,3,0,[],,"['51044', '50161', '51323']","[0.5474838018417358, 0.4550110101699829, 0.43865442276000977]","['title_description', 'title_description', 'title_description']"
3.9-6,['5601'],[],title_description,1,0,[],,['51044'],[0.5126142501831055],['title_description']
3.9-6,['5601'],[],title_description,3,0,[],,"['51044', '60977', '47266']","[0.5126142501831055, 0.5045871138572693, 0.46945920586586]","['title_description', 'title_description', 'title_description']"
30 7等于多少,['5601'],[],title_description,1,0,[],,['51044'],[0.48132556676864624],['title_description']
30 7等于多少,['5601'],[],title_description,3,1,['5601'],3.0,"['51044', '61111', '5601']","[0.48132556676864624, 0.41630685329437256, 0.4147875905036926]","['title_description', 'title_description', 'title_description']"
30-24÷6等于几,['5601'],[],title_description,1,0,[],,['51044'],[0.4768107533454895],['title_description']
30-24÷6等于几,['5601'],[],title_description,3,0,[],,"['51044', '51323', '50161']","[0.4768107533454895, 0.43199422955513, 0.4004761278629303]","['title_description', 'title_description', 'title_description']"
300÷25,['5601'],[],title_description,1,0,[],,['51044'],[0.5769623517990112],['title_description']
300÷25,['5601'],[],title_description,3,0,[],,"['51044', '51388', '51323']","[0.5769623517990112, 0.46005740761756897, 0.4569278955459595]","['title_description', 'title_description', 'title_description']"
33÷4,['5601'],[],title_description,1,0,[],,['51044'],[0.5774454474449158],['title_description']
33÷4,['5601'],[],title_description,3,0,[],,"['51044', '51323', '51388']","[0.5774454474449158, 0.4576088786125183, 0.4515002369880676]","['title_description', 'title_description', 'title_description']"
347 358,['5601'],[],title_description,1,0,[],,['60868'],[0.4913077652454376],['title_description']
347 358,['5601'],[],title_description,3,0,[],,"['60868', '61111', '47266']","[0.4913077652454376, 0.4901084005832672, 0.4895371198654175]","['title_description', 'title_description', 'title_description']"
34的平方根,['5601'],[],title_description,1,0,[],,['51044'],[0.5894099473953247],['title_description']
34的平方根,['5601'],[],title_description,3,0,[],,"['51044', '51388', '51323']","[0.5894099473953247, 0.44902464747428894, 0.4385421872138977]","['title_description', 'title_description', 'title_description']"
35x5,['5601'],[],title_description,1,0,[],,['51044'],[0.537790834903717],['title_description']
35x5,['5601'],[],title_description,3,0,[],,"['51044', '51388', '60977']","[0.537790834903717, 0.48184484243392944, 0.4775444567203522]","['title_description', 'title_description', 'title_description']"
36-28等于多少?,['5601'],[],title_description,1,0,[],,['51044'],[0.4383432865142822],['title_description']
36-28等于多少?,['5601'],[],title_description,3,1,['5601'],3.0,"['51044', '51323', '5601']","[0.4383432865142822, 0.4069092273712158, 0.40633875131607056]","['title_description', 'title_description', 'title_description']"
365x15的竖式计算怎么写,['5601'],[],title_description,1,0,[],,['51044'],[0.5668996572494507],['title_description']
365x15的竖式计算怎么写,['5601'],[],title_description,3,1,['5601'],3.0,"['51044', '51323', '5601']","[0.5668996572494507, 0.4758259654045105, 0.4667587876319885]","['title_description', 'title_description', 'title_description']"
37x65,['5601'],[],title_description,1,0,[],,['51044'],[0.5251071453094482],['title_description']
37x65,['5601'],[],title_description,3,0,[],,"['51044', '60977', '61111']","[0.5251071453094482, 0.5133563280105591, 0.4604265093803406]","['title_description', 'title_description', 'title_description']"
3989万 7274万,['5601'],[],title_description,1,0,[],,['50161'],[0.4709324240684509],['title_description']
3989万 7274万,['5601'],[],title_description,3,0,[],,"['50161', '50926', '50159']","[0.4709324240684509, 0.45564669370651245, 0.45120301842689514]","['title_description', 'title_description', 'title_description']"
3根号0.1,['5601'],[],title_description,1,0,[],,['51044'],[0.5464668869972229],['title_description']
3根号0.1,['5601'],[],title_description,3,0,[],,"['51044', '51382', '51386']","[0.5464668869972229, 0.37595367431640625, 0.37106385827064514]","['title_description', 'title_description', 'title_description']"
3的立方根,['5601'],[],title_description,1,0,[],,['51044'],[0.5515660047531128],['title_description']
3的立方根,['5601'],[],title_description,3,0,[],,"['51044', '51388', '51386']","[0.5515660047531128, 0.41602736711502075, 0.4024503827095032]","['title_description', 'title_description', 'title_description']"
3的负1次方,['5601'],[],title_description,1,0,[],,['51044'],[0.6206656694412231],['title_description']
3的负1次方,['5601'],[],title_description,3,0,[],,"['51044', '51388', '51386']","[0.6206656694412231, 0.4656585156917572, 0.44885802268981934]","['title_description', 'title_description', 'title_description']"
3除3等于多少,['5601'],[],title_description,1,0,[],,['51044'],[0.5448060035705566],['title_description']
3除3等于多少,['5601'],[],title_description,3,0,[],,"['51044', '51388', '51382']","[0.5448060035705566, 0.42886531352996826, 0.4229374825954437]","['title_description', 'title_description', 'title_description']"
4.95÷90列竖式计算,['5601'],[],title_description,1,0,[],,['51044'],[0.5099407434463501],['title_description']
4.95÷90列竖式计算,['5601'],[],title_description,3,0,[],,"['51044', '50161', '51323']","[0.5099407434463501, 0.39952099323272705, 0.38802841305732727]","['title_description', 'title_description', 'title_description']"
400-855-6879,['5601'],[],title_description,1,0,[],,['5012'],[0.5350546836853027],['title_description']
400-855-6879,['5601'],[],title_description,3,0,[],,"['5012', '47272', '47198']","[0.5350546836853027, 0.5336501002311707, 0.5210644602775574]","['title_description', 'title_description', 'title_description']"
4000的20%是多少,['5601'],[],title_description,1,0,[],,['51044'],[0.6019648313522339],['title_description']
4000的20%是多少,['5601'],[],title_description,3,0,[],,"['51044', '50760', '51323']","[0.6019648313522339, 0.476192831993103, 0.47504907846450806]","['title_description', 'title_description', 'title_description']"
44.8x1.1,['5601'],[],title_description,1,0,[],,['60977'],[0.4916601777076721],['title_description']
44.8x1.1,['5601'],[],title_description,3,0,[],,"['60977', '47190', '51044']","[0.4916601777076721, 0.4884934425354004, 0.4761958420276642]","['title_description', 'title_description', 'title_description']"
452除以5的竖式怎么列,['5601'],[],title_description,1,0,[],,['51044'],[0.4794047474861145],['title_description']
452除以5的竖式怎么列,['5601'],[],title_description,3,0,[],,"['51044', '51323', '51382']","[0.4794047474861145, 0.42959821224212646, 0.41661012172698975]","['title_description', 'title_description', 'title_description']"
453除以203,['5601'],[],title_description,1,0,[],,['51044'],[0.48917722702026367],['title_description']
453除以203,['5601'],[],title_description,3,0,[],,"['51044', '51323', '61111']","[0.48917722702026367, 0.43280601501464844, 0.3957767188549042]","['title_description', 'title_description', 'title_description']"
4减负6等于多少,['5601'],[],title_description,1,0,[],,['51044'],[0.5071102380752563],['title_description']
4减负6等于多少,['5601'],[],title_description,3,0,[],,"['51044', '51323', '51388']","[0.5071102380752563, 0.4283698797225952, 0.42037075757980347]","['title_description', 'title_description', 'title_description']"
5.57×0.25等于多少,['5601'],[],title_description,1,0,[],,['51044'],[0.6333746910095215],['title_description']
5.57×0.25等于多少,['5601'],[],title_description,3,0,[],,"['51044', '51388', '51323']","[0.6333746910095215, 0.4828280806541443, 0.47332659363746643]","['title_description', 'title_description', 'title_description']"
5000÷30等于多少,['5601'],[],title_description,1,0,[],,['51044'],[0.5557183623313904],['title_description']
5000÷30等于多少,['5601'],[],title_description,3,0,[],,"['51044', '50161', '61111']","[0.5557183623313904, 0.4487968683242798, 0.4350082576274872]","['title_description', 'title_description', 'title_description']"
500×9,['5601'],[],title_description,1,0,[],,['51044'],[0.5900458097457886],['title_description']
500×9,['5601'],[],title_description,3,0,[],,"['51044', '51388', '60977']","[0.5900458097457886, 0.48699820041656494, 0.47996121644973755]","['title_description', 'title_description', 'title_description']"
507÷5的竖式怎么列,['5601'],[],title_description,1,0,[],,['51044'],[0.49113643169403076],['title_description']
507÷5的竖式怎么列,['5601'],[],title_description,3,0,[],,"['51044', '51382', '51388']","[0.49113643169403076, 0.45030030608177185, 0.4341365396976471]","['title_description', 'title_description', 'title_description']"
53/1.73×1.73,['5601'],[],title_description,1,0,[],,['51044'],[0.5513488054275513],['title_description']
53/1.73×1.73,['5601'],[],title_description,3,0,[],,"['51044', '60977', '47242']","[0.5513488054275513, 0.4336177408695221, 0.4287194609642029]","['title_description', 'title_description', 'title_description']"
54乘1/20,['5601'],[],title_description,1,0,[],,['51044'],[0.5289621353149414],['title_description']
54乘1/20,['5601'],[],title_description,3,0,[],,"['51044', '51323', '50161']","[0.5289621353149414, 0.4515560567378998, 0.41894638538360596]","['title_description', 'title_description', 'title_description']"
55038-2025,['5601'],[],title_description,1,0,[],,['60977'],[0.507706880569458],['title_description']
55038-2025,['5601'],[],title_description,3,0,[],,"['60977', '47242', '51044']","[0.507706880569458, 0.5072450041770935, 0.5051974058151245]","['title_description', 'title_description', 'title_description']"
578的平方根是多少,['5601'],[],title_description,1,0,[],,['51044'],[0.5686150789260864],['title_description']
578的平方根是多少,['5601'],[],title_description,3,0,[],,"['51044', '51388', '51381']","[0.5686150789260864, 0.4175313413143158, 0.39764729142189026]","['title_description', 'title_description', 'title_description']"
57加21加,['5601'],[],title_description,1,0,[],,['51044'],[0.5456287860870361],['title_description']
57加21加,['5601'],[],title_description,3,1,['5601'],2.0,"['51044', '5601', '61111']","[0.5456287860870361, 0.4992017149925232, 0.4958719313144684]","['title_description', 'title_description', 'title_description']"
5800-58等于几,['5601'],[],title_description,1,0,[],,['51044'],[0.5563493371009827],['title_description']
5800-58等于几,['5601'],[],title_description,3,1,['5601'],2.0,"['51044', '5601', '61111']","[0.5563493371009827, 0.4301835596561432, 0.4299726188182831]","['title_description', 'title_description', 'title_description']"
5^2 12^2,['5601'],[],title_description,1,0,[],,['51044'],[0.5049973726272583],['title_description']
5^2 12^2,['5601'],[],title_description,3,0,[],,"['51044', '51388', '51323']","[0.5049973726272583, 0.4082053303718567, 0.395954430103302]","['title_description', 'title_description', 'title_description']"
6.342÷2.1=5.9÷0.4=2.592除以3.6=4.448÷1.6等于,['5601'],[],title_description,1,0,[],,['51044'],[0.4869467616081238],['title_description']
6.342÷2.1=5.9÷0.4=2.592除以3.6=4.448÷1.6等于,['5601'],[],title_description,3,0,[],,"['51044', '51323', '50161']","[0.4869467616081238, 0.4029800295829773, 0.39256736636161804]","['title_description', 'title_description', 'title_description']"
6/5除以5/4,['5601'],[],title_description,1,0,[],,['51044'],[0.5032657384872437],['title_description']
6/5除以5/4,['5601'],[],title_description,3,0,[],,"['51044', '51388', '51323']","[0.5032657384872437, 0.4287598431110382, 0.4263964593410492]","['title_description', 'title_description', 'title_description']"
60÷15的竖式计算,['5601'],[],title_description,1,0,[],,['51044'],[0.5043419599533081],['title_description']
60÷15的竖式计算,['5601'],[],title_description,3,0,[],,"['51044', '51382', '51323']","[0.5043419599533081, 0.36330246925354004, 0.3515785336494446]","['title_description', 'title_description', 'title_description']"
60÷2等于多少,['5601'],[],title_description,1,0,[],,['51044'],[0.5107455253601074],['title_description']
60÷2等于多少,['5601'],[],title_description,3,0,[],,"['51044', '51323', '60977']","[0.5107455253601074, 0.4142113924026489, 0.3953085243701935]","['title_description', 'title_description', 'title_description']"
62.4➗26,['5601'],[],title_description,1,0,[],,['51044'],[0.5421280264854431],['title_description']
62.4➗26,['5601'],[],title_description,3,0,[],,"['51044', '51323', '51388']","[0.5421280264854431, 0.4339052736759186, 0.4235323667526245]","['title_description', 'title_description', 'title_description']"
63 8,['5601'],[],title_description,1,0,[],,['47190'],[0.5337343215942383],['title_description']
63 8,['5601'],[],title_description,3,0,[],,"['47190', '51044', '60977']","[0.5337343215942383, 0.5291650295257568, 0.5290563106536865]","['title_description', 'title_description', 'title_description']"
64x27,['5601'],[],title_description,1,0,[],,['60977'],[0.5164890885353088],['title_description']
64x27,['5601'],[],title_description,3,0,[],,"['60977', '51044', '51275']","[0.5164890885353088, 0.5090373754501343, 0.479330837726593]","['title_description', 'title_description', 'title_description']"
660÷60,['5601'],[],title_description,1,0,[],,['51044'],[0.5618589520454407],['title_description']
660÷60,['5601'],[],title_description,3,0,[],,"['51044', '47190', '47266']","[0.5618589520454407, 0.5063226222991943, 0.4628746509552002]","['title_description', 'title_description', 'title_description']"
67×48=,['5601'],[],title_description,1,0,[],,['51044'],[0.5856949687004089],['title_description']
67×48=,['5601'],[],title_description,3,0,[],,"['51044', '60977', '51323']","[0.5856949687004089, 0.46070045232772827, 0.4319111704826355]","['title_description', 'title_description', 'title_description']"
6×9等于多少,['5601'],[],title_description,1,0,[],,['51044'],[0.5299030542373657],['title_description']
6×9等于多少,['5601'],[],title_description,3,0,[],,"['51044', '51388', '51382']","[0.5299030542373657, 0.4525187015533447, 0.4434385597705841]","['title_description', 'title_description', 'title_description']"
6÷5,['5601'],[],title_description,1,0,[],,['51044'],[0.5687000751495361],['title_description']
6÷5,['5601'],[],title_description,3,0,[],,"['51044', '51388', '51381']","[0.5687000751495361, 0.4876698851585388, 0.44860783219337463]","['title_description', 'title_description', 'title_description']"
6的一倍是几,['5601'],[],title_description,1,0,[],,['51044'],[0.5193209052085876],['title_description']
6的一倍是几,['5601'],[],title_description,3,0,[],,"['51044', '51323', '51382']","[0.5193209052085876, 0.45565474033355713, 0.4549756646156311]","['title_description', 'title_description', 'title_description']"
6除6等于多少,['5601'],[],title_description,1,0,[],,['51044'],[0.5593740940093994],['title_description']
6除6等于多少,['5601'],[],title_description,3,0,[],,"['51044', '51388', '51382']","[0.5593740940093994, 0.4465554356575012, 0.43706396222114563]","['title_description', 'title_description', 'title_description']"
70÷9等于多少,['5601'],[],title_description,1,0,[],,['51044'],[0.5230415463447571],['title_description']
70÷9等于多少,['5601'],[],title_description,3,0,[],,"['51044', '51323', '61111']","[0.5230415463447571, 0.4231535792350769, 0.41889625787734985]","['title_description', 'title_description', 'title_description']"
728÷28的竖式计算,['5601'],[],title_description,1,0,[],,['51044'],[0.4803169369697571],['title_description']
728÷28的竖式计算,['5601'],[],title_description,3,0,[],,"['51044', '51323', '50159']","[0.4803169369697571, 0.38844388723373413, 0.3663458228111267]","['title_description', 'title_description', 'title_description']"
72÷8×6等于几,['5601'],[],title_description,1,0,[],,['51044'],[0.48435524106025696],['title_description']
72÷8×6等于几,['5601'],[],title_description,3,0,[],,"['51044', '51323', '51382']","[0.48435524106025696, 0.38595497608184814, 0.3754381537437439]","['title_description', 'title_description', 'title_description']"
72乘64,['5601'],[],title_description,1,0,[],,['51044'],[0.4592655897140503],['title_description']
72乘64,['5601'],[],title_description,3,0,[],,"['51044', '51323', '51382']","[0.4592655897140503, 0.39833539724349976, 0.3522900640964508]","['title_description', 'title_description', 'title_description']"
75-25 10等于几,['5601'],[],title_description,1,0,[],,['51044'],[0.4892393946647644],['title_description']
75-25 10等于几,['5601'],[],title_description,3,0,[],,"['51044', '51323', '51388']","[0.4892393946647644, 0.4126357138156891, 0.40715163946151733]","['title_description', 'title_description', 'title_description']"
78×32等于,['5601'],[],title_description,1,0,[],,['51044'],[0.500117301940918],['title_description']
78×32等于,['5601'],[],title_description,3,0,[],,"['51044', '51323', '51382']","[0.500117301940918, 0.3832382559776306, 0.3831879496574402]","['title_description', 'title_description', 'title_description']"
7×68等于多少,['5601'],[],title_description,1,0,[],,['51044'],[0.5387634038925171],['title_description']
7×68等于多少,['5601'],[],title_description,3,0,[],,"['51044', '51323', '60977']","[0.5387634038925171, 0.44389432668685913, 0.4340563416481018]","['title_description', 'title_description', 'title_description']"
81的4次方根是多少,['5601'],[],title_description,1,0,[],,['51044'],[0.5584807395935059],['title_description']
81的4次方根是多少,['5601'],[],title_description,3,0,[],,"['51044', '51323', '51388']","[0.5584807395935059, 0.44607457518577576, 0.4364253282546997]","['title_description', 'title_description', 'title_description']"
826÷4,['5601'],[],title_description,1,0,[],,['51044'],[0.5641840696334839],['title_description']
826÷4,['5601'],[],title_description,3,0,[],,"['51044', '51323', '51388']","[0.5641840696334839, 0.46815332770347595, 0.46464210748672485]","['title_description', 'title_description', 'title_description']"
83x335,['5601'],[],title_description,1,0,[],,['60977'],[0.5292624831199646],['title_description']
83x335,['5601'],[],title_description,3,0,[],,"['60977', '51044', '47242']","[0.5292624831199646, 0.508019208908081, 0.4748426675796509]","['title_description', 'title_description', 'title_description']"
83÷7,['5601'],[],title_description,1,0,[],,['51044'],[0.5385615825653076],['title_description']
83÷7,['5601'],[],title_description,3,0,[],,"['51044', '51388', '61111']","[0.5385615825653076, 0.45592308044433594, 0.4478033185005188]","['title_description', 'title_description', 'title_description']"
848÷8的竖式计算,['5601'],[],title_description,1,0,[],,['51044'],[0.4984033703804016],['title_description']
848÷8的竖式计算,['5601'],[],title_description,3,0,[],,"['51044', '51323', '51382']","[0.4984033703804016, 0.40218615531921387, 0.38490843772888184]","['title_description', 'title_description', 'title_description']"
85×18÷5,['5601'],[],title_description,1,0,[],,['51044'],[0.5862094163894653],['title_description']
85×18÷5,['5601'],[],title_description,3,0,[],,"['51044', '47266', '51388']","[0.5862094163894653, 0.4656222462654114, 0.4598861336708069]","['title_description', 'title_description', 'title_description']"
870÷20等于多少,['5601'],[],title_description,1,0,[],,['51044'],[0.5403836369514465],['title_description']
870÷20等于多少,['5601'],[],title_description,3,0,[],,"['51044', '51323', '50760']","[0.5403836369514465, 0.4314858913421631, 0.4034113585948944]","['title_description', 'title_description', 'title_description']"
88 66=多少,['5601'],[],title_description,1,0,[],,['51044'],[0.509621262550354],['title_description']
88 66=多少,['5601'],[],title_description,3,0,[],,"['51044', '51323', '47190']","[0.509621262550354, 0.40721815824508667, 0.3926329016685486]","['title_description', 'title_description', 'title_description']"
96ⅹ4.5,['5601'],[],title_description,1,0,[],,['51044'],[0.4728313982486725],['title_description']
96ⅹ4.5,['5601'],[],title_description,3,0,[],,"['51044', '60977', '47242']","[0.4728313982486725, 0.42172136902809143, 0.40225809812545776]","['title_description', 'title_description', 'title_description']"
96除以24的竖式计算,['5601'],[],title_description,1,0,[],,['51044'],[0.47401827573776245],['title_description']
96除以24的竖式计算,['5601'],[],title_description,3,0,[],,"['51044', '51323', '51382']","[0.47401827573776245, 0.4001339077949524, 0.34896838665008545]","['title_description', 'title_description', 'title_description']"
99 299-67 72=,['5601'],[],title_description,1,0,[],,['51044'],[0.5027395486831665],['title_description']
99 299-67 72=,['5601'],[],title_description,3,0,[],,"['51044', '60977', '61111']","[0.5027395486831665, 0.4517717957496643, 0.4419388771057129]","['title_description', 'title_description', 'title_description']"
999×274 6274,['5601'],[],title_description,1,0,[],,['51044'],[0.48872944712638855],['title_description']
999×274 6274,['5601'],[],title_description,3,0,[],,"['51044', '51323', '61111']","[0.48872944712638855, 0.44492051005363464, 0.43919092416763306]","['title_description', 'title_description', 'title_description']"
99×99等于多少,['5601'],[],title_description,1,0,[],,['51044'],[0.5767796039581299],['title_description']
99×99等于多少,['5601'],[],title_description,3,0,[],,"['51044', '51323', '51388']","[0.5767796039581299, 0.467752605676651, 0.448594331741333]","['title_description', 'title_description', 'title_description']"
cas 63-05-8,['5601'],[],title_description,1,0,[],,['60977'],[0.49826425313949585],['title_description']
cas 63-05-8,['5601'],[],title_description,3,0,[],,"['60977', '51044', '51388']","[0.49826425313949585, 0.4932200014591217, 0.44936227798461914]","['title_description', 'title_description', 'title_description']"
cos120°等于多少,['5601'],[],title_description,1,0,[],,['51044'],[0.5895137786865234],['title_description']
cos120°等于多少,['5601'],[],title_description,3,0,[],,"['51044', '51386', '51387']","[0.5895137786865234, 0.4225803017616272, 0.4191882312297821]","['title_description', 'title_description', 'title_description']"
e的负10.5049次方,['5601'],[],title_description,1,0,[],,['51044'],[0.6356991529464722],['title_description']
e的负10.5049次方,['5601'],[],title_description,3,0,[],,"['51044', '51388', '60977']","[0.6356991529464722, 0.43634647130966187, 0.41958096623420715]","['title_description', 'title_description', 'title_description']"
sin10.3度等于多少,['5601'],[],title_description,1,0,[],,['51044'],[0.6302975416183472],['title_description']
sin10.3度等于多少,['5601'],[],title_description,3,0,[],,"['51044', '51381', '51388']","[0.6302975416183472, 0.4573690891265869, 0.4559331238269806]","['title_description', 'title_description', 'title_description']"
两千分之六百×100%等于多少,['5601'],[],title_description,1,0,[],,['51044'],[0.5589770078659058],['title_description']
两千分之六百×100%等于多少,['5601'],[],title_description,3,0,[],,"['51044', '51323', '46671']","[0.5589770078659058, 0.44496962428092957, 0.4275311231613159]","['title_description', 'title_description', 'title_description']"
五万的30%是多少,['5601'],[],title_description,1,0,[],,['51044'],[0.6044447422027588],['title_description']
五万的30%是多少,['5601'],[],title_description,3,0,[],,"['51044', '61111', '60977']","[0.6044447422027588, 0.5044026374816895, 0.4797227680683136]","['title_description', 'title_description', 'title_description']"
五分之一加三分之一,['5601'],[],title_description,1,0,[],,['51044'],[0.48695555329322815],['title_description']
五分之一加三分之一,['5601'],[],title_description,3,0,[],,"['51044', '51323', '51382']","[0.48695555329322815, 0.42868298292160034, 0.42637765407562256]","['title_description', 'title_description', 'title_description']"
根号14,['5601'],[],title_description,1,0,[],,['51044'],[0.5494520664215088],['title_description']
根号14,['5601'],[],title_description,3,0,[],,"['51044', '51388', '51323']","[0.5494520664215088, 0.4027175307273865, 0.39764657616615295]","['title_description', 'title_description', 'title_description']"
根号2025等于几,['5601'],[],title_description,1,0,[],,['51044'],[0.5290344953536987],['title_description']
根号2025等于几,['5601'],[],title_description,3,0,[],,"['51044', '51323', '51388']","[0.5290344953536987, 0.4513019323348999, 0.4165637791156769]","['title_description', 'title_description', 'title_description']"
根号25等于多少,['5601'],[],title_description,1,0,[],,['51044'],[0.5207980871200562],['title_description']
根号25等于多少,['5601'],[],title_description,3,0,[],,"['51044', '51388', '51323']","[0.5207980871200562, 0.4423381984233856, 0.4129925072193146]","['title_description', 'title_description', 'title_description']"
根号50000等于多少,['5601'],[],title_description,1,0,[],,['51044'],[0.5191343426704407],['title_description']
根号50000等于多少,['5601'],[],title_description,3,0,[],,"['51044', '47242', '51388']","[0.5191343426704407, 0.38391804695129395, 0.3788397014141083]","['title_description', 'title_description', 'title_description']"
根号8等于多少,['5601'],[],title_description,1,0,[],,['51044'],[0.5184289813041687],['title_description']
根号8等于多少,['5601'],[],title_description,3,0,[],,"['51044', '51388', '51323']","[0.5184289813041687, 0.39153361320495605, 0.38338589668273926]","['title_description', 'title_description', 'title_description']"
根号等于多少,['5601'],[],title_description,1,0,[],,['51044'],[0.6162391901016235],['title_description']
根号等于多少,['5601'],[],title_description,3,0,[],,"['51044', '51388', '51381']","[0.6162391901016235, 0.49019813537597656, 0.4669864773750305]","['title_description', 'title_description', 'title_description']"
根号负12等于多少,['5601'],[],title_description,1,0,[],,['51044'],[0.5364125967025757],['title_description']
根号负12等于多少,['5601'],[],title_description,3,0,[],,"['51044', '51323', '51386']","[0.5364125967025757, 0.39458563923835754, 0.3772014081478119]","['title_description', 'title_description', 'title_description']"
记算器在线,['5601'],[],title_description,1,0,[],,['51044'],[0.8115843534469604],['title_description']
记算器在线,['5601'],[],title_description,3,1,['5601'],2.0,"['51044', '5601', '61111']","[0.8115843534469604, 0.5596548914909363, 0.5460259914398193]","['title_description', 'title_description', 'title_description']"
镅-241,['5601'],[],title_description,1,0,[],,['51044'],[0.4426681399345398],['title_description']
镅-241,['5601'],[],title_description,3,0,[],,"['51044', '60977', '85']","[0.4426681399345398, 0.4161571264266968, 0.40684035420417786]","['title_description', 'title_description', 'title_description']"
