query,gold_ids,missing_gold_ids,view,k,pass_at_k,hit_ids,first_hit_rank,recall_ids,recall_scores,recall_views
1.5匹空调哪款性价比最高,['46679'],[],description,1,0,[],,['5881'],[0.5150758624076843],['description']
1.5匹空调哪款性价比最高,['46679'],[],description,3,0,[],,"['5881', '60977', '5544']","[0.5150758624076843, 0.4921085238456726, 0.4502740502357483]","['description', 'description', 'description']"
1000元左右的手机有哪些,['46679'],[],description,1,0,[],,['60540'],[0.6437332034111023],['description']
1000元左右的手机有哪些,['46679'],[],description,3,0,[],,"['60540', '60338', '50760']","[0.6437332034111023, 0.5072059035301208, 0.5002166032791138]","['description', 'description', 'description']"
100元左右的白酒推荐,['46679'],[],description,1,0,[],,['61800'],[0.4264657199382782],['description']
100元左右的白酒推荐,['46679'],[],description,3,0,[],,"['61800', '50192', '50760']","[0.4264657199382782, 0.4210719168186188, 0.4200720191001892]","['description', 'description', 'description']"
10岁女孩十大最佳礼物,['46679'],[],description,1,0,[],,['5544'],[0.3553139567375183],['description']
10岁女孩十大最佳礼物,['46679'],[],description,3,0,[],,"['5544', '60977', '5671']","[0.3553139567375183, 0.3391251564025879, 0.3362528085708618]","['description', 'description', 'description']"
1500元左右的游戏手机,['46679'],[],description,1,0,[],,['60540'],[0.5200804471969604],['description']
1500元左右的游戏手机,['46679'],[],description,3,0,[],,"['60540', '60338', '60977']","[0.5200804471969604, 0.4055946469306946, 0.3697893023490906]","['description', 'description', 'description']"
2000元以内电竞手机推荐,['46679'],[],description,1,0,[],,['60540'],[0.5367939472198486],['description']
2000元以内电竞手机推荐,['46679'],[],description,3,0,[],,"['60540', '60977', '50760']","[0.5367939472198486, 0.4263111352920532, 0.41537874937057495]","['description', 'description', 'description']"
2000元左右的手机性价比高的推荐,['46679'],[],description,1,0,[],,['60540'],[0.6258586049079895],['description']
2000元左右的手机性价比高的推荐,['46679'],[],description,3,0,[],,"['60540', '50760', '60338']","[0.6258586049079895, 0.5139085650444031, 0.4805019497871399]","['description', 'description', 'description']"
2026手机推荐,['46679'],[],description,1,0,[],,['60540'],[0.5612210631370544],['description']
2026手机推荐,['46679'],[],description,3,0,[],,"['60540', '60977', '5601']","[0.5612210631370544, 0.4646609425544739, 0.4280036389827728]","['description', 'description', 'description']"
2k屏手机排行榜,['46679'],[],description,1,0,[],,['60540'],[0.5500625371932983],['description']
2k屏手机排行榜,['46679'],[],description,3,0,[],,"['60540', '60977', '50760']","[0.5500625371932983, 0.47279664874076843, 0.4674200713634491]","['description', 'description', 'description']"
3000左右的手机推荐,['46679'],[],description,1,0,[],,['60540'],[0.6058374643325806],['description']
3000左右的手机推荐,['46679'],[],description,3,0,[],,"['60540', '60338', '50760']","[0.6058374643325806, 0.4794289767742157, 0.4791937470436096]","['description', 'description', 'description']"
40岁可以用什么护肤品,['46679'],[],description,1,0,[],,['60977'],[0.5063990354537964],['description']
40岁可以用什么护肤品,['46679'],[],description,3,0,[],,"['60977', '5882', '60338']","[0.5063990354537964, 0.45943915843963623, 0.42197197675704956]","['description', 'description', 'description']"
oppo手机哪款最好,['46679'],[],description,1,0,[],,['60540'],[0.5447083711624146],['description']
oppo手机哪款最好,['46679'],[],description,3,0,[],,"['60540', '60977', '60338']","[0.5447083711624146, 0.5016512870788574, 0.4461851716041565]","['description', 'description', 'description']"
vivo哪款手机好,['46679'],[],description,1,0,[],,['60540'],[0.5422958135604858],['description']
vivo哪款手机好,['46679'],[],description,3,0,[],,"['60540', '60977', '5271']","[0.5422958135604858, 0.5340396761894226, 0.493174284696579]","['description', 'description', 'description']"
两千左右的手机哪款最好,['46679'],[],description,1,0,[],,['60540'],[0.5866182446479797],['description']
两千左右的手机哪款最好,['46679'],[],description,3,0,[],,"['60540', '50760', '60977']","[0.5866182446479797, 0.5391848087310791, 0.47897934913635254]","['description', 'description', 'description']"
乒乓球拍胶皮十大排名,['46679'],[],description,1,0,[],,['60977'],[0.39014601707458496],['description']
乒乓球拍胶皮十大排名,['46679'],[],description,3,0,[],,"['60977', '5544', '5882']","[0.39014601707458496, 0.36445939540863037, 0.36282867193222046]","['description', 'description', 'description']"
什么床垫最好排名第一,['46679'],[],description,1,0,[],,['5881'],[0.4671650230884552],['description']
什么床垫最好排名第一,['46679'],[],description,3,0,[],,"['5881', '60977', '60338']","[0.4671650230884552, 0.4373796582221985, 0.4311414361000061]","['description', 'description', 'description']"
什么手机像素最好,['46679'],[],description,1,0,[],,['60540'],[0.5877636671066284],['description']
什么手机像素最好,['46679'],[],description,3,0,[],,"['60540', '60338', '60977']","[0.5877636671066284, 0.4856247007846832, 0.4841115474700928]","['description', 'description', 'description']"
什么手机折叠屏最好,['46679'],[],description,1,0,[],,['60540'],[0.6008133292198181],['description']
什么手机折叠屏最好,['46679'],[],description,3,0,[],,"['60540', '60977', '60338']","[0.6008133292198181, 0.46856534481048584, 0.416999489068985]","['description', 'description', 'description']"
什么手机最好排行榜,['46679'],[],description,1,0,[],,['60540'],[0.6197280883789062],['description']
什么手机最好排行榜,['46679'],[],description,3,0,[],,"['60540', '60977', '50574']","[0.6197280883789062, 0.47649312019348145, 0.44861772656440735]","['description', 'description', 'description']"
什么木菜板最好,['46679'],[],description,1,0,[],,['60977'],[0.4122452139854431],['description']
什么木菜板最好,['46679'],[],description,3,0,[],,"['60977', '47272', '60338']","[0.4122452139854431, 0.3961407244205475, 0.3919178247451782]","['description', 'description', 'description']"
什么空调最省电又好用,['46679'],[],description,1,0,[],,['5881'],[0.5106227397918701],['description']
什么空调最省电又好用,['46679'],[],description,3,0,[],,"['5881', '60977', '5544']","[0.5106227397918701, 0.46261000633239746, 0.43688827753067017]","['description', 'description', 'description']"
佳能相机推荐,['46679'],[],description,1,0,[],,['60977'],[0.4681888520717621],['description']
佳能相机推荐,['46679'],[],description,3,0,[],,"['60977', '5881', '5544']","[0.4681888520717621, 0.4676828980445862, 0.45585864782333374]","['description', 'description', 'description']"
便宜像素高的手机,['46679'],[],description,1,0,[],,['60540'],[0.6061806678771973],['description']
便宜像素高的手机,['46679'],[],description,3,0,[],,"['60540', '60338', '60977']","[0.6061806678771973, 0.49565455317497253, 0.4516070485115051]","['description', 'description', 'description']"
儿童最好奶粉排行榜,['46679'],[],description,1,0,[],,['60977'],[0.42381155490875244],['description']
儿童最好奶粉排行榜,['46679'],[],description,3,0,[],,"['60977', '5881', '5882']","[0.42381155490875244, 0.41126519441604614, 0.4039081931114197]","['description', 'description', 'description']"
"冰箱排行榜,",['46679'],[],description,1,0,[],,['60977'],[0.5839323997497559],['description']
"冰箱排行榜,",['46679'],[],description,3,0,[],,"['60977', '5881', '5544']","[0.5839323997497559, 0.560082197189331, 0.49703913927078247]","['description', 'description', 'description']"
初中生用哪款学习机好,['46679'],[],description,1,0,[],,['60540'],[0.4361541271209717],['description']
初中生用哪款学习机好,['46679'],[],description,3,0,[],,"['60540', '60977', '5881']","[0.4361541271209717, 0.41858211159706116, 0.4085078239440918]","['description', 'description', 'description']"
化妆品推荐,['46679'],[],description,1,0,[],,['60977'],[0.5874664783477783],['description']
化妆品推荐,['46679'],[],description,3,0,[],,"['60977', '5544', '5882']","[0.5874664783477783, 0.5168641805648804, 0.49909666180610657]","['description', 'description', 'description']"
十大公认最好啤酒,['46679'],[],description,1,0,[],,['5881'],[0.39423397183418274],['description']
十大公认最好啤酒,['46679'],[],description,3,0,[],,"['5881', '5544', '60977']","[0.39423397183418274, 0.3593686819076538, 0.35020628571510315]","['description', 'description', 'description']"
十大公认最好空调,['46679'],[],description,1,0,[],,['5881'],[0.5104811191558838],['description']
十大公认最好空调,['46679'],[],description,3,0,[],,"['5881', '5544', '60977']","[0.5104811191558838, 0.40261518955230713, 0.3909386992454529]","['description', 'description', 'description']"
十大口碑最好的自行车,['46679'],[],description,1,0,[],,['5819'],[0.45750004053115845],['description']
十大口碑最好的自行车,['46679'],[],description,3,0,[],,"['5819', '50760', '50574']","[0.45750004053115845, 0.4433000087738037, 0.4371826648712158]","['description', 'description', 'description']"
十大电吹管排名,['46679'],[],description,1,0,[],,['5881'],[0.38451719284057617],['description']
十大电吹管排名,['46679'],[],description,3,0,[],,"['5881', '60977', '5544']","[0.38451719284057617, 0.3659338057041168, 0.3631848692893982]","['description', 'description', 'description']"
华为信号最好的手机是哪一款,['46679'],[],description,1,0,[],,['60540'],[0.5635640621185303],['description']
华为信号最好的手机是哪一款,['46679'],[],description,3,0,[],,"['60540', '47198', '60338']","[0.5635640621185303, 0.46384793519973755, 0.45986583828926086]","['description', 'description', 'description']"
华为手机排行,['46679'],[],description,1,0,[],,['60540'],[0.5834723711013794],['description']
华为手机排行,['46679'],[],description,3,0,[],,"['60540', '60977', '47272']","[0.5834723711013794, 0.4507039785385132, 0.4486272633075714]","['description', 'description', 'description']"
口碑最好的净水器,['46679'],[],description,1,0,[],,['5881'],[0.4816780686378479],['description']
口碑最好的净水器,['46679'],[],description,3,0,[],,"['5881', '5544', '5819']","[0.4816780686378479, 0.43269720673561096, 0.40130695700645447]","['description', 'description', 'description']"
吃什么油最好排行榜前十名,['46679'],[],description,1,0,[],,['60977'],[0.438625693321228],['description']
吃什么油最好排行榜前十名,['46679'],[],description,3,0,[],,"['60977', '5882', '47272']","[0.438625693321228, 0.4268929958343506, 0.42259538173675537]","['description', 'description', 'description']"
各种鱼缸大全,['46679'],[],description,1,0,[],,['60977'],[0.38011592626571655],['description']
各种鱼缸大全,['46679'],[],description,3,0,[],,"['60977', '5179', '60540']","[0.38011592626571655, 0.36787623167037964, 0.36327722668647766]","['description', 'description', 'description']"
吹风机排名,['46679'],[],description,1,0,[],,['5881'],[0.4793720841407776],['description']
吹风机排名,['46679'],[],description,3,0,[],,"['5881', '60977', '5143']","[0.4793720841407776, 0.4762152433395386, 0.4398047924041748]","['description', 'description', 'description']"
哪一种牙刷最好用,['46679'],[],description,1,0,[],,['60977'],[0.47992193698883057],['description']
哪一种牙刷最好用,['46679'],[],description,3,0,[],,"['60977', '5881', '5544']","[0.47992193698883057, 0.4358363747596741, 0.43370747566223145]","['description', 'description', 'description']"
哪个洗面奶好用,['46679'],[],description,1,0,[],,['60977'],[0.4779357314109802],['description']
哪个洗面奶好用,['46679'],[],description,3,0,[],,"['60977', '5882', '5881']","[0.4779357314109802, 0.44674283266067505, 0.43744903802871704]","['description', 'description', 'description']"
哪款学习机性价比高,['46679'],[],description,1,0,[],,['60540'],[0.52302086353302],['description']
哪款学习机性价比高,['46679'],[],description,3,0,[],,"['60540', '60977', '5881']","[0.52302086353302, 0.48439186811447144, 0.48315179347991943]","['description', 'description', 'description']"
哪款手机防水最好,['46679'],[],description,1,0,[],,['60540'],[0.5317572951316833],['description']
哪款手机防水最好,['46679'],[],description,3,0,[],,"['60540', '60977', '60338']","[0.5317572951316833, 0.43861740827560425, 0.41525447368621826]","['description', 'description', 'description']"
哪款的平板性价比高,['46679'],[],description,1,0,[],,['60540'],[0.5527836680412292],['description']
哪款的平板性价比高,['46679'],[],description,3,0,[],,"['60540', '60977', '60338']","[0.5527836680412292, 0.5345062017440796, 0.49441513419151306]","['description', 'description', 'description']"
哪款破壁机最好,['46679'],[],description,1,0,[],,['5881'],[0.47023889422416687],['description']
哪款破壁机最好,['46679'],[],description,3,0,[],,"['5881', '60977', '60540']","[0.47023889422416687, 0.46468281745910645, 0.44567298889160156]","['description', 'description', 'description']"
哪款耳机好,['46679'],[],description,1,0,[],,['60977'],[0.49969273805618286],['description']
哪款耳机好,['46679'],[],description,3,0,[],,"['60977', '60540', '5881']","[0.49969273805618286, 0.47108495235443115, 0.4599068760871887]","['description', 'description', 'description']"
哪种凉席最好,['46679'],[],description,1,0,[],,['60977'],[0.4430168569087982],['description']
哪种凉席最好,['46679'],[],description,3,0,[],,"['60977', '60338', '5881']","[0.4430168569087982, 0.4318543076515198, 0.4286288917064667]","['description', 'description', 'description']"
哪种电动车电池最好最耐用,['46679'],[],description,1,0,[],,['5271'],[0.48673224449157715],['description']
哪种电动车电池最好最耐用,['46679'],[],description,3,0,[],,"['5271', '60977', '60540']","[0.48673224449157715, 0.479896605014801, 0.455422043800354]","['description', 'description', 'description']"
喝什么酒最好,['46679'],[],description,1,0,[],,['60977'],[0.4516257047653198],['description']
喝什么酒最好,['46679'],[],description,3,0,[],,"['60977', '47272', '60338']","[0.4516257047653198, 0.4507594406604767, 0.4243079721927643]","['description', 'description', 'description']"
喝什么饮料最好,['46679'],[],description,1,0,[],,['60977'],[0.49994900822639465],['description']
喝什么饮料最好,['46679'],[],description,3,0,[],,"['60977', '5544', '47272']","[0.49994900822639465, 0.47978317737579346, 0.47588473558425903]","['description', 'description', 'description']"
国产奶粉,['46679'],[],description,1,0,[],,['60977'],[0.4151924252510071],['description']
国产奶粉,['46679'],[],description,3,0,[],,"['60977', '5881', '5882']","[0.4151924252510071, 0.41446560621261597, 0.3998681604862213]","['description', 'description', 'description']"
国产油锯十大排名,['46679'],[],description,1,0,[],,['5881'],[0.388214111328125],['description']
国产油锯十大排名,['46679'],[],description,3,0,[],,"['5881', '50760', '5544']","[0.388214111328125, 0.3701786994934082, 0.36279648542404175]","['description', 'description', 'description']"
国内血压计排名前十名,['46679'],[],description,1,0,[],,['5881'],[0.4822666347026825],['description']
国内血压计排名前十名,['46679'],[],description,3,0,[],,"['5881', '50760', '60338']","[0.4822666347026825, 0.44287699460983276, 0.4332270622253418]","['description', 'description', 'description']"
大疆无人机哪款性价比高,['46679'],[],description,1,0,[],,['60540'],[0.4675649404525757],['description']
大疆无人机哪款性价比高,['46679'],[],description,3,0,[],,"['60540', '60338', '60977']","[0.4675649404525757, 0.4427337944507599, 0.436013400554657]","['description', 'description', 'description']"
好吃的火锅底料推荐,['46679'],[],description,1,0,[],,['47272'],[0.5140236020088196],['description']
好吃的火锅底料推荐,['46679'],[],description,3,0,[],,"['47272', '60338', '5544']","[0.5140236020088196, 0.3949994742870331, 0.3946394920349121]","['description', 'description', 'description']"
婴儿拉拉裤排行榜前十名,['46679'],[],description,1,0,[],,['60977'],[0.3325011432170868],['description']
婴儿拉拉裤排行榜前十名,['46679'],[],description,3,0,[],,"['60977', '5882', '5881']","[0.3325011432170868, 0.31497085094451904, 0.309614360332489]","['description', 'description', 'description']"
学习机哪个好,['46679'],[],description,1,0,[],,['60977'],[0.47896063327789307],['description']
学习机哪个好,['46679'],[],description,3,0,[],,"['60977', '60540', '5881']","[0.47896063327789307, 0.4617794156074524, 0.4511195421218872]","['description', 'description', 'description']"
学生用什么手机好,['46679'],[],description,1,0,[],,['60540'],[0.5907214283943176],['description']
学生用什么手机好,['46679'],[],description,3,0,[],,"['60540', '60977', '60338']","[0.5907214283943176, 0.4743870794773102, 0.4365388751029968]","['description', 'description', 'description']"
家庭用什么盐最好,['46679'],[],description,1,0,[],,['60977'],[0.43034300208091736],['description']
家庭用什么盐最好,['46679'],[],description,3,0,[],,"['60977', '47272', '5544']","[0.43034300208091736, 0.39947113394737244, 0.39438146352767944]","['description', 'description', 'description']"
家用净化器推荐,['46679'],[],description,1,0,[],,['5881'],[0.4520416855812073],['description']
家用净化器推荐,['46679'],[],description,3,0,[],,"['5881', '5544', '60977']","[0.4520416855812073, 0.4378522038459778, 0.43030035495758057]","['description', 'description', 'description']"
家用监控摄像头哪款最好,['46679'],[],description,1,0,[],,['5881'],[0.412955641746521],['description']
家用监控摄像头哪款最好,['46679'],[],description,3,0,[],,"['5881', '60977', '5544']","[0.412955641746521, 0.39704757928848267, 0.3812713027000427]","['description', 'description', 'description']"
家用绞肉机推荐,['46679'],[],description,1,0,[],,['5544'],[0.3637017011642456],['description']
家用绞肉机推荐,['46679'],[],description,3,0,[],,"['5544', '60540', '60977']","[0.3637017011642456, 0.33737680315971375, 0.3323395550251007]","['description', 'description', 'description']"
导航最好用的手机是哪一款,['46679'],[],description,1,0,[],,['60540'],[0.5901052355766296],['description']
导航最好用的手机是哪一款,['46679'],[],description,3,0,[],,"['60540', '47198', '60977']","[0.5901052355766296, 0.5582982897758484, 0.5354709625244141]","['description', 'description', 'description']"
小米哪款手机性价比最高,['46679'],[],description,1,0,[],,['60540'],[0.5684505701065063],['description']
小米哪款手机性价比最高,['46679'],[],description,3,0,[],,"['60540', '60338', '60977']","[0.5684505701065063, 0.5275898575782776, 0.4830743074417114]","['description', 'description', 'description']"
小米手机排行,['46679'],[],description,1,0,[],,['60540'],[0.5173399448394775],['description']
小米手机排行,['46679'],[],description,3,0,[],,"['60540', '60338', '60977']","[0.5173399448394775, 0.45512378215789795, 0.44784489274024963]","['description', 'description', 'description']"
屏幕大的手机有哪些,['46679'],[],description,1,0,[],,['60540'],[0.624723494052887],['description']
屏幕大的手机有哪些,['46679'],[],description,3,0,[],,"['60540', '60977', '5012']","[0.624723494052887, 0.4848395586013794, 0.4690278470516205]","['description', 'description', 'description']"
延时喷雾排名,['46679'],[],description,1,0,[],,['5882'],[0.35520294308662415],['description']
延时喷雾排名,['46679'],[],description,3,0,[],,"['5882', '60977', '5544']","[0.35520294308662415, 0.352838933467865, 0.35123562812805176]","['description', 'description', 'description']"
开关插座十大排名,['46679'],[],description,1,0,[],,['5881'],[0.4821655750274658],['description']
开关插座十大排名,['46679'],[],description,3,0,[],,"['5881', '5882', '60977']","[0.4821655750274658, 0.4021848738193512, 0.4008781909942627]","['description', 'description', 'description']"
怎么选微波炉,['46679'],[],description,1,0,[],,['60977'],[0.526985764503479],['description']
怎么选微波炉,['46679'],[],description,3,0,[],,"['60977', '5881', '60540']","[0.526985764503479, 0.5163414478302002, 0.4742475748062134]","['description', 'description', 'description']"
性价比最高的显卡,['46679'],[],description,1,0,[],,['60338'],[0.5018642544746399],['description']
性价比最高的显卡,['46679'],[],description,3,0,[],,"['60338', '60977', '60540']","[0.5018642544746399, 0.49811530113220215, 0.49412989616394043]","['description', 'description', 'description']"
性价比最高的鼠标,['46679'],[],description,1,0,[],,['60540'],[0.4880111515522003],['description']
性价比最高的鼠标,['46679'],[],description,3,0,[],,"['60540', '5544', '60338']","[0.4880111515522003, 0.4766411781311035, 0.4723348021507263]","['description', 'description', 'description']"
性价比高的手机推荐,['46679'],[],description,1,0,[],,['60540'],[0.6984454393386841],['description']
性价比高的手机推荐,['46679'],[],description,3,0,[],,"['60540', '60977', '60338']","[0.6984454393386841, 0.5593975782394409, 0.5294960141181946]","['description', 'description', 'description']"
手机排名,['46679'],[],description,1,0,[],,['60540'],[0.6385653614997864],['description']
手机排名,['46679'],[],description,3,0,[],,"['60540', '60977', '47198']","[0.6385653614997864, 0.6023256778717041, 0.5657357573509216]","['description', 'description', 'description']"
手表排行点。,['46679'],[],description,1,0,[],,['47198'],[0.5232753753662109],['description']
手表排行点。,['46679'],[],description,3,0,[],,"['47198', '5881', '60977']","[0.5232753753662109, 0.5084227323532104, 0.49637681245803833]","['description', 'description', 'description']"
打游戏用什么手机最好,['46679'],[],description,1,0,[],,['60540'],[0.5185244679450989],['description']
打游戏用什么手机最好,['46679'],[],description,3,0,[],,"['60540', '60977', '5550']","[0.5185244679450989, 0.4378369450569153, 0.4047520160675049]","['description', 'description', 'description']"
扫地机哪个好,['46679'],[],description,1,0,[],,['5881'],[0.48412394523620605],['description']
扫地机哪个好,['46679'],[],description,3,0,[],,"['5881', '60540', '60977']","[0.48412394523620605, 0.44882845878601074, 0.44659096002578735]","['description', 'description', 'description']"
折叠电动车,['46679'],[],description,1,0,[],,['5271'],[0.5406806468963623],['description']
折叠电动车,['46679'],[],description,3,0,[],,"['5271', '60977', '47190']","[0.5406806468963623, 0.48588037490844727, 0.46989667415618896]","['description', 'description', 'description']"
折叠钢琴十大排名,['46679'],[],description,1,0,[],,['5179'],[0.40890273451805115],['description']
折叠钢琴十大排名,['46679'],[],description,3,0,[],,"['5179', '60540', '51382']","[0.40890273451805115, 0.3815244436264038, 0.3713994026184082]","['description', 'description', 'description']"
掉发什么洗发水最好,['46679'],[],description,1,0,[],,['60977'],[0.4377906024456024],['description']
掉发什么洗发水最好,['46679'],[],description,3,0,[],,"['60977', '60338', '60540']","[0.4377906024456024, 0.40187305212020874, 0.39634039998054504]","['description', 'description', 'description']"
排名前十的染发剂有哪些,['46679'],[],description,1,0,[],,['5882'],[0.44064760208129883],['description']
排名前十的染发剂有哪些,['46679'],[],description,3,0,[],,"['5882', '60977', '5544']","[0.44064760208129883, 0.43704336881637573, 0.42336779832839966]","['description', 'description', 'description']"
排名前十的洗发水,['46679'],[],description,1,0,[],,['60977'],[0.472505658864975],['description']
排名前十的洗发水,['46679'],[],description,3,0,[],,"['60977', '5882', '5881']","[0.472505658864975, 0.4608977437019348, 0.44927629828453064]","['description', 'description', 'description']"
排名前十的酒,['46679'],[],description,1,0,[],,['4551'],[0.4834246039390564],['description']
排名前十的酒,['46679'],[],description,3,0,[],,"['4551', '5143', '50760']","[0.4834246039390564, 0.4798164963722229, 0.4787709712982178]","['description', 'description', 'description']"
排名前十耳机,['46679'],[],description,1,0,[],,['60977'],[0.49888283014297485],['description']
排名前十耳机,['46679'],[],description,3,0,[],,"['60977', '50760', '60540']","[0.49888283014297485, 0.4832879304885864, 0.46992790699005127]","['description', 'description', 'description']"
排名十大奶粉,['46679'],[],description,1,0,[],,['60977'],[0.5482287406921387],['description']
排名十大奶粉,['46679'],[],description,3,0,[],,"['60977', '5882', '5881']","[0.5482287406921387, 0.5152164697647095, 0.4987187385559082]","['description', 'description', 'description']"
推荐一下性价比高的笔记本电脑,['46679'],[],description,1,0,[],,['60977'],[0.5687251687049866],['description']
推荐一下性价比高的笔记本电脑,['46679'],[],description,3,0,[],,"['60977', '60540', '60338']","[0.5687251687049866, 0.5621181130409241, 0.5027552843093872]","['description', 'description', 'description']"
推荐一款好用的遮瑕膏,['46679'],[],description,1,0,[],,['60977'],[0.42199236154556274],['description']
推荐一款好用的遮瑕膏,['46679'],[],description,3,0,[],,"['60977', '5544', '5882']","[0.42199236154556274, 0.4059285819530487, 0.3785318434238434]","['description', 'description', 'description']"
推荐一款性价比高的运动相机,['46679'],[],description,1,0,[],,['60977'],[0.4964279532432556],['description']
推荐一款性价比高的运动相机,['46679'],[],description,3,0,[],,"['60977', '60540', '51474']","[0.4964279532432556, 0.4708978831768036, 0.44125333428382874]","['description', 'description', 'description']"
敏感肌用什么护肤品,['46679'],[],description,1,0,[],,['60977'],[0.47907763719558716],['description']
敏感肌用什么护肤品,['46679'],[],description,3,0,[],,"['60977', '5882', '5544']","[0.47907763719558716, 0.43744054436683655, 0.40663790702819824]","['description', 'description', 'description']"
最好充电宝排名第一,['46679'],[],description,1,0,[],,['60977'],[0.5127027034759521],['description']
最好充电宝排名第一,['46679'],[],description,3,0,[],,"['60977', '60540', '5544']","[0.5127027034759521, 0.49034759402275085, 0.48571544885635376]","['description', 'description', 'description']"
最好吃大米排名第一名,['46679'],[],description,1,0,[],,['47272'],[0.42165178060531616],['description']
最好吃大米排名第一名,['46679'],[],description,3,0,[],,"['47272', '5544', '5881']","[0.42165178060531616, 0.39054596424102783, 0.387393593788147]","['description', 'description', 'description']"
最好沐浴露排名第一名,['46679'],[],description,1,0,[],,['5882'],[0.4796704947948456],['description']
最好沐浴露排名第一名,['46679'],[],description,3,0,[],,"['5882', '60977', '5881']","[0.4796704947948456, 0.46816426515579224, 0.453998863697052]","['description', 'description', 'description']"
最好用的粉底液,['46679'],[],description,1,0,[],,['60977'],[0.49134284257888794],['description']
最好用的粉底液,['46679'],[],description,3,0,[],,"['60977', '5882', '5544']","[0.49134284257888794, 0.4527634382247925, 0.4518822729587555]","['description', 'description', 'description']"
最好用的防晒霜,['46679'],[],description,1,0,[],,['60977'],[0.5063721537590027],['description']
最好用的防晒霜,['46679'],[],description,3,0,[],,"['60977', '5882', '5544']","[0.5063721537590027, 0.44843822717666626, 0.44013553857803345]","['description', 'description', 'description']"
最好的锅排名第一,['46679'],[],description,1,0,[],,['47272'],[0.4786272943019867],['description']
最好的锅排名第一,['46679'],[],description,3,0,[],,"['47272', '5881', '60977']","[0.4786272943019867, 0.4405553340911865, 0.41898012161254883]","['description', 'description', 'description']"
最好闻的香水,['46679'],[],description,1,0,[],,['5544'],[0.46225401759147644],['description']
最好闻的香水,['46679'],[],description,3,0,[],,"['5544', '60977', '5882']","[0.46225401759147644, 0.4505676031112671, 0.427776962518692]","['description', 'description', 'description']"
格力空调哪个型号好,['46679'],[],description,1,0,[],,['5881'],[0.4927603602409363],['description']
格力空调哪个型号好,['46679'],[],description,3,0,[],,"['5881', '60977', '5544']","[0.4927603602409363, 0.4326833486557007, 0.410128116607666]","['description', 'description', 'description']"
欧莱雅哪款洗发水好用,['46679'],[],description,1,0,[],,['60977'],[0.3833548426628113],['description']
欧莱雅哪款洗发水好用,['46679'],[],description,3,0,[],,"['60977', '5881', '51474']","[0.3833548426628113, 0.3564750552177429, 0.33936670422554016]","['description', 'description', 'description']"
洗衣液排名,['46679'],[],description,1,0,[],,['60977'],[0.45908722281455994],['description']
洗衣液排名,['46679'],[],description,3,0,[],,"['60977', '5881', '5882']","[0.45908722281455994, 0.4467058777809143, 0.431953489780426]","['description', 'description', 'description']"
点读笔十大排名,['46679'],[],description,1,0,[],,['51382'],[0.40699368715286255],['description']
点读笔十大排名,['46679'],[],description,3,0,[],,"['51382', '47198', '51381']","[0.40699368715286255, 0.3938348889350891, 0.3880123794078827]","['description', 'description', 'description']"
燃气热水器排名,['46679'],[],description,1,0,[],,['5881'],[0.5014472603797913],['description']
燃气热水器排名,['46679'],[],description,3,0,[],,"['5881', '60977', '47272']","[0.5014472603797913, 0.43143463134765625, 0.4273706078529358]","['description', 'description', 'description']"
牙膏排名\/,['46679'],[],description,1,0,[],,['60977'],[0.4629250466823578],['description']
牙膏排名\/,['46679'],[],description,3,0,[],,"['60977', '5544', '5882']","[0.4629250466823578, 0.45630770921707153, 0.44620829820632935]","['description', 'description', 'description']"
现在最好的显卡,['46679'],[],description,1,0,[],,['5550'],[0.5129320025444031],['description']
现在最好的显卡,['46679'],[],description,3,0,[],,"['5550', '60977', '5778']","[0.5129320025444031, 0.5122385025024414, 0.4887431263923645]","['description', 'description', 'description']"
现在最火的手机是哪一款,['46679'],[],description,1,0,[],,['60540'],[0.5901801586151123],['description']
现在最火的手机是哪一款,['46679'],[],description,3,0,[],,"['60540', '60977', '60338']","[0.5901801586151123, 0.47621607780456543, 0.45777061581611633]","['description', 'description', 'description']"
现在那种风扇好用,['46679'],[],description,1,0,[],,['60977'],[0.5048526525497437],['description']
现在那种风扇好用,['46679'],[],description,3,0,[],,"['60977', '5881', '60540']","[0.5048526525497437, 0.4840015172958374, 0.4457938075065613]","['description', 'description', 'description']"
生日礼物有什么好,['46679'],[],description,1,0,[],,['61111'],[0.49976271390914917],['description']
生日礼物有什么好,['46679'],[],description,3,0,[],,"['61111', '5601', '60977']","[0.49976271390914917, 0.467229962348938, 0.4579140543937683]","['description', 'description', 'description']"
电动车排名,['46679'],[],description,1,0,[],,['5271'],[0.6155906915664673],['description']
电动车排名,['46679'],[],description,3,0,[],,"['5271', '50760', '50574']","[0.6155906915664673, 0.5894486904144287, 0.5811295509338379]","['description', 'description', 'description']"
电水壶排名,['46679'],[],description,1,0,[],,['5881'],[0.4607471227645874],['description']
电水壶排名,['46679'],[],description,3,0,[],,"['5881', '5544', '60977']","[0.4607471227645874, 0.41121459007263184, 0.3809220790863037]","['description', 'description', 'description']"
电视怎么排行,['46679'],[],description,1,0,[],,['60977'],[0.5497385263442993],['description']
电视怎么排行,['46679'],[],description,3,0,[],,"['60977', '60540', '51275']","[0.5497385263442993, 0.5096118450164795, 0.5073583722114563]","['description', 'description', 'description']"
男士手机排行榜前十名,['46679'],[],description,1,0,[],,['60540'],[0.5217289328575134],['description']
男士手机排行榜前十名,['46679'],[],description,3,0,[],,"['60540', '60977', '47198']","[0.5217289328575134, 0.3990568518638611, 0.3890412449836731]","['description', 'description', 'description']"
目前性价比最高的手机是哪款,['46679'],[],description,1,0,[],,['60540'],[0.6550034284591675],['description']
目前性价比最高的手机是哪款,['46679'],[],description,3,0,[],,"['60540', '60338', '60977']","[0.6550034284591675, 0.5475988984107971, 0.5447901487350464]","['description', 'description', 'description']"
空调怎么选,['46679'],[],description,1,0,[],,['60977'],[0.5383396148681641],['description']
空调怎么选,['46679'],[],description,3,0,[],,"['60977', '5881', '60540']","[0.5383396148681641, 0.5228608846664429, 0.4655655026435852]","['description', 'description', 'description']"
美的空调排行榜,['46679'],[],description,1,0,[],,['5881'],[0.5189323425292969],['description']
美的空调排行榜,['46679'],[],description,3,0,[],,"['5881', '5544', '60977']","[0.5189323425292969, 0.44513630867004395, 0.44210073351860046]","['description', 'description', 'description']"
羽毛球鞋推荐,['46679'],[],description,1,0,[],,['60977'],[0.3758608102798462],['description']
羽毛球鞋推荐,['46679'],[],description,3,0,[],,"['60977', '47272', '51377']","[0.3758608102798462, 0.36470288038253784, 0.3593564033508301]","['description', 'description', 'description']"
老板最建议买的三个型号,['46679'],[],description,1,0,[],,['60977'],[0.6472697854042053],['description']
老板最建议买的三个型号,['46679'],[],description,3,0,[],,"['60977', '5881', '60540']","[0.6472697854042053, 0.5961117744445801, 0.592812180519104]","['description', 'description', 'description']"
自行车排行榜前十名,['46679'],[],description,1,0,[],,['5143'],[0.6122092008590698],['description']
自行车排行榜前十名,['46679'],[],description,3,0,[],,"['5143', '50760', '50574']","[0.6122092008590698, 0.5417819619178772, 0.5409601330757141]","['description', 'description', 'description']"
苹果手机哪款最好,['46679'],[],description,1,0,[],,['60540'],[0.5604864358901978],['description']
苹果手机哪款最好,['46679'],[],description,3,0,[],,"['60540', '60977', '60338']","[0.5604864358901978, 0.4835250973701477, 0.44104284048080444]","['description', 'description', 'description']"
荣耀哪款手机最好,['46679'],[],description,1,0,[],,['60540'],[0.5361690521240234],['description']
荣耀哪款手机最好,['46679'],[],description,3,0,[],,"['60540', '60977', '60338']","[0.5361690521240234, 0.4419633746147156, 0.43195563554763794]","['description', 'description', 'description']"
荣耀手机哪款性价比高,['46679'],[],description,1,0,[],,['60540'],[0.595049262046814],['description']
荣耀手机哪款性价比高,['46679'],[],description,3,0,[],,"['60540', '60338', '60977']","[0.595049262046814, 0.46189820766448975, 0.45807164907455444]","['description', 'description', 'description']"
蓝牙耳机推荐,['46679'],[],description,1,0,[],,['60977'],[0.4807807505130768],['description']
蓝牙耳机推荐,['46679'],[],description,3,0,[],,"['60977', '62248', '51474']","[0.4807807505130768, 0.4640321135520935, 0.45874762535095215]","['description', 'description', 'description']"
豆浆机排名,['46679'],[],description,1,0,[],,['5881'],[0.45192813873291016],['description']
豆浆机排名,['46679'],[],description,3,0,[],,"['5881', '5544', '60977']","[0.45192813873291016, 0.4308602511882782, 0.40441274642944336]","['description', 'description', 'description']"
跑鞋排行榜前十名,['46679'],[],description,1,0,[],,['50760'],[0.41148829460144043],['description']
跑鞋排行榜前十名,['46679'],[],description,3,0,[],,"['50760', '5143', '60977']","[0.41148829460144043, 0.4098677635192871, 0.3964945077896118]","['description', 'description', 'description']"
迪奥包,['46679'],[],description,1,0,[],,['60977'],[0.4228740930557251],['description']
迪奥包,['46679'],[],description,3,0,[],,"['60977', '5012', '47198']","[0.4228740930557251, 0.3935641050338745, 0.3874913454055786]","['description', 'description', 'description']"
送女士礼物前十件排名,['46679'],[],description,1,0,[],,['60977'],[0.4447900056838989],['description']
送女士礼物前十件排名,['46679'],[],description,3,0,[],,"['60977', '5544', '5143']","[0.4447900056838989, 0.43258586525917053, 0.4102258086204529]","['description', 'description', 'description']"
送男士什么生日礼物比较合适,['46679'],[],description,1,0,[],,['60977'],[0.4774458408355713],['description']
送男士什么生日礼物比较合适,['46679'],[],description,3,0,[],,"['60977', '61111', '5601']","[0.4774458408355713, 0.4636326730251312, 0.4189116656780243]","['description', 'description', 'description']"
那个盐最好,['46679'],[],description,1,0,[],,['60977'],[0.4972645044326782],['description']
那个盐最好,['46679'],[],description,3,0,[],,"['60977', '47272', '5544']","[0.4972645044326782, 0.4728114604949951, 0.46617016196250916]","['description', 'description', 'description']"
那款手机最好,['46679'],[],description,1,0,[],,['60540'],[0.6306434869766235],['description']
那款手机最好,['46679'],[],description,3,0,[],,"['60540', '60977', '60338']","[0.6306434869766235, 0.5831509828567505, 0.5315279364585876]","['description', 'description', 'description']"
那款拍照手机最好,['46679'],[],description,1,0,[],,['60540'],[0.5788700580596924],['description']
那款拍照手机最好,['46679'],[],description,3,0,[],,"['60540', '60977', '60338']","[0.5788700580596924, 0.5387536287307739, 0.4982677400112152]","['description', 'description', 'description']"
那种奶粉比较好,['46679'],[],description,1,0,[],,['60977'],[0.5473679304122925],['description']
那种奶粉比较好,['46679'],[],description,3,0,[],,"['60977', '5881', '5882']","[0.5473679304122925, 0.46702873706817627, 0.46564608812332153]","['description', 'description', 'description']"
那种护肤品好,['46679'],[],description,1,0,[],,['60977'],[0.5557780861854553],['description']
那种护肤品好,['46679'],[],description,3,0,[],,"['60977', '5882', '5544']","[0.5557780861854553, 0.5034437775611877, 0.46996384859085083]","['description', 'description', 'description']"
那种避孕套最好,['46679'],[],description,1,0,[],,['60977'],[0.5182499885559082],['description']
那种避孕套最好,['46679'],[],description,3,0,[],,"['60977', '5881', '5882']","[0.5182499885559082, 0.46010780334472656, 0.43614938855171204]","['description', 'description', 'description']"
钢笔排行,['46679'],[],description,1,0,[],,['60977'],[0.4794115424156189],['description']
钢笔排行,['46679'],[],description,3,0,[],,"['60977', '51381', '51382']","[0.4794115424156189, 0.4604273736476898, 0.4504656195640564]","['description', 'description', 'description']"
除甲醛排名第一,['46679'],[],description,1,0,[],,['5881'],[0.48009711503982544],['description']
除甲醛排名第一,['46679'],[],description,3,0,[],,"['5881', '60977', '5882']","[0.48009711503982544, 0.46875637769699097, 0.46279603242874146]","['description', 'description', 'description']"
颈椎按摩器哪种最好,['46679'],[],description,1,0,[],,['60977'],[0.36799007654190063],['description']
颈椎按摩器哪种最好,['46679'],[],description,3,0,[],,"['60977', '60540', '5881']","[0.36799007654190063, 0.3595202565193176, 0.35906171798706055]","['description', 'description', 'description']"
飞机杯那种好,['46679'],[],description,1,0,[],,['60977'],[0.5203543901443481],['description']
飞机杯那种好,['46679'],[],description,3,0,[],,"['60977', '60540', '5544']","[0.5203543901443481, 0.43772369623184204, 0.4371158480644226]","['description', 'description', 'description']"
高中生军训用什么防晒霜好,['46679'],[],description,1,0,[],,['4551'],[0.3717315196990967],['description']
高中生军训用什么防晒霜好,['46679'],[],description,3,0,[],,"['4551', '60977', '39537']","[0.3717315196990967, 0.370480477809906, 0.3642937242984772]","['description', 'description', 'description']"
1.5匹空调哪款性价比最高,['46679'],[],merged,1,0,[],,['5881'],[0.5150758624076843],['description']
1.5匹空调哪款性价比最高,['46679'],[],merged,3,0,[],,"['5881', '60977', '5544']","[0.5150758624076843, 0.5022343993186951, 0.4502740502357483]","['description', 'title_description', 'description']"
1000元左右的手机有哪些,['46679'],[],merged,1,0,[],,['60540'],[0.6437332034111023],['description']
1000元左右的手机有哪些,['46679'],[],merged,3,0,[],,"['60540', '60977', '50760']","[0.6437332034111023, 0.5155911445617676, 0.5099185109138489]","['description', 'title_description', 'title_description']"
100元左右的白酒推荐,['46679'],[],merged,1,0,[],,['50760'],[0.4357115626335144],['title_description']
100元左右的白酒推荐,['46679'],[],merged,3,0,[],,"['50760', '61800', '50192']","[0.4357115626335144, 0.4264657199382782, 0.4210719168186188]","['title_description', 'description', 'description']"
10岁女孩十大最佳礼物,['46679'],[],merged,1,0,[],,['5544'],[0.36411312222480774],['title_description']
10岁女孩十大最佳礼物,['46679'],[],merged,3,0,[],,"['5544', '60977', '5671']","[0.36411312222480774, 0.345656156539917, 0.3362528085708618]","['title_description', 'title_description', 'description']"
1500元左右的游戏手机,['46679'],[],merged,1,0,[],,['60540'],[0.5200804471969604],['description']
1500元左右的游戏手机,['46679'],[],merged,3,0,[],,"['60540', '60338', '60977']","[0.5200804471969604, 0.4055946469306946, 0.3798333704471588]","['description', 'description', 'title_description']"
2000元以内电竞手机推荐,['46679'],[],merged,1,0,[],,['60540'],[0.5367939472198486],['description']
2000元以内电竞手机推荐,['46679'],[],merged,3,0,[],,"['60540', '60977', '50760']","[0.5367939472198486, 0.4330170750617981, 0.4182608127593994]","['description', 'title_description', 'title_description']"
2000元左右的手机性价比高的推荐,['46679'],[],merged,1,0,[],,['60540'],[0.6258586049079895],['description']
2000元左右的手机性价比高的推荐,['46679'],[],merged,3,0,[],,"['60540', '50760', '60977']","[0.6258586049079895, 0.5147377252578735, 0.4805239140987396]","['description', 'title_description', 'title_description']"
2026手机推荐,['46679'],[],merged,1,0,[],,['60540'],[0.5612210631370544],['description']
2026手机推荐,['46679'],[],merged,3,0,[],,"['60540', '60977', '5601']","[0.5612210631370544, 0.4754409193992615, 0.4566304683685303]","['description', 'title_description', 'title_description']"
2k屏手机排行榜,['46679'],[],merged,1,0,[],,['60540'],[0.5500625371932983],['description']
2k屏手机排行榜,['46679'],[],merged,3,0,[],,"['60540', '60977', '50760']","[0.5500625371932983, 0.48082053661346436, 0.4674200713634491]","['description', 'title_description', 'description']"
3000左右的手机推荐,['46679'],[],merged,1,0,[],,['60540'],[0.6058374643325806],['description']
3000左右的手机推荐,['46679'],[],merged,3,0,[],,"['60540', '50760', '60977']","[0.6058374643325806, 0.4922737181186676, 0.4900439977645874]","['description', 'title_description', 'title_description']"
40岁可以用什么护肤品,['46679'],[],merged,1,0,[],,['60977'],[0.5222234725952148],['title_description']
40岁可以用什么护肤品,['46679'],[],merged,3,0,[],,"['60977', '5882', '47272']","[0.5222234725952148, 0.45943915843963623, 0.4281505346298218]","['title_description', 'description', 'title_description']"
oppo手机哪款最好,['46679'],[],merged,1,0,[],,['60540'],[0.5447083711624146],['description']
oppo手机哪款最好,['46679'],[],merged,3,0,[],,"['60540', '60977', '60338']","[0.5447083711624146, 0.5125025510787964, 0.4461851716041565]","['description', 'title_description', 'description']"
vivo哪款手机好,['46679'],[],merged,1,0,[],,['60977'],[0.5425542593002319],['title_description']
vivo哪款手机好,['46679'],[],merged,3,0,[],,"['60977', '60540', '5271']","[0.5425542593002319, 0.5422958135604858, 0.493174284696579]","['title_description', 'description', 'description']"
两千左右的手机哪款最好,['46679'],[],merged,1,0,[],,['60540'],[0.5866182446479797],['description']
两千左右的手机哪款最好,['46679'],[],merged,3,0,[],,"['60540', '50760', '60977']","[0.5866182446479797, 0.5443530082702637, 0.489115834236145]","['description', 'title_description', 'title_description']"
乒乓球拍胶皮十大排名,['46679'],[],merged,1,0,[],,['60977'],[0.40593183040618896],['title_description']
乒乓球拍胶皮十大排名,['46679'],[],merged,3,0,[],,"['60977', '5882', '47272']","[0.40593183040618896, 0.3826221227645874, 0.3721539378166199]","['title_description', 'title_description', 'title_description']"
什么床垫最好排名第一,['46679'],[],merged,1,0,[],,['5881'],[0.4671650230884552],['description']
什么床垫最好排名第一,['46679'],[],merged,3,0,[],,"['5881', '60977', '60338']","[0.4671650230884552, 0.4531249403953552, 0.4311414361000061]","['description', 'title_description', 'description']"
什么手机像素最好,['46679'],[],merged,1,0,[],,['60540'],[0.5877636671066284],['description']
什么手机像素最好,['46679'],[],merged,3,0,[],,"['60540', '60977', '60338']","[0.5877636671066284, 0.49427998065948486, 0.4856247007846832]","['description', 'title_description', 'description']"
什么手机折叠屏最好,['46679'],[],merged,1,0,[],,['60540'],[0.6008133292198181],['description']
什么手机折叠屏最好,['46679'],[],merged,3,0,[],,"['60540', '60977', '60338']","[0.6008133292198181, 0.4805101156234741, 0.416999489068985]","['description', 'title_description', 'description']"
什么手机最好排行榜,['46679'],[],merged,1,0,[],,['60540'],[0.6197280883789062],['description']
什么手机最好排行榜,['46679'],[],merged,3,0,[],,"['60540', '60977', '50574']","[0.6197280883789062, 0.489412784576416, 0.44878727197647095]","['description', 'title_description', 'title_description']"
什么木菜板最好,['46679'],[],merged,1,0,[],,['60977'],[0.4270211458206177],['title_description']
什么木菜板最好,['46679'],[],merged,3,0,[],,"['60977', '47272', '60338']","[0.4270211458206177, 0.41684675216674805, 0.3919178247451782]","['title_description', 'title_description', 'description']"
什么空调最省电又好用,['46679'],[],merged,1,0,[],,['5881'],[0.5167496204376221],['title_description']
什么空调最省电又好用,['46679'],[],merged,3,0,[],,"['5881', '60977', '5544']","[0.5167496204376221, 0.472043514251709, 0.43940192461013794]","['title_description', 'title_description', 'title_description']"
佳能相机推荐,['46679'],[],merged,1,0,[],,['60977'],[0.47927334904670715],['title_description']
佳能相机推荐,['46679'],[],merged,3,0,[],,"['60977', '5881', '5544']","[0.47927334904670715, 0.4676828980445862, 0.45585864782333374]","['title_description', 'description', 'description']"
便宜像素高的手机,['46679'],[],merged,1,0,[],,['60540'],[0.6061806678771973],['description']
便宜像素高的手机,['46679'],[],merged,3,0,[],,"['60540', '60338', '60977']","[0.6061806678771973, 0.49565455317497253, 0.4634818434715271]","['description', 'description', 'title_description']"
儿童最好奶粉排行榜,['46679'],[],merged,1,0,[],,['60977'],[0.4395122826099396],['title_description']
儿童最好奶粉排行榜,['46679'],[],merged,3,0,[],,"['60977', '5881', '5882']","[0.4395122826099396, 0.4119336009025574, 0.4039081931114197]","['title_description', 'title_description', 'description']"
"冰箱排行榜,",['46679'],[],merged,1,0,[],,['60977'],[0.599918007850647],['title_description']
"冰箱排行榜,",['46679'],[],merged,3,0,[],,"['60977', '5881', '5544']","[0.599918007850647, 0.5731011629104614, 0.5015691518783569]","['title_description', 'title_description', 'title_description']"
初中生用哪款学习机好,['46679'],[],merged,1,0,[],,['60540'],[0.4361541271209717],['description']
初中生用哪款学习机好,['46679'],[],merged,3,0,[],,"['60540', '60977', '5881']","[0.4361541271209717, 0.42812442779541016, 0.4085078239440918]","['description', 'title_description', 'description']"
化妆品推荐,['46679'],[],merged,1,0,[],,['60977'],[0.6061228513717651],['title_description']
化妆品推荐,['46679'],[],merged,3,0,[],,"['60977', '5544', '47272']","[0.6061228513717651, 0.5286530256271362, 0.5065690875053406]","['title_description', 'title_description', 'title_description']"
十大公认最好啤酒,['46679'],[],merged,1,0,[],,['5881'],[0.40416574478149414],['title_description']
十大公认最好啤酒,['46679'],[],merged,3,0,[],,"['5881', '5882', '47272']","[0.40416574478149414, 0.3714722990989685, 0.36508166790008545]","['title_description', 'title_description', 'title_description']"
十大公认最好空调,['46679'],[],merged,1,0,[],,['5881'],[0.5399081707000732],['title_description']
十大公认最好空调,['46679'],[],merged,3,0,[],,"['5881', '5882', '5544']","[0.5399081707000732, 0.4239417612552643, 0.40810316801071167]","['title_description', 'title_description', 'title_description']"
十大口碑最好的自行车,['46679'],[],merged,1,0,[],,['5819'],[0.4943242073059082],['title_description']
十大口碑最好的自行车,['46679'],[],merged,3,0,[],,"['5819', '50760', '50574']","[0.4943242073059082, 0.4433000087738037, 0.4371826648712158]","['title_description', 'description', 'description']"
十大电吹管排名,['46679'],[],merged,1,0,[],,['5881'],[0.39598897099494934],['title_description']
十大电吹管排名,['46679'],[],merged,3,0,[],,"['5881', '60977', '5882']","[0.39598897099494934, 0.37431600689888, 0.3633623719215393]","['title_description', 'title_description', 'title_description']"
华为信号最好的手机是哪一款,['46679'],[],merged,1,0,[],,['60540'],[0.5635640621185303],['description']
华为信号最好的手机是哪一款,['46679'],[],merged,3,0,[],,"['60540', '60977', '47272']","[0.5635640621185303, 0.4723195433616638, 0.4695364236831665]","['description', 'title_description', 'title_description']"
华为手机排行,['46679'],[],merged,1,0,[],,['60540'],[0.5834723711013794],['description']
华为手机排行,['46679'],[],merged,3,0,[],,"['60540', '47272', '60977']","[0.5834723711013794, 0.4746275544166565, 0.47033071517944336]","['description', 'title_description', 'title_description']"
口碑最好的净水器,['46679'],[],merged,1,0,[],,['5881'],[0.495996356010437],['title_description']
口碑最好的净水器,['46679'],[],merged,3,0,[],,"['5881', '5544', '5819']","[0.495996356010437, 0.4398386478424072, 0.4310806095600128]","['title_description', 'title_description', 'title_description']"
吃什么油最好排行榜前十名,['46679'],[],merged,1,0,[],,['47272'],[0.45753011107444763],['title_description']
吃什么油最好排行榜前十名,['46679'],[],merged,3,0,[],,"['47272', '60977', '5882']","[0.45753011107444763, 0.45379066467285156, 0.4268929958343506]","['title_description', 'title_description', 'description']"
各种鱼缸大全,['46679'],[],merged,1,0,[],,['60977'],[0.38605737686157227],['title_description']
各种鱼缸大全,['46679'],[],merged,3,0,[],,"['60977', '47272', '5179']","[0.38605737686157227, 0.3743846118450165, 0.36787623167037964]","['title_description', 'title_description', 'description']"
吹风机排名,['46679'],[],merged,1,0,[],,['60977'],[0.4887346923351288],['title_description']
吹风机排名,['46679'],[],merged,3,0,[],,"['60977', '5881', '5882']","[0.4887346923351288, 0.4861615300178528, 0.45375049114227295]","['title_description', 'title_description', 'title_description']"
哪一种牙刷最好用,['46679'],[],merged,1,0,[],,['60977'],[0.49691155552864075],['title_description']
哪一种牙刷最好用,['46679'],[],merged,3,0,[],,"['60977', '5881', '5544']","[0.49691155552864075, 0.4358363747596741, 0.43370747566223145]","['title_description', 'description', 'description']"
哪个洗面奶好用,['46679'],[],merged,1,0,[],,['60977'],[0.49247580766677856],['title_description']
哪个洗面奶好用,['46679'],[],merged,3,0,[],,"['60977', '5882', '5881']","[0.49247580766677856, 0.44674283266067505, 0.43744903802871704]","['title_description', 'description', 'description']"
哪款学习机性价比高,['46679'],[],merged,1,0,[],,['60540'],[0.52302086353302],['description']
哪款学习机性价比高,['46679'],[],merged,3,0,[],,"['60540', '60977', '5881']","[0.52302086353302, 0.4964817762374878, 0.48315179347991943]","['description', 'title_description', 'description']"
哪款手机防水最好,['46679'],[],merged,1,0,[],,['60540'],[0.5317572951316833],['description']
哪款手机防水最好,['46679'],[],merged,3,0,[],,"['60540', '60977', '60338']","[0.5317572951316833, 0.4484155774116516, 0.41525447368621826]","['description', 'title_description', 'description']"
哪款的平板性价比高,['46679'],[],merged,1,0,[],,['60540'],[0.5527836680412292],['description']
哪款的平板性价比高,['46679'],[],merged,3,0,[],,"['60540', '60977', '60338']","[0.5527836680412292, 0.5517140626907349, 0.49441513419151306]","['description', 'title_description', 'description']"
哪款破壁机最好,['46679'],[],merged,1,0,[],,['60977'],[0.48094019293785095],['title_description']
哪款破壁机最好,['46679'],[],merged,3,0,[],,"['60977', '5881', '60540']","[0.48094019293785095, 0.47023889422416687, 0.44567298889160156]","['title_description', 'description', 'description']"
哪款耳机好,['46679'],[],merged,1,0,[],,['60977'],[0.5167867541313171],['title_description']
哪款耳机好,['46679'],[],merged,3,0,[],,"['60977', '60540', '62248']","[0.5167867541313171, 0.47108495235443115, 0.46458789706230164]","['title_description', 'description', 'title_description']"
哪种凉席最好,['46679'],[],merged,1,0,[],,['60977'],[0.45427191257476807],['title_description']
哪种凉席最好,['46679'],[],merged,3,0,[],,"['60977', '60338', '5881']","[0.45427191257476807, 0.4318543076515198, 0.4286288917064667]","['title_description', 'description', 'description']"
哪种电动车电池最好最耐用,['46679'],[],merged,1,0,[],,['60977'],[0.49115216732025146],['title_description']
哪种电动车电池最好最耐用,['46679'],[],merged,3,0,[],,"['60977', '5271', '60540']","[0.49115216732025146, 0.48673224449157715, 0.455422043800354]","['title_description', 'description', 'description']"
喝什么酒最好,['46679'],[],merged,1,0,[],,['47272'],[0.47155237197875977],['title_description']
喝什么酒最好,['46679'],[],merged,3,0,[],,"['47272', '60977', '60338']","[0.47155237197875977, 0.47044649720191956, 0.4243079721927643]","['title_description', 'title_description', 'description']"
喝什么饮料最好,['46679'],[],merged,1,0,[],,['60977'],[0.5116156339645386],['title_description']
喝什么饮料最好,['46679'],[],merged,3,0,[],,"['60977', '47272', '5544']","[0.5116156339645386, 0.5098587870597839, 0.47978317737579346]","['title_description', 'title_description', 'description']"
国产奶粉,['46679'],[],merged,1,0,[],,['60977'],[0.437744677066803],['title_description']
国产奶粉,['46679'],[],merged,3,0,[],,"['60977', '5881', '47272']","[0.437744677066803, 0.41446560621261597, 0.3999713659286499]","['title_description', 'description', 'title_description']"
国产油锯十大排名,['46679'],[],merged,1,0,[],,['5881'],[0.4008973240852356],['title_description']
国产油锯十大排名,['46679'],[],merged,3,0,[],,"['5881', '50574', '5882']","[0.4008973240852356, 0.38590362668037415, 0.3806766867637634]","['title_description', 'title_description', 'title_description']"
国内血压计排名前十名,['46679'],[],merged,1,0,[],,['5881'],[0.48376595973968506],['title_description']
国内血压计排名前十名,['46679'],[],merged,3,0,[],,"['5881', '50760', '5882']","[0.48376595973968506, 0.44560909271240234, 0.43984454870224]","['title_description', 'title_description', 'title_description']"
大疆无人机哪款性价比高,['46679'],[],merged,1,0,[],,['60540'],[0.4675649404525757],['description']
大疆无人机哪款性价比高,['46679'],[],merged,3,0,[],,"['60540', '60977', '60338']","[0.4675649404525757, 0.44939619302749634, 0.4427337944507599]","['description', 'title_description', 'description']"
好吃的火锅底料推荐,['46679'],[],merged,1,0,[],,['47272'],[0.5426472425460815],['title_description']
好吃的火锅底料推荐,['46679'],[],merged,3,0,[],,"['47272', '5544', '60338']","[0.5426472425460815, 0.4054374694824219, 0.3949994742870331]","['title_description', 'title_description', 'description']"
婴儿拉拉裤排行榜前十名,['46679'],[],merged,1,0,[],,['50574'],[0.3443980813026428],['title_description']
婴儿拉拉裤排行榜前十名,['46679'],[],merged,3,0,[],,"['50574', '60977', '5881']","[0.3443980813026428, 0.34224605560302734, 0.31645262241363525]","['title_description', 'title_description', 'title_description']"
学习机哪个好,['46679'],[],merged,1,0,[],,['60977'],[0.491294801235199],['title_description']
学习机哪个好,['46679'],[],merged,3,0,[],,"['60977', '60540', '5881']","[0.491294801235199, 0.4617794156074524, 0.4511195421218872]","['title_description', 'description', 'description']"
学生用什么手机好,['46679'],[],merged,1,0,[],,['60540'],[0.5907214283943176],['description']
学生用什么手机好,['46679'],[],merged,3,0,[],,"['60540', '60977', '60338']","[0.5907214283943176, 0.4863135516643524, 0.4365388751029968]","['description', 'title_description', 'description']"
家庭用什么盐最好,['46679'],[],merged,1,0,[],,['60977'],[0.44429245591163635],['title_description']
家庭用什么盐最好,['46679'],[],merged,3,0,[],,"['60977', '47272', '5601']","[0.44429245591163635, 0.42591968178749084, 0.3978668451309204]","['title_description', 'title_description', 'title_description']"
家用净化器推荐,['46679'],[],merged,1,0,[],,['5881'],[0.4610273241996765],['title_description']
家用净化器推荐,['46679'],[],merged,3,0,[],,"['5881', '60977', '5544']","[0.4610273241996765, 0.4454268515110016, 0.4378522038459778]","['title_description', 'title_description', 'description']"
家用监控摄像头哪款最好,['46679'],[],merged,1,0,[],,['5881'],[0.4134281873703003],['title_description']
家用监控摄像头哪款最好,['46679'],[],merged,3,0,[],,"['5881', '60977', '51275']","[0.4134281873703003, 0.4045102596282959, 0.38820213079452515]","['title_description', 'title_description', 'title_description']"
家用绞肉机推荐,['46679'],[],merged,1,0,[],,['5544'],[0.3637017011642456],['description']
家用绞肉机推荐,['46679'],[],merged,3,0,[],,"['5544', '47272', '5881']","[0.3637017011642456, 0.35544759035110474, 0.3451043665409088]","['description', 'title_description', 'title_description']"
导航最好用的手机是哪一款,['46679'],[],merged,1,0,[],,['47190'],[0.5952638983726501],['title_description']
导航最好用的手机是哪一款,['46679'],[],merged,3,0,[],,"['47190', '60540', '47198']","[0.5952638983726501, 0.5901052355766296, 0.5582982897758484]","['title_description', 'description', 'description']"
小米哪款手机性价比最高,['46679'],[],merged,1,0,[],,['60540'],[0.5684505701065063],['description']
小米哪款手机性价比最高,['46679'],[],merged,3,0,[],,"['60540', '60338', '60977']","[0.5684505701065063, 0.5275898575782776, 0.5032473802566528]","['description', 'description', 'title_description']"
小米手机排行,['46679'],[],merged,1,0,[],,['60540'],[0.5173399448394775],['description']
小米手机排行,['46679'],[],merged,3,0,[],,"['60540', '60977', '60338']","[0.5173399448394775, 0.46927398443222046, 0.45512378215789795]","['description', 'title_description', 'description']"
屏幕大的手机有哪些,['46679'],[],merged,1,0,[],,['60540'],[0.624723494052887],['description']
屏幕大的手机有哪些,['46679'],[],merged,3,0,[],,"['60540', '60977', '5012']","[0.624723494052887, 0.4972042143344879, 0.4690278470516205]","['description', 'title_description', 'description']"
延时喷雾排名,['46679'],[],merged,1,0,[],,['60977'],[0.36218690872192383],['title_description']
延时喷雾排名,['46679'],[],merged,3,0,[],,"['60977', '5881', '5882']","[0.36218690872192383, 0.36048364639282227, 0.35643503069877625]","['title_description', 'title_description', 'title_description']"
开关插座十大排名,['46679'],[],merged,1,0,[],,['5881'],[0.49626418948173523],['title_description']
开关插座十大排名,['46679'],[],merged,3,0,[],,"['5881', '5882', '60977']","[0.49626418948173523, 0.44282054901123047, 0.4138683080673218]","['title_description', 'title_description', 'title_description']"
怎么选微波炉,['46679'],[],merged,1,0,[],,['60977'],[0.5389953851699829],['title_description']
怎么选微波炉,['46679'],[],merged,3,0,[],,"['60977', '5881', '47272']","[0.5389953851699829, 0.5163414478302002, 0.4796936511993408]","['title_description', 'description', 'title_description']"
性价比最高的显卡,['46679'],[],merged,1,0,[],,['60338'],[0.5388225317001343],['title_description']
性价比最高的显卡,['46679'],[],merged,3,0,[],,"['60338', '60977', '51044']","[0.5388225317001343, 0.5150641202926636, 0.4970642328262329]","['title_description', 'title_description', 'title_description']"
性价比最高的鼠标,['46679'],[],merged,1,0,[],,['60540'],[0.4880111515522003],['description']
性价比最高的鼠标,['46679'],[],merged,3,0,[],,"['60540', '60977', '5544']","[0.4880111515522003, 0.48499196767807007, 0.4766411781311035]","['description', 'title_description', 'description']"
性价比高的手机推荐,['46679'],[],merged,1,0,[],,['60540'],[0.6984454393386841],['description']
性价比高的手机推荐,['46679'],[],merged,3,0,[],,"['60540', '60977', '5544']","[0.6984454393386841, 0.5783523917198181, 0.529927134513855]","['description', 'title_description', 'title_description']"
手机排名,['46679'],[],merged,1,0,[],,['60540'],[0.6385653614997864],['description']
手机排名,['46679'],[],merged,3,0,[],,"['60540', '60977', '47272']","[0.6385653614997864, 0.6277011632919312, 0.5676677227020264]","['description', 'title_description', 'title_description']"
手表排行点。,['46679'],[],merged,1,0,[],,['47198'],[0.5232753753662109],['description']
手表排行点。,['46679'],[],merged,3,0,[],,"['47198', '60977', '5881']","[0.5232753753662109, 0.5138787627220154, 0.5084227323532104]","['description', 'title_description', 'description']"
打游戏用什么手机最好,['46679'],[],merged,1,0,[],,['60540'],[0.5185244679450989],['description']
打游戏用什么手机最好,['46679'],[],merged,3,0,[],,"['60540', '60977', '51275']","[0.5185244679450989, 0.4443098306655884, 0.4167152941226959]","['description', 'title_description', 'title_description']"
扫地机哪个好,['46679'],[],merged,1,0,[],,['5881'],[0.48412394523620605],['description']
扫地机哪个好,['46679'],[],merged,3,0,[],,"['5881', '60977', '60540']","[0.48412394523620605, 0.45822811126708984, 0.44882845878601074]","['description', 'title_description', 'description']"
折叠电动车,['46679'],[],merged,1,0,[],,['5271'],[0.5406806468963623],['description']
折叠电动车,['46679'],[],merged,3,0,[],,"['5271', '47190', '47266']","[0.5406806468963623, 0.5233187675476074, 0.5150977373123169]","['description', 'title_description', 'title_description']"
折叠钢琴十大排名,['46679'],[],merged,1,0,[],,['5179'],[0.40890273451805115],['description']
折叠钢琴十大排名,['46679'],[],merged,3,0,[],,"['5179', '51382', '62248']","[0.40890273451805115, 0.38422465324401855, 0.38159874081611633]","['description', 'title_description', 'title_description']"
掉发什么洗发水最好,['46679'],[],merged,1,0,[],,['60977'],[0.449712872505188],['title_description']
掉发什么洗发水最好,['46679'],[],merged,3,0,[],,"['60977', '47272', '60338']","[0.449712872505188, 0.40359190106391907, 0.40187305212020874]","['title_description', 'title_description', 'description']"
排名前十的染发剂有哪些,['46679'],[],merged,1,0,[],,['60977'],[0.44819721579551697],['title_description']
排名前十的染发剂有哪些,['46679'],[],merged,3,0,[],,"['60977', '5882', '5544']","[0.44819721579551697, 0.44064760208129883, 0.42336779832839966]","['title_description', 'description', 'description']"
排名前十的洗发水,['46679'],[],merged,1,0,[],,['60977'],[0.4875764846801758],['title_description']
排名前十的洗发水,['46679'],[],merged,3,0,[],,"['60977', '5882', '5881']","[0.4875764846801758, 0.4608977437019348, 0.46032392978668213]","['title_description', 'description', 'title_description']"
排名前十的酒,['46679'],[],merged,1,0,[],,['5143'],[0.48836448788642883],['title_description']
排名前十的酒,['46679'],[],merged,3,0,[],,"['5143', '62106', '47272']","[0.48836448788642883, 0.4874623715877533, 0.4861018657684326]","['title_description', 'title_description', 'title_description']"
排名前十耳机,['46679'],[],merged,1,0,[],,['60977'],[0.516747236251831],['title_description']
排名前十耳机,['46679'],[],merged,3,0,[],,"['60977', '50760', '5143']","[0.516747236251831, 0.4832879304885864, 0.4754519462585449]","['title_description', 'description', 'title_description']"
排名十大奶粉,['46679'],[],merged,1,0,[],,['60977'],[0.5714151859283447],['title_description']
排名十大奶粉,['46679'],[],merged,3,0,[],,"['60977', '5882', '47272']","[0.5714151859283447, 0.5152164697647095, 0.502278208732605]","['title_description', 'description', 'title_description']"
推荐一下性价比高的笔记本电脑,['46679'],[],merged,1,0,[],,['60977'],[0.5868659615516663],['title_description']
推荐一下性价比高的笔记本电脑,['46679'],[],merged,3,0,[],,"['60977', '60540', '60338']","[0.5868659615516663, 0.5621181130409241, 0.5027552843093872]","['title_description', 'description', 'description']"
推荐一款好用的遮瑕膏,['46679'],[],merged,1,0,[],,['60977'],[0.42837005853652954],['title_description']
推荐一款好用的遮瑕膏,['46679'],[],merged,3,0,[],,"['60977', '5544', '5882']","[0.42837005853652954, 0.4059285819530487, 0.3785318434238434]","['title_description', 'description', 'description']"
推荐一款性价比高的运动相机,['46679'],[],merged,1,0,[],,['60977'],[0.5028427243232727],['title_description']
推荐一款性价比高的运动相机,['46679'],[],merged,3,0,[],,"['60977', '60540', '51474']","[0.5028427243232727, 0.4708978831768036, 0.4684441387653351]","['title_description', 'description', 'title_description']"
敏感肌用什么护肤品,['46679'],[],merged,1,0,[],,['60977'],[0.49239295721054077],['title_description']
敏感肌用什么护肤品,['46679'],[],merged,3,0,[],,"['60977', '5882', '5544']","[0.49239295721054077, 0.43744054436683655, 0.40663790702819824]","['title_description', 'description', 'description']"
最好充电宝排名第一,['46679'],[],merged,1,0,[],,['60977'],[0.5279914140701294],['title_description']
最好充电宝排名第一,['46679'],[],merged,3,0,[],,"['60977', '5544', '60540']","[0.5279914140701294, 0.5044527053833008, 0.49034759402275085]","['title_description', 'title_description', 'description']"
最好吃大米排名第一名,['46679'],[],merged,1,0,[],,['47272'],[0.4543370008468628],['title_description']
最好吃大米排名第一名,['46679'],[],merged,3,0,[],,"['47272', '60977', '5544']","[0.4543370008468628, 0.40012261271476746, 0.39266207814216614]","['title_description', 'title_description', 'title_description']"
最好沐浴露排名第一名,['46679'],[],merged,1,0,[],,['5882'],[0.4796704947948456],['description']
最好沐浴露排名第一名,['46679'],[],merged,3,0,[],,"['5882', '60977', '5881']","[0.4796704947948456, 0.47809165716171265, 0.45827561616897583]","['description', 'title_description', 'title_description']"
最好用的粉底液,['46679'],[],merged,1,0,[],,['60977'],[0.49812939763069153],['title_description']
最好用的粉底液,['46679'],[],merged,3,0,[],,"['60977', '5544', '5882']","[0.49812939763069153, 0.45393043756484985, 0.4527634382247925]","['title_description', 'title_description', 'description']"
最好用的防晒霜,['46679'],[],merged,1,0,[],,['60977'],[0.5117350220680237],['title_description']
最好用的防晒霜,['46679'],[],merged,3,0,[],,"['60977', '5882', '5544']","[0.5117350220680237, 0.44843822717666626, 0.4439989924430847]","['title_description', 'description', 'title_description']"
最好的锅排名第一,['46679'],[],merged,1,0,[],,['47272'],[0.4996182322502136],['title_description']
最好的锅排名第一,['46679'],[],merged,3,0,[],,"['47272', '5881', '60977']","[0.4996182322502136, 0.4467177391052246, 0.43152618408203125]","['title_description', 'title_description', 'title_description']"
最好闻的香水,['46679'],[],merged,1,0,[],,['60977'],[0.4660406708717346],['title_description']
最好闻的香水,['46679'],[],merged,3,0,[],,"['60977', '5544', '47272']","[0.4660406708717346, 0.46225401759147644, 0.43537479639053345]","['title_description', 'description', 'title_description']"
格力空调哪个型号好,['46679'],[],merged,1,0,[],,['5882'],[0.5089999437332153],['title_description']
格力空调哪个型号好,['46679'],[],merged,3,0,[],,"['5882', '5881', '60977']","[0.5089999437332153, 0.5020190477371216, 0.44414493441581726]","['title_description', 'title_description', 'title_description']"
欧莱雅哪款洗发水好用,['46679'],[],merged,1,0,[],,['60977'],[0.3905423879623413],['title_description']
欧莱雅哪款洗发水好用,['46679'],[],merged,3,0,[],,"['60977', '5881', '51474']","[0.3905423879623413, 0.36150047183036804, 0.33936670422554016]","['title_description', 'title_description', 'description']"
洗衣液排名,['46679'],[],merged,1,0,[],,['60977'],[0.47845324873924255],['title_description']
洗衣液排名,['46679'],[],merged,3,0,[],,"['60977', '5881', '5882']","[0.47845324873924255, 0.4594598412513733, 0.431953489780426]","['title_description', 'title_description', 'description']"
点读笔十大排名,['46679'],[],merged,1,0,[],,['51382'],[0.41315844655036926],['title_description']
点读笔十大排名,['46679'],[],merged,3,0,[],,"['51382', '47198', '51381']","[0.41315844655036926, 0.3938348889350891, 0.3880123794078827]","['title_description', 'description', 'description']"
燃气热水器排名,['46679'],[],merged,1,0,[],,['5881'],[0.5381979942321777],['title_description']
燃气热水器排名,['46679'],[],merged,3,0,[],,"['5881', '5882', '47272']","[0.5381979942321777, 0.48510104417800903, 0.4531225562095642]","['title_description', 'title_description', 'title_description']"
牙膏排名\/,['46679'],[],merged,1,0,[],,['60977'],[0.4794519245624542],['title_description']
牙膏排名\/,['46679'],[],merged,3,0,[],,"['60977', '5882', '5544']","[0.4794519245624542, 0.4571702480316162, 0.45630770921707153]","['title_description', 'title_description', 'description']"
现在最好的显卡,['46679'],[],merged,1,0,[],,['61111'],[0.5309683084487915],['title_description']
现在最好的显卡,['46679'],[],merged,3,0,[],,"['61111', '5601', '60977']","[0.5309683084487915, 0.5279362797737122, 0.5243977904319763]","['title_description', 'title_description', 'title_description']"
现在最火的手机是哪一款,['46679'],[],merged,1,0,[],,['60540'],[0.5901801586151123],['description']
现在最火的手机是哪一款,['46679'],[],merged,3,0,[],,"['60540', '60977', '5601']","[0.5901801586151123, 0.4864480495452881, 0.4711514711380005]","['description', 'title_description', 'title_description']"
现在那种风扇好用,['46679'],[],merged,1,0,[],,['60977'],[0.5146791934967041],['title_description']
现在那种风扇好用,['46679'],[],merged,3,0,[],,"['60977', '5881', '60540']","[0.5146791934967041, 0.4840015172958374, 0.4457938075065613]","['title_description', 'description', 'description']"
生日礼物有什么好,['46679'],[],merged,1,0,[],,['61111'],[0.5225250124931335],['title_description']
生日礼物有什么好,['46679'],[],merged,3,0,[],,"['61111', '5601', '60977']","[0.5225250124931335, 0.49246466159820557, 0.4749985933303833]","['title_description', 'title_description', 'title_description']"
电动车排名,['46679'],[],merged,1,0,[],,['5271'],[0.6155906915664673],['description']
电动车排名,['46679'],[],merged,3,0,[],,"['5271', '50760', '50574']","[0.6155906915664673, 0.5894486904144287, 0.5811295509338379]","['description', 'description', 'description']"
电水壶排名,['46679'],[],merged,1,0,[],,['5881'],[0.48683562874794006],['title_description']
电水壶排名,['46679'],[],merged,3,0,[],,"['5881', '5544', '5882']","[0.48683562874794006, 0.41455841064453125, 0.3991474211215973]","['title_description', 'title_description', 'title_description']"
电视怎么排行,['46679'],[],merged,1,0,[],,['51275'],[0.5781898498535156],['title_description']
电视怎么排行,['46679'],[],merged,3,0,[],,"['51275', '60977', '60540']","[0.5781898498535156, 0.5626323223114014, 0.5096118450164795]","['title_description', 'title_description', 'description']"
男士手机排行榜前十名,['46679'],[],merged,1,0,[],,['60540'],[0.5217289328575134],['description']
男士手机排行榜前十名,['46679'],[],merged,3,0,[],,"['60540', '60977', '47272']","[0.5217289328575134, 0.41257548332214355, 0.39211511611938477]","['description', 'title_description', 'title_description']"
目前性价比最高的手机是哪款,['46679'],[],merged,1,0,[],,['60540'],[0.6550034284591675],['description']
目前性价比最高的手机是哪款,['46679'],[],merged,3,0,[],,"['60540', '60977', '60338']","[0.6550034284591675, 0.5597590804100037, 0.5475988984107971]","['description', 'title_description', 'description']"
空调怎么选,['46679'],[],merged,1,0,[],,['60977'],[0.5477354526519775],['title_description']
空调怎么选,['46679'],[],merged,3,0,[],,"['60977', '5881', '60540']","[0.5477354526519775, 0.5228608846664429, 0.4655655026435852]","['title_description', 'description', 'description']"
美的空调排行榜,['46679'],[],merged,1,0,[],,['5881'],[0.5267221331596375],['title_description']
美的空调排行榜,['46679'],[],merged,3,0,[],,"['5881', '60977', '5544']","[0.5267221331596375, 0.4544956088066101, 0.44513630867004395]","['title_description', 'title_description', 'description']"
羽毛球鞋推荐,['46679'],[],merged,1,0,[],,['60977'],[0.39157116413116455],['title_description']
羽毛球鞋推荐,['46679'],[],merged,3,0,[],,"['60977', '47272', '47190']","[0.39157116413116455, 0.37861692905426025, 0.36889156699180603]","['title_description', 'title_description', 'title_description']"
老板最建议买的三个型号,['46679'],[],merged,1,0,[],,['60977'],[0.6619169116020203],['title_description']
老板最建议买的三个型号,['46679'],[],merged,3,0,[],,"['60977', '5881', '60540']","[0.6619169116020203, 0.5961117744445801, 0.592812180519104]","['title_description', 'description', 'description']"
自行车排行榜前十名,['46679'],[],merged,1,0,[],,['5143'],[0.6240200996398926],['title_description']
自行车排行榜前十名,['46679'],[],merged,3,0,[],,"['5143', '50574', '62106']","[0.6240200996398926, 0.5815516114234924, 0.5710891485214233]","['title_description', 'title_description', 'title_description']"
苹果手机哪款最好,['46679'],[],merged,1,0,[],,['60540'],[0.5604864358901978],['description']
苹果手机哪款最好,['46679'],[],merged,3,0,[],,"['60540', '60977', '60338']","[0.5604864358901978, 0.49164915084838867, 0.44104284048080444]","['description', 'title_description', 'description']"
荣耀哪款手机最好,['46679'],[],merged,1,0,[],,['60540'],[0.5361690521240234],['description']
荣耀哪款手机最好,['46679'],[],merged,3,0,[],,"['60540', '60977', '47272']","[0.5361690521240234, 0.459028422832489, 0.4448709487915039]","['description', 'title_description', 'title_description']"
荣耀手机哪款性价比高,['46679'],[],merged,1,0,[],,['60540'],[0.595049262046814],['description']
荣耀手机哪款性价比高,['46679'],[],merged,3,0,[],,"['60540', '60977', '60338']","[0.595049262046814, 0.475159615278244, 0.46189820766448975]","['description', 'title_description', 'description']"
蓝牙耳机推荐,['46679'],[],merged,1,0,[],,['60977'],[0.49842387437820435],['title_description']
蓝牙耳机推荐,['46679'],[],merged,3,0,[],,"['60977', '62248', '51474']","[0.49842387437820435, 0.4640321135520935, 0.46069443225860596]","['title_description', 'description', 'title_description']"
豆浆机排名,['46679'],[],merged,1,0,[],,['5881'],[0.4647585153579712],['title_description']
豆浆机排名,['46679'],[],merged,3,0,[],,"['5881', '5544', '60977']","[0.4647585153579712, 0.4308602511882782, 0.4169990122318268]","['title_description', 'description', 'title_description']"
跑鞋排行榜前十名,['46679'],[],merged,1,0,[],,['5143'],[0.4210275709629059],['title_description']
跑鞋排行榜前十名,['46679'],[],merged,3,0,[],,"['5143', '50574', '50760']","[0.4210275709629059, 0.42015230655670166, 0.41148829460144043]","['title_description', 'title_description', 'description']"
迪奥包,['46679'],[],merged,1,0,[],,['60977'],[0.4376841187477112],['title_description']
迪奥包,['46679'],[],merged,3,0,[],,"['60977', '61111', '5012']","[0.4376841187477112, 0.39374154806137085, 0.3935641050338745]","['title_description', 'title_description', 'description']"
送女士礼物前十件排名,['46679'],[],merged,1,0,[],,['60977'],[0.45574256777763367],['title_description']
送女士礼物前十件排名,['46679'],[],merged,3,0,[],,"['60977', '5544', '62106']","[0.45574256777763367, 0.4414575397968292, 0.43631118535995483]","['title_description', 'title_description', 'title_description']"
送男士什么生日礼物比较合适,['46679'],[],merged,1,0,[],,['60977'],[0.4925403296947479],['title_description']
送男士什么生日礼物比较合适,['46679'],[],merged,3,0,[],,"['60977', '61111', '5601']","[0.4925403296947479, 0.4770791530609131, 0.45230424404144287]","['title_description', 'title_description', 'title_description']"
那个盐最好,['46679'],[],merged,1,0,[],,['60977'],[0.5200686454772949],['title_description']
那个盐最好,['46679'],[],merged,3,0,[],,"['60977', '47272', '5544']","[0.5200686454772949, 0.5011752843856812, 0.4713454842567444]","['title_description', 'title_description', 'title_description']"
那款手机最好,['46679'],[],merged,1,0,[],,['60540'],[0.6306434869766235],['description']
那款手机最好,['46679'],[],merged,3,0,[],,"['60540', '60977', '60338']","[0.6306434869766235, 0.5998427271842957, 0.5315279364585876]","['description', 'title_description', 'description']"
那款拍照手机最好,['46679'],[],merged,1,0,[],,['60540'],[0.5788700580596924],['description']
那款拍照手机最好,['46679'],[],merged,3,0,[],,"['60540', '60977', '60338']","[0.5788700580596924, 0.5537026524543762, 0.4982677400112152]","['description', 'title_description', 'description']"
那种奶粉比较好,['46679'],[],merged,1,0,[],,['60977'],[0.5700047016143799],['title_description']
那种奶粉比较好,['46679'],[],merged,3,0,[],,"['60977', '5881', '5882']","[0.5700047016143799, 0.46702873706817627, 0.46564608812332153]","['title_description', 'description', 'description']"
那种护肤品好,['46679'],[],merged,1,0,[],,['60977'],[0.5740389227867126],['title_description']
那种护肤品好,['46679'],[],merged,3,0,[],,"['60977', '5882', '5544']","[0.5740389227867126, 0.5034437775611877, 0.46996384859085083]","['title_description', 'description', 'description']"
那种避孕套最好,['46679'],[],merged,1,0,[],,['60977'],[0.5365182161331177],['title_description']
那种避孕套最好,['46679'],[],merged,3,0,[],,"['60977', '5881', '47272']","[0.5365182161331177, 0.46010780334472656, 0.44543027877807617]","['title_description', 'description', 'title_description']"
钢笔排行,['46679'],[],merged,1,0,[],,['60977'],[0.49865296483039856],['title_description']
钢笔排行,['46679'],[],merged,3,0,[],,"['60977', '51382', '5882']","[0.49865296483039856, 0.47728705406188965, 0.469590961933136]","['title_description', 'title_description', 'title_description']"
除甲醛排名第一,['46679'],[],merged,1,0,[],,['60977'],[0.48204028606414795],['title_description']
除甲醛排名第一,['46679'],[],merged,3,0,[],,"['60977', '5881', '50574']","[0.48204028606414795, 0.48009711503982544, 0.46876537799835205]","['title_description', 'description', 'title_description']"
颈椎按摩器哪种最好,['46679'],[],merged,1,0,[],,['60977'],[0.377146452665329],['title_description']
颈椎按摩器哪种最好,['46679'],[],merged,3,0,[],,"['60977', '60540', '5881']","[0.377146452665329, 0.3595202565193176, 0.35906171798706055]","['title_description', 'description', 'description']"
飞机杯那种好,['46679'],[],merged,1,0,[],,['60977'],[0.5269139409065247],['title_description']
飞机杯那种好,['46679'],[],merged,3,0,[],,"['60977', '60540', '5544']","[0.5269139409065247, 0.43772369623184204, 0.4371158480644226]","['title_description', 'description', 'description']"
高中生军训用什么防晒霜好,['46679'],[],merged,1,0,[],,['60977'],[0.37770694494247437],['title_description']
高中生军训用什么防晒霜好,['46679'],[],merged,3,0,[],,"['60977', '4551', '39537']","[0.37770694494247437, 0.3717315196990967, 0.3642937242984772]","['title_description', 'description', 'description']"
1.5匹空调哪款性价比最高,['46679'],[],title_description,1,0,[],,['60977'],[0.5022343993186951],['title_description']
1.5匹空调哪款性价比最高,['46679'],[],title_description,3,0,[],,"['60977', '5881', '60338']","[0.5022343993186951, 0.4989813268184662, 0.4459642171859741]","['title_description', 'title_description', 'title_description']"
1000元左右的手机有哪些,['46679'],[],title_description,1,0,[],,['60540'],[0.6088820099830627],['title_description']
1000元左右的手机有哪些,['46679'],[],title_description,3,0,[],,"['60540', '60977', '50760']","[0.6088820099830627, 0.5155911445617676, 0.5099185109138489]","['title_description', 'title_description', 'title_description']"
100元左右的白酒推荐,['46679'],[],title_description,1,0,[],,['50760'],[0.4357115626335144],['title_description']
100元左右的白酒推荐,['46679'],[],title_description,3,0,[],,"['50760', '61800', '50192']","[0.4357115626335144, 0.40137043595314026, 0.40111926198005676]","['title_description', 'title_description', 'title_description']"
10岁女孩十大最佳礼物,['46679'],[],title_description,1,0,[],,['5544'],[0.36411312222480774],['title_description']
10岁女孩十大最佳礼物,['46679'],[],title_description,3,0,[],,"['5544', '60977', '62106']","[0.36411312222480774, 0.345656156539917, 0.33546411991119385]","['title_description', 'title_description', 'title_description']"
1500元左右的游戏手机,['46679'],[],title_description,1,0,[],,['60540'],[0.49828940629959106],['title_description']
1500元左右的游戏手机,['46679'],[],title_description,3,0,[],,"['60540', '60977', '50760']","[0.49828940629959106, 0.3798333704471588, 0.37113630771636963]","['title_description', 'title_description', 'title_description']"
2000元以内电竞手机推荐,['46679'],[],title_description,1,0,[],,['60540'],[0.5102283954620361],['title_description']
2000元以内电竞手机推荐,['46679'],[],title_description,3,0,[],,"['60540', '60977', '50760']","[0.5102283954620361, 0.4330170750617981, 0.4182608127593994]","['title_description', 'title_description', 'title_description']"
2000元左右的手机性价比高的推荐,['46679'],[],title_description,1,0,[],,['60540'],[0.5937377214431763],['title_description']
2000元左右的手机性价比高的推荐,['46679'],[],title_description,3,0,[],,"['60540', '50760', '60977']","[0.5937377214431763, 0.5147377252578735, 0.4805239140987396]","['title_description', 'title_description', 'title_description']"
2026手机推荐,['46679'],[],title_description,1,0,[],,['60540'],[0.5133888721466064],['title_description']
2026手机推荐,['46679'],[],title_description,3,0,[],,"['60540', '60977', '5601']","[0.5133888721466064, 0.4754409193992615, 0.4566304683685303]","['title_description', 'title_description', 'title_description']"
2k屏手机排行榜,['46679'],[],title_description,1,0,[],,['60540'],[0.5187252759933472],['title_description']
2k屏手机排行榜,['46679'],[],title_description,3,0,[],,"['60540', '60977', '50760']","[0.5187252759933472, 0.48082053661346436, 0.45638516545295715]","['title_description', 'title_description', 'title_description']"
3000左右的手机推荐,['46679'],[],title_description,1,0,[],,['60540'],[0.5730674862861633],['title_description']
3000左右的手机推荐,['46679'],[],title_description,3,0,[],,"['60540', '50760', '60977']","[0.5730674862861633, 0.4922737181186676, 0.4900439977645874]","['title_description', 'title_description', 'title_description']"
40岁可以用什么护肤品,['46679'],[],title_description,1,0,[],,['60977'],[0.5222234725952148],['title_description']
40岁可以用什么护肤品,['46679'],[],title_description,3,0,[],,"['60977', '47272', '61111']","[0.5222234725952148, 0.4281505346298218, 0.4159942865371704]","['title_description', 'title_description', 'title_description']"
oppo手机哪款最好,['46679'],[],title_description,1,0,[],,['60977'],[0.5125025510787964],['title_description']
oppo手机哪款最好,['46679'],[],title_description,3,0,[],,"['60977', '60540', '60338']","[0.5125025510787964, 0.4867674708366394, 0.42180633544921875]","['title_description', 'title_description', 'title_description']"
vivo哪款手机好,['46679'],[],title_description,1,0,[],,['60977'],[0.5425542593002319],['title_description']
vivo哪款手机好,['46679'],[],title_description,3,0,[],,"['60977', '60540', '47272']","[0.5425542593002319, 0.4810367524623871, 0.4596808850765228]","['title_description', 'title_description', 'title_description']"
两千左右的手机哪款最好,['46679'],[],title_description,1,0,[],,['60540'],[0.5527676343917847],['title_description']
两千左右的手机哪款最好,['46679'],[],title_description,3,0,[],,"['60540', '50760', '60977']","[0.5527676343917847, 0.5443530082702637, 0.489115834236145]","['title_description', 'title_description', 'title_description']"
乒乓球拍胶皮十大排名,['46679'],[],title_description,1,0,[],,['60977'],[0.40593183040618896],['title_description']
乒乓球拍胶皮十大排名,['46679'],[],title_description,3,0,[],,"['60977', '5882', '47272']","[0.40593183040618896, 0.3826221227645874, 0.3721539378166199]","['title_description', 'title_description', 'title_description']"
什么床垫最好排名第一,['46679'],[],title_description,1,0,[],,['5881'],[0.45999711751937866],['title_description']
什么床垫最好排名第一,['46679'],[],title_description,3,0,[],,"['5881', '60977', '47272']","[0.45999711751937866, 0.4531249403953552, 0.4305420517921448]","['title_description', 'title_description', 'title_description']"
什么手机像素最好,['46679'],[],title_description,1,0,[],,['60540'],[0.549690842628479],['title_description']
什么手机像素最好,['46679'],[],title_description,3,0,[],,"['60540', '60977', '60338']","[0.549690842628479, 0.49427998065948486, 0.4381774961948395]","['title_description', 'title_description', 'title_description']"
什么手机折叠屏最好,['46679'],[],title_description,1,0,[],,['60540'],[0.5307921171188354],['title_description']
什么手机折叠屏最好,['46679'],[],title_description,3,0,[],,"['60540', '60977', '5601']","[0.5307921171188354, 0.4805101156234741, 0.4127793610095978]","['title_description', 'title_description', 'title_description']"
什么手机最好排行榜,['46679'],[],title_description,1,0,[],,['60540'],[0.5672553777694702],['title_description']
什么手机最好排行榜,['46679'],[],title_description,3,0,[],,"['60540', '60977', '50574']","[0.5672553777694702, 0.489412784576416, 0.44878727197647095]","['title_description', 'title_description', 'title_description']"
什么木菜板最好,['46679'],[],title_description,1,0,[],,['60977'],[0.4270211458206177],['title_description']
什么木菜板最好,['46679'],[],title_description,3,0,[],,"['60977', '47272', '60338']","[0.4270211458206177, 0.41684675216674805, 0.39012056589126587]","['title_description', 'title_description', 'title_description']"
什么空调最省电又好用,['46679'],[],title_description,1,0,[],,['5881'],[0.5167496204376221],['title_description']
什么空调最省电又好用,['46679'],[],title_description,3,0,[],,"['5881', '60977', '5544']","[0.5167496204376221, 0.472043514251709, 0.43940192461013794]","['title_description', 'title_description', 'title_description']"
佳能相机推荐,['46679'],[],title_description,1,0,[],,['60977'],[0.47927334904670715],['title_description']
佳能相机推荐,['46679'],[],title_description,3,0,[],,"['60977', '5881', '51474']","[0.47927334904670715, 0.4527742862701416, 0.44489195942878723]","['title_description', 'title_description', 'title_description']"
便宜像素高的手机,['46679'],[],title_description,1,0,[],,['60540'],[0.5769867897033691],['title_description']
便宜像素高的手机,['46679'],[],title_description,3,0,[],,"['60540', '60977', '60338']","[0.5769867897033691, 0.4634818434715271, 0.4447841942310333]","['title_description', 'title_description', 'title_description']"
儿童最好奶粉排行榜,['46679'],[],title_description,1,0,[],,['60977'],[0.4395122826099396],['title_description']
儿童最好奶粉排行榜,['46679'],[],title_description,3,0,[],,"['60977', '5881', '5544']","[0.4395122826099396, 0.4119336009025574, 0.3927837312221527]","['title_description', 'title_description', 'title_description']"
"冰箱排行榜,",['46679'],[],title_description,1,0,[],,['60977'],[0.599918007850647],['title_description']
"冰箱排行榜,",['46679'],[],title_description,3,0,[],,"['60977', '5881', '5544']","[0.599918007850647, 0.5731011629104614, 0.5015691518783569]","['title_description', 'title_description', 'title_description']"
初中生用哪款学习机好,['46679'],[],title_description,1,0,[],,['60977'],[0.42812442779541016],['title_description']
初中生用哪款学习机好,['46679'],[],title_description,3,0,[],,"['60977', '60540', '60293']","[0.42812442779541016, 0.3948138952255249, 0.391899049282074]","['title_description', 'title_description', 'title_description']"
化妆品推荐,['46679'],[],title_description,1,0,[],,['60977'],[0.6061228513717651],['title_description']
化妆品推荐,['46679'],[],title_description,3,0,[],,"['60977', '5544', '47272']","[0.6061228513717651, 0.5286530256271362, 0.5065690875053406]","['title_description', 'title_description', 'title_description']"
十大公认最好啤酒,['46679'],[],title_description,1,0,[],,['5881'],[0.40416574478149414],['title_description']
十大公认最好啤酒,['46679'],[],title_description,3,0,[],,"['5881', '5882', '47272']","[0.40416574478149414, 0.3714722990989685, 0.36508166790008545]","['title_description', 'title_description', 'title_description']"
十大公认最好空调,['46679'],[],title_description,1,0,[],,['5881'],[0.5399081707000732],['title_description']
十大公认最好空调,['46679'],[],title_description,3,0,[],,"['5881', '5882', '5544']","[0.5399081707000732, 0.4239417612552643, 0.40810316801071167]","['title_description', 'title_description', 'title_description']"
十大口碑最好的自行车,['46679'],[],title_description,1,0,[],,['5819'],[0.4943242073059082],['title_description']
十大口碑最好的自行车,['46679'],[],title_description,3,0,[],,"['5819', '50760', '50574']","[0.4943242073059082, 0.4428919851779938, 0.40247806906700134]","['title_description', 'title_description', 'title_description']"
十大电吹管排名,['46679'],[],title_description,1,0,[],,['5881'],[0.39598897099494934],['title_description']
十大电吹管排名,['46679'],[],title_description,3,0,[],,"['5881', '60977', '5882']","[0.39598897099494934, 0.37431600689888, 0.3633623719215393]","['title_description', 'title_description', 'title_description']"
华为信号最好的手机是哪一款,['46679'],[],title_description,1,0,[],,['60540'],[0.5208762884140015],['title_description']
华为信号最好的手机是哪一款,['46679'],[],title_description,3,0,[],,"['60540', '60977', '47272']","[0.5208762884140015, 0.4723195433616638, 0.4695364236831665]","['title_description', 'title_description', 'title_description']"
华为手机排行,['46679'],[],title_description,1,0,[],,['60540'],[0.5511153936386108],['title_description']
华为手机排行,['46679'],[],title_description,3,0,[],,"['60540', '47272', '60977']","[0.5511153936386108, 0.4746275544166565, 0.47033071517944336]","['title_description', 'title_description', 'title_description']"
口碑最好的净水器,['46679'],[],title_description,1,0,[],,['5881'],[0.495996356010437],['title_description']
口碑最好的净水器,['46679'],[],title_description,3,0,[],,"['5881', '5544', '5819']","[0.495996356010437, 0.4398386478424072, 0.4310806095600128]","['title_description', 'title_description', 'title_description']"
吃什么油最好排行榜前十名,['46679'],[],title_description,1,0,[],,['47272'],[0.45753011107444763],['title_description']
吃什么油最好排行榜前十名,['46679'],[],title_description,3,0,[],,"['47272', '60977', '50760']","[0.45753011107444763, 0.45379066467285156, 0.42303115129470825]","['title_description', 'title_description', 'title_description']"
各种鱼缸大全,['46679'],[],title_description,1,0,[],,['60977'],[0.38605737686157227],['title_description']
各种鱼缸大全,['46679'],[],title_description,3,0,[],,"['60977', '47272', '5179']","[0.38605737686157227, 0.3743846118450165, 0.3674114942550659]","['title_description', 'title_description', 'title_description']"
吹风机排名,['46679'],[],title_description,1,0,[],,['60977'],[0.4887346923351288],['title_description']
吹风机排名,['46679'],[],title_description,3,0,[],,"['60977', '5881', '5882']","[0.4887346923351288, 0.4861615300178528, 0.45375049114227295]","['title_description', 'title_description', 'title_description']"
哪一种牙刷最好用,['46679'],[],title_description,1,0,[],,['60977'],[0.49691155552864075],['title_description']
哪一种牙刷最好用,['46679'],[],title_description,3,0,[],,"['60977', '5544', '5881']","[0.49691155552864075, 0.42513951659202576, 0.41794127225875854]","['title_description', 'title_description', 'title_description']"
哪个洗面奶好用,['46679'],[],title_description,1,0,[],,['60977'],[0.49247580766677856],['title_description']
哪个洗面奶好用,['46679'],[],title_description,3,0,[],,"['60977', '5881', '61111']","[0.49247580766677856, 0.4237563908100128, 0.4138270616531372]","['title_description', 'title_description', 'title_description']"
哪款学习机性价比高,['46679'],[],title_description,1,0,[],,['60977'],[0.4964817762374878],['title_description']
哪款学习机性价比高,['46679'],[],title_description,3,0,[],,"['60977', '60540', '60338']","[0.4964817762374878, 0.48379194736480713, 0.45309174060821533]","['title_description', 'title_description', 'title_description']"
哪款手机防水最好,['46679'],[],title_description,1,0,[],,['60540'],[0.4809817671775818],['title_description']
哪款手机防水最好,['46679'],[],title_description,3,0,[],,"['60540', '60977', '47272']","[0.4809817671775818, 0.4484155774116516, 0.3993551433086395]","['title_description', 'title_description', 'title_description']"
哪款的平板性价比高,['46679'],[],title_description,1,0,[],,['60977'],[0.5517140626907349],['title_description']
哪款的平板性价比高,['46679'],[],title_description,3,0,[],,"['60977', '60540', '60338']","[0.5517140626907349, 0.5245229601860046, 0.4831439256668091]","['title_description', 'title_description', 'title_description']"
哪款破壁机最好,['46679'],[],title_description,1,0,[],,['60977'],[0.48094019293785095],['title_description']
哪款破壁机最好,['46679'],[],title_description,3,0,[],,"['60977', '5881', '5882']","[0.48094019293785095, 0.46504178643226624, 0.4286010265350342]","['title_description', 'title_description', 'title_description']"
哪款耳机好,['46679'],[],title_description,1,0,[],,['60977'],[0.5167867541313171],['title_description']
哪款耳机好,['46679'],[],title_description,3,0,[],,"['60977', '62248', '5179']","[0.5167867541313171, 0.46458789706230164, 0.44264715909957886]","['title_description', 'title_description', 'title_description']"
哪种凉席最好,['46679'],[],title_description,1,0,[],,['60977'],[0.45427191257476807],['title_description']
哪种凉席最好,['46679'],[],title_description,3,0,[],,"['60977', '5881', '60338']","[0.45427191257476807, 0.40563592314720154, 0.4054837226867676]","['title_description', 'title_description', 'title_description']"
哪种电动车电池最好最耐用,['46679'],[],title_description,1,0,[],,['60977'],[0.49115216732025146],['title_description']
哪种电动车电池最好最耐用,['46679'],[],title_description,3,0,[],,"['60977', '5271', '5881']","[0.49115216732025146, 0.4567279815673828, 0.4296869933605194]","['title_description', 'title_description', 'title_description']"
喝什么酒最好,['46679'],[],title_description,1,0,[],,['47272'],[0.47155237197875977],['title_description']
喝什么酒最好,['46679'],[],title_description,3,0,[],,"['47272', '60977', '61111']","[0.47155237197875977, 0.47044649720191956, 0.42331182956695557]","['title_description', 'title_description', 'title_description']"
喝什么饮料最好,['46679'],[],title_description,1,0,[],,['60977'],[0.5116156339645386],['title_description']
喝什么饮料最好,['46679'],[],title_description,3,0,[],,"['60977', '47272', '5544']","[0.5116156339645386, 0.5098587870597839, 0.46569010615348816]","['title_description', 'title_description', 'title_description']"
国产奶粉,['46679'],[],title_description,1,0,[],,['60977'],[0.437744677066803],['title_description']
国产奶粉,['46679'],[],title_description,3,0,[],,"['60977', '5881', '47272']","[0.437744677066803, 0.4132160544395447, 0.3999713659286499]","['title_description', 'title_description', 'title_description']"
国产油锯十大排名,['46679'],[],title_description,1,0,[],,['5881'],[0.4008973240852356],['title_description']
国产油锯十大排名,['46679'],[],title_description,3,0,[],,"['5881', '50574', '5882']","[0.4008973240852356, 0.38590362668037415, 0.3806766867637634]","['title_description', 'title_description', 'title_description']"
国内血压计排名前十名,['46679'],[],title_description,1,0,[],,['5881'],[0.48376595973968506],['title_description']
国内血压计排名前十名,['46679'],[],title_description,3,0,[],,"['5881', '50760', '5882']","[0.48376595973968506, 0.44560909271240234, 0.43984454870224]","['title_description', 'title_description', 'title_description']"
大疆无人机哪款性价比高,['46679'],[],title_description,1,0,[],,['60977'],[0.44939619302749634],['title_description']
大疆无人机哪款性价比高,['46679'],[],title_description,3,0,[],,"['60977', '60540', '60338']","[0.44939619302749634, 0.42932116985321045, 0.4200555682182312]","['title_description', 'title_description', 'title_description']"
好吃的火锅底料推荐,['46679'],[],title_description,1,0,[],,['47272'],[0.5426472425460815],['title_description']
好吃的火锅底料推荐,['46679'],[],title_description,3,0,[],,"['47272', '5544', '60977']","[0.5426472425460815, 0.4054374694824219, 0.38187283277511597]","['title_description', 'title_description', 'title_description']"
婴儿拉拉裤排行榜前十名,['46679'],[],title_description,1,0,[],,['50574'],[0.3443980813026428],['title_description']
婴儿拉拉裤排行榜前十名,['46679'],[],title_description,3,0,[],,"['50574', '60977', '5881']","[0.3443980813026428, 0.34224605560302734, 0.31645262241363525]","['title_description', 'title_description', 'title_description']"
学习机哪个好,['46679'],[],title_description,1,0,[],,['60977'],[0.491294801235199],['title_description']
学习机哪个好,['46679'],[],title_description,3,0,[],,"['60977', '51381', '60293']","[0.491294801235199, 0.4353281855583191, 0.4289398789405823]","['title_description', 'title_description', 'title_description']"
学生用什么手机好,['46679'],[],title_description,1,0,[],,['60540'],[0.5328214764595032],['title_description']
学生用什么手机好,['46679'],[],title_description,3,0,[],,"['60540', '60977', '51381']","[0.5328214764595032, 0.4863135516643524, 0.4268893599510193]","['title_description', 'title_description', 'title_description']"
家庭用什么盐最好,['46679'],[],title_description,1,0,[],,['60977'],[0.44429245591163635],['title_description']
家庭用什么盐最好,['46679'],[],title_description,3,0,[],,"['60977', '47272', '5601']","[0.44429245591163635, 0.42591968178749084, 0.3978668451309204]","['title_description', 'title_description', 'title_description']"
家用净化器推荐,['46679'],[],title_description,1,0,[],,['5881'],[0.4610273241996765],['title_description']
家用净化器推荐,['46679'],[],title_description,3,0,[],,"['5881', '60977', '5544']","[0.4610273241996765, 0.4454268515110016, 0.43149226903915405]","['title_description', 'title_description', 'title_description']"
家用监控摄像头哪款最好,['46679'],[],title_description,1,0,[],,['5881'],[0.4134281873703003],['title_description']
家用监控摄像头哪款最好,['46679'],[],title_description,3,0,[],,"['5881', '60977', '51275']","[0.4134281873703003, 0.4045102596282959, 0.38820213079452515]","['title_description', 'title_description', 'title_description']"
家用绞肉机推荐,['46679'],[],title_description,1,0,[],,['5544'],[0.3616257607936859],['title_description']
家用绞肉机推荐,['46679'],[],title_description,3,0,[],,"['5544', '47272', '5881']","[0.3616257607936859, 0.35544759035110474, 0.3451043665409088]","['title_description', 'title_description', 'title_description']"
导航最好用的手机是哪一款,['46679'],[],title_description,1,0,[],,['47190'],[0.5952638983726501],['title_description']
导航最好用的手机是哪一款,['46679'],[],title_description,3,0,[],,"['47190', '60977', '62106']","[0.5952638983726501, 0.5474852323532104, 0.535088300704956]","['title_description', 'title_description', 'title_description']"
小米哪款手机性价比最高,['46679'],[],title_description,1,0,[],,['60540'],[0.5296663045883179],['title_description']
小米哪款手机性价比最高,['46679'],[],title_description,3,0,[],,"['60540', '60977', '60338']","[0.5296663045883179, 0.5032473802566528, 0.47267335653305054]","['title_description', 'title_description', 'title_description']"
小米手机排行,['46679'],[],title_description,1,0,[],,['60540'],[0.4837471842765808],['title_description']
小米手机排行,['46679'],[],title_description,3,0,[],,"['60540', '60977', '50760']","[0.4837471842765808, 0.46927398443222046, 0.435796856880188]","['title_description', 'title_description', 'title_description']"
屏幕大的手机有哪些,['46679'],[],title_description,1,0,[],,['60540'],[0.5810281038284302],['title_description']
屏幕大的手机有哪些,['46679'],[],title_description,3,0,[],,"['60540', '60977', '5012']","[0.5810281038284302, 0.4972042143344879, 0.44632217288017273]","['title_description', 'title_description', 'title_description']"
延时喷雾排名,['46679'],[],title_description,1,0,[],,['60977'],[0.36218690872192383],['title_description']
延时喷雾排名,['46679'],[],title_description,3,0,[],,"['60977', '5881', '5882']","[0.36218690872192383, 0.36048364639282227, 0.35643503069877625]","['title_description', 'title_description', 'title_description']"
开关插座十大排名,['46679'],[],title_description,1,0,[],,['5881'],[0.49626418948173523],['title_description']
开关插座十大排名,['46679'],[],title_description,3,0,[],,"['5881', '5882', '60977']","[0.49626418948173523, 0.44282054901123047, 0.4138683080673218]","['title_description', 'title_description', 'title_description']"
怎么选微波炉,['46679'],[],title_description,1,0,[],,['60977'],[0.5389953851699829],['title_description']
怎么选微波炉,['46679'],[],title_description,3,0,[],,"['60977', '5881', '47272']","[0.5389953851699829, 0.49504274129867554, 0.4796936511993408]","['title_description', 'title_description', 'title_description']"
性价比最高的显卡,['46679'],[],title_description,1,0,[],,['60338'],[0.5388225317001343],['title_description']
性价比最高的显卡,['46679'],[],title_description,3,0,[],,"['60338', '60977', '51044']","[0.5388225317001343, 0.5150641202926636, 0.4970642328262329]","['title_description', 'title_description', 'title_description']"
性价比最高的鼠标,['46679'],[],title_description,1,0,[],,['60977'],[0.48499196767807007],['title_description']
性价比最高的鼠标,['46679'],[],title_description,3,0,[],,"['60977', '5544', '60338']","[0.48499196767807007, 0.4753618538379669, 0.46911099553108215]","['title_description', 'title_description', 'title_description']"
性价比高的手机推荐,['46679'],[],title_description,1,0,[],,['60540'],[0.6567094326019287],['title_description']
性价比高的手机推荐,['46679'],[],title_description,3,0,[],,"['60540', '60977', '5544']","[0.6567094326019287, 0.5783523917198181, 0.529927134513855]","['title_description', 'title_description', 'title_description']"
手机排名,['46679'],[],title_description,1,0,[],,['60977'],[0.6277011632919312],['title_description']
手机排名,['46679'],[],title_description,3,0,[],,"['60977', '60540', '47272']","[0.6277011632919312, 0.6040183901786804, 0.5676677227020264]","['title_description', 'title_description', 'title_description']"
手表排行点。,['46679'],[],title_description,1,0,[],,['60977'],[0.5138787627220154],['title_description']
手表排行点。,['46679'],[],title_description,3,0,[],,"['60977', '5881', '47198']","[0.5138787627220154, 0.4893192648887634, 0.4888588488101959]","['title_description', 'title_description', 'title_description']"
打游戏用什么手机最好,['46679'],[],title_description,1,0,[],,['60540'],[0.46624094247817993],['title_description']
打游戏用什么手机最好,['46679'],[],title_description,3,0,[],,"['60540', '60977', '51275']","[0.46624094247817993, 0.4443098306655884, 0.4167152941226959]","['title_description', 'title_description', 'title_description']"
扫地机哪个好,['46679'],[],title_description,1,0,[],,['5881'],[0.48135000467300415],['title_description']
扫地机哪个好,['46679'],[],title_description,3,0,[],,"['5881', '60977', '5544']","[0.48135000467300415, 0.45822811126708984, 0.4185245633125305]","['title_description', 'title_description', 'title_description']"
折叠电动车,['46679'],[],title_description,1,0,[],,['47190'],[0.5233187675476074],['title_description']
折叠电动车,['46679'],[],title_description,3,0,[],,"['47190', '47266', '60977']","[0.5233187675476074, 0.5150977373123169, 0.4997814893722534]","['title_description', 'title_description', 'title_description']"
折叠钢琴十大排名,['46679'],[],title_description,1,0,[],,['5179'],[0.4018416404724121],['title_description']
折叠钢琴十大排名,['46679'],[],title_description,3,0,[],,"['5179', '51382', '62248']","[0.4018416404724121, 0.38422465324401855, 0.38159874081611633]","['title_description', 'title_description', 'title_description']"
掉发什么洗发水最好,['46679'],[],title_description,1,0,[],,['60977'],[0.449712872505188],['title_description']
掉发什么洗发水最好,['46679'],[],title_description,3,0,[],,"['60977', '47272', '60338']","[0.449712872505188, 0.40359190106391907, 0.3932340741157532]","['title_description', 'title_description', 'title_description']"
排名前十的染发剂有哪些,['46679'],[],title_description,1,0,[],,['60977'],[0.44819721579551697],['title_description']
排名前十的染发剂有哪些,['46679'],[],title_description,3,0,[],,"['60977', '5882', '5143']","[0.44819721579551697, 0.42355719208717346, 0.4220014810562134]","['title_description', 'title_description', 'title_description']"
排名前十的洗发水,['46679'],[],title_description,1,0,[],,['60977'],[0.4875764846801758],['title_description']
排名前十的洗发水,['46679'],[],title_description,3,0,[],,"['60977', '5881', '5882']","[0.4875764846801758, 0.46032392978668213, 0.4406054615974426]","['title_description', 'title_description', 'title_description']"
排名前十的酒,['46679'],[],title_description,1,0,[],,['5143'],[0.48836448788642883],['title_description']
排名前十的酒,['46679'],[],title_description,3,0,[],,"['5143', '62106', '47272']","[0.48836448788642883, 0.4874623715877533, 0.4861018657684326]","['title_description', 'title_description', 'title_description']"
排名前十耳机,['46679'],[],title_description,1,0,[],,['60977'],[0.516747236251831],['title_description']
排名前十耳机,['46679'],[],title_description,3,0,[],,"['60977', '50760', '5143']","[0.516747236251831, 0.482450932264328, 0.4754519462585449]","['title_description', 'title_description', 'title_description']"
排名十大奶粉,['46679'],[],title_description,1,0,[],,['60977'],[0.5714151859283447],['title_description']
排名十大奶粉,['46679'],[],title_description,3,0,[],,"['60977', '47272', '5881']","[0.5714151859283447, 0.502278208732605, 0.49382340908050537]","['title_description', 'title_description', 'title_description']"
推荐一下性价比高的笔记本电脑,['46679'],[],title_description,1,0,[],,['60977'],[0.5868659615516663],['title_description']
推荐一下性价比高的笔记本电脑,['46679'],[],title_description,3,0,[],,"['60977', '60540', '5544']","[0.5868659615516663, 0.509331226348877, 0.4992143213748932]","['title_description', 'title_description', 'title_description']"
推荐一款好用的遮瑕膏,['46679'],[],title_description,1,0,[],,['60977'],[0.42837005853652954],['title_description']
推荐一款好用的遮瑕膏,['46679'],[],title_description,3,0,[],,"['60977', '5544', '51474']","[0.42837005853652954, 0.3993237614631653, 0.3738516569137573]","['title_description', 'title_description', 'title_description']"
推荐一款性价比高的运动相机,['46679'],[],title_description,1,0,[],,['60977'],[0.5028427243232727],['title_description']
推荐一款性价比高的运动相机,['46679'],[],title_description,3,0,[],,"['60977', '51474', '51275']","[0.5028427243232727, 0.4684441387653351, 0.4366946816444397]","['title_description', 'title_description', 'title_description']"
敏感肌用什么护肤品,['46679'],[],title_description,1,0,[],,['60977'],[0.49239295721054077],['title_description']
敏感肌用什么护肤品,['46679'],[],title_description,3,0,[],,"['60977', '5544', '60338']","[0.49239295721054077, 0.40237677097320557, 0.39229685068130493]","['title_description', 'title_description', 'title_description']"
最好充电宝排名第一,['46679'],[],title_description,1,0,[],,['60977'],[0.5279914140701294],['title_description']
最好充电宝排名第一,['46679'],[],title_description,3,0,[],,"['60977', '5544', '47272']","[0.5279914140701294, 0.5044527053833008, 0.48625582456588745]","['title_description', 'title_description', 'title_description']"
最好吃大米排名第一名,['46679'],[],title_description,1,0,[],,['47272'],[0.4543370008468628],['title_description']
最好吃大米排名第一名,['46679'],[],title_description,3,0,[],,"['47272', '60977', '5544']","[0.4543370008468628, 0.40012261271476746, 0.39266207814216614]","['title_description', 'title_description', 'title_description']"
最好沐浴露排名第一名,['46679'],[],title_description,1,0,[],,['60977'],[0.47809165716171265],['title_description']
最好沐浴露排名第一名,['46679'],[],title_description,3,0,[],,"['60977', '5881', '5882']","[0.47809165716171265, 0.45827561616897583, 0.44020211696624756]","['title_description', 'title_description', 'title_description']"
最好用的粉底液,['46679'],[],title_description,1,0,[],,['60977'],[0.49812939763069153],['title_description']
最好用的粉底液,['46679'],[],title_description,3,0,[],,"['60977', '5544', '60338']","[0.49812939763069153, 0.45393043756484985, 0.4438531994819641]","['title_description', 'title_description', 'title_description']"
最好用的防晒霜,['46679'],[],title_description,1,0,[],,['60977'],[0.5117350220680237],['title_description']
最好用的防晒霜,['46679'],[],title_description,3,0,[],,"['60977', '5544', '60338']","[0.5117350220680237, 0.4439989924430847, 0.427070677280426]","['title_description', 'title_description', 'title_description']"
最好的锅排名第一,['46679'],[],title_description,1,0,[],,['47272'],[0.4996182322502136],['title_description']
最好的锅排名第一,['46679'],[],title_description,3,0,[],,"['47272', '5881', '60977']","[0.4996182322502136, 0.4467177391052246, 0.43152618408203125]","['title_description', 'title_description', 'title_description']"
最好闻的香水,['46679'],[],title_description,1,0,[],,['60977'],[0.4660406708717346],['title_description']
最好闻的香水,['46679'],[],title_description,3,0,[],,"['60977', '5544', '47272']","[0.4660406708717346, 0.45948129892349243, 0.43537479639053345]","['title_description', 'title_description', 'title_description']"
格力空调哪个型号好,['46679'],[],title_description,1,0,[],,['5882'],[0.5089999437332153],['title_description']
格力空调哪个型号好,['46679'],[],title_description,3,0,[],,"['5882', '5881', '60977']","[0.5089999437332153, 0.5020190477371216, 0.44414493441581726]","['title_description', 'title_description', 'title_description']"
欧莱雅哪款洗发水好用,['46679'],[],title_description,1,0,[],,['60977'],[0.3905423879623413],['title_description']
欧莱雅哪款洗发水好用,['46679'],[],title_description,3,0,[],,"['60977', '5881', '5882']","[0.3905423879623413, 0.36150047183036804, 0.3359890282154083]","['title_description', 'title_description', 'title_description']"
洗衣液排名,['46679'],[],title_description,1,0,[],,['60977'],[0.47845324873924255],['title_description']
洗衣液排名,['46679'],[],title_description,3,0,[],,"['60977', '5881', '62106']","[0.47845324873924255, 0.4594598412513733, 0.4231538772583008]","['title_description', 'title_description', 'title_description']"
点读笔十大排名,['46679'],[],title_description,1,0,[],,['51382'],[0.41315844655036926],['title_description']
点读笔十大排名,['46679'],[],title_description,3,0,[],,"['51382', '5143', '51381']","[0.41315844655036926, 0.38518303632736206, 0.3791506290435791]","['title_description', 'title_description', 'title_description']"
燃气热水器排名,['46679'],[],title_description,1,0,[],,['5881'],[0.5381979942321777],['title_description']
燃气热水器排名,['46679'],[],title_description,3,0,[],,"['5881', '5882', '47272']","[0.5381979942321777, 0.48510104417800903, 0.4531225562095642]","['title_description', 'title_description', 'title_description']"
牙膏排名\/,['46679'],[],title_description,1,0,[],,['60977'],[0.4794519245624542],['title_description']
牙膏排名\/,['46679'],[],title_description,3,0,[],,"['60977', '5882', '5881']","[0.4794519245624542, 0.4571702480316162, 0.4527560770511627]","['title_description', 'title_description', 'title_description']"
现在最好的显卡,['46679'],[],title_description,1,0,[],,['61111'],[0.5309683084487915],['title_description']
现在最好的显卡,['46679'],[],title_description,3,0,[],,"['61111', '5601', '60977']","[0.5309683084487915, 0.5279362797737122, 0.5243977904319763]","['title_description', 'title_description', 'title_description']"
现在最火的手机是哪一款,['46679'],[],title_description,1,0,[],,['60540'],[0.5357813835144043],['title_description']
现在最火的手机是哪一款,['46679'],[],title_description,3,0,[],,"['60540', '60977', '5601']","[0.5357813835144043, 0.4864480495452881, 0.4711514711380005]","['title_description', 'title_description', 'title_description']"
现在那种风扇好用,['46679'],[],title_description,1,0,[],,['60977'],[0.5146791934967041],['title_description']
现在那种风扇好用,['46679'],[],title_description,3,0,[],,"['60977', '5881', '5544']","[0.5146791934967041, 0.48103076219558716, 0.4420633316040039]","['title_description', 'title_description', 'title_description']"
生日礼物有什么好,['46679'],[],title_description,1,0,[],,['61111'],[0.5225250124931335],['title_description']
生日礼物有什么好,['46679'],[],title_description,3,0,[],,"['61111', '5601', '60977']","[0.5225250124931335, 0.49246466159820557, 0.4749985933303833]","['title_description', 'title_description', 'title_description']"
电动车排名,['46679'],[],title_description,1,0,[],,['50760'],[0.5875183343887329],['title_description']
电动车排名,['46679'],[],title_description,3,0,[],,"['50760', '5271', '60977']","[0.5875183343887329, 0.5826013684272766, 0.5707592964172363]","['title_description', 'title_description', 'title_description']"
电水壶排名,['46679'],[],title_description,1,0,[],,['5881'],[0.48683562874794006],['title_description']
电水壶排名,['46679'],[],title_description,3,0,[],,"['5881', '5544', '5882']","[0.48683562874794006, 0.41455841064453125, 0.3991474211215973]","['title_description', 'title_description', 'title_description']"
电视怎么排行,['46679'],[],title_description,1,0,[],,['51275'],[0.5781898498535156],['title_description']
电视怎么排行,['46679'],[],title_description,3,0,[],,"['51275', '60977', '47272']","[0.5781898498535156, 0.5626323223114014, 0.49382710456848145]","['title_description', 'title_description', 'title_description']"
男士手机排行榜前十名,['46679'],[],title_description,1,0,[],,['60540'],[0.4870896339416504],['title_description']
男士手机排行榜前十名,['46679'],[],title_description,3,0,[],,"['60540', '60977', '47272']","[0.4870896339416504, 0.41257548332214355, 0.39211511611938477]","['title_description', 'title_description', 'title_description']"
目前性价比最高的手机是哪款,['46679'],[],title_description,1,0,[],,['60540'],[0.6090424060821533],['title_description']
目前性价比最高的手机是哪款,['46679'],[],title_description,3,0,[],,"['60540', '60977', '60338']","[0.6090424060821533, 0.5597590804100037, 0.5242999792098999]","['title_description', 'title_description', 'title_description']"
空调怎么选,['46679'],[],title_description,1,0,[],,['60977'],[0.5477354526519775],['title_description']
空调怎么选,['46679'],[],title_description,3,0,[],,"['60977', '5881', '47272']","[0.5477354526519775, 0.49083200097084045, 0.4425289034843445]","['title_description', 'title_description', 'title_description']"
美的空调排行榜,['46679'],[],title_description,1,0,[],,['5881'],[0.5267221331596375],['title_description']
美的空调排行榜,['46679'],[],title_description,3,0,[],,"['5881', '60977', '5882']","[0.5267221331596375, 0.4544956088066101, 0.4425548315048218]","['title_description', 'title_description', 'title_description']"
羽毛球鞋推荐,['46679'],[],title_description,1,0,[],,['60977'],[0.39157116413116455],['title_description']
羽毛球鞋推荐,['46679'],[],title_description,3,0,[],,"['60977', '47272', '47190']","[0.39157116413116455, 0.37861692905426025, 0.36889156699180603]","['title_description', 'title_description', 'title_description']"
老板最建议买的三个型号,['46679'],[],title_description,1,0,[],,['60977'],[0.6619169116020203],['title_description']
老板最建议买的三个型号,['46679'],[],title_description,3,0,[],,"['60977', '5882', '5544']","[0.6619169116020203, 0.5866603851318359, 0.5857175588607788]","['title_description', 'title_description', 'title_description']"
自行车排行榜前十名,['46679'],[],title_description,1,0,[],,['5143'],[0.6240200996398926],['title_description']
自行车排行榜前十名,['46679'],[],title_description,3,0,[],,"['5143', '50574', '62106']","[0.6240200996398926, 0.5815516114234924, 0.5710891485214233]","['title_description', 'title_description', 'title_description']"
苹果手机哪款最好,['46679'],[],title_description,1,0,[],,['60540'],[0.5110883712768555],['title_description']
苹果手机哪款最好,['46679'],[],title_description,3,0,[],,"['60540', '60977', '5012']","[0.5110883712768555, 0.49164915084838867, 0.4276027977466583]","['title_description', 'title_description', 'title_description']"
荣耀哪款手机最好,['46679'],[],title_description,1,0,[],,['60540'],[0.48315978050231934],['title_description']
荣耀哪款手机最好,['46679'],[],title_description,3,0,[],,"['60540', '60977', '47272']","[0.48315978050231934, 0.459028422832489, 0.4448709487915039]","['title_description', 'title_description', 'title_description']"
荣耀手机哪款性价比高,['46679'],[],title_description,1,0,[],,['60540'],[0.553189218044281],['title_description']
荣耀手机哪款性价比高,['46679'],[],title_description,3,0,[],,"['60540', '60977', '50192']","[0.553189218044281, 0.475159615278244, 0.44020336866378784]","['title_description', 'title_description', 'title_description']"
蓝牙耳机推荐,['46679'],[],title_description,1,0,[],,['60977'],[0.49842387437820435],['title_description']
蓝牙耳机推荐,['46679'],[],title_description,3,0,[],,"['60977', '51474', '62248']","[0.49842387437820435, 0.46069443225860596, 0.4604591727256775]","['title_description', 'title_description', 'title_description']"
豆浆机排名,['46679'],[],title_description,1,0,[],,['5881'],[0.4647585153579712],['title_description']
豆浆机排名,['46679'],[],title_description,3,0,[],,"['5881', '5544', '60977']","[0.4647585153579712, 0.42246901988983154, 0.4169990122318268]","['title_description', 'title_description', 'title_description']"
跑鞋排行榜前十名,['46679'],[],title_description,1,0,[],,['5143'],[0.4210275709629059],['title_description']
跑鞋排行榜前十名,['46679'],[],title_description,3,0,[],,"['5143', '50574', '60977']","[0.4210275709629059, 0.42015230655670166, 0.4109635651111603]","['title_description', 'title_description', 'title_description']"
迪奥包,['46679'],[],title_description,1,0,[],,['60977'],[0.4376841187477112],['title_description']
迪奥包,['46679'],[],title_description,3,0,[],,"['60977', '61111', '23']","[0.4376841187477112, 0.39374154806137085, 0.3912746012210846]","['title_description', 'title_description', 'title_description']"
送女士礼物前十件排名,['46679'],[],title_description,1,0,[],,['60977'],[0.45574256777763367],['title_description']
送女士礼物前十件排名,['46679'],[],title_description,3,0,[],,"['60977', '5544', '62106']","[0.45574256777763367, 0.4414575397968292, 0.43631118535995483]","['title_description', 'title_description', 'title_description']"
送男士什么生日礼物比较合适,['46679'],[],title_description,1,0,[],,['60977'],[0.4925403296947479],['title_description']
送男士什么生日礼物比较合适,['46679'],[],title_description,3,0,[],,"['60977', '61111', '5601']","[0.4925403296947479, 0.4770791530609131, 0.45230424404144287]","['title_description', 'title_description', 'title_description']"
那个盐最好,['46679'],[],title_description,1,0,[],,['60977'],[0.5200686454772949],['title_description']
那个盐最好,['46679'],[],title_description,3,0,[],,"['60977', '47272', '5544']","[0.5200686454772949, 0.5011752843856812, 0.4713454842567444]","['title_description', 'title_description', 'title_description']"
那款手机最好,['46679'],[],title_description,1,0,[],,['60977'],[0.5998427271842957],['title_description']
那款手机最好,['46679'],[],title_description,3,0,[],,"['60977', '60540', '61111']","[0.5998427271842957, 0.5766754746437073, 0.5111509561538696]","['title_description', 'title_description', 'title_description']"
那款拍照手机最好,['46679'],[],title_description,1,0,[],,['60977'],[0.5537026524543762],['title_description']
那款拍照手机最好,['46679'],[],title_description,3,0,[],,"['60977', '60540', '61111']","[0.5537026524543762, 0.5285285711288452, 0.47375839948654175]","['title_description', 'title_description', 'title_description']"
那种奶粉比较好,['46679'],[],title_description,1,0,[],,['60977'],[0.5700047016143799],['title_description']
那种奶粉比较好,['46679'],[],title_description,3,0,[],,"['60977', '47272', '5881']","[0.5700047016143799, 0.456312358379364, 0.44680503010749817]","['title_description', 'title_description', 'title_description']"
那种护肤品好,['46679'],[],title_description,1,0,[],,['60977'],[0.5740389227867126],['title_description']
那种护肤品好,['46679'],[],title_description,3,0,[],,"['60977', '5544', '47272']","[0.5740389227867126, 0.4690949320793152, 0.45823967456817627]","['title_description', 'title_description', 'title_description']"
那种避孕套最好,['46679'],[],title_description,1,0,[],,['60977'],[0.5365182161331177],['title_description']
那种避孕套最好,['46679'],[],title_description,3,0,[],,"['60977', '47272', '5881']","[0.5365182161331177, 0.44543027877807617, 0.4420398473739624]","['title_description', 'title_description', 'title_description']"
钢笔排行,['46679'],[],title_description,1,0,[],,['60977'],[0.49865296483039856],['title_description']
钢笔排行,['46679'],[],title_description,3,0,[],,"['60977', '51382', '5882']","[0.49865296483039856, 0.47728705406188965, 0.469590961933136]","['title_description', 'title_description', 'title_description']"
除甲醛排名第一,['46679'],[],title_description,1,0,[],,['60977'],[0.48204028606414795],['title_description']
除甲醛排名第一,['46679'],[],title_description,3,0,[],,"['60977', '5881', '50574']","[0.48204028606414795, 0.4772404432296753, 0.46876537799835205]","['title_description', 'title_description', 'title_description']"
颈椎按摩器哪种最好,['46679'],[],title_description,1,0,[],,['60977'],[0.377146452665329],['title_description']
颈椎按摩器哪种最好,['46679'],[],title_description,3,0,[],,"['60977', '5544', '5881']","[0.377146452665329, 0.343258261680603, 0.34161287546157837]","['title_description', 'title_description', 'title_description']"
飞机杯那种好,['46679'],[],title_description,1,0,[],,['60977'],[0.5269139409065247],['title_description']
飞机杯那种好,['46679'],[],title_description,3,0,[],,"['60977', '5544', '51275']","[0.5269139409065247, 0.43365204334259033, 0.4332728087902069]","['title_description', 'title_description', 'title_description']"
高中生军训用什么防晒霜好,['46679'],[],title_description,1,0,[],,['60977'],[0.37770694494247437],['title_description']
高中生军训用什么防晒霜好,['46679'],[],title_description,3,0,[],,"['60977', '61111', '4551']","[0.37770694494247437, 0.3551902770996094, 0.34739115834236145]","['title_description', 'title_description', 'title_description']"
