query,gold_ids,missing_gold_ids,view,k,pass_at_k,hit_ids,first_hit_rank,recall_ids,recall_scores,recall_views
上岛食品有限公司陈家昇简介资料,['62497'],[],description,1,0,[],,['51457'],[0.3921789824962616],['description']
上岛食品有限公司陈家昇简介资料,['62497'],[],description,3,0,[],,"['51457', '47272', '5881']","[0.3921789824962616, 0.3673260509967804, 0.3457089960575104]","['description', 'description', 'description']"
上海星奇半导体董事长简介,['62497'],[],description,1,0,[],,['51457'],[0.47205793857574463],['description']
上海星奇半导体董事长简介,['62497'],[],description,3,0,[],,"['51457', '60265', '28128']","[0.47205793857574463, 0.42954447865486145, 0.41231292486190796]","['description', 'description', 'description']"
上海松禹集团李学民简介,['62497'],[],description,1,0,[],,['51457'],[0.4058009386062622],['description']
上海松禹集团李学民简介,['62497'],[],description,3,0,[],,"['51457', '39537', '5273']","[0.4058009386062622, 0.37590155005455017, 0.3622767925262451]","['description', 'description', 'description']"
上海欣兆阳科技有限公司李征,['62497'],[],description,1,0,[],,['51457'],[0.4621839225292206],['description']
上海欣兆阳科技有限公司李征,['62497'],[],description,3,0,[],,"['51457', '5881', '47198']","[0.4621839225292206, 0.4226948618888855, 0.419124573469162]","['description', 'description', 'description']"
上膳源董事长的电话,['62497'],[],description,1,0,[],,['5012'],[0.45714128017425537],['description']
上膳源董事长的电话,['62497'],[],description,3,0,[],,"['5012', '47198', '47272']","[0.45714128017425537, 0.4194146990776062, 0.41781944036483765]","['description', 'description', 'description']"
中信证券华南公司董事长,['62497'],[],description,1,0,[],,['5432'],[0.4351385533809662],['description']
中信证券华南公司董事长,['62497'],[],description,3,0,[],,"['5432', '51457', '60265']","[0.4351385533809662, 0.4334487318992615, 0.3979877829551697]","['description', 'description', 'description']"
中国华冶周志军,['62497'],[],description,1,0,[],,['51457'],[0.37714385986328125],['description']
中国华冶周志军,['62497'],[],description,3,0,[],,"['51457', '51323', '39537']","[0.37714385986328125, 0.3723950982093811, 0.35684844851493835]","['description', 'description', 'description']"
中建电力工程(深圳)有限公司刘天军简历,['62497'],[],description,1,0,[],,['51457'],[0.4767046570777893],['description']
中建电力工程(深圳)有限公司刘天军简历,['62497'],[],description,3,0,[],,"['51457', '60293', '267']","[0.4767046570777893, 0.43805360794067383, 0.41266247630119324]","['description', 'description', 'description']"
中核华辰张国华最新任职,['62497'],[],description,1,0,[],,['5550'],[0.3837648332118988],['description']
中核华辰张国华最新任职,['62497'],[],description,3,0,[],,"['5550', '51457', '60293']","[0.3837648332118988, 0.37844181060791016, 0.365617960691452]","['description', 'description', 'description']"
中谊慧诚陈涛怎么样了,['62497'],[],description,1,0,[],,['51474'],[0.4954257905483246],['description']
中谊慧诚陈涛怎么样了,['62497'],[],description,3,0,[],,"['51474', '51457', '47198']","[0.4954257905483246, 0.49418097734451294, 0.4552468955516815]","['description', 'description', 'description']"
"义乌市博娅思贸易有限公司,董杰简历",['62497'],[],description,1,0,[],,['5881'],[0.45447295904159546],['description']
"义乌市博娅思贸易有限公司,董杰简历",['62497'],[],description,3,0,[],,"['5881', '5544', '5882']","[0.45447295904159546, 0.4422328770160675, 0.4312717318534851]","['description', 'description', 'description']"
九联董事长电话是多少,['62497'],[],description,1,0,[],,['5012'],[0.5688819885253906],['description']
九联董事长电话是多少,['62497'],[],description,3,0,[],,"['5012', '47198', '5432']","[0.5688819885253906, 0.5558826327323914, 0.5108325481414795]","['description', 'description', 'description']"
云南丰泰泓通工程建设有限公司李东明,['62497'],[],description,1,0,[],,['51457'],[0.42453813552856445],['description']
云南丰泰泓通工程建设有限公司李东明,['62497'],[],description,3,0,[],,"['51457', '5273', '5359']","[0.42453813552856445, 0.3877021074295044, 0.3816211223602295]","['description', 'description', 'description']"
保盾保安服务有限公司林真丰,['62497'],[],description,1,0,[],,['51457'],[0.4289984107017517],['description']
保盾保安服务有限公司林真丰,['62497'],[],description,3,0,[],,"['51457', '5359', '5550']","[0.4289984107017517, 0.4075678884983063, 0.4059733748435974]","['description', 'description', 'description']"
内蒙古先泰农业科技有限公司彭文祥简历,['62497'],[],description,1,0,[],,['51457'],[0.5384600162506104],['description']
内蒙古先泰农业科技有限公司彭文祥简历,['62497'],[],description,3,0,[],,"['51457', '28128', '28126']","[0.5384600162506104, 0.42495453357696533, 0.42495453357696533]","['description', 'description', 'description']"
利利通物流公司法人是谁,['62497'],[],description,1,0,[],,['51457'],[0.5567500591278076],['description']
利利通物流公司法人是谁,['62497'],[],description,3,0,[],,"['51457', '60265', '28128']","[0.5567500591278076, 0.537553608417511, 0.529962420463562]","['description', 'description', 'description']"
剑南春乔天明现状,['62497'],[],description,1,0,[],,['47198'],[0.33253681659698486],['description']
剑南春乔天明现状,['62497'],[],description,3,0,[],,"['47198', '52524', '47272']","[0.33253681659698486, 0.3314293622970581, 0.3303322494029999]","['description', 'description', 'description']"
北京德恒乾坤医疗器械有限公司陈建文,['62497'],[],description,1,0,[],,['267'],[0.45064058899879456],['description']
北京德恒乾坤医疗器械有限公司陈建文,['62497'],[],description,3,0,[],,"['267', '51712', '51457']","[0.45064058899879456, 0.4137330651283264, 0.404128760099411]","['description', 'description', 'description']"
北京移动公司法人董事长,['62497'],[],description,1,0,[],,['60265'],[0.4766126871109009],['description']
北京移动公司法人董事长,['62497'],[],description,3,0,[],,"['60265', '51457', '28128']","[0.4766126871109009, 0.458060085773468, 0.44772952795028687]","['description', 'description', 'description']"
南京六合商场发人,['62497'],[],description,1,0,[],,['5012'],[0.4644613564014435],['description']
南京六合商场发人,['62497'],[],description,3,0,[],,"['5012', '47198', '5778']","[0.4644613564014435, 0.46189701557159424, 0.383316308259964]","['description', 'description', 'description']"
南宁产投铝基新材料集团黎小都,['62497'],[],description,1,0,[],,['51457'],[0.42874059081077576],['description']
南宁产投铝基新材料集团黎小都,['62497'],[],description,3,0,[],,"['51457', '5550', '39537']","[0.42874059081077576, 0.42351144552230835, 0.41806769371032715]","['description', 'description', 'description']"
南方乳业张定奎简历,['62497'],[],description,1,0,[],,['51457'],[0.4286723732948303],['description']
南方乳业张定奎简历,['62497'],[],description,3,0,[],,"['51457', '60293', '5881']","[0.4286723732948303, 0.38775068521499634, 0.3779355585575104]","['description', 'description', 'description']"
南通帝久贸易陈东,['62497'],[],description,1,0,[],,['5881'],[0.4135362207889557],['description']
南通帝久贸易陈东,['62497'],[],description,3,0,[],,"['5881', '5544', '47198']","[0.4135362207889557, 0.37555384635925293, 0.3537755608558655]","['description', 'description', 'description']"
博朗网络工程有限公司柏青春照片,['62497'],[],description,1,0,[],,['51457'],[0.47996997833251953],['description']
博朗网络工程有限公司柏青春照片,['62497'],[],description,3,0,[],,"['51457', '47242', '28126']","[0.47996997833251953, 0.46400031447410583, 0.43122369050979614]","['description', 'description', 'description']"
卡涞复合材料科技有限公司何鹏简介,['62497'],[],description,1,0,[],,['51457'],[0.45990607142448425],['description']
卡涞复合材料科技有限公司何鹏简介,['62497'],[],description,3,0,[],,"['51457', '5359', '5550']","[0.45990607142448425, 0.4224443733692169, 0.3942338824272156]","['description', 'description', 'description']"
厦门海沧热能投资有限公司翁健生简历,['62497'],[],description,1,0,[],,['51457'],[0.4802696704864502],['description']
厦门海沧热能投资有限公司翁健生简历,['62497'],[],description,3,0,[],,"['51457', '28128', '28126']","[0.4802696704864502, 0.3948330879211426, 0.3948330879211426]","['description', 'description', 'description']"
厦门融毅电气设备有限公司老板,['62497'],[],description,1,0,[],,['51457'],[0.47770559787750244],['description']
厦门融毅电气设备有限公司老板,['62497'],[],description,3,0,[],,"['51457', '60265', '28128']","[0.47770559787750244, 0.4537707567214966, 0.4418836236000061]","['description', 'description', 'description']"
合图智造郑轩履历,['62497'],[],description,1,0,[],,['51457'],[0.4411582946777344],['description']
合图智造郑轩履历,['62497'],[],description,3,0,[],,"['51457', '47242', '5550']","[0.4411582946777344, 0.3865528404712677, 0.38361454010009766]","['description', 'description', 'description']"
吴健辉 紫金矿业,['62497'],[],description,1,0,[],,['51590'],[0.4343125820159912],['description']
吴健辉 紫金矿业,['62497'],[],description,3,0,[],,"['51590', '51457', '5432']","[0.4343125820159912, 0.3965914845466614, 0.3942658305168152]","['description', 'description', 'description']"
唐通达宋学峰,['62497'],[],description,1,0,[],,['51378'],[0.4033387303352356],['description']
唐通达宋学峰,['62497'],[],description,3,0,[],,"['51378', '52524', '51377']","[0.4033387303352356, 0.39255887269973755, 0.392449289560318]","['description', 'description', 'description']"
嘉兴光明设计徐建根简历,['62497'],[],description,1,0,[],,['51457'],[0.41993042826652527],['description']
嘉兴光明设计徐建根简历,['62497'],[],description,3,0,[],,"['51457', '60293', '5550']","[0.41993042826652527, 0.39682915806770325, 0.38487112522125244]","['description', 'description', 'description']"
国任财产保险股份有限公司徐志华,['62497'],[],description,1,0,[],,['51457'],[0.4963323473930359],['description']
国任财产保险股份有限公司徐志华,['62497'],[],description,3,0,[],,"['51457', '5273', '51474']","[0.4963323473930359, 0.45678871870040894, 0.4451482892036438]","['description', 'description', 'description']"
国廪徐勇,['62497'],[],description,1,0,[],,['52524'],[0.3410049378871918],['description']
国廪徐勇,['62497'],[],description,3,0,[],,"['52524', '52523', '51323']","[0.3410049378871918, 0.3363651633262634, 0.3322947919368744]","['description', 'description', 'description']"
天天欣业董事长简历,['62497'],[],description,1,0,[],,['51457'],[0.5161272287368774],['description']
天天欣业董事长简历,['62497'],[],description,3,0,[],,"['51457', '28128', '28126']","[0.5161272287368774, 0.46441590785980225, 0.46441590785980225]","['description', 'description', 'description']"
孙国金金泰亿是父子关系吗,['62497'],[],description,1,0,[],,['51590'],[0.438479483127594],['description']
孙国金金泰亿是父子关系吗,['62497'],[],description,3,0,[],,"['51590', '51088', '51457']","[0.438479483127594, 0.38289785385131836, 0.38028356432914734]","['description', 'description', 'description']"
宁波恒越老板是谁,['62497'],[],description,1,0,[],,['60265'],[0.43705153465270996],['description']
宁波恒越老板是谁,['62497'],[],description,3,0,[],,"['60265', '51457', '5881']","[0.43705153465270996, 0.4339577555656433, 0.4111359119415283]","['description', 'description', 'description']"
宁海永成双海王小龙资产,['62497'],[],description,1,0,[],,['60338'],[0.38561034202575684],['description']
宁海永成双海王小龙资产,['62497'],[],description,3,0,[],,"['60338', '5432', '50159']","[0.38561034202575684, 0.3699192404747009, 0.36954158544540405]","['description', 'description', 'description']"
安徽九药生物科技有限公司股东,['62497'],[],description,1,0,[],,['51457'],[0.5267677307128906],['description']
安徽九药生物科技有限公司股东,['62497'],[],description,3,0,[],,"['51457', '60265', '28128']","[0.5267677307128906, 0.49052664637565613, 0.4828881025314331]","['description', 'description', 'description']"
安徽省稻香楼宾馆张雷,['62497'],[],description,1,0,[],,['51378'],[0.38790106773376465],['description']
安徽省稻香楼宾馆张雷,['62497'],[],description,3,0,[],,"['51378', '51377', '52523']","[0.38790106773376465, 0.37547963857650757, 0.37492692470550537]","['description', 'description', 'description']"
宜兴市奕辰财务顾问公司宋培春多少岁,['62497'],[],description,1,0,[],,['51457'],[0.5173537135124207],['description']
宜兴市奕辰财务顾问公司宋培春多少岁,['62497'],[],description,3,0,[],,"['51457', '60265', '51474']","[0.5173537135124207, 0.47480663657188416, 0.4698212146759033]","['description', 'description', 'description']"
宝鸡长美科技老板是谁,['62497'],[],description,1,0,[],,['51457'],[0.436007559299469],['description']
宝鸡长美科技老板是谁,['62497'],[],description,3,0,[],,"['51457', '60265', '28128']","[0.436007559299469, 0.4330013394355774, 0.40991026163101196]","['description', 'description', 'description']"
山东华皓城市发展集团有限公司董事长,['62497'],[],description,1,0,[],,['51457'],[0.4667787253856659],['description']
山东华皓城市发展集团有限公司董事长,['62497'],[],description,3,0,[],,"['51457', '60265', '39537']","[0.4667787253856659, 0.4408167898654938, 0.39022064208984375]","['description', 'description', 'description']"
山东年丰动力机械有限公司法人电话,['62497'],[],description,1,0,[],,['28128'],[0.4640344977378845],['description']
山东年丰动力机械有限公司法人电话,['62497'],[],description,3,0,[],,"['28128', '50731', '28126']","[0.4640344977378845, 0.4640344977378845, 0.4640344977378845]","['description', 'description', 'description']"
山东益众中小企业应急转贷基金股份有限公司边娜,['62497'],[],description,1,0,[],,['51457'],[0.5029717683792114],['description']
山东益众中小企业应急转贷基金股份有限公司边娜,['62497'],[],description,3,0,[],,"['51457', '60265', '28128']","[0.5029717683792114, 0.4686482548713684, 0.4632095694541931]","['description', 'description', 'description']"
山东鑫丰种业股份有限公司马云国18606351976,['62497'],[],description,1,0,[],,['51323'],[0.41425150632858276],['description']
山东鑫丰种业股份有限公司马云国18606351976,['62497'],[],description,3,0,[],,"['51323', '47198', '39537']","[0.41425150632858276, 0.38695213198661804, 0.37971168756484985]","['description', 'description', 'description']"
山西盛世集团董事长,['62497'],[],description,1,0,[],,['51457'],[0.39069607853889465],['description']
山西盛世集团董事长,['62497'],[],description,3,0,[],,"['51457', '60265', '28128']","[0.39069607853889465, 0.36137914657592773, 0.3247564136981964]","['description', 'description', 'description']"
岱美董事长姜银台,['62497'],[],description,1,0,[],,['5881'],[0.4069090783596039],['description']
岱美董事长姜银台,['62497'],[],description,3,0,[],,"['5881', '60265', '51457']","[0.4069090783596039, 0.38126140832901, 0.3801255226135254]","['description', 'description', 'description']"
巴东县银华煤矿黄贵,['62497'],[],description,1,0,[],,['51457'],[0.3921950161457062],['description']
巴东县银华煤矿黄贵,['62497'],[],description,3,0,[],,"['51457', '61800', '51590']","[0.3921950161457062, 0.3881579041481018, 0.37756747007369995]","['description', 'description', 'description']"
广东省高峰科技有限公司黄峰是哪里的人?,['62497'],[],description,1,0,[],,['51457'],[0.4343995153903961],['description']
广东省高峰科技有限公司黄峰是哪里的人?,['62497'],[],description,3,0,[],,"['51457', '60265', '39537']","[0.4343995153903961, 0.4235069751739502, 0.41763508319854736]","['description', 'description', 'description']"
广西中润建设工程有限公司法人代表张如开的电话,['62497'],[],description,1,0,[],,['28128'],[0.4466690421104431],['description']
广西中润建设工程有限公司法人代表张如开的电话,['62497'],[],description,3,0,[],,"['28128', '50731', '28126']","[0.4466690421104431, 0.4466690421104431, 0.4466690421104431]","['description', 'description', 'description']"
开封锦呈酒店管理有限公司法人代表,['62497'],[],description,1,0,[],,['51457'],[0.4970451891422272],['description']
开封锦呈酒店管理有限公司法人代表,['62497'],[],description,3,0,[],,"['51457', '60265', '28128']","[0.4970451891422272, 0.4955984354019165, 0.4883507192134857]","['description', 'description', 'description']"
开远兴远投资董事长简历,['62497'],[],description,1,0,[],,['51457'],[0.5003699064254761],['description']
开远兴远投资董事长简历,['62497'],[],description,3,0,[],,"['51457', '60265', '28128']","[0.5003699064254761, 0.44472479820251465, 0.4222645163536072]","['description', 'description', 'description']"
张家港国泰旅行社法人代表,['62497'],[],description,1,0,[],,['60265'],[0.42202210426330566],['description']
张家港国泰旅行社法人代表,['62497'],[],description,3,0,[],,"['60265', '51457', '28128']","[0.42202210426330566, 0.39783525466918945, 0.39056652784347534]","['description', 'description', 'description']"
张晓燕点睛堂,['62497'],[],description,1,0,[],,['52524'],[0.39874857664108276],['description']
张晓燕点睛堂,['62497'],[],description,3,0,[],,"['52524', '47198', '51377']","[0.39874857664108276, 0.38414546847343445, 0.3810465335845947]","['description', 'description', 'description']"
张维业闽铝,['62497'],[],description,1,0,[],,['5359'],[0.3570405840873718],['description']
张维业闽铝,['62497'],[],description,3,0,[],,"['5359', '5881', '51457']","[0.3570405840873718, 0.35462138056755066, 0.35055190324783325]","['description', 'description', 'description']"
当贝 雷钧杰,['62497'],[],description,1,0,[],,['52523'],[0.3803303837776184],['description']
当贝 雷钧杰,['62497'],[],description,3,0,[],,"['52523', '51474', '5881']","[0.3803303837776184, 0.3366857171058655, 0.3252533972263336]","['description', 'description', 'description']"
志成机械董事长个人简历,['62497'],[],description,1,0,[],,['51457'],[0.49380379915237427],['description']
志成机械董事长个人简历,['62497'],[],description,3,0,[],,"['51457', '60265', '28128']","[0.49380379915237427, 0.4162890911102295, 0.40417787432670593]","['description', 'description', 'description']"
成都美富特董事长简历,['62497'],[],description,1,0,[],,['51457'],[0.4654156565666199],['description']
成都美富特董事长简历,['62497'],[],description,3,0,[],,"['51457', '60265', '28128']","[0.4654156565666199, 0.42807018756866455, 0.3923335075378418]","['description', 'description', 'description']"
扬州港务集团董事长,['62497'],[],description,1,0,[],,['51457'],[0.40385812520980835],['description']
扬州港务集团董事长,['62497'],[],description,3,0,[],,"['51457', '60265', '5550']","[0.40385812520980835, 0.38251054286956787, 0.3749620318412781]","['description', 'description', 'description']"
新宁物流 刘瑞军,['62497'],[],description,1,0,[],,['50159'],[0.3849179148674011],['description']
新宁物流 刘瑞军,['62497'],[],description,3,0,[],,"['50159', '5432', '50161']","[0.3849179148674011, 0.3778609335422516, 0.37432658672332764]","['description', 'description', 'description']"
方太集团矛忠群有兄弟姐妹吗,['62497'],[],description,1,0,[],,['51457'],[0.39144742488861084],['description']
方太集团矛忠群有兄弟姐妹吗,['62497'],[],description,3,0,[],,"['51457', '5881', '47198']","[0.39144742488861084, 0.389080286026001, 0.3579782247543335]","['description', 'description', 'description']"
昊升电机董事长简历,['62497'],[],description,1,0,[],,['51457'],[0.49568209052085876],['description']
昊升电机董事长简历,['62497'],[],description,3,0,[],,"['51457', '60265', '5432']","[0.49568209052085876, 0.4356482923030853, 0.3997364044189453]","['description', 'description', 'description']"
明月山旅游集团董事长,['62497'],[],description,1,0,[],,['51457'],[0.36159637570381165],['description']
明月山旅游集团董事长,['62497'],[],description,3,0,[],,"['51457', '60265', '5671']","[0.36159637570381165, 0.36118489503860474, 0.32591670751571655]","['description', 'description', 'description']"
晋江辉腾老板是谁啊,['62497'],[],description,1,0,[],,['51457'],[0.4729611277580261],['description']
晋江辉腾老板是谁啊,['62497'],[],description,3,0,[],,"['51457', '60265', '28128']","[0.4729611277580261, 0.4468216300010681, 0.41664963960647583]","['description', 'description', 'description']"
晋江辉腾鞋业公司法人代表是谁,['62497'],[],description,1,0,[],,['51457'],[0.5077254772186279],['description']
晋江辉腾鞋业公司法人代表是谁,['62497'],[],description,3,0,[],,"['51457', '60265', '28128']","[0.5077254772186279, 0.5038740634918213, 0.4779191017150879]","['description', 'description', 'description']"
晋江辉腾鞋业有限公司赖育萍简介,['62497'],[],description,1,0,[],,['51457'],[0.4618765711784363],['description']
晋江辉腾鞋业有限公司赖育萍简介,['62497'],[],description,3,0,[],,"['51457', '28128', '28126']","[0.4618765711784363, 0.3889882564544678, 0.3889882564544678]","['description', 'description', 'description']"
晟元老板,['62497'],[],description,1,0,[],,['51457'],[0.44438403844833374],['description']
晟元老板,['62497'],[],description,3,0,[],,"['51457', '60265', '5550']","[0.44438403844833374, 0.4168783724308014, 0.40982627868652344]","['description', 'description', 'description']"
景津集团姜桂廷,['62497'],[],description,1,0,[],,['5550'],[0.3820536732673645],['description']
景津集团姜桂廷,['62497'],[],description,3,0,[],,"['5550', '51457', '51323']","[0.3820536732673645, 0.36836856603622437, 0.3402903378009796]","['description', 'description', 'description']"
村小宅公司法人,['62497'],[],description,1,0,[],,['51457'],[0.5087153911590576],['description']
村小宅公司法人,['62497'],[],description,3,0,[],,"['51457', '28128', '28126']","[0.5087153911590576, 0.5000370740890503, 0.5000370740890503]","['description', 'description', 'description']"
杨凤良西安地铁置业,['62497'],[],description,1,0,[],,['5012'],[0.40875986218452454],['description']
杨凤良西安地铁置业,['62497'],[],description,3,0,[],,"['5012', '47198', '47242']","[0.40875986218452454, 0.38934653997421265, 0.36493954062461853]","['description', 'description', 'description']"
杨生荣西部黄金,['62497'],[],description,1,0,[],,['51590'],[0.44788122177124023],['description']
杨生荣西部黄金,['62497'],[],description,3,0,[],,"['51590', '51088', '5012']","[0.44788122177124023, 0.4024631083011627, 0.31049031019210815]","['description', 'description', 'description']"
林州红旗渠电炭王海玉,['62497'],[],description,1,0,[],,['51323'],[0.3138104975223541],['description']
林州红旗渠电炭王海玉,['62497'],[],description,3,0,[],,"['51323', '47272', '61800']","[0.3138104975223541, 0.30902278423309326, 0.30522024631500244]","['description', 'description', 'description']"
林晨 北京环智文化传媒集团,['62497'],[],description,1,0,[],,['39537'],[0.35715895891189575],['description']
林晨 北京环智文化传媒集团,['62497'],[],description,3,0,[],,"['39537', '5550', '52524']","[0.35715895891189575, 0.34695112705230713, 0.3437955975532532]","['description', 'description', 'description']"
毛文琴 安通电装,['62497'],[],description,1,0,[],,['267'],[0.40614959597587585],['description']
毛文琴 安通电装,['62497'],[],description,3,0,[],,"['267', '52524', '51377']","[0.40614959597587585, 0.4054502546787262, 0.3986393213272095]","['description', 'description', 'description']"
江苏沅朗照明有限公司刘艳慧简历,['62497'],[],description,1,0,[],,['51457'],[0.4906787574291229],['description']
江苏沅朗照明有限公司刘艳慧简历,['62497'],[],description,3,0,[],,"['51457', '267', '28128']","[0.4906787574291229, 0.4270588755607605, 0.4051324129104614]","['description', 'description', 'description']"
江西金尚道新材料有限公司赵建中,['62497'],[],description,1,0,[],,['51457'],[0.4010334610939026],['description']
江西金尚道新材料有限公司赵建中,['62497'],[],description,3,0,[],,"['51457', '5550', '5359']","[0.4010334610939026, 0.3954852819442749, 0.39493638277053833]","['description', 'description', 'description']"
河南国有资本运营集团张军强,['62497'],[],description,1,0,[],,['5550'],[0.44691386818885803],['description']
河南国有资本运营集团张军强,['62497'],[],description,3,0,[],,"['5550', '51457', '5273']","[0.44691386818885803, 0.4104934632778168, 0.38075947761535645]","['description', 'description', 'description']"
河南辉轮科技董事长简介,['62497'],[],description,1,0,[],,['51457'],[0.40698495507240295],['description']
河南辉轮科技董事长简介,['62497'],[],description,3,0,[],,"['51457', '60265', '5359']","[0.40698495507240295, 0.36883842945098877, 0.3649497330188751]","['description', 'description', 'description']"
浙信网络科技最新消息沈平,['62497'],[],description,1,0,[],,['51457'],[0.45443323254585266],['description']
浙信网络科技最新消息沈平,['62497'],[],description,3,0,[],,"['51457', '5432', '60338']","[0.45443323254585266, 0.43967360258102417, 0.41976994276046753]","['description', 'description', 'description']"
浙江至乐建设有限公司方宁哪里人,['62497'],[],description,1,0,[],,['51457'],[0.4083063006401062],['description']
浙江至乐建设有限公司方宁哪里人,['62497'],[],description,3,0,[],,"['51457', '60265', '51474']","[0.4083063006401062, 0.38969606161117554, 0.3700405955314636]","['description', 'description', 'description']"
浙江长江电子有限公司董事长,['62497'],[],description,1,0,[],,['60265'],[0.4514804780483246],['description']
浙江长江电子有限公司董事长,['62497'],[],description,3,0,[],,"['60265', '51457', '28128']","[0.4514804780483246, 0.44249439239501953, 0.3922003507614136]","['description', 'description', 'description']"
海南万国大健康投资集团 周忠清,['62497'],[],description,1,0,[],,['51323'],[0.3229072093963623],['description']
海南万国大健康投资集团 周忠清,['62497'],[],description,3,0,[],,"['51323', '5550', '47272']","[0.3229072093963623, 0.32045426964759827, 0.30124998092651367]","['description', 'description', 'description']"
海归海集团董事长,['62497'],[],description,1,0,[],,['51457'],[0.4527134895324707],['description']
海归海集团董事长,['62497'],[],description,3,0,[],,"['51457', '60265', '5550']","[0.4527134895324707, 0.43609368801116943, 0.39523446559906006]","['description', 'description', 'description']"
深圳 小夫子 朱浩辉,['62497'],[],description,1,0,[],,['51381'],[0.34635406732559204],['description']
深圳 小夫子 朱浩辉,['62497'],[],description,3,0,[],,"['51381', '52524', '51382']","[0.34635406732559204, 0.3411790728569031, 0.33619141578674316]","['description', 'description', 'description']"
深圳环水建设董事长田伟,['62497'],[],description,1,0,[],,['5881'],[0.32009395956993103],['description']
深圳环水建设董事长田伟,['62497'],[],description,3,0,[],,"['5881', '5550', '47242']","[0.32009395956993103, 0.3125518560409546, 0.31073257327079773]","['description', 'description', 'description']"
港投集团董事长级别是什么,['62497'],[],description,1,0,[],,['51457'],[0.4534692168235779],['description']
港投集团董事长级别是什么,['62497'],[],description,3,0,[],,"['51457', '5550', '5432']","[0.4534692168235779, 0.45256945490837097, 0.45229870080947876]","['description', 'description', 'description']"
湖南永盛股东,['62497'],[],description,1,0,[],,['5432'],[0.47120365500450134],['description']
湖南永盛股东,['62497'],[],description,3,0,[],,"['5432', '51457', '51474']","[0.47120365500450134, 0.4416079521179199, 0.415659099817276]","['description', 'description', 'description']"
湛江德诚评估陈志宏个人资料,['62497'],[],description,1,0,[],,['51457'],[0.4480305314064026],['description']
湛江德诚评估陈志宏个人资料,['62497'],[],description,3,0,[],,"['51457', '51474', '47198']","[0.4480305314064026, 0.42956042289733887, 0.3927924633026123]","['description', 'description', 'description']"
湛江湾佳豪陈念华,['62497'],[],description,1,0,[],,['5550'],[0.34339648485183716],['description']
湛江湾佳豪陈念华,['62497'],[],description,3,0,[],,"['5550', '51474', '47198']","[0.34339648485183716, 0.33704739809036255, 0.334140419960022]","['description', 'description', 'description']"
滨州石化董事长,['62497'],[],description,1,0,[],,['60265'],[0.4096832871437073],['description']
滨州石化董事长,['62497'],[],description,3,0,[],,"['60265', '51457', '47242']","[0.4096832871437073, 0.3988211452960968, 0.3723464012145996]","['description', 'description', 'description']"
猛虎保安集团董事长,['62497'],[],description,1,0,[],,['51457'],[0.3569234609603882],['description']
猛虎保安集团董事长,['62497'],[],description,3,0,[],,"['51457', '5550', '60265']","[0.3569234609603882, 0.35159963369369507, 0.33720532059669495]","['description', 'description', 'description']"
王顺波甬矽电子 简历,['62497'],[],description,1,0,[],,['51457'],[0.4224131107330322],['description']
王顺波甬矽电子 简历,['62497'],[],description,3,0,[],,"['51457', '39537', '47242']","[0.4224131107330322, 0.3728457987308502, 0.3717840611934662]","['description', 'description', 'description']"
琻捷电子股东,['62497'],[],description,1,0,[],,['51457'],[0.506027102470398],['description']
琻捷电子股东,['62497'],[],description,3,0,[],,"['51457', '5432', '60265']","[0.506027102470398, 0.4712234139442444, 0.45890241861343384]","['description', 'description', 'description']"
甘李药业张一宁,['62497'],[],description,1,0,[],,['51457'],[0.37372666597366333],['description']
甘李药业张一宁,['62497'],[],description,3,0,[],,"['51457', '5432', '51474']","[0.37372666597366333, 0.36018437147140503, 0.3542584478855133]","['description', 'description', 'description']"
甘肃省庆阳市太翔工程翟相玉,['62497'],[],description,1,0,[],,['51457'],[0.4502653479576111],['description']
甘肃省庆阳市太翔工程翟相玉,['62497'],[],description,3,0,[],,"['51457', '39537', '60265']","[0.4502653479576111, 0.41190072894096375, 0.39662909507751465]","['description', 'description', 'description']"
皖维吴福胜是哪里人,['62497'],[],description,1,0,[],,['51457'],[0.37063950300216675],['description']
皖维吴福胜是哪里人,['62497'],[],description,3,0,[],,"['51457', '39537', '51474']","[0.37063950300216675, 0.3492312729358673, 0.3456326723098755]","['description', 'description', 'description']"
福建福人家居科技有限公司林军简介,['62497'],[],description,1,0,[],,['51457'],[0.45393115282058716],['description']
福建福人家居科技有限公司林军简介,['62497'],[],description,3,0,[],,"['51457', '5359', '5881']","[0.45393115282058716, 0.41525983810424805, 0.38486427068710327]","['description', 'description', 'description']"
秀英漳禾酒店的老板,['62497'],[],description,1,0,[],,['50133'],[0.39795729517936707],['description']
秀英漳禾酒店的老板,['62497'],[],description,3,0,[],,"['50133', '47272', '51457']","[0.39795729517936707, 0.39726436138153076, 0.37690073251724243]","['description', 'description', 'description']"
立捷电子老板林川,['62497'],[],description,1,0,[],,['51457'],[0.3264916241168976],['description']
立捷电子老板林川,['62497'],[],description,3,0,[],,"['51457', '60265', '5359']","[0.3264916241168976, 0.32020866870880127, 0.3194671869277954]","['description', 'description', 'description']"
粤芯公司的股东有多少个人啊,['62497'],[],description,1,0,[],,['51457'],[0.5757360458374023],['description']
粤芯公司的股东有多少个人啊,['62497'],[],description,3,0,[],,"['51457', '28128', '28126']","[0.5757360458374023, 0.5307065844535828, 0.5307065844535828]","['description', 'description', 'description']"
红绿金公司公司法人代表是谁啊,['62497'],[],description,1,0,[],,['60265'],[0.5046625137329102],['description']
红绿金公司公司法人代表是谁啊,['62497'],[],description,3,0,[],,"['60265', '51457', '28128']","[0.5046625137329102, 0.4890100955963135, 0.4664159417152405]","['description', 'description', 'description']"
联丰建设集团庄桂春欠人工费,['62497'],[],description,1,0,[],,['51474'],[0.3997207283973694],['description']
联丰建设集团庄桂春欠人工费,['62497'],[],description,3,0,[],,"['51474', '51457', '47198']","[0.3997207283973694, 0.3880336284637451, 0.34821954369544983]","['description', 'description', 'description']"
腾云公司董事长,['62497'],[],description,1,0,[],,['51457'],[0.47296562790870667],['description']
腾云公司董事长,['62497'],[],description,3,0,[],,"['51457', '60265', '28128']","[0.47296562790870667, 0.46369874477386475, 0.4165409803390503]","['description', 'description', 'description']"
航济物流王成,['62497'],[],description,1,0,[],,['51457'],[0.42711031436920166],['description']
航济物流王成,['62497'],[],description,3,0,[],,"['51457', '47242', '5917']","[0.42711031436920166, 0.42041265964508057, 0.41095346212387085]","['description', 'description', 'description']"
芯大通王帆个人简历,['62497'],[],description,1,0,[],,['51457'],[0.5028982758522034],['description']
芯大通王帆个人简历,['62497'],[],description,3,0,[],,"['51457', '267', '51712']","[0.5028982758522034, 0.4501045048236847, 0.4386906921863556]","['description', 'description', 'description']"
苏州郑氏集团董事长,['62497'],[],description,1,0,[],,['60265'],[0.40854716300964355],['description']
苏州郑氏集团董事长,['62497'],[],description,3,0,[],,"['60265', '51457', '5432']","[0.40854716300964355, 0.4059658646583557, 0.38590508699417114]","['description', 'description', 'description']"
范文敏厦门挽荷商贸有限公司,['62497'],[],description,1,0,[],,['5544'],[0.42680829763412476],['description']
范文敏厦门挽荷商贸有限公司,['62497'],[],description,3,0,[],,"['5544', '51457', '47198']","[0.42680829763412476, 0.4095431864261627, 0.4016494154930115]","['description', 'description', 'description']"
蔡建广州农商银行,['62497'],[],description,1,0,[],,['47198'],[0.5368810892105103],['description']
蔡建广州农商银行,['62497'],[],description,3,0,[],,"['47198', '5273', '51457']","[0.5368810892105103, 0.5102803707122803, 0.5069475173950195]","['description', 'description', 'description']"
衡水昊天地产老板是谁,['62497'],[],description,1,0,[],,['51457'],[0.449413925409317],['description']
衡水昊天地产老板是谁,['62497'],[],description,3,0,[],,"['51457', '60265', '28128']","[0.449413925409317, 0.4317549467086792, 0.39531978964805603]","['description', 'description', 'description']"
西安双特智能传动有限公司总经理王军简历,['62497'],[],description,1,0,[],,['51457'],[0.49214106798171997],['description']
西安双特智能传动有限公司总经理王军简历,['62497'],[],description,3,0,[],,"['51457', '39537', '28128']","[0.49214106798171997, 0.43077149987220764, 0.41904258728027344]","['description', 'description', 'description']"
西安山合甄选二手车公司法人,['62497'],[],description,1,0,[],,['51457'],[0.5212240219116211],['description']
西安山合甄选二手车公司法人,['62497'],[],description,3,0,[],,"['51457', '60265', '28128']","[0.5212240219116211, 0.5034886002540588, 0.5005902051925659]","['description', 'description', 'description']"
西安海景国际酒店法人代表,['62497'],[],description,1,0,[],,['51457'],[0.4586617350578308],['description']
西安海景国际酒店法人代表,['62497'],[],description,3,0,[],,"['51457', '60265', '50133']","[0.4586617350578308, 0.4510571360588074, 0.44482433795928955]","['description', 'description', 'description']"
西藏两江公司法人代表是谁,['62497'],[],description,1,0,[],,['60265'],[0.5023938417434692],['description']
西藏两江公司法人代表是谁,['62497'],[],description,3,0,[],,"['60265', '51457', '28128']","[0.5023938417434692, 0.4711263179779053, 0.46750912070274353]","['description', 'description', 'description']"
诸暨东鑫环保设备有限公司法人,['62497'],[],description,1,0,[],,['60265'],[0.5105010867118835],['description']
诸暨东鑫环保设备有限公司法人,['62497'],[],description,3,0,[],,"['60265', '51457', '28128']","[0.5105010867118835, 0.49691271781921387, 0.4835285544395447]","['description', 'description', 'description']"
象发国际物流有限公司罗永平简历介绍,['62497'],[],description,1,0,[],,['51457'],[0.5147847533226013],['description']
象发国际物流有限公司罗永平简历介绍,['62497'],[],description,3,0,[],,"['51457', '5917', '47198']","[0.5147847533226013, 0.4359931945800781, 0.42515766620635986]","['description', 'description', 'description']"
贺州市石材开发有限责任公司周楚人,['62497'],[],description,1,0,[],,['51457'],[0.39436250925064087],['description']
贺州市石材开发有限责任公司周楚人,['62497'],[],description,3,0,[],,"['51457', '5359', '51323']","[0.39436250925064087, 0.3536863625049591, 0.351431667804718]","['description', 'description', 'description']"
酷哇廖文龙,['62497'],[],description,1,0,[],,['5819'],[0.3858378529548645],['description']
酷哇廖文龙,['62497'],[],description,3,0,[],,"['5819', '50393', '47272']","[0.3858378529548645, 0.3782322108745575, 0.37720343470573425]","['description', 'description', 'description']"
重庆市腾古建材有限公司董事长安美金个人信息,['62497'],[],description,1,0,[],,['51457'],[0.5360424518585205],['description']
重庆市腾古建材有限公司董事长安美金个人信息,['62497'],[],description,3,0,[],,"['51457', '60265', '28128']","[0.5360424518585205, 0.5151447057723999, 0.4776762127876282]","['description', 'description', 'description']"
金华德丰建设老板简历,['62497'],[],description,1,0,[],,['51457'],[0.492790162563324],['description']
金华德丰建设老板简历,['62497'],[],description,3,0,[],,"['51457', '60265', '28128']","[0.492790162563324, 0.44916653633117676, 0.4046882390975952]","['description', 'description', 'description']"
金峰水泥厂徐贵生近况如何,['62497'],[],description,1,0,[],,['51590'],[0.34323763847351074],['description']
金峰水泥厂徐贵生近况如何,['62497'],[],description,3,0,[],,"['51590', '51457', '51088']","[0.34323763847351074, 0.33848682045936584, 0.3379359841346741]","['description', 'description', 'description']"
金瑞达科技有限公司法人代表,['62497'],[],description,1,0,[],,['60265'],[0.5473345518112183],['description']
金瑞达科技有限公司法人代表,['62497'],[],description,3,0,[],,"['60265', '51457', '28128']","[0.5473345518112183, 0.5281367301940918, 0.47956717014312744]","['description', 'description', 'description']"
金马星机械集团董事长,['62497'],[],description,1,0,[],,['51457'],[0.3845716714859009],['description']
金马星机械集团董事长,['62497'],[],description,3,0,[],,"['51457', '5550', '60265']","[0.3845716714859009, 0.36686861515045166, 0.35757431387901306]","['description', 'description', 'description']"
鑫迪集团有限公司董事长简历,['62497'],[],description,1,0,[],,['51457'],[0.5601208209991455],['description']
鑫迪集团有限公司董事长简历,['62497'],[],description,3,0,[],,"['51457', '60265', '28128']","[0.5601208209991455, 0.492301344871521, 0.4675446152687073]","['description', 'description', 'description']"
长春益田王占林,['62497'],[],description,1,0,[],,['5550'],[0.32505279779434204],['description']
长春益田王占林,['62497'],[],description,3,0,[],,"['5550', '51457', '47242']","[0.32505279779434204, 0.3190085291862488, 0.3167303204536438]","['description', 'description', 'description']"
阳光大地邓凝伟涉及人员及背景,['62497'],[],description,1,0,[],,['51457'],[0.32170620560646057],['description']
阳光大地邓凝伟涉及人员及背景,['62497'],[],description,3,0,[],,"['51457', '5012', '51323']","[0.32170620560646057, 0.3165462017059326, 0.31279700994491577]","['description', 'description', 'description']"
陈立泉天目先导,['62497'],[],description,1,0,[],,['52524'],[0.32894787192344666],['description']
陈立泉天目先导,['62497'],[],description,3,0,[],,"['52524', '5550', '51474']","[0.32894787192344666, 0.31853386759757996, 0.31771939992904663]","['description', 'description', 'description']"
陕西利和商贸有限公司严鹏个人资料,['62497'],[],description,1,0,[],,['51457'],[0.4923384189605713],['description']
陕西利和商贸有限公司严鹏个人资料,['62497'],[],description,3,0,[],,"['51457', '60265', '28128']","[0.4923384189605713, 0.41736841201782227, 0.40984153747558594]","['description', 'description', 'description']"
青春同行国际旅行社张青春总经理电话,['62497'],[],description,1,0,[],,['5671'],[0.4855295419692993],['description']
青春同行国际旅行社张青春总经理电话,['62497'],[],description,3,0,[],,"['5671', '47198', '5012']","[0.4855295419692993, 0.43764352798461914, 0.433297336101532]","['description', 'description', 'description']"
骆驼集团 刘长来,['62497'],[],description,1,0,[],,['5550'],[0.3126574158668518],['description']
骆驼集团 刘长来,['62497'],[],description,3,0,[],,"['5550', '5881', '51457']","[0.3126574158668518, 0.30014657974243164, 0.292294442653656]","['description', 'description', 'description']"
高建军新疆新能源集团,['62497'],[],description,1,0,[],,['5550'],[0.37549111247062683],['description']
高建军新疆新能源集团,['62497'],[],description,3,0,[],,"['5550', '51457', '60265']","[0.37549111247062683, 0.35734105110168457, 0.3243393898010254]","['description', 'description', 'description']"
黄河矿业李朋,['62497'],[],description,1,0,[],,['51457'],[0.37107953429222107],['description']
黄河矿业李朋,['62497'],[],description,3,0,[],,"['51457', '51590', '47198']","[0.37107953429222107, 0.3666211664676666, 0.33643144369125366]","['description', 'description', 'description']"
齐品达餐饮管理有限公司法人是谁,['62497'],[],description,1,0,[],,['60265'],[0.4991552233695984],['description']
齐品达餐饮管理有限公司法人是谁,['62497'],[],description,3,0,[],,"['60265', '47198', '51457']","[0.4991552233695984, 0.4914567470550537, 0.48838844895362854]","['description', 'description', 'description']"
龙伯集团董事长身价,['62497'],[],description,1,0,[],,['60265'],[0.4064335227012634],['description']
龙伯集团董事长身价,['62497'],[],description,3,0,[],,"['60265', '51457', '60338']","[0.4064335227012634, 0.40603965520858765, 0.3948513865470886]","['description', 'description', 'description']"
上岛食品有限公司陈家昇简介资料,['62497'],[],merged,1,0,[],,['47272'],[0.39760273694992065],['title_description']
上岛食品有限公司陈家昇简介资料,['62497'],[],merged,3,0,[],,"['47272', '51457', '50731']","[0.39760273694992065, 0.3921789824962616, 0.3738119900226593]","['title_description', 'description', 'title_description']"
上海星奇半导体董事长简介,['62497'],[],merged,1,0,[],,['51457'],[0.47205793857574463],['description']
上海星奇半导体董事长简介,['62497'],[],merged,3,0,[],,"['51457', '50731', '60265']","[0.47205793857574463, 0.4584440290927887, 0.44518452882766724]","['description', 'title_description', 'title_description']"
上海松禹集团李学民简介,['62497'],[],merged,1,0,[],,['51457'],[0.4058009386062622],['description']
上海松禹集团李学民简介,['62497'],[],merged,3,0,[],,"['51457', '39537', '60265']","[0.4058009386062622, 0.39266103506088257, 0.3821101784706116]","['description', 'title_description', 'title_description']"
上海欣兆阳科技有限公司李征,['62497'],[],merged,1,0,[],,['50731'],[0.46566152572631836],['title_description']
上海欣兆阳科技有限公司李征,['62497'],[],merged,3,0,[],,"['50731', '47242', '51457']","[0.46566152572631836, 0.46269866824150085, 0.4621839225292206]","['title_description', 'title_description', 'description']"
上膳源董事长的电话,['62497'],[],merged,1,0,[],,['5012'],[0.45714128017425537],['description']
上膳源董事长的电话,['62497'],[],merged,3,0,[],,"['5012', '47272', '47198']","[0.45714128017425537, 0.45018470287323, 0.4194146990776062]","['description', 'title_description', 'description']"
中信证券华南公司董事长,['62497'],[],merged,1,0,[],,['5432'],[0.4442685544490814],['title_description']
中信证券华南公司董事长,['62497'],[],merged,3,0,[],,"['5432', '50926', '51457']","[0.4442685544490814, 0.4347999095916748, 0.4334487318992615]","['title_description', 'title_description', 'description']"
中国华冶周志军,['62497'],[],merged,1,0,[],,['60265'],[0.37861156463623047],['title_description']
中国华冶周志军,['62497'],[],merged,3,0,[],,"['60265', '51457', '51323']","[0.37861156463623047, 0.37714385986328125, 0.3723950982093811]","['title_description', 'description', 'description']"
中建电力工程(深圳)有限公司刘天军简历,['62497'],[],merged,1,0,[],,['51457'],[0.4767046570777893],['description']
中建电力工程(深圳)有限公司刘天军简历,['62497'],[],merged,3,0,[],,"['51457', '60293', '60265']","[0.4767046570777893, 0.4510747790336609, 0.43219107389450073]","['description', 'title_description', 'title_description']"
中核华辰张国华最新任职,['62497'],[],merged,1,0,[],,['61111'],[0.4185733199119568],['title_description']
中核华辰张国华最新任职,['62497'],[],merged,3,0,[],,"['61111', '5601', '5550']","[0.4185733199119568, 0.41167789697647095, 0.3837648332118988]","['title_description', 'title_description', 'description']"
中谊慧诚陈涛怎么样了,['62497'],[],merged,1,0,[],,['51474'],[0.4954257905483246],['description']
中谊慧诚陈涛怎么样了,['62497'],[],merged,3,0,[],,"['51474', '51457', '60265']","[0.4954257905483246, 0.49418097734451294, 0.48005449771881104]","['description', 'description', 'title_description']"
"义乌市博娅思贸易有限公司,董杰简历",['62497'],[],merged,1,0,[],,['5881'],[0.46004337072372437],['title_description']
"义乌市博娅思贸易有限公司,董杰简历",['62497'],[],merged,3,0,[],,"['5881', '5544', '60977']","[0.46004337072372437, 0.44738733768463135, 0.44416797161102295]","['title_description', 'title_description', 'title_description']"
九联董事长电话是多少,['62497'],[],merged,1,0,[],,['5012'],[0.5688819885253906],['description']
九联董事长电话是多少,['62497'],[],merged,3,0,[],,"['5012', '47198', '60265']","[0.5688819885253906, 0.5558826327323914, 0.539323091506958]","['description', 'description', 'title_description']"
云南丰泰泓通工程建设有限公司李东明,['62497'],[],merged,1,0,[],,['51457'],[0.42453813552856445],['description']
云南丰泰泓通工程建设有限公司李东明,['62497'],[],merged,3,0,[],,"['51457', '60265', '5273']","[0.42453813552856445, 0.40600964426994324, 0.3877021074295044]","['description', 'title_description', 'description']"
保盾保安服务有限公司林真丰,['62497'],[],merged,1,0,[],,['28128'],[0.42938345670700073],['title_description']
保盾保安服务有限公司林真丰,['62497'],[],merged,3,0,[],,"['28128', '51457', '60265']","[0.42938345670700073, 0.4289984107017517, 0.42392274737358093]","['title_description', 'description', 'title_description']"
内蒙古先泰农业科技有限公司彭文祥简历,['62497'],[],merged,1,0,[],,['51457'],[0.5384600162506104],['description']
内蒙古先泰农业科技有限公司彭文祥简历,['62497'],[],merged,3,0,[],,"['51457', '50731', '60265']","[0.5384600162506104, 0.4537026584148407, 0.45276275277137756]","['description', 'title_description', 'title_description']"
利利通物流公司法人是谁,['62497'],[],merged,1,0,[],,['60265'],[0.5674687623977661],['title_description']
利利通物流公司法人是谁,['62497'],[],merged,3,0,[],,"['60265', '51457', '28126']","[0.5674687623977661, 0.5567500591278076, 0.529962420463562]","['title_description', 'description', 'description']"
剑南春乔天明现状,['62497'],[],merged,1,0,[],,['61111'],[0.3568938076496124],['title_description']
剑南春乔天明现状,['62497'],[],merged,3,0,[],,"['61111', '5601', '47272']","[0.3568938076496124, 0.3530193865299225, 0.3508097231388092]","['title_description', 'title_description', 'title_description']"
北京德恒乾坤医疗器械有限公司陈建文,['62497'],[],merged,1,0,[],,['267'],[0.45064058899879456],['description']
北京德恒乾坤医疗器械有限公司陈建文,['62497'],[],merged,3,0,[],,"['267', '51712', '60265']","[0.45064058899879456, 0.42623573541641235, 0.41051632165908813]","['description', 'title_description', 'title_description']"
北京移动公司法人董事长,['62497'],[],merged,1,0,[],,['60265'],[0.4766126871109009],['description']
北京移动公司法人董事长,['62497'],[],merged,3,0,[],,"['60265', '51457', '28126']","[0.4766126871109009, 0.458060085773468, 0.44772952795028687]","['description', 'description', 'description']"
南京六合商场发人,['62497'],[],merged,1,0,[],,['5012'],[0.4644613564014435],['description']
南京六合商场发人,['62497'],[],merged,3,0,[],,"['5012', '47198', '61111']","[0.4644613564014435, 0.46189701557159424, 0.43458932638168335]","['description', 'description', 'title_description']"
南宁产投铝基新材料集团黎小都,['62497'],[],merged,1,0,[],,['50731'],[0.49185729026794434],['title_description']
南宁产投铝基新材料集团黎小都,['62497'],[],merged,3,0,[],,"['50731', '28128', '51457']","[0.49185729026794434, 0.48029792308807373, 0.474150151014328]","['title_description', 'title_description', 'title_description']"
南方乳业张定奎简历,['62497'],[],merged,1,0,[],,['51457'],[0.4286723732948303],['description']
南方乳业张定奎简历,['62497'],[],merged,3,0,[],,"['51457', '60265', '60293']","[0.4286723732948303, 0.40114638209342957, 0.39869263768196106]","['description', 'title_description', 'title_description']"
南通帝久贸易陈东,['62497'],[],merged,1,0,[],,['5881'],[0.4222959280014038],['title_description']
南通帝久贸易陈东,['62497'],[],merged,3,0,[],,"['5881', '5544', '47198']","[0.4222959280014038, 0.37555384635925293, 0.3537755608558655]","['title_description', 'description', 'description']"
博朗网络工程有限公司柏青春照片,['62497'],[],merged,1,0,[],,['51457'],[0.47996997833251953],['description']
博朗网络工程有限公司柏青春照片,['62497'],[],merged,3,0,[],,"['51457', '47242', '60265']","[0.47996997833251953, 0.46400031447410583, 0.45284879207611084]","['description', 'description', 'title_description']"
卡涞复合材料科技有限公司何鹏简介,['62497'],[],merged,1,0,[],,['51457'],[0.45990607142448425],['description']
卡涞复合材料科技有限公司何鹏简介,['62497'],[],merged,3,0,[],,"['51457', '28128', '60265']","[0.45990607142448425, 0.438444048166275, 0.433579683303833]","['description', 'title_description', 'title_description']"
厦门海沧热能投资有限公司翁健生简历,['62497'],[],merged,1,0,[],,['51457'],[0.4802696704864502],['description']
厦门海沧热能投资有限公司翁健生简历,['62497'],[],merged,3,0,[],,"['51457', '60265', '50731']","[0.4802696704864502, 0.42692142724990845, 0.42266979813575745]","['description', 'title_description', 'title_description']"
厦门融毅电气设备有限公司老板,['62497'],[],merged,1,0,[],,['60265'],[0.5056082606315613],['title_description']
厦门融毅电气设备有限公司老板,['62497'],[],merged,3,0,[],,"['60265', '51457', '50731']","[0.5056082606315613, 0.47770559787750244, 0.458935022354126]","['title_description', 'description', 'title_description']"
合图智造郑轩履历,['62497'],[],merged,1,0,[],,['51457'],[0.4411582946777344],['description']
合图智造郑轩履历,['62497'],[],merged,3,0,[],,"['51457', '47242', '50731']","[0.4411582946777344, 0.4098864197731018, 0.4086201786994934]","['description', 'title_description', 'title_description']"
吴健辉 紫金矿业,['62497'],[],merged,1,0,[],,['51590'],[0.4528050720691681],['title_description']
吴健辉 紫金矿业,['62497'],[],merged,3,0,[],,"['51590', '50926', '60265']","[0.4528050720691681, 0.4054009020328522, 0.4034387767314911]","['title_description', 'title_description', 'title_description']"
唐通达宋学峰,['62497'],[],merged,1,0,[],,['52524'],[0.41714030504226685],['title_description']
唐通达宋学峰,['62497'],[],merged,3,0,[],,"['52524', '51378', '51377']","[0.41714030504226685, 0.4033387303352356, 0.392449289560318]","['title_description', 'description', 'description']"
嘉兴光明设计徐建根简历,['62497'],[],merged,1,0,[],,['51457'],[0.43999534845352173],['title_description']
嘉兴光明设计徐建根简历,['62497'],[],merged,3,0,[],,"['51457', '47242', '50731']","[0.43999534845352173, 0.42153775691986084, 0.40631499886512756]","['title_description', 'title_description', 'title_description']"
国任财产保险股份有限公司徐志华,['62497'],[],merged,1,0,[],,['51457'],[0.4963323473930359],['description']
国任财产保险股份有限公司徐志华,['62497'],[],merged,3,0,[],,"['51457', '60265', '5273']","[0.4963323473930359, 0.4635908901691437, 0.45678871870040894]","['description', 'title_description', 'description']"
国廪徐勇,['62497'],[],merged,1,0,[],,['51323'],[0.34388548135757446],['title_description']
国廪徐勇,['62497'],[],merged,3,0,[],,"['51323', '52524', '52523']","[0.34388548135757446, 0.3410049378871918, 0.3363651633262634]","['title_description', 'description', 'description']"
天天欣业董事长简历,['62497'],[],merged,1,0,[],,['51457'],[0.5161272287368774],['description']
天天欣业董事长简历,['62497'],[],merged,3,0,[],,"['51457', '50731', '60265']","[0.5161272287368774, 0.4819597005844116, 0.46928369998931885]","['description', 'title_description', 'title_description']"
孙国金金泰亿是父子关系吗,['62497'],[],merged,1,0,[],,['51590'],[0.45698606967926025],['title_description']
孙国金金泰亿是父子关系吗,['62497'],[],merged,3,0,[],,"['51590', '60265', '51088']","[0.45698606967926025, 0.40238770842552185, 0.38289785385131836]","['title_description', 'title_description', 'description']"
宁波恒越老板是谁,['62497'],[],merged,1,0,[],,['51457'],[0.4594564437866211],['title_description']
宁波恒越老板是谁,['62497'],[],merged,3,0,[],,"['51457', '60265', '28128']","[0.4594564437866211, 0.4375631809234619, 0.4216124415397644]","['title_description', 'title_description', 'title_description']"
宁海永成双海王小龙资产,['62497'],[],merged,1,0,[],,['28128'],[0.4048941731452942],['title_description']
宁海永成双海王小龙资产,['62497'],[],merged,3,0,[],,"['28128', '50731', '51457']","[0.4048941731452942, 0.40440961718559265, 0.40201494097709656]","['title_description', 'title_description', 'title_description']"
安徽九药生物科技有限公司股东,['62497'],[],merged,1,0,[],,['51457'],[0.5267677307128906],['description']
安徽九药生物科技有限公司股东,['62497'],[],merged,3,0,[],,"['51457', '60265', '50731']","[0.5267677307128906, 0.5224514007568359, 0.4891533851623535]","['description', 'title_description', 'title_description']"
安徽省稻香楼宾馆张雷,['62497'],[],merged,1,0,[],,['47272'],[0.3982201814651489],['title_description']
安徽省稻香楼宾馆张雷,['62497'],[],merged,3,0,[],,"['47272', '51378', '51377']","[0.3982201814651489, 0.38790106773376465, 0.3853512704372406]","['title_description', 'description', 'title_description']"
宜兴市奕辰财务顾问公司宋培春多少岁,['62497'],[],merged,1,0,[],,['51457'],[0.5173537135124207],['description']
宜兴市奕辰财务顾问公司宋培春多少岁,['62497'],[],merged,3,0,[],,"['51457', '60265', '61111']","[0.5173537135124207, 0.49430060386657715, 0.47040486335754395]","['description', 'title_description', 'title_description']"
宝鸡长美科技老板是谁,['62497'],[],merged,1,0,[],,['60265'],[0.45517006516456604],['title_description']
宝鸡长美科技老板是谁,['62497'],[],merged,3,0,[],,"['60265', '51457', '50731']","[0.45517006516456604, 0.436007559299469, 0.41876110434532166]","['title_description', 'description', 'title_description']"
山东华皓城市发展集团有限公司董事长,['62497'],[],merged,1,0,[],,['51457'],[0.4667787253856659],['description']
山东华皓城市发展集团有限公司董事长,['62497'],[],merged,3,0,[],,"['51457', '60265', '39537']","[0.4667787253856659, 0.4408167898654938, 0.4201815128326416]","['description', 'description', 'title_description']"
山东年丰动力机械有限公司法人电话,['62497'],[],merged,1,0,[],,['60265'],[0.4658955931663513],['title_description']
山东年丰动力机械有限公司法人电话,['62497'],[],merged,3,0,[],,"['60265', '28126', '28128']","[0.4658955931663513, 0.4640344977378845, 0.4640344977378845]","['title_description', 'description', 'description']"
山东益众中小企业应急转贷基金股份有限公司边娜,['62497'],[],merged,1,0,[],,['60265'],[0.5085792541503906],['title_description']
山东益众中小企业应急转贷基金股份有限公司边娜,['62497'],[],merged,3,0,[],,"['60265', '51457', '50731']","[0.5085792541503906, 0.5029717683792114, 0.47465962171554565]","['title_description', 'description', 'title_description']"
山东鑫丰种业股份有限公司马云国18606351976,['62497'],[],merged,1,0,[],,['51323'],[0.43873947858810425],['title_description']
山东鑫丰种业股份有限公司马云国18606351976,['62497'],[],merged,3,0,[],,"['51323', '39537', '50731']","[0.43873947858810425, 0.39118632674217224, 0.3895581364631653]","['title_description', 'title_description', 'title_description']"
山西盛世集团董事长,['62497'],[],merged,1,0,[],,['51457'],[0.39069607853889465],['description']
山西盛世集团董事长,['62497'],[],merged,3,0,[],,"['51457', '60265', '50731']","[0.39069607853889465, 0.3694995045661926, 0.3442554175853729]","['description', 'title_description', 'title_description']"
岱美董事长姜银台,['62497'],[],merged,1,0,[],,['5881'],[0.4069090783596039],['description']
岱美董事长姜银台,['62497'],[],merged,3,0,[],,"['5881', '60265', '50926']","[0.4069090783596039, 0.3965809941291809, 0.3939768075942993]","['description', 'title_description', 'title_description']"
巴东县银华煤矿黄贵,['62497'],[],merged,1,0,[],,['51590'],[0.4105183184146881],['title_description']
巴东县银华煤矿黄贵,['62497'],[],merged,3,0,[],,"['51590', '51457', '61800']","[0.4105183184146881, 0.3921950161457062, 0.3881579041481018]","['title_description', 'description', 'description']"
广东省高峰科技有限公司黄峰是哪里的人?,['62497'],[],merged,1,0,[],,['60265'],[0.4371684789657593],['title_description']
广东省高峰科技有限公司黄峰是哪里的人?,['62497'],[],merged,3,0,[],,"['60265', '51457', '39537']","[0.4371684789657593, 0.4343995153903961, 0.41763508319854736]","['title_description', 'description', 'description']"
广西中润建设工程有限公司法人代表张如开的电话,['62497'],[],merged,1,0,[],,['60265'],[0.4561668038368225],['title_description']
广西中润建设工程有限公司法人代表张如开的电话,['62497'],[],merged,3,0,[],,"['60265', '28126', '28128']","[0.4561668038368225, 0.4466690421104431, 0.4466690421104431]","['title_description', 'description', 'description']"
开封锦呈酒店管理有限公司法人代表,['62497'],[],merged,1,0,[],,['51457'],[0.4970451891422272],['description']
开封锦呈酒店管理有限公司法人代表,['62497'],[],merged,3,0,[],,"['51457', '60265', '28126']","[0.4970451891422272, 0.4955984354019165, 0.4883507192134857]","['description', 'description', 'description']"
开远兴远投资董事长简历,['62497'],[],merged,1,0,[],,['51457'],[0.5003699064254761],['description']
开远兴远投资董事长简历,['62497'],[],merged,3,0,[],,"['51457', '60265', '28128']","[0.5003699064254761, 0.4502832889556885, 0.43418562412261963]","['description', 'title_description', 'title_description']"
张家港国泰旅行社法人代表,['62497'],[],merged,1,0,[],,['60265'],[0.42202210426330566],['description']
张家港国泰旅行社法人代表,['62497'],[],merged,3,0,[],,"['60265', '5671', '51457']","[0.42202210426330566, 0.40531134605407715, 0.39783525466918945]","['description', 'title_description', 'description']"
张晓燕点睛堂,['62497'],[],merged,1,0,[],,['52524'],[0.42016148567199707],['title_description']
张晓燕点睛堂,['62497'],[],merged,3,0,[],,"['52524', '47198', '51376']","[0.42016148567199707, 0.38414546847343445, 0.38219261169433594]","['title_description', 'description', 'title_description']"
张维业闽铝,['62497'],[],merged,1,0,[],,['50731'],[0.4269844889640808],['title_description']
张维业闽铝,['62497'],[],merged,3,0,[],,"['50731', '28126', '28128']","[0.4269844889640808, 0.4197046160697937, 0.4191282093524933]","['title_description', 'title_description', 'title_description']"
当贝 雷钧杰,['62497'],[],merged,1,0,[],,['52523'],[0.3803303837776184],['description']
当贝 雷钧杰,['62497'],[],merged,3,0,[],,"['52523', '51275', '51474']","[0.3803303837776184, 0.36942940950393677, 0.3366857171058655]","['description', 'title_description', 'description']"
志成机械董事长个人简历,['62497'],[],merged,1,0,[],,['51457'],[0.49380379915237427],['description']
志成机械董事长个人简历,['62497'],[],merged,3,0,[],,"['51457', '60265', '28126']","[0.49380379915237427, 0.43468016386032104, 0.40417787432670593]","['description', 'title_description', 'description']"
成都美富特董事长简历,['62497'],[],merged,1,0,[],,['51457'],[0.4654156565666199],['description']
成都美富特董事长简历,['62497'],[],merged,3,0,[],,"['51457', '60265', '50731']","[0.4654156565666199, 0.4366488456726074, 0.3949430584907532]","['description', 'title_description', 'title_description']"
扬州港务集团董事长,['62497'],[],merged,1,0,[],,['51457'],[0.40385812520980835],['description']
扬州港务集团董事长,['62497'],[],merged,3,0,[],,"['51457', '39537', '60265']","[0.40385812520980835, 0.3963509202003479, 0.3919951915740967]","['description', 'title_description', 'title_description']"
新宁物流 刘瑞军,['62497'],[],merged,1,0,[],,['50159'],[0.42103898525238037],['title_description']
新宁物流 刘瑞军,['62497'],[],merged,3,0,[],,"['50159', '61111', '50161']","[0.42103898525238037, 0.4191289246082306, 0.41367095708847046]","['title_description', 'title_description', 'title_description']"
方太集团矛忠群有兄弟姐妹吗,['62497'],[],merged,1,0,[],,['51457'],[0.40231481194496155],['title_description']
方太集团矛忠群有兄弟姐妹吗,['62497'],[],merged,3,0,[],,"['51457', '5881', '60265']","[0.40231481194496155, 0.3988324999809265, 0.3897086977958679]","['title_description', 'title_description', 'title_description']"
昊升电机董事长简历,['62497'],[],merged,1,0,[],,['51457'],[0.49568209052085876],['description']
昊升电机董事长简历,['62497'],[],merged,3,0,[],,"['51457', '60265', '50731']","[0.49568209052085876, 0.44905948638916016, 0.4298937916755676]","['description', 'title_description', 'title_description']"
明月山旅游集团董事长,['62497'],[],merged,1,0,[],,['5671'],[0.3643101453781128],['title_description']
明月山旅游集团董事长,['62497'],[],merged,3,0,[],,"['5671', '51457', '60265']","[0.3643101453781128, 0.36369287967681885, 0.36118489503860474]","['title_description', 'title_description', 'description']"
晋江辉腾老板是谁啊,['62497'],[],merged,1,0,[],,['60265'],[0.4809693694114685],['title_description']
晋江辉腾老板是谁啊,['62497'],[],merged,3,0,[],,"['60265', '51457', '50731']","[0.4809693694114685, 0.4729611277580261, 0.46461158990859985]","['title_description', 'description', 'title_description']"
晋江辉腾鞋业公司法人代表是谁,['62497'],[],merged,1,0,[],,['60265'],[0.5171140432357788],['title_description']
晋江辉腾鞋业公司法人代表是谁,['62497'],[],merged,3,0,[],,"['60265', '51457', '50731']","[0.5171140432357788, 0.5077254772186279, 0.4853919744491577]","['title_description', 'description', 'title_description']"
晋江辉腾鞋业有限公司赖育萍简介,['62497'],[],merged,1,0,[],,['51457'],[0.4618765711784363],['description']
晋江辉腾鞋业有限公司赖育萍简介,['62497'],[],merged,3,0,[],,"['51457', '50731', '60265']","[0.4618765711784363, 0.43951988220214844, 0.43374866247177124]","['description', 'title_description', 'title_description']"
晟元老板,['62497'],[],merged,1,0,[],,['51457'],[0.44438403844833374],['description']
晟元老板,['62497'],[],merged,3,0,[],,"['51457', '60265', '50731']","[0.44438403844833374, 0.4426155090332031, 0.43864691257476807]","['description', 'title_description', 'title_description']"
景津集团姜桂廷,['62497'],[],merged,1,0,[],,['5550'],[0.3820536732673645],['description']
景津集团姜桂廷,['62497'],[],merged,3,0,[],,"['5550', '51457', '60265']","[0.3820536732673645, 0.3684898912906647, 0.36770305037498474]","['description', 'title_description', 'title_description']"
村小宅公司法人,['62497'],[],merged,1,0,[],,['51457'],[0.5087153911590576],['description']
村小宅公司法人,['62497'],[],merged,3,0,[],,"['51457', '28126', '28128']","[0.5087153911590576, 0.5000370740890503, 0.5000370740890503]","['description', 'description', 'description']"
杨凤良西安地铁置业,['62497'],[],merged,1,0,[],,['5012'],[0.40875986218452454],['description']
杨凤良西安地铁置业,['62497'],[],merged,3,0,[],,"['5012', '47198', '47242']","[0.40875986218452454, 0.38934653997421265, 0.3817934989929199]","['description', 'description', 'title_description']"
杨生荣西部黄金,['62497'],[],merged,1,0,[],,['51590'],[0.450736939907074],['title_description']
杨生荣西部黄金,['62497'],[],merged,3,0,[],,"['51590', '51088', '36607']","[0.450736939907074, 0.4127354919910431, 0.35043907165527344]","['title_description', 'title_description', 'title_description']"
林州红旗渠电炭王海玉,['62497'],[],merged,1,0,[],,['47272'],[0.3290943503379822],['title_description']
林州红旗渠电炭王海玉,['62497'],[],merged,3,0,[],,"['47272', '51323', '5881']","[0.3290943503379822, 0.3214811086654663, 0.3161608576774597]","['title_description', 'title_description', 'title_description']"
林晨 北京环智文化传媒集团,['62497'],[],merged,1,0,[],,['52524'],[0.36262407898902893],['title_description']
林晨 北京环智文化传媒集团,['62497'],[],merged,3,0,[],,"['52524', '39537', '51275']","[0.36262407898902893, 0.35715895891189575, 0.3508327007293701]","['title_description', 'description', 'title_description']"
毛文琴 安通电装,['62497'],[],merged,1,0,[],,['51712'],[0.4186322093009949],['title_description']
毛文琴 安通电装,['62497'],[],merged,3,0,[],,"['51712', '267', '52524']","[0.4186322093009949, 0.4109871983528137, 0.4054502546787262]","['title_description', 'title_description', 'description']"
江苏沅朗照明有限公司刘艳慧简历,['62497'],[],merged,1,0,[],,['51457'],[0.4906787574291229],['description']
江苏沅朗照明有限公司刘艳慧简历,['62497'],[],merged,3,0,[],,"['51457', '50731', '28128']","[0.4906787574291229, 0.46565136313438416, 0.43413591384887695]","['description', 'title_description', 'title_description']"
江西金尚道新材料有限公司赵建中,['62497'],[],merged,1,0,[],,['50731'],[0.42528849840164185],['title_description']
江西金尚道新材料有限公司赵建中,['62497'],[],merged,3,0,[],,"['50731', '51457', '28128']","[0.42528849840164185, 0.4115235209465027, 0.4097956717014313]","['title_description', 'title_description', 'title_description']"
河南国有资本运营集团张军强,['62497'],[],merged,1,0,[],,['5550'],[0.44691386818885803],['description']
河南国有资本运营集团张军强,['62497'],[],merged,3,0,[],,"['5550', '39537', '60265']","[0.44691386818885803, 0.4383533000946045, 0.41523876786231995]","['description', 'title_description', 'title_description']"
河南辉轮科技董事长简介,['62497'],[],merged,1,0,[],,['51457'],[0.40698495507240295],['description']
河南辉轮科技董事长简介,['62497'],[],merged,3,0,[],,"['51457', '60265', '28128']","[0.40698495507240295, 0.4027269184589386, 0.39065563678741455]","['description', 'title_description', 'title_description']"
浙信网络科技最新消息沈平,['62497'],[],merged,1,0,[],,['60265'],[0.46557682752609253],['title_description']
浙信网络科技最新消息沈平,['62497'],[],merged,3,0,[],,"['60265', '50731', '5432']","[0.46557682752609253, 0.4567674994468689, 0.4563518762588501]","['title_description', 'title_description', 'title_description']"
浙江至乐建设有限公司方宁哪里人,['62497'],[],merged,1,0,[],,['51457'],[0.4353320002555847],['title_description']
浙江至乐建设有限公司方宁哪里人,['62497'],[],merged,3,0,[],,"['51457', '28128', '50731']","[0.4353320002555847, 0.3963666260242462, 0.3923181891441345]","['title_description', 'title_description', 'title_description']"
浙江长江电子有限公司董事长,['62497'],[],merged,1,0,[],,['60265'],[0.4514804780483246],['description']
浙江长江电子有限公司董事长,['62497'],[],merged,3,0,[],,"['60265', '51457', '28128']","[0.4514804780483246, 0.44715818762779236, 0.4387565851211548]","['description', 'title_description', 'title_description']"
海南万国大健康投资集团 周忠清,['62497'],[],merged,1,0,[],,['47272'],[0.33153706789016724],['title_description']
海南万国大健康投资集团 周忠清,['62497'],[],merged,3,0,[],,"['47272', '50731', '51323']","[0.33153706789016724, 0.3295022249221802, 0.3256262242794037]","['title_description', 'title_description', 'title_description']"
海归海集团董事长,['62497'],[],merged,1,0,[],,['51457'],[0.4527134895324707],['description']
海归海集团董事长,['62497'],[],merged,3,0,[],,"['51457', '60265', '39537']","[0.4527134895324707, 0.439601331949234, 0.41549164056777954]","['description', 'title_description', 'title_description']"
深圳 小夫子 朱浩辉,['62497'],[],merged,1,0,[],,['51323'],[0.358500599861145],['title_description']
深圳 小夫子 朱浩辉,['62497'],[],merged,3,0,[],,"['51323', '23', '51381']","[0.358500599861145, 0.34841984510421753, 0.34635406732559204]","['title_description', 'title_description', 'description']"
深圳环水建设董事长田伟,['62497'],[],merged,1,0,[],,['50731'],[0.3243176341056824],['title_description']
深圳环水建设董事长田伟,['62497'],[],merged,3,0,[],,"['50731', '5881', '47242']","[0.3243176341056824, 0.32009395956993103, 0.31810668110847473]","['title_description', 'description', 'title_description']"
港投集团董事长级别是什么,['62497'],[],merged,1,0,[],,['60265'],[0.46046775579452515],['title_description']
港投集团董事长级别是什么,['62497'],[],merged,3,0,[],,"['60265', '51457', '5432']","[0.46046775579452515, 0.4534692168235779, 0.4530787467956543]","['title_description', 'description', 'title_description']"
湖南永盛股东,['62497'],[],merged,1,0,[],,['5432'],[0.47120365500450134],['description']
湖南永盛股东,['62497'],[],merged,3,0,[],,"['5432', '60265', '51457']","[0.47120365500450134, 0.4622865319252014, 0.4416079521179199]","['description', 'title_description', 'description']"
湛江德诚评估陈志宏个人资料,['62497'],[],merged,1,0,[],,['51457'],[0.4480305314064026],['description']
湛江德诚评估陈志宏个人资料,['62497'],[],merged,3,0,[],,"['51457', '60265', '51474']","[0.4480305314064026, 0.4302026033401489, 0.42956042289733887]","['description', 'title_description', 'description']"
湛江湾佳豪陈念华,['62497'],[],merged,1,0,[],,['47272'],[0.3485599756240845],['title_description']
湛江湾佳豪陈念华,['62497'],[],merged,3,0,[],,"['47272', '5550', '51474']","[0.3485599756240845, 0.34339648485183716, 0.33704739809036255]","['title_description', 'description', 'description']"
滨州石化董事长,['62497'],[],merged,1,0,[],,['60265'],[0.4207252264022827],['title_description']
滨州石化董事长,['62497'],[],merged,3,0,[],,"['60265', '51457', '28128']","[0.4207252264022827, 0.3988211452960968, 0.39229246973991394]","['title_description', 'description', 'title_description']"
猛虎保安集团董事长,['62497'],[],merged,1,0,[],,['51457'],[0.3569234609603882],['description']
猛虎保安集团董事长,['62497'],[],merged,3,0,[],,"['51457', '5550', '60265']","[0.3569234609603882, 0.35159963369369507, 0.35107818245887756]","['description', 'description', 'title_description']"
王顺波甬矽电子 简历,['62497'],[],merged,1,0,[],,['51457'],[0.4224131107330322],['description']
王顺波甬矽电子 简历,['62497'],[],merged,3,0,[],,"['51457', '50731', '60265']","[0.4224131107330322, 0.4206080436706543, 0.40711694955825806]","['description', 'title_description', 'title_description']"
琻捷电子股东,['62497'],[],merged,1,0,[],,['60265'],[0.5102717876434326],['title_description']
琻捷电子股东,['62497'],[],merged,3,0,[],,"['60265', '51457', '5432']","[0.5102717876434326, 0.506027102470398, 0.4712234139442444]","['title_description', 'description', 'description']"
甘李药业张一宁,['62497'],[],merged,1,0,[],,['50926'],[0.3810921907424927],['title_description']
甘李药业张一宁,['62497'],[],merged,3,0,[],,"['50926', '47242', '51457']","[0.3810921907424927, 0.37841588258743286, 0.37372666597366333]","['title_description', 'title_description', 'description']"
甘肃省庆阳市太翔工程翟相玉,['62497'],[],merged,1,0,[],,['51457'],[0.4502653479576111],['description']
甘肃省庆阳市太翔工程翟相玉,['62497'],[],merged,3,0,[],,"['51457', '60265', '39537']","[0.4502653479576111, 0.42979851365089417, 0.41190072894096375]","['description', 'title_description', 'description']"
皖维吴福胜是哪里人,['62497'],[],merged,1,0,[],,['51457'],[0.39482975006103516],['title_description']
皖维吴福胜是哪里人,['62497'],[],merged,3,0,[],,"['51457', '50731', '60265']","[0.39482975006103516, 0.3862563371658325, 0.367377907037735]","['title_description', 'title_description', 'title_description']"
福建福人家居科技有限公司林军简介,['62497'],[],merged,1,0,[],,['51457'],[0.45792585611343384],['title_description']
福建福人家居科技有限公司林军简介,['62497'],[],merged,3,0,[],,"['51457', '5359', '60265']","[0.45792585611343384, 0.41525983810424805, 0.4109438955783844]","['title_description', 'description', 'title_description']"
秀英漳禾酒店的老板,['62497'],[],merged,1,0,[],,['47272'],[0.42922085523605347],['title_description']
秀英漳禾酒店的老板,['62497'],[],merged,3,0,[],,"['47272', '51457', '50133']","[0.42922085523605347, 0.4001638889312744, 0.39795729517936707]","['title_description', 'title_description', 'description']"
立捷电子老板林川,['62497'],[],merged,1,0,[],,['5601'],[0.3461361825466156],['title_description']
立捷电子老板林川,['62497'],[],merged,3,0,[],,"['5601', '50731', '51457']","[0.3461361825466156, 0.33882951736450195, 0.3362506628036499]","['title_description', 'title_description', 'title_description']"
粤芯公司的股东有多少个人啊,['62497'],[],merged,1,0,[],,['51457'],[0.5757360458374023],['description']
粤芯公司的股东有多少个人啊,['62497'],[],merged,3,0,[],,"['51457', '60265', '28126']","[0.5757360458374023, 0.5650978684425354, 0.5307065844535828]","['description', 'title_description', 'description']"
红绿金公司公司法人代表是谁啊,['62497'],[],merged,1,0,[],,['60265'],[0.5059308409690857],['title_description']
红绿金公司公司法人代表是谁啊,['62497'],[],merged,3,0,[],,"['60265', '51457', '51590']","[0.5059308409690857, 0.4890100955963135, 0.4841565489768982]","['title_description', 'description', 'title_description']"
联丰建设集团庄桂春欠人工费,['62497'],[],merged,1,0,[],,['51474'],[0.3997207283973694],['description']
联丰建设集团庄桂春欠人工费,['62497'],[],merged,3,0,[],,"['51474', '60265', '51457']","[0.3997207283973694, 0.3963130712509155, 0.3880336284637451]","['description', 'title_description', 'description']"
腾云公司董事长,['62497'],[],merged,1,0,[],,['51457'],[0.47296562790870667],['description']
腾云公司董事长,['62497'],[],merged,3,0,[],,"['51457', '60265', '50731']","[0.47296562790870667, 0.4704953730106354, 0.4490666091442108]","['description', 'title_description', 'title_description']"
航济物流王成,['62497'],[],merged,1,0,[],,['47242'],[0.4332049489021301],['title_description']
航济物流王成,['62497'],[],merged,3,0,[],,"['47242', '51457', '50731']","[0.4332049489021301, 0.42711031436920166, 0.4229559600353241]","['title_description', 'description', 'title_description']"
芯大通王帆个人简历,['62497'],[],merged,1,0,[],,['51457'],[0.5028982758522034],['description']
芯大通王帆个人简历,['62497'],[],merged,3,0,[],,"['51457', '60265', '50731']","[0.5028982758522034, 0.4702407121658325, 0.4534590244293213]","['description', 'title_description', 'title_description']"
苏州郑氏集团董事长,['62497'],[],merged,1,0,[],,['60265'],[0.40854716300964355],['description']
苏州郑氏集团董事长,['62497'],[],merged,3,0,[],,"['60265', '51457', '5432']","[0.40854716300964355, 0.4059658646583557, 0.39605453610420227]","['description', 'description', 'title_description']"
范文敏厦门挽荷商贸有限公司,['62497'],[],merged,1,0,[],,['5544'],[0.42680829763412476],['description']
范文敏厦门挽荷商贸有限公司,['62497'],[],merged,3,0,[],,"['5544', '50731', '47272']","[0.42680829763412476, 0.42661309242248535, 0.424008309841156]","['description', 'title_description', 'title_description']"
蔡建广州农商银行,['62497'],[],merged,1,0,[],,['61111'],[0.5938836336135864],['title_description']
蔡建广州农商银行,['62497'],[],merged,3,0,[],,"['61111', '47198', '5601']","[0.5938836336135864, 0.5368810892105103, 0.5228060483932495]","['title_description', 'description', 'title_description']"
衡水昊天地产老板是谁,['62497'],[],merged,1,0,[],,['51457'],[0.449413925409317],['description']
衡水昊天地产老板是谁,['62497'],[],merged,3,0,[],,"['51457', '60265', '50731']","[0.449413925409317, 0.4327860176563263, 0.40864285826683044]","['description', 'title_description', 'title_description']"
西安双特智能传动有限公司总经理王军简历,['62497'],[],merged,1,0,[],,['51457'],[0.49214106798171997],['description']
西安双特智能传动有限公司总经理王军简历,['62497'],[],merged,3,0,[],,"['51457', '60265', '50731']","[0.49214106798171997, 0.45716696977615356, 0.4461463987827301]","['description', 'title_description', 'title_description']"
西安山合甄选二手车公司法人,['62497'],[],merged,1,0,[],,['51457'],[0.5212240219116211],['description']
西安山合甄选二手车公司法人,['62497'],[],merged,3,0,[],,"['51457', '60265', '28126']","[0.5212240219116211, 0.5180609822273254, 0.5005902051925659]","['description', 'title_description', 'description']"
西安海景国际酒店法人代表,['62497'],[],merged,1,0,[],,['51457'],[0.4586617350578308],['description']
西安海景国际酒店法人代表,['62497'],[],merged,3,0,[],,"['51457', '60265', '50133']","[0.4586617350578308, 0.4510571360588074, 0.44482433795928955]","['description', 'description', 'description']"
西藏两江公司法人代表是谁,['62497'],[],merged,1,0,[],,['60265'],[0.5023938417434692],['description']
西藏两江公司法人代表是谁,['62497'],[],merged,3,0,[],,"['60265', '51457', '28126']","[0.5023938417434692, 0.4711263179779053, 0.46750912070274353]","['description', 'description', 'description']"
诸暨东鑫环保设备有限公司法人,['62497'],[],merged,1,0,[],,['60265'],[0.5119153261184692],['title_description']
诸暨东鑫环保设备有限公司法人,['62497'],[],merged,3,0,[],,"['60265', '50731', '28128']","[0.5119153261184692, 0.5025119185447693, 0.49928927421569824]","['title_description', 'title_description', 'title_description']"
象发国际物流有限公司罗永平简历介绍,['62497'],[],merged,1,0,[],,['51457'],[0.5147847533226013],['description']
象发国际物流有限公司罗永平简历介绍,['62497'],[],merged,3,0,[],,"['51457', '60265', '50731']","[0.5147847533226013, 0.4613153338432312, 0.46062377095222473]","['description', 'title_description', 'title_description']"
贺州市石材开发有限责任公司周楚人,['62497'],[],merged,1,0,[],,['51457'],[0.39436250925064087],['description']
贺州市石材开发有限责任公司周楚人,['62497'],[],merged,3,0,[],,"['51457', '5671', '51380']","[0.39436250925064087, 0.365521103143692, 0.3620127737522125]","['description', 'title_description', 'title_description']"
酷哇廖文龙,['62497'],[],merged,1,0,[],,['47272'],[0.3981664180755615],['title_description']
酷哇廖文龙,['62497'],[],merged,3,0,[],,"['47272', '267', '50731']","[0.3981664180755615, 0.3913053274154663, 0.38839882612228394]","['title_description', 'title_description', 'title_description']"
重庆市腾古建材有限公司董事长安美金个人信息,['62497'],[],merged,1,0,[],,['51457'],[0.5360424518585205],['description']
重庆市腾古建材有限公司董事长安美金个人信息,['62497'],[],merged,3,0,[],,"['51457', '60265', '28128']","[0.5360424518585205, 0.5210602879524231, 0.4910101890563965]","['description', 'title_description', 'title_description']"
金华德丰建设老板简历,['62497'],[],merged,1,0,[],,['51457'],[0.492790162563324],['description']
金华德丰建设老板简历,['62497'],[],merged,3,0,[],,"['51457', '28128', '60265']","[0.492790162563324, 0.4597311019897461, 0.45262932777404785]","['description', 'title_description', 'title_description']"
金峰水泥厂徐贵生近况如何,['62497'],[],merged,1,0,[],,['51590'],[0.3777431845664978],['title_description']
金峰水泥厂徐贵生近况如何,['62497'],[],merged,3,0,[],,"['51590', '47242', '51088']","[0.3777431845664978, 0.36964815855026245, 0.34425175189971924]","['title_description', 'title_description', 'title_description']"
金瑞达科技有限公司法人代表,['62497'],[],merged,1,0,[],,['60265'],[0.5473345518112183],['description']
金瑞达科技有限公司法人代表,['62497'],[],merged,3,0,[],,"['60265', '51457', '28128']","[0.5473345518112183, 0.5281367301940918, 0.48676598072052]","['description', 'description', 'title_description']"
金马星机械集团董事长,['62497'],[],merged,1,0,[],,['51457'],[0.3845716714859009],['description']
金马星机械集团董事长,['62497'],[],merged,3,0,[],,"['51457', '5550', '60265']","[0.3845716714859009, 0.36686861515045166, 0.36526137590408325]","['description', 'description', 'title_description']"
鑫迪集团有限公司董事长简历,['62497'],[],merged,1,0,[],,['51457'],[0.5601208209991455],['description']
鑫迪集团有限公司董事长简历,['62497'],[],merged,3,0,[],,"['51457', '60265', '28128']","[0.5601208209991455, 0.5026703476905823, 0.48268163204193115]","['description', 'title_description', 'title_description']"
长春益田王占林,['62497'],[],merged,1,0,[],,['51457'],[0.3359413743019104],['title_description']
长春益田王占林,['62497'],[],merged,3,0,[],,"['51457', '51323', '5601']","[0.3359413743019104, 0.32934072613716125, 0.3279208540916443]","['title_description', 'title_description', 'title_description']"
阳光大地邓凝伟涉及人员及背景,['62497'],[],merged,1,0,[],,['51457'],[0.32986879348754883],['title_description']
阳光大地邓凝伟涉及人员及背景,['62497'],[],merged,3,0,[],,"['51457', '51323', '60265']","[0.32986879348754883, 0.32278794050216675, 0.3192257285118103]","['title_description', 'title_description', 'title_description']"
陈立泉天目先导,['62497'],[],merged,1,0,[],,['52524'],[0.34304752945899963],['title_description']
陈立泉天目先导,['62497'],[],merged,3,0,[],,"['52524', '5671', '51323']","[0.34304752945899963, 0.33587878942489624, 0.33278292417526245]","['title_description', 'title_description', 'title_description']"
陕西利和商贸有限公司严鹏个人资料,['62497'],[],merged,1,0,[],,['51457'],[0.4923384189605713],['description']
陕西利和商贸有限公司严鹏个人资料,['62497'],[],merged,3,0,[],,"['51457', '60265', '28128']","[0.4923384189605713, 0.4537566304206848, 0.42897218465805054]","['description', 'title_description', 'title_description']"
青春同行国际旅行社张青春总经理电话,['62497'],[],merged,1,0,[],,['5671'],[0.5231356620788574],['title_description']
青春同行国际旅行社张青春总经理电话,['62497'],[],merged,3,0,[],,"['5671', '62106', '47198']","[0.5231356620788574, 0.44511061906814575, 0.43764352798461914]","['title_description', 'title_description', 'description']"
骆驼集团 刘长来,['62497'],[],merged,1,0,[],,['28128'],[0.34182170033454895],['title_description']
骆驼集团 刘长来,['62497'],[],merged,3,0,[],,"['28128', '51457', '28126']","[0.34182170033454895, 0.3390268087387085, 0.32962024211883545]","['title_description', 'title_description', 'title_description']"
高建军新疆新能源集团,['62497'],[],merged,1,0,[],,['51457'],[0.3965836763381958],['title_description']
高建军新疆新能源集团,['62497'],[],merged,3,0,[],,"['51457', '50731', '5550']","[0.3965836763381958, 0.39010074734687805, 0.37549111247062683]","['title_description', 'title_description', 'description']"
黄河矿业李朋,['62497'],[],merged,1,0,[],,['51590'],[0.38223326206207275],['title_description']
黄河矿业李朋,['62497'],[],merged,3,0,[],,"['51590', '51457', '47242']","[0.38223326206207275, 0.37107953429222107, 0.35927313566207886]","['title_description', 'description', 'title_description']"
齐品达餐饮管理有限公司法人是谁,['62497'],[],merged,1,0,[],,['60265'],[0.4991552233695984],['description']
齐品达餐饮管理有限公司法人是谁,['62497'],[],merged,3,0,[],,"['60265', '47198', '28128']","[0.4991552233695984, 0.4914567470550537, 0.49059075117111206]","['description', 'description', 'title_description']"
龙伯集团董事长身价,['62497'],[],merged,1,0,[],,['60265'],[0.42555251717567444],['title_description']
龙伯集团董事长身价,['62497'],[],merged,3,0,[],,"['60265', '51457', '28128']","[0.42555251717567444, 0.4181031286716461, 0.4030468165874481]","['title_description', 'title_description', 'title_description']"
上岛食品有限公司陈家昇简介资料,['62497'],[],title_description,1,0,[],,['47272'],[0.39760273694992065],['title_description']
上岛食品有限公司陈家昇简介资料,['62497'],[],title_description,3,0,[],,"['47272', '50731', '60265']","[0.39760273694992065, 0.3738119900226593, 0.36888885498046875]","['title_description', 'title_description', 'title_description']"
上海星奇半导体董事长简介,['62497'],[],title_description,1,0,[],,['50731'],[0.4584440290927887],['title_description']
上海星奇半导体董事长简介,['62497'],[],title_description,3,0,[],,"['50731', '60265', '28128']","[0.4584440290927887, 0.44518452882766724, 0.43606311082839966]","['title_description', 'title_description', 'title_description']"
上海松禹集团李学民简介,['62497'],[],title_description,1,0,[],,['39537'],[0.39266103506088257],['title_description']
上海松禹集团李学民简介,['62497'],[],title_description,3,0,[],,"['39537', '60265', '50731']","[0.39266103506088257, 0.3821101784706116, 0.36290499567985535]","['title_description', 'title_description', 'title_description']"
上海欣兆阳科技有限公司李征,['62497'],[],title_description,1,0,[],,['50731'],[0.46566152572631836],['title_description']
上海欣兆阳科技有限公司李征,['62497'],[],title_description,3,0,[],,"['50731', '47242', '60265']","[0.46566152572631836, 0.46269866824150085, 0.45805031061172485]","['title_description', 'title_description', 'title_description']"
上膳源董事长的电话,['62497'],[],title_description,1,0,[],,['5012'],[0.4510155916213989],['title_description']
上膳源董事长的电话,['62497'],[],title_description,3,0,[],,"['5012', '47272', '5103']","[0.4510155916213989, 0.45018470287323, 0.3994683027267456]","['title_description', 'title_description', 'title_description']"
中信证券华南公司董事长,['62497'],[],title_description,1,0,[],,['5432'],[0.4442685544490814],['title_description']
中信证券华南公司董事长,['62497'],[],title_description,3,0,[],,"['5432', '50926', '60265']","[0.4442685544490814, 0.4347999095916748, 0.4194287359714508]","['title_description', 'title_description', 'title_description']"
中国华冶周志军,['62497'],[],title_description,1,0,[],,['60265'],[0.37861156463623047],['title_description']
中国华冶周志军,['62497'],[],title_description,3,0,[],,"['60265', '51590', '5601']","[0.37861156463623047, 0.3626164197921753, 0.35955536365509033]","['title_description', 'title_description', 'title_description']"
中建电力工程(深圳)有限公司刘天军简历,['62497'],[],title_description,1,0,[],,['60293'],[0.4510747790336609],['title_description']
中建电力工程(深圳)有限公司刘天军简历,['62497'],[],title_description,3,0,[],,"['60293', '60265', '51457']","[0.4510747790336609, 0.43219107389450073, 0.42571181058883667]","['title_description', 'title_description', 'title_description']"
中核华辰张国华最新任职,['62497'],[],title_description,1,0,[],,['61111'],[0.4185733199119568],['title_description']
中核华辰张国华最新任职,['62497'],[],title_description,3,0,[],,"['61111', '5601', '50926']","[0.4185733199119568, 0.41167789697647095, 0.38362085819244385]","['title_description', 'title_description', 'title_description']"
中谊慧诚陈涛怎么样了,['62497'],[],title_description,1,0,[],,['60265'],[0.48005449771881104],['title_description']
中谊慧诚陈涛怎么样了,['62497'],[],title_description,3,0,[],,"['60265', '51474', '50731']","[0.48005449771881104, 0.4760594666004181, 0.475189745426178]","['title_description', 'title_description', 'title_description']"
"义乌市博娅思贸易有限公司,董杰简历",['62497'],[],title_description,1,0,[],,['5881'],[0.46004337072372437],['title_description']
"义乌市博娅思贸易有限公司,董杰简历",['62497'],[],title_description,3,0,[],,"['5881', '5544', '60977']","[0.46004337072372437, 0.44738733768463135, 0.44416797161102295]","['title_description', 'title_description', 'title_description']"
九联董事长电话是多少,['62497'],[],title_description,1,0,[],,['5012'],[0.5472975969314575],['title_description']
九联董事长电话是多少,['62497'],[],title_description,3,0,[],,"['5012', '60265', '47198']","[0.5472975969314575, 0.539323091506958, 0.5224449634552002]","['title_description', 'title_description', 'title_description']"
云南丰泰泓通工程建设有限公司李东明,['62497'],[],title_description,1,0,[],,['60265'],[0.40600964426994324],['title_description']
云南丰泰泓通工程建设有限公司李东明,['62497'],[],title_description,3,0,[],,"['60265', '51457', '28128']","[0.40600964426994324, 0.39992937445640564, 0.3872833549976349]","['title_description', 'title_description', 'title_description']"
保盾保安服务有限公司林真丰,['62497'],[],title_description,1,0,[],,['28128'],[0.42938345670700073],['title_description']
保盾保安服务有限公司林真丰,['62497'],[],title_description,3,0,[],,"['28128', '60265', '51457']","[0.42938345670700073, 0.42392274737358093, 0.41297096014022827]","['title_description', 'title_description', 'title_description']"
内蒙古先泰农业科技有限公司彭文祥简历,['62497'],[],title_description,1,0,[],,['51457'],[0.4632599651813507],['title_description']
内蒙古先泰农业科技有限公司彭文祥简历,['62497'],[],title_description,3,0,[],,"['51457', '50731', '60265']","[0.4632599651813507, 0.4537026584148407, 0.45276275277137756]","['title_description', 'title_description', 'title_description']"
利利通物流公司法人是谁,['62497'],[],title_description,1,0,[],,['60265'],[0.5674687623977661],['title_description']
利利通物流公司法人是谁,['62497'],[],title_description,3,0,[],,"['60265', '51457', '50731']","[0.5674687623977661, 0.5336510539054871, 0.5137776136398315]","['title_description', 'title_description', 'title_description']"
剑南春乔天明现状,['62497'],[],title_description,1,0,[],,['61111'],[0.3568938076496124],['title_description']
剑南春乔天明现状,['62497'],[],title_description,3,0,[],,"['61111', '5601', '47272']","[0.3568938076496124, 0.3530193865299225, 0.3508097231388092]","['title_description', 'title_description', 'title_description']"
北京德恒乾坤医疗器械有限公司陈建文,['62497'],[],title_description,1,0,[],,['267'],[0.4495272636413574],['title_description']
北京德恒乾坤医疗器械有限公司陈建文,['62497'],[],title_description,3,0,[],,"['267', '51712', '60265']","[0.4495272636413574, 0.42623573541641235, 0.41051632165908813]","['title_description', 'title_description', 'title_description']"
北京移动公司法人董事长,['62497'],[],title_description,1,0,[],,['60265'],[0.45054876804351807],['title_description']
北京移动公司法人董事长,['62497'],[],title_description,3,0,[],,"['60265', '28126', '50731']","[0.45054876804351807, 0.44076162576675415, 0.4052630066871643]","['title_description', 'title_description', 'title_description']"
南京六合商场发人,['62497'],[],title_description,1,0,[],,['61111'],[0.43458932638168335],['title_description']
南京六合商场发人,['62497'],[],title_description,3,0,[],,"['61111', '5012', '47198']","[0.43458932638168335, 0.4263196587562561, 0.42520833015441895]","['title_description', 'title_description', 'title_description']"
南宁产投铝基新材料集团黎小都,['62497'],[],title_description,1,0,[],,['50731'],[0.49185729026794434],['title_description']
南宁产投铝基新材料集团黎小都,['62497'],[],title_description,3,0,[],,"['50731', '28128', '51457']","[0.49185729026794434, 0.48029792308807373, 0.474150151014328]","['title_description', 'title_description', 'title_description']"
南方乳业张定奎简历,['62497'],[],title_description,1,0,[],,['60265'],[0.40114638209342957],['title_description']
南方乳业张定奎简历,['62497'],[],title_description,3,0,[],,"['60265', '60293', '39537']","[0.40114638209342957, 0.39869263768196106, 0.3907674551010132]","['title_description', 'title_description', 'title_description']"
南通帝久贸易陈东,['62497'],[],title_description,1,0,[],,['5881'],[0.4222959280014038],['title_description']
南通帝久贸易陈东,['62497'],[],title_description,3,0,[],,"['5881', '5544', '5917']","[0.4222959280014038, 0.3598073720932007, 0.3442680835723877]","['title_description', 'title_description', 'title_description']"
博朗网络工程有限公司柏青春照片,['62497'],[],title_description,1,0,[],,['47242'],[0.4532446563243866],['title_description']
博朗网络工程有限公司柏青春照片,['62497'],[],title_description,3,0,[],,"['47242', '60265', '50731']","[0.4532446563243866, 0.45284879207611084, 0.4463130235671997]","['title_description', 'title_description', 'title_description']"
卡涞复合材料科技有限公司何鹏简介,['62497'],[],title_description,1,0,[],,['51457'],[0.4447641968727112],['title_description']
卡涞复合材料科技有限公司何鹏简介,['62497'],[],title_description,3,0,[],,"['51457', '28128', '60265']","[0.4447641968727112, 0.438444048166275, 0.433579683303833]","['title_description', 'title_description', 'title_description']"
厦门海沧热能投资有限公司翁健生简历,['62497'],[],title_description,1,0,[],,['60265'],[0.42692142724990845],['title_description']
厦门海沧热能投资有限公司翁健生简历,['62497'],[],title_description,3,0,[],,"['60265', '50731', '51457']","[0.42692142724990845, 0.42266979813575745, 0.3873670697212219]","['title_description', 'title_description', 'title_description']"
厦门融毅电气设备有限公司老板,['62497'],[],title_description,1,0,[],,['60265'],[0.5056082606315613],['title_description']
厦门融毅电气设备有限公司老板,['62497'],[],title_description,3,0,[],,"['60265', '50731', '28128']","[0.5056082606315613, 0.458935022354126, 0.43696683645248413]","['title_description', 'title_description', 'title_description']"
合图智造郑轩履历,['62497'],[],title_description,1,0,[],,['47242'],[0.4098864197731018],['title_description']
合图智造郑轩履历,['62497'],[],title_description,3,0,[],,"['47242', '50731', '51457']","[0.4098864197731018, 0.4086201786994934, 0.4060407280921936]","['title_description', 'title_description', 'title_description']"
吴健辉 紫金矿业,['62497'],[],title_description,1,0,[],,['51590'],[0.4528050720691681],['title_description']
吴健辉 紫金矿业,['62497'],[],title_description,3,0,[],,"['51590', '50926', '60265']","[0.4528050720691681, 0.4054009020328522, 0.4034387767314911]","['title_description', 'title_description', 'title_description']"
唐通达宋学峰,['62497'],[],title_description,1,0,[],,['52524'],[0.41714030504226685],['title_description']
唐通达宋学峰,['62497'],[],title_description,3,0,[],,"['52524', '51377', '39537']","[0.41714030504226685, 0.3922654390335083, 0.3918006122112274]","['title_description', 'title_description', 'title_description']"
嘉兴光明设计徐建根简历,['62497'],[],title_description,1,0,[],,['51457'],[0.43999534845352173],['title_description']
嘉兴光明设计徐建根简历,['62497'],[],title_description,3,0,[],,"['51457', '47242', '50731']","[0.43999534845352173, 0.42153775691986084, 0.40631499886512756]","['title_description', 'title_description', 'title_description']"
国任财产保险股份有限公司徐志华,['62497'],[],title_description,1,0,[],,['60265'],[0.4635908901691437],['title_description']
国任财产保险股份有限公司徐志华,['62497'],[],title_description,3,0,[],,"['60265', '51457', '61111']","[0.4635908901691437, 0.45006510615348816, 0.4456738233566284]","['title_description', 'title_description', 'title_description']"
国廪徐勇,['62497'],[],title_description,1,0,[],,['51323'],[0.34388548135757446],['title_description']
国廪徐勇,['62497'],[],title_description,3,0,[],,"['51323', '47272', '52524']","[0.34388548135757446, 0.3306642770767212, 0.3263614773750305]","['title_description', 'title_description', 'title_description']"
天天欣业董事长简历,['62497'],[],title_description,1,0,[],,['50731'],[0.4819597005844116],['title_description']
天天欣业董事长简历,['62497'],[],title_description,3,0,[],,"['50731', '60265', '28128']","[0.4819597005844116, 0.46928369998931885, 0.4543757438659668]","['title_description', 'title_description', 'title_description']"
孙国金金泰亿是父子关系吗,['62497'],[],title_description,1,0,[],,['51590'],[0.45698606967926025],['title_description']
孙国金金泰亿是父子关系吗,['62497'],[],title_description,3,0,[],,"['51590', '60265', '51457']","[0.45698606967926025, 0.40238770842552185, 0.3705044984817505]","['title_description', 'title_description', 'title_description']"
宁波恒越老板是谁,['62497'],[],title_description,1,0,[],,['51457'],[0.4594564437866211],['title_description']
宁波恒越老板是谁,['62497'],[],title_description,3,0,[],,"['51457', '60265', '28128']","[0.4594564437866211, 0.4375631809234619, 0.4216124415397644]","['title_description', 'title_description', 'title_description']"
宁海永成双海王小龙资产,['62497'],[],title_description,1,0,[],,['28128'],[0.4048941731452942],['title_description']
宁海永成双海王小龙资产,['62497'],[],title_description,3,0,[],,"['28128', '50731', '51457']","[0.4048941731452942, 0.40440961718559265, 0.40201494097709656]","['title_description', 'title_description', 'title_description']"
安徽九药生物科技有限公司股东,['62497'],[],title_description,1,0,[],,['60265'],[0.5224514007568359],['title_description']
安徽九药生物科技有限公司股东,['62497'],[],title_description,3,0,[],,"['60265', '50731', '28128']","[0.5224514007568359, 0.4891533851623535, 0.47856029868125916]","['title_description', 'title_description', 'title_description']"
安徽省稻香楼宾馆张雷,['62497'],[],title_description,1,0,[],,['47272'],[0.3982201814651489],['title_description']
安徽省稻香楼宾馆张雷,['62497'],[],title_description,3,0,[],,"['47272', '51377', '51378']","[0.3982201814651489, 0.3853512704372406, 0.3815491199493408]","['title_description', 'title_description', 'title_description']"
宜兴市奕辰财务顾问公司宋培春多少岁,['62497'],[],title_description,1,0,[],,['60265'],[0.49430060386657715],['title_description']
宜兴市奕辰财务顾问公司宋培春多少岁,['62497'],[],title_description,3,0,[],,"['60265', '61111', '50731']","[0.49430060386657715, 0.47040486335754395, 0.4678230285644531]","['title_description', 'title_description', 'title_description']"
宝鸡长美科技老板是谁,['62497'],[],title_description,1,0,[],,['60265'],[0.45517006516456604],['title_description']
宝鸡长美科技老板是谁,['62497'],[],title_description,3,0,[],,"['60265', '50731', '47242']","[0.45517006516456604, 0.41876110434532166, 0.41465795040130615]","['title_description', 'title_description', 'title_description']"
山东华皓城市发展集团有限公司董事长,['62497'],[],title_description,1,0,[],,['60265'],[0.43447643518447876],['title_description']
山东华皓城市发展集团有限公司董事长,['62497'],[],title_description,3,0,[],,"['60265', '39537', '51457']","[0.43447643518447876, 0.4201815128326416, 0.4140665829181671]","['title_description', 'title_description', 'title_description']"
山东年丰动力机械有限公司法人电话,['62497'],[],title_description,1,0,[],,['60265'],[0.4658955931663513],['title_description']
山东年丰动力机械有限公司法人电话,['62497'],[],title_description,3,0,[],,"['60265', '28126', '50731']","[0.4658955931663513, 0.45025911927223206, 0.441189169883728]","['title_description', 'title_description', 'title_description']"
山东益众中小企业应急转贷基金股份有限公司边娜,['62497'],[],title_description,1,0,[],,['60265'],[0.5085792541503906],['title_description']
山东益众中小企业应急转贷基金股份有限公司边娜,['62497'],[],title_description,3,0,[],,"['60265', '50731', '28128']","[0.5085792541503906, 0.47465962171554565, 0.4633833169937134]","['title_description', 'title_description', 'title_description']"
山东鑫丰种业股份有限公司马云国18606351976,['62497'],[],title_description,1,0,[],,['51323'],[0.43873947858810425],['title_description']
山东鑫丰种业股份有限公司马云国18606351976,['62497'],[],title_description,3,0,[],,"['51323', '39537', '50731']","[0.43873947858810425, 0.39118632674217224, 0.3895581364631653]","['title_description', 'title_description', 'title_description']"
山西盛世集团董事长,['62497'],[],title_description,1,0,[],,['60265'],[0.3694995045661926],['title_description']
山西盛世集团董事长,['62497'],[],title_description,3,0,[],,"['60265', '50731', '51457']","[0.3694995045661926, 0.3442554175853729, 0.33568236231803894]","['title_description', 'title_description', 'title_description']"
岱美董事长姜银台,['62497'],[],title_description,1,0,[],,['5881'],[0.40211355686187744],['title_description']
岱美董事长姜银台,['62497'],[],title_description,3,0,[],,"['5881', '60265', '50926']","[0.40211355686187744, 0.3965809941291809, 0.3939768075942993]","['title_description', 'title_description', 'title_description']"
巴东县银华煤矿黄贵,['62497'],[],title_description,1,0,[],,['51590'],[0.4105183184146881],['title_description']
巴东县银华煤矿黄贵,['62497'],[],title_description,3,0,[],,"['51590', '51457', '61111']","[0.4105183184146881, 0.3797796368598938, 0.37623482942581177]","['title_description', 'title_description', 'title_description']"
广东省高峰科技有限公司黄峰是哪里的人?,['62497'],[],title_description,1,0,[],,['60265'],[0.4371684789657593],['title_description']
广东省高峰科技有限公司黄峰是哪里的人?,['62497'],[],title_description,3,0,[],,"['60265', '51457', '47242']","[0.4371684789657593, 0.4022716283798218, 0.39654797315597534]","['title_description', 'title_description', 'title_description']"
广西中润建设工程有限公司法人代表张如开的电话,['62497'],[],title_description,1,0,[],,['60265'],[0.4561668038368225],['title_description']
广西中润建设工程有限公司法人代表张如开的电话,['62497'],[],title_description,3,0,[],,"['60265', '50731', '28126']","[0.4561668038368225, 0.434192955493927, 0.42087042331695557]","['title_description', 'title_description', 'title_description']"
开封锦呈酒店管理有限公司法人代表,['62497'],[],title_description,1,0,[],,['60265'],[0.48927515745162964],['title_description']
开封锦呈酒店管理有限公司法人代表,['62497'],[],title_description,3,0,[],,"['60265', '28128', '50731']","[0.48927515745162964, 0.4867204427719116, 0.4697973132133484]","['title_description', 'title_description', 'title_description']"
开远兴远投资董事长简历,['62497'],[],title_description,1,0,[],,['60265'],[0.4502832889556885],['title_description']
开远兴远投资董事长简历,['62497'],[],title_description,3,0,[],,"['60265', '28128', '51457']","[0.4502832889556885, 0.43418562412261963, 0.42867231369018555]","['title_description', 'title_description', 'title_description']"
张家港国泰旅行社法人代表,['62497'],[],title_description,1,0,[],,['5671'],[0.40531134605407715],['title_description']
张家港国泰旅行社法人代表,['62497'],[],title_description,3,0,[],,"['5671', '60265', '51457']","[0.40531134605407715, 0.39561134576797485, 0.3802645206451416]","['title_description', 'title_description', 'title_description']"
张晓燕点睛堂,['62497'],[],title_description,1,0,[],,['52524'],[0.42016148567199707],['title_description']
张晓燕点睛堂,['62497'],[],title_description,3,0,[],,"['52524', '51376', '51323']","[0.42016148567199707, 0.38219261169433594, 0.380794882774353]","['title_description', 'title_description', 'title_description']"
张维业闽铝,['62497'],[],title_description,1,0,[],,['50731'],[0.4269844889640808],['title_description']
张维业闽铝,['62497'],[],title_description,3,0,[],,"['50731', '28126', '28128']","[0.4269844889640808, 0.4197046160697937, 0.4191282093524933]","['title_description', 'title_description', 'title_description']"
当贝 雷钧杰,['62497'],[],title_description,1,0,[],,['52523'],[0.3761714696884155],['title_description']
当贝 雷钧杰,['62497'],[],title_description,3,0,[],,"['52523', '51275', '62248']","[0.3761714696884155, 0.36942940950393677, 0.3341529369354248]","['title_description', 'title_description', 'title_description']"
志成机械董事长个人简历,['62497'],[],title_description,1,0,[],,['60265'],[0.43468016386032104],['title_description']
志成机械董事长个人简历,['62497'],[],title_description,3,0,[],,"['60265', '50731', '51457']","[0.43468016386032104, 0.39599019289016724, 0.3919070363044739]","['title_description', 'title_description', 'title_description']"
成都美富特董事长简历,['62497'],[],title_description,1,0,[],,['60265'],[0.4366488456726074],['title_description']
成都美富特董事长简历,['62497'],[],title_description,3,0,[],,"['60265', '51457', '50731']","[0.4366488456726074, 0.4044470191001892, 0.3949430584907532]","['title_description', 'title_description', 'title_description']"
扬州港务集团董事长,['62497'],[],title_description,1,0,[],,['39537'],[0.3963509202003479],['title_description']
扬州港务集团董事长,['62497'],[],title_description,3,0,[],,"['39537', '60265', '47242']","[0.3963509202003479, 0.3919951915740967, 0.3799068331718445]","['title_description', 'title_description', 'title_description']"
新宁物流 刘瑞军,['62497'],[],title_description,1,0,[],,['50159'],[0.42103898525238037],['title_description']
新宁物流 刘瑞军,['62497'],[],title_description,3,0,[],,"['50159', '61111', '50161']","[0.42103898525238037, 0.4191289246082306, 0.41367095708847046]","['title_description', 'title_description', 'title_description']"
方太集团矛忠群有兄弟姐妹吗,['62497'],[],title_description,1,0,[],,['51457'],[0.40231481194496155],['title_description']
方太集团矛忠群有兄弟姐妹吗,['62497'],[],title_description,3,0,[],,"['51457', '5881', '60265']","[0.40231481194496155, 0.3988324999809265, 0.3897086977958679]","['title_description', 'title_description', 'title_description']"
昊升电机董事长简历,['62497'],[],title_description,1,0,[],,['60265'],[0.44905948638916016],['title_description']
昊升电机董事长简历,['62497'],[],title_description,3,0,[],,"['60265', '50731', '51457']","[0.44905948638916016, 0.4298937916755676, 0.4272204637527466]","['title_description', 'title_description', 'title_description']"
明月山旅游集团董事长,['62497'],[],title_description,1,0,[],,['5671'],[0.3643101453781128],['title_description']
明月山旅游集团董事长,['62497'],[],title_description,3,0,[],,"['5671', '51457', '60265']","[0.3643101453781128, 0.36369287967681885, 0.35302120447158813]","['title_description', 'title_description', 'title_description']"
晋江辉腾老板是谁啊,['62497'],[],title_description,1,0,[],,['60265'],[0.4809693694114685],['title_description']
晋江辉腾老板是谁啊,['62497'],[],title_description,3,0,[],,"['60265', '51457', '50731']","[0.4809693694114685, 0.47179633378982544, 0.46461158990859985]","['title_description', 'title_description', 'title_description']"
晋江辉腾鞋业公司法人代表是谁,['62497'],[],title_description,1,0,[],,['60265'],[0.5171140432357788],['title_description']
晋江辉腾鞋业公司法人代表是谁,['62497'],[],title_description,3,0,[],,"['60265', '50731', '51457']","[0.5171140432357788, 0.4853919744491577, 0.46960651874542236]","['title_description', 'title_description', 'title_description']"
晋江辉腾鞋业有限公司赖育萍简介,['62497'],[],title_description,1,0,[],,['50731'],[0.43951988220214844],['title_description']
晋江辉腾鞋业有限公司赖育萍简介,['62497'],[],title_description,3,0,[],,"['50731', '60265', '28128']","[0.43951988220214844, 0.43374866247177124, 0.4223197102546692]","['title_description', 'title_description', 'title_description']"
晟元老板,['62497'],[],title_description,1,0,[],,['60265'],[0.4426155090332031],['title_description']
晟元老板,['62497'],[],title_description,3,0,[],,"['60265', '50731', '51457']","[0.4426155090332031, 0.43864691257476807, 0.4375070333480835]","['title_description', 'title_description', 'title_description']"
景津集团姜桂廷,['62497'],[],title_description,1,0,[],,['51457'],[0.3684898912906647],['title_description']
景津集团姜桂廷,['62497'],[],title_description,3,0,[],,"['51457', '60265', '28128']","[0.3684898912906647, 0.36770305037498474, 0.36755624413490295]","['title_description', 'title_description', 'title_description']"
村小宅公司法人,['62497'],[],title_description,1,0,[],,['50731'],[0.49662747979164124],['title_description']
村小宅公司法人,['62497'],[],title_description,3,0,[],,"['50731', '60265', '51457']","[0.49662747979164124, 0.49097180366516113, 0.4801253080368042]","['title_description', 'title_description', 'title_description']"
杨凤良西安地铁置业,['62497'],[],title_description,1,0,[],,['5012'],[0.38868820667266846],['title_description']
杨凤良西安地铁置业,['62497'],[],title_description,3,0,[],,"['5012', '47242', '47266']","[0.38868820667266846, 0.3817934989929199, 0.37692564725875854]","['title_description', 'title_description', 'title_description']"
杨生荣西部黄金,['62497'],[],title_description,1,0,[],,['51590'],[0.450736939907074],['title_description']
杨生荣西部黄金,['62497'],[],title_description,3,0,[],,"['51590', '51088', '36607']","[0.450736939907074, 0.4127354919910431, 0.35043907165527344]","['title_description', 'title_description', 'title_description']"
林州红旗渠电炭王海玉,['62497'],[],title_description,1,0,[],,['47272'],[0.3290943503379822],['title_description']
林州红旗渠电炭王海玉,['62497'],[],title_description,3,0,[],,"['47272', '51323', '5881']","[0.3290943503379822, 0.3214811086654663, 0.3161608576774597]","['title_description', 'title_description', 'title_description']"
林晨 北京环智文化传媒集团,['62497'],[],title_description,1,0,[],,['52524'],[0.36262407898902893],['title_description']
林晨 北京环智文化传媒集团,['62497'],[],title_description,3,0,[],,"['52524', '51275', '39537']","[0.36262407898902893, 0.3508327007293701, 0.34947913885116577]","['title_description', 'title_description', 'title_description']"
毛文琴 安通电装,['62497'],[],title_description,1,0,[],,['51712'],[0.4186322093009949],['title_description']
毛文琴 安通电装,['62497'],[],title_description,3,0,[],,"['51712', '267', '52524']","[0.4186322093009949, 0.4109871983528137, 0.3986086845397949]","['title_description', 'title_description', 'title_description']"
江苏沅朗照明有限公司刘艳慧简历,['62497'],[],title_description,1,0,[],,['50731'],[0.46565136313438416],['title_description']
江苏沅朗照明有限公司刘艳慧简历,['62497'],[],title_description,3,0,[],,"['50731', '51457', '28128']","[0.46565136313438416, 0.4420691132545471, 0.43413591384887695]","['title_description', 'title_description', 'title_description']"
江西金尚道新材料有限公司赵建中,['62497'],[],title_description,1,0,[],,['50731'],[0.42528849840164185],['title_description']
江西金尚道新材料有限公司赵建中,['62497'],[],title_description,3,0,[],,"['50731', '51457', '28128']","[0.42528849840164185, 0.4115235209465027, 0.4097956717014313]","['title_description', 'title_description', 'title_description']"
河南国有资本运营集团张军强,['62497'],[],title_description,1,0,[],,['39537'],[0.4383533000946045],['title_description']
河南国有资本运营集团张军强,['62497'],[],title_description,3,0,[],,"['39537', '60265', '5550']","[0.4383533000946045, 0.41523876786231995, 0.41425925493240356]","['title_description', 'title_description', 'title_description']"
河南辉轮科技董事长简介,['62497'],[],title_description,1,0,[],,['60265'],[0.4027269184589386],['title_description']
河南辉轮科技董事长简介,['62497'],[],title_description,3,0,[],,"['60265', '28128', '50731']","[0.4027269184589386, 0.39065563678741455, 0.3897707462310791]","['title_description', 'title_description', 'title_description']"
浙信网络科技最新消息沈平,['62497'],[],title_description,1,0,[],,['60265'],[0.46557682752609253],['title_description']
浙信网络科技最新消息沈平,['62497'],[],title_description,3,0,[],,"['60265', '50731', '5432']","[0.46557682752609253, 0.4567674994468689, 0.4563518762588501]","['title_description', 'title_description', 'title_description']"
浙江至乐建设有限公司方宁哪里人,['62497'],[],title_description,1,0,[],,['51457'],[0.4353320002555847],['title_description']
浙江至乐建设有限公司方宁哪里人,['62497'],[],title_description,3,0,[],,"['51457', '28128', '50731']","[0.4353320002555847, 0.3963666260242462, 0.3923181891441345]","['title_description', 'title_description', 'title_description']"
浙江长江电子有限公司董事长,['62497'],[],title_description,1,0,[],,['60265'],[0.4484742283821106],['title_description']
浙江长江电子有限公司董事长,['62497'],[],title_description,3,0,[],,"['60265', '51457', '28128']","[0.4484742283821106, 0.44715818762779236, 0.4387565851211548]","['title_description', 'title_description', 'title_description']"
海南万国大健康投资集团 周忠清,['62497'],[],title_description,1,0,[],,['47272'],[0.33153706789016724],['title_description']
海南万国大健康投资集团 周忠清,['62497'],[],title_description,3,0,[],,"['47272', '50731', '51323']","[0.33153706789016724, 0.3295022249221802, 0.3256262242794037]","['title_description', 'title_description', 'title_description']"
海归海集团董事长,['62497'],[],title_description,1,0,[],,['60265'],[0.439601331949234],['title_description']
海归海集团董事长,['62497'],[],title_description,3,0,[],,"['60265', '51457', '39537']","[0.439601331949234, 0.4273553192615509, 0.41549164056777954]","['title_description', 'title_description', 'title_description']"
深圳 小夫子 朱浩辉,['62497'],[],title_description,1,0,[],,['51323'],[0.358500599861145],['title_description']
深圳 小夫子 朱浩辉,['62497'],[],title_description,3,0,[],,"['51323', '23', '51382']","[0.358500599861145, 0.34841984510421753, 0.34360194206237793]","['title_description', 'title_description', 'title_description']"
深圳环水建设董事长田伟,['62497'],[],title_description,1,0,[],,['50731'],[0.3243176341056824],['title_description']
深圳环水建设董事长田伟,['62497'],[],title_description,3,0,[],,"['50731', '47242', '5881']","[0.3243176341056824, 0.31810668110847473, 0.3153916001319885]","['title_description', 'title_description', 'title_description']"
港投集团董事长级别是什么,['62497'],[],title_description,1,0,[],,['60265'],[0.46046775579452515],['title_description']
港投集团董事长级别是什么,['62497'],[],title_description,3,0,[],,"['60265', '5432', '39537']","[0.46046775579452515, 0.4530787467956543, 0.438532292842865]","['title_description', 'title_description', 'title_description']"
湖南永盛股东,['62497'],[],title_description,1,0,[],,['5432'],[0.4682655930519104],['title_description']
湖南永盛股东,['62497'],[],title_description,3,0,[],,"['5432', '60265', '50731']","[0.4682655930519104, 0.4622865319252014, 0.4254089593887329]","['title_description', 'title_description', 'title_description']"
湛江德诚评估陈志宏个人资料,['62497'],[],title_description,1,0,[],,['60265'],[0.4302026033401489],['title_description']
湛江德诚评估陈志宏个人资料,['62497'],[],title_description,3,0,[],,"['60265', '51474', '61111']","[0.4302026033401489, 0.4076422154903412, 0.40012916922569275]","['title_description', 'title_description', 'title_description']"
湛江湾佳豪陈念华,['62497'],[],title_description,1,0,[],,['47272'],[0.3485599756240845],['title_description']
湛江湾佳豪陈念华,['62497'],[],title_description,3,0,[],,"['47272', '61111', '51474']","[0.3485599756240845, 0.33148330450057983, 0.3284357190132141]","['title_description', 'title_description', 'title_description']"
滨州石化董事长,['62497'],[],title_description,1,0,[],,['60265'],[0.4207252264022827],['title_description']
滨州石化董事长,['62497'],[],title_description,3,0,[],,"['60265', '28128', '51457']","[0.4207252264022827, 0.39229246973991394, 0.386199951171875]","['title_description', 'title_description', 'title_description']"
猛虎保安集团董事长,['62497'],[],title_description,1,0,[],,['60265'],[0.35107818245887756],['title_description']
猛虎保安集团董事长,['62497'],[],title_description,3,0,[],,"['60265', '51457', '50926']","[0.35107818245887756, 0.34546971321105957, 0.34425848722457886]","['title_description', 'title_description', 'title_description']"
王顺波甬矽电子 简历,['62497'],[],title_description,1,0,[],,['50731'],[0.4206080436706543],['title_description']
王顺波甬矽电子 简历,['62497'],[],title_description,3,0,[],,"['50731', '60265', '28128']","[0.4206080436706543, 0.40711694955825806, 0.38071584701538086]","['title_description', 'title_description', 'title_description']"
琻捷电子股东,['62497'],[],title_description,1,0,[],,['60265'],[0.5102717876434326],['title_description']
琻捷电子股东,['62497'],[],title_description,3,0,[],,"['60265', '51457', '50731']","[0.5102717876434326, 0.4707459807395935, 0.4694877862930298]","['title_description', 'title_description', 'title_description']"
甘李药业张一宁,['62497'],[],title_description,1,0,[],,['50926'],[0.3810921907424927],['title_description']
甘李药业张一宁,['62497'],[],title_description,3,0,[],,"['50926', '47242', '60265']","[0.3810921907424927, 0.37841588258743286, 0.3694874048233032]","['title_description', 'title_description', 'title_description']"
甘肃省庆阳市太翔工程翟相玉,['62497'],[],title_description,1,0,[],,['60265'],[0.42979851365089417],['title_description']
甘肃省庆阳市太翔工程翟相玉,['62497'],[],title_description,3,0,[],,"['60265', '51457', '60293']","[0.42979851365089417, 0.411088764667511, 0.410466730594635]","['title_description', 'title_description', 'title_description']"
皖维吴福胜是哪里人,['62497'],[],title_description,1,0,[],,['51457'],[0.39482975006103516],['title_description']
皖维吴福胜是哪里人,['62497'],[],title_description,3,0,[],,"['51457', '50731', '60265']","[0.39482975006103516, 0.3862563371658325, 0.367377907037735]","['title_description', 'title_description', 'title_description']"
福建福人家居科技有限公司林军简介,['62497'],[],title_description,1,0,[],,['51457'],[0.45792585611343384],['title_description']
福建福人家居科技有限公司林军简介,['62497'],[],title_description,3,0,[],,"['51457', '60265', '50731']","[0.45792585611343384, 0.4109438955783844, 0.4075411260128021]","['title_description', 'title_description', 'title_description']"
秀英漳禾酒店的老板,['62497'],[],title_description,1,0,[],,['47272'],[0.42922085523605347],['title_description']
秀英漳禾酒店的老板,['62497'],[],title_description,3,0,[],,"['47272', '51457', '50192']","[0.42922085523605347, 0.4001638889312744, 0.39112186431884766]","['title_description', 'title_description', 'title_description']"
立捷电子老板林川,['62497'],[],title_description,1,0,[],,['5601'],[0.3461361825466156],['title_description']
立捷电子老板林川,['62497'],[],title_description,3,0,[],,"['5601', '50731', '51457']","[0.3461361825466156, 0.33882951736450195, 0.3362506628036499]","['title_description', 'title_description', 'title_description']"
粤芯公司的股东有多少个人啊,['62497'],[],title_description,1,0,[],,['60265'],[0.5650978684425354],['title_description']
粤芯公司的股东有多少个人啊,['62497'],[],title_description,3,0,[],,"['60265', '50731', '28128']","[0.5650978684425354, 0.5201973915100098, 0.49183744192123413]","['title_description', 'title_description', 'title_description']"
红绿金公司公司法人代表是谁啊,['62497'],[],title_description,1,0,[],,['60265'],[0.5059308409690857],['title_description']
红绿金公司公司法人代表是谁啊,['62497'],[],title_description,3,0,[],,"['60265', '51590', '51457']","[0.5059308409690857, 0.4841565489768982, 0.46313780546188354]","['title_description', 'title_description', 'title_description']"
联丰建设集团庄桂春欠人工费,['62497'],[],title_description,1,0,[],,['60265'],[0.3963130712509155],['title_description']
联丰建设集团庄桂春欠人工费,['62497'],[],title_description,3,0,[],,"['60265', '51457', '61111']","[0.3963130712509155, 0.37184813618659973, 0.3657965660095215]","['title_description', 'title_description', 'title_description']"
腾云公司董事长,['62497'],[],title_description,1,0,[],,['60265'],[0.4704953730106354],['title_description']
腾云公司董事长,['62497'],[],title_description,3,0,[],,"['60265', '51457', '50731']","[0.4704953730106354, 0.4595431685447693, 0.4490666091442108]","['title_description', 'title_description', 'title_description']"
航济物流王成,['62497'],[],title_description,1,0,[],,['47242'],[0.4332049489021301],['title_description']
航济物流王成,['62497'],[],title_description,3,0,[],,"['47242', '50731', '60868']","[0.4332049489021301, 0.4229559600353241, 0.4146965742111206]","['title_description', 'title_description', 'title_description']"
芯大通王帆个人简历,['62497'],[],title_description,1,0,[],,['60265'],[0.4702407121658325],['title_description']
芯大通王帆个人简历,['62497'],[],title_description,3,0,[],,"['60265', '51457', '50731']","[0.4702407121658325, 0.4605100452899933, 0.4534590244293213]","['title_description', 'title_description', 'title_description']"
苏州郑氏集团董事长,['62497'],[],title_description,1,0,[],,['60265'],[0.40746521949768066],['title_description']
苏州郑氏集团董事长,['62497'],[],title_description,3,0,[],,"['60265', '5432', '50731']","[0.40746521949768066, 0.39605453610420227, 0.3866864740848541]","['title_description', 'title_description', 'title_description']"
范文敏厦门挽荷商贸有限公司,['62497'],[],title_description,1,0,[],,['50731'],[0.42661309242248535],['title_description']
范文敏厦门挽荷商贸有限公司,['62497'],[],title_description,3,0,[],,"['50731', '47272', '5544']","[0.42661309242248535, 0.424008309841156, 0.42320120334625244]","['title_description', 'title_description', 'title_description']"
蔡建广州农商银行,['62497'],[],title_description,1,0,[],,['61111'],[0.5938836336135864],['title_description']
蔡建广州农商银行,['62497'],[],title_description,3,0,[],,"['61111', '5601', '51590']","[0.5938836336135864, 0.5228060483932495, 0.500483512878418]","['title_description', 'title_description', 'title_description']"
衡水昊天地产老板是谁,['62497'],[],title_description,1,0,[],,['60265'],[0.4327860176563263],['title_description']
衡水昊天地产老板是谁,['62497'],[],title_description,3,0,[],,"['60265', '51457', '50731']","[0.4327860176563263, 0.431090772151947, 0.40864285826683044]","['title_description', 'title_description', 'title_description']"
西安双特智能传动有限公司总经理王军简历,['62497'],[],title_description,1,0,[],,['60265'],[0.45716696977615356],['title_description']
西安双特智能传动有限公司总经理王军简历,['62497'],[],title_description,3,0,[],,"['60265', '50731', '47242']","[0.45716696977615356, 0.4461463987827301, 0.43826377391815186]","['title_description', 'title_description', 'title_description']"
西安山合甄选二手车公司法人,['62497'],[],title_description,1,0,[],,['60265'],[0.5180609822273254],['title_description']
西安山合甄选二手车公司法人,['62497'],[],title_description,3,0,[],,"['60265', '50731', '28128']","[0.5180609822273254, 0.45735836029052734, 0.4552701711654663]","['title_description', 'title_description', 'title_description']"
西安海景国际酒店法人代表,['62497'],[],title_description,1,0,[],,['50133'],[0.4434930682182312],['title_description']
西安海景国际酒店法人代表,['62497'],[],title_description,3,0,[],,"['50133', '60265', '50192']","[0.4434930682182312, 0.4363705515861511, 0.42608582973480225]","['title_description', 'title_description', 'title_description']"
西藏两江公司法人代表是谁,['62497'],[],title_description,1,0,[],,['60265'],[0.487995445728302],['title_description']
西藏两江公司法人代表是谁,['62497'],[],title_description,3,0,[],,"['60265', '51457', '50731']","[0.487995445728302, 0.4566941261291504, 0.4507329761981964]","['title_description', 'title_description', 'title_description']"
诸暨东鑫环保设备有限公司法人,['62497'],[],title_description,1,0,[],,['60265'],[0.5119153261184692],['title_description']
诸暨东鑫环保设备有限公司法人,['62497'],[],title_description,3,0,[],,"['60265', '50731', '28128']","[0.5119153261184692, 0.5025119185447693, 0.49928927421569824]","['title_description', 'title_description', 'title_description']"
象发国际物流有限公司罗永平简历介绍,['62497'],[],title_description,1,0,[],,['51457'],[0.46417444944381714],['title_description']
象发国际物流有限公司罗永平简历介绍,['62497'],[],title_description,3,0,[],,"['51457', '60265', '50731']","[0.46417444944381714, 0.4613153338432312, 0.46062377095222473]","['title_description', 'title_description', 'title_description']"
贺州市石材开发有限责任公司周楚人,['62497'],[],title_description,1,0,[],,['5671'],[0.365521103143692],['title_description']
贺州市石材开发有限责任公司周楚人,['62497'],[],title_description,3,0,[],,"['5671', '51457', '51380']","[0.365521103143692, 0.3655097186565399, 0.3620127737522125]","['title_description', 'title_description', 'title_description']"
酷哇廖文龙,['62497'],[],title_description,1,0,[],,['47272'],[0.3981664180755615],['title_description']
酷哇廖文龙,['62497'],[],title_description,3,0,[],,"['47272', '267', '50731']","[0.3981664180755615, 0.3913053274154663, 0.38839882612228394]","['title_description', 'title_description', 'title_description']"
重庆市腾古建材有限公司董事长安美金个人信息,['62497'],[],title_description,1,0,[],,['60265'],[0.5210602879524231],['title_description']
重庆市腾古建材有限公司董事长安美金个人信息,['62497'],[],title_description,3,0,[],,"['60265', '51457', '28128']","[0.5210602879524231, 0.49758949875831604, 0.4910101890563965]","['title_description', 'title_description', 'title_description']"
金华德丰建设老板简历,['62497'],[],title_description,1,0,[],,['51457'],[0.46254962682724],['title_description']
金华德丰建设老板简历,['62497'],[],title_description,3,0,[],,"['51457', '28128', '60265']","[0.46254962682724, 0.4597311019897461, 0.45262932777404785]","['title_description', 'title_description', 'title_description']"
金峰水泥厂徐贵生近况如何,['62497'],[],title_description,1,0,[],,['51590'],[0.3777431845664978],['title_description']
金峰水泥厂徐贵生近况如何,['62497'],[],title_description,3,0,[],,"['51590', '47242', '51088']","[0.3777431845664978, 0.36964815855026245, 0.34425175189971924]","['title_description', 'title_description', 'title_description']"
金瑞达科技有限公司法人代表,['62497'],[],title_description,1,0,[],,['60265'],[0.5283858776092529],['title_description']
金瑞达科技有限公司法人代表,['62497'],[],title_description,3,0,[],,"['60265', '51457', '28128']","[0.5283858776092529, 0.49316462874412537, 0.48676598072052]","['title_description', 'title_description', 'title_description']"
金马星机械集团董事长,['62497'],[],title_description,1,0,[],,['51457'],[0.3665546178817749],['title_description']
金马星机械集团董事长,['62497'],[],title_description,3,0,[],,"['51457', '60265', '50926']","[0.3665546178817749, 0.36526137590408325, 0.3587433099746704]","['title_description', 'title_description', 'title_description']"
鑫迪集团有限公司董事长简历,['62497'],[],title_description,1,0,[],,['60265'],[0.5026703476905823],['title_description']
鑫迪集团有限公司董事长简历,['62497'],[],title_description,3,0,[],,"['60265', '51457', '28128']","[0.5026703476905823, 0.48824942111968994, 0.48268163204193115]","['title_description', 'title_description', 'title_description']"
长春益田王占林,['62497'],[],title_description,1,0,[],,['51457'],[0.3359413743019104],['title_description']
长春益田王占林,['62497'],[],title_description,3,0,[],,"['51457', '51323', '5601']","[0.3359413743019104, 0.32934072613716125, 0.3279208540916443]","['title_description', 'title_description', 'title_description']"
阳光大地邓凝伟涉及人员及背景,['62497'],[],title_description,1,0,[],,['51457'],[0.32986879348754883],['title_description']
阳光大地邓凝伟涉及人员及背景,['62497'],[],title_description,3,0,[],,"['51457', '51323', '60265']","[0.32986879348754883, 0.32278794050216675, 0.3192257285118103]","['title_description', 'title_description', 'title_description']"
陈立泉天目先导,['62497'],[],title_description,1,0,[],,['52524'],[0.34304752945899963],['title_description']
陈立泉天目先导,['62497'],[],title_description,3,0,[],,"['52524', '5671', '51323']","[0.34304752945899963, 0.33587878942489624, 0.33278292417526245]","['title_description', 'title_description', 'title_description']"
陕西利和商贸有限公司严鹏个人资料,['62497'],[],title_description,1,0,[],,['60265'],[0.4537566304206848],['title_description']
陕西利和商贸有限公司严鹏个人资料,['62497'],[],title_description,3,0,[],,"['60265', '51457', '28128']","[0.4537566304206848, 0.4371285140514374, 0.42897218465805054]","['title_description', 'title_description', 'title_description']"
青春同行国际旅行社张青春总经理电话,['62497'],[],title_description,1,0,[],,['5671'],[0.5231356620788574],['title_description']
青春同行国际旅行社张青春总经理电话,['62497'],[],title_description,3,0,[],,"['5671', '62106', '60874']","[0.5231356620788574, 0.44511061906814575, 0.4352338910102844]","['title_description', 'title_description', 'title_description']"
骆驼集团 刘长来,['62497'],[],title_description,1,0,[],,['28128'],[0.34182170033454895],['title_description']
骆驼集团 刘长来,['62497'],[],title_description,3,0,[],,"['28128', '51457', '28126']","[0.34182170033454895, 0.3390268087387085, 0.32962024211883545]","['title_description', 'title_description', 'title_description']"
高建军新疆新能源集团,['62497'],[],title_description,1,0,[],,['51457'],[0.3965836763381958],['title_description']
高建军新疆新能源集团,['62497'],[],title_description,3,0,[],,"['51457', '50731', '61111']","[0.3965836763381958, 0.39010074734687805, 0.3678950369358063]","['title_description', 'title_description', 'title_description']"
黄河矿业李朋,['62497'],[],title_description,1,0,[],,['51590'],[0.38223326206207275],['title_description']
黄河矿业李朋,['62497'],[],title_description,3,0,[],,"['51590', '47242', '60265']","[0.38223326206207275, 0.35927313566207886, 0.347542941570282]","['title_description', 'title_description', 'title_description']"
齐品达餐饮管理有限公司法人是谁,['62497'],[],title_description,1,0,[],,['60265'],[0.4984819293022156],['title_description']
齐品达餐饮管理有限公司法人是谁,['62497'],[],title_description,3,0,[],,"['60265', '28128', '47272']","[0.4984819293022156, 0.49059075117111206, 0.48883873224258423]","['title_description', 'title_description', 'title_description']"
龙伯集团董事长身价,['62497'],[],title_description,1,0,[],,['60265'],[0.42555251717567444],['title_description']
龙伯集团董事长身价,['62497'],[],title_description,3,0,[],,"['60265', '51457', '28128']","[0.42555251717567444, 0.4181031286716461, 0.4030468165874481]","['title_description', 'title_description', 'title_description']"
