query,gold_ids,missing_gold_ids,view,k,pass_at_k,hit_ids,first_hit_rank,recall_ids,recall_scores,recall_views
七里河万寿宫酒店地址,['50192'],[],description,1,0,[],,['50133'],[0.43909549713134766],['description']
七里河万寿宫酒店地址,['50192'],[],description,3,1,['50192'],3.0,"['50133', '47198', '50192']","[0.43909549713134766, 0.43795356154441833, 0.43354180455207825]","['description', 'description', 'description']"
三亚湾酒店,['50192'],[],description,1,0,[],,['50133'],[0.478081077337265],['description']
三亚湾酒店,['50192'],[],description,3,1,['50192'],2.0,"['50133', '50192', '5671']","[0.478081077337265, 0.4627383053302765, 0.4207167625427246]","['description', 'description', 'description']"
上海亚朵酒店电话号码,['50192'],[],description,1,0,[],,['50133'],[0.5104331970214844],['description']
上海亚朵酒店电话号码,['50192'],[],description,3,1,['50192'],3.0,"['50133', '5012', '50192']","[0.5104331970214844, 0.5018050670623779, 0.49066615104675293]","['description', 'description', 'description']"
上海大酒店,['50192'],[],description,1,0,[],,['5012'],[0.5013238787651062],['description']
上海大酒店,['50192'],[],description,3,1,['50192'],2.0,"['5012', '50192', '50133']","[0.5013238787651062, 0.48620158433914185, 0.4845746159553528]","['description', 'description', 'description']"
上海如家酒店火车站店,['50192'],[],description,1,0,[],,['50133'],[0.4826143980026245],['description']
上海如家酒店火车站店,['50192'],[],description,3,1,['50192'],2.0,"['50133', '50192', '60872']","[0.4826143980026245, 0.4566953182220459, 0.41625699400901794]","['description', 'description', 'description']"
上海宾馆地址查询,['50192'],[],description,1,0,[],,['47198'],[0.5596675276756287],['description']
上海宾馆地址查询,['50192'],[],description,3,1,['50192'],3.0,"['47198', '50133', '50192']","[0.5596675276756287, 0.5272250175476074, 0.5212299823760986]","['description', 'description', 'description']"
上海徐家汇中心酒店,['50192'],[],description,1,0,[],,['50133'],[0.49723827838897705],['description']
上海徐家汇中心酒店,['50192'],[],description,3,1,['50192'],2.0,"['50133', '50192', '5012']","[0.49723827838897705, 0.47444581985473633, 0.43092864751815796]","['description', 'description', 'description']"
上海深坑酒店,['50192'],[],description,1,0,[],,['50133'],[0.44094377756118774],['description']
上海深坑酒店,['50192'],[],description,3,1,['50192'],3.0,"['50133', '5671', '50192']","[0.44094377756118774, 0.43623197078704834, 0.4259382486343384]","['description', 'description', 'description']"
上海茂悦大酒店,['50192'],[],description,1,0,[],,['50133'],[0.48221251368522644],['description']
上海茂悦大酒店,['50192'],[],description,3,1,['50192'],2.0,"['50133', '50192', '5012']","[0.48221251368522644, 0.4554769992828369, 0.43979841470718384]","['description', 'description', 'description']"
东戴河民宿多少钱一晚,['50192'],[],description,1,0,[],,['50133'],[0.3416903018951416],['description']
东戴河民宿多少钱一晚,['50192'],[],description,3,1,['50192'],3.0,"['50133', '60338', '50192']","[0.3416903018951416, 0.3410910367965698, 0.33389919996261597]","['description', 'description', 'description']"
临汾轻雅酒店在哪里啊,['50192'],[],description,1,0,[],,['50133'],[0.5015360116958618],['description']
临汾轻雅酒店在哪里啊,['50192'],[],description,3,1,['50192'],2.0,"['50133', '50192', '47198']","[0.5015360116958618, 0.494917094707489, 0.4725075364112854]","['description', 'description', 'description']"
义乌锦都酒店,['50192'],[],description,1,0,[],,['50133'],[0.4469262957572937],['description']
义乌锦都酒店,['50192'],[],description,3,1,['50192'],2.0,"['50133', '50192', '47198']","[0.4469262957572937, 0.44220274686813354, 0.41210949420928955]","['description', 'description', 'description']"
乌兰察布大酒店,['50192'],[],description,1,0,[],,['50133'],[0.4715559184551239],['description']
乌兰察布大酒店,['50192'],[],description,3,1,['50192'],2.0,"['50133', '50192', '47198']","[0.4715559184551239, 0.44562748074531555, 0.4138457775115967]","['description', 'description', 'description']"
乌鲁木齐丝路天山酒店,['50192'],[],description,1,0,[],,['50133'],[0.4824977517127991],['description']
乌鲁木齐丝路天山酒店,['50192'],[],description,3,1,['50192'],2.0,"['50133', '50192', '5671']","[0.4824977517127991, 0.47585344314575195, 0.4356207251548767]","['description', 'description', 'description']"
乐清市国际大酒店地址,['50192'],[],description,1,0,[],,['50133'],[0.4874710440635681],['description']
乐清市国际大酒店地址,['50192'],[],description,3,1,['50192'],3.0,"['50133', '47198', '50192']","[0.4874710440635681, 0.48269540071487427, 0.4602893888950348]","['description', 'description', 'description']"
九州通衢大酒店位置,['50192'],[],description,1,0,[],,['47198'],[0.5085080862045288],['description']
九州通衢大酒店位置,['50192'],[],description,3,1,['50192'],3.0,"['47198', '50133', '50192']","[0.5085080862045288, 0.49020639061927795, 0.47815340757369995]","['description', 'description', 'description']"
云南锦华国际酒店,['50192'],[],description,1,0,[],,['50133'],[0.4711616635322571],['description']
云南锦华国际酒店,['50192'],[],description,3,1,['50192'],2.0,"['50133', '50192', '47198']","[0.4711616635322571, 0.4488266110420227, 0.422883003950119]","['description', 'description', 'description']"
云安会都酒店电话号码,['50192'],[],description,1,0,[],,['50133'],[0.48993119597435],['description']
云安会都酒店电话号码,['50192'],[],description,3,1,['50192'],3.0,"['50133', '5012', '50192']","[0.48993119597435, 0.44680559635162354, 0.43409785628318787]","['description', 'description', 'description']"
云山海酒店,['50192'],[],description,1,0,[],,['50133'],[0.5162615180015564],['description']
云山海酒店,['50192'],[],description,3,1,['50192'],2.0,"['50133', '50192', '47198']","[0.5162615180015564, 0.4925296902656555, 0.4721847176551819]","['description', 'description', 'description']"
井陉江淮宾馆,['50192'],[],description,1,0,[],,['50133'],[0.4160879850387573],['description']
井陉江淮宾馆,['50192'],[],description,3,1,['50192'],2.0,"['50133', '50192', '47198']","[0.4160879850387573, 0.4006487727165222, 0.35070663690567017]","['description', 'description', 'description']"
伊春农家院住宿,['50192'],[],description,1,0,[],,['50133'],[0.31861382722854614],['description']
伊春农家院住宿,['50192'],[],description,3,1,['50192'],3.0,"['50133', '5671', '50192']","[0.31861382722854614, 0.2947547435760498, 0.29403388500213623]","['description', 'description', 'description']"
伴梅居民宿怎么样,['50192'],[],description,1,1,['50192'],1.0,['50192'],[0.4626297354698181],['description']
伴梅居民宿怎么样,['50192'],[],description,3,1,['50192'],1.0,"['50192', '50133', '47198']","[0.4626297354698181, 0.4480513334274292, 0.44134289026260376]","['description', 'description', 'description']"
住宿旅馆附近便宜点的,['50192'],[],description,1,1,['50192'],1.0,['50192'],[0.6800957918167114],['description']
住宿旅馆附近便宜点的,['50192'],[],description,3,1,['50192'],1.0,"['50192', '50133', '47198']","[0.6800957918167114, 0.6135239005088806, 0.5755887031555176]","['description', 'description', 'description']"
佳宜酒店电话,['50192'],[],description,1,0,[],,['50133'],[0.6205447912216187],['description']
佳宜酒店电话,['50192'],[],description,3,1,['50192'],2.0,"['50133', '50192', '47198']","[0.6205447912216187, 0.5659871697425842, 0.5493857860565186]","['description', 'description', 'description']"
全季酒店万达广场店,['50192'],[],description,1,0,[],,['50133'],[0.48252198100090027],['description']
全季酒店万达广场店,['50192'],[],description,3,1,['50192'],2.0,"['50133', '50192', '47198']","[0.48252198100090027, 0.4686760902404785, 0.3998377323150635]","['description', 'description', 'description']"
兰州温德姆酒店在哪里,['50192'],[],description,1,1,['50192'],1.0,['50192'],[0.5107911825180054],['description']
兰州温德姆酒店在哪里,['50192'],[],description,3,1,['50192'],1.0,"['50192', '50133', '47198']","[0.5107911825180054, 0.5035385489463806, 0.5003732442855835]","['description', 'description', 'description']"
兰陵县兰陵大酒店电话,['50192'],[],description,1,0,[],,['50133'],[0.41103726625442505],['description']
兰陵县兰陵大酒店电话,['50192'],[],description,3,0,[],,"['50133', '5012', '47198']","[0.41103726625442505, 0.39021819829940796, 0.38654160499572754]","['description', 'description', 'description']"
内丘有哪些避暑民宿,['50192'],[],description,1,0,[],,['5671'],[0.417999804019928],['description']
内丘有哪些避暑民宿,['50192'],[],description,3,1,['50192'],2.0,"['5671', '50192', '50133']","[0.417999804019928, 0.39307278394699097, 0.37417101860046387]","['description', 'description', 'description']"
创通商务酒店,['50192'],[],description,1,0,[],,['50133'],[0.5013899803161621],['description']
创通商务酒店,['50192'],[],description,3,1,['50192'],2.0,"['50133', '50192', '47198']","[0.5013899803161621, 0.4696090817451477, 0.4530739188194275]","['description', 'description', 'description']"
加格达奇旅店,['50192'],[],description,1,0,[],,['5671'],[0.4695086181163788],['description']
加格达奇旅店,['50192'],[],description,3,0,[],,"['5671', '47198', '50133']","[0.4695086181163788, 0.4580172002315521, 0.4479471445083618]","['description', 'description', 'description']"
北京国家会议中心大酒店,['50192'],[],description,1,0,[],,['50133'],[0.5259009599685669],['description']
北京国家会议中心大酒店,['50192'],[],description,3,1,['50192'],2.0,"['50133', '50192', '47242']","[0.5259009599685669, 0.5013678073883057, 0.45822155475616455]","['description', 'description', 'description']"
北京王府井酒店,['50192'],[],description,1,0,[],,['50133'],[0.5554519295692444],['description']
北京王府井酒店,['50192'],[],description,3,1,['50192'],2.0,"['50133', '50192', '5012']","[0.5554519295692444, 0.5210113525390625, 0.4720999002456665]","['description', 'description', 'description']"
北川维斯特温泉假日酒店,['50192'],[],description,1,1,['50192'],1.0,['50192'],[0.47367042303085327],['description']
北川维斯特温泉假日酒店,['50192'],[],description,3,1,['50192'],1.0,"['50192', '50133', '5671']","[0.47367042303085327, 0.45244327187538147, 0.4222944676876068]","['description', 'description', 'description']"
北戴河酒店,['50192'],[],description,1,0,[],,['50133'],[0.5230929851531982],['description']
北戴河酒店,['50192'],[],description,3,1,['50192'],2.0,"['50133', '50192', '47242']","[0.5230929851531982, 0.5187973380088806, 0.43542566895484924]","['description', 'description', 'description']"
千岛湖度假酒店,['50192'],[],description,1,0,[],,['50133'],[0.4326511025428772],['description']
千岛湖度假酒店,['50192'],[],description,3,1,['50192'],3.0,"['50133', '5671', '50192']","[0.4326511025428772, 0.41650259494781494, 0.4044807553291321]","['description', 'description', 'description']"
南京金禾酒店,['50192'],[],description,1,1,['50192'],1.0,['50192'],[0.5143067836761475],['description']
南京金禾酒店,['50192'],[],description,3,1,['50192'],1.0,"['50192', '50133', '47198']","[0.5143067836761475, 0.5053823590278625, 0.45354557037353516]","['description', 'description', 'description']"
南昆山温泉度假村,['50192'],[],description,1,0,[],,['5671'],[0.4235468804836273],['description']
南昆山温泉度假村,['50192'],[],description,3,1,['50192'],2.0,"['5671', '50192', '62106']","[0.4235468804836273, 0.3721327781677246, 0.37071430683135986]","['description', 'description', 'description']"
南通北山大酒店档次怎么样,['50192'],[],description,1,1,['50192'],1.0,['50192'],[0.49501967430114746],['description']
南通北山大酒店档次怎么样,['50192'],[],description,3,1,['50192'],1.0,"['50192', '50133', '47198']","[0.49501967430114746, 0.47206100821495056, 0.43258002400398254]","['description', 'description', 'description']"
卢氏县民宿联系电话,['50192'],[],description,1,0,[],,['47198'],[0.38878750801086426],['description']
卢氏县民宿联系电话,['50192'],[],description,3,0,[],,"['47198', '5671', '5012']","[0.38878750801086426, 0.3791327476501465, 0.37227651476860046]","['description', 'description', 'description']"
吉安市茂盛大酒店价格表,['50192'],[],description,1,0,[],,['50133'],[0.45074474811553955],['description']
吉安市茂盛大酒店价格表,['50192'],[],description,3,1,['50192'],2.0,"['50133', '50192', '47198']","[0.45074474811553955, 0.41639167070388794, 0.39600807428359985]","['description', 'description', 'description']"
君璟阁酒店(成都欢乐谷店),['50192'],[],description,1,0,[],,['50133'],[0.4542660415172577],['description']
君璟阁酒店(成都欢乐谷店),['50192'],[],description,3,1,['50192'],2.0,"['50133', '50192', '47272']","[0.4542660415172577, 0.42875081300735474, 0.416147917509079]","['description', 'description', 'description']"
和顺酒店的价格是多少,['50192'],[],description,1,0,[],,['50133'],[0.6107865571975708],['description']
和顺酒店的价格是多少,['50192'],[],description,3,1,['50192'],2.0,"['50133', '50192', '60338']","[0.6107865571975708, 0.5897711515426636, 0.5372934937477112]","['description', 'description', 'description']"
哈尔滨万达嘉华酒店,['50192'],[],description,1,0,[],,['50133'],[0.4877275228500366],['description']
哈尔滨万达嘉华酒店,['50192'],[],description,3,1,['50192'],2.0,"['50133', '50192', '5671']","[0.4877275228500366, 0.4658878743648529, 0.40369585156440735]","['description', 'description', 'description']"
哈尔滨住宿价格一览表,['50192'],[],description,1,1,['50192'],1.0,['50192'],[0.5313097834587097],['description']
哈尔滨住宿价格一览表,['50192'],[],description,3,1,['50192'],1.0,"['50192', '50133', '60338']","[0.5313097834587097, 0.5298259854316711, 0.4240413308143616]","['description', 'description', 'description']"
哈尔滨豪滨酒店,['50192'],[],description,1,0,[],,['50133'],[0.4895637035369873],['description']
哈尔滨豪滨酒店,['50192'],[],description,3,1,['50192'],2.0,"['50133', '50192', '47272']","[0.4895637035369873, 0.47573322057724, 0.36943477392196655]","['description', 'description', 'description']"
喔喔酒店电话,['50192'],[],description,1,0,[],,['50133'],[0.5826242566108704],['description']
喔喔酒店电话,['50192'],[],description,3,1,['50192'],2.0,"['50133', '50192', '5012']","[0.5826242566108704, 0.5150609016418457, 0.5051997303962708]","['description', 'description', 'description']"
嘉兴南湖宾馆地址在哪里,['50192'],[],description,1,0,[],,['47198'],[0.5061722993850708],['description']
嘉兴南湖宾馆地址在哪里,['50192'],[],description,3,1,['50192'],2.0,"['47198', '50192', '50133']","[0.5061722993850708, 0.49763762950897217, 0.4967403709888458]","['description', 'description', 'description']"
嘉兴开元森泊度假酒店,['50192'],[],description,1,0,[],,['5671'],[0.4592044949531555],['description']
嘉兴开元森泊度假酒店,['50192'],[],description,3,1,['50192'],2.0,"['5671', '50192', '50133']","[0.4592044949531555, 0.4429832398891449, 0.4428509473800659]","['description', 'description', 'description']"
在胶囊酒店,['50192'],[],description,1,0,[],,['50133'],[0.5200265645980835],['description']
在胶囊酒店,['50192'],[],description,3,1,['50192'],2.0,"['50133', '50192', '5671']","[0.5200265645980835, 0.5011610984802246, 0.46022894978523254]","['description', 'description', 'description']"
壶关仙居酒店,['50192'],[],description,1,0,[],,['50133'],[0.45008862018585205],['description']
壶关仙居酒店,['50192'],[],description,3,1,['50192'],2.0,"['50133', '50192', '5671']","[0.45008862018585205, 0.4320531487464905, 0.3872947096824646]","['description', 'description', 'description']"
天津悦榕庄酒店价格表,['50192'],[],description,1,0,[],,['50133'],[0.5116680264472961],['description']
天津悦榕庄酒店价格表,['50192'],[],description,3,1,['50192'],2.0,"['50133', '50192', '5671']","[0.5116680264472961, 0.46222102642059326, 0.4316055178642273]","['description', 'description', 'description']"
天津明湾公寓便宜住宿,['50192'],[],description,1,1,['50192'],1.0,['50192'],[0.44768622517585754],['description']
天津明湾公寓便宜住宿,['50192'],[],description,3,1,['50192'],1.0,"['50192', '50133', '47198']","[0.44768622517585754, 0.4444001317024231, 0.40642648935317993]","['description', 'description', 'description']"
天津津湾酒店,['50192'],[],description,1,0,[],,['50133'],[0.5015687346458435],['description']
天津津湾酒店,['50192'],[],description,3,1,['50192'],2.0,"['50133', '50192', '5671']","[0.5015687346458435, 0.4622011184692383, 0.4329374432563782]","['description', 'description', 'description']"
太白山温泉度假酒店,['50192'],[],description,1,1,['50192'],1.0,['50192'],[0.4444711208343506],['description']
太白山温泉度假酒店,['50192'],[],description,3,1,['50192'],1.0,"['50192', '50133', '5671']","[0.4444711208343506, 0.4346767067909241, 0.4269963800907135]","['description', 'description', 'description']"
宁国月澜湾度假酒店价格表,['50192'],[],description,1,0,[],,['50133'],[0.48284515738487244],['description']
宁国月澜湾度假酒店价格表,['50192'],[],description,3,1,['50192'],2.0,"['50133', '50192', '5671']","[0.48284515738487244, 0.4710569977760315, 0.44734787940979004]","['description', 'description', 'description']"
宁城汉庭酒店电话号码多少,['50192'],[],description,1,0,[],,['50133'],[0.5439950823783875],['description']
宁城汉庭酒店电话号码多少,['50192'],[],description,3,1,['50192'],2.0,"['50133', '50192', '5012']","[0.5439950823783875, 0.5140258073806763, 0.5069703459739685]","['description', 'description', 'description']"
宜宾竹韵里酒店,['50192'],[],description,1,0,[],,['50133'],[0.4035242199897766],['description']
宜宾竹韵里酒店,['50192'],[],description,3,1,['50192'],2.0,"['50133', '50192', '47272']","[0.4035242199897766, 0.3945305049419403, 0.38661718368530273]","['description', 'description', 'description']"
宾馆前台电话,['50192'],[],description,1,0,[],,['50133'],[0.6048253774642944],['description']
宾馆前台电话,['50192'],[],description,3,1,['50192'],3.0,"['50133', '47198', '50192']","[0.6048253774642944, 0.5510882139205933, 0.5447710752487183]","['description', 'description', 'description']"
寻甸温泉酒店价格表,['50192'],[],description,1,0,[],,['50133'],[0.46608108282089233],['description']
寻甸温泉酒店价格表,['50192'],[],description,3,1,['50192'],2.0,"['50133', '50192', '60338']","[0.46608108282089233, 0.45732277631759644, 0.4037259817123413]","['description', 'description', 'description']"
射洪维也纳酒店地址,['50192'],[],description,1,0,[],,['50133'],[0.4758298397064209],['description']
射洪维也纳酒店地址,['50192'],[],description,3,1,['50192'],3.0,"['50133', '47198', '50192']","[0.4758298397064209, 0.47235363721847534, 0.4692380726337433]","['description', 'description', 'description']"
山西大同晋河大酒店,['50192'],[],description,1,0,[],,['50133'],[0.4699743390083313],['description']
山西大同晋河大酒店,['50192'],[],description,3,1,['50192'],2.0,"['50133', '50192', '5012']","[0.4699743390083313, 0.4432467520236969, 0.3879345953464508]","['description', 'description', 'description']"
崇礼万怡酒店,['50192'],[],description,1,0,[],,['50133'],[0.4595077633857727],['description']
崇礼万怡酒店,['50192'],[],description,3,1,['50192'],2.0,"['50133', '50192', '5671']","[0.4595077633857727, 0.4485700726509094, 0.429767370223999]","['description', 'description', 'description']"
广州珠江新城酒店,['50192'],[],description,1,0,[],,['50133'],[0.5019601583480835],['description']
广州珠江新城酒店,['50192'],[],description,3,1,['50192'],2.0,"['50133', '50192', '47198']","[0.5019601583480835, 0.4820023775100708, 0.429830402135849]","['description', 'description', 'description']"
广州黄埔君澜酒店简介,['50192'],[],description,1,0,[],,['50133'],[0.483322411775589],['description']
广州黄埔君澜酒店简介,['50192'],[],description,3,1,['50192'],2.0,"['50133', '50192', '47198']","[0.483322411775589, 0.43518194556236267, 0.43060165643692017]","['description', 'description', 'description']"
庆云大酒店位置,['50192'],[],description,1,0,[],,['47198'],[0.49350160360336304],['description']
庆云大酒店位置,['50192'],[],description,3,1,['50192'],3.0,"['47198', '50133', '50192']","[0.49350160360336304, 0.4821573793888092, 0.4787037968635559]","['description', 'description', 'description']"
建国饭店,['50192'],[],description,1,0,[],,['47272'],[0.4861449599266052],['description']
建国饭店,['50192'],[],description,3,1,['50192'],3.0,"['47272', '50133', '50192']","[0.4861449599266052, 0.4775068163871765, 0.46500080823898315]","['description', 'description', 'description']"
恩平锦江温泉度假村酒店,['50192'],[],description,1,0,[],,['50133'],[0.39926666021347046],['description']
恩平锦江温泉度假村酒店,['50192'],[],description,3,1,['50192'],2.0,"['50133', '50192', '5671']","[0.39926666021347046, 0.3717639744281769, 0.37167811393737793]","['description', 'description', 'description']"
惠东后海湾酒店,['50192'],[],description,1,0,[],,['50133'],[0.48223739862442017],['description']
惠东后海湾酒店,['50192'],[],description,3,1,['50192'],2.0,"['50133', '50192', '5671']","[0.48223739862442017, 0.4745694696903229, 0.40371185541152954]","['description', 'description', 'description']"
成都天府国际大酒店,['50192'],[],description,1,0,[],,['50133'],[0.4830354154109955],['description']
成都天府国际大酒店,['50192'],[],description,3,1,['50192'],3.0,"['50133', '47272', '50192']","[0.4830354154109955, 0.45934611558914185, 0.45104241371154785]","['description', 'description', 'description']"
拉萨雪莲宾馆,['50192'],[],description,1,0,[],,['50133'],[0.489664226770401],['description']
拉萨雪莲宾馆,['50192'],[],description,3,1,['50192'],2.0,"['50133', '50192', '5671']","[0.489664226770401, 0.47894659638404846, 0.4303562045097351]","['description', 'description', 'description']"
文登维也纳酒店,['50192'],[],description,1,0,[],,['50133'],[0.4242662787437439],['description']
文登维也纳酒店,['50192'],[],description,3,1,['50192'],2.0,"['50133', '50192', '47198']","[0.4242662787437439, 0.4097350239753723, 0.35225072503089905]","['description', 'description', 'description']"
新豪酒店,['50192'],[],description,1,1,['50192'],1.0,['50192'],[0.5838730931282043],['description']
新豪酒店,['50192'],[],description,3,1,['50192'],1.0,"['50192', '50133', '47198']","[0.5838730931282043, 0.577970564365387, 0.5257413387298584]","['description', 'description', 'description']"
昆明何日君温泉酒店的电话,['50192'],[],description,1,0,[],,['50133'],[0.4968899190425873],['description']
昆明何日君温泉酒店的电话,['50192'],[],description,3,1,['50192'],2.0,"['50133', '50192', '47198']","[0.4968899190425873, 0.4463488757610321, 0.42262452840805054]","['description', 'description', 'description']"
晟舍民宿,['50192'],[],description,1,0,[],,['50133'],[0.43099746108055115],['description']
晟舍民宿,['50192'],[],description,3,1,['50192'],2.0,"['50133', '50192', '47272']","[0.43099746108055115, 0.42278656363487244, 0.3818260431289673]","['description', 'description', 'description']"
普洱朝圣酒店,['50192'],[],description,1,0,[],,['50133'],[0.4781726598739624],['description']
普洱朝圣酒店,['50192'],[],description,3,1,['50192'],3.0,"['50133', '47198', '50192']","[0.4781726598739624, 0.4625018835067749, 0.46137210726737976]","['description', 'description', 'description']"
智慧酒店,['50192'],[],description,1,0,[],,['50133'],[0.6329498887062073],['description']
智慧酒店,['50192'],[],description,3,1,['50192'],2.0,"['50133', '50192', '47242']","[0.6329498887062073, 0.5882806777954102, 0.5175257921218872]","['description', 'description', 'description']"
月亮湾酒店,['50192'],[],description,1,0,[],,['50133'],[0.46505388617515564],['description']
月亮湾酒店,['50192'],[],description,3,1,['50192'],2.0,"['50133', '50192', '5671']","[0.46505388617515564, 0.446025550365448, 0.43245047330856323]","['description', 'description', 'description']"
杭州卡德姆国际酒店怎么样,['50192'],[],description,1,0,[],,['50133'],[0.507171630859375],['description']
杭州卡德姆国际酒店怎么样,['50192'],[],description,3,1,['50192'],3.0,"['50133', '47198', '50192']","[0.507171630859375, 0.4971635341644287, 0.49449706077575684]","['description', 'description', 'description']"
枫禾酒店,['50192'],[],description,1,0,[],,['50133'],[0.5137467384338379],['description']
枫禾酒店,['50192'],[],description,3,1,['50192'],2.0,"['50133', '50192', '47198']","[0.5137467384338379, 0.49858856201171875, 0.4387214779853821]","['description', 'description', 'description']"
栖云酒店,['50192'],[],description,1,0,[],,['50133'],[0.5240688323974609],['description']
栖云酒店,['50192'],[],description,3,1,['50192'],2.0,"['50133', '50192', '5671']","[0.5240688323974609, 0.5043303370475769, 0.4617425203323364]","['description', 'description', 'description']"
根酒店在哪里,['50192'],[],description,1,0,[],,['50133'],[0.6204208731651306],['description']
根酒店在哪里,['50192'],[],description,3,1,['50192'],2.0,"['50133', '50192', '47198']","[0.6204208731651306, 0.6100589036941528, 0.6010070443153381]","['description', 'description', 'description']"
桂东县避暑民宿,['50192'],[],description,1,0,[],,['5671'],[0.37619590759277344],['description']
桂东县避暑民宿,['50192'],[],description,3,1,['50192'],2.0,"['5671', '50192', '62106']","[0.37619590759277344, 0.34582096338272095, 0.32965555787086487]","['description', 'description', 'description']"
武汉九州通衢大酒店,['50192'],[],description,1,0,[],,['50133'],[0.4870653450489044],['description']
武汉九州通衢大酒店,['50192'],[],description,3,1,['50192'],2.0,"['50133', '50192', '47198']","[0.4870653450489044, 0.4567852020263672, 0.4468386769294739]","['description', 'description', 'description']"
武汉金贵源洲际酒店简介,['50192'],[],description,1,0,[],,['50133'],[0.5229939222335815],['description']
武汉金贵源洲际酒店简介,['50192'],[],description,3,1,['50192'],2.0,"['50133', '50192', '51590']","[0.5229939222335815, 0.47111088037490845, 0.43961864709854126]","['description', 'description', 'description']"
汕头国际大酒店,['50192'],[],description,1,0,[],,['50133'],[0.46738922595977783],['description']
汕头国际大酒店,['50192'],[],description,3,1,['50192'],2.0,"['50133', '50192', '47198']","[0.46738922595977783, 0.43805524706840515, 0.43514347076416016]","['description', 'description', 'description']"
沈阳华府酒店,['50192'],[],description,1,0,[],,['50133'],[0.47938746213912964],['description']
沈阳华府酒店,['50192'],[],description,3,1,['50192'],2.0,"['50133', '50192', '5012']","[0.47938746213912964, 0.46095341444015503, 0.3999616205692291]","['description', 'description', 'description']"
沩山民宿价格一览表,['50192'],[],description,1,0,[],,['5671'],[0.4694245457649231],['description']
沩山民宿价格一览表,['50192'],[],description,3,0,[],,"['5671', '60338', '50133']","[0.4694245457649231, 0.4508496820926666, 0.4402964413166046]","['description', 'description', 'description']"
泉州酒店电话,['50192'],[],description,1,0,[],,['50133'],[0.508263885974884],['description']
泉州酒店电话,['50192'],[],description,3,1,['50192'],2.0,"['50133', '50192', '47198']","[0.508263885974884, 0.4685918688774109, 0.4522912800312042]","['description', 'description', 'description']"
洛川鸿福智能酒店电话,['50192'],[],description,1,0,[],,['50133'],[0.5433841943740845],['description']
洛川鸿福智能酒店电话,['50192'],[],description,3,1,['50192'],2.0,"['50133', '50192', '5012']","[0.5433841943740845, 0.5238627791404724, 0.45934122800827026]","['description', 'description', 'description']"
洛阳白云山大酒店的价位,['50192'],[],description,1,1,['50192'],1.0,['50192'],[0.5873395204544067],['description']
洛阳白云山大酒店的价位,['50192'],[],description,3,1,['50192'],1.0,"['50192', '50133', '5671']","[0.5873395204544067, 0.5609102249145508, 0.5103715658187866]","['description', 'description', 'description']"
淄博惟石山居民宿,['50192'],[],description,1,1,['50192'],1.0,['50192'],[0.359952449798584],['description']
淄博惟石山居民宿,['50192'],[],description,3,1,['50192'],1.0,"['50192', '5671', '50133']","[0.359952449798584, 0.3567487299442291, 0.3434637486934662]","['description', 'description', 'description']"
湖滨国际大酒店,['50192'],[],description,1,1,['50192'],1.0,['50192'],[0.5388967990875244],['description']
湖滨国际大酒店,['50192'],[],description,3,1,['50192'],1.0,"['50192', '50133', '47272']","[0.5388967990875244, 0.5287454128265381, 0.47944700717926025]","['description', 'description', 'description']"
湛江海洋国际酒店,['50192'],[],description,1,0,[],,['50133'],[0.4444410502910614],['description']
湛江海洋国际酒店,['50192'],[],description,3,1,['50192'],3.0,"['50133', '47272', '50192']","[0.4444410502910614, 0.4268863797187805, 0.4177696108818054]","['description', 'description', 'description']"
溧阳涵田度假村酒店,['50192'],[],description,1,0,[],,['50133'],[0.43751078844070435],['description']
溧阳涵田度假村酒店,['50192'],[],description,3,1,['50192'],2.0,"['50133', '50192', '5671']","[0.43751078844070435, 0.4300162196159363, 0.4183993637561798]","['description', 'description', 'description']"
甘肃省永靖县馨海源酒店电话,['50192'],[],description,1,0,[],,['50133'],[0.4526449143886566],['description']
甘肃省永靖县馨海源酒店电话,['50192'],[],description,3,0,[],,"['50133', '5012', '47198']","[0.4526449143886566, 0.41246309876441956, 0.4107816219329834]","['description', 'description', 'description']"
石家庄恒佑酒店,['50192'],[],description,1,0,[],,['50133'],[0.483253538608551],['description']
石家庄恒佑酒店,['50192'],[],description,3,1,['50192'],2.0,"['50133', '50192', '47272']","[0.483253538608551, 0.4698825776576996, 0.3888375163078308]","['description', 'description', 'description']"
禅泉温泉度假村,['50192'],[],description,1,0,[],,['5671'],[0.4740539789199829],['description']
禅泉温泉度假村,['50192'],[],description,3,0,[],,"['5671', '47272', '62106']","[0.4740539789199829, 0.40081605315208435, 0.3972620368003845]","['description', 'description', 'description']"
福州闽台大酒店,['50192'],[],description,1,0,[],,['50133'],[0.4951785206794739],['description']
福州闽台大酒店,['50192'],[],description,3,1,['50192'],2.0,"['50133', '50192', '47272']","[0.4951785206794739, 0.4768507480621338, 0.4168887138366699]","['description', 'description', 'description']"
福鼎龙安豪庭民宿电话,['50192'],[],description,1,0,[],,['50133'],[0.3679410219192505],['description']
福鼎龙安豪庭民宿电话,['50192'],[],description,3,0,[],,"['50133', '47198', '5012']","[0.3679410219192505, 0.35020384192466736, 0.3482931852340698]","['description', 'description', 'description']"
禾木民宿,['50192'],[],description,1,0,[],,['5671'],[0.44806140661239624],['description']
禾木民宿,['50192'],[],description,3,1,['50192'],3.0,"['5671', '47272', '50192']","[0.44806140661239624, 0.4226142168045044, 0.41393178701400757]","['description', 'description', 'description']"
缘遇宾馆,['50192'],[],description,1,1,['50192'],1.0,['50192'],[0.44581395387649536],['description']
缘遇宾馆,['50192'],[],description,3,1,['50192'],1.0,"['50192', '50133', '47198']","[0.44581395387649536, 0.44062817096710205, 0.40217161178588867]","['description', 'description', 'description']"
罗兰酒店,['50192'],[],description,1,0,[],,['50133'],[0.5987406373023987],['description']
罗兰酒店,['50192'],[],description,3,1,['50192'],2.0,"['50133', '50192', '5671']","[0.5987406373023987, 0.5773125290870667, 0.5180524587631226]","['description', 'description', 'description']"
美豪,['50192'],[],description,1,0,[],,['5881'],[0.5201060771942139],['description']
美豪,['50192'],[],description,3,0,[],,"['5881', '47272', '60977']","[0.5201060771942139, 0.4854544401168823, 0.4762253761291504]","['description', 'description', 'description']"
美豪丽致酒店开封万岁山店,['50192'],[],description,1,0,[],,['50133'],[0.4007977843284607],['description']
美豪丽致酒店开封万岁山店,['50192'],[],description,3,1,['50192'],2.0,"['50133', '50192', '5671']","[0.4007977843284607, 0.3820013999938965, 0.36419111490249634]","['description', 'description', 'description']"
聚鑫宾馆,['50192'],[],description,1,0,[],,['50133'],[0.550733745098114],['description']
聚鑫宾馆,['50192'],[],description,3,1,['50192'],2.0,"['50133', '50192', '47198']","[0.550733745098114, 0.5403674840927124, 0.5175142288208008]","['description', 'description', 'description']"
苍南希尔顿逸林酒店,['50192'],[],description,1,0,[],,['50133'],[0.4456590712070465],['description']
苍南希尔顿逸林酒店,['50192'],[],description,3,1,['50192'],2.0,"['50133', '50192', '47198']","[0.4456590712070465, 0.42794424295425415, 0.37233346700668335]","['description', 'description', 'description']"
苏州宝带桥国际大酒店,['50192'],[],description,1,0,[],,['50133'],[0.4814496338367462],['description']
苏州宝带桥国际大酒店,['50192'],[],description,3,1,['50192'],2.0,"['50133', '50192', '5671']","[0.4814496338367462, 0.47530514001846313, 0.4128960967063904]","['description', 'description', 'description']"
茶卡晚枫酒店,['50192'],[],description,1,0,[],,['50133'],[0.45692846179008484],['description']
茶卡晚枫酒店,['50192'],[],description,3,1,['50192'],3.0,"['50133', '47198', '50192']","[0.45692846179008484, 0.44152241945266724, 0.4290678799152374]","['description', 'description', 'description']"
蓟县农家院,['50192'],[],description,1,0,[],,['5671'],[0.3587445020675659],['description']
蓟县农家院,['50192'],[],description,3,0,[],,"['5671', '60874', '47242']","[0.3587445020675659, 0.3548303544521332, 0.34046775102615356]","['description', 'description', 'description']"
西塘宾馆,['50192'],[],description,1,0,[],,['50133'],[0.5141659379005432],['description']
西塘宾馆,['50192'],[],description,3,1,['50192'],2.0,"['50133', '50192', '5671']","[0.5141659379005432, 0.48822957277297974, 0.45481419563293457]","['description', 'description', 'description']"
西安秦都酒店,['50192'],[],description,1,1,['50192'],1.0,['50192'],[0.5240150690078735],['description']
西安秦都酒店,['50192'],[],description,3,1,['50192'],1.0,"['50192', '50133', '5012']","[0.5240150690078735, 0.5193678140640259, 0.41316789388656616]","['description', 'description', 'description']"
西岭雪山枫叶酒店怎么样,['50192'],[],description,1,0,[],,['50133'],[0.47358089685440063],['description']
西岭雪山枫叶酒店怎么样,['50192'],[],description,3,1,['50192'],2.0,"['50133', '50192', '47272']","[0.47358089685440063, 0.44133245944976807, 0.3952295780181885]","['description', 'description', 'description']"
象山喜来登度假酒店,['50192'],[],description,1,0,[],,['50133'],[0.4468328654766083],['description']
象山喜来登度假酒店,['50192'],[],description,3,1,['50192'],2.0,"['50133', '50192', '5671']","[0.4468328654766083, 0.43457213044166565, 0.43000078201293945]","['description', 'description', 'description']"
贵州六盘水民宿包吃住,['50192'],[],description,1,0,[],,['47198'],[0.34307563304901123],['description']
贵州六盘水民宿包吃住,['50192'],[],description,3,1,['50192'],3.0,"['47198', '47272', '50192']","[0.34307563304901123, 0.34202587604522705, 0.3301866948604584]","['description', 'description', 'description']"
贵阳旅社的住宿价格,['50192'],[],description,1,0,[],,['50133'],[0.5934964418411255],['description']
贵阳旅社的住宿价格,['50192'],[],description,3,1,['50192'],2.0,"['50133', '50192', '5671']","[0.5934964418411255, 0.5838539004325867, 0.5457115173339844]","['description', 'description', 'description']"
资阳博雅弥盛酒店住宿价格,['50192'],[],description,1,0,[],,['50133'],[0.5890348553657532],['description']
资阳博雅弥盛酒店住宿价格,['50192'],[],description,3,1,['50192'],2.0,"['50133', '50192', '47198']","[0.5890348553657532, 0.5664135813713074, 0.5060137510299683]","['description', 'description', 'description']"
遂宁万豪酒店,['50192'],[],description,1,0,[],,['50133'],[0.45865416526794434],['description']
遂宁万豪酒店,['50192'],[],description,3,1,['50192'],3.0,"['50133', '47272', '50192']","[0.45865416526794434, 0.45075443387031555, 0.4407086968421936]","['description', 'description', 'description']"
郧阳国际大酒店地址,['50192'],[],description,1,0,[],,['50133'],[0.49002909660339355],['description']
郧阳国际大酒店地址,['50192'],[],description,3,1,['50192'],2.0,"['50133', '50192', '47198']","[0.49002909660339355, 0.4875733256340027, 0.4860832989215851]","['description', 'description', 'description']"
都江堰宾馆,['50192'],[],description,1,0,[],,['50133'],[0.5218271613121033],['description']
都江堰宾馆,['50192'],[],description,3,1,['50192'],2.0,"['50133', '50192', '47198']","[0.5218271613121033, 0.5002323985099792, 0.44935861229896545]","['description', 'description', 'description']"
重庆酒店住宿,['50192'],[],description,1,1,['50192'],1.0,['50192'],[0.4821721911430359],['description']
重庆酒店住宿,['50192'],[],description,3,1,['50192'],1.0,"['50192', '50133', '47198']","[0.4821721911430359, 0.47103351354599, 0.3956974744796753]","['description', 'description', 'description']"
重庆金佛山酒店,['50192'],[],description,1,0,[],,['50133'],[0.45513826608657837],['description']
重庆金佛山酒店,['50192'],[],description,3,1,['50192'],2.0,"['50133', '50192', '5671']","[0.45513826608657837, 0.4304737150669098, 0.402511328458786]","['description', 'description', 'description']"
金和大酒店,['50192'],[],description,1,0,[],,['50133'],[0.5606265068054199],['description']
金和大酒店,['50192'],[],description,3,1,['50192'],2.0,"['50133', '50192', '47198']","[0.5606265068054199, 0.5438023805618286, 0.5208402872085571]","['description', 'description', 'description']"
长春南湖宾馆,['50192'],[],description,1,0,[],,['50133'],[0.4693225026130676],['description']
长春南湖宾馆,['50192'],[],description,3,1,['50192'],2.0,"['50133', '50192', '47198']","[0.4693225026130676, 0.4658418893814087, 0.39908742904663086]","['description', 'description', 'description']"
长沙南酒店,['50192'],[],description,1,1,['50192'],1.0,['50192'],[0.5351856350898743],['description']
长沙南酒店,['50192'],[],description,3,1,['50192'],1.0,"['50192', '50133', '47198']","[0.5351856350898743, 0.5328947901725769, 0.4681304693222046]","['description', 'description', 'description']"
阿城迎宾大酒店地址,['50192'],[],description,1,0,[],,['47198'],[0.48582762479782104],['description']
阿城迎宾大酒店地址,['50192'],[],description,3,1,['50192'],2.0,"['47198', '50192', '50133']","[0.48582762479782104, 0.46843475103378296, 0.46696990728378296]","['description', 'description', 'description']"
青城山民宿,['50192'],[],description,1,0,[],,['5671'],[0.37702518701553345],['description']
青城山民宿,['50192'],[],description,3,1,['50192'],3.0,"['5671', '47272', '50192']","[0.37702518701553345, 0.35477954149246216, 0.35181355476379395]","['description', 'description', 'description']"
青岛北站汉庭酒店,['50192'],[],description,1,1,['50192'],1.0,['50192'],[0.4641144573688507],['description']
青岛北站汉庭酒店,['50192'],[],description,3,1,['50192'],1.0,"['50192', '50133', '47198']","[0.4641144573688507, 0.4632634222507477, 0.4184070825576782]","['description', 'description', 'description']"
青岛美高梅酒店地址在哪里,['50192'],[],description,1,0,[],,['47198'],[0.5110467076301575],['description']
青岛美高梅酒店地址在哪里,['50192'],[],description,3,1,['50192'],2.0,"['47198', '50192', '50133']","[0.5110467076301575, 0.45896536111831665, 0.45101219415664673]","['description', 'description', 'description']"
青岛金海大酒店,['50192'],[],description,1,0,[],,['50133'],[0.47693222761154175],['description']
青岛金海大酒店,['50192'],[],description,3,1,['50192'],2.0,"['50133', '50192', '47198']","[0.47693222761154175, 0.4530625343322754, 0.43182963132858276]","['description', 'description', 'description']"
青州杏花村附近住宿酒店,['50192'],[],description,1,1,['50192'],1.0,['50192'],[0.42490828037261963],['description']
青州杏花村附近住宿酒店,['50192'],[],description,3,1,['50192'],1.0,"['50192', '50133', '47198']","[0.42490828037261963, 0.39494216442108154, 0.34847450256347656]","['description', 'description', 'description']"
靖江南园宾馆,['50192'],[],description,1,0,[],,['50133'],[0.445945680141449],['description']
靖江南园宾馆,['50192'],[],description,3,1,['50192'],2.0,"['50133', '50192', '5671']","[0.445945680141449, 0.44017553329467773, 0.4087122082710266]","['description', 'description', 'description']"
鸿都酒店,['50192'],[],description,1,1,['50192'],1.0,['50192'],[0.5383851528167725],['description']
鸿都酒店,['50192'],[],description,3,1,['50192'],1.0,"['50192', '50133', '47198']","[0.5383851528167725, 0.5364876985549927, 0.4822964668273926]","['description', 'description', 'description']"
麻城新东方国际酒店,['50192'],[],description,1,0,[],,['50133'],[0.4194244146347046],['description']
麻城新东方国际酒店,['50192'],[],description,3,1,['50192'],2.0,"['50133', '50192', '47198']","[0.4194244146347046, 0.39888280630111694, 0.380895733833313]","['description', 'description', 'description']"
七里河万寿宫酒店地址,['50192'],[],merged,1,0,[],,['50133'],[0.43909549713134766],['description']
七里河万寿宫酒店地址,['50192'],[],merged,3,1,['50192'],3.0,"['50133', '47198', '50192']","[0.43909549713134766, 0.43795356154441833, 0.43354180455207825]","['description', 'description', 'description']"
三亚湾酒店,['50192'],[],merged,1,0,[],,['50133'],[0.478081077337265],['description']
三亚湾酒店,['50192'],[],merged,3,1,['50192'],2.0,"['50133', '50192', '5671']","[0.478081077337265, 0.47124922275543213, 0.4510963261127472]","['description', 'title_description', 'title_description']"
上海亚朵酒店电话号码,['50192'],[],merged,1,1,['50192'],1.0,['50192'],[0.5140647888183594],['title_description']
上海亚朵酒店电话号码,['50192'],[],merged,3,1,['50192'],1.0,"['50192', '50133', '5012']","[0.5140647888183594, 0.5104331970214844, 0.5018050670623779]","['title_description', 'description', 'description']"
上海大酒店,['50192'],[],merged,1,0,[],,['5012'],[0.5013238787651062],['description']
上海大酒店,['50192'],[],merged,3,1,['50192'],2.0,"['5012', '50192', '50133']","[0.5013238787651062, 0.48620158433914185, 0.4845746159553528]","['description', 'description', 'description']"
上海如家酒店火车站店,['50192'],[],merged,1,0,[],,['50133'],[0.4826143980026245],['description']
上海如家酒店火车站店,['50192'],[],merged,3,1,['50192'],2.0,"['50133', '50192', '60872']","[0.4826143980026245, 0.4566953182220459, 0.4400768280029297]","['description', 'description', 'title_description']"
上海宾馆地址查询,['50192'],[],merged,1,0,[],,['47198'],[0.5596675276756287],['description']
上海宾馆地址查询,['50192'],[],merged,3,1,['50192'],3.0,"['47198', '50133', '50192']","[0.5596675276756287, 0.5272250175476074, 0.5212299823760986]","['description', 'description', 'description']"
上海徐家汇中心酒店,['50192'],[],merged,1,0,[],,['50133'],[0.49723827838897705],['description']
上海徐家汇中心酒店,['50192'],[],merged,3,1,['50192'],2.0,"['50133', '50192', '5012']","[0.49723827838897705, 0.4809742569923401, 0.43092864751815796]","['description', 'title_description', 'description']"
上海深坑酒店,['50192'],[],merged,1,0,[],,['5671'],[0.4706103205680847],['title_description']
上海深坑酒店,['50192'],[],merged,3,0,[],,"['5671', '47242', '47272']","[0.4706103205680847, 0.4518500566482544, 0.44606003165245056]","['title_description', 'title_description', 'title_description']"
上海茂悦大酒店,['50192'],[],merged,1,0,[],,['50133'],[0.48221251368522644],['description']
上海茂悦大酒店,['50192'],[],merged,3,1,['50192'],2.0,"['50133', '50192', '5012']","[0.48221251368522644, 0.4715694189071655, 0.43979841470718384]","['description', 'title_description', 'description']"
东戴河民宿多少钱一晚,['50192'],[],merged,1,0,[],,['5671'],[0.36159878969192505],['title_description']
东戴河民宿多少钱一晚,['50192'],[],merged,3,1,['50192'],2.0,"['5671', '50192', '50133']","[0.36159878969192505, 0.34325918555259705, 0.3432328701019287]","['title_description', 'title_description', 'title_description']"
临汾轻雅酒店在哪里啊,['50192'],[],merged,1,0,[],,['50133'],[0.5015360116958618],['description']
临汾轻雅酒店在哪里啊,['50192'],[],merged,3,1,['50192'],2.0,"['50133', '50192', '47198']","[0.5015360116958618, 0.494917094707489, 0.4725075364112854]","['description', 'description', 'description']"
义乌锦都酒店,['50192'],[],merged,1,0,[],,['50133'],[0.4469262957572937],['description']
义乌锦都酒店,['50192'],[],merged,3,1,['50192'],2.0,"['50133', '50192', '47198']","[0.4469262957572937, 0.44220274686813354, 0.41210949420928955]","['description', 'description', 'description']"
乌兰察布大酒店,['50192'],[],merged,1,0,[],,['50133'],[0.4715559184551239],['description']
乌兰察布大酒店,['50192'],[],merged,3,1,['50192'],2.0,"['50133', '50192', '5671']","[0.4715559184551239, 0.45583006739616394, 0.42868703603744507]","['description', 'title_description', 'title_description']"
乌鲁木齐丝路天山酒店,['50192'],[],merged,1,0,[],,['50133'],[0.4824977517127991],['description']
乌鲁木齐丝路天山酒店,['50192'],[],merged,3,1,['50192'],2.0,"['50133', '50192', '5671']","[0.4824977517127991, 0.47585344314575195, 0.4663306772708893]","['description', 'description', 'title_description']"
乐清市国际大酒店地址,['50192'],[],merged,1,0,[],,['50133'],[0.4874710440635681],['description']
乐清市国际大酒店地址,['50192'],[],merged,3,1,['50192'],3.0,"['50133', '47198', '50192']","[0.4874710440635681, 0.48269540071487427, 0.4643007516860962]","['description', 'description', 'title_description']"
九州通衢大酒店位置,['50192'],[],merged,1,0,[],,['47198'],[0.5085080862045288],['description']
九州通衢大酒店位置,['50192'],[],merged,3,0,[],,"['47198', '47242', '50133']","[0.5085080862045288, 0.5038979053497314, 0.49020639061927795]","['description', 'title_description', 'description']"
云南锦华国际酒店,['50192'],[],merged,1,0,[],,['50133'],[0.4711616635322571],['description']
云南锦华国际酒店,['50192'],[],merged,3,1,['50192'],2.0,"['50133', '50192', '5671']","[0.4711616635322571, 0.46166232228279114, 0.4405525326728821]","['description', 'title_description', 'title_description']"
云安会都酒店电话号码,['50192'],[],merged,1,0,[],,['50133'],[0.48993119597435],['description']
云安会都酒店电话号码,['50192'],[],merged,3,1,['50192'],2.0,"['50133', '50192', '5012']","[0.48993119597435, 0.45440155267715454, 0.44680559635162354]","['description', 'title_description', 'description']"
云山海酒店,['50192'],[],merged,1,0,[],,['50133'],[0.5162615180015564],['description']
云山海酒店,['50192'],[],merged,3,1,['50192'],3.0,"['50133', '5671', '50192']","[0.5162615180015564, 0.5110408067703247, 0.49942445755004883]","['description', 'title_description', 'title_description']"
井陉江淮宾馆,['50192'],[],merged,1,0,[],,['50133'],[0.42022544145584106],['title_description']
井陉江淮宾馆,['50192'],[],merged,3,1,['50192'],2.0,"['50133', '50192', '5671']","[0.42022544145584106, 0.41374388337135315, 0.3801083564758301]","['title_description', 'title_description', 'title_description']"
伊春农家院住宿,['50192'],[],merged,1,0,[],,['50133'],[0.31861382722854614],['description']
伊春农家院住宿,['50192'],[],merged,3,1,['50192'],3.0,"['50133', '5671', '50192']","[0.31861382722854614, 0.3146582543849945, 0.2992381453514099]","['description', 'title_description', 'title_description']"
伴梅居民宿怎么样,['50192'],[],merged,1,1,['50192'],1.0,['50192'],[0.47616326808929443],['title_description']
伴梅居民宿怎么样,['50192'],[],merged,3,1,['50192'],1.0,"['50192', '5671', '50133']","[0.47616326808929443, 0.46015673875808716, 0.4480513334274292]","['title_description', 'title_description', 'description']"
住宿旅馆附近便宜点的,['50192'],[],merged,1,1,['50192'],1.0,['50192'],[0.6800957918167114],['description']
住宿旅馆附近便宜点的,['50192'],[],merged,3,1,['50192'],1.0,"['50192', '50133', '47198']","[0.6800957918167114, 0.6135239005088806, 0.5755887031555176]","['description', 'description', 'description']"
佳宜酒店电话,['50192'],[],merged,1,0,[],,['50133'],[0.6205447912216187],['description']
佳宜酒店电话,['50192'],[],merged,3,1,['50192'],2.0,"['50133', '50192', '47198']","[0.6205447912216187, 0.5680261850357056, 0.5493857860565186]","['description', 'title_description', 'description']"
全季酒店万达广场店,['50192'],[],merged,1,0,[],,['50133'],[0.48252198100090027],['description']
全季酒店万达广场店,['50192'],[],merged,3,1,['50192'],2.0,"['50133', '50192', '5671']","[0.48252198100090027, 0.4729907810688019, 0.41107484698295593]","['description', 'title_description', 'title_description']"
兰州温德姆酒店在哪里,['50192'],[],merged,1,1,['50192'],1.0,['50192'],[0.5107911825180054],['description']
兰州温德姆酒店在哪里,['50192'],[],merged,3,1,['50192'],1.0,"['50192', '50133', '47198']","[0.5107911825180054, 0.5035385489463806, 0.5003732442855835]","['description', 'description', 'description']"
兰陵县兰陵大酒店电话,['50192'],[],merged,1,0,[],,['50133'],[0.41103726625442505],['description']
兰陵县兰陵大酒店电话,['50192'],[],merged,3,1,['50192'],2.0,"['50133', '50192', '5012']","[0.41103726625442505, 0.39380940794944763, 0.39021819829940796]","['description', 'title_description', 'description']"
内丘有哪些避暑民宿,['50192'],[],merged,1,0,[],,['5671'],[0.44036269187927246],['title_description']
内丘有哪些避暑民宿,['50192'],[],merged,3,1,['50192'],2.0,"['5671', '50192', '62106']","[0.44036269187927246, 0.39757323265075684, 0.390752911567688]","['title_description', 'title_description', 'title_description']"
创通商务酒店,['50192'],[],merged,1,0,[],,['50133'],[0.5013899803161621],['description']
创通商务酒店,['50192'],[],merged,3,1,['50192'],2.0,"['50133', '50192', '47198']","[0.5013899803161621, 0.4721519947052002, 0.4530739188194275]","['description', 'title_description', 'description']"
加格达奇旅店,['50192'],[],merged,1,0,[],,['5671'],[0.5096613764762878],['title_description']
加格达奇旅店,['50192'],[],merged,3,0,[],,"['5671', '62106', '47198']","[0.5096613764762878, 0.487970232963562, 0.4580172002315521]","['title_description', 'title_description', 'description']"
北京国家会议中心大酒店,['50192'],[],merged,1,0,[],,['50133'],[0.5261768102645874],['title_description']
北京国家会议中心大酒店,['50192'],[],merged,3,1,['50192'],2.0,"['50133', '50192', '47242']","[0.5261768102645874, 0.5127792954444885, 0.45959609746932983]","['title_description', 'title_description', 'title_description']"
北京王府井酒店,['50192'],[],merged,1,0,[],,['50133'],[0.5554519295692444],['description']
北京王府井酒店,['50192'],[],merged,3,1,['50192'],2.0,"['50133', '50192', '5012']","[0.5554519295692444, 0.5237070918083191, 0.4720999002456665]","['description', 'title_description', 'description']"
北川维斯特温泉假日酒店,['50192'],[],merged,1,1,['50192'],1.0,['50192'],[0.47367042303085327],['description']
北川维斯特温泉假日酒店,['50192'],[],merged,3,1,['50192'],1.0,"['50192', '5671', '50133']","[0.47367042303085327, 0.45759376883506775, 0.45244327187538147]","['description', 'title_description', 'description']"
北戴河酒店,['50192'],[],merged,1,0,[],,['50133'],[0.5230929851531982],['description']
北戴河酒店,['50192'],[],merged,3,1,['50192'],2.0,"['50133', '50192', '5671']","[0.5230929851531982, 0.5200394988059998, 0.45481377840042114]","['description', 'title_description', 'title_description']"
千岛湖度假酒店,['50192'],[],merged,1,0,[],,['5671'],[0.44565367698669434],['title_description']
千岛湖度假酒店,['50192'],[],merged,3,1,['50192'],3.0,"['5671', '50133', '50192']","[0.44565367698669434, 0.4326511025428772, 0.4185090959072113]","['title_description', 'description', 'title_description']"
南京金禾酒店,['50192'],[],merged,1,1,['50192'],1.0,['50192'],[0.5143067836761475],['description']
南京金禾酒店,['50192'],[],merged,3,1,['50192'],1.0,"['50192', '50133', '5671']","[0.5143067836761475, 0.5053823590278625, 0.45718032121658325]","['description', 'description', 'title_description']"
南昆山温泉度假村,['50192'],[],merged,1,0,[],,['5671'],[0.4601835012435913],['title_description']
南昆山温泉度假村,['50192'],[],merged,3,0,[],,"['5671', '62106', '47242']","[0.4601835012435913, 0.411952406167984, 0.40766727924346924]","['title_description', 'title_description', 'title_description']"
南通北山大酒店档次怎么样,['50192'],[],merged,1,1,['50192'],1.0,['50192'],[0.49501967430114746],['description']
南通北山大酒店档次怎么样,['50192'],[],merged,3,1,['50192'],1.0,"['50192', '50133', '47198']","[0.49501967430114746, 0.47206100821495056, 0.43258002400398254]","['description', 'description', 'description']"
卢氏县民宿联系电话,['50192'],[],merged,1,0,[],,['5671'],[0.4063029885292053],['title_description']
卢氏县民宿联系电话,['50192'],[],merged,3,0,[],,"['5671', '47198', '5012']","[0.4063029885292053, 0.38878750801086426, 0.37227651476860046]","['title_description', 'description', 'description']"
吉安市茂盛大酒店价格表,['50192'],[],merged,1,0,[],,['50133'],[0.45074474811553955],['description']
吉安市茂盛大酒店价格表,['50192'],[],merged,3,1,['50192'],2.0,"['50133', '50192', '47198']","[0.45074474811553955, 0.43519842624664307, 0.39600807428359985]","['description', 'title_description', 'description']"
君璟阁酒店(成都欢乐谷店),['50192'],[],merged,1,0,[],,['50133'],[0.4542660415172577],['description']
君璟阁酒店(成都欢乐谷店),['50192'],[],merged,3,1,['50192'],3.0,"['50133', '47272', '50192']","[0.4542660415172577, 0.443145215511322, 0.4421337842941284]","['description', 'title_description', 'title_description']"
和顺酒店的价格是多少,['50192'],[],merged,1,0,[],,['50133'],[0.6107865571975708],['description']
和顺酒店的价格是多少,['50192'],[],merged,3,1,['50192'],2.0,"['50133', '50192', '60338']","[0.6107865571975708, 0.5897711515426636, 0.5372934937477112]","['description', 'description', 'description']"
哈尔滨万达嘉华酒店,['50192'],[],merged,1,0,[],,['50133'],[0.4877275228500366],['description']
哈尔滨万达嘉华酒店,['50192'],[],merged,3,1,['50192'],2.0,"['50133', '50192', '5671']","[0.4877275228500366, 0.4732787311077118, 0.4439612329006195]","['description', 'title_description', 'title_description']"
哈尔滨住宿价格一览表,['50192'],[],merged,1,1,['50192'],1.0,['50192'],[0.5313097834587097],['description']
哈尔滨住宿价格一览表,['50192'],[],merged,3,1,['50192'],1.0,"['50192', '50133', '5671']","[0.5313097834587097, 0.5298259854316711, 0.4329562783241272]","['description', 'description', 'title_description']"
哈尔滨豪滨酒店,['50192'],[],merged,1,0,[],,['50133'],[0.4895637035369873],['description']
哈尔滨豪滨酒店,['50192'],[],merged,3,1,['50192'],2.0,"['50133', '50192', '47272']","[0.4895637035369873, 0.47573322057724, 0.39573103189468384]","['description', 'description', 'title_description']"
喔喔酒店电话,['50192'],[],merged,1,0,[],,['50133'],[0.5826242566108704],['description']
喔喔酒店电话,['50192'],[],merged,3,1,['50192'],2.0,"['50133', '50192', '5012']","[0.5826242566108704, 0.5150609016418457, 0.5051997303962708]","['description', 'description', 'description']"
嘉兴南湖宾馆地址在哪里,['50192'],[],merged,1,0,[],,['47198'],[0.5061722993850708],['description']
嘉兴南湖宾馆地址在哪里,['50192'],[],merged,3,1,['50192'],3.0,"['47198', '5671', '50192']","[0.5061722993850708, 0.502560555934906, 0.49763762950897217]","['description', 'title_description', 'description']"
嘉兴开元森泊度假酒店,['50192'],[],merged,1,0,[],,['5671'],[0.4940994381904602],['title_description']
嘉兴开元森泊度假酒店,['50192'],[],merged,3,1,['50192'],2.0,"['5671', '50192', '50133']","[0.4940994381904602, 0.45001620054244995, 0.4428509473800659]","['title_description', 'title_description', 'description']"
在胶囊酒店,['50192'],[],merged,1,0,[],,['50133'],[0.5200265645980835],['description']
在胶囊酒店,['50192'],[],merged,3,1,['50192'],2.0,"['50133', '50192', '5671']","[0.5200265645980835, 0.5083326697349548, 0.4841550588607788]","['description', 'title_description', 'title_description']"
壶关仙居酒店,['50192'],[],merged,1,0,[],,['50133'],[0.45236995816230774],['title_description']
壶关仙居酒店,['50192'],[],merged,3,1,['50192'],2.0,"['50133', '50192', '5671']","[0.45236995816230774, 0.4412781298160553, 0.40611934661865234]","['title_description', 'title_description', 'title_description']"
天津悦榕庄酒店价格表,['50192'],[],merged,1,0,[],,['50133'],[0.5116680264472961],['description']
天津悦榕庄酒店价格表,['50192'],[],merged,3,1,['50192'],2.0,"['50133', '50192', '5671']","[0.5116680264472961, 0.46222102642059326, 0.43750905990600586]","['description', 'description', 'title_description']"
天津明湾公寓便宜住宿,['50192'],[],merged,1,1,['50192'],1.0,['50192'],[0.44768622517585754],['description']
天津明湾公寓便宜住宿,['50192'],[],merged,3,1,['50192'],1.0,"['50192', '50133', '5671']","[0.44768622517585754, 0.4444001317024231, 0.42718374729156494]","['description', 'description', 'title_description']"
天津津湾酒店,['50192'],[],merged,1,0,[],,['50133'],[0.5015687346458435],['description']
天津津湾酒店,['50192'],[],merged,3,1,['50192'],3.0,"['50133', '5671', '50192']","[0.5015687346458435, 0.4668552279472351, 0.4622011184692383]","['description', 'title_description', 'description']"
太白山温泉度假酒店,['50192'],[],merged,1,0,[],,['5671'],[0.45300179719924927],['title_description']
太白山温泉度假酒店,['50192'],[],merged,3,1,['50192'],2.0,"['5671', '50192', '50133']","[0.45300179719924927, 0.4475753903388977, 0.4346767067909241]","['title_description', 'title_description', 'description']"
宁国月澜湾度假酒店价格表,['50192'],[],merged,1,0,[],,['50133'],[0.48284515738487244],['description']
宁国月澜湾度假酒店价格表,['50192'],[],merged,3,1,['50192'],2.0,"['50133', '50192', '5671']","[0.48284515738487244, 0.4710569977760315, 0.4544629752635956]","['description', 'description', 'title_description']"
宁城汉庭酒店电话号码多少,['50192'],[],merged,1,0,[],,['50133'],[0.5439950823783875],['description']
宁城汉庭酒店电话号码多少,['50192'],[],merged,3,1,['50192'],2.0,"['50133', '50192', '5012']","[0.5439950823783875, 0.5140258073806763, 0.5069703459739685]","['description', 'description', 'description']"
宜宾竹韵里酒店,['50192'],[],merged,1,0,[],,['47272'],[0.4092877507209778],['title_description']
宜宾竹韵里酒店,['50192'],[],merged,3,1,['50192'],2.0,"['47272', '50192', '50133']","[0.4092877507209778, 0.40709665417671204, 0.4035242199897766]","['title_description', 'title_description', 'description']"
宾馆前台电话,['50192'],[],merged,1,0,[],,['50133'],[0.6048253774642944],['description']
宾馆前台电话,['50192'],[],merged,3,1,['50192'],3.0,"['50133', '47198', '50192']","[0.6048253774642944, 0.5510882139205933, 0.5447710752487183]","['description', 'description', 'description']"
寻甸温泉酒店价格表,['50192'],[],merged,1,0,[],,['50133'],[0.46608108282089233],['description']
寻甸温泉酒店价格表,['50192'],[],merged,3,1,['50192'],2.0,"['50133', '50192', '5671']","[0.46608108282089233, 0.45842328667640686, 0.4237281084060669]","['description', 'title_description', 'title_description']"
射洪维也纳酒店地址,['50192'],[],merged,1,0,[],,['50133'],[0.4758298397064209],['description']
射洪维也纳酒店地址,['50192'],[],merged,3,1,['50192'],3.0,"['50133', '47198', '50192']","[0.4758298397064209, 0.47235363721847534, 0.4692380726337433]","['description', 'description', 'description']"
山西大同晋河大酒店,['50192'],[],merged,1,0,[],,['50133'],[0.4699743390083313],['description']
山西大同晋河大酒店,['50192'],[],merged,3,1,['50192'],2.0,"['50133', '50192', '5671']","[0.4699743390083313, 0.45946046710014343, 0.4135936498641968]","['description', 'title_description', 'title_description']"
崇礼万怡酒店,['50192'],[],merged,1,1,['50192'],1.0,['50192'],[0.4637950658798218],['title_description']
崇礼万怡酒店,['50192'],[],merged,3,1,['50192'],1.0,"['50192', '50133', '5671']","[0.4637950658798218, 0.46133244037628174, 0.45462989807128906]","['title_description', 'title_description', 'title_description']"
广州珠江新城酒店,['50192'],[],merged,1,0,[],,['50133'],[0.5019601583480835],['description']
广州珠江新城酒店,['50192'],[],merged,3,1,['50192'],2.0,"['50133', '50192', '5671']","[0.5019601583480835, 0.4849795699119568, 0.4441729485988617]","['description', 'title_description', 'title_description']"
广州黄埔君澜酒店简介,['50192'],[],merged,1,0,[],,['50133'],[0.483322411775589],['description']
广州黄埔君澜酒店简介,['50192'],[],merged,3,1,['50192'],2.0,"['50133', '50192', '5671']","[0.483322411775589, 0.4520077705383301, 0.435878187417984]","['description', 'title_description', 'title_description']"
庆云大酒店位置,['50192'],[],merged,1,0,[],,['47198'],[0.49350160360336304],['description']
庆云大酒店位置,['50192'],[],merged,3,1,['50192'],2.0,"['47198', '50192', '5671']","[0.49350160360336304, 0.48352038860321045, 0.4824111759662628]","['description', 'title_description', 'title_description']"
建国饭店,['50192'],[],merged,1,0,[],,['47272'],[0.5056398510932922],['title_description']
建国饭店,['50192'],[],merged,3,0,[],,"['47272', '47242', '50133']","[0.5056398510932922, 0.4786551296710968, 0.4775068163871765]","['title_description', 'title_description', 'description']"
恩平锦江温泉度假村酒店,['50192'],[],merged,1,0,[],,['50133'],[0.40879467129707336],['title_description']
恩平锦江温泉度假村酒店,['50192'],[],merged,3,1,['50192'],3.0,"['50133', '5671', '50192']","[0.40879467129707336, 0.4050767719745636, 0.3957732915878296]","['title_description', 'title_description', 'title_description']"
惠东后海湾酒店,['50192'],[],merged,1,0,[],,['50133'],[0.48223739862442017],['description']
惠东后海湾酒店,['50192'],[],merged,3,1,['50192'],2.0,"['50133', '50192', '5671']","[0.48223739862442017, 0.475420743227005, 0.429756760597229]","['description', 'title_description', 'title_description']"
成都天府国际大酒店,['50192'],[],merged,1,0,[],,['50133'],[0.4830354154109955],['description']
成都天府国际大酒店,['50192'],[],merged,3,1,['50192'],3.0,"['50133', '47272', '50192']","[0.4830354154109955, 0.4780194163322449, 0.4548957049846649]","['description', 'title_description', 'title_description']"
拉萨雪莲宾馆,['50192'],[],merged,1,0,[],,['50133'],[0.489664226770401],['description']
拉萨雪莲宾馆,['50192'],[],merged,3,1,['50192'],2.0,"['50133', '50192', '5671']","[0.489664226770401, 0.47894659638404846, 0.4786286950111389]","['description', 'description', 'title_description']"
文登维也纳酒店,['50192'],[],merged,1,0,[],,['50133'],[0.4242662787437439],['description']
文登维也纳酒店,['50192'],[],merged,3,1,['50192'],2.0,"['50133', '50192', '5671']","[0.4242662787437439, 0.4097350239753723, 0.3726758360862732]","['description', 'description', 'title_description']"
新豪酒店,['50192'],[],merged,1,1,['50192'],1.0,['50192'],[0.5838730931282043],['description']
新豪酒店,['50192'],[],merged,3,1,['50192'],1.0,"['50192', '50133', '47272']","[0.5838730931282043, 0.577970564365387, 0.5371661186218262]","['description', 'description', 'title_description']"
昆明何日君温泉酒店的电话,['50192'],[],merged,1,0,[],,['50133'],[0.4968899190425873],['description']
昆明何日君温泉酒店的电话,['50192'],[],merged,3,1,['50192'],2.0,"['50133', '50192', '5671']","[0.4968899190425873, 0.46009159088134766, 0.4350544810295105]","['description', 'title_description', 'title_description']"
晟舍民宿,['50192'],[],merged,1,0,[],,['50133'],[0.43099746108055115],['description']
晟舍民宿,['50192'],[],merged,3,1,['50192'],2.0,"['50133', '50192', '47272']","[0.43099746108055115, 0.4269362688064575, 0.40431278944015503]","['description', 'title_description', 'title_description']"
普洱朝圣酒店,['50192'],[],merged,1,0,[],,['50133'],[0.4781726598739624],['description']
普洱朝圣酒店,['50192'],[],merged,3,1,['50192'],3.0,"['50133', '5671', '50192']","[0.4781726598739624, 0.4668412506580353, 0.465832382440567]","['description', 'title_description', 'title_description']"
智慧酒店,['50192'],[],merged,1,0,[],,['50133'],[0.6329498887062073],['description']
智慧酒店,['50192'],[],merged,3,1,['50192'],2.0,"['50133', '50192', '47242']","[0.6329498887062073, 0.5926645994186401, 0.5592879056930542]","['description', 'title_description', 'title_description']"
月亮湾酒店,['50192'],[],merged,1,0,[],,['50133'],[0.46505388617515564],['description']
月亮湾酒店,['50192'],[],merged,3,1,['50192'],3.0,"['50133', '5671', '50192']","[0.46505388617515564, 0.4631574749946594, 0.446025550365448]","['description', 'title_description', 'description']"
杭州卡德姆国际酒店怎么样,['50192'],[],merged,1,0,[],,['50133'],[0.507171630859375],['description']
杭州卡德姆国际酒店怎么样,['50192'],[],merged,3,1,['50192'],2.0,"['50133', '50192', '47198']","[0.507171630859375, 0.5057573914527893, 0.4971635341644287]","['description', 'title_description', 'description']"
枫禾酒店,['50192'],[],merged,1,0,[],,['50133'],[0.5137467384338379],['description']
枫禾酒店,['50192'],[],merged,3,1,['50192'],2.0,"['50133', '50192', '5671']","[0.5137467384338379, 0.5078582763671875, 0.46579375863075256]","['description', 'title_description', 'title_description']"
栖云酒店,['50192'],[],merged,1,0,[],,['50133'],[0.5240688323974609],['description']
栖云酒店,['50192'],[],merged,3,1,['50192'],2.0,"['50133', '50192', '5671']","[0.5240688323974609, 0.5056535005569458, 0.4990231990814209]","['description', 'title_description', 'title_description']"
根酒店在哪里,['50192'],[],merged,1,0,[],,['50133'],[0.6204208731651306],['description']
根酒店在哪里,['50192'],[],merged,3,1,['50192'],2.0,"['50133', '50192', '47198']","[0.6204208731651306, 0.6100589036941528, 0.6010070443153381]","['description', 'description', 'description']"
桂东县避暑民宿,['50192'],[],merged,1,0,[],,['5671'],[0.3975166082382202],['title_description']
桂东县避暑民宿,['50192'],[],merged,3,1,['50192'],3.0,"['5671', '62106', '50192']","[0.3975166082382202, 0.37084558606147766, 0.34992551803588867]","['title_description', 'title_description', 'title_description']"
武汉九州通衢大酒店,['50192'],[],merged,1,0,[],,['50133'],[0.4870653450489044],['description']
武汉九州通衢大酒店,['50192'],[],merged,3,1,['50192'],2.0,"['50133', '50192', '47198']","[0.4870653450489044, 0.4615578055381775, 0.4468386769294739]","['description', 'title_description', 'description']"
武汉金贵源洲际酒店简介,['50192'],[],merged,1,0,[],,['50133'],[0.5299736857414246],['title_description']
武汉金贵源洲际酒店简介,['50192'],[],merged,3,1,['50192'],2.0,"['50133', '50192', '5671']","[0.5299736857414246, 0.5073797106742859, 0.45788246393203735]","['title_description', 'title_description', 'title_description']"
汕头国际大酒店,['50192'],[],merged,1,0,[],,['50133'],[0.46738922595977783],['description']
汕头国际大酒店,['50192'],[],merged,3,1,['50192'],3.0,"['50133', '5671', '50192']","[0.46738922595977783, 0.45743638277053833, 0.44881951808929443]","['description', 'title_description', 'title_description']"
沈阳华府酒店,['50192'],[],merged,1,0,[],,['50133'],[0.47938746213912964],['description']
沈阳华府酒店,['50192'],[],merged,3,1,['50192'],2.0,"['50133', '50192', '5671']","[0.47938746213912964, 0.466993510723114, 0.41976404190063477]","['description', 'title_description', 'title_description']"
沩山民宿价格一览表,['50192'],[],merged,1,0,[],,['5671'],[0.4927447438240051],['title_description']
沩山民宿价格一览表,['50192'],[],merged,3,0,[],,"['5671', '60338', '50133']","[0.4927447438240051, 0.4508496820926666, 0.4402964413166046]","['title_description', 'description', 'description']"
泉州酒店电话,['50192'],[],merged,1,0,[],,['50133'],[0.508263885974884],['description']
泉州酒店电话,['50192'],[],merged,3,1,['50192'],2.0,"['50133', '50192', '47198']","[0.508263885974884, 0.4685918688774109, 0.4522912800312042]","['description', 'description', 'description']"
洛川鸿福智能酒店电话,['50192'],[],merged,1,0,[],,['50133'],[0.5433841943740845],['description']
洛川鸿福智能酒店电话,['50192'],[],merged,3,1,['50192'],2.0,"['50133', '50192', '47272']","[0.5433841943740845, 0.5238627791404724, 0.4650634527206421]","['description', 'description', 'title_description']"
洛阳白云山大酒店的价位,['50192'],[],merged,1,1,['50192'],1.0,['50192'],[0.5873395204544067],['description']
洛阳白云山大酒店的价位,['50192'],[],merged,3,1,['50192'],1.0,"['50192', '50133', '5671']","[0.5873395204544067, 0.5609102249145508, 0.5429335832595825]","['description', 'description', 'title_description']"
淄博惟石山居民宿,['50192'],[],merged,1,0,[],,['5671'],[0.3870408236980438],['title_description']
淄博惟石山居民宿,['50192'],[],merged,3,1,['50192'],2.0,"['5671', '50192', '47272']","[0.3870408236980438, 0.359952449798584, 0.3526950776576996]","['title_description', 'description', 'title_description']"
湖滨国际大酒店,['50192'],[],merged,1,1,['50192'],1.0,['50192'],[0.5388967990875244],['description']
湖滨国际大酒店,['50192'],[],merged,3,1,['50192'],1.0,"['50192', '50133', '5671']","[0.5388967990875244, 0.5287454128265381, 0.5065491199493408]","['description', 'description', 'title_description']"
湛江海洋国际酒店,['50192'],[],merged,1,0,[],,['47272'],[0.45712631940841675],['title_description']
湛江海洋国际酒店,['50192'],[],merged,3,0,[],,"['47272', '50133', '5671']","[0.45712631940841675, 0.4444410502910614, 0.4284731447696686]","['title_description', 'description', 'title_description']"
溧阳涵田度假村酒店,['50192'],[],merged,1,0,[],,['5671'],[0.442070871591568],['title_description']
溧阳涵田度假村酒店,['50192'],[],merged,3,1,['50192'],2.0,"['5671', '50192', '50133']","[0.442070871591568, 0.43880170583724976, 0.43751078844070435]","['title_description', 'title_description', 'description']"
甘肃省永靖县馨海源酒店电话,['50192'],[],merged,1,0,[],,['50133'],[0.4539792537689209],['title_description']
甘肃省永靖县馨海源酒店电话,['50192'],[],merged,3,1,['50192'],3.0,"['50133', '5012', '50192']","[0.4539792537689209, 0.4214656352996826, 0.4202897548675537]","['title_description', 'title_description', 'title_description']"
石家庄恒佑酒店,['50192'],[],merged,1,0,[],,['50133'],[0.483253538608551],['description']
石家庄恒佑酒店,['50192'],[],merged,3,1,['50192'],2.0,"['50133', '50192', '47272']","[0.483253538608551, 0.47249510884284973, 0.42330697178840637]","['description', 'title_description', 'title_description']"
禅泉温泉度假村,['50192'],[],merged,1,0,[],,['5671'],[0.5087264776229858],['title_description']
禅泉温泉度假村,['50192'],[],merged,3,0,[],,"['5671', '62106', '62306']","[0.5087264776229858, 0.437160849571228, 0.4283366799354553]","['title_description', 'title_description', 'title_description']"
福州闽台大酒店,['50192'],[],merged,1,0,[],,['50133'],[0.4951785206794739],['description']
福州闽台大酒店,['50192'],[],merged,3,1,['50192'],2.0,"['50133', '50192', '5671']","[0.4951785206794739, 0.476959764957428, 0.44196072220802307]","['description', 'title_description', 'title_description']"
福鼎龙安豪庭民宿电话,['50192'],[],merged,1,0,[],,['50133'],[0.3687390983104706],['title_description']
福鼎龙安豪庭民宿电话,['50192'],[],merged,3,1,['50192'],2.0,"['50133', '50192', '47272']","[0.3687390983104706, 0.3664310574531555, 0.359127402305603]","['title_description', 'title_description', 'title_description']"
禾木民宿,['50192'],[],merged,1,0,[],,['5671'],[0.4784846007823944],['title_description']
禾木民宿,['50192'],[],merged,3,0,[],,"['5671', '47272', '62106']","[0.4784846007823944, 0.4408593773841858, 0.4345870018005371]","['title_description', 'title_description', 'title_description']"
缘遇宾馆,['50192'],[],merged,1,1,['50192'],1.0,['50192'],[0.4614199697971344],['title_description']
缘遇宾馆,['50192'],[],merged,3,1,['50192'],1.0,"['50192', '50133', '5671']","[0.4614199697971344, 0.44062817096710205, 0.43524545431137085]","['title_description', 'description', 'title_description']"
罗兰酒店,['50192'],[],merged,1,0,[],,['50133'],[0.5987406373023987],['description']
罗兰酒店,['50192'],[],merged,3,1,['50192'],2.0,"['50133', '50192', '5671']","[0.5987406373023987, 0.5773125290870667, 0.5482958555221558]","['description', 'description', 'title_description']"
美豪,['50192'],[],merged,1,0,[],,['5881'],[0.527563214302063],['title_description']
美豪,['50192'],[],merged,3,0,[],,"['5881', '47272', '60977']","[0.527563214302063, 0.515442430973053, 0.497734010219574]","['title_description', 'title_description', 'title_description']"
美豪丽致酒店开封万岁山店,['50192'],[],merged,1,0,[],,['50133'],[0.40959227085113525],['title_description']
美豪丽致酒店开封万岁山店,['50192'],[],merged,3,1,['50192'],2.0,"['50133', '50192', '5671']","[0.40959227085113525, 0.4023129343986511, 0.38898247480392456]","['title_description', 'title_description', 'title_description']"
聚鑫宾馆,['50192'],[],merged,1,0,[],,['50133'],[0.550733745098114],['description']
聚鑫宾馆,['50192'],[],merged,3,1,['50192'],2.0,"['50133', '50192', '47198']","[0.550733745098114, 0.5403674840927124, 0.5175142288208008]","['description', 'description', 'description']"
苍南希尔顿逸林酒店,['50192'],[],merged,1,1,['50192'],1.0,['50192'],[0.45076167583465576],['title_description']
苍南希尔顿逸林酒店,['50192'],[],merged,3,1,['50192'],1.0,"['50192', '50133', '5671']","[0.45076167583465576, 0.4456590712070465, 0.3975178599357605]","['title_description', 'description', 'title_description']"
苏州宝带桥国际大酒店,['50192'],[],merged,1,0,[],,['50133'],[0.4814496338367462],['description']
苏州宝带桥国际大酒店,['50192'],[],merged,3,1,['50192'],2.0,"['50133', '50192', '5671']","[0.4814496338367462, 0.47530514001846313, 0.4488787353038788]","['description', 'description', 'title_description']"
茶卡晚枫酒店,['50192'],[],merged,1,0,[],,['5671'],[0.4734513759613037],['title_description']
茶卡晚枫酒店,['50192'],[],merged,3,0,[],,"['5671', '50133', '47198']","[0.4734513759613037, 0.45692846179008484, 0.44152241945266724]","['title_description', 'description', 'description']"
蓟县农家院,['50192'],[],merged,1,0,[],,['5671'],[0.3884522318840027],['title_description']
蓟县农家院,['50192'],[],merged,3,0,[],,"['5671', '60874', '47242']","[0.3884522318840027, 0.3548303544521332, 0.350922167301178]","['title_description', 'description', 'title_description']"
西塘宾馆,['50192'],[],merged,1,0,[],,['50133'],[0.5141659379005432],['description']
西塘宾馆,['50192'],[],merged,3,1,['50192'],3.0,"['50133', '5671', '50192']","[0.5141659379005432, 0.49100130796432495, 0.48822957277297974]","['description', 'title_description', 'description']"
西安秦都酒店,['50192'],[],merged,1,1,['50192'],1.0,['50192'],[0.5240150690078735],['description']
西安秦都酒店,['50192'],[],merged,3,1,['50192'],1.0,"['50192', '50133', '5671']","[0.5240150690078735, 0.5193678140640259, 0.42805391550064087]","['description', 'description', 'title_description']"
西岭雪山枫叶酒店怎么样,['50192'],[],merged,1,0,[],,['50133'],[0.47358089685440063],['description']
西岭雪山枫叶酒店怎么样,['50192'],[],merged,3,1,['50192'],2.0,"['50133', '50192', '5671']","[0.47358089685440063, 0.4495241641998291, 0.42427173256874084]","['description', 'title_description', 'title_description']"
象山喜来登度假酒店,['50192'],[],merged,1,0,[],,['5671'],[0.45888739824295044],['title_description']
象山喜来登度假酒店,['50192'],[],merged,3,1,['50192'],3.0,"['5671', '50133', '50192']","[0.45888739824295044, 0.4468328654766083, 0.4414498209953308]","['title_description', 'description', 'title_description']"
贵州六盘水民宿包吃住,['50192'],[],merged,1,0,[],,['47272'],[0.3694104552268982],['title_description']
贵州六盘水民宿包吃住,['50192'],[],merged,3,0,[],,"['47272', '5671', '47198']","[0.3694104552268982, 0.3543255925178528, 0.34307563304901123]","['title_description', 'title_description', 'description']"
贵阳旅社的住宿价格,['50192'],[],merged,1,0,[],,['50133'],[0.5934964418411255],['description']
贵阳旅社的住宿价格,['50192'],[],merged,3,1,['50192'],2.0,"['50133', '50192', '5671']","[0.5934964418411255, 0.5838539004325867, 0.5627442598342896]","['description', 'description', 'title_description']"
资阳博雅弥盛酒店住宿价格,['50192'],[],merged,1,0,[],,['50133'],[0.5890348553657532],['description']
资阳博雅弥盛酒店住宿价格,['50192'],[],merged,3,1,['50192'],2.0,"['50133', '50192', '5671']","[0.5890348553657532, 0.5664135813713074, 0.514176607131958]","['description', 'description', 'title_description']"
遂宁万豪酒店,['50192'],[],merged,1,0,[],,['47272'],[0.4717894196510315],['title_description']
遂宁万豪酒店,['50192'],[],merged,3,1,['50192'],3.0,"['47272', '50133', '50192']","[0.4717894196510315, 0.4627816081047058, 0.4532180428504944]","['title_description', 'title_description', 'title_description']"
郧阳国际大酒店地址,['50192'],[],merged,1,0,[],,['50133'],[0.49002909660339355],['description']
郧阳国际大酒店地址,['50192'],[],merged,3,1,['50192'],2.0,"['50133', '50192', '47198']","[0.49002909660339355, 0.4893225431442261, 0.4860832989215851]","['description', 'title_description', 'description']"
都江堰宾馆,['50192'],[],merged,1,0,[],,['50133'],[0.5218271613121033],['description']
都江堰宾馆,['50192'],[],merged,3,1,['50192'],2.0,"['50133', '50192', '5671']","[0.5218271613121033, 0.5002323985099792, 0.4899379014968872]","['description', 'description', 'title_description']"
重庆酒店住宿,['50192'],[],merged,1,1,['50192'],1.0,['50192'],[0.4821721911430359],['description']
重庆酒店住宿,['50192'],[],merged,3,1,['50192'],1.0,"['50192', '50133', '5671']","[0.4821721911430359, 0.47103351354599, 0.4158584475517273]","['description', 'description', 'title_description']"
重庆金佛山酒店,['50192'],[],merged,1,0,[],,['50133'],[0.45513826608657837],['description']
重庆金佛山酒店,['50192'],[],merged,3,1,['50192'],3.0,"['50133', '5671', '50192']","[0.45513826608657837, 0.44284170866012573, 0.44019463658332825]","['description', 'title_description', 'title_description']"
金和大酒店,['50192'],[],merged,1,0,[],,['50133'],[0.5606265068054199],['description']
金和大酒店,['50192'],[],merged,3,1,['50192'],2.0,"['50133', '50192', '47272']","[0.5606265068054199, 0.5438023805618286, 0.53236985206604]","['description', 'description', 'title_description']"
长春南湖宾馆,['50192'],[],merged,1,0,[],,['50133'],[0.4693225026130676],['description']
长春南湖宾馆,['50192'],[],merged,3,1,['50192'],2.0,"['50133', '50192', '5671']","[0.4693225026130676, 0.4658418893814087, 0.42933374643325806]","['description', 'description', 'title_description']"
长沙南酒店,['50192'],[],merged,1,1,['50192'],1.0,['50192'],[0.5351856350898743],['description']
长沙南酒店,['50192'],[],merged,3,1,['50192'],1.0,"['50192', '50133', '47198']","[0.5351856350898743, 0.5328947901725769, 0.4681304693222046]","['description', 'description', 'description']"
阿城迎宾大酒店地址,['50192'],[],merged,1,0,[],,['47198'],[0.48582762479782104],['description']
阿城迎宾大酒店地址,['50192'],[],merged,3,1,['50192'],2.0,"['47198', '50192', '50133']","[0.48582762479782104, 0.4813880920410156, 0.47663140296936035]","['description', 'title_description', 'title_description']"
青城山民宿,['50192'],[],merged,1,0,[],,['5671'],[0.41369444131851196],['title_description']
青城山民宿,['50192'],[],merged,3,1,['50192'],3.0,"['5671', '47272', '50192']","[0.41369444131851196, 0.3709332048892975, 0.36925816535949707]","['title_description', 'title_description', 'title_description']"
青岛北站汉庭酒店,['50192'],[],merged,1,1,['50192'],1.0,['50192'],[0.4641144573688507],['description']
青岛北站汉庭酒店,['50192'],[],merged,3,1,['50192'],1.0,"['50192', '50133', '47198']","[0.4641144573688507, 0.4632634222507477, 0.4184070825576782]","['description', 'description', 'description']"
青岛美高梅酒店地址在哪里,['50192'],[],merged,1,0,[],,['47198'],[0.5110467076301575],['description']
青岛美高梅酒店地址在哪里,['50192'],[],merged,3,1,['50192'],3.0,"['47198', '5671', '50192']","[0.5110467076301575, 0.461597740650177, 0.45896536111831665]","['description', 'title_description', 'description']"
青岛金海大酒店,['50192'],[],merged,1,0,[],,['50133'],[0.47693222761154175],['description']
青岛金海大酒店,['50192'],[],merged,3,1,['50192'],2.0,"['50133', '50192', '5671']","[0.47693222761154175, 0.4535067081451416, 0.43699756264686584]","['description', 'title_description', 'title_description']"
青州杏花村附近住宿酒店,['50192'],[],merged,1,1,['50192'],1.0,['50192'],[0.42490828037261963],['description']
青州杏花村附近住宿酒店,['50192'],[],merged,3,1,['50192'],1.0,"['50192', '50133', '5671']","[0.42490828037261963, 0.3989403247833252, 0.35839301347732544]","['description', 'title_description', 'title_description']"
靖江南园宾馆,['50192'],[],merged,1,0,[],,['50133'],[0.445945680141449],['description']
靖江南园宾馆,['50192'],[],merged,3,1,['50192'],2.0,"['50133', '50192', '5671']","[0.445945680141449, 0.44017553329467773, 0.4388577342033386]","['description', 'description', 'title_description']"
鸿都酒店,['50192'],[],merged,1,1,['50192'],1.0,['50192'],[0.5383851528167725],['description']
鸿都酒店,['50192'],[],merged,3,1,['50192'],1.0,"['50192', '50133', '47272']","[0.5383851528167725, 0.5364876985549927, 0.4965500831604004]","['description', 'description', 'title_description']"
麻城新东方国际酒店,['50192'],[],merged,1,0,[],,['50133'],[0.4194244146347046],['description']
麻城新东方国际酒店,['50192'],[],merged,3,1,['50192'],2.0,"['50133', '50192', '5671']","[0.4194244146347046, 0.4035409390926361, 0.3885681629180908]","['description', 'title_description', 'title_description']"
七里河万寿宫酒店地址,['50192'],[],title_description,1,0,[],,['47272'],[0.4247099757194519],['title_description']
七里河万寿宫酒店地址,['50192'],[],title_description,3,1,['50192'],3.0,"['47272', '50133', '50192']","[0.4247099757194519, 0.4241160750389099, 0.41953253746032715]","['title_description', 'title_description', 'title_description']"
三亚湾酒店,['50192'],[],title_description,1,1,['50192'],1.0,['50192'],[0.47124922275543213],['title_description']
三亚湾酒店,['50192'],[],title_description,3,1,['50192'],1.0,"['50192', '50133', '5671']","[0.47124922275543213, 0.4684772491455078, 0.4510963261127472]","['title_description', 'title_description', 'title_description']"
上海亚朵酒店电话号码,['50192'],[],title_description,1,1,['50192'],1.0,['50192'],[0.5140647888183594],['title_description']
上海亚朵酒店电话号码,['50192'],[],title_description,3,1,['50192'],1.0,"['50192', '5012', '50133']","[0.5140647888183594, 0.4866359829902649, 0.4860972464084625]","['title_description', 'title_description', 'title_description']"
上海大酒店,['50192'],[],title_description,1,0,[],,['47272'],[0.47819483280181885],['title_description']
上海大酒店,['50192'],[],title_description,3,1,['50192'],3.0,"['47272', '47242', '50192']","[0.47819483280181885, 0.47386395931243896, 0.4727466404438019]","['title_description', 'title_description', 'title_description']"
上海如家酒店火车站店,['50192'],[],title_description,1,0,[],,['50133'],[0.44639211893081665],['title_description']
上海如家酒店火车站店,['50192'],[],title_description,3,1,['50192'],3.0,"['50133', '60872', '50192']","[0.44639211893081665, 0.4400768280029297, 0.4380989074707031]","['title_description', 'title_description', 'title_description']"
上海宾馆地址查询,['50192'],[],title_description,1,0,[],,['47242'],[0.5187630653381348],['title_description']
上海宾馆地址查询,['50192'],[],title_description,3,1,['50192'],3.0,"['47242', '50133', '50192']","[0.5187630653381348, 0.5143487453460693, 0.5068862438201904]","['title_description', 'title_description', 'title_description']"
上海徐家汇中心酒店,['50192'],[],title_description,1,0,[],,['50133'],[0.4866344928741455],['title_description']
上海徐家汇中心酒店,['50192'],[],title_description,3,1,['50192'],2.0,"['50133', '50192', '5671']","[0.4866344928741455, 0.4809742569923401, 0.4108703136444092]","['title_description', 'title_description', 'title_description']"
上海深坑酒店,['50192'],[],title_description,1,0,[],,['5671'],[0.4706103205680847],['title_description']
上海深坑酒店,['50192'],[],title_description,3,0,[],,"['5671', '47242', '47272']","[0.4706103205680847, 0.4518500566482544, 0.44606003165245056]","['title_description', 'title_description', 'title_description']"
上海茂悦大酒店,['50192'],[],title_description,1,0,[],,['50133'],[0.4737522602081299],['title_description']
上海茂悦大酒店,['50192'],[],title_description,3,1,['50192'],2.0,"['50133', '50192', '5671']","[0.4737522602081299, 0.4715694189071655, 0.4368947744369507]","['title_description', 'title_description', 'title_description']"
东戴河民宿多少钱一晚,['50192'],[],title_description,1,0,[],,['5671'],[0.36159878969192505],['title_description']
东戴河民宿多少钱一晚,['50192'],[],title_description,3,1,['50192'],2.0,"['5671', '50192', '50133']","[0.36159878969192505, 0.34325918555259705, 0.3432328701019287]","['title_description', 'title_description', 'title_description']"
临汾轻雅酒店在哪里啊,['50192'],[],title_description,1,0,[],,['50133'],[0.4909657835960388],['title_description']
临汾轻雅酒店在哪里啊,['50192'],[],title_description,3,1,['50192'],2.0,"['50133', '50192', '5671']","[0.4909657835960388, 0.49017494916915894, 0.4612773656845093]","['title_description', 'title_description', 'title_description']"
义乌锦都酒店,['50192'],[],title_description,1,1,['50192'],1.0,['50192'],[0.4394732713699341],['title_description']
义乌锦都酒店,['50192'],[],title_description,3,1,['50192'],1.0,"['50192', '50133', '5671']","[0.4394732713699341, 0.4259299635887146, 0.4080963730812073]","['title_description', 'title_description', 'title_description']"
乌兰察布大酒店,['50192'],[],title_description,1,1,['50192'],1.0,['50192'],[0.45583006739616394],['title_description']
乌兰察布大酒店,['50192'],[],title_description,3,1,['50192'],1.0,"['50192', '50133', '5671']","[0.45583006739616394, 0.45367443561553955, 0.42868703603744507]","['title_description', 'title_description', 'title_description']"
乌鲁木齐丝路天山酒店,['50192'],[],title_description,1,0,[],,['50133'],[0.47498878836631775],['title_description']
乌鲁木齐丝路天山酒店,['50192'],[],title_description,3,1,['50192'],2.0,"['50133', '50192', '5671']","[0.47498878836631775, 0.47163522243499756, 0.4663306772708893]","['title_description', 'title_description', 'title_description']"
乐清市国际大酒店地址,['50192'],[],title_description,1,0,[],,['50133'],[0.4842255115509033],['title_description']
乐清市国际大酒店地址,['50192'],[],title_description,3,1,['50192'],2.0,"['50133', '50192', '5671']","[0.4842255115509033, 0.4643007516860962, 0.45163047313690186]","['title_description', 'title_description', 'title_description']"
九州通衢大酒店位置,['50192'],[],title_description,1,0,[],,['47242'],[0.5038979053497314],['title_description']
九州通衢大酒店位置,['50192'],[],title_description,3,1,['50192'],3.0,"['47242', '50133', '50192']","[0.5038979053497314, 0.4743565022945404, 0.47411784529685974]","['title_description', 'title_description', 'title_description']"
云南锦华国际酒店,['50192'],[],title_description,1,0,[],,['50133'],[0.46171870827674866],['title_description']
云南锦华国际酒店,['50192'],[],title_description,3,1,['50192'],2.0,"['50133', '50192', '5671']","[0.46171870827674866, 0.46166232228279114, 0.4405525326728821]","['title_description', 'title_description', 'title_description']"
云安会都酒店电话号码,['50192'],[],title_description,1,0,[],,['50133'],[0.4715365171432495],['title_description']
云安会都酒店电话号码,['50192'],[],title_description,3,1,['50192'],2.0,"['50133', '50192', '5012']","[0.4715365171432495, 0.45440155267715454, 0.4433422088623047]","['title_description', 'title_description', 'title_description']"
云山海酒店,['50192'],[],title_description,1,0,[],,['5671'],[0.5110408067703247],['title_description']
云山海酒店,['50192'],[],title_description,3,1,['50192'],3.0,"['5671', '50133', '50192']","[0.5110408067703247, 0.5023080706596375, 0.49942445755004883]","['title_description', 'title_description', 'title_description']"
井陉江淮宾馆,['50192'],[],title_description,1,0,[],,['50133'],[0.42022544145584106],['title_description']
井陉江淮宾馆,['50192'],[],title_description,3,1,['50192'],2.0,"['50133', '50192', '5671']","[0.42022544145584106, 0.41374388337135315, 0.3801083564758301]","['title_description', 'title_description', 'title_description']"
伊春农家院住宿,['50192'],[],title_description,1,0,[],,['5671'],[0.3146582543849945],['title_description']
伊春农家院住宿,['50192'],[],title_description,3,1,['50192'],2.0,"['5671', '50192', '50133']","[0.3146582543849945, 0.2992381453514099, 0.29362013936042786]","['title_description', 'title_description', 'title_description']"
伴梅居民宿怎么样,['50192'],[],title_description,1,1,['50192'],1.0,['50192'],[0.47616326808929443],['title_description']
伴梅居民宿怎么样,['50192'],[],title_description,3,1,['50192'],1.0,"['50192', '5671', '47272']","[0.47616326808929443, 0.46015673875808716, 0.4392198622226715]","['title_description', 'title_description', 'title_description']"
住宿旅馆附近便宜点的,['50192'],[],title_description,1,1,['50192'],1.0,['50192'],[0.6355291604995728],['title_description']
住宿旅馆附近便宜点的,['50192'],[],title_description,3,1,['50192'],1.0,"['50192', '50133', '5671']","[0.6355291604995728, 0.5725262761116028, 0.5454665422439575]","['title_description', 'title_description', 'title_description']"
佳宜酒店电话,['50192'],[],title_description,1,0,[],,['50133'],[0.5938228368759155],['title_description']
佳宜酒店电话,['50192'],[],title_description,3,1,['50192'],2.0,"['50133', '50192', '5012']","[0.5938228368759155, 0.5680261850357056, 0.5210237503051758]","['title_description', 'title_description', 'title_description']"
全季酒店万达广场店,['50192'],[],title_description,1,0,[],,['50133'],[0.4732082486152649],['title_description']
全季酒店万达广场店,['50192'],[],title_description,3,1,['50192'],2.0,"['50133', '50192', '5671']","[0.4732082486152649, 0.4729907810688019, 0.41107484698295593]","['title_description', 'title_description', 'title_description']"
兰州温德姆酒店在哪里,['50192'],[],title_description,1,1,['50192'],1.0,['50192'],[0.5101333856582642],['title_description']
兰州温德姆酒店在哪里,['50192'],[],title_description,3,1,['50192'],1.0,"['50192', '62106', '50133']","[0.5101333856582642, 0.4893213212490082, 0.4888646602630615]","['title_description', 'title_description', 'title_description']"
兰陵县兰陵大酒店电话,['50192'],[],title_description,1,0,[],,['50133'],[0.3946806490421295],['title_description']
兰陵县兰陵大酒店电话,['50192'],[],title_description,3,1,['50192'],2.0,"['50133', '50192', '5012']","[0.3946806490421295, 0.39380940794944763, 0.3884052336215973]","['title_description', 'title_description', 'title_description']"
内丘有哪些避暑民宿,['50192'],[],title_description,1,0,[],,['5671'],[0.44036269187927246],['title_description']
内丘有哪些避暑民宿,['50192'],[],title_description,3,1,['50192'],2.0,"['5671', '50192', '62106']","[0.44036269187927246, 0.39757323265075684, 0.390752911567688]","['title_description', 'title_description', 'title_description']"
创通商务酒店,['50192'],[],title_description,1,1,['50192'],1.0,['50192'],[0.4721519947052002],['title_description']
创通商务酒店,['50192'],[],title_description,3,1,['50192'],1.0,"['50192', '50133', '5671']","[0.4721519947052002, 0.46694302558898926, 0.4327641725540161]","['title_description', 'title_description', 'title_description']"
加格达奇旅店,['50192'],[],title_description,1,0,[],,['5671'],[0.5096613764762878],['title_description']
加格达奇旅店,['50192'],[],title_description,3,0,[],,"['5671', '62106', '47242']","[0.5096613764762878, 0.487970232963562, 0.45461350679397583]","['title_description', 'title_description', 'title_description']"
北京国家会议中心大酒店,['50192'],[],title_description,1,0,[],,['50133'],[0.5261768102645874],['title_description']
北京国家会议中心大酒店,['50192'],[],title_description,3,1,['50192'],2.0,"['50133', '50192', '47242']","[0.5261768102645874, 0.5127792954444885, 0.45959609746932983]","['title_description', 'title_description', 'title_description']"
北京王府井酒店,['50192'],[],title_description,1,0,[],,['50133'],[0.5468012094497681],['title_description']
北京王府井酒店,['50192'],[],title_description,3,1,['50192'],2.0,"['50133', '50192', '47242']","[0.5468012094497681, 0.5237070918083191, 0.4685927629470825]","['title_description', 'title_description', 'title_description']"
北川维斯特温泉假日酒店,['50192'],[],title_description,1,1,['50192'],1.0,['50192'],[0.4733215570449829],['title_description']
北川维斯特温泉假日酒店,['50192'],[],title_description,3,1,['50192'],1.0,"['50192', '5671', '50133']","[0.4733215570449829, 0.45759376883506775, 0.43471425771713257]","['title_description', 'title_description', 'title_description']"
北戴河酒店,['50192'],[],title_description,1,1,['50192'],1.0,['50192'],[0.5200394988059998],['title_description']
北戴河酒店,['50192'],[],title_description,3,1,['50192'],1.0,"['50192', '50133', '5671']","[0.5200394988059998, 0.5101636052131653, 0.45481377840042114]","['title_description', 'title_description', 'title_description']"
千岛湖度假酒店,['50192'],[],title_description,1,0,[],,['5671'],[0.44565367698669434],['title_description']
千岛湖度假酒店,['50192'],[],title_description,3,1,['50192'],3.0,"['5671', '50133', '50192']","[0.44565367698669434, 0.4258632957935333, 0.4185090959072113]","['title_description', 'title_description', 'title_description']"
南京金禾酒店,['50192'],[],title_description,1,1,['50192'],1.0,['50192'],[0.504143476486206],['title_description']
南京金禾酒店,['50192'],[],title_description,3,1,['50192'],1.0,"['50192', '50133', '5671']","[0.504143476486206, 0.48749589920043945, 0.45718032121658325]","['title_description', 'title_description', 'title_description']"
南昆山温泉度假村,['50192'],[],title_description,1,0,[],,['5671'],[0.4601835012435913],['title_description']
南昆山温泉度假村,['50192'],[],title_description,3,0,[],,"['5671', '62106', '47242']","[0.4601835012435913, 0.411952406167984, 0.40766727924346924]","['title_description', 'title_description', 'title_description']"
南通北山大酒店档次怎么样,['50192'],[],title_description,1,1,['50192'],1.0,['50192'],[0.4918540120124817],['title_description']
南通北山大酒店档次怎么样,['50192'],[],title_description,3,1,['50192'],1.0,"['50192', '50133', '47272']","[0.4918540120124817, 0.4533669650554657, 0.4200342893600464]","['title_description', 'title_description', 'title_description']"
卢氏县民宿联系电话,['50192'],[],title_description,1,0,[],,['5671'],[0.4063029885292053],['title_description']
卢氏县民宿联系电话,['50192'],[],title_description,3,0,[],,"['5671', '47198', '5012']","[0.4063029885292053, 0.36857038736343384, 0.36783158779144287]","['title_description', 'title_description', 'title_description']"
吉安市茂盛大酒店价格表,['50192'],[],title_description,1,0,[],,['50133'],[0.436511754989624],['title_description']
吉安市茂盛大酒店价格表,['50192'],[],title_description,3,1,['50192'],2.0,"['50133', '50192', '5671']","[0.436511754989624, 0.43519842624664307, 0.39556121826171875]","['title_description', 'title_description', 'title_description']"
君璟阁酒店(成都欢乐谷店),['50192'],[],title_description,1,0,[],,['47272'],[0.443145215511322],['title_description']
君璟阁酒店(成都欢乐谷店),['50192'],[],title_description,3,1,['50192'],2.0,"['47272', '50192', '50133']","[0.443145215511322, 0.4421337842941284, 0.439339816570282]","['title_description', 'title_description', 'title_description']"
和顺酒店的价格是多少,['50192'],[],title_description,1,0,[],,['50133'],[0.5811222791671753],['title_description']
和顺酒店的价格是多少,['50192'],[],title_description,3,1,['50192'],2.0,"['50133', '50192', '5671']","[0.5811222791671753, 0.5653218030929565, 0.5087001919746399]","['title_description', 'title_description', 'title_description']"
哈尔滨万达嘉华酒店,['50192'],[],title_description,1,0,[],,['50133'],[0.47632575035095215],['title_description']
哈尔滨万达嘉华酒店,['50192'],[],title_description,3,1,['50192'],2.0,"['50133', '50192', '5671']","[0.47632575035095215, 0.4732787311077118, 0.4439612329006195]","['title_description', 'title_description', 'title_description']"
哈尔滨住宿价格一览表,['50192'],[],title_description,1,0,[],,['50133'],[0.5038528442382812],['title_description']
哈尔滨住宿价格一览表,['50192'],[],title_description,3,1,['50192'],2.0,"['50133', '50192', '5671']","[0.5038528442382812, 0.5004547238349915, 0.4329562783241272]","['title_description', 'title_description', 'title_description']"
哈尔滨豪滨酒店,['50192'],[],title_description,1,0,[],,['50133'],[0.47081977128982544],['title_description']
哈尔滨豪滨酒店,['50192'],[],title_description,3,1,['50192'],2.0,"['50133', '50192', '47272']","[0.47081977128982544, 0.4680505692958832, 0.39573103189468384]","['title_description', 'title_description', 'title_description']"
喔喔酒店电话,['50192'],[],title_description,1,0,[],,['50133'],[0.5374380350112915],['title_description']
喔喔酒店电话,['50192'],[],title_description,3,1,['50192'],2.0,"['50133', '50192', '47272']","[0.5374380350112915, 0.5101209878921509, 0.5000898241996765]","['title_description', 'title_description', 'title_description']"
嘉兴南湖宾馆地址在哪里,['50192'],[],title_description,1,0,[],,['5671'],[0.502560555934906],['title_description']
嘉兴南湖宾馆地址在哪里,['50192'],[],title_description,3,1,['50192'],2.0,"['5671', '50192', '47242']","[0.502560555934906, 0.4865906536579132, 0.48162350058555603]","['title_description', 'title_description', 'title_description']"
嘉兴开元森泊度假酒店,['50192'],[],title_description,1,0,[],,['5671'],[0.4940994381904602],['title_description']
嘉兴开元森泊度假酒店,['50192'],[],title_description,3,1,['50192'],2.0,"['5671', '50192', '50133']","[0.4940994381904602, 0.45001620054244995, 0.42841243743896484]","['title_description', 'title_description', 'title_description']"
在胶囊酒店,['50192'],[],title_description,1,1,['50192'],1.0,['50192'],[0.5083326697349548],['title_description']
在胶囊酒店,['50192'],[],title_description,3,1,['50192'],1.0,"['50192', '50133', '5671']","[0.5083326697349548, 0.4888770282268524, 0.4841550588607788]","['title_description', 'title_description', 'title_description']"
壶关仙居酒店,['50192'],[],title_description,1,0,[],,['50133'],[0.45236995816230774],['title_description']
壶关仙居酒店,['50192'],[],title_description,3,1,['50192'],2.0,"['50133', '50192', '5671']","[0.45236995816230774, 0.4412781298160553, 0.40611934661865234]","['title_description', 'title_description', 'title_description']"
天津悦榕庄酒店价格表,['50192'],[],title_description,1,0,[],,['50133'],[0.4906638264656067],['title_description']
天津悦榕庄酒店价格表,['50192'],[],title_description,3,1,['50192'],2.0,"['50133', '50192', '5671']","[0.4906638264656067, 0.45755326747894287, 0.43750905990600586]","['title_description', 'title_description', 'title_description']"
天津明湾公寓便宜住宿,['50192'],[],title_description,1,1,['50192'],1.0,['50192'],[0.4344593286514282],['title_description']
天津明湾公寓便宜住宿,['50192'],[],title_description,3,1,['50192'],1.0,"['50192', '5671', '50133']","[0.4344593286514282, 0.42718374729156494, 0.4128875136375427]","['title_description', 'title_description', 'title_description']"
天津津湾酒店,['50192'],[],title_description,1,0,[],,['50133'],[0.48232346773147583],['title_description']
天津津湾酒店,['50192'],[],title_description,3,1,['50192'],3.0,"['50133', '5671', '50192']","[0.48232346773147583, 0.4668552279472351, 0.4600023627281189]","['title_description', 'title_description', 'title_description']"
太白山温泉度假酒店,['50192'],[],title_description,1,0,[],,['5671'],[0.45300179719924927],['title_description']
太白山温泉度假酒店,['50192'],[],title_description,3,1,['50192'],2.0,"['5671', '50192', '50133']","[0.45300179719924927, 0.4475753903388977, 0.42288023233413696]","['title_description', 'title_description', 'title_description']"
宁国月澜湾度假酒店价格表,['50192'],[],title_description,1,1,['50192'],1.0,['50192'],[0.465656042098999],['title_description']
宁国月澜湾度假酒店价格表,['50192'],[],title_description,3,1,['50192'],1.0,"['50192', '5671', '50133']","[0.465656042098999, 0.4544629752635956, 0.45324721932411194]","['title_description', 'title_description', 'title_description']"
宁城汉庭酒店电话号码多少,['50192'],[],title_description,1,0,[],,['50133'],[0.5104553699493408],['title_description']
宁城汉庭酒店电话号码多少,['50192'],[],title_description,3,1,['50192'],2.0,"['50133', '50192', '5012']","[0.5104553699493408, 0.5085151791572571, 0.4936034381389618]","['title_description', 'title_description', 'title_description']"
宜宾竹韵里酒店,['50192'],[],title_description,1,0,[],,['47272'],[0.4092877507209778],['title_description']
宜宾竹韵里酒店,['50192'],[],title_description,3,1,['50192'],2.0,"['47272', '50192', '5671']","[0.4092877507209778, 0.40709665417671204, 0.3930923342704773]","['title_description', 'title_description', 'title_description']"
宾馆前台电话,['50192'],[],title_description,1,0,[],,['50133'],[0.5407813787460327],['title_description']
宾馆前台电话,['50192'],[],title_description,3,1,['50192'],2.0,"['50133', '50192', '5671']","[0.5407813787460327, 0.536064624786377, 0.5348321199417114]","['title_description', 'title_description', 'title_description']"
寻甸温泉酒店价格表,['50192'],[],title_description,1,1,['50192'],1.0,['50192'],[0.45842328667640686],['title_description']
寻甸温泉酒店价格表,['50192'],[],title_description,3,1,['50192'],1.0,"['50192', '50133', '5671']","[0.45842328667640686, 0.45387667417526245, 0.4237281084060669]","['title_description', 'title_description', 'title_description']"
射洪维也纳酒店地址,['50192'],[],title_description,1,0,[],,['47272'],[0.4673874080181122],['title_description']
射洪维也纳酒店地址,['50192'],[],title_description,3,1,['50192'],3.0,"['47272', '50133', '50192']","[0.4673874080181122, 0.46060532331466675, 0.455707848072052]","['title_description', 'title_description', 'title_description']"
山西大同晋河大酒店,['50192'],[],title_description,1,0,[],,['50133'],[0.4667496979236603],['title_description']
山西大同晋河大酒店,['50192'],[],title_description,3,1,['50192'],2.0,"['50133', '50192', '5671']","[0.4667496979236603, 0.45946046710014343, 0.4135936498641968]","['title_description', 'title_description', 'title_description']"
崇礼万怡酒店,['50192'],[],title_description,1,1,['50192'],1.0,['50192'],[0.4637950658798218],['title_description']
崇礼万怡酒店,['50192'],[],title_description,3,1,['50192'],1.0,"['50192', '50133', '5671']","[0.4637950658798218, 0.46133244037628174, 0.45462989807128906]","['title_description', 'title_description', 'title_description']"
广州珠江新城酒店,['50192'],[],title_description,1,0,[],,['50133'],[0.4902990162372589],['title_description']
广州珠江新城酒店,['50192'],[],title_description,3,1,['50192'],2.0,"['50133', '50192', '5671']","[0.4902990162372589, 0.4849795699119568, 0.4441729485988617]","['title_description', 'title_description', 'title_description']"
广州黄埔君澜酒店简介,['50192'],[],title_description,1,0,[],,['50133'],[0.467943400144577],['title_description']
广州黄埔君澜酒店简介,['50192'],[],title_description,3,1,['50192'],2.0,"['50133', '50192', '5671']","[0.467943400144577, 0.4520077705383301, 0.435878187417984]","['title_description', 'title_description', 'title_description']"
庆云大酒店位置,['50192'],[],title_description,1,1,['50192'],1.0,['50192'],[0.48352038860321045],['title_description']
庆云大酒店位置,['50192'],[],title_description,3,1,['50192'],1.0,"['50192', '5671', '50133']","[0.48352038860321045, 0.4824111759662628, 0.4784809947013855]","['title_description', 'title_description', 'title_description']"
建国饭店,['50192'],[],title_description,1,0,[],,['47272'],[0.5056398510932922],['title_description']
建国饭店,['50192'],[],title_description,3,0,[],,"['47272', '47242', '5671']","[0.5056398510932922, 0.4786551296710968, 0.468891441822052]","['title_description', 'title_description', 'title_description']"
恩平锦江温泉度假村酒店,['50192'],[],title_description,1,0,[],,['50133'],[0.40879467129707336],['title_description']
恩平锦江温泉度假村酒店,['50192'],[],title_description,3,1,['50192'],3.0,"['50133', '5671', '50192']","[0.40879467129707336, 0.4050767719745636, 0.3957732915878296]","['title_description', 'title_description', 'title_description']"
惠东后海湾酒店,['50192'],[],title_description,1,1,['50192'],1.0,['50192'],[0.475420743227005],['title_description']
惠东后海湾酒店,['50192'],[],title_description,3,1,['50192'],1.0,"['50192', '50133', '5671']","[0.475420743227005, 0.46822643280029297, 0.429756760597229]","['title_description', 'title_description', 'title_description']"
成都天府国际大酒店,['50192'],[],title_description,1,0,[],,['47272'],[0.4780194163322449],['title_description']
成都天府国际大酒店,['50192'],[],title_description,3,1,['50192'],3.0,"['47272', '50133', '50192']","[0.4780194163322449, 0.46867287158966064, 0.4548957049846649]","['title_description', 'title_description', 'title_description']"
拉萨雪莲宾馆,['50192'],[],title_description,1,0,[],,['5671'],[0.4786286950111389],['title_description']
拉萨雪莲宾馆,['50192'],[],title_description,3,1,['50192'],2.0,"['5671', '50192', '50133']","[0.4786286950111389, 0.4653526842594147, 0.46156778931617737]","['title_description', 'title_description', 'title_description']"
文登维也纳酒店,['50192'],[],title_description,1,1,['50192'],1.0,['50192'],[0.4073229432106018],['title_description']
文登维也纳酒店,['50192'],[],title_description,3,1,['50192'],1.0,"['50192', '50133', '5671']","[0.4073229432106018, 0.4027872383594513, 0.3726758360862732]","['title_description', 'title_description', 'title_description']"
新豪酒店,['50192'],[],title_description,1,1,['50192'],1.0,['50192'],[0.5718495845794678],['title_description']
新豪酒店,['50192'],[],title_description,3,1,['50192'],1.0,"['50192', '50133', '47272']","[0.5718495845794678, 0.5634703636169434, 0.5371661186218262]","['title_description', 'title_description', 'title_description']"
昆明何日君温泉酒店的电话,['50192'],[],title_description,1,0,[],,['50133'],[0.47094061970710754],['title_description']
昆明何日君温泉酒店的电话,['50192'],[],title_description,3,1,['50192'],2.0,"['50133', '50192', '5671']","[0.47094061970710754, 0.46009159088134766, 0.4350544810295105]","['title_description', 'title_description', 'title_description']"
晟舍民宿,['50192'],[],title_description,1,1,['50192'],1.0,['50192'],[0.4269362688064575],['title_description']
晟舍民宿,['50192'],[],title_description,3,1,['50192'],1.0,"['50192', '50133', '47272']","[0.4269362688064575, 0.4229423999786377, 0.40431278944015503]","['title_description', 'title_description', 'title_description']"
普洱朝圣酒店,['50192'],[],title_description,1,0,[],,['5671'],[0.4668412506580353],['title_description']
普洱朝圣酒店,['50192'],[],title_description,3,1,['50192'],2.0,"['5671', '50192', '50133']","[0.4668412506580353, 0.465832382440567, 0.4649339020252228]","['title_description', 'title_description', 'title_description']"
智慧酒店,['50192'],[],title_description,1,1,['50192'],1.0,['50192'],[0.5926645994186401],['title_description']
智慧酒店,['50192'],[],title_description,3,1,['50192'],1.0,"['50192', '50133', '47242']","[0.5926645994186401, 0.5926468372344971, 0.5592879056930542]","['title_description', 'title_description', 'title_description']"
月亮湾酒店,['50192'],[],title_description,1,0,[],,['5671'],[0.4631574749946594],['title_description']
月亮湾酒店,['50192'],[],title_description,3,1,['50192'],3.0,"['5671', '47272', '50192']","[0.4631574749946594, 0.44135043025016785, 0.4397066831588745]","['title_description', 'title_description', 'title_description']"
杭州卡德姆国际酒店怎么样,['50192'],[],title_description,1,1,['50192'],1.0,['50192'],[0.5057573914527893],['title_description']
杭州卡德姆国际酒店怎么样,['50192'],[],title_description,3,1,['50192'],1.0,"['50192', '50133', '61111']","[0.5057573914527893, 0.4917769432067871, 0.4786875247955322]","['title_description', 'title_description', 'title_description']"
枫禾酒店,['50192'],[],title_description,1,1,['50192'],1.0,['50192'],[0.5078582763671875],['title_description']
枫禾酒店,['50192'],[],title_description,3,1,['50192'],1.0,"['50192', '50133', '5671']","[0.5078582763671875, 0.4942798912525177, 0.46579375863075256]","['title_description', 'title_description', 'title_description']"
栖云酒店,['50192'],[],title_description,1,1,['50192'],1.0,['50192'],[0.5056535005569458],['title_description']
栖云酒店,['50192'],[],title_description,3,1,['50192'],1.0,"['50192', '50133', '5671']","[0.5056535005569458, 0.5002471804618835, 0.4990231990814209]","['title_description', 'title_description', 'title_description']"
根酒店在哪里,['50192'],[],title_description,1,1,['50192'],1.0,['50192'],[0.5948386192321777],['title_description']
根酒店在哪里,['50192'],[],title_description,3,1,['50192'],1.0,"['50192', '50133', '47242']","[0.5948386192321777, 0.5917462110519409, 0.5755569934844971]","['title_description', 'title_description', 'title_description']"
桂东县避暑民宿,['50192'],[],title_description,1,0,[],,['5671'],[0.3975166082382202],['title_description']
桂东县避暑民宿,['50192'],[],title_description,3,1,['50192'],3.0,"['5671', '62106', '50192']","[0.3975166082382202, 0.37084558606147766, 0.34992551803588867]","['title_description', 'title_description', 'title_description']"
武汉九州通衢大酒店,['50192'],[],title_description,1,0,[],,['50133'],[0.47293519973754883],['title_description']
武汉九州通衢大酒店,['50192'],[],title_description,3,1,['50192'],2.0,"['50133', '50192', '5671']","[0.47293519973754883, 0.4615578055381775, 0.4439227283000946]","['title_description', 'title_description', 'title_description']"
武汉金贵源洲际酒店简介,['50192'],[],title_description,1,0,[],,['50133'],[0.5299736857414246],['title_description']
武汉金贵源洲际酒店简介,['50192'],[],title_description,3,1,['50192'],2.0,"['50133', '50192', '5671']","[0.5299736857414246, 0.5073797106742859, 0.45788246393203735]","['title_description', 'title_description', 'title_description']"
汕头国际大酒店,['50192'],[],title_description,1,0,[],,['50133'],[0.4623572826385498],['title_description']
汕头国际大酒店,['50192'],[],title_description,3,1,['50192'],3.0,"['50133', '5671', '50192']","[0.4623572826385498, 0.45743638277053833, 0.44881951808929443]","['title_description', 'title_description', 'title_description']"
沈阳华府酒店,['50192'],[],title_description,1,0,[],,['50133'],[0.46746665239334106],['title_description']
沈阳华府酒店,['50192'],[],title_description,3,1,['50192'],2.0,"['50133', '50192', '5671']","[0.46746665239334106, 0.466993510723114, 0.41976404190063477]","['title_description', 'title_description', 'title_description']"
沩山民宿价格一览表,['50192'],[],title_description,1,0,[],,['5671'],[0.4927447438240051],['title_description']
沩山民宿价格一览表,['50192'],[],title_description,3,0,[],,"['5671', '47272', '50133']","[0.4927447438240051, 0.43756425380706787, 0.43250396847724915]","['title_description', 'title_description', 'title_description']"
泉州酒店电话,['50192'],[],title_description,1,0,[],,['50133'],[0.47964367270469666],['title_description']
泉州酒店电话,['50192'],[],title_description,3,1,['50192'],2.0,"['50133', '50192', '5671']","[0.47964367270469666, 0.46055129170417786, 0.4297889471054077]","['title_description', 'title_description', 'title_description']"
洛川鸿福智能酒店电话,['50192'],[],title_description,1,1,['50192'],1.0,['50192'],[0.5147464871406555],['title_description']
洛川鸿福智能酒店电话,['50192'],[],title_description,3,1,['50192'],1.0,"['50192', '50133', '47272']","[0.5147464871406555, 0.5015028715133667, 0.4650634527206421]","['title_description', 'title_description', 'title_description']"
洛阳白云山大酒店的价位,['50192'],[],title_description,1,1,['50192'],1.0,['50192'],[0.5671080946922302],['title_description']
洛阳白云山大酒店的价位,['50192'],[],title_description,3,1,['50192'],1.0,"['50192', '5671', '50133']","[0.5671080946922302, 0.5429335832595825, 0.5336699485778809]","['title_description', 'title_description', 'title_description']"
淄博惟石山居民宿,['50192'],[],title_description,1,0,[],,['5671'],[0.3870408236980438],['title_description']
淄博惟石山居民宿,['50192'],[],title_description,3,1,['50192'],2.0,"['5671', '50192', '47272']","[0.3870408236980438, 0.358423113822937, 0.3526950776576996]","['title_description', 'title_description', 'title_description']"
湖滨国际大酒店,['50192'],[],title_description,1,1,['50192'],1.0,['50192'],[0.5300283432006836],['title_description']
湖滨国际大酒店,['50192'],[],title_description,3,1,['50192'],1.0,"['50192', '50133', '5671']","[0.5300283432006836, 0.5127348899841309, 0.5065491199493408]","['title_description', 'title_description', 'title_description']"
湛江海洋国际酒店,['50192'],[],title_description,1,0,[],,['47272'],[0.45712631940841675],['title_description']
湛江海洋国际酒店,['50192'],[],title_description,3,0,[],,"['47272', '50133', '5671']","[0.45712631940841675, 0.4420885741710663, 0.4284731447696686]","['title_description', 'title_description', 'title_description']"
溧阳涵田度假村酒店,['50192'],[],title_description,1,0,[],,['5671'],[0.442070871591568],['title_description']
溧阳涵田度假村酒店,['50192'],[],title_description,3,1,['50192'],2.0,"['5671', '50192', '50133']","[0.442070871591568, 0.43880170583724976, 0.43120241165161133]","['title_description', 'title_description', 'title_description']"
甘肃省永靖县馨海源酒店电话,['50192'],[],title_description,1,0,[],,['50133'],[0.4539792537689209],['title_description']
甘肃省永靖县馨海源酒店电话,['50192'],[],title_description,3,1,['50192'],3.0,"['50133', '5012', '50192']","[0.4539792537689209, 0.4214656352996826, 0.4202897548675537]","['title_description', 'title_description', 'title_description']"
石家庄恒佑酒店,['50192'],[],title_description,1,1,['50192'],1.0,['50192'],[0.47249510884284973],['title_description']
石家庄恒佑酒店,['50192'],[],title_description,3,1,['50192'],1.0,"['50192', '50133', '47272']","[0.47249510884284973, 0.46687382459640503, 0.42330697178840637]","['title_description', 'title_description', 'title_description']"
禅泉温泉度假村,['50192'],[],title_description,1,0,[],,['5671'],[0.5087264776229858],['title_description']
禅泉温泉度假村,['50192'],[],title_description,3,0,[],,"['5671', '62106', '62306']","[0.5087264776229858, 0.437160849571228, 0.4283366799354553]","['title_description', 'title_description', 'title_description']"
福州闽台大酒店,['50192'],[],title_description,1,1,['50192'],1.0,['50192'],[0.476959764957428],['title_description']
福州闽台大酒店,['50192'],[],title_description,3,1,['50192'],1.0,"['50192', '50133', '5671']","[0.476959764957428, 0.474399209022522, 0.44196072220802307]","['title_description', 'title_description', 'title_description']"
福鼎龙安豪庭民宿电话,['50192'],[],title_description,1,0,[],,['50133'],[0.3687390983104706],['title_description']
福鼎龙安豪庭民宿电话,['50192'],[],title_description,3,1,['50192'],2.0,"['50133', '50192', '47272']","[0.3687390983104706, 0.3664310574531555, 0.359127402305603]","['title_description', 'title_description', 'title_description']"
禾木民宿,['50192'],[],title_description,1,0,[],,['5671'],[0.4784846007823944],['title_description']
禾木民宿,['50192'],[],title_description,3,0,[],,"['5671', '47272', '62106']","[0.4784846007823944, 0.4408593773841858, 0.4345870018005371]","['title_description', 'title_description', 'title_description']"
缘遇宾馆,['50192'],[],title_description,1,1,['50192'],1.0,['50192'],[0.4614199697971344],['title_description']
缘遇宾馆,['50192'],[],title_description,3,1,['50192'],1.0,"['50192', '5671', '50133']","[0.4614199697971344, 0.43524545431137085, 0.4273355007171631]","['title_description', 'title_description', 'title_description']"
罗兰酒店,['50192'],[],title_description,1,0,[],,['50133'],[0.5670732259750366],['title_description']
罗兰酒店,['50192'],[],title_description,3,1,['50192'],2.0,"['50133', '50192', '5671']","[0.5670732259750366, 0.5662739276885986, 0.5482958555221558]","['title_description', 'title_description', 'title_description']"
美豪,['50192'],[],title_description,1,0,[],,['5881'],[0.527563214302063],['title_description']
美豪,['50192'],[],title_description,3,0,[],,"['5881', '47272', '60977']","[0.527563214302063, 0.515442430973053, 0.497734010219574]","['title_description', 'title_description', 'title_description']"
美豪丽致酒店开封万岁山店,['50192'],[],title_description,1,0,[],,['50133'],[0.40959227085113525],['title_description']
美豪丽致酒店开封万岁山店,['50192'],[],title_description,3,1,['50192'],2.0,"['50133', '50192', '5671']","[0.40959227085113525, 0.4023129343986511, 0.38898247480392456]","['title_description', 'title_description', 'title_description']"
聚鑫宾馆,['50192'],[],title_description,1,1,['50192'],1.0,['50192'],[0.5334204435348511],['title_description']
聚鑫宾馆,['50192'],[],title_description,3,1,['50192'],1.0,"['50192', '50133', '5671']","[0.5334204435348511, 0.524760365486145, 0.5140966176986694]","['title_description', 'title_description', 'title_description']"
苍南希尔顿逸林酒店,['50192'],[],title_description,1,1,['50192'],1.0,['50192'],[0.45076167583465576],['title_description']
苍南希尔顿逸林酒店,['50192'],[],title_description,3,1,['50192'],1.0,"['50192', '50133', '5671']","[0.45076167583465576, 0.44430118799209595, 0.3975178599357605]","['title_description', 'title_description', 'title_description']"
苏州宝带桥国际大酒店,['50192'],[],title_description,1,1,['50192'],1.0,['50192'],[0.4731093943119049],['title_description']
苏州宝带桥国际大酒店,['50192'],[],title_description,3,1,['50192'],1.0,"['50192', '50133', '5671']","[0.4731093943119049, 0.4700416624546051, 0.4488787353038788]","['title_description', 'title_description', 'title_description']"
茶卡晚枫酒店,['50192'],[],title_description,1,0,[],,['5671'],[0.4734513759613037],['title_description']
茶卡晚枫酒店,['50192'],[],title_description,3,1,['50192'],2.0,"['5671', '50192', '50133']","[0.4734513759613037, 0.4315635561943054, 0.4304198920726776]","['title_description', 'title_description', 'title_description']"
蓟县农家院,['50192'],[],title_description,1,0,[],,['5671'],[0.3884522318840027],['title_description']
蓟县农家院,['50192'],[],title_description,3,0,[],,"['5671', '60874', '47242']","[0.3884522318840027, 0.35317349433898926, 0.350922167301178]","['title_description', 'title_description', 'title_description']"
西塘宾馆,['50192'],[],title_description,1,0,[],,['5671'],[0.49100130796432495],['title_description']
西塘宾馆,['50192'],[],title_description,3,1,['50192'],3.0,"['5671', '50133', '50192']","[0.49100130796432495, 0.4803471565246582, 0.47773486375808716]","['title_description', 'title_description', 'title_description']"
西安秦都酒店,['50192'],[],title_description,1,1,['50192'],1.0,['50192'],[0.5157657265663147],['title_description']
西安秦都酒店,['50192'],[],title_description,3,1,['50192'],1.0,"['50192', '50133', '5671']","[0.5157657265663147, 0.5042016506195068, 0.42805391550064087]","['title_description', 'title_description', 'title_description']"
西岭雪山枫叶酒店怎么样,['50192'],[],title_description,1,1,['50192'],1.0,['50192'],[0.4495241641998291],['title_description']
西岭雪山枫叶酒店怎么样,['50192'],[],title_description,3,1,['50192'],1.0,"['50192', '50133', '5671']","[0.4495241641998291, 0.4490644335746765, 0.42427173256874084]","['title_description', 'title_description', 'title_description']"
象山喜来登度假酒店,['50192'],[],title_description,1,0,[],,['5671'],[0.45888739824295044],['title_description']
象山喜来登度假酒店,['50192'],[],title_description,3,1,['50192'],2.0,"['5671', '50192', '50133']","[0.45888739824295044, 0.4414498209953308, 0.43425077199935913]","['title_description', 'title_description', 'title_description']"
贵州六盘水民宿包吃住,['50192'],[],title_description,1,0,[],,['47272'],[0.3694104552268982],['title_description']
贵州六盘水民宿包吃住,['50192'],[],title_description,3,1,['50192'],3.0,"['47272', '5671', '50192']","[0.3694104552268982, 0.3543255925178528, 0.3361465036869049]","['title_description', 'title_description', 'title_description']"
贵阳旅社的住宿价格,['50192'],[],title_description,1,0,[],,['5671'],[0.5627442598342896],['title_description']
贵阳旅社的住宿价格,['50192'],[],title_description,3,1,['50192'],3.0,"['5671', '50133', '50192']","[0.5627442598342896, 0.5537091493606567, 0.5528299808502197]","['title_description', 'title_description', 'title_description']"
资阳博雅弥盛酒店住宿价格,['50192'],[],title_description,1,0,[],,['50133'],[0.5731799006462097],['title_description']
资阳博雅弥盛酒店住宿价格,['50192'],[],title_description,3,1,['50192'],2.0,"['50133', '50192', '5671']","[0.5731799006462097, 0.5607789158821106, 0.514176607131958]","['title_description', 'title_description', 'title_description']"
遂宁万豪酒店,['50192'],[],title_description,1,0,[],,['47272'],[0.4717894196510315],['title_description']
遂宁万豪酒店,['50192'],[],title_description,3,1,['50192'],3.0,"['47272', '50133', '50192']","[0.4717894196510315, 0.4627816081047058, 0.4532180428504944]","['title_description', 'title_description', 'title_description']"
郧阳国际大酒店地址,['50192'],[],title_description,1,1,['50192'],1.0,['50192'],[0.4893225431442261],['title_description']
郧阳国际大酒店地址,['50192'],[],title_description,3,1,['50192'],1.0,"['50192', '50133', '47242']","[0.4893225431442261, 0.4763454794883728, 0.46675413846969604]","['title_description', 'title_description', 'title_description']"
都江堰宾馆,['50192'],[],title_description,1,0,[],,['50133'],[0.4941405653953552],['title_description']
都江堰宾馆,['50192'],[],title_description,3,1,['50192'],2.0,"['50133', '50192', '5671']","[0.4941405653953552, 0.4914926290512085, 0.4899379014968872]","['title_description', 'title_description', 'title_description']"
重庆酒店住宿,['50192'],[],title_description,1,1,['50192'],1.0,['50192'],[0.46578872203826904],['title_description']
重庆酒店住宿,['50192'],[],title_description,3,1,['50192'],1.0,"['50192', '50133', '5671']","[0.46578872203826904, 0.4581531584262848, 0.4158584475517273]","['title_description', 'title_description', 'title_description']"
重庆金佛山酒店,['50192'],[],title_description,1,0,[],,['50133'],[0.4512200653553009],['title_description']
重庆金佛山酒店,['50192'],[],title_description,3,1,['50192'],3.0,"['50133', '5671', '50192']","[0.4512200653553009, 0.44284170866012573, 0.44019463658332825]","['title_description', 'title_description', 'title_description']"
金和大酒店,['50192'],[],title_description,1,0,[],,['50133'],[0.545717716217041],['title_description']
金和大酒店,['50192'],[],title_description,3,1,['50192'],2.0,"['50133', '50192', '47272']","[0.545717716217041, 0.5434128642082214, 0.53236985206604]","['title_description', 'title_description', 'title_description']"
长春南湖宾馆,['50192'],[],title_description,1,1,['50192'],1.0,['50192'],[0.462171733379364],['title_description']
长春南湖宾馆,['50192'],[],title_description,3,1,['50192'],1.0,"['50192', '50133', '5671']","[0.462171733379364, 0.44438982009887695, 0.42933374643325806]","['title_description', 'title_description', 'title_description']"
长沙南酒店,['50192'],[],title_description,1,1,['50192'],1.0,['50192'],[0.5160905122756958],['title_description']
长沙南酒店,['50192'],[],title_description,3,1,['50192'],1.0,"['50192', '50133', '5671']","[0.5160905122756958, 0.5032739639282227, 0.4642896056175232]","['title_description', 'title_description', 'title_description']"
阿城迎宾大酒店地址,['50192'],[],title_description,1,1,['50192'],1.0,['50192'],[0.4813880920410156],['title_description']
阿城迎宾大酒店地址,['50192'],[],title_description,3,1,['50192'],1.0,"['50192', '50133', '5671']","[0.4813880920410156, 0.47663140296936035, 0.45756760239601135]","['title_description', 'title_description', 'title_description']"
青城山民宿,['50192'],[],title_description,1,0,[],,['5671'],[0.41369444131851196],['title_description']
青城山民宿,['50192'],[],title_description,3,1,['50192'],3.0,"['5671', '47272', '50192']","[0.41369444131851196, 0.3709332048892975, 0.36925816535949707]","['title_description', 'title_description', 'title_description']"
青岛北站汉庭酒店,['50192'],[],title_description,1,1,['50192'],1.0,['50192'],[0.4544515907764435],['title_description']
青岛北站汉庭酒店,['50192'],[],title_description,3,1,['50192'],1.0,"['50192', '50133', '60872']","[0.4544515907764435, 0.4421056807041168, 0.41573280096054077]","['title_description', 'title_description', 'title_description']"
青岛美高梅酒店地址在哪里,['50192'],[],title_description,1,0,[],,['5671'],[0.461597740650177],['title_description']
青岛美高梅酒店地址在哪里,['50192'],[],title_description,3,0,[],,"['5671', '50133', '47198']","[0.461597740650177, 0.45889127254486084, 0.45849889516830444]","['title_description', 'title_description', 'title_description']"
青岛金海大酒店,['50192'],[],title_description,1,0,[],,['50133'],[0.4766019582748413],['title_description']
青岛金海大酒店,['50192'],[],title_description,3,1,['50192'],2.0,"['50133', '50192', '5671']","[0.4766019582748413, 0.4535067081451416, 0.43699756264686584]","['title_description', 'title_description', 'title_description']"
青州杏花村附近住宿酒店,['50192'],[],title_description,1,1,['50192'],1.0,['50192'],[0.42333483695983887],['title_description']
青州杏花村附近住宿酒店,['50192'],[],title_description,3,1,['50192'],1.0,"['50192', '50133', '5671']","[0.42333483695983887, 0.3989403247833252, 0.35839301347732544]","['title_description', 'title_description', 'title_description']"
靖江南园宾馆,['50192'],[],title_description,1,0,[],,['5671'],[0.4388577342033386],['title_description']
靖江南园宾馆,['50192'],[],title_description,3,1,['50192'],2.0,"['5671', '50192', '50133']","[0.4388577342033386, 0.42535096406936646, 0.4126364290714264]","['title_description', 'title_description', 'title_description']"
鸿都酒店,['50192'],[],title_description,1,1,['50192'],1.0,['50192'],[0.5355809926986694],['title_description']
鸿都酒店,['50192'],[],title_description,3,1,['50192'],1.0,"['50192', '50133', '47272']","[0.5355809926986694, 0.5205338001251221, 0.4965500831604004]","['title_description', 'title_description', 'title_description']"
麻城新东方国际酒店,['50192'],[],title_description,1,0,[],,['50133'],[0.41032087802886963],['title_description']
麻城新东方国际酒店,['50192'],[],title_description,3,1,['50192'],2.0,"['50133', '50192', '5671']","[0.41032087802886963, 0.4035409390926361, 0.3885681629180908]","['title_description', 'title_description', 'title_description']"
