query,gold_ids,missing_gold_ids,view,k,pass_at_k,hit_ids,first_hit_rank,recall_ids,recall_scores,recall_views
一亩良品,['51457'],[],description,1,0,[],,['5544'],[0.3835775852203369],['description']
一亩良品,['51457'],[],description,3,0,[],,"['5544', '60977', '47272']","[0.3835775852203369, 0.3810536861419678, 0.37345364689826965]","['description', 'description', 'description']"
上海宝冶最新中标项目,['51457'],[],description,1,0,[],,['47242'],[0.4182285964488983],['description']
上海宝冶最新中标项目,['51457'],[],description,3,1,['51457'],3.0,"['47242', '47198', '51457']","[0.4182285964488983, 0.4011773467063904, 0.40036267042160034]","['description', 'description', 'description']"
上海科湃腾科技有限公司,['51457'],[],description,1,0,[],,['28128'],[0.5020151138305664],['description']
上海科湃腾科技有限公司,['51457'],[],description,3,0,[],,"['28128', '50731', '28126']","[0.5020151138305664, 0.5020151138305664, 0.5020151138305664]","['description', 'description', 'description']"
上海静安,['51457'],[],description,1,0,[],,['5012'],[0.5217041373252869],['description']
上海静安,['51457'],[],description,3,0,[],,"['5012', '47198', '47242']","[0.5217041373252869, 0.5196037292480469, 0.5062817335128784]","['description', 'description', 'description']"
东方电子最新消息,['51457'],[],description,1,0,[],,['5432'],[0.500179648399353],['description']
东方电子最新消息,['51457'],[],description,3,0,[],,"['5432', '50709', '50926']","[0.500179648399353, 0.4740125238895416, 0.47110724449157715]","['description', 'description', 'description']"
东莞华信达科技有限公司,['51457'],[],description,1,1,['51457'],1.0,['51457'],[0.47926098108291626],['description']
东莞华信达科技有限公司,['51457'],[],description,3,1,['51457'],1.0,"['51457', '28128', '28126']","[0.47926098108291626, 0.4708636403083801, 0.4708636403083801]","['description', 'description', 'description']"
中卫绿云投资有限公司,['51457'],[],description,1,1,['51457'],1.0,['51457'],[0.45784327387809753],['description']
中卫绿云投资有限公司,['51457'],[],description,3,1,['51457'],1.0,"['51457', '28128', '28126']","[0.45784327387809753, 0.44723784923553467, 0.44723784923553467]","['description', 'description', 'description']"
中核新能源,['51457'],[],description,1,0,[],,['5432'],[0.4778521656990051],['description']
中核新能源,['51457'],[],description,3,0,[],,"['5432', '50161', '50709']","[0.4778521656990051, 0.47231337428092957, 0.468672513961792]","['description', 'description', 'description']"
中通物流查询,['51457'],[],description,1,0,[],,['47198'],[0.5706223249435425],['description']
中通物流查询,['51457'],[],description,3,0,[],,"['47198', '47272', '51377']","[0.5706223249435425, 0.5173174142837524, 0.49978047609329224]","['description', 'description', 'description']"
临沂旭坤玻璃制品有限公司,['51457'],[],description,1,0,[],,['5359'],[0.37497618794441223],['description']
临沂旭坤玻璃制品有限公司,['51457'],[],description,3,0,[],,"['5359', '5881', '5103']","[0.37497618794441223, 0.35058683156967163, 0.3465091586112976]","['description', 'description', 'description']"
九丰能源最新消息,['51457'],[],description,1,0,[],,['5432'],[0.47449439764022827],['description']
九丰能源最新消息,['51457'],[],description,3,0,[],,"['5432', '50926', '51088']","[0.47449439764022827, 0.45542895793914795, 0.4437183737754822]","['description', 'description', 'description']"
九九幺,['51457'],[],description,1,0,[],,['47198'],[0.527071475982666],['description']
九九幺,['51457'],[],description,3,0,[],,"['47198', '51323', '51377']","[0.527071475982666, 0.5131354928016663, 0.5123496055603027]","['description', 'description', 'description']"
乾元律师事务所,['51457'],[],description,1,0,[],,['51474'],[0.619350790977478],['description']
乾元律师事务所,['51457'],[],description,3,0,[],,"['51474', '50731', '28128']","[0.619350790977478, 0.46320855617523193, 0.46320855617523193]","['description', 'description', 'description']"
云南易建实业有限公司,['51457'],[],description,1,1,['51457'],1.0,['51457'],[0.440643310546875],['description']
云南易建实业有限公司,['51457'],[],description,3,1,['51457'],1.0,"['51457', '28128', '28126']","[0.440643310546875, 0.437275230884552, 0.437275230884552]","['description', 'description', 'description']"
云纳,['51457'],[],description,1,0,[],,['51377'],[0.538257360458374],['description']
云纳,['51457'],[],description,3,0,[],,"['51377', '51323', '51378']","[0.538257360458374, 0.5109096169471741, 0.5011259317398071]","['description', 'description', 'description']"
亚普股份最新消息,['51457'],[],description,1,0,[],,['5432'],[0.5464005470275879],['description']
亚普股份最新消息,['51457'],[],description,3,0,[],,"['5432', '50161', '50926']","[0.5464005470275879, 0.5223960280418396, 0.49691858887672424]","['description', 'description', 'description']"
佛山粤创环保科技有限公司,['51457'],[],description,1,0,[],,['28128'],[0.43547600507736206],['description']
佛山粤创环保科技有限公司,['51457'],[],description,3,0,[],,"['28128', '50731', '28126']","[0.43547600507736206, 0.43547600507736206, 0.43547600507736206]","['description', 'description', 'description']"
供电公司电话,['51457'],[],description,1,0,[],,['47198'],[0.5917253494262695],['description']
供电公司电话,['51457'],[],description,3,0,[],,"['47198', '5012', '5778']","[0.5917253494262695, 0.5664986371994019, 0.4998891055583954]","['description', 'description', 'description']"
公商银行,['51457'],[],description,1,0,[],,['47198'],[0.5574931502342224],['description']
公商银行,['51457'],[],description,3,0,[],,"['47198', '5778', '5273']","[0.5574931502342224, 0.5188819169998169, 0.5180436372756958]","['description', 'description', 'description']"
内蒙建设集团股份有限公司,['51457'],[],description,1,1,['51457'],1.0,['51457'],[0.43263038992881775],['description']
内蒙建设集团股份有限公司,['51457'],[],description,3,1,['51457'],1.0,"['51457', '28128', '28126']","[0.43263038992881775, 0.4100654423236847, 0.4100654423236847]","['description', 'description', 'description']"
利达,['51457'],[],description,1,0,[],,['5881'],[0.5356056094169617],['description']
利达,['51457'],[],description,3,0,[],,"['5881', '51388', '51323']","[0.5356056094169617, 0.5292417407035828, 0.5246155261993408]","['description', 'description', 'description']"
别墅电梯,['51457'],[],description,1,0,[],,['5271'],[0.4244438409805298],['description']
别墅电梯,['51457'],[],description,3,0,[],,"['5271', '47242', '60977']","[0.4244438409805298, 0.42267608642578125, 0.4095989465713501]","['description', 'description', 'description']"
力拓芯存,['51457'],[],description,1,0,[],,['47198'],[0.4739614427089691],['description']
力拓芯存,['51457'],[],description,3,0,[],,"['47198', '60977', '60338']","[0.4739614427089691, 0.4645456075668335, 0.459685742855072]","['description', 'description', 'description']"
勤于思宜宾,['51457'],[],description,1,0,[],,['51388'],[0.43143418431282043],['description']
勤于思宜宾,['51457'],[],description,3,0,[],,"['51388', '52336', '51381']","[0.43143418431282043, 0.4236728549003601, 0.41709864139556885]","['description', 'description', 'description']"
北京北创科技有限公司,['51457'],[],description,1,0,[],,['47242'],[0.5198390483856201],['description']
北京北创科技有限公司,['51457'],[],description,3,0,[],,"['47242', '50731', '28128']","[0.5198390483856201, 0.5030221939086914, 0.5030221939086914]","['description', 'description', 'description']"
北京大有青年公司怎么样,['51457'],[],description,1,1,['51457'],1.0,['51457'],[0.49132758378982544],['description']
北京大有青年公司怎么样,['51457'],[],description,3,1,['51457'],1.0,"['51457', '28128', '28126']","[0.49132758378982544, 0.4683997929096222, 0.4683997929096222]","['description', 'description', 'description']"
华天科技最新消息今天,['51457'],[],description,1,0,[],,['5432'],[0.5023545622825623],['description']
华天科技最新消息今天,['51457'],[],description,3,0,[],,"['5432', '50709', '50926']","[0.5023545622825623, 0.4885255694389343, 0.48749929666519165]","['description', 'description', 'description']"
华太集团,['51457'],[],description,1,1,['51457'],1.0,['51457'],[0.5063707828521729],['description']
华太集团,['51457'],[],description,3,1,['51457'],1.0,"['51457', '47198', '28126']","[0.5063707828521729, 0.47216272354125977, 0.46903449296951294]","['description', 'description', 'description']"
华昌线缆有限公司,['51457'],[],description,1,1,['51457'],1.0,['51457'],[0.4409623146057129],['description']
华昌线缆有限公司,['51457'],[],description,3,1,['51457'],1.0,"['51457', '5881', '28126']","[0.4409623146057129, 0.4390668272972107, 0.41987335681915283]","['description', 'description', 'description']"
华美乐装饰工程有限公司,['51457'],[],description,1,0,[],,['5012'],[0.44531962275505066],['description']
华美乐装饰工程有限公司,['51457'],[],description,3,0,[],,"['5012', '47272', '5881']","[0.44531962275505066, 0.43861496448516846, 0.4357602000236511]","['description', 'description', 'description']"
卡布里尼,['51457'],[],description,1,0,[],,['5550'],[0.5026434063911438],['description']
卡布里尼,['51457'],[],description,3,0,[],,"['5550', '51377', '51388']","[0.5026434063911438, 0.4840359389781952, 0.46186283230781555]","['description', 'description', 'description']"
卡文西克,['51457'],[],description,1,0,[],,['51377'],[0.5035150647163391],['description']
卡文西克,['51457'],[],description,3,0,[],,"['51377', '51388', '50393']","[0.5035150647163391, 0.47906431555747986, 0.4751538932323456]","['description', 'description', 'description']"
厦门原趣科技有限公司,['51457'],[],description,1,1,['51457'],1.0,['51457'],[0.4747850000858307],['description']
厦门原趣科技有限公司,['51457'],[],description,3,1,['51457'],1.0,"['51457', '28128', '28126']","[0.4747850000858307, 0.46992233395576477, 0.46992233395576477]","['description', 'description', 'description']"
厦门达昊制造有限公司,['51457'],[],description,1,0,[],,['5881'],[0.4522806704044342],['description']
厦门达昊制造有限公司,['51457'],[],description,3,1,['51457'],2.0,"['5881', '51457', '5359']","[0.4522806704044342, 0.42825794219970703, 0.41850602626800537]","['description', 'description', 'description']"
友宝,['51457'],[],description,1,0,[],,['47272'],[0.5105491876602173],['description']
友宝,['51457'],[],description,3,0,[],,"['47272', '60977', '47198']","[0.5105491876602173, 0.4861637055873871, 0.4775776267051697]","['description', 'description', 'description']"
合肥老乡鸡,['51457'],[],description,1,0,[],,['47272'],[0.48275309801101685],['description']
合肥老乡鸡,['51457'],[],description,3,0,[],,"['47272', '47198', '39537']","[0.48275309801101685, 0.4582200050354004, 0.39457303285598755]","['description', 'description', 'description']"
吉华集团最新消息,['51457'],[],description,1,0,[],,['5432'],[0.5126309394836426],['description']
吉华集团最新消息,['51457'],[],description,3,1,['51457'],2.0,"['5432', '51457', '50926']","[0.5126309394836426, 0.4815540313720703, 0.4693337082862854]","['description', 'description', 'description']"
哈尔滨中兆迪康电梯制造有限公司怎么样,['51457'],[],description,1,0,[],,['5881'],[0.43977028131484985],['description']
哈尔滨中兆迪康电梯制造有限公司怎么样,['51457'],[],description,3,1,['51457'],2.0,"['5881', '51457', '47198']","[0.43977028131484985, 0.37848472595214844, 0.3707181215286255]","['description', 'description', 'description']"
喜上福居家具有限公司,['51457'],[],description,1,0,[],,['5881'],[0.4341691732406616],['description']
喜上福居家具有限公司,['51457'],[],description,3,0,[],,"['5881', '47198', '5359']","[0.4341691732406616, 0.3937222957611084, 0.39330458641052246]","['description', 'description', 'description']"
嘉格纳,['51457'],[],description,1,0,[],,['51323'],[0.4993916153907776],['description']
嘉格纳,['51457'],[],description,3,0,[],,"['51323', '51377', '51388']","[0.4993916153907776, 0.48643776774406433, 0.46645036339759827]","['description', 'description', 'description']"
四川川能集团有限公司,['51457'],[],description,1,0,[],,['28128'],[0.46711620688438416],['description']
四川川能集团有限公司,['51457'],[],description,3,0,[],,"['28128', '50731', '28126']","[0.46711620688438416, 0.46711620688438416, 0.46711620688438416]","['description', 'description', 'description']"
四川菜兔兔餐饮管理,['51457'],[],description,1,0,[],,['47272'],[0.4333513081073761],['description']
四川菜兔兔餐饮管理,['51457'],[],description,3,0,[],,"['47272', '47198', '5778']","[0.4333513081073761, 0.36006325483322144, 0.32400181889533997]","['description', 'description', 'description']"
城信,['51457'],[],description,1,0,[],,['47198'],[0.5730762481689453],['description']
城信,['51457'],[],description,3,0,[],,"['47198', '51323', '5778']","[0.5730762481689453, 0.5447612404823303, 0.5361077189445496]","['description', 'description', 'description']"
天成,['51457'],[],description,1,0,[],,['51377'],[0.566099226474762],['description']
天成,['51457'],[],description,3,0,[],,"['51377', '51323', '51378']","[0.566099226474762, 0.5546414852142334, 0.5416803956031799]","['description', 'description', 'description']"
天津皓翔,['51457'],[],description,1,0,[],,['47242'],[0.46710434556007385],['description']
天津皓翔,['51457'],[],description,3,0,[],,"['47242', '47198', '5012']","[0.46710434556007385, 0.4653472304344177, 0.45118921995162964]","['description', 'description', 'description']"
安嵘,['51457'],[],description,1,0,[],,['51377'],[0.5635566711425781],['description']
安嵘,['51457'],[],description,3,0,[],,"['51377', '51378', '51323']","[0.5635566711425781, 0.5143892765045166, 0.5095788836479187]","['description', 'description', 'description']"
安徽纵辉科技工程有限公司,['51457'],[],description,1,1,['51457'],1.0,['51457'],[0.4197801947593689],['description']
安徽纵辉科技工程有限公司,['51457'],[],description,3,1,['51457'],1.0,"['51457', '47198', '39537']","[0.4197801947593689, 0.40686750411987305, 0.40545937418937683]","['description', 'description', 'description']"
安济达,['51457'],[],description,1,0,[],,['51323'],[0.4842047095298767],['description']
安济达,['51457'],[],description,3,0,[],,"['51323', '51377', '51388']","[0.4842047095298767, 0.47741761803627014, 0.4745672047138214]","['description', 'description', 'description']"
宜昌储能新能源有限公司,['51457'],[],description,1,1,['51457'],1.0,['51457'],[0.4228048324584961],['description']
宜昌储能新能源有限公司,['51457'],[],description,3,1,['51457'],1.0,"['51457', '47198', '28126']","[0.4228048324584961, 0.4197319746017456, 0.4107810854911804]","['description', 'description', 'description']"
展厅设计公司,['51457'],[],description,1,0,[],,['5012'],[0.4506436586380005],['description']
展厅设计公司,['51457'],[],description,3,0,[],,"['5012', '5359', '47242']","[0.4506436586380005, 0.4416767954826355, 0.4335189461708069]","['description', 'description', 'description']"
山东理工,['51457'],[],description,1,0,[],,['39537'],[0.6384793519973755],['description']
山东理工,['51457'],[],description,3,0,[],,"['39537', '4551', '51129']","[0.6384793519973755, 0.5708253979682922, 0.5446704030036926]","['description', 'description', 'description']"
山东顺鑫达新材料有限公司,['51457'],[],description,1,0,[],,['5359'],[0.43823832273483276],['description']
山东顺鑫达新材料有限公司,['51457'],[],description,3,1,['51457'],3.0,"['5359', '39537', '51457']","[0.43823832273483276, 0.4164339601993561, 0.410468190908432]","['description', 'description', 'description']"
山点水,['51457'],[],description,1,0,[],,['51377'],[0.47959572076797485],['description']
山点水,['51457'],[],description,3,0,[],,"['51377', '51378', '51379']","[0.47959572076797485, 0.4569474458694458, 0.44682708382606506]","['description', 'description', 'description']"
巴拉巴拉,['51457'],[],description,1,0,[],,['51388'],[0.5310066938400269],['description']
巴拉巴拉,['51457'],[],description,3,0,[],,"['51388', '51377', '47242']","[0.5310066938400269, 0.5142133235931396, 0.5056554079055786]","['description', 'description', 'description']"
常州众森磊传媒有限责任公司,['51457'],[],description,1,1,['51457'],1.0,['51457'],[0.42900073528289795],['description']
常州众森磊传媒有限责任公司,['51457'],[],description,3,1,['51457'],1.0,"['51457', '47198', '39537']","[0.42900073528289795, 0.4243376553058624, 0.4152437448501587]","['description', 'description', 'description']"
广东东莞立讯精密有限公司,['51457'],[],description,1,1,['51457'],1.0,['51457'],[0.42640793323516846],['description']
广东东莞立讯精密有限公司,['51457'],[],description,3,1,['51457'],1.0,"['51457', '28128', '28126']","[0.42640793323516846, 0.42170047760009766, 0.42170047760009766]","['description', 'description', 'description']"
广州友民网吧,['51457'],[],description,1,0,[],,['47198'],[0.39966076612472534],['description']
广州友民网吧,['51457'],[],description,3,0,[],,"['47198', '47242', '5012']","[0.39966076612472534, 0.3834771513938904, 0.3683509826660156]","['description', 'description', 'description']"
广州律师事务所,['51457'],[],description,1,0,[],,['51474'],[0.5381696224212646],['description']
广州律师事务所,['51457'],[],description,3,0,[],,"['51474', '47198', '39537']","[0.5381696224212646, 0.4493473768234253, 0.4168497622013092]","['description', 'description', 'description']"
广州新马国际教育科技有限公司,['51457'],[],description,1,0,[],,['5917'],[0.5820034742355347],['description']
广州新马国际教育科技有限公司,['51457'],[],description,3,0,[],,"['5917', '5273', '39537']","[0.5820034742355347, 0.5132720470428467, 0.5020534992218018]","['description', 'description', 'description']"
广州易新机电有限公司,['51457'],[],description,1,0,[],,['5881'],[0.45073819160461426],['description']
广州易新机电有限公司,['51457'],[],description,3,0,[],,"['5881', '50731', '28128']","[0.45073819160461426, 0.40631866455078125, 0.40631866455078125]","['description', 'description', 'description']"
广西浙华,['51457'],[],description,1,0,[],,['47198'],[0.48632916808128357],['description']
广西浙华,['51457'],[],description,3,1,['51457'],3.0,"['47198', '51323', '51457']","[0.48632916808128357, 0.47672295570373535, 0.4746443033218384]","['description', 'description', 'description']"
广西龙脊梯田,['51457'],[],description,1,0,[],,['5671'],[0.4320906400680542],['description']
广西龙脊梯田,['51457'],[],description,3,0,[],,"['5671', '51323', '47242']","[0.4320906400680542, 0.40743497014045715, 0.40547746419906616]","['description', 'description', 'description']"
康鑫人力资源有限公司,['51457'],[],description,1,1,['51457'],1.0,['51457'],[0.5917066931724548],['description']
康鑫人力资源有限公司,['51457'],[],description,3,1,['51457'],1.0,"['51457', '28128', '28126']","[0.5917066931724548, 0.5248197913169861, 0.5248197913169861]","['description', 'description', 'description']"
惠嘉科技有限公司,['51457'],[],description,1,1,['51457'],1.0,['51457'],[0.5318193435668945],['description']
惠嘉科技有限公司,['51457'],[],description,3,1,['51457'],1.0,"['51457', '28128', '28126']","[0.5318193435668945, 0.5020186901092529, 0.5020186901092529]","['description', 'description', 'description']"
慧易融科技是正规公司吗,['51457'],[],description,1,1,['51457'],1.0,['51457'],[0.5796821713447571],['description']
慧易融科技是正规公司吗,['51457'],[],description,3,1,['51457'],1.0,"['51457', '28128', '28126']","[0.5796821713447571, 0.5703953504562378, 0.5703953504562378]","['description', 'description', 'description']"
成都银行网点查询,['51457'],[],description,1,0,[],,['47198'],[0.6406539678573608],['description']
成都银行网点查询,['51457'],[],description,3,0,[],,"['47198', '47272', '47242']","[0.6406539678573608, 0.6042965650558472, 0.5644893050193787]","['description', 'description', 'description']"
新玛农资,['51457'],[],description,1,0,[],,['47198'],[0.35880064964294434],['description']
新玛农资,['51457'],[],description,3,0,[],,"['47198', '5544', '60977']","[0.35880064964294434, 0.35739845037460327, 0.34717535972595215]","['description', 'description', 'description']"
新疆万铭舟交通,['51457'],[],description,1,0,[],,['47198'],[0.42237693071365356],['description']
新疆万铭舟交通,['51457'],[],description,3,0,[],,"['47198', '5917', '47190']","[0.42237693071365356, 0.401741087436676, 0.39529865980148315]","['description', 'description', 'description']"
新疆中科汇裕,['51457'],[],description,1,0,[],,['47198'],[0.4825935661792755],['description']
新疆中科汇裕,['51457'],[],description,3,1,['51457'],2.0,"['47198', '51457', '39537']","[0.4825935661792755, 0.4771856367588043, 0.4730834662914276]","['description', 'description', 'description']"
新芯航途,['51457'],[],description,1,0,[],,['5917'],[0.4965011179447174],['description']
新芯航途,['51457'],[],description,3,0,[],,"['5917', '47198', '5550']","[0.4965011179447174, 0.4806789755821228, 0.4664584994316101]","['description', 'description', 'description']"
新鑫物业管理有限公司,['51457'],[],description,1,1,['51457'],1.0,['51457'],[0.47122570872306824],['description']
新鑫物业管理有限公司,['51457'],[],description,3,1,['51457'],1.0,"['51457', '47198', '28126']","[0.47122570872306824, 0.4613732099533081, 0.4420258402824402]","['description', 'description', 'description']"
星云机场,['51457'],[],description,1,0,[],,['47242'],[0.5110374689102173],['description']
星云机场,['51457'],[],description,3,0,[],,"['47242', '5671', '60868']","[0.5110374689102173, 0.4959539771080017, 0.4848012328147888]","['description', 'description', 'description']"
智能家居品牌,['51457'],[],description,1,0,[],,['5881'],[0.5843765139579773],['description']
智能家居品牌,['51457'],[],description,3,0,[],,"['5881', '5882', '60977']","[0.5843765139579773, 0.4814820885658264, 0.4725315272808075]","['description', 'description', 'description']"
木森林科技有限公司,['51457'],[],description,1,1,['51457'],1.0,['51457'],[0.44461697340011597],['description']
木森林科技有限公司,['51457'],[],description,3,1,['51457'],1.0,"['51457', '47198', '28126']","[0.44461697340011597, 0.4383363723754883, 0.42563650012016296]","['description', 'description', 'description']"
松下服务,['51457'],[],description,1,0,[],,['47198'],[0.48904383182525635],['description']
松下服务,['51457'],[],description,3,0,[],,"['47198', '5881', '60977']","[0.48904383182525635, 0.4875950217247009, 0.4548642635345459]","['description', 'description', 'description']"
榆林霆霖云网络科技有限公司,['51457'],[],description,1,0,[],,['28128'],[0.47688359022140503],['description']
榆林霆霖云网络科技有限公司,['51457'],[],description,3,0,[],,"['28128', '50731', '28126']","[0.47688359022140503, 0.47688359022140503, 0.47688359022140503]","['description', 'description', 'description']"
欣贝源,['51457'],[],description,1,0,[],,['5882'],[0.4460787773132324],['description']
欣贝源,['51457'],[],description,3,0,[],,"['5882', '5881', '60977']","[0.4460787773132324, 0.4390413165092468, 0.43882960081100464]","['description', 'description', 'description']"
武汉长金科技有限公司,['51457'],[],description,1,1,['51457'],1.0,['51457'],[0.48376399278640747],['description']
武汉长金科技有限公司,['51457'],[],description,3,1,['51457'],1.0,"['51457', '28128', '28126']","[0.48376399278640747, 0.4831571877002716, 0.4831571877002716]","['description', 'description', 'description']"
汇锐医疗,['51457'],[],description,1,1,['51457'],1.0,['51457'],[0.46323150396347046],['description']
汇锐医疗,['51457'],[],description,3,1,['51457'],1.0,"['51457', '5881', '47198']","[0.46323150396347046, 0.4629449248313904, 0.44569870829582214]","['description', 'description', 'description']"
汉文投,['51457'],[],description,1,0,[],,['52524'],[0.5439063906669617],['description']
汉文投,['51457'],[],description,3,0,[],,"['52524', '51323', '51377']","[0.5439063906669617, 0.5266427993774414, 0.5165135264396667]","['description', 'description', 'description']"
江西华创新材料有限公司,['51457'],[],description,1,1,['51457'],1.0,['51457'],[0.45923471450805664],['description']
江西华创新材料有限公司,['51457'],[],description,3,1,['51457'],1.0,"['51457', '28128', '28126']","[0.45923471450805664, 0.45536094903945923, 0.45536094903945923]","['description', 'description', 'description']"
河北汇工科技股份有限公司,['51457'],[],description,1,1,['51457'],1.0,['51457'],[0.4458142817020416],['description']
河北汇工科技股份有限公司,['51457'],[],description,3,1,['51457'],1.0,"['51457', '28128', '28126']","[0.4458142817020416, 0.43555891513824463, 0.43555891513824463]","['description', 'description', 'description']"
润天药业,['51457'],[],description,1,0,[],,['51323'],[0.45030099153518677],['description']
润天药业,['51457'],[],description,3,0,[],,"['51323', '47198', '51388']","[0.45030099153518677, 0.44482529163360596, 0.43763771653175354]","['description', 'description', 'description']"
润宏科技文化有限公司怎么样,['51457'],[],description,1,1,['51457'],1.0,['51457'],[0.5365728735923767],['description']
润宏科技文化有限公司怎么样,['51457'],[],description,3,1,['51457'],1.0,"['51457', '28128', '28126']","[0.5365728735923767, 0.5114374160766602, 0.5114374160766602]","['description', 'description', 'description']"
润鑫建设工程有限公司,['51457'],[],description,1,1,['51457'],1.0,['51457'],[0.4893566966056824],['description']
润鑫建设工程有限公司,['51457'],[],description,3,1,['51457'],1.0,"['51457', '28128', '28126']","[0.4893566966056824, 0.4696730971336365, 0.4696730971336365]","['description', 'description', 'description']"
深圳云达瑞,['51457'],[],description,1,0,[],,['5881'],[0.47320741415023804],['description']
深圳云达瑞,['51457'],[],description,3,0,[],,"['5881', '47198', '5012']","[0.47320741415023804, 0.4692990779876709, 0.41734060645103455]","['description', 'description', 'description']"
深圳商会,['51457'],[],description,1,0,[],,['28128'],[0.453806072473526],['description']
深圳商会,['51457'],[],description,3,0,[],,"['28128', '50731', '28126']","[0.453806072473526, 0.453806072473526, 0.453806072473526]","['description', 'description', 'description']"
深圳市亦深电子有限公司怎么样,['51457'],[],description,1,1,['51457'],1.0,['51457'],[0.4708828032016754],['description']
深圳市亦深电子有限公司怎么样,['51457'],[],description,3,1,['51457'],1.0,"['51457', '28128', '28126']","[0.4708828032016754, 0.4453217089176178, 0.4453217089176178]","['description', 'description', 'description']"
深圳金浩宇科技有限公司,['51457'],[],description,1,1,['51457'],1.0,['51457'],[0.4846201539039612],['description']
深圳金浩宇科技有限公司,['51457'],[],description,3,1,['51457'],1.0,"['51457', '28128', '28126']","[0.4846201539039612, 0.476362019777298, 0.476362019777298]","['description', 'description', 'description']"
深圳青苗,['51457'],[],description,1,0,[],,['47198'],[0.4804755449295044],['description']
深圳青苗,['51457'],[],description,3,0,[],,"['47198', '5273', '39537']","[0.4804755449295044, 0.4677862524986267, 0.4664083421230316]","['description', 'description', 'description']"
深圳飞仕达,['51457'],[],description,1,0,[],,['5881'],[0.45732036232948303],['description']
深圳飞仕达,['51457'],[],description,3,0,[],,"['5881', '47198', '5271']","[0.45732036232948303, 0.42530378699302673, 0.4235263168811798]","['description', 'description', 'description']"
添利电子科技有限公司怎么样,['51457'],[],description,1,1,['51457'],1.0,['51457'],[0.50583815574646],['description']
添利电子科技有限公司怎么样,['51457'],[],description,3,1,['51457'],1.0,"['51457', '47198', '28126']","[0.50583815574646, 0.48280513286590576, 0.4825856685638428]","['description', 'description', 'description']"
湖北茗草坊农业科技有限公司怎么样,['51457'],[],description,1,0,[],,['28128'],[0.44288408756256104],['description']
湖北茗草坊农业科技有限公司怎么样,['51457'],[],description,3,0,[],,"['28128', '50731', '28126']","[0.44288408756256104, 0.44288408756256104, 0.44288408756256104]","['description', 'description', 'description']"
甘肃税务,['51457'],[],description,1,0,[],,['51323'],[0.43783217668533325],['description']
甘肃税务,['51457'],[],description,3,0,[],,"['51323', '5671', '47198']","[0.43783217668533325, 0.43015605211257935, 0.42867204546928406]","['description', 'description', 'description']"
甬台温,['51457'],[],description,1,0,[],,['47266'],[0.5171835422515869],['description']
甬台温,['51457'],[],description,3,0,[],,"['47266', '51323', '5671']","[0.5171835422515869, 0.501968502998352, 0.5015440583229065]","['description', 'description', 'description']"
甬灿文化,['51457'],[],description,1,0,[],,['51377'],[0.4559133052825928],['description']
甬灿文化,['51457'],[],description,3,0,[],,"['51377', '52524', '51323']","[0.4559133052825928, 0.45443689823150635, 0.4510509967803955]","['description', 'description', 'description']"
白宇信息介绍 简介,['51457'],[],description,1,1,['51457'],1.0,['51457'],[0.5072226524353027],['description']
白宇信息介绍 简介,['51457'],[],description,3,1,['51457'],1.0,"['51457', '267', '39537']","[0.5072226524353027, 0.47765064239501953, 0.4698330760002136]","['description', 'description', 'description']"
石家庄山姆,['51457'],[],description,1,0,[],,['47198'],[0.41780683398246765],['description']
石家庄山姆,['51457'],[],description,3,0,[],,"['47198', '5012', '47272']","[0.41780683398246765, 0.40948447585105896, 0.385448694229126]","['description', 'description', 'description']"
福建夏门,['51457'],[],description,1,0,[],,['39537'],[0.4395754337310791],['description']
福建夏门,['51457'],[],description,3,0,[],,"['39537', '47198', '47242']","[0.4395754337310791, 0.42679378390312195, 0.41128671169281006]","['description', 'description', 'description']"
福建鑫佰集团,['51457'],[],description,1,1,['51457'],1.0,['51457'],[0.45493635535240173],['description']
福建鑫佰集团,['51457'],[],description,3,1,['51457'],1.0,"['51457', '28128', '28126']","[0.45493635535240173, 0.4416581392288208, 0.4416581392288208]","['description', 'description', 'description']"
米健饮食服务公司,['51457'],[],description,1,0,[],,['47272'],[0.5100653171539307],['description']
米健饮食服务公司,['51457'],[],description,3,0,[],,"['47272', '47198', '5012']","[0.5100653171539307, 0.4705611765384674, 0.42628294229507446]","['description', 'description', 'description']"
粮丰园,['51457'],[],description,1,0,[],,['47272'],[0.4441598057746887],['description']
粮丰园,['51457'],[],description,3,0,[],,"['47272', '51323', '47198']","[0.4441598057746887, 0.4235508143901825, 0.420193612575531]","['description', 'description', 'description']"
联科科技最新消息,['51457'],[],description,1,0,[],,['5432'],[0.5452185273170471],['description']
联科科技最新消息,['51457'],[],description,3,0,[],,"['5432', '50709', '50926']","[0.5452185273170471, 0.523847222328186, 0.5151578783988953]","['description', 'description', 'description']"
肇庆四会龙航电器,['51457'],[],description,1,0,[],,['5881'],[0.41723477840423584],['description']
肇庆四会龙航电器,['51457'],[],description,3,0,[],,"['5881', '47272', '5271']","[0.41723477840423584, 0.334999144077301, 0.3273640275001526]","['description', 'description', 'description']"
臻宝科技股吧最新消息,['51457'],[],description,1,0,[],,['5432'],[0.5223807096481323],['description']
臻宝科技股吧最新消息,['51457'],[],description,3,0,[],,"['5432', '50709', '50159']","[0.5223807096481323, 0.4921821355819702, 0.4911566972732544]","['description', 'description', 'description']"
舞者圈,['51457'],[],description,1,0,[],,['50393'],[0.4627271294593811],['description']
舞者圈,['51457'],[],description,3,0,[],,"['50393', '62248', '51377']","[0.4627271294593811, 0.4476214647293091, 0.4452931582927704]","['description', 'description', 'description']"
苏州合盈机械科技有限公司,['51457'],[],description,1,0,[],,['5881'],[0.41918063163757324],['description']
苏州合盈机械科技有限公司,['51457'],[],description,3,0,[],,"['5881', '50731', '28128']","[0.41918063163757324, 0.40670645236968994, 0.40670645236968994]","['description', 'description', 'description']"
英福康,['51457'],[],description,1,0,[],,['5881'],[0.49265146255493164],['description']
英福康,['51457'],[],description,3,0,[],,"['5881', '5882', '60977']","[0.49265146255493164, 0.4533185362815857, 0.42891788482666016]","['description', 'description', 'description']"
葶贝,['51457'],[],description,1,0,[],,['51323'],[0.468881756067276],['description']
葶贝,['51457'],[],description,3,0,[],,"['51323', '51388', '51377']","[0.468881756067276, 0.46320784091949463, 0.44996482133865356]","['description', 'description', 'description']"
蔻一,['51457'],[],description,1,0,[],,['51377'],[0.4789189398288727],['description']
蔻一,['51457'],[],description,3,0,[],,"['51377', '60977', '51378']","[0.4789189398288727, 0.4673546552658081, 0.4436633288860321]","['description', 'description', 'description']"
融通招标平台,['51457'],[],description,1,0,[],,['5359'],[0.5144761800765991],['description']
融通招标平台,['51457'],[],description,3,1,['51457'],3.0,"['5359', '47198', '51457']","[0.5144761800765991, 0.508438229560852, 0.5001496076583862]","['description', 'description', 'description']"
西安熙地港,['51457'],[],description,1,0,[],,['5012'],[0.6054800152778625],['description']
西安熙地港,['51457'],[],description,3,0,[],,"['5012', '47198', '47242']","[0.6054800152778625, 0.5339112281799316, 0.5109013319015503]","['description', 'description', 'description']"
贵州茅台镇,['51457'],[],description,1,0,[],,['5671'],[0.4278240203857422],['description']
贵州茅台镇,['51457'],[],description,3,0,[],,"['5671', '47198', '47272']","[0.4278240203857422, 0.42334145307540894, 0.41914093494415283]","['description', 'description', 'description']"
运捷迅,['51457'],[],description,1,0,[],,['47198'],[0.5500972867012024],['description']
运捷迅,['51457'],[],description,3,0,[],,"['47198', '47190', '47266']","[0.5500972867012024, 0.5055141448974609, 0.5020427107810974]","['description', 'description', 'description']"
逍遥州文化,['51457'],[],description,1,0,[],,['52524'],[0.48489606380462646],['description']
逍遥州文化,['51457'],[],description,3,0,[],,"['52524', '51377', '51378']","[0.48489606380462646, 0.46388542652130127, 0.4325060248374939]","['description', 'description', 'description']"
郴州韩光,['51457'],[],description,1,0,[],,['52523'],[0.36932486295700073],['description']
郴州韩光,['51457'],[],description,3,0,[],,"['52523', '51377', '39537']","[0.36932486295700073, 0.36735832691192627, 0.35890716314315796]","['description', 'description', 'description']"
重庆东,['51457'],[],description,1,0,[],,['47198'],[0.48211774230003357],['description']
重庆东,['51457'],[],description,3,0,[],,"['47198', '5012', '47272']","[0.48211774230003357, 0.4811840057373047, 0.473749577999115]","['description', 'description', 'description']"
重庆机电动力科技有限公司,['51457'],[],description,1,0,[],,['5881'],[0.4335460066795349],['description']
重庆机电动力科技有限公司,['51457'],[],description,3,1,['51457'],2.0,"['5881', '51457', '28126']","[0.4335460066795349, 0.41857632994651794, 0.41711151599884033]","['description', 'description', 'description']"
金地城,['51457'],[],description,1,0,[],,['51482'],[0.5515726208686829],['description']
金地城,['51457'],[],description,3,0,[],,"['51482', '47242', '5012']","[0.5515726208686829, 0.5064260959625244, 0.4994394779205322]","['description', 'description', 'description']"
金宇矿业有限公司,['51457'],[],description,1,0,[],,['51590'],[0.49130815267562866],['description']
金宇矿业有限公司,['51457'],[],description,3,1,['51457'],2.0,"['51590', '51457', '51088']","[0.49130815267562866, 0.4665754437446594, 0.43926194310188293]","['description', 'description', 'description']"
金山打字通,['51457'],[],description,1,0,[],,['51381'],[0.5369150638580322],['description']
金山打字通,['51457'],[],description,3,0,[],,"['51381', '51388', '51382']","[0.5369150638580322, 0.5202915668487549, 0.5168361663818359]","['description', 'description', 'description']"
金柯宇,['51457'],[],description,1,0,[],,['51377'],[0.5000932216644287],['description']
金柯宇,['51457'],[],description,3,0,[],,"['51377', '50393', '51378']","[0.5000932216644287, 0.49958860874176025, 0.46628865599632263]","['description', 'description', 'description']"
金盛贵金属,['51457'],[],description,1,0,[],,['51590'],[0.6642559766769409],['description']
金盛贵金属,['51457'],[],description,3,0,[],,"['51590', '51088', '51255']","[0.6642559766769409, 0.610876739025116, 0.47754907608032227]","['description', 'description', 'description']"
银盛数惠,['51457'],[],description,1,0,[],,['47198'],[0.5571467280387878],['description']
银盛数惠,['51457'],[],description,3,0,[],,"['47198', '5273', '5778']","[0.5571467280387878, 0.5497727394104004, 0.541346549987793]","['description', 'description', 'description']"
长沙市宸禹,['51457'],[],description,1,0,[],,['39537'],[0.4983230531215668],['description']
长沙市宸禹,['51457'],[],description,3,0,[],,"['39537', '47198', '5917']","[0.4983230531215668, 0.47160613536834717, 0.4633433520793915]","['description', 'description', 'description']"
长沙游泳,['51457'],[],description,1,0,[],,['39537'],[0.34876853227615356],['description']
长沙游泳,['51457'],[],description,3,0,[],,"['39537', '47198', '47272']","[0.34876853227615356, 0.34247714281082153, 0.3378276228904724]","['description', 'description', 'description']"
阿南达蒙医简介,['51457'],[],description,1,0,[],,['52524'],[0.3585958480834961],['description']
阿南达蒙医简介,['51457'],[],description,3,0,[],,"['52524', '51377', '51378']","[0.3585958480834961, 0.35148075222969055, 0.33361804485321045]","['description', 'description', 'description']"
陕西建工集团,['51457'],[],description,1,1,['51457'],1.0,['51457'],[0.44957154989242554],['description']
陕西建工集团,['51457'],[],description,3,1,['51457'],1.0,"['51457', '28128', '28126']","[0.44957154989242554, 0.43138980865478516, 0.43138980865478516]","['description', 'description', 'description']"
隆基绿能还有希望吗,['51457'],[],description,1,0,[],,['5432'],[0.4439399838447571],['description']
隆基绿能还有希望吗,['51457'],[],description,3,0,[],,"['5432', '50709', '60338']","[0.4439399838447571, 0.41338106989860535, 0.40824806690216064]","['description', 'description', 'description']"
顺博公司最新消息,['51457'],[],description,1,0,[],,['5432'],[0.5321399569511414],['description']
顺博公司最新消息,['51457'],[],description,3,1,['51457'],2.0,"['5432', '51457', '47198']","[0.5321399569511414, 0.4911540150642395, 0.48633873462677]","['description', 'description', 'description']"
鸿图娱乐,['51457'],[],description,1,0,[],,['47272'],[0.44745874404907227],['description']
鸿图娱乐,['51457'],[],description,3,0,[],,"['47272', '5179', '62248']","[0.44745874404907227, 0.44059228897094727, 0.434041291475296]","['description', 'description', 'description']"
麒龙,['51457'],[],description,1,0,[],,['5271'],[0.5381644368171692],['description']
麒龙,['51457'],[],description,3,0,[],,"['5271', '51388', '51323']","[0.5381644368171692, 0.48051124811172485, 0.4780188798904419]","['description', 'description', 'description']"
鼎新铜业,['51457'],[],description,1,0,[],,['51590'],[0.45245522260665894],['description']
鼎新铜业,['51457'],[],description,3,0,[],,"['51590', '5881', '51088']","[0.45245522260665894, 0.41554856300354004, 0.41184282302856445]","['description', 'description', 'description']"
一亩良品,['51457'],[],merged,1,0,[],,['47272'],[0.4004209637641907],['title_description']
一亩良品,['51457'],[],merged,3,0,[],,"['47272', '60977', '5544']","[0.4004209637641907, 0.39955198764801025, 0.38783740997314453]","['title_description', 'title_description', 'title_description']"
上海宝冶最新中标项目,['51457'],[],merged,1,0,[],,['50926'],[0.44677644968032837],['title_description']
上海宝冶最新中标项目,['51457'],[],merged,3,0,[],,"['50926', '47242', '50731']","[0.44677644968032837, 0.44547951221466064, 0.44440293312072754]","['title_description', 'title_description', 'title_description']"
上海科湃腾科技有限公司,['51457'],[],merged,1,0,[],,['60265'],[0.5238239765167236],['title_description']
上海科湃腾科技有限公司,['51457'],[],merged,3,0,[],,"['60265', '50731', '47242']","[0.5238239765167236, 0.5207589268684387, 0.5156183242797852]","['title_description', 'title_description', 'title_description']"
上海静安,['51457'],[],merged,1,0,[],,['47242'],[0.5353416204452515],['title_description']
上海静安,['51457'],[],merged,3,0,[],,"['47242', '5012', '47266']","[0.5353416204452515, 0.5217041373252869, 0.5200804471969604]","['title_description', 'description', 'title_description']"
东方电子最新消息,['51457'],[],merged,1,0,[],,['50926'],[0.5231755971908569],['title_description']
东方电子最新消息,['51457'],[],merged,3,0,[],,"['50926', '5432', '50159']","[0.5231755971908569, 0.5211711525917053, 0.48173844814300537]","['title_description', 'title_description', 'title_description']"
东莞华信达科技有限公司,['51457'],[],merged,1,0,[],,['60265'],[0.4991522431373596],['title_description']
东莞华信达科技有限公司,['51457'],[],merged,3,0,[],,"['60265', '50731', '28126']","[0.4991522431373596, 0.4990600049495697, 0.481187105178833]","['title_description', 'title_description', 'title_description']"
中卫绿云投资有限公司,['51457'],[],merged,1,0,[],,['60265'],[0.49137336015701294],['title_description']
中卫绿云投资有限公司,['51457'],[],merged,3,0,[],,"['60265', '50731', '28128']","[0.49137336015701294, 0.4855962097644806, 0.4642491936683655]","['title_description', 'title_description', 'title_description']"
中核新能源,['51457'],[],merged,1,0,[],,['50926'],[0.5173195600509644],['title_description']
中核新能源,['51457'],[],merged,3,0,[],,"['50926', '50161', '5432']","[0.5173195600509644, 0.4868985414505005, 0.48424994945526123]","['title_description', 'title_description', 'title_description']"
中通物流查询,['51457'],[],merged,1,0,[],,['47198'],[0.5706223249435425],['description']
中通物流查询,['51457'],[],merged,3,0,[],,"['47198', '47266', '47272']","[0.5706223249435425, 0.5637094974517822, 0.5464518666267395]","['description', 'title_description', 'title_description']"
临沂旭坤玻璃制品有限公司,['51457'],[],merged,1,0,[],,['5359'],[0.37497618794441223],['description']
临沂旭坤玻璃制品有限公司,['51457'],[],merged,3,0,[],,"['5359', '5881', '50731']","[0.37497618794441223, 0.35589051246643066, 0.355726957321167]","['description', 'title_description', 'title_description']"
九丰能源最新消息,['51457'],[],merged,1,0,[],,['50926'],[0.5001585483551025],['title_description']
九丰能源最新消息,['51457'],[],merged,3,0,[],,"['50926', '5432', '51088']","[0.5001585483551025, 0.48816999793052673, 0.4437183737754822]","['title_description', 'title_description', 'description']"
九九幺,['51457'],[],merged,1,0,[],,['61111'],[0.5370568037033081],['title_description']
九九幺,['51457'],[],merged,3,0,[],,"['61111', '47198', '47272']","[0.5370568037033081, 0.527071475982666, 0.5241633653640747]","['title_description', 'description', 'title_description']"
乾元律师事务所,['51457'],[],merged,1,0,[],,['51474'],[0.619350790977478],['description']
乾元律师事务所,['51457'],[],merged,3,0,[],,"['51474', '60265', '28126']","[0.619350790977478, 0.47847622632980347, 0.46320855617523193]","['description', 'title_description', 'description']"
云南易建实业有限公司,['51457'],[],merged,1,0,[],,['50731'],[0.460673987865448],['title_description']
云南易建实业有限公司,['51457'],[],merged,3,0,[],,"['50731', '60265', '47242']","[0.460673987865448, 0.4513770639896393, 0.44653940200805664]","['title_description', 'title_description', 'title_description']"
云纳,['51457'],[],merged,1,0,[],,['51377'],[0.538257360458374],['description']
云纳,['51457'],[],merged,3,0,[],,"['51377', '51323', '51381']","[0.538257360458374, 0.5109096169471741, 0.5096653699874878]","['description', 'description', 'title_description']"
亚普股份最新消息,['51457'],[],merged,1,0,[],,['5432'],[0.5552946925163269],['title_description']
亚普股份最新消息,['51457'],[],merged,3,0,[],,"['5432', '50926', '50161']","[0.5552946925163269, 0.5531210899353027, 0.5388007164001465]","['title_description', 'title_description', 'title_description']"
佛山粤创环保科技有限公司,['51457'],[],merged,1,0,[],,['50731'],[0.45531225204467773],['title_description']
佛山粤创环保科技有限公司,['51457'],[],merged,3,0,[],,"['50731', '60265', '47242']","[0.45531225204467773, 0.4433891177177429, 0.43976646661758423]","['title_description', 'title_description', 'title_description']"
供电公司电话,['51457'],[],merged,1,0,[],,['47198'],[0.5917253494262695],['description']
供电公司电话,['51457'],[],merged,3,0,[],,"['47198', '5012', '5778']","[0.5917253494262695, 0.5664986371994019, 0.5006486177444458]","['description', 'description', 'title_description']"
公商银行,['51457'],[],merged,1,0,[],,['61111'],[0.575347900390625],['title_description']
公商银行,['51457'],[],merged,3,0,[],,"['61111', '47198', '50926']","[0.575347900390625, 0.5574931502342224, 0.5322490334510803]","['title_description', 'description', 'title_description']"
内蒙建设集团股份有限公司,['51457'],[],merged,1,0,[],,['60265'],[0.4440124034881592],['title_description']
内蒙建设集团股份有限公司,['51457'],[],merged,3,1,['51457'],2.0,"['60265', '51457', '50731']","[0.4440124034881592, 0.43263038992881775, 0.43230199813842773]","['title_description', 'description', 'title_description']"
利达,['51457'],[],merged,1,0,[],,['60977'],[0.5450475215911865],['title_description']
利达,['51457'],[],merged,3,0,[],,"['60977', '47242', '5881']","[0.5450475215911865, 0.5386765599250793, 0.5356056094169617]","['title_description', 'title_description', 'description']"
别墅电梯,['51457'],[],merged,1,0,[],,['47242'],[0.43642428517341614],['title_description']
别墅电梯,['51457'],[],merged,3,0,[],,"['47242', '5271', '60977']","[0.43642428517341614, 0.4244438409805298, 0.41243916749954224]","['title_description', 'description', 'title_description']"
力拓芯存,['51457'],[],merged,1,0,[],,['60977'],[0.4853750765323639],['title_description']
力拓芯存,['51457'],[],merged,3,0,[],,"['60977', '47198', '50926']","[0.4853750765323639, 0.4739614427089691, 0.47034019231796265]","['title_description', 'description', 'title_description']"
勤于思宜宾,['51457'],[],merged,1,0,[],,['52336'],[0.44045817852020264],['title_description']
勤于思宜宾,['51457'],[],merged,3,0,[],,"['52336', '51388', '51381']","[0.44045817852020264, 0.43143418431282043, 0.42089468240737915]","['title_description', 'description', 'title_description']"
北京北创科技有限公司,['51457'],[],merged,1,0,[],,['47242'],[0.533857524394989],['title_description']
北京北创科技有限公司,['51457'],[],merged,3,0,[],,"['47242', '60265', '28126']","[0.533857524394989, 0.5305272340774536, 0.5030221939086914]","['title_description', 'title_description', 'description']"
北京大有青年公司怎么样,['51457'],[],merged,1,1,['51457'],1.0,['51457'],[0.49132758378982544],['description']
北京大有青年公司怎么样,['51457'],[],merged,3,1,['51457'],1.0,"['51457', '60265', '50731']","[0.49132758378982544, 0.48943769931793213, 0.469277560710907]","['description', 'title_description', 'title_description']"
华天科技最新消息今天,['51457'],[],merged,1,0,[],,['50926'],[0.554457426071167],['title_description']
华天科技最新消息今天,['51457'],[],merged,3,0,[],,"['50926', '5432', '61111']","[0.554457426071167, 0.5240765810012817, 0.504565954208374]","['title_description', 'title_description', 'title_description']"
华太集团,['51457'],[],merged,1,0,[],,['60265'],[0.5205107927322388],['title_description']
华太集团,['51457'],[],merged,3,1,['51457'],3.0,"['60265', '50731', '51457']","[0.5205107927322388, 0.5111051797866821, 0.5063707828521729]","['title_description', 'title_description', 'description']"
华昌线缆有限公司,['51457'],[],merged,1,0,[],,['60265'],[0.4582338333129883],['title_description']
华昌线缆有限公司,['51457'],[],merged,3,0,[],,"['60265', '50731', '5881']","[0.4582338333129883, 0.4569041430950165, 0.4414406418800354]","['title_description', 'title_description', 'title_description']"
华美乐装饰工程有限公司,['51457'],[],merged,1,0,[],,['47272'],[0.4635166823863983],['title_description']
华美乐装饰工程有限公司,['51457'],[],merged,3,0,[],,"['47272', '5012', '47242']","[0.4635166823863983, 0.44531962275505066, 0.4429650902748108]","['title_description', 'description', 'title_description']"
卡布里尼,['51457'],[],merged,1,0,[],,['5550'],[0.5026434063911438],['description']
卡布里尼,['51457'],[],merged,3,0,[],,"['5550', '62016', '23']","[0.5026434063911438, 0.4901931583881378, 0.4872562289237976]","['description', 'title_description', 'title_description']"
卡文西克,['51457'],[],merged,1,0,[],,['47242'],[0.5094727277755737],['title_description']
卡文西克,['51457'],[],merged,3,0,[],,"['47242', '51377', '23']","[0.5094727277755737, 0.5035150647163391, 0.49707478284835815]","['title_description', 'description', 'title_description']"
厦门原趣科技有限公司,['51457'],[],merged,1,0,[],,['50731'],[0.49372339248657227],['title_description']
厦门原趣科技有限公司,['51457'],[],merged,3,1,['51457'],3.0,"['50731', '60265', '51457']","[0.49372339248657227, 0.47649386525154114, 0.4747850000858307]","['title_description', 'title_description', 'description']"
厦门达昊制造有限公司,['51457'],[],merged,1,0,[],,['5881'],[0.4522806704044342],['description']
厦门达昊制造有限公司,['51457'],[],merged,3,0,[],,"['5881', '60265', '50731']","[0.4522806704044342, 0.4375734329223633, 0.4360039532184601]","['description', 'title_description', 'title_description']"
友宝,['51457'],[],merged,1,0,[],,['47272'],[0.5509598851203918],['title_description']
友宝,['51457'],[],merged,3,0,[],,"['47272', '60977', '47242']","[0.5509598851203918, 0.507085919380188, 0.47961702942848206]","['title_description', 'title_description', 'title_description']"
合肥老乡鸡,['51457'],[],merged,1,0,[],,['47272'],[0.5182881355285645],['title_description']
合肥老乡鸡,['51457'],[],merged,3,0,[],,"['47272', '47198', '47242']","[0.5182881355285645, 0.4582200050354004, 0.42503342032432556]","['title_description', 'description', 'title_description']"
吉华集团最新消息,['51457'],[],merged,1,0,[],,['50926'],[0.5364241600036621],['title_description']
吉华集团最新消息,['51457'],[],merged,3,0,[],,"['50926', '61111', '5432']","[0.5364241600036621, 0.531528890132904, 0.5289541482925415]","['title_description', 'title_description', 'title_description']"
哈尔滨中兆迪康电梯制造有限公司怎么样,['51457'],[],merged,1,0,[],,['5881'],[0.43977028131484985],['description']
哈尔滨中兆迪康电梯制造有限公司怎么样,['51457'],[],merged,3,0,[],,"['5881', '60265', '50731']","[0.43977028131484985, 0.3936692476272583, 0.389814555644989]","['description', 'title_description', 'title_description']"
喜上福居家具有限公司,['51457'],[],merged,1,0,[],,['5881'],[0.4341691732406616],['description']
喜上福居家具有限公司,['51457'],[],merged,3,0,[],,"['5881', '47272', '50731']","[0.4341691732406616, 0.42267563939094543, 0.4130823016166687]","['description', 'title_description', 'title_description']"
嘉格纳,['51457'],[],merged,1,0,[],,['23'],[0.5334580540657043],['title_description']
嘉格纳,['51457'],[],merged,3,0,[],,"['23', '51323', '85']","[0.5334580540657043, 0.4993916153907776, 0.4914783537387848]","['title_description', 'description', 'title_description']"
四川川能集团有限公司,['51457'],[],merged,1,0,[],,['60265'],[0.48139244318008423],['title_description']
四川川能集团有限公司,['51457'],[],merged,3,0,[],,"['60265', '50731', '28126']","[0.48139244318008423, 0.4752100110054016, 0.46711620688438416]","['title_description', 'title_description', 'description']"
四川菜兔兔餐饮管理,['51457'],[],merged,1,0,[],,['47272'],[0.4597586691379547],['title_description']
四川菜兔兔餐饮管理,['51457'],[],merged,3,0,[],,"['47272', '47198', '5778']","[0.4597586691379547, 0.36006325483322144, 0.33726000785827637]","['title_description', 'description', 'title_description']"
城信,['51457'],[],merged,1,0,[],,['61111'],[0.604805588722229],['title_description']
城信,['51457'],[],merged,3,0,[],,"['61111', '47198', '50926']","[0.604805588722229, 0.5730762481689453, 0.5632039904594421]","['title_description', 'description', 'title_description']"
天成,['51457'],[],merged,1,0,[],,['51377'],[0.566099226474762],['description']
天成,['51457'],[],merged,3,0,[],,"['51377', '51323', '51378']","[0.566099226474762, 0.5546414852142334, 0.5416803956031799]","['description', 'description', 'description']"
天津皓翔,['51457'],[],merged,1,0,[],,['47242'],[0.48745107650756836],['title_description']
天津皓翔,['51457'],[],merged,3,0,[],,"['47242', '47272', '47198']","[0.48745107650756836, 0.47334370017051697, 0.4653472304344177]","['title_description', 'title_description', 'description']"
安嵘,['51457'],[],merged,1,0,[],,['51377'],[0.5635566711425781],['description']
安嵘,['51457'],[],merged,3,0,[],,"['51377', '51381', '51378']","[0.5635566711425781, 0.5144899487495422, 0.5143892765045166]","['description', 'title_description', 'description']"
安徽纵辉科技工程有限公司,['51457'],[],merged,1,0,[],,['50731'],[0.4486037790775299],['title_description']
安徽纵辉科技工程有限公司,['51457'],[],merged,3,0,[],,"['50731', '60265', '28128']","[0.4486037790775299, 0.4473251700401306, 0.4258519113063812]","['title_description', 'title_description', 'title_description']"
安济达,['51457'],[],merged,1,0,[],,['23'],[0.5564002990722656],['title_description']
安济达,['51457'],[],merged,3,0,[],,"['23', '85', '51323']","[0.5564002990722656, 0.5282612442970276, 0.4842047095298767]","['title_description', 'title_description', 'description']"
宜昌储能新能源有限公司,['51457'],[],merged,1,0,[],,['50731'],[0.457951158285141],['title_description']
宜昌储能新能源有限公司,['51457'],[],merged,3,0,[],,"['50731', '60265', '47242']","[0.457951158285141, 0.4436454772949219, 0.4317638576030731]","['title_description', 'title_description', 'title_description']"
展厅设计公司,['51457'],[],merged,1,0,[],,['47242'],[0.45739927887916565],['title_description']
展厅设计公司,['51457'],[],merged,3,0,[],,"['47242', '5012', '5359']","[0.45739927887916565, 0.4506436586380005, 0.4416767954826355]","['title_description', 'description', 'description']"
山东理工,['51457'],[],merged,1,0,[],,['39537'],[0.6384793519973755],['description']
山东理工,['51457'],[],merged,3,0,[],,"['39537', '4551', '52364']","[0.6384793519973755, 0.5708253979682922, 0.5469273328781128]","['description', 'description', 'title_description']"
山东顺鑫达新材料有限公司,['51457'],[],merged,1,0,[],,['60265'],[0.4501597583293915],['title_description']
山东顺鑫达新材料有限公司,['51457'],[],merged,3,0,[],,"['60265', '50731', '28128']","[0.4501597583293915, 0.44871553778648376, 0.4410563111305237]","['title_description', 'title_description', 'title_description']"
山点水,['51457'],[],merged,1,0,[],,['51377'],[0.49028101563453674],['title_description']
山点水,['51457'],[],merged,3,0,[],,"['51377', '51378', '51379']","[0.49028101563453674, 0.4569474458694458, 0.45515942573547363]","['title_description', 'description', 'title_description']"
巴拉巴拉,['51457'],[],merged,1,0,[],,['23'],[0.5934418439865112],['title_description']
巴拉巴拉,['51457'],[],merged,3,0,[],,"['23', '85', '51388']","[0.5934418439865112, 0.5496323704719543, 0.5310066938400269]","['title_description', 'title_description', 'description']"
常州众森磊传媒有限责任公司,['51457'],[],merged,1,0,[],,['50731'],[0.4368239939212799],['title_description']
常州众森磊传媒有限责任公司,['51457'],[],merged,3,1,['51457'],3.0,"['50731', '60265', '51457']","[0.4368239939212799, 0.43138593435287476, 0.42900073528289795]","['title_description', 'title_description', 'description']"
广东东莞立讯精密有限公司,['51457'],[],merged,1,0,[],,['50731'],[0.4498026371002197],['title_description']
广东东莞立讯精密有限公司,['51457'],[],merged,3,0,[],,"['50731', '28128', '60265']","[0.4498026371002197, 0.44073978066444397, 0.437604695558548]","['title_description', 'title_description', 'title_description']"
广州友民网吧,['51457'],[],merged,1,0,[],,['47198'],[0.39966076612472534],['description']
广州友民网吧,['51457'],[],merged,3,0,[],,"['47198', '47242', '47272']","[0.39966076612472534, 0.3955193758010864, 0.37046778202056885]","['description', 'title_description', 'title_description']"
广州律师事务所,['51457'],[],merged,1,0,[],,['51474'],[0.5381696224212646],['description']
广州律师事务所,['51457'],[],merged,3,0,[],,"['51474', '47198', '47242']","[0.5381696224212646, 0.4493473768234253, 0.4387737810611725]","['description', 'description', 'title_description']"
广州新马国际教育科技有限公司,['51457'],[],merged,1,0,[],,['5917'],[0.5820034742355347],['description']
广州新马国际教育科技有限公司,['51457'],[],merged,3,0,[],,"['5917', '5273', '50731']","[0.5820034742355347, 0.5132720470428467, 0.5031217932701111]","['description', 'description', 'title_description']"
广州易新机电有限公司,['51457'],[],merged,1,0,[],,['5881'],[0.4627333879470825],['title_description']
广州易新机电有限公司,['51457'],[],merged,3,0,[],,"['5881', '50731', '47242']","[0.4627333879470825, 0.43618494272232056, 0.4225154519081116]","['title_description', 'title_description', 'title_description']"
广西浙华,['51457'],[],merged,1,0,[],,['47242'],[0.5029101967811584],['title_description']
广西浙华,['51457'],[],merged,3,0,[],,"['47242', '50731', '47198']","[0.5029101967811584, 0.5008137226104736, 0.48632916808128357]","['title_description', 'title_description', 'description']"
广西龙脊梯田,['51457'],[],merged,1,0,[],,['5671'],[0.4666116237640381],['title_description']
广西龙脊梯田,['51457'],[],merged,3,0,[],,"['5671', '62106', '47242']","[0.4666116237640381, 0.4550726115703583, 0.43391335010528564]","['title_description', 'title_description', 'title_description']"
康鑫人力资源有限公司,['51457'],[],merged,1,1,['51457'],1.0,['51457'],[0.5917066931724548],['description']
康鑫人力资源有限公司,['51457'],[],merged,3,1,['51457'],1.0,"['51457', '60265', '28126']","[0.5917066931724548, 0.5454916954040527, 0.5248197913169861]","['description', 'title_description', 'description']"
惠嘉科技有限公司,['51457'],[],merged,1,0,[],,['50731'],[0.5454550385475159],['title_description']
惠嘉科技有限公司,['51457'],[],merged,3,1,['51457'],3.0,"['50731', '60265', '51457']","[0.5454550385475159, 0.5335168838500977, 0.5318193435668945]","['title_description', 'title_description', 'description']"
慧易融科技是正规公司吗,['51457'],[],merged,1,0,[],,['60265'],[0.6305972337722778],['title_description']
慧易融科技是正规公司吗,['51457'],[],merged,3,1,['51457'],3.0,"['60265', '50731', '51457']","[0.6305972337722778, 0.5965813398361206, 0.5796821713447571]","['title_description', 'title_description', 'description']"
成都银行网点查询,['51457'],[],merged,1,0,[],,['47198'],[0.6406539678573608],['description']
成都银行网点查询,['51457'],[],merged,3,0,[],,"['47198', '47272', '47242']","[0.6406539678573608, 0.6113407611846924, 0.5948342084884644]","['description', 'title_description', 'title_description']"
新玛农资,['51457'],[],merged,1,0,[],,['60977'],[0.3653497099876404],['title_description']
新玛农资,['51457'],[],merged,3,0,[],,"['60977', '51323', '61111']","[0.3653497099876404, 0.36399444937705994, 0.3622564673423767]","['title_description', 'title_description', 'title_description']"
新疆万铭舟交通,['51457'],[],merged,1,0,[],,['47190'],[0.45683813095092773],['title_description']
新疆万铭舟交通,['51457'],[],merged,3,0,[],,"['47190', '47266', '60874']","[0.45683813095092773, 0.4304213523864746, 0.4283113479614258]","['title_description', 'title_description', 'title_description']"
新疆中科汇裕,['51457'],[],merged,1,0,[],,['50731'],[0.5277032256126404],['title_description']
新疆中科汇裕,['51457'],[],merged,3,0,[],,"['50731', '60265', '28128']","[0.5277032256126404, 0.5237786769866943, 0.5109837651252747]","['title_description', 'title_description', 'title_description']"
新芯航途,['51457'],[],merged,1,0,[],,['61111'],[0.5196207761764526],['title_description']
新芯航途,['51457'],[],merged,3,0,[],,"['61111', '5917', '50731']","[0.5196207761764526, 0.517401933670044, 0.5072013735771179]","['title_description', 'title_description', 'title_description']"
新鑫物业管理有限公司,['51457'],[],merged,1,0,[],,['50731'],[0.4858418107032776],['title_description']
新鑫物业管理有限公司,['51457'],[],merged,3,1,['51457'],3.0,"['50731', '51482', '51457']","[0.4858418107032776, 0.48067614436149597, 0.47122570872306824]","['title_description', 'title_description', 'description']"
星云机场,['51457'],[],merged,1,0,[],,['47242'],[0.5425364971160889],['title_description']
星云机场,['51457'],[],merged,3,0,[],,"['47242', '5671', '60868']","[0.5425364971160889, 0.5336011648178101, 0.5203226804733276]","['title_description', 'title_description', 'title_description']"
智能家居品牌,['51457'],[],merged,1,0,[],,['5881'],[0.5843765139579773],['description']
智能家居品牌,['51457'],[],merged,3,0,[],,"['5881', '60977', '5882']","[0.5843765139579773, 0.48525112867355347, 0.4814820885658264]","['description', 'title_description', 'description']"
木森林科技有限公司,['51457'],[],merged,1,0,[],,['50731'],[0.4815543293952942],['title_description']
木森林科技有限公司,['51457'],[],merged,3,0,[],,"['50731', '60265', '47242']","[0.4815543293952942, 0.45822203159332275, 0.4579543173313141]","['title_description', 'title_description', 'title_description']"
松下服务,['51457'],[],merged,1,0,[],,['5881'],[0.4945398271083832],['title_description']
松下服务,['51457'],[],merged,3,0,[],,"['5881', '47198', '60977']","[0.4945398271083832, 0.48904383182525635, 0.47415900230407715]","['title_description', 'description', 'title_description']"
榆林霆霖云网络科技有限公司,['51457'],[],merged,1,0,[],,['60265'],[0.49067217111587524],['title_description']
榆林霆霖云网络科技有限公司,['51457'],[],merged,3,0,[],,"['60265', '50731', '28126']","[0.49067217111587524, 0.48146387934684753, 0.47688359022140503]","['title_description', 'title_description', 'description']"
欣贝源,['51457'],[],merged,1,0,[],,['47272'],[0.4683809280395508],['title_description']
欣贝源,['51457'],[],merged,3,0,[],,"['47272', '60977', '50731']","[0.4683809280395508, 0.46005332469940186, 0.4536542296409607]","['title_description', 'title_description', 'title_description']"
武汉长金科技有限公司,['51457'],[],merged,1,0,[],,['50731'],[0.5196545124053955],['title_description']
武汉长金科技有限公司,['51457'],[],merged,3,1,['51457'],3.0,"['50731', '60265', '51457']","[0.5196545124053955, 0.5065135955810547, 0.48376399278640747]","['title_description', 'title_description', 'description']"
汇锐医疗,['51457'],[],merged,1,0,[],,['60265'],[0.472959041595459],['title_description']
汇锐医疗,['51457'],[],merged,3,0,[],,"['60265', '50731', '28128']","[0.472959041595459, 0.4722668528556824, 0.463988721370697]","['title_description', 'title_description', 'title_description']"
汉文投,['51457'],[],merged,1,0,[],,['52524'],[0.5439063906669617],['description']
汉文投,['51457'],[],merged,3,0,[],,"['52524', '5671', '51323']","[0.5439063906669617, 0.5278472900390625, 0.5266427993774414]","['description', 'title_description', 'description']"
江西华创新材料有限公司,['51457'],[],merged,1,0,[],,['50731'],[0.5170941948890686],['title_description']
江西华创新材料有限公司,['51457'],[],merged,3,0,[],,"['50731', '60265', '28128']","[0.5170941948890686, 0.48055440187454224, 0.47920599579811096]","['title_description', 'title_description', 'title_description']"
河北汇工科技股份有限公司,['51457'],[],merged,1,0,[],,['60265'],[0.4729161262512207],['title_description']
河北汇工科技股份有限公司,['51457'],[],merged,3,0,[],,"['60265', '50731', '47242']","[0.4729161262512207, 0.4587913453578949, 0.4546162486076355]","['title_description', 'title_description', 'title_description']"
润天药业,['51457'],[],merged,1,0,[],,['60265'],[0.46404650807380676],['title_description']
润天药业,['51457'],[],merged,3,0,[],,"['60265', '50731', '28128']","[0.46404650807380676, 0.4591566324234009, 0.45772379636764526]","['title_description', 'title_description', 'title_description']"
润宏科技文化有限公司怎么样,['51457'],[],merged,1,0,[],,['60265'],[0.5426045060157776],['title_description']
润宏科技文化有限公司怎么样,['51457'],[],merged,3,1,['51457'],2.0,"['60265', '51457', '50731']","[0.5426045060157776, 0.5365728735923767, 0.5255148410797119]","['title_description', 'description', 'title_description']"
润鑫建设工程有限公司,['51457'],[],merged,1,0,[],,['60265'],[0.5004670023918152],['title_description']
润鑫建设工程有限公司,['51457'],[],merged,3,1,['51457'],3.0,"['60265', '50731', '51457']","[0.5004670023918152, 0.4901365637779236, 0.4893566966056824]","['title_description', 'title_description', 'description']"
深圳云达瑞,['51457'],[],merged,1,0,[],,['5881'],[0.47320741415023804],['description']
深圳云达瑞,['51457'],[],merged,3,0,[],,"['5881', '47198', '47242']","[0.47320741415023804, 0.4692990779876709, 0.43039917945861816]","['description', 'description', 'title_description']"
深圳商会,['51457'],[],merged,1,0,[],,['60265'],[0.46224483847618103],['title_description']
深圳商会,['51457'],[],merged,3,0,[],,"['60265', '28126', '28128']","[0.46224483847618103, 0.453806072473526, 0.453806072473526]","['title_description', 'description', 'description']"
深圳市亦深电子有限公司怎么样,['51457'],[],merged,1,0,[],,['50731'],[0.4792678952217102],['title_description']
深圳市亦深电子有限公司怎么样,['51457'],[],merged,3,1,['51457'],2.0,"['50731', '51457', '60265']","[0.4792678952217102, 0.4708828032016754, 0.46458491683006287]","['title_description', 'description', 'title_description']"
深圳金浩宇科技有限公司,['51457'],[],merged,1,0,[],,['60265'],[0.49210888147354126],['title_description']
深圳金浩宇科技有限公司,['51457'],[],merged,3,1,['51457'],2.0,"['60265', '51457', '50731']","[0.49210888147354126, 0.4846201539039612, 0.4808048605918884]","['title_description', 'description', 'title_description']"
深圳青苗,['51457'],[],merged,1,0,[],,['47198'],[0.4804755449295044],['description']
深圳青苗,['51457'],[],merged,3,0,[],,"['47198', '47272', '5273']","[0.4804755449295044, 0.4728514850139618, 0.4677862524986267]","['description', 'title_description', 'description']"
深圳飞仕达,['51457'],[],merged,1,0,[],,['5881'],[0.45732036232948303],['description']
深圳飞仕达,['51457'],[],merged,3,0,[],,"['5881', '60868', '47198']","[0.45732036232948303, 0.45395582914352417, 0.42530378699302673]","['description', 'title_description', 'description']"
添利电子科技有限公司怎么样,['51457'],[],merged,1,0,[],,['50731'],[0.5304771065711975],['title_description']
添利电子科技有限公司怎么样,['51457'],[],merged,3,0,[],,"['50731', '60265', '28126']","[0.5304771065711975, 0.5126953721046448, 0.5084282755851746]","['title_description', 'title_description', 'title_description']"
湖北茗草坊农业科技有限公司怎么样,['51457'],[],merged,1,0,[],,['50731'],[0.4497455358505249],['title_description']
湖北茗草坊农业科技有限公司怎么样,['51457'],[],merged,3,0,[],,"['50731', '28126', '28128']","[0.4497455358505249, 0.44288408756256104, 0.44288408756256104]","['title_description', 'description', 'description']"
甘肃税务,['51457'],[],merged,1,0,[],,['5671'],[0.45733577013015747],['title_description']
甘肃税务,['51457'],[],merged,3,0,[],,"['5671', '47266', '47242']","[0.45733577013015747, 0.4564565420150757, 0.4519577622413635]","['title_description', 'title_description', 'title_description']"
甬台温,['51457'],[],merged,1,0,[],,['47266'],[0.582268476486206],['title_description']
甬台温,['51457'],[],merged,3,0,[],,"['47266', '47190', '62106']","[0.582268476486206, 0.5495264530181885, 0.5325849056243896]","['title_description', 'title_description', 'title_description']"
甬灿文化,['51457'],[],merged,1,0,[],,['51377'],[0.4559133052825928],['description']
甬灿文化,['51457'],[],merged,3,0,[],,"['51377', '52524', '51323']","[0.4559133052825928, 0.45443689823150635, 0.4510509967803955]","['description', 'description', 'description']"
白宇信息介绍 简介,['51457'],[],merged,1,1,['51457'],1.0,['51457'],[0.5072226524353027],['description']
白宇信息介绍 简介,['51457'],[],merged,3,1,['51457'],1.0,"['51457', '47242', '51275']","[0.5072226524353027, 0.4960918724536896, 0.4841421842575073]","['description', 'title_description', 'title_description']"
石家庄山姆,['51457'],[],merged,1,0,[],,['47198'],[0.41780683398246765],['description']
石家庄山姆,['51457'],[],merged,3,0,[],,"['47198', '47272', '5012']","[0.41780683398246765, 0.4163718819618225, 0.40948447585105896]","['description', 'title_description', 'description']"
福建夏门,['51457'],[],merged,1,0,[],,['47242'],[0.4518524408340454],['title_description']
福建夏门,['51457'],[],merged,3,0,[],,"['47242', '62106', '5671']","[0.4518524408340454, 0.4492188096046448, 0.4445568323135376]","['title_description', 'title_description', 'title_description']"
福建鑫佰集团,['51457'],[],merged,1,0,[],,['60265'],[0.4691896438598633],['title_description']
福建鑫佰集团,['51457'],[],merged,3,1,['51457'],3.0,"['60265', '50731', '51457']","[0.4691896438598633, 0.46548354625701904, 0.45493635535240173]","['title_description', 'title_description', 'description']"
米健饮食服务公司,['51457'],[],merged,1,0,[],,['47272'],[0.5421728491783142],['title_description']
米健饮食服务公司,['51457'],[],merged,3,0,[],,"['47272', '47198', '47242']","[0.5421728491783142, 0.4705611765384674, 0.4490277171134949]","['title_description', 'description', 'title_description']"
粮丰园,['51457'],[],merged,1,0,[],,['47272'],[0.46984273195266724],['title_description']
粮丰园,['51457'],[],merged,3,0,[],,"['47272', '47242', '5671']","[0.46984273195266724, 0.42883947491645813, 0.42514535784721375]","['title_description', 'title_description', 'title_description']"
联科科技最新消息,['51457'],[],merged,1,0,[],,['50926'],[0.57924485206604],['title_description']
联科科技最新消息,['51457'],[],merged,3,0,[],,"['50926', '60265', '5432']","[0.57924485206604, 0.5537357330322266, 0.5526580810546875]","['title_description', 'title_description', 'title_description']"
肇庆四会龙航电器,['51457'],[],merged,1,0,[],,['5881'],[0.4350651800632477],['title_description']
肇庆四会龙航电器,['51457'],[],merged,3,0,[],,"['5881', '47272', '50731']","[0.4350651800632477, 0.35660576820373535, 0.34383296966552734]","['title_description', 'title_description', 'title_description']"
臻宝科技股吧最新消息,['51457'],[],merged,1,0,[],,['50926'],[0.5354563593864441],['title_description']
臻宝科技股吧最新消息,['51457'],[],merged,3,0,[],,"['50926', '5432', '50159']","[0.5354563593864441, 0.531903862953186, 0.5112860798835754]","['title_description', 'title_description', 'title_description']"
舞者圈,['51457'],[],merged,1,0,[],,['50393'],[0.4627271294593811],['description']
舞者圈,['51457'],[],merged,3,0,[],,"['50393', '51275', '62248']","[0.4627271294593811, 0.4535708427429199, 0.4476214647293091]","['description', 'title_description', 'description']"
苏州合盈机械科技有限公司,['51457'],[],merged,1,0,[],,['60265'],[0.4346618056297302],['title_description']
苏州合盈机械科技有限公司,['51457'],[],merged,3,0,[],,"['60265', '50731', '5881']","[0.4346618056297302, 0.4271485209465027, 0.41918063163757324]","['title_description', 'title_description', 'description']"
英福康,['51457'],[],merged,1,0,[],,['5881'],[0.4944523572921753],['title_description']
英福康,['51457'],[],merged,3,0,[],,"['5881', '5882', '60977']","[0.4944523572921753, 0.4533185362815857, 0.4442766606807709]","['title_description', 'description', 'title_description']"
葶贝,['51457'],[],merged,1,0,[],,['51323'],[0.468881756067276],['description']
葶贝,['51457'],[],merged,3,0,[],,"['51323', '60977', '51388']","[0.468881756067276, 0.4685155749320984, 0.46320784091949463]","['description', 'title_description', 'description']"
蔻一,['51457'],[],merged,1,0,[],,['60977'],[0.48297780752182007],['title_description']
蔻一,['51457'],[],merged,3,0,[],,"['60977', '51377', '47272']","[0.48297780752182007, 0.4789189398288727, 0.4754655063152313]","['title_description', 'description', 'title_description']"
融通招标平台,['51457'],[],merged,1,0,[],,['60265'],[0.5612707734107971],['title_description']
融通招标平台,['51457'],[],merged,3,0,[],,"['60265', '5359', '47242']","[0.5612707734107971, 0.5144761800765991, 0.5134008526802063]","['title_description', 'description', 'title_description']"
西安熙地港,['51457'],[],merged,1,0,[],,['5012'],[0.6054800152778625],['description']
西安熙地港,['51457'],[],merged,3,0,[],,"['5012', '47272', '47242']","[0.6054800152778625, 0.5353365540504456, 0.5343494415283203]","['description', 'title_description', 'title_description']"
贵州茅台镇,['51457'],[],merged,1,0,[],,['5671'],[0.4593934118747711],['title_description']
贵州茅台镇,['51457'],[],merged,3,0,[],,"['5671', '47272', '62106']","[0.4593934118747711, 0.4511672556400299, 0.44410616159439087]","['title_description', 'title_description', 'title_description']"
运捷迅,['51457'],[],merged,1,0,[],,['47266'],[0.5708736181259155],['title_description']
运捷迅,['51457'],[],merged,3,0,[],,"['47266', '47190', '47198']","[0.5708736181259155, 0.5615023970603943, 0.5500972867012024]","['title_description', 'title_description', 'description']"
逍遥州文化,['51457'],[],merged,1,0,[],,['52524'],[0.48489606380462646],['description']
逍遥州文化,['51457'],[],merged,3,0,[],,"['52524', '51377', '5671']","[0.48489606380462646, 0.46388542652130127, 0.44398683309555054]","['description', 'description', 'title_description']"
郴州韩光,['51457'],[],merged,1,0,[],,['47242'],[0.37518376111984253],['title_description']
郴州韩光,['51457'],[],merged,3,0,[],,"['47242', '47272', '52523']","[0.37518376111984253, 0.3751600980758667, 0.36932486295700073]","['title_description', 'title_description', 'description']"
重庆东,['51457'],[],merged,1,0,[],,['5671'],[0.5060479640960693],['title_description']
重庆东,['51457'],[],merged,3,0,[],,"['5671', '62106', '47272']","[0.5060479640960693, 0.499986469745636, 0.4980982542037964]","['title_description', 'title_description', 'title_description']"
重庆机电动力科技有限公司,['51457'],[],merged,1,0,[],,['50731'],[0.4494113624095917],['title_description']
重庆机电动力科技有限公司,['51457'],[],merged,3,0,[],,"['50731', '60265', '5881']","[0.4494113624095917, 0.44465094804763794, 0.4335460066795349]","['title_description', 'title_description', 'description']"
金地城,['51457'],[],merged,1,0,[],,['51482'],[0.5545947551727295],['title_description']
金地城,['51457'],[],merged,3,0,[],,"['51482', '47242', '51590']","[0.5545947551727295, 0.5343754291534424, 0.5039670467376709]","['title_description', 'title_description', 'title_description']"
金宇矿业有限公司,['51457'],[],merged,1,0,[],,['51590'],[0.49670901894569397],['title_description']
金宇矿业有限公司,['51457'],[],merged,3,1,['51457'],3.0,"['51590', '60265', '51457']","[0.49670901894569397, 0.4709589183330536, 0.4665754437446594]","['title_description', 'title_description', 'description']"
金山打字通,['51457'],[],merged,1,0,[],,['51382'],[0.5389711260795593],['title_description']
金山打字通,['51457'],[],merged,3,0,[],,"['51382', '51381', '51388']","[0.5389711260795593, 0.538526177406311, 0.5202915668487549]","['title_description', 'title_description', 'description']"
金柯宇,['51457'],[],merged,1,0,[],,['51377'],[0.5000932216644287],['description']
金柯宇,['51457'],[],merged,3,0,[],,"['51377', '50393', '51378']","[0.5000932216644287, 0.49958860874176025, 0.46628865599632263]","['description', 'description', 'description']"
金盛贵金属,['51457'],[],merged,1,0,[],,['51590'],[0.6689715385437012],['title_description']
金盛贵金属,['51457'],[],merged,3,0,[],,"['51590', '51088', '50926']","[0.6689715385437012, 0.610876739025116, 0.5021185874938965]","['title_description', 'description', 'title_description']"
银盛数惠,['51457'],[],merged,1,0,[],,['47198'],[0.5571467280387878],['description']
银盛数惠,['51457'],[],merged,3,0,[],,"['47198', '5273', '61111']","[0.5571467280387878, 0.5497727394104004, 0.5453310012817383]","['description', 'description', 'title_description']"
长沙市宸禹,['51457'],[],merged,1,0,[],,['39537'],[0.4983230531215668],['description']
长沙市宸禹,['51457'],[],merged,3,0,[],,"['39537', '47198', '5917']","[0.4983230531215668, 0.47160613536834717, 0.4633433520793915]","['description', 'description', 'description']"
长沙游泳,['51457'],[],merged,1,0,[],,['62106'],[0.35680505633354187],['title_description']
长沙游泳,['51457'],[],merged,3,0,[],,"['62106', '5671', '47272']","[0.35680505633354187, 0.3547108769416809, 0.3513820171356201]","['title_description', 'title_description', 'title_description']"
阿南达蒙医简介,['51457'],[],merged,1,0,[],,['23'],[0.393248587846756],['title_description']
阿南达蒙医简介,['51457'],[],merged,3,1,['51457'],3.0,"['23', '85', '51457']","[0.393248587846756, 0.37305498123168945, 0.36064398288726807]","['title_description', 'title_description', 'title_description']"
陕西建工集团,['51457'],[],merged,1,0,[],,['60265'],[0.4605753421783447],['title_description']
陕西建工集团,['51457'],[],merged,3,1,['51457'],2.0,"['60265', '51457', '50731']","[0.4605753421783447, 0.44957154989242554, 0.4488826394081116]","['title_description', 'description', 'title_description']"
隆基绿能还有希望吗,['51457'],[],merged,1,0,[],,['50926'],[0.4528334140777588],['title_description']
隆基绿能还有希望吗,['51457'],[],merged,3,0,[],,"['50926', '5432', '61111']","[0.4528334140777588, 0.44401413202285767, 0.42855677008628845]","['title_description', 'title_description', 'title_description']"
顺博公司最新消息,['51457'],[],merged,1,0,[],,['5432'],[0.5524442195892334],['title_description']
顺博公司最新消息,['51457'],[],merged,3,0,[],,"['5432', '50926', '60265']","[0.5524442195892334, 0.5243315696716309, 0.5115966200828552]","['title_description', 'title_description', 'title_description']"
鸿图娱乐,['51457'],[],merged,1,0,[],,['47272'],[0.48397213220596313],['title_description']
鸿图娱乐,['51457'],[],merged,3,0,[],,"['47272', '5671', '51275']","[0.48397213220596313, 0.4530462324619293, 0.45228439569473267]","['title_description', 'title_description', 'title_description']"
麒龙,['51457'],[],merged,1,0,[],,['5271'],[0.5381644368171692],['description']
麒龙,['51457'],[],merged,3,0,[],,"['5271', '47272', '51388']","[0.5381644368171692, 0.49015671014785767, 0.48051124811172485]","['description', 'title_description', 'description']"
鼎新铜业,['51457'],[],merged,1,0,[],,['51590'],[0.4754684269428253],['title_description']
鼎新铜业,['51457'],[],merged,3,0,[],,"['51590', '50731', '50926']","[0.4754684269428253, 0.4390852153301239, 0.4347803592681885]","['title_description', 'title_description', 'title_description']"
一亩良品,['51457'],[],title_description,1,0,[],,['47272'],[0.4004209637641907],['title_description']
一亩良品,['51457'],[],title_description,3,0,[],,"['47272', '60977', '5544']","[0.4004209637641907, 0.39955198764801025, 0.38783740997314453]","['title_description', 'title_description', 'title_description']"
上海宝冶最新中标项目,['51457'],[],title_description,1,0,[],,['50926'],[0.44677644968032837],['title_description']
上海宝冶最新中标项目,['51457'],[],title_description,3,0,[],,"['50926', '47242', '50731']","[0.44677644968032837, 0.44547951221466064, 0.44440293312072754]","['title_description', 'title_description', 'title_description']"
上海科湃腾科技有限公司,['51457'],[],title_description,1,0,[],,['60265'],[0.5238239765167236],['title_description']
上海科湃腾科技有限公司,['51457'],[],title_description,3,0,[],,"['60265', '50731', '47242']","[0.5238239765167236, 0.5207589268684387, 0.5156183242797852]","['title_description', 'title_description', 'title_description']"
上海静安,['51457'],[],title_description,1,0,[],,['47242'],[0.5353416204452515],['title_description']
上海静安,['51457'],[],title_description,3,0,[],,"['47242', '47266', '46679']","[0.5353416204452515, 0.5200804471969604, 0.513690710067749]","['title_description', 'title_description', 'title_description']"
东方电子最新消息,['51457'],[],title_description,1,0,[],,['50926'],[0.5231755971908569],['title_description']
东方电子最新消息,['51457'],[],title_description,3,0,[],,"['50926', '5432', '50159']","[0.5231755971908569, 0.5211711525917053, 0.48173844814300537]","['title_description', 'title_description', 'title_description']"
东莞华信达科技有限公司,['51457'],[],title_description,1,0,[],,['60265'],[0.4991522431373596],['title_description']
东莞华信达科技有限公司,['51457'],[],title_description,3,0,[],,"['60265', '50731', '28126']","[0.4991522431373596, 0.4990600049495697, 0.481187105178833]","['title_description', 'title_description', 'title_description']"
中卫绿云投资有限公司,['51457'],[],title_description,1,0,[],,['60265'],[0.49137336015701294],['title_description']
中卫绿云投资有限公司,['51457'],[],title_description,3,0,[],,"['60265', '50731', '28128']","[0.49137336015701294, 0.4855962097644806, 0.4642491936683655]","['title_description', 'title_description', 'title_description']"
中核新能源,['51457'],[],title_description,1,0,[],,['50926'],[0.5173195600509644],['title_description']
中核新能源,['51457'],[],title_description,3,0,[],,"['50926', '50161', '5432']","[0.5173195600509644, 0.4868985414505005, 0.48424994945526123]","['title_description', 'title_description', 'title_description']"
中通物流查询,['51457'],[],title_description,1,0,[],,['47266'],[0.5637094974517822],['title_description']
中通物流查询,['51457'],[],title_description,3,0,[],,"['47266', '47272', '5671']","[0.5637094974517822, 0.5464518666267395, 0.5335090756416321]","['title_description', 'title_description', 'title_description']"
临沂旭坤玻璃制品有限公司,['51457'],[],title_description,1,0,[],,['5359'],[0.36228328943252563],['title_description']
临沂旭坤玻璃制品有限公司,['51457'],[],title_description,3,0,[],,"['5359', '5881', '50731']","[0.36228328943252563, 0.35589051246643066, 0.355726957321167]","['title_description', 'title_description', 'title_description']"
九丰能源最新消息,['51457'],[],title_description,1,0,[],,['50926'],[0.5001585483551025],['title_description']
九丰能源最新消息,['51457'],[],title_description,3,0,[],,"['50926', '5432', '50159']","[0.5001585483551025, 0.48816999793052673, 0.43822479248046875]","['title_description', 'title_description', 'title_description']"
九九幺,['51457'],[],title_description,1,0,[],,['61111'],[0.5370568037033081],['title_description']
九九幺,['51457'],[],title_description,3,0,[],,"['61111', '47272', '51381']","[0.5370568037033081, 0.5241633653640747, 0.5020409822463989]","['title_description', 'title_description', 'title_description']"
乾元律师事务所,['51457'],[],title_description,1,0,[],,['51474'],[0.5433458089828491],['title_description']
乾元律师事务所,['51457'],[],title_description,3,0,[],,"['51474', '60265', '47242']","[0.5433458089828491, 0.47847622632980347, 0.4596162736415863]","['title_description', 'title_description', 'title_description']"
云南易建实业有限公司,['51457'],[],title_description,1,0,[],,['50731'],[0.460673987865448],['title_description']
云南易建实业有限公司,['51457'],[],title_description,3,0,[],,"['50731', '60265', '47242']","[0.460673987865448, 0.4513770639896393, 0.44653940200805664]","['title_description', 'title_description', 'title_description']"
云纳,['51457'],[],title_description,1,0,[],,['51381'],[0.5096653699874878],['title_description']
云纳,['51457'],[],title_description,3,1,['51457'],3.0,"['51381', '61111', '51457']","[0.5096653699874878, 0.5078405737876892, 0.5014493465423584]","['title_description', 'title_description', 'title_description']"
亚普股份最新消息,['51457'],[],title_description,1,0,[],,['5432'],[0.5552946925163269],['title_description']
亚普股份最新消息,['51457'],[],title_description,3,0,[],,"['5432', '50926', '50161']","[0.5552946925163269, 0.5531210899353027, 0.5388007164001465]","['title_description', 'title_description', 'title_description']"
佛山粤创环保科技有限公司,['51457'],[],title_description,1,0,[],,['50731'],[0.45531225204467773],['title_description']
佛山粤创环保科技有限公司,['51457'],[],title_description,3,0,[],,"['50731', '60265', '47242']","[0.45531225204467773, 0.4433891177177429, 0.43976646661758423]","['title_description', 'title_description', 'title_description']"
供电公司电话,['51457'],[],title_description,1,0,[],,['5012'],[0.5558151006698608],['title_description']
供电公司电话,['51457'],[],title_description,3,0,[],,"['5012', '47198', '5778']","[0.5558151006698608, 0.5451903343200684, 0.5006486177444458]","['title_description', 'title_description', 'title_description']"
公商银行,['51457'],[],title_description,1,0,[],,['61111'],[0.575347900390625],['title_description']
公商银行,['51457'],[],title_description,3,0,[],,"['61111', '50926', '47242']","[0.575347900390625, 0.5322490334510803, 0.518405556678772]","['title_description', 'title_description', 'title_description']"
内蒙建设集团股份有限公司,['51457'],[],title_description,1,0,[],,['60265'],[0.4440124034881592],['title_description']
内蒙建设集团股份有限公司,['51457'],[],title_description,3,0,[],,"['60265', '50731', '47242']","[0.4440124034881592, 0.43230199813842773, 0.4080069065093994]","['title_description', 'title_description', 'title_description']"
利达,['51457'],[],title_description,1,0,[],,['60977'],[0.5450475215911865],['title_description']
利达,['51457'],[],title_description,3,0,[],,"['60977', '47242', '47272']","[0.5450475215911865, 0.5386765599250793, 0.5268913507461548]","['title_description', 'title_description', 'title_description']"
别墅电梯,['51457'],[],title_description,1,0,[],,['47242'],[0.43642428517341614],['title_description']
别墅电梯,['51457'],[],title_description,3,0,[],,"['47242', '60977', '47272']","[0.43642428517341614, 0.41243916749954224, 0.4096217751502991]","['title_description', 'title_description', 'title_description']"
力拓芯存,['51457'],[],title_description,1,0,[],,['60977'],[0.4853750765323639],['title_description']
力拓芯存,['51457'],[],title_description,3,0,[],,"['60977', '50926', '28128']","[0.4853750765323639, 0.47034019231796265, 0.46978211402893066]","['title_description', 'title_description', 'title_description']"
勤于思宜宾,['51457'],[],title_description,1,0,[],,['52336'],[0.44045817852020264],['title_description']
勤于思宜宾,['51457'],[],title_description,3,0,[],,"['52336', '51388', '51381']","[0.44045817852020264, 0.42970189452171326, 0.42089468240737915]","['title_description', 'title_description', 'title_description']"
北京北创科技有限公司,['51457'],[],title_description,1,0,[],,['47242'],[0.533857524394989],['title_description']
北京北创科技有限公司,['51457'],[],title_description,3,0,[],,"['47242', '60265', '50731']","[0.533857524394989, 0.5305272340774536, 0.4961979389190674]","['title_description', 'title_description', 'title_description']"
北京大有青年公司怎么样,['51457'],[],title_description,1,0,[],,['60265'],[0.48943769931793213],['title_description']
北京大有青年公司怎么样,['51457'],[],title_description,3,0,[],,"['60265', '50731', '47242']","[0.48943769931793213, 0.469277560710907, 0.4668254256248474]","['title_description', 'title_description', 'title_description']"
华天科技最新消息今天,['51457'],[],title_description,1,0,[],,['50926'],[0.554457426071167],['title_description']
华天科技最新消息今天,['51457'],[],title_description,3,0,[],,"['50926', '5432', '61111']","[0.554457426071167, 0.5240765810012817, 0.504565954208374]","['title_description', 'title_description', 'title_description']"
华太集团,['51457'],[],title_description,1,0,[],,['60265'],[0.5205107927322388],['title_description']
华太集团,['51457'],[],title_description,3,0,[],,"['60265', '50731', '28128']","[0.5205107927322388, 0.5111051797866821, 0.4989323318004608]","['title_description', 'title_description', 'title_description']"
华昌线缆有限公司,['51457'],[],title_description,1,0,[],,['60265'],[0.4582338333129883],['title_description']
华昌线缆有限公司,['51457'],[],title_description,3,0,[],,"['60265', '50731', '5881']","[0.4582338333129883, 0.4569041430950165, 0.4414406418800354]","['title_description', 'title_description', 'title_description']"
华美乐装饰工程有限公司,['51457'],[],title_description,1,0,[],,['47272'],[0.4635166823863983],['title_description']
华美乐装饰工程有限公司,['51457'],[],title_description,3,0,[],,"['47272', '47242', '50731']","[0.4635166823863983, 0.4429650902748108, 0.4418618679046631]","['title_description', 'title_description', 'title_description']"
卡布里尼,['51457'],[],title_description,1,0,[],,['62016'],[0.4901931583881378],['title_description']
卡布里尼,['51457'],[],title_description,3,0,[],,"['62016', '23', '51044']","[0.4901931583881378, 0.4872562289237976, 0.4866974949836731]","['title_description', 'title_description', 'title_description']"
卡文西克,['51457'],[],title_description,1,0,[],,['47242'],[0.5094727277755737],['title_description']
卡文西克,['51457'],[],title_description,3,0,[],,"['47242', '23', '51044']","[0.5094727277755737, 0.49707478284835815, 0.4952627420425415]","['title_description', 'title_description', 'title_description']"
厦门原趣科技有限公司,['51457'],[],title_description,1,0,[],,['50731'],[0.49372339248657227],['title_description']
厦门原趣科技有限公司,['51457'],[],title_description,3,0,[],,"['50731', '60265', '47242']","[0.49372339248657227, 0.47649386525154114, 0.47122299671173096]","['title_description', 'title_description', 'title_description']"
厦门达昊制造有限公司,['51457'],[],title_description,1,0,[],,['5881'],[0.4495696425437927],['title_description']
厦门达昊制造有限公司,['51457'],[],title_description,3,0,[],,"['5881', '60265', '50731']","[0.4495696425437927, 0.4375734329223633, 0.4360039532184601]","['title_description', 'title_description', 'title_description']"
友宝,['51457'],[],title_description,1,0,[],,['47272'],[0.5509598851203918],['title_description']
友宝,['51457'],[],title_description,3,0,[],,"['47272', '60977', '47242']","[0.5509598851203918, 0.507085919380188, 0.47961702942848206]","['title_description', 'title_description', 'title_description']"
合肥老乡鸡,['51457'],[],title_description,1,0,[],,['47272'],[0.5182881355285645],['title_description']
合肥老乡鸡,['51457'],[],title_description,3,0,[],,"['47272', '47242', '47198']","[0.5182881355285645, 0.42503342032432556, 0.4142901301383972]","['title_description', 'title_description', 'title_description']"
吉华集团最新消息,['51457'],[],title_description,1,0,[],,['50926'],[0.5364241600036621],['title_description']
吉华集团最新消息,['51457'],[],title_description,3,0,[],,"['50926', '61111', '5432']","[0.5364241600036621, 0.531528890132904, 0.5289541482925415]","['title_description', 'title_description', 'title_description']"
哈尔滨中兆迪康电梯制造有限公司怎么样,['51457'],[],title_description,1,0,[],,['5881'],[0.4222378134727478],['title_description']
哈尔滨中兆迪康电梯制造有限公司怎么样,['51457'],[],title_description,3,0,[],,"['5881', '60265', '50731']","[0.4222378134727478, 0.3936692476272583, 0.389814555644989]","['title_description', 'title_description', 'title_description']"
喜上福居家具有限公司,['51457'],[],title_description,1,0,[],,['5881'],[0.42804136872291565],['title_description']
喜上福居家具有限公司,['51457'],[],title_description,3,0,[],,"['5881', '47272', '50731']","[0.42804136872291565, 0.42267563939094543, 0.4130823016166687]","['title_description', 'title_description', 'title_description']"
嘉格纳,['51457'],[],title_description,1,0,[],,['23'],[0.5334580540657043],['title_description']
嘉格纳,['51457'],[],title_description,3,1,['51457'],3.0,"['23', '85', '51457']","[0.5334580540657043, 0.4914783537387848, 0.4784910976886749]","['title_description', 'title_description', 'title_description']"
四川川能集团有限公司,['51457'],[],title_description,1,0,[],,['60265'],[0.48139244318008423],['title_description']
四川川能集团有限公司,['51457'],[],title_description,3,0,[],,"['60265', '50731', '47272']","[0.48139244318008423, 0.4752100110054016, 0.44739603996276855]","['title_description', 'title_description', 'title_description']"
四川菜兔兔餐饮管理,['51457'],[],title_description,1,0,[],,['47272'],[0.4597586691379547],['title_description']
四川菜兔兔餐饮管理,['51457'],[],title_description,3,0,[],,"['47272', '47198', '5778']","[0.4597586691379547, 0.3460178077220917, 0.33726000785827637]","['title_description', 'title_description', 'title_description']"
城信,['51457'],[],title_description,1,0,[],,['61111'],[0.604805588722229],['title_description']
城信,['51457'],[],title_description,3,0,[],,"['61111', '50926', '47266']","[0.604805588722229, 0.5632039904594421, 0.5604649186134338]","['title_description', 'title_description', 'title_description']"
天成,['51457'],[],title_description,1,0,[],,['51323'],[0.5343073606491089],['title_description']
天成,['51457'],[],title_description,3,0,[],,"['51323', '5671', '51381']","[0.5343073606491089, 0.5290932059288025, 0.519410252571106]","['title_description', 'title_description', 'title_description']"
天津皓翔,['51457'],[],title_description,1,0,[],,['47242'],[0.48745107650756836],['title_description']
天津皓翔,['51457'],[],title_description,3,0,[],,"['47242', '47272', '5671']","[0.48745107650756836, 0.47334370017051697, 0.45939335227012634]","['title_description', 'title_description', 'title_description']"
安嵘,['51457'],[],title_description,1,0,[],,['51381'],[0.5144899487495422],['title_description']
安嵘,['51457'],[],title_description,3,0,[],,"['51381', '47242', '47272']","[0.5144899487495422, 0.5008023381233215, 0.49548637866973877]","['title_description', 'title_description', 'title_description']"
安徽纵辉科技工程有限公司,['51457'],[],title_description,1,0,[],,['50731'],[0.4486037790775299],['title_description']
安徽纵辉科技工程有限公司,['51457'],[],title_description,3,0,[],,"['50731', '60265', '28128']","[0.4486037790775299, 0.4473251700401306, 0.4258519113063812]","['title_description', 'title_description', 'title_description']"
安济达,['51457'],[],title_description,1,0,[],,['23'],[0.5564002990722656],['title_description']
安济达,['51457'],[],title_description,3,1,['51457'],3.0,"['23', '85', '51457']","[0.5564002990722656, 0.5282612442970276, 0.4814862608909607]","['title_description', 'title_description', 'title_description']"
宜昌储能新能源有限公司,['51457'],[],title_description,1,0,[],,['50731'],[0.457951158285141],['title_description']
宜昌储能新能源有限公司,['51457'],[],title_description,3,0,[],,"['50731', '60265', '47242']","[0.457951158285141, 0.4436454772949219, 0.4317638576030731]","['title_description', 'title_description', 'title_description']"
展厅设计公司,['51457'],[],title_description,1,0,[],,['47242'],[0.45739927887916565],['title_description']
展厅设计公司,['51457'],[],title_description,3,0,[],,"['47242', '28126', '50731']","[0.45739927887916565, 0.43630850315093994, 0.43505483865737915]","['title_description', 'title_description', 'title_description']"
山东理工,['51457'],[],title_description,1,0,[],,['39537'],[0.5663981437683105],['title_description']
山东理工,['51457'],[],title_description,3,0,[],,"['39537', '52364', '4551']","[0.5663981437683105, 0.5469273328781128, 0.5306784510612488]","['title_description', 'title_description', 'title_description']"
山东顺鑫达新材料有限公司,['51457'],[],title_description,1,0,[],,['60265'],[0.4501597583293915],['title_description']
山东顺鑫达新材料有限公司,['51457'],[],title_description,3,0,[],,"['60265', '50731', '28128']","[0.4501597583293915, 0.44871553778648376, 0.4410563111305237]","['title_description', 'title_description', 'title_description']"
山点水,['51457'],[],title_description,1,0,[],,['51377'],[0.49028101563453674],['title_description']
山点水,['51457'],[],title_description,3,0,[],,"['51377', '51379', '51376']","[0.49028101563453674, 0.45515942573547363, 0.45419466495513916]","['title_description', 'title_description', 'title_description']"
巴拉巴拉,['51457'],[],title_description,1,0,[],,['23'],[0.5934418439865112],['title_description']
巴拉巴拉,['51457'],[],title_description,3,0,[],,"['23', '85', '47242']","[0.5934418439865112, 0.5496323704719543, 0.5298863053321838]","['title_description', 'title_description', 'title_description']"
常州众森磊传媒有限责任公司,['51457'],[],title_description,1,0,[],,['50731'],[0.4368239939212799],['title_description']
常州众森磊传媒有限责任公司,['51457'],[],title_description,3,0,[],,"['50731', '60265', '28128']","[0.4368239939212799, 0.43138593435287476, 0.4237145483493805]","['title_description', 'title_description', 'title_description']"
广东东莞立讯精密有限公司,['51457'],[],title_description,1,0,[],,['50731'],[0.4498026371002197],['title_description']
广东东莞立讯精密有限公司,['51457'],[],title_description,3,0,[],,"['50731', '28128', '60265']","[0.4498026371002197, 0.44073978066444397, 0.437604695558548]","['title_description', 'title_description', 'title_description']"
广州友民网吧,['51457'],[],title_description,1,0,[],,['47242'],[0.3955193758010864],['title_description']
广州友民网吧,['51457'],[],title_description,3,0,[],,"['47242', '47272', '62106']","[0.3955193758010864, 0.37046778202056885, 0.3551633954048157]","['title_description', 'title_description', 'title_description']"
广州律师事务所,['51457'],[],title_description,1,0,[],,['51474'],[0.4635095000267029],['title_description']
广州律师事务所,['51457'],[],title_description,3,0,[],,"['51474', '47242', '47266']","[0.4635095000267029, 0.4387737810611725, 0.41665753722190857]","['title_description', 'title_description', 'title_description']"
广州新马国际教育科技有限公司,['51457'],[],title_description,1,0,[],,['5917'],[0.5709002017974854],['title_description']
广州新马国际教育科技有限公司,['51457'],[],title_description,3,0,[],,"['5917', '50731', '5273']","[0.5709002017974854, 0.5031217932701111, 0.49903595447540283]","['title_description', 'title_description', 'title_description']"
广州易新机电有限公司,['51457'],[],title_description,1,0,[],,['5881'],[0.4627333879470825],['title_description']
广州易新机电有限公司,['51457'],[],title_description,3,0,[],,"['5881', '50731', '47242']","[0.4627333879470825, 0.43618494272232056, 0.4225154519081116]","['title_description', 'title_description', 'title_description']"
广西浙华,['51457'],[],title_description,1,0,[],,['47242'],[0.5029101967811584],['title_description']
广西浙华,['51457'],[],title_description,3,0,[],,"['47242', '50731', '28128']","[0.5029101967811584, 0.5008137226104736, 0.48521900177001953]","['title_description', 'title_description', 'title_description']"
广西龙脊梯田,['51457'],[],title_description,1,0,[],,['5671'],[0.4666116237640381],['title_description']
广西龙脊梯田,['51457'],[],title_description,3,0,[],,"['5671', '62106', '47242']","[0.4666116237640381, 0.4550726115703583, 0.43391335010528564]","['title_description', 'title_description', 'title_description']"
康鑫人力资源有限公司,['51457'],[],title_description,1,0,[],,['60265'],[0.5454916954040527],['title_description']
康鑫人力资源有限公司,['51457'],[],title_description,3,0,[],,"['60265', '50731', '47242']","[0.5454916954040527, 0.523811936378479, 0.5230684280395508]","['title_description', 'title_description', 'title_description']"
惠嘉科技有限公司,['51457'],[],title_description,1,0,[],,['50731'],[0.5454550385475159],['title_description']
惠嘉科技有限公司,['51457'],[],title_description,3,0,[],,"['50731', '60265', '28128']","[0.5454550385475159, 0.5335168838500977, 0.5271337628364563]","['title_description', 'title_description', 'title_description']"
慧易融科技是正规公司吗,['51457'],[],title_description,1,0,[],,['60265'],[0.6305972337722778],['title_description']
慧易融科技是正规公司吗,['51457'],[],title_description,3,0,[],,"['60265', '50731', '28128']","[0.6305972337722778, 0.5965813398361206, 0.5413513779640198]","['title_description', 'title_description', 'title_description']"
成都银行网点查询,['51457'],[],title_description,1,0,[],,['47272'],[0.6113407611846924],['title_description']
成都银行网点查询,['51457'],[],title_description,3,0,[],,"['47272', '47242', '61111']","[0.6113407611846924, 0.5948342084884644, 0.5757185816764832]","['title_description', 'title_description', 'title_description']"
新玛农资,['51457'],[],title_description,1,0,[],,['60977'],[0.3653497099876404],['title_description']
新玛农资,['51457'],[],title_description,3,0,[],,"['60977', '51323', '61111']","[0.3653497099876404, 0.36399444937705994, 0.3622564673423767]","['title_description', 'title_description', 'title_description']"
新疆万铭舟交通,['51457'],[],title_description,1,0,[],,['47190'],[0.45683813095092773],['title_description']
新疆万铭舟交通,['51457'],[],title_description,3,0,[],,"['47190', '47266', '60874']","[0.45683813095092773, 0.4304213523864746, 0.4283113479614258]","['title_description', 'title_description', 'title_description']"
新疆中科汇裕,['51457'],[],title_description,1,0,[],,['50731'],[0.5277032256126404],['title_description']
新疆中科汇裕,['51457'],[],title_description,3,0,[],,"['50731', '60265', '28128']","[0.5277032256126404, 0.5237786769866943, 0.5109837651252747]","['title_description', 'title_description', 'title_description']"
新芯航途,['51457'],[],title_description,1,0,[],,['61111'],[0.5196207761764526],['title_description']
新芯航途,['51457'],[],title_description,3,0,[],,"['61111', '5917', '50731']","[0.5196207761764526, 0.517401933670044, 0.5072013735771179]","['title_description', 'title_description', 'title_description']"
新鑫物业管理有限公司,['51457'],[],title_description,1,0,[],,['50731'],[0.4858418107032776],['title_description']
新鑫物业管理有限公司,['51457'],[],title_description,3,0,[],,"['50731', '51482', '60265']","[0.4858418107032776, 0.48067614436149597, 0.46609562635421753]","['title_description', 'title_description', 'title_description']"
星云机场,['51457'],[],title_description,1,0,[],,['47242'],[0.5425364971160889],['title_description']
星云机场,['51457'],[],title_description,3,0,[],,"['47242', '5671', '60868']","[0.5425364971160889, 0.5336011648178101, 0.5203226804733276]","['title_description', 'title_description', 'title_description']"
智能家居品牌,['51457'],[],title_description,1,0,[],,['5881'],[0.5753828287124634],['title_description']
智能家居品牌,['51457'],[],title_description,3,0,[],,"['5881', '60977', '5882']","[0.5753828287124634, 0.48525112867355347, 0.4422030746936798]","['title_description', 'title_description', 'title_description']"
木森林科技有限公司,['51457'],[],title_description,1,0,[],,['50731'],[0.4815543293952942],['title_description']
木森林科技有限公司,['51457'],[],title_description,3,0,[],,"['50731', '60265', '47242']","[0.4815543293952942, 0.45822203159332275, 0.4579543173313141]","['title_description', 'title_description', 'title_description']"
松下服务,['51457'],[],title_description,1,0,[],,['5881'],[0.4945398271083832],['title_description']
松下服务,['51457'],[],title_description,3,0,[],,"['5881', '60977', '47272']","[0.4945398271083832, 0.47415900230407715, 0.46966394782066345]","['title_description', 'title_description', 'title_description']"
榆林霆霖云网络科技有限公司,['51457'],[],title_description,1,0,[],,['60265'],[0.49067217111587524],['title_description']
榆林霆霖云网络科技有限公司,['51457'],[],title_description,3,0,[],,"['60265', '50731', '28128']","[0.49067217111587524, 0.48146387934684753, 0.4643033742904663]","['title_description', 'title_description', 'title_description']"
欣贝源,['51457'],[],title_description,1,0,[],,['47272'],[0.4683809280395508],['title_description']
欣贝源,['51457'],[],title_description,3,0,[],,"['47272', '60977', '50731']","[0.4683809280395508, 0.46005332469940186, 0.4536542296409607]","['title_description', 'title_description', 'title_description']"
武汉长金科技有限公司,['51457'],[],title_description,1,0,[],,['50731'],[0.5196545124053955],['title_description']
武汉长金科技有限公司,['51457'],[],title_description,3,0,[],,"['50731', '60265', '47242']","[0.5196545124053955, 0.5065135955810547, 0.47143685817718506]","['title_description', 'title_description', 'title_description']"
汇锐医疗,['51457'],[],title_description,1,0,[],,['60265'],[0.472959041595459],['title_description']
汇锐医疗,['51457'],[],title_description,3,0,[],,"['60265', '50731', '28128']","[0.472959041595459, 0.4722668528556824, 0.463988721370697]","['title_description', 'title_description', 'title_description']"
汉文投,['51457'],[],title_description,1,0,[],,['5671'],[0.5278472900390625],['title_description']
汉文投,['51457'],[],title_description,3,0,[],,"['5671', '51381', '52524']","[0.5278472900390625, 0.5196098685264587, 0.5053856372833252]","['title_description', 'title_description', 'title_description']"
江西华创新材料有限公司,['51457'],[],title_description,1,0,[],,['50731'],[0.5170941948890686],['title_description']
江西华创新材料有限公司,['51457'],[],title_description,3,0,[],,"['50731', '60265', '28128']","[0.5170941948890686, 0.48055440187454224, 0.47920599579811096]","['title_description', 'title_description', 'title_description']"
河北汇工科技股份有限公司,['51457'],[],title_description,1,0,[],,['60265'],[0.4729161262512207],['title_description']
河北汇工科技股份有限公司,['51457'],[],title_description,3,0,[],,"['60265', '50731', '47242']","[0.4729161262512207, 0.4587913453578949, 0.4546162486076355]","['title_description', 'title_description', 'title_description']"
润天药业,['51457'],[],title_description,1,0,[],,['60265'],[0.46404650807380676],['title_description']
润天药业,['51457'],[],title_description,3,0,[],,"['60265', '50731', '28128']","[0.46404650807380676, 0.4591566324234009, 0.45772379636764526]","['title_description', 'title_description', 'title_description']"
润宏科技文化有限公司怎么样,['51457'],[],title_description,1,0,[],,['60265'],[0.5426045060157776],['title_description']
润宏科技文化有限公司怎么样,['51457'],[],title_description,3,0,[],,"['60265', '50731', '28128']","[0.5426045060157776, 0.5255148410797119, 0.5168135166168213]","['title_description', 'title_description', 'title_description']"
润鑫建设工程有限公司,['51457'],[],title_description,1,0,[],,['60265'],[0.5004670023918152],['title_description']
润鑫建设工程有限公司,['51457'],[],title_description,3,0,[],,"['60265', '50731', '28128']","[0.5004670023918152, 0.4901365637779236, 0.47167688608169556]","['title_description', 'title_description', 'title_description']"
深圳云达瑞,['51457'],[],title_description,1,0,[],,['5881'],[0.45714569091796875],['title_description']
深圳云达瑞,['51457'],[],title_description,3,0,[],,"['5881', '47242', '47272']","[0.45714569091796875, 0.43039917945861816, 0.42811551690101624]","['title_description', 'title_description', 'title_description']"
深圳商会,['51457'],[],title_description,1,0,[],,['60265'],[0.46224483847618103],['title_description']
深圳商会,['51457'],[],title_description,3,0,[],,"['60265', '47272', '47242']","[0.46224483847618103, 0.4470375180244446, 0.44338172674179077]","['title_description', 'title_description', 'title_description']"
深圳市亦深电子有限公司怎么样,['51457'],[],title_description,1,0,[],,['50731'],[0.4792678952217102],['title_description']
深圳市亦深电子有限公司怎么样,['51457'],[],title_description,3,0,[],,"['50731', '60265', '28126']","[0.4792678952217102, 0.46458491683006287, 0.4359382092952728]","['title_description', 'title_description', 'title_description']"
深圳金浩宇科技有限公司,['51457'],[],title_description,1,0,[],,['60265'],[0.49210888147354126],['title_description']
深圳金浩宇科技有限公司,['51457'],[],title_description,3,0,[],,"['60265', '50731', '47242']","[0.49210888147354126, 0.4808048605918884, 0.47112470865249634]","['title_description', 'title_description', 'title_description']"
深圳青苗,['51457'],[],title_description,1,0,[],,['47272'],[0.4728514850139618],['title_description']
深圳青苗,['51457'],[],title_description,3,0,[],,"['47272', '47242', '39537']","[0.4728514850139618, 0.4661639332771301, 0.45491331815719604]","['title_description', 'title_description', 'title_description']"
深圳飞仕达,['51457'],[],title_description,1,0,[],,['60868'],[0.45395582914352417],['title_description']
深圳飞仕达,['51457'],[],title_description,3,0,[],,"['60868', '5881', '5271']","[0.45395582914352417, 0.44243302941322327, 0.41616564989089966]","['title_description', 'title_description', 'title_description']"
添利电子科技有限公司怎么样,['51457'],[],title_description,1,0,[],,['50731'],[0.5304771065711975],['title_description']
添利电子科技有限公司怎么样,['51457'],[],title_description,3,0,[],,"['50731', '60265', '28126']","[0.5304771065711975, 0.5126953721046448, 0.5084282755851746]","['title_description', 'title_description', 'title_description']"
湖北茗草坊农业科技有限公司怎么样,['51457'],[],title_description,1,0,[],,['50731'],[0.4497455358505249],['title_description']
湖北茗草坊农业科技有限公司怎么样,['51457'],[],title_description,3,0,[],,"['50731', '60265', '47272']","[0.4497455358505249, 0.4394497275352478, 0.43170496821403503]","['title_description', 'title_description', 'title_description']"
甘肃税务,['51457'],[],title_description,1,0,[],,['5671'],[0.45733577013015747],['title_description']
甘肃税务,['51457'],[],title_description,3,0,[],,"['5671', '47266', '47242']","[0.45733577013015747, 0.4564565420150757, 0.4519577622413635]","['title_description', 'title_description', 'title_description']"
甬台温,['51457'],[],title_description,1,0,[],,['47266'],[0.582268476486206],['title_description']
甬台温,['51457'],[],title_description,3,0,[],,"['47266', '47190', '62106']","[0.582268476486206, 0.5495264530181885, 0.5325849056243896]","['title_description', 'title_description', 'title_description']"
甬灿文化,['51457'],[],title_description,1,0,[],,['61111'],[0.4482027292251587],['title_description']
甬灿文化,['51457'],[],title_description,3,0,[],,"['61111', '51323', '50731']","[0.4482027292251587, 0.44702401757240295, 0.44267213344573975]","['title_description', 'title_description', 'title_description']"
白宇信息介绍 简介,['51457'],[],title_description,1,0,[],,['47242'],[0.4960918724536896],['title_description']
白宇信息介绍 简介,['51457'],[],title_description,3,0,[],,"['47242', '51275', '267']","[0.4960918724536896, 0.4841421842575073, 0.47229790687561035]","['title_description', 'title_description', 'title_description']"
石家庄山姆,['51457'],[],title_description,1,0,[],,['47272'],[0.4163718819618225],['title_description']
石家庄山姆,['51457'],[],title_description,3,0,[],,"['47272', '47242', '5671']","[0.4163718819618225, 0.3983825445175171, 0.3848459720611572]","['title_description', 'title_description', 'title_description']"
福建夏门,['51457'],[],title_description,1,0,[],,['47242'],[0.4518524408340454],['title_description']
福建夏门,['51457'],[],title_description,3,0,[],,"['47242', '62106', '5671']","[0.4518524408340454, 0.4492188096046448, 0.4445568323135376]","['title_description', 'title_description', 'title_description']"
福建鑫佰集团,['51457'],[],title_description,1,0,[],,['60265'],[0.4691896438598633],['title_description']
福建鑫佰集团,['51457'],[],title_description,3,0,[],,"['60265', '50731', '28128']","[0.4691896438598633, 0.46548354625701904, 0.4478740990161896]","['title_description', 'title_description', 'title_description']"
米健饮食服务公司,['51457'],[],title_description,1,0,[],,['47272'],[0.5421728491783142],['title_description']
米健饮食服务公司,['51457'],[],title_description,3,0,[],,"['47272', '47242', '50731']","[0.5421728491783142, 0.4490277171134949, 0.4363330006599426]","['title_description', 'title_description', 'title_description']"
粮丰园,['51457'],[],title_description,1,0,[],,['47272'],[0.46984273195266724],['title_description']
粮丰园,['51457'],[],title_description,3,0,[],,"['47272', '47242', '5671']","[0.46984273195266724, 0.42883947491645813, 0.42514535784721375]","['title_description', 'title_description', 'title_description']"
联科科技最新消息,['51457'],[],title_description,1,0,[],,['50926'],[0.57924485206604],['title_description']
联科科技最新消息,['51457'],[],title_description,3,0,[],,"['50926', '60265', '5432']","[0.57924485206604, 0.5537357330322266, 0.5526580810546875]","['title_description', 'title_description', 'title_description']"
肇庆四会龙航电器,['51457'],[],title_description,1,0,[],,['5881'],[0.4350651800632477],['title_description']
肇庆四会龙航电器,['51457'],[],title_description,3,0,[],,"['5881', '47272', '50731']","[0.4350651800632477, 0.35660576820373535, 0.34383296966552734]","['title_description', 'title_description', 'title_description']"
臻宝科技股吧最新消息,['51457'],[],title_description,1,0,[],,['50926'],[0.5354563593864441],['title_description']
臻宝科技股吧最新消息,['51457'],[],title_description,3,0,[],,"['50926', '5432', '50159']","[0.5354563593864441, 0.531903862953186, 0.5112860798835754]","['title_description', 'title_description', 'title_description']"
舞者圈,['51457'],[],title_description,1,0,[],,['51275'],[0.4535708427429199],['title_description']
舞者圈,['51457'],[],title_description,3,0,[],,"['51275', '62206', '62248']","[0.4535708427429199, 0.4338357448577881, 0.42561736702919006]","['title_description', 'title_description', 'title_description']"
苏州合盈机械科技有限公司,['51457'],[],title_description,1,0,[],,['60265'],[0.4346618056297302],['title_description']
苏州合盈机械科技有限公司,['51457'],[],title_description,3,0,[],,"['60265', '50731', '5881']","[0.4346618056297302, 0.4271485209465027, 0.4159151315689087]","['title_description', 'title_description', 'title_description']"
英福康,['51457'],[],title_description,1,0,[],,['5881'],[0.4944523572921753],['title_description']
英福康,['51457'],[],title_description,3,0,[],,"['5881', '60977', '50731']","[0.4944523572921753, 0.4442766606807709, 0.3986975848674774]","['title_description', 'title_description', 'title_description']"
葶贝,['51457'],[],title_description,1,0,[],,['60977'],[0.4685155749320984],['title_description']
葶贝,['51457'],[],title_description,3,0,[],,"['60977', '47272', '61111']","[0.4685155749320984, 0.46142348647117615, 0.4530482888221741]","['title_description', 'title_description', 'title_description']"
蔻一,['51457'],[],title_description,1,0,[],,['60977'],[0.48297780752182007],['title_description']
蔻一,['51457'],[],title_description,3,0,[],,"['60977', '47272', '47242']","[0.48297780752182007, 0.4754655063152313, 0.45627036690711975]","['title_description', 'title_description', 'title_description']"
融通招标平台,['51457'],[],title_description,1,0,[],,['60265'],[0.5612707734107971],['title_description']
融通招标平台,['51457'],[],title_description,3,0,[],,"['60265', '47242', '5671']","[0.5612707734107971, 0.5134008526802063, 0.5118799209594727]","['title_description', 'title_description', 'title_description']"
西安熙地港,['51457'],[],title_description,1,0,[],,['47272'],[0.5353365540504456],['title_description']
西安熙地港,['51457'],[],title_description,3,0,[],,"['47272', '47242', '5012']","[0.5353365540504456, 0.5343494415283203, 0.5236679315567017]","['title_description', 'title_description', 'title_description']"
贵州茅台镇,['51457'],[],title_description,1,0,[],,['5671'],[0.4593934118747711],['title_description']
贵州茅台镇,['51457'],[],title_description,3,0,[],,"['5671', '47272', '62106']","[0.4593934118747711, 0.4511672556400299, 0.44410616159439087]","['title_description', 'title_description', 'title_description']"
运捷迅,['51457'],[],title_description,1,0,[],,['47266'],[0.5708736181259155],['title_description']
运捷迅,['51457'],[],title_description,3,0,[],,"['47266', '47190', '61111']","[0.5708736181259155, 0.5615023970603943, 0.5353407859802246]","['title_description', 'title_description', 'title_description']"
逍遥州文化,['51457'],[],title_description,1,0,[],,['52524'],[0.45925652980804443],['title_description']
逍遥州文化,['51457'],[],title_description,3,0,[],,"['52524', '5671', '47272']","[0.45925652980804443, 0.44398683309555054, 0.43859949707984924]","['title_description', 'title_description', 'title_description']"
郴州韩光,['51457'],[],title_description,1,0,[],,['47242'],[0.37518376111984253],['title_description']
郴州韩光,['51457'],[],title_description,3,0,[],,"['47242', '47272', '51377']","[0.37518376111984253, 0.3751600980758667, 0.3624184727668762]","['title_description', 'title_description', 'title_description']"
重庆东,['51457'],[],title_description,1,0,[],,['5671'],[0.5060479640960693],['title_description']
重庆东,['51457'],[],title_description,3,0,[],,"['5671', '62106', '47272']","[0.5060479640960693, 0.499986469745636, 0.4980982542037964]","['title_description', 'title_description', 'title_description']"
重庆机电动力科技有限公司,['51457'],[],title_description,1,0,[],,['50731'],[0.4494113624095917],['title_description']
重庆机电动力科技有限公司,['51457'],[],title_description,3,0,[],,"['50731', '60265', '28126']","[0.4494113624095917, 0.44465094804763794, 0.43138813972473145]","['title_description', 'title_description', 'title_description']"
金地城,['51457'],[],title_description,1,0,[],,['51482'],[0.5545947551727295],['title_description']
金地城,['51457'],[],title_description,3,0,[],,"['51482', '47242', '51590']","[0.5545947551727295, 0.5343754291534424, 0.5039670467376709]","['title_description', 'title_description', 'title_description']"
金宇矿业有限公司,['51457'],[],title_description,1,0,[],,['51590'],[0.49670901894569397],['title_description']
金宇矿业有限公司,['51457'],[],title_description,3,0,[],,"['51590', '60265', '50731']","[0.49670901894569397, 0.4709589183330536, 0.4472724199295044]","['title_description', 'title_description', 'title_description']"
金山打字通,['51457'],[],title_description,1,0,[],,['51382'],[0.5389711260795593],['title_description']
金山打字通,['51457'],[],title_description,3,0,[],,"['51382', '51381', '51388']","[0.5389711260795593, 0.538526177406311, 0.5168684720993042]","['title_description', 'title_description', 'title_description']"
金柯宇,['51457'],[],title_description,1,0,[],,['50393'],[0.4641558527946472],['title_description']
金柯宇,['51457'],[],title_description,3,0,[],,"['50393', '8470', '62206']","[0.4641558527946472, 0.45971521735191345, 0.4591900110244751]","['title_description', 'title_description', 'title_description']"
金盛贵金属,['51457'],[],title_description,1,0,[],,['51590'],[0.6689715385437012],['title_description']
金盛贵金属,['51457'],[],title_description,3,0,[],,"['51590', '51088', '50926']","[0.6689715385437012, 0.5845544338226318, 0.5021185874938965]","['title_description', 'title_description', 'title_description']"
银盛数惠,['51457'],[],title_description,1,0,[],,['61111'],[0.5453310012817383],['title_description']
银盛数惠,['51457'],[],title_description,3,0,[],,"['61111', '60265', '51590']","[0.5453310012817383, 0.5250459909439087, 0.5217280983924866]","['title_description', 'title_description', 'title_description']"
长沙市宸禹,['51457'],[],title_description,1,0,[],,['39537'],[0.4828297793865204],['title_description']
长沙市宸禹,['51457'],[],title_description,3,0,[],,"['39537', '47272', '47242']","[0.4828297793865204, 0.4603281617164612, 0.4592434763908386]","['title_description', 'title_description', 'title_description']"
长沙游泳,['51457'],[],title_description,1,0,[],,['62106'],[0.35680505633354187],['title_description']
长沙游泳,['51457'],[],title_description,3,0,[],,"['62106', '5671', '47272']","[0.35680505633354187, 0.3547108769416809, 0.3513820171356201]","['title_description', 'title_description', 'title_description']"
阿南达蒙医简介,['51457'],[],title_description,1,0,[],,['23'],[0.393248587846756],['title_description']
阿南达蒙医简介,['51457'],[],title_description,3,1,['51457'],3.0,"['23', '85', '51457']","[0.393248587846756, 0.37305498123168945, 0.36064398288726807]","['title_description', 'title_description', 'title_description']"
陕西建工集团,['51457'],[],title_description,1,0,[],,['60265'],[0.4605753421783447],['title_description']
陕西建工集团,['51457'],[],title_description,3,0,[],,"['60265', '50731', '47242']","[0.4605753421783447, 0.4488826394081116, 0.4453742504119873]","['title_description', 'title_description', 'title_description']"
隆基绿能还有希望吗,['51457'],[],title_description,1,0,[],,['50926'],[0.4528334140777588],['title_description']
隆基绿能还有希望吗,['51457'],[],title_description,3,0,[],,"['50926', '5432', '61111']","[0.4528334140777588, 0.44401413202285767, 0.42855677008628845]","['title_description', 'title_description', 'title_description']"
顺博公司最新消息,['51457'],[],title_description,1,0,[],,['5432'],[0.5524442195892334],['title_description']
顺博公司最新消息,['51457'],[],title_description,3,0,[],,"['5432', '50926', '60265']","[0.5524442195892334, 0.5243315696716309, 0.5115966200828552]","['title_description', 'title_description', 'title_description']"
鸿图娱乐,['51457'],[],title_description,1,0,[],,['47272'],[0.48397213220596313],['title_description']
鸿图娱乐,['51457'],[],title_description,3,0,[],,"['47272', '5671', '51275']","[0.48397213220596313, 0.4530462324619293, 0.45228439569473267]","['title_description', 'title_description', 'title_description']"
麒龙,['51457'],[],title_description,1,0,[],,['5271'],[0.503293514251709],['title_description']
麒龙,['51457'],[],title_description,3,0,[],,"['5271', '47272', '61111']","[0.503293514251709, 0.49015671014785767, 0.47152233123779297]","['title_description', 'title_description', 'title_description']"
鼎新铜业,['51457'],[],title_description,1,0,[],,['51590'],[0.4754684269428253],['title_description']
鼎新铜业,['51457'],[],title_description,3,0,[],,"['51590', '50731', '50926']","[0.4754684269428253, 0.4390852153301239, 0.4347803592681885]","['title_description', 'title_description', 'title_description']"
