query,gold_ids,missing_gold_ids,view,k,pass_at_k,hit_ids,first_hit_rank,recall_ids,recall_scores,recall_views
ably,['50133'],[],description,1,0,[],,['85'],[0.5293159484863281],['description']
ably,['50133'],[],description,3,0,[],,"['85', '50143', '51388']","[0.5293159484863281, 0.5211007595062256, 0.5186024904251099]","['description', 'description', 'description']"
abode,['50133'],[],description,1,0,[],,['5671'],[0.5081355571746826],['description']
abode,['50133'],[],description,3,0,[],,"['5671', '51388', '47242']","[0.5081355571746826, 0.485404908657074, 0.4795307219028473]","['description', 'description', 'description']"
active中文翻译,['50133'],[],description,1,0,[],,['85'],[0.5429415702819824],['description']
active中文翻译,['50133'],[],description,3,0,[],,"['85', '51388', '62172']","[0.5429415702819824, 0.538102388381958, 0.5217798948287964]","['description', 'description', 'description']"
actully怎么读,['50133'],[],description,1,0,[],,['85'],[0.5587257742881775],['description']
actully怎么读,['50133'],[],description,3,0,[],,"['85', '51388', '62172']","[0.5587257742881775, 0.5475091934204102, 0.5390805602073669]","['description', 'description', 'description']"
alexandria怎么读,['50133'],[],description,1,0,[],,['62172'],[0.4794121980667114],['description']
alexandria怎么读,['50133'],[],description,3,0,[],,"['62172', '85', '50143']","[0.4794121980667114, 0.4714089632034302, 0.44548505544662476]","['description', 'description', 'description']"
asset,['50133'],[],description,1,0,[],,['60977'],[0.5678738951683044],['description']
asset,['50133'],[],description,3,0,[],,"['60977', '51323', '5671']","[0.5678738951683044, 0.5085368156433105, 0.5084062814712524]","['description', 'description', 'description']"
ation,['50133'],[],description,1,0,[],,['51044'],[0.5246694087982178],['description']
ation,['50133'],[],description,3,0,[],,"['51044', '51388', '85']","[0.5246694087982178, 0.5141668915748596, 0.5059306621551514]","['description', 'description', 'description']"
bourne,['50133'],[],description,1,0,[],,['62306'],[0.530670166015625],['description']
bourne,['50133'],[],description,3,0,[],,"['62306', '62106', '47242']","[0.530670166015625, 0.5158431529998779, 0.5111168026924133]","['description', 'description', 'description']"
bristled,['50133'],[],description,1,0,[],,['51388'],[0.4750553369522095],['description']
bristled,['50133'],[],description,3,0,[],,"['51388', '60977', '85']","[0.4750553369522095, 0.47353890538215637, 0.46021223068237305]","['description', 'description', 'description']"
call in,['50133'],[],description,1,0,[],,['5601'],[0.5174041986465454],['description']
call in,['50133'],[],description,3,0,[],,"['5601', '51388', '85']","[0.5174041986465454, 0.5100020170211792, 0.5050773620605469]","['description', 'description', 'description']"
carry all,['50133'],[],description,1,0,[],,['60977'],[0.5508841276168823],['description']
carry all,['50133'],[],description,3,0,[],,"['60977', '51323', '51044']","[0.5508841276168823, 0.531437873840332, 0.5204555988311768]","['description', 'description', 'description']"
chain是什么意思,['50133'],[],description,1,0,[],,['51388'],[0.5533772706985474],['description']
chain是什么意思,['50133'],[],description,3,0,[],,"['51388', '52336', '51386']","[0.5533772706985474, 0.5206800699234009, 0.5019193887710571]","['description', 'description', 'description']"
chimny,['50133'],[],description,1,0,[],,['51388'],[0.49200326204299927],['description']
chimny,['50133'],[],description,3,0,[],,"['51388', '51377', '51323']","[0.49200326204299927, 0.47855448722839355, 0.4748052954673767]","['description', 'description', 'description']"
cigarette,['50133'],[],description,1,0,[],,['61800'],[0.4568755030632019],['description']
cigarette,['50133'],[],description,3,0,[],,"['61800', '60977', '51388']","[0.4568755030632019, 0.451321542263031, 0.4207908511161804]","['description', 'description', 'description']"
clown是什么意思,['50133'],[],description,1,0,[],,['51388'],[0.5147172212600708],['description']
clown是什么意思,['50133'],[],description,3,0,[],,"['51388', '51386', '52336']","[0.5147172212600708, 0.4957025647163391, 0.4944123327732086]","['description', 'description', 'description']"
comicbook是什么意思,['50133'],[],description,1,0,[],,['51388'],[0.4866425395011902],['description']
comicbook是什么意思,['50133'],[],description,3,0,[],,"['51388', '85', '52336']","[0.4866425395011902, 0.46587592363357544, 0.4636465907096863]","['description', 'description', 'description']"
comple,['50133'],[],description,1,0,[],,['60977'],[0.5475796461105347],['description']
comple,['50133'],[],description,3,0,[],,"['60977', '51388', '51323']","[0.5475796461105347, 0.5305235385894775, 0.5256694555282593]","['description', 'description', 'description']"
costumer,['50133'],[],description,1,0,[],,['60977'],[0.5571790933609009],['description']
costumer,['50133'],[],description,3,0,[],,"['60977', '47198', '47272']","[0.5571790933609009, 0.505874514579773, 0.5046809911727905]","['description', 'description', 'description']"
coutse,['50133'],[],description,1,0,[],,['60293'],[0.6355576515197754],['description']
coutse,['50133'],[],description,3,0,[],,"['60293', '85', '5917']","[0.6355576515197754, 0.546765148639679, 0.5401250720024109]","['description', 'description', 'description']"
cruel,['50133'],[],description,1,0,[],,['51388'],[0.4296911954879761],['description']
cruel,['50133'],[],description,3,0,[],,"['51388', '85', '50143']","[0.4296911954879761, 0.4245397448539734, 0.4100903272628784]","['description', 'description', 'description']"
cuju,['50133'],[],description,1,0,[],,['51377'],[0.5002057552337646],['description']
cuju,['50133'],[],description,3,0,[],,"['51377', '5550', '51388']","[0.5002057552337646, 0.49416881799697876, 0.47899359464645386]","['description', 'description', 'description']"
disaster怎么读的,['50133'],[],description,1,0,[],,['85'],[0.4548773169517517],['description']
disaster怎么读的,['50133'],[],description,3,0,[],,"['85', '62172', '50143']","[0.4548773169517517, 0.4390401840209961, 0.4325607717037201]","['description', 'description', 'description']"
discount,['50133'],[],description,1,0,[],,['60977'],[0.5390951633453369],['description']
discount,['50133'],[],description,3,0,[],,"['60977', '5671', '50192']","[0.5390951633453369, 0.5223538875579834, 0.5051249861717224]","['description', 'description', 'description']"
d怎么读音发音,['50133'],[],description,1,0,[],,['51388'],[0.4586697816848755],['description']
d怎么读音发音,['50133'],[],description,3,0,[],,"['51388', '51381', '52523']","[0.4586697816848755, 0.4450553059577942, 0.44433435797691345]","['description', 'description', 'description']"
encient,['50133'],[],description,1,0,[],,['51323'],[0.5378139615058899],['description']
encient,['50133'],[],description,3,0,[],,"['51323', '51388', '5601']","[0.5378139615058899, 0.5222680568695068, 0.5202351808547974]","['description', 'description', 'description']"
energise,['50133'],[],description,1,0,[],,['85'],[0.5083523988723755],['description']
energise,['50133'],[],description,3,0,[],,"['85', '50143', '60977']","[0.5083523988723755, 0.4967045187950134, 0.4845736026763916]","['description', 'description', 'description']"
english的英语,['50133'],[],description,1,0,[],,['85'],[0.6825516819953918],['description']
english的英语,['50133'],[],description,3,0,[],,"['85', '62172', '50143']","[0.6825516819953918, 0.6661549806594849, 0.6518070697784424]","['description', 'description', 'description']"
entire 翻译,['50133'],[],description,1,0,[],,['85'],[0.6594746708869934],['description']
entire 翻译,['50133'],[],description,3,0,[],,"['85', '62172', '50143']","[0.6594746708869934, 0.6350864171981812, 0.6080998182296753]","['description', 'description', 'description']"
er,['50133'],[],description,1,0,[],,['51388'],[0.523830771446228],['description']
er,['50133'],[],description,3,0,[],,"['51388', '85', '51044']","[0.523830771446228, 0.5222964286804199, 0.5171344876289368]","['description', 'description', 'description']"
fit翻译成中文,['50133'],[],description,1,0,[],,['85'],[0.6830765008926392],['description']
fit翻译成中文,['50133'],[],description,3,0,[],,"['85', '51388', '62172']","[0.6830765008926392, 0.6828316450119019, 0.6755530834197998]","['description', 'description', 'description']"
fooling,['50133'],[],description,1,0,[],,['51388'],[0.4764850437641144],['description']
fooling,['50133'],[],description,3,0,[],,"['51388', '85', '5601']","[0.4764850437641144, 0.4738495945930481, 0.47187530994415283]","['description', 'description', 'description']"
frist,['50133'],[],description,1,0,[],,['51388'],[0.539165735244751],['description']
frist,['50133'],[],description,3,0,[],,"['51388', '51044', '85']","[0.539165735244751, 0.5338133573532104, 0.5327691435813904]","['description', 'description', 'description']"
from什么意思,['50133'],[],description,1,0,[],,['51388'],[0.6361701488494873],['description']
from什么意思,['50133'],[],description,3,0,[],,"['51388', '52336', '51386']","[0.6361701488494873, 0.5895606279373169, 0.5781448483467102]","['description', 'description', 'description']"
from怎么读,['50133'],[],description,1,0,[],,['51377'],[0.5190206170082092],['description']
from怎么读,['50133'],[],description,3,0,[],,"['51377', '51388', '51381']","[0.5190206170082092, 0.5189040899276733, 0.5048884153366089]","['description', 'description', 'description']"
gala的英语怎么说,['50133'],[],description,1,0,[],,['62172'],[0.5403017997741699],['description']
gala的英语怎么说,['50133'],[],description,3,0,[],,"['62172', '85', '50143']","[0.5403017997741699, 0.5374906659126282, 0.5155982375144958]","['description', 'description', 'description']"
gay英文啥意思,['50133'],[],description,1,0,[],,['85'],[0.5630180835723877],['description']
gay英文啥意思,['50133'],[],description,3,0,[],,"['85', '62172', '50143']","[0.5630180835723877, 0.550757884979248, 0.5378056764602661]","['description', 'description', 'description']"
god,['50133'],[],description,1,0,[],,['5601'],[0.5117325782775879],['description']
god,['50133'],[],description,3,0,[],,"['5601', '51388', '51323']","[0.5117325782775879, 0.5080956220626831, 0.49759557843208313]","['description', 'description', 'description']"
gojogging翻译,['50133'],[],description,1,0,[],,['85'],[0.5419282913208008],['description']
gojogging翻译,['50133'],[],description,3,0,[],,"['85', '62172', '50143']","[0.5419282913208008, 0.5357238054275513, 0.4842336177825928]","['description', 'description', 'description']"
greet中文翻译,['50133'],[],description,1,0,[],,['85'],[0.5397775173187256],['description']
greet中文翻译,['50133'],[],description,3,0,[],,"['85', '51388', '62172']","[0.5397775173187256, 0.5329031348228455, 0.5298959016799927]","['description', 'description', 'description']"
guarter,['50133'],[],description,1,0,[],,['51323'],[0.5799477100372314],['description']
guarter,['50133'],[],description,3,0,[],,"['51323', '51377', '51388']","[0.5799477100372314, 0.5537600517272949, 0.5391780138015747]","['description', 'description', 'description']"
gussing,['50133'],[],description,1,0,[],,['51388'],[0.5345382690429688],['description']
gussing,['50133'],[],description,3,0,[],,"['51388', '85', '51377']","[0.5345382690429688, 0.5209961533546448, 0.5070813894271851]","['description', 'description', 'description']"
hei,['50133'],[],description,1,0,[],,['51388'],[0.5951224565505981],['description']
hei,['50133'],[],description,3,0,[],,"['51388', '51323', '51377']","[0.5951224565505981, 0.5814061164855957, 0.5669804811477661]","['description', 'description', 'description']"
implicated,['50133'],[],description,1,0,[],,['51388'],[0.47248706221580505],['description']
implicated,['50133'],[],description,3,0,[],,"['51388', '85', '50143']","[0.47248706221580505, 0.45837634801864624, 0.4509172737598419]","['description', 'description', 'description']"
in the field,['50133'],[],description,1,0,[],,['60293'],[0.488148033618927],['description']
in the field,['50133'],[],description,3,0,[],,"['60293', '51388', '60977']","[0.488148033618927, 0.4769538342952728, 0.4733901023864746]","['description', 'description', 'description']"
inefficient 翻译,['50133'],[],description,1,0,[],,['85'],[0.600755512714386],['description']
inefficient 翻译,['50133'],[],description,3,0,[],,"['85', '62172', '50143']","[0.600755512714386, 0.5880521535873413, 0.5484533309936523]","['description', 'description', 'description']"
joke什么意思,['50133'],[],description,1,0,[],,['52336'],[0.49683380126953125],['description']
joke什么意思,['50133'],[],description,3,0,[],,"['52336', '85', '51388']","[0.49683380126953125, 0.49470755457878113, 0.49354636669158936]","['description', 'description', 'description']"
junior怎么读音,['50133'],[],description,1,0,[],,['51388'],[0.5121827721595764],['description']
junior怎么读音,['50133'],[],description,3,0,[],,"['51388', '51381', '85']","[0.5121827721595764, 0.5039310455322266, 0.49389421939849854]","['description', 'description', 'description']"
ko,['50133'],[],description,1,0,[],,['51377'],[0.5194553732872009],['description']
ko,['50133'],[],description,3,0,[],,"['51377', '51388', '85']","[0.5194553732872009, 0.5097271800041199, 0.4950540065765381]","['description', 'description', 'description']"
lake,['50133'],[],description,1,0,[],,['62306'],[0.4897019863128662],['description']
lake,['50133'],[],description,3,0,[],,"['62306', '5671', '62106']","[0.4897019863128662, 0.4875732660293579, 0.4817385673522949]","['description', 'description', 'description']"
lan,['50133'],[],description,1,0,[],,['23'],[0.5861309170722961],['description']
lan,['50133'],[],description,3,0,[],,"['23', '51388', '85']","[0.5861309170722961, 0.5449295043945312, 0.544500470161438]","['description', 'description', 'description']"
laughs,['50133'],[],description,1,0,[],,['23'],[0.4976126551628113],['description']
laughs,['50133'],[],description,3,0,[],,"['23', '51388', '51377']","[0.4976126551628113, 0.4918150007724762, 0.48850077390670776]","['description', 'description', 'description']"
lcx,['50133'],[],description,1,0,[],,['51323'],[0.5174248814582825],['description']
lcx,['50133'],[],description,3,0,[],,"['51323', '51388', '51044']","[0.5174248814582825, 0.5074328780174255, 0.497810959815979]","['description', 'description', 'description']"
lifegoeson是什么意思,['50133'],[],description,1,0,[],,['85'],[0.4641062617301941],['description']
lifegoeson是什么意思,['50133'],[],description,3,0,[],,"['85', '51388', '62172']","[0.4641062617301941, 0.45110082626342773, 0.44913288950920105]","['description', 'description', 'description']"
make英语怎么读,['50133'],[],description,1,0,[],,['85'],[0.5705031156539917],['description']
make英语怎么读,['50133'],[],description,3,0,[],,"['85', '50143', '62172']","[0.5705031156539917, 0.5701225399971008, 0.558660626411438]","['description', 'description', 'description']"
malfunction翻译成中文,['50133'],[],description,1,0,[],,['85'],[0.51170814037323],['description']
malfunction翻译成中文,['50133'],[],description,3,0,[],,"['85', '51388', '62172']","[0.51170814037323, 0.5007417798042297, 0.49077123403549194]","['description', 'description', 'description']"
mars,['50133'],[],description,1,0,[],,['51323'],[0.5227246284484863],['description']
mars,['50133'],[],description,3,0,[],,"['51323', '62306', '62106']","[0.5227246284484863, 0.5071250200271606, 0.5049971342086792]","['description', 'description', 'description']"
messing,['50133'],[],description,1,0,[],,['51388'],[0.5080549120903015],['description']
messing,['50133'],[],description,3,0,[],,"['51388', '85', '51323']","[0.5080549120903015, 0.47898316383361816, 0.4732247591018677]","['description', 'description', 'description']"
miko是什么意思,['50133'],[],description,1,0,[],,['51388'],[0.5157866477966309],['description']
miko是什么意思,['50133'],[],description,3,0,[],,"['51388', '51386', '52336']","[0.5157866477966309, 0.4858620762825012, 0.48212823271751404]","['description', 'description', 'description']"
morph,['50133'],[],description,1,0,[],,['50143'],[0.5795223712921143],['description']
morph,['50133'],[],description,3,0,[],,"['50143', '85', '51388']","[0.5795223712921143, 0.5730036497116089, 0.5728376507759094]","['description', 'description', 'description']"
nut,['50133'],[],description,1,0,[],,['51388'],[0.5273935794830322],['description']
nut,['50133'],[],description,3,0,[],,"['51388', '51323', '51044']","[0.5273935794830322, 0.5241361856460571, 0.5216147303581238]","['description', 'description', 'description']"
outside,['50133'],[],description,1,0,[],,['5671'],[0.5301544666290283],['description']
outside,['50133'],[],description,3,0,[],,"['5671', '62106', '62306']","[0.5301544666290283, 0.5192262530326843, 0.51739501953125]","['description', 'description', 'description']"
partner,['50133'],[],description,1,0,[],,['60977'],[0.5327936410903931],['description']
partner,['50133'],[],description,3,0,[],,"['60977', '51388', '51457']","[0.5327936410903931, 0.5022331476211548, 0.4941815137863159]","['description', 'description', 'description']"
populace,['50133'],[],description,1,0,[],,['62306'],[0.5004009008407593],['description']
populace,['50133'],[],description,3,0,[],,"['62306', '5601', '51323']","[0.5004009008407593, 0.49723848700523376, 0.49670475721359253]","['description', 'description', 'description']"
pound翻译,['50133'],[],description,1,0,[],,['85'],[0.5840377807617188],['description']
pound翻译,['50133'],[],description,3,0,[],,"['85', '62172', '51388']","[0.5840377807617188, 0.5791036486625671, 0.5681494474411011]","['description', 'description', 'description']"
predict怎么读,['50133'],[],description,1,0,[],,['51388'],[0.5226562023162842],['description']
predict怎么读,['50133'],[],description,3,0,[],,"['51388', '85', '62172']","[0.5226562023162842, 0.5001612901687622, 0.48407208919525146]","['description', 'description', 'description']"
present perfect,['50133'],[],description,1,0,[],,['50143'],[0.5295718312263489],['description']
present perfect,['50133'],[],description,3,0,[],,"['50143', '85', '51388']","[0.5295718312263489, 0.4828857481479645, 0.4466177225112915]","['description', 'description', 'description']"
price 翻译,['50133'],[],description,1,0,[],,['51388'],[0.6632399559020996],['description']
price 翻译,['50133'],[],description,3,0,[],,"['51388', '85', '62172']","[0.6632399559020996, 0.6417676210403442, 0.6284029483795166]","['description', 'description', 'description']"
proactively,['50133'],[],description,1,0,[],,['60977'],[0.4864806830883026],['description']
proactively,['50133'],[],description,3,0,[],,"['60977', '85', '60293']","[0.4864806830883026, 0.4620342254638672, 0.46127837896347046]","['description', 'description', 'description']"
puppet的英文,['50133'],[],description,1,0,[],,['51388'],[0.5338211059570312],['description']
puppet的英文,['50133'],[],description,3,0,[],,"['51388', '85', '62172']","[0.5338211059570312, 0.5131024122238159, 0.5001152753829956]","['description', 'description', 'description']"
puppy的中文翻译,['50133'],[],description,1,0,[],,['51388'],[0.5704810619354248],['description']
puppy的中文翻译,['50133'],[],description,3,0,[],,"['51388', '85', '62172']","[0.5704810619354248, 0.5489405393600464, 0.5458749532699585]","['description', 'description', 'description']"
rack,['50133'],[],description,1,0,[],,['51044'],[0.49951058626174927],['description']
rack,['50133'],[],description,3,0,[],,"['51044', '60977', '5671']","[0.49951058626174927, 0.4973827302455902, 0.48083043098449707]","['description', 'description', 'description']"
randomly是什么意思,['50133'],[],description,1,0,[],,['85'],[0.5522229075431824],['description']
randomly是什么意思,['50133'],[],description,3,0,[],,"['85', '51388', '51386']","[0.5522229075431824, 0.5493068695068359, 0.5415390729904175]","['description', 'description', 'description']"
recharging,['50133'],[],description,1,0,[],,['60977'],[0.4872863292694092],['description']
recharging,['50133'],[],description,3,0,[],,"['60977', '51323', '51044']","[0.4872863292694092, 0.4821895360946655, 0.46717965602874756]","['description', 'description', 'description']"
responsbility,['50133'],[],description,1,0,[],,['60977'],[0.4566771388053894],['description']
responsbility,['50133'],[],description,3,0,[],,"['60977', '60293', '51388']","[0.4566771388053894, 0.45488762855529785, 0.45154839754104614]","['description', 'description', 'description']"
shouted什么意思,['50133'],[],description,1,0,[],,['85'],[0.492824524641037],['description']
shouted什么意思,['50133'],[],description,3,0,[],,"['85', '51388', '50143']","[0.492824524641037, 0.47921222448349, 0.47580745816230774]","['description', 'description', 'description']"
slam怎么读,['50133'],[],description,1,0,[],,['85'],[0.45250892639160156],['description']
slam怎么读,['50133'],[],description,3,0,[],,"['85', '62172', '23']","[0.45250892639160156, 0.4465358257293701, 0.4416911005973816]","['description', 'description', 'description']"
slighter,['50133'],[],description,1,0,[],,['51388'],[0.4938054084777832],['description']
slighter,['50133'],[],description,3,0,[],,"['51388', '85', '60977']","[0.4938054084777832, 0.4903180003166199, 0.4849587082862854]","['description', 'description', 'description']"
slopes,['50133'],[],description,1,0,[],,['62306'],[0.5261906385421753],['description']
slopes,['50133'],[],description,3,0,[],,"['62306', '51044', '62106']","[0.5261906385421753, 0.522769033908844, 0.5191887617111206]","['description', 'description', 'description']"
stand,['50133'],[],description,1,0,[],,['51388'],[0.519296407699585],['description']
stand,['50133'],[],description,3,0,[],,"['51388', '51044', '60977']","[0.519296407699585, 0.5171209573745728, 0.511970579624176]","['description', 'description', 'description']"
to,['50133'],[],description,1,0,[],,['23'],[0.5591623783111572],['description']
to,['50133'],[],description,3,0,[],,"['23', '85', '51388']","[0.5591623783111572, 0.5543941259384155, 0.5539361238479614]","['description', 'description', 'description']"
toilet的正确发音,['50133'],[],description,1,0,[],,['85'],[0.4707251191139221],['description']
toilet的正确发音,['50133'],[],description,3,0,[],,"['85', '62172', '50143']","[0.4707251191139221, 0.4595940411090851, 0.4569990634918213]","['description', 'description', 'description']"
traditional翻译成中文,['50133'],[],description,1,0,[],,['62172'],[0.6273089647293091],['description']
traditional翻译成中文,['50133'],[],description,3,0,[],,"['62172', '85', '51388']","[0.6273089647293091, 0.6256382465362549, 0.6045851707458496]","['description', 'description', 'description']"
traditon,['50133'],[],description,1,0,[],,['23'],[0.5512083768844604],['description']
traditon,['50133'],[],description,3,0,[],,"['23', '51323', '85']","[0.5512083768844604, 0.5485019683837891, 0.5410571098327637]","['description', 'description', 'description']"
ultra怎么读,['50133'],[],description,1,0,[],,['85'],[0.5085854530334473],['description']
ultra怎么读,['50133'],[],description,3,0,[],,"['85', '51388', '62172']","[0.5085854530334473, 0.49632734060287476, 0.49528104066848755]","['description', 'description', 'description']"
universalize,['50133'],[],description,1,0,[],,['85'],[0.5328295230865479],['description']
universalize,['50133'],[],description,3,0,[],,"['85', '60977', '50143']","[0.5328295230865479, 0.5185356140136719, 0.5144447684288025]","['description', 'description', 'description']"
universty,['50133'],[],description,1,0,[],,['4551'],[0.5600384473800659],['description']
universty,['50133'],[],description,3,0,[],,"['4551', '52364', '39537']","[0.5600384473800659, 0.5480799674987793, 0.5399275422096252]","['description', 'description', 'description']"
violation翻译成中文,['50133'],[],description,1,0,[],,['85'],[0.5758022665977478],['description']
violation翻译成中文,['50133'],[],description,3,0,[],,"['85', '62172', '51388']","[0.5758022665977478, 0.5551115274429321, 0.5396599769592285]","['description', 'description', 'description']"
you怎么读,['50133'],[],description,1,0,[],,['51388'],[0.5122624635696411],['description']
you怎么读,['50133'],[],description,3,0,[],,"['51388', '51381', '51377']","[0.5122624635696411, 0.5008740425109863, 0.4962625503540039]","['description', 'description', 'description']"
一代人的英文,['50133'],[],description,1,0,[],,['85'],[0.497810423374176],['description']
一代人的英文,['50133'],[],description,3,0,[],,"['85', '62172', '50143']","[0.497810423374176, 0.4759260416030884, 0.4742891788482666]","['description', 'description', 'description']"
二月怎么读英语,['50133'],[],description,1,0,[],,['62172'],[0.5139626264572144],['description']
二月怎么读英语,['50133'],[],description,3,0,[],,"['62172', '85', '51323']","[0.5139626264572144, 0.5072871446609497, 0.5037652254104614]","['description', 'description', 'description']"
勇敢英语怎么说,['50133'],[],description,1,0,[],,['62172'],[0.5652027726173401],['description']
勇敢英语怎么说,['50133'],[],description,3,0,[],,"['62172', '85', '50143']","[0.5652027726173401, 0.5539065003395081, 0.5527067184448242]","['description', 'description', 'description']"
十四的英语怎么读,['50133'],[],description,1,0,[],,['85'],[0.5443135499954224],['description']
十四的英语怎么读,['50133'],[],description,3,0,[],,"['85', '62172', '51323']","[0.5443135499954224, 0.5371288061141968, 0.5366042852401733]","['description', 'description', 'description']"
千米的英语怎么读,['50133'],[],description,1,0,[],,['85'],[0.4767048954963684],['description']
千米的英语怎么读,['50133'],[],description,3,0,[],,"['85', '62172', '50143']","[0.4767048954963684, 0.45959633588790894, 0.4584157168865204]","['description', 'description', 'description']"
参与英语,['50133'],[],description,1,0,[],,['50143'],[0.5595427751541138],['description']
参与英语,['50133'],[],description,3,0,[],,"['50143', '85', '62172']","[0.5595427751541138, 0.5562899112701416, 0.5527799129486084]","['description', 'description', 'description']"
发音 英文,['50133'],[],description,1,0,[],,['85'],[0.6950314044952393],['description']
发音 英文,['50133'],[],description,3,0,[],,"['85', '62172', '50143']","[0.6950314044952393, 0.6866617798805237, 0.6705472469329834]","['description', 'description', 'description']"
吉他用英语怎么说,['50133'],[],description,1,0,[],,['62172'],[0.537070631980896],['description']
吉他用英语怎么说,['50133'],[],description,3,0,[],,"['62172', '85', '50143']","[0.537070631980896, 0.5365586280822754, 0.5096540451049805]","['description', 'description', 'description']"
和平英语怎么读,['50133'],[],description,1,0,[],,['62172'],[0.5252283811569214],['description']
和平英语怎么读,['50133'],[],description,3,0,[],,"['62172', '85', '50143']","[0.5252283811569214, 0.50991290807724, 0.49915874004364014]","['description', 'description', 'description']"
回声英语,['50133'],[],description,1,0,[],,['62172'],[0.4812009930610657],['description']
回声英语,['50133'],[],description,3,0,[],,"['62172', '85', '50143']","[0.4812009930610657, 0.4676985740661621, 0.46224045753479004]","['description', 'description', 'description']"
国际象棋的英语怎么说,['50133'],[],description,1,0,[],,['62172'],[0.46807432174682617],['description']
国际象棋的英语怎么说,['50133'],[],description,3,0,[],,"['62172', '85', '50143']","[0.46807432174682617, 0.464249849319458, 0.4464755654335022]","['description', 'description', 'description']"
大的英文怎么写,['50133'],[],description,1,0,[],,['51323'],[0.6059455871582031],['description']
大的英文怎么写,['50133'],[],description,3,0,[],,"['51323', '85', '50143']","[0.6059455871582031, 0.5698480606079102, 0.5499257445335388]","['description', 'description', 'description']"
太阳的英文,['50133'],[],description,1,0,[],,['85'],[0.47863996028900146],['description']
太阳的英文,['50133'],[],description,3,0,[],,"['85', '51388', '51323']","[0.47863996028900146, 0.4723466634750366, 0.4685301184654236]","['description', 'description', 'description']"
奇怪的英文,['50133'],[],description,1,0,[],,['62172'],[0.5774906873703003],['description']
奇怪的英文,['50133'],[],description,3,0,[],,"['62172', '85', '50143']","[0.5774906873703003, 0.5692276954650879, 0.5431665182113647]","['description', 'description', 'description']"
宇宙英语,['50133'],[],description,1,0,[],,['62172'],[0.55322265625],['description']
宇宙英语,['50133'],[],description,3,0,[],,"['62172', '85', '50143']","[0.55322265625, 0.5456938743591309, 0.5128374099731445]","['description', 'description', 'description']"
家务的英语怎么说,['50133'],[],description,1,0,[],,['62172'],[0.5182784199714661],['description']
家务的英语怎么说,['50133'],[],description,3,0,[],,"['62172', '85', '50143']","[0.5182784199714661, 0.5170295834541321, 0.4952770471572876]","['description', 'description', 'description']"
小时英文,['50133'],[],description,1,0,[],,['85'],[0.5307588577270508],['description']
小时英文,['50133'],[],description,3,0,[],,"['85', '62172', '50143']","[0.5307588577270508, 0.5129820704460144, 0.5095564723014832]","['description', 'description', 'description']"
尿的英文,['50133'],[],description,1,0,[],,['85'],[0.5323833227157593],['description']
尿的英文,['50133'],[],description,3,0,[],,"['85', '51388', '62172']","[0.5323833227157593, 0.5151896476745605, 0.5144557356834412]","['description', 'description', 'description']"
形象英文,['50133'],[],description,1,0,[],,['85'],[0.5837041735649109],['description']
形象英文,['50133'],[],description,3,0,[],,"['85', '50143', '62172']","[0.5837041735649109, 0.5706086158752441, 0.570088267326355]","['description', 'description', 'description']"
手风琴的英文,['50133'],[],description,1,0,[],,['51388'],[0.4606388807296753],['description']
手风琴的英文,['50133'],[],description,3,0,[],,"['51388', '85', '51381']","[0.4606388807296753, 0.446311891078949, 0.4437366724014282]","['description', 'description', 'description']"
把英语怎么说,['50133'],[],description,1,0,[],,['62172'],[0.6210362911224365],['description']
把英语怎么说,['50133'],[],description,3,0,[],,"['62172', '85', '50143']","[0.6210362911224365, 0.6143341064453125, 0.5812098979949951]","['description', 'description', 'description']"
星的英文,['50133'],[],description,1,0,[],,['85'],[0.5402504205703735],['description']
星的英文,['50133'],[],description,3,0,[],,"['85', '62172', '51388']","[0.5402504205703735, 0.5324044227600098, 0.5198623538017273]","['description', 'description', 'description']"
暖和英文,['50133'],[],description,1,0,[],,['85'],[0.5321508646011353],['description']
暖和英文,['50133'],[],description,3,0,[],,"['85', '62172', '50143']","[0.5321508646011353, 0.529451310634613, 0.5112061500549316]","['description', 'description', 'description']"
枪的英文,['50133'],[],description,1,0,[],,['85'],[0.5153346657752991],['description']
枪的英文,['50133'],[],description,3,0,[],,"['85', '51388', '62172']","[0.5153346657752991, 0.5075942873954773, 0.4873603284358978]","['description', 'description', 'description']"
港口英文怎么说,['50133'],[],description,1,0,[],,['47198'],[0.5068618655204773],['description']
港口英文怎么说,['50133'],[],description,3,0,[],,"['47198', '62172', '85']","[0.5068618655204773, 0.5008459687232971, 0.4994407594203949]","['description', 'description', 'description']"
物理的英文,['50133'],[],description,1,0,[],,['51388'],[0.5820503234863281],['description']
物理的英文,['50133'],[],description,3,0,[],,"['51388', '85', '62172']","[0.5820503234863281, 0.5658359527587891, 0.545687735080719]","['description', 'description', 'description']"
玩具的英文,['50133'],[],description,1,0,[],,['85'],[0.551573634147644],['description']
玩具的英文,['50133'],[],description,3,0,[],,"['85', '62172', '50143']","[0.551573634147644, 0.5299782752990723, 0.5155611634254456]","['description', 'description', 'description']"
的英语怎么读,['50133'],[],description,1,0,[],,['85'],[0.568488597869873],['description']
的英语怎么读,['50133'],[],description,3,0,[],,"['85', '62172', '51388']","[0.568488597869873, 0.5583357810974121, 0.5494546890258789]","['description', 'description', 'description']"
礼貌的英文,['50133'],[],description,1,0,[],,['62172'],[0.5404311418533325],['description']
礼貌的英文,['50133'],[],description,3,0,[],,"['62172', '85', '50143']","[0.5404311418533325, 0.5387799143791199, 0.5258383750915527]","['description', 'description', 'description']"
第三的英语怎么读,['50133'],[],description,1,0,[],,['85'],[0.5252137780189514],['description']
第三的英语怎么读,['50133'],[],description,3,0,[],,"['85', '62172', '50143']","[0.5252137780189514, 0.5161603689193726, 0.5119143128395081]","['description', 'description', 'description']"
管的英文,['50133'],[],description,1,0,[],,['85'],[0.6019017100334167],['description']
管的英文,['50133'],[],description,3,0,[],,"['85', '51388', '62172']","[0.6019017100334167, 0.5912647843360901, 0.5762483477592468]","['description', 'description', 'description']"
米兰英文,['50133'],[],description,1,0,[],,['51388'],[0.47064709663391113],['description']
米兰英文,['50133'],[],description,3,0,[],,"['51388', '85', '51323']","[0.47064709663391113, 0.46336525678634644, 0.46078091859817505]","['description', 'description', 'description']"
老虎的英文,['50133'],[],description,1,0,[],,['85'],[0.5198217034339905],['description']
老虎的英文,['50133'],[],description,3,0,[],,"['85', '62172', '51388']","[0.5198217034339905, 0.4995439350605011, 0.4904135465621948]","['description', 'description', 'description']"
腿用英文怎么说,['50133'],[],description,1,0,[],,['85'],[0.5550838708877563],['description']
腿用英文怎么说,['50133'],[],description,3,0,[],,"['85', '62172', '50143']","[0.5550838708877563, 0.5534124374389648, 0.5300260186195374]","['description', 'description', 'description']"
英文bed,['50133'],[],description,1,0,[],,['85'],[0.6067662835121155],['description']
英文bed,['50133'],[],description,3,0,[],,"['85', '50143', '62172']","[0.6067662835121155, 0.5972545146942139, 0.5903419256210327]","['description', 'description', 'description']"
英文猪怎么读,['50133'],[],description,1,0,[],,['85'],[0.5284185409545898],['description']
英文猪怎么读,['50133'],[],description,3,0,[],,"['85', '62172', '50143']","[0.5284185409545898, 0.5237551927566528, 0.5163323879241943]","['description', 'description', 'description']"
营地的英语怎么读,['50133'],[],description,1,0,[],,['85'],[0.5034780502319336],['description']
营地的英语怎么读,['50133'],[],description,3,0,[],,"['85', '62172', '50143']","[0.5034780502319336, 0.4989650249481201, 0.48143547773361206]","['description', 'description', 'description']"
薯条单词,['50133'],[],description,1,0,[],,['85'],[0.5545946955680847],['description']
薯条单词,['50133'],[],description,3,0,[],,"['85', '62172', '51388']","[0.5545946955680847, 0.526135265827179, 0.5170087814331055]","['description', 'description', 'description']"
蜜蜂的英文,['50133'],[],description,1,0,[],,['85'],[0.5146834850311279],['description']
蜜蜂的英文,['50133'],[],description,3,0,[],,"['85', '62172', '51388']","[0.5146834850311279, 0.5059904456138611, 0.4809383749961853]","['description', 'description', 'description']"
豹子英语怎么读,['50133'],[],description,1,0,[],,['62172'],[0.49719369411468506],['description']
豹子英语怎么读,['50133'],[],description,3,0,[],,"['62172', '85', '50143']","[0.49719369411468506, 0.49368584156036377, 0.4900141954421997]","['description', 'description', 'description']"
越南 英文,['50133'],[],description,1,0,[],,['85'],[0.5543095469474792],['description']
越南 英文,['50133'],[],description,3,0,[],,"['85', '62172', '50143']","[0.5543095469474792, 0.5431033372879028, 0.5430740118026733]","['description', 'description', 'description']"
车子的英文,['50133'],[],description,1,0,[],,['85'],[0.5565571784973145],['description']
车子的英文,['50133'],[],description,3,0,[],,"['85', '51388', '62172']","[0.5565571784973145, 0.5311661958694458, 0.5274474024772644]","['description', 'description', 'description']"
钩子的英文,['50133'],[],description,1,0,[],,['85'],[0.5258389115333557],['description']
钩子的英文,['50133'],[],description,3,0,[],,"['85', '62172', '50143']","[0.5258389115333557, 0.5232979655265808, 0.5010663270950317]","['description', 'description', 'description']"
院子的英语怎么说,['50133'],[],description,1,0,[],,['85'],[0.5323724150657654],['description']
院子的英语怎么说,['50133'],[],description,3,0,[],,"['85', '62172', '51388']","[0.5323724150657654, 0.5291160941123962, 0.5245586633682251]","['description', 'description', 'description']"
馒头英语怎么说,['50133'],[],description,1,0,[],,['85'],[0.5415999889373779],['description']
馒头英语怎么说,['50133'],[],description,3,0,[],,"['85', '51388', '62172']","[0.5415999889373779, 0.5113472938537598, 0.5105934143066406]","['description', 'description', 'description']"
ably,['50133'],[],merged,1,0,[],,['85'],[0.5293159484863281],['description']
ably,['50133'],[],merged,3,0,[],,"['85', '50143', '51388']","[0.5293159484863281, 0.5211007595062256, 0.5186024904251099]","['description', 'description', 'description']"
abode,['50133'],[],merged,1,0,[],,['47242'],[0.5105282068252563],['title_description']
abode,['50133'],[],merged,3,0,[],,"['47242', '5671', '85']","[0.5105282068252563, 0.5081355571746826, 0.5033069849014282]","['title_description', 'description', 'title_description']"
active中文翻译,['50133'],[],merged,1,0,[],,['85'],[0.5429415702819824],['description']
active中文翻译,['50133'],[],merged,3,0,[],,"['85', '51388', '23']","[0.5429415702819824, 0.538102388381958, 0.5285075902938843]","['description', 'description', 'title_description']"
actully怎么读,['50133'],[],merged,1,0,[],,['85'],[0.5610218048095703],['title_description']
actully怎么读,['50133'],[],merged,3,0,[],,"['85', '51388', '23']","[0.5610218048095703, 0.5475091934204102, 0.5429240465164185]","['title_description', 'description', 'title_description']"
alexandria怎么读,['50133'],[],merged,1,0,[],,['85'],[0.5381048917770386],['title_description']
alexandria怎么读,['50133'],[],merged,3,0,[],,"['85', '23', '62172']","[0.5381048917770386, 0.5316201448440552, 0.4794121980667114]","['title_description', 'title_description', 'description']"
asset,['50133'],[],merged,1,0,[],,['60977'],[0.5750868320465088],['title_description']
asset,['50133'],[],merged,3,0,[],,"['60977', '5293', '267']","[0.5750868320465088, 0.519789457321167, 0.5177364349365234]","['title_description', 'title_description', 'title_description']"
ation,['50133'],[],merged,1,0,[],,['51044'],[0.5246694087982178],['description']
ation,['50133'],[],merged,3,0,[],,"['51044', '51388', '85']","[0.5246694087982178, 0.5141668915748596, 0.5059306621551514]","['description', 'description', 'description']"
bourne,['50133'],[],merged,1,0,[],,['47190'],[0.5459815859794617],['title_description']
bourne,['50133'],[],merged,3,0,[],,"['47190', '60868', '47242']","[0.5459815859794617, 0.5408623218536377, 0.5372445583343506]","['title_description', 'title_description', 'title_description']"
bristled,['50133'],[],merged,1,0,[],,['60977'],[0.48299291729927063],['title_description']
bristled,['50133'],[],merged,3,0,[],,"['60977', '51388', '85']","[0.48299291729927063, 0.4750553369522095, 0.46021223068237305]","['title_description', 'description', 'description']"
call in,['50133'],[],merged,1,0,[],,['51044'],[0.5194318294525146],['title_description']
call in,['50133'],[],merged,3,0,[],,"['51044', '5601', '61111']","[0.5194318294525146, 0.5174041986465454, 0.5139300227165222]","['title_description', 'description', 'title_description']"
carry all,['50133'],[],merged,1,0,[],,['60977'],[0.5650312900543213],['title_description']
carry all,['50133'],[],merged,3,0,[],,"['60977', '47190', '51044']","[0.5650312900543213, 0.559601902961731, 0.5585523843765259]","['title_description', 'title_description', 'title_description']"
chain是什么意思,['50133'],[],merged,1,0,[],,['51388'],[0.5533772706985474],['description']
chain是什么意思,['50133'],[],merged,3,0,[],,"['51388', '52336', '51386']","[0.5533772706985474, 0.5276799201965332, 0.5124948024749756]","['description', 'title_description', 'title_description']"
chimny,['50133'],[],merged,1,0,[],,['51388'],[0.49200326204299927],['description']
chimny,['50133'],[],merged,3,0,[],,"['51388', '51377', '51323']","[0.49200326204299927, 0.47855448722839355, 0.4748052954673767]","['description', 'description', 'description']"
cigarette,['50133'],[],merged,1,0,[],,['61800'],[0.4704325795173645],['title_description']
cigarette,['50133'],[],merged,3,0,[],,"['61800', '60977', '51044']","[0.4704325795173645, 0.46388107538223267, 0.4388955235481262]","['title_description', 'title_description', 'title_description']"
clown是什么意思,['50133'],[],merged,1,0,[],,['51388'],[0.5154173970222473],['title_description']
clown是什么意思,['50133'],[],merged,3,0,[],,"['51388', '51386', '85']","[0.5154173970222473, 0.4957025647163391, 0.4945240914821625]","['title_description', 'description', 'title_description']"
comicbook是什么意思,['50133'],[],merged,1,0,[],,['51388'],[0.49225521087646484],['title_description']
comicbook是什么意思,['50133'],[],merged,3,0,[],,"['51388', '52336', '85']","[0.49225521087646484, 0.47398123145103455, 0.46587592363357544]","['title_description', 'title_description', 'description']"
comple,['50133'],[],merged,1,0,[],,['60977'],[0.5525932312011719],['title_description']
comple,['50133'],[],merged,3,0,[],,"['60977', '51388', '51323']","[0.5525932312011719, 0.5305235385894775, 0.5256694555282593]","['title_description', 'description', 'description']"
costumer,['50133'],[],merged,1,0,[],,['60977'],[0.5679711699485779],['title_description']
costumer,['50133'],[],merged,3,0,[],,"['60977', '47272', '47242']","[0.5679711699485779, 0.5255486369132996, 0.5181781053543091]","['title_description', 'title_description', 'title_description']"
coutse,['50133'],[],merged,1,0,[],,['60293'],[0.6355576515197754],['description']
coutse,['50133'],[],merged,3,0,[],,"['60293', '85', '51044']","[0.6355576515197754, 0.546765148639679, 0.541108250617981]","['description', 'description', 'title_description']"
cruel,['50133'],[],merged,1,0,[],,['23'],[0.44600093364715576],['title_description']
cruel,['50133'],[],merged,3,0,[],,"['23', '85', '51388']","[0.44600093364715576, 0.43622472882270813, 0.4296911954879761]","['title_description', 'title_description', 'description']"
cuju,['50133'],[],merged,1,0,[],,['51377'],[0.5002057552337646],['description']
cuju,['50133'],[],merged,3,0,[],,"['51377', '5550', '51388']","[0.5002057552337646, 0.49416881799697876, 0.47899359464645386]","['description', 'description', 'description']"
disaster怎么读的,['50133'],[],merged,1,0,[],,['85'],[0.4548773169517517],['description']
disaster怎么读的,['50133'],[],merged,3,0,[],,"['85', '23', '62172']","[0.4548773169517517, 0.4393807351589203, 0.4390401840209961]","['description', 'title_description', 'description']"
discount,['50133'],[],merged,1,0,[],,['60977'],[0.5588032007217407],['title_description']
discount,['50133'],[],merged,3,0,[],,"['60977', '5671', '50192']","[0.5588032007217407, 0.5223538875579834, 0.5051249861717224]","['title_description', 'description', 'description']"
d怎么读音发音,['50133'],[],merged,1,0,[],,['51388'],[0.4586697816848755],['description']
d怎么读音发音,['50133'],[],merged,3,0,[],,"['51388', '51381', '52523']","[0.4586697816848755, 0.44633567333221436, 0.44433435797691345]","['description', 'title_description', 'description']"
encient,['50133'],[],merged,1,0,[],,['51323'],[0.5378139615058899],['description']
encient,['50133'],[],merged,3,0,[],,"['51323', '23', '51388']","[0.5378139615058899, 0.5315080285072327, 0.5222680568695068]","['description', 'title_description', 'description']"
energise,['50133'],[],merged,1,0,[],,['85'],[0.5083523988723755],['description']
energise,['50133'],[],merged,3,0,[],,"['85', '23', '50143']","[0.5083523988723755, 0.4982788562774658, 0.4967045187950134]","['description', 'title_description', 'description']"
english的英语,['50133'],[],merged,1,0,[],,['85'],[0.6825516819953918],['description']
english的英语,['50133'],[],merged,3,0,[],,"['85', '62172', '50143']","[0.6825516819953918, 0.6661549806594849, 0.6518070697784424]","['description', 'description', 'description']"
entire 翻译,['50133'],[],merged,1,0,[],,['85'],[0.6594746708869934],['description']
entire 翻译,['50133'],[],merged,3,0,[],,"['85', '62172', '50143']","[0.6594746708869934, 0.6350864171981812, 0.6080998182296753]","['description', 'description', 'description']"
er,['50133'],[],merged,1,0,[],,['23'],[0.5265502333641052],['title_description']
er,['50133'],[],merged,3,0,[],,"['23', '85', '51388']","[0.5265502333641052, 0.5262255668640137, 0.523830771446228]","['title_description', 'title_description', 'description']"
fit翻译成中文,['50133'],[],merged,1,0,[],,['85'],[0.6830765008926392],['description']
fit翻译成中文,['50133'],[],merged,3,0,[],,"['85', '51388', '62172']","[0.6830765008926392, 0.6828316450119019, 0.6755530834197998]","['description', 'description', 'description']"
fooling,['50133'],[],merged,1,0,[],,['23'],[0.49292153120040894],['title_description']
fooling,['50133'],[],merged,3,0,[],,"['23', '85', '51388']","[0.49292153120040894, 0.4778693616390228, 0.4764850437641144]","['title_description', 'title_description', 'description']"
frist,['50133'],[],merged,1,0,[],,['51388'],[0.539165735244751],['description']
frist,['50133'],[],merged,3,0,[],,"['51388', '60868', '51044']","[0.539165735244751, 0.5338613986968994, 0.5338133573532104]","['description', 'title_description', 'description']"
from什么意思,['50133'],[],merged,1,0,[],,['51388'],[0.6361701488494873],['description']
from什么意思,['50133'],[],merged,3,0,[],,"['51388', '52336', '51386']","[0.6361701488494873, 0.5895606279373169, 0.578170657157898]","['description', 'description', 'title_description']"
from怎么读,['50133'],[],merged,1,0,[],,['51377'],[0.5190206170082092],['description']
from怎么读,['50133'],[],merged,3,0,[],,"['51377', '51388', '51381']","[0.5190206170082092, 0.5189040899276733, 0.5080571174621582]","['description', 'description', 'title_description']"
gala的英语怎么说,['50133'],[],merged,1,0,[],,['62172'],[0.5403017997741699],['description']
gala的英语怎么说,['50133'],[],merged,3,0,[],,"['62172', '85', '23']","[0.5403017997741699, 0.5374906659126282, 0.5337648391723633]","['description', 'description', 'title_description']"
gay英文啥意思,['50133'],[],merged,1,0,[],,['85'],[0.5630180835723877],['description']
gay英文啥意思,['50133'],[],merged,3,0,[],,"['85', '62172', '50143']","[0.5630180835723877, 0.550757884979248, 0.5378056764602661]","['description', 'description', 'description']"
god,['50133'],[],merged,1,0,[],,['23'],[0.5294501781463623],['title_description']
god,['50133'],[],merged,3,0,[],,"['23', '85', '5601']","[0.5294501781463623, 0.5246514678001404, 0.5117325782775879]","['title_description', 'title_description', 'description']"
gojogging翻译,['50133'],[],merged,1,0,[],,['85'],[0.5419282913208008],['description']
gojogging翻译,['50133'],[],merged,3,0,[],,"['85', '62172', '23']","[0.5419282913208008, 0.5357238054275513, 0.48565661907196045]","['description', 'description', 'title_description']"
greet中文翻译,['50133'],[],merged,1,0,[],,['85'],[0.5397775173187256],['description']
greet中文翻译,['50133'],[],merged,3,0,[],,"['85', '51388', '23']","[0.5397775173187256, 0.5329031348228455, 0.5315430164337158]","['description', 'description', 'title_description']"
guarter,['50133'],[],merged,1,0,[],,['51323'],[0.5799477100372314],['description']
guarter,['50133'],[],merged,3,0,[],,"['51323', '51377', '51388']","[0.5799477100372314, 0.5537600517272949, 0.5391780138015747]","['description', 'description', 'description']"
gussing,['50133'],[],merged,1,0,[],,['51388'],[0.5345382690429688],['description']
gussing,['50133'],[],merged,3,0,[],,"['51388', '85', '23']","[0.5345382690429688, 0.5209961533546448, 0.5119359493255615]","['description', 'description', 'title_description']"
hei,['50133'],[],merged,1,0,[],,['51388'],[0.5951224565505981],['description']
hei,['50133'],[],merged,3,0,[],,"['51388', '51323', '51377']","[0.5951224565505981, 0.5814061164855957, 0.5669804811477661]","['description', 'description', 'description']"
implicated,['50133'],[],merged,1,0,[],,['51388'],[0.47248706221580505],['description']
implicated,['50133'],[],merged,3,0,[],,"['51388', '85', '51275']","[0.47248706221580505, 0.45837634801864624, 0.45317068696022034]","['description', 'description', 'title_description']"
in the field,['50133'],[],merged,1,0,[],,['47242'],[0.5040520429611206],['title_description']
in the field,['50133'],[],merged,3,0,[],,"['47242', '60293', '60977']","[0.5040520429611206, 0.488148033618927, 0.47977495193481445]","['title_description', 'description', 'title_description']"
inefficient 翻译,['50133'],[],merged,1,0,[],,['85'],[0.600755512714386],['description']
inefficient 翻译,['50133'],[],merged,3,0,[],,"['85', '62172', '50143']","[0.600755512714386, 0.5880521535873413, 0.5484533309936523]","['description', 'description', 'description']"
joke什么意思,['50133'],[],merged,1,0,[],,['52336'],[0.49683380126953125],['description']
joke什么意思,['50133'],[],merged,3,0,[],,"['52336', '85', '51388']","[0.49683380126953125, 0.49470755457878113, 0.49354636669158936]","['description', 'description', 'description']"
junior怎么读音,['50133'],[],merged,1,0,[],,['51388'],[0.5121827721595764],['description']
junior怎么读音,['50133'],[],merged,3,0,[],,"['51388', '51381', '51386']","[0.5121827721595764, 0.5043748617172241, 0.49708840250968933]","['description', 'title_description', 'title_description']"
ko,['50133'],[],merged,1,0,[],,['47242'],[0.5597310662269592],['title_description']
ko,['50133'],[],merged,3,0,[],,"['47242', '51377', '51388']","[0.5597310662269592, 0.5194553732872009, 0.5097271800041199]","['title_description', 'description', 'description']"
lake,['50133'],[],merged,1,0,[],,['62306'],[0.4897019863128662],['description']
lake,['50133'],[],merged,3,0,[],,"['62306', '5671', '47242']","[0.4897019863128662, 0.4875732660293579, 0.4862327575683594]","['description', 'description', 'title_description']"
lan,['50133'],[],merged,1,0,[],,['23'],[0.5861309170722961],['description']
lan,['50133'],[],merged,3,0,[],,"['23', '85', '51388']","[0.5861309170722961, 0.5591397881507874, 0.5449295043945312]","['description', 'title_description', 'description']"
laughs,['50133'],[],merged,1,0,[],,['23'],[0.4976126551628113],['description']
laughs,['50133'],[],merged,3,0,[],,"['23', '51388', '51377']","[0.4976126551628113, 0.4918150007724762, 0.48850077390670776]","['description', 'description', 'description']"
lcx,['50133'],[],merged,1,0,[],,['51323'],[0.5174248814582825],['description']
lcx,['50133'],[],merged,3,0,[],,"['51323', '47190', '51388']","[0.5174248814582825, 0.5149820446968079, 0.5074328780174255]","['description', 'title_description', 'description']"
lifegoeson是什么意思,['50133'],[],merged,1,0,[],,['85'],[0.4641062617301941],['description']
lifegoeson是什么意思,['50133'],[],merged,3,0,[],,"['85', '51388', '62172']","[0.4641062617301941, 0.45110082626342773, 0.44913288950920105]","['description', 'description', 'description']"
make英语怎么读,['50133'],[],merged,1,0,[],,['85'],[0.5705031156539917],['description']
make英语怎么读,['50133'],[],merged,3,0,[],,"['85', '50143', '62172']","[0.5705031156539917, 0.5701225399971008, 0.558660626411438]","['description', 'description', 'description']"
malfunction翻译成中文,['50133'],[],merged,1,0,[],,['85'],[0.51170814037323],['description']
malfunction翻译成中文,['50133'],[],merged,3,0,[],,"['85', '51388', '62172']","[0.51170814037323, 0.5007417798042297, 0.49077123403549194]","['description', 'description', 'description']"
mars,['50133'],[],merged,1,0,[],,['51323'],[0.5227246284484863],['description']
mars,['50133'],[],merged,3,0,[],,"['51323', '62306', '62106']","[0.5227246284484863, 0.5071250200271606, 0.5049971342086792]","['description', 'description', 'description']"
messing,['50133'],[],merged,1,0,[],,['51388'],[0.5080549120903015],['description']
messing,['50133'],[],merged,3,0,[],,"['51388', '60977', '23']","[0.5080549120903015, 0.48289918899536133, 0.4820563495159149]","['description', 'title_description', 'title_description']"
miko是什么意思,['50133'],[],merged,1,0,[],,['51388'],[0.5157866477966309],['description']
miko是什么意思,['50133'],[],merged,3,0,[],,"['51388', '51386', '52336']","[0.5157866477966309, 0.4858620762825012, 0.48212823271751404]","['description', 'description', 'description']"
morph,['50133'],[],merged,1,0,[],,['50143'],[0.5795223712921143],['description']
morph,['50133'],[],merged,3,0,[],,"['50143', '85', '51388']","[0.5795223712921143, 0.5730036497116089, 0.5728376507759094]","['description', 'description', 'description']"
nut,['50133'],[],merged,1,0,[],,['51388'],[0.5273935794830322],['description']
nut,['50133'],[],merged,3,0,[],,"['51388', '51323', '51044']","[0.5273935794830322, 0.5241361856460571, 0.5216431617736816]","['description', 'description', 'title_description']"
outside,['50133'],[],merged,1,0,[],,['47190'],[0.5373561382293701],['title_description']
outside,['50133'],[],merged,3,0,[],,"['47190', '47242', '5671']","[0.5373561382293701, 0.534580409526825, 0.5301544666290283]","['title_description', 'title_description', 'description']"
partner,['50133'],[],merged,1,0,[],,['60977'],[0.5421402454376221],['title_description']
partner,['50133'],[],merged,3,0,[],,"['60977', '51388', '51457']","[0.5421402454376221, 0.5022331476211548, 0.4941815137863159]","['title_description', 'description', 'description']"
populace,['50133'],[],merged,1,0,[],,['47242'],[0.5163618922233582],['title_description']
populace,['50133'],[],merged,3,0,[],,"['47242', '62306', '5601']","[0.5163618922233582, 0.5004009008407593, 0.49723848700523376]","['title_description', 'description', 'description']"
pound翻译,['50133'],[],merged,1,0,[],,['85'],[0.5840377807617188],['description']
pound翻译,['50133'],[],merged,3,0,[],,"['85', '62172', '51388']","[0.5840377807617188, 0.5791036486625671, 0.5681494474411011]","['description', 'description', 'description']"
predict怎么读,['50133'],[],merged,1,0,[],,['51388'],[0.5226562023162842],['description']
predict怎么读,['50133'],[],merged,3,0,[],,"['51388', '85', '51386']","[0.5226562023162842, 0.5001612901687622, 0.48686492443084717]","['description', 'description', 'title_description']"
present perfect,['50133'],[],merged,1,0,[],,['50143'],[0.5295718312263489],['description']
present perfect,['50133'],[],merged,3,0,[],,"['50143', '85', '51388']","[0.5295718312263489, 0.4828857481479645, 0.4466177225112915]","['description', 'description', 'description']"
price 翻译,['50133'],[],merged,1,0,[],,['51388'],[0.6632399559020996],['description']
price 翻译,['50133'],[],merged,3,0,[],,"['51388', '85', '62172']","[0.6632399559020996, 0.6417676210403442, 0.6284029483795166]","['description', 'description', 'description']"
proactively,['50133'],[],merged,1,0,[],,['60977'],[0.4938538074493408],['title_description']
proactively,['50133'],[],merged,3,0,[],,"['60977', '47190', '85']","[0.4938538074493408, 0.4626796245574951, 0.4620342254638672]","['title_description', 'title_description', 'description']"
puppet的英文,['50133'],[],merged,1,0,[],,['51388'],[0.5338211059570312],['description']
puppet的英文,['50133'],[],merged,3,0,[],,"['51388', '85', '23']","[0.5338211059570312, 0.5301967859268188, 0.5272105932235718]","['description', 'title_description', 'title_description']"
puppy的中文翻译,['50133'],[],merged,1,0,[],,['51388'],[0.5704810619354248],['description']
puppy的中文翻译,['50133'],[],merged,3,0,[],,"['51388', '85', '62172']","[0.5704810619354248, 0.5493214130401611, 0.5458749532699585]","['description', 'title_description', 'description']"
rack,['50133'],[],merged,1,0,[],,['51044'],[0.5114930272102356],['title_description']
rack,['50133'],[],merged,3,0,[],,"['51044', '60977', '47242']","[0.5114930272102356, 0.5093129873275757, 0.49983108043670654]","['title_description', 'title_description', 'title_description']"
randomly是什么意思,['50133'],[],merged,1,0,[],,['85'],[0.5522229075431824],['description']
randomly是什么意思,['50133'],[],merged,3,0,[],,"['85', '51388', '51386']","[0.5522229075431824, 0.550054669380188, 0.5415390729904175]","['description', 'title_description', 'description']"
recharging,['50133'],[],merged,1,0,[],,['60977'],[0.49932193756103516],['title_description']
recharging,['50133'],[],merged,3,0,[],,"['60977', '51044', '47190']","[0.49932193756103516, 0.49713340401649475, 0.49008968472480774]","['title_description', 'title_description', 'title_description']"
responsbility,['50133'],[],merged,1,0,[],,['60977'],[0.46910640597343445],['title_description']
responsbility,['50133'],[],merged,3,0,[],,"['60977', '60293', '51388']","[0.46910640597343445, 0.45488762855529785, 0.45154839754104614]","['title_description', 'description', 'description']"
shouted什么意思,['50133'],[],merged,1,0,[],,['85'],[0.492824524641037],['description']
shouted什么意思,['50133'],[],merged,3,0,[],,"['85', '51388', '50143']","[0.492824524641037, 0.47921222448349, 0.4772198498249054]","['description', 'description', 'title_description']"
slam怎么读,['50133'],[],merged,1,0,[],,['85'],[0.4743010401725769],['title_description']
slam怎么读,['50133'],[],merged,3,0,[],,"['85', '23', '62172']","[0.4743010401725769, 0.47422197461128235, 0.4465358257293701]","['title_description', 'title_description', 'description']"
slighter,['50133'],[],merged,1,0,[],,['23'],[0.5097208023071289],['title_description']
slighter,['50133'],[],merged,3,0,[],,"['23', '85', '51388']","[0.5097208023071289, 0.5058550238609314, 0.4938054084777832]","['title_description', 'title_description', 'description']"
slopes,['50133'],[],merged,1,0,[],,['62306'],[0.5261906385421753],['description']
slopes,['50133'],[],merged,3,0,[],,"['62306', '51044', '62106']","[0.5261906385421753, 0.522769033908844, 0.5191887617111206]","['description', 'description', 'description']"
stand,['50133'],[],merged,1,0,[],,['51388'],[0.519296407699585],['description']
stand,['50133'],[],merged,3,0,[],,"['51388', '60977', '51044']","[0.519296407699585, 0.5188817977905273, 0.5171209573745728]","['description', 'title_description', 'description']"
to,['50133'],[],merged,1,0,[],,['23'],[0.5591623783111572],['description']
to,['50133'],[],merged,3,0,[],,"['23', '60977', '47190']","[0.5591623783111572, 0.5580821633338928, 0.5563026666641235]","['description', 'title_description', 'title_description']"
toilet的正确发音,['50133'],[],merged,1,0,[],,['85'],[0.4707251191139221],['description']
toilet的正确发音,['50133'],[],merged,3,0,[],,"['85', '62172', '50143']","[0.4707251191139221, 0.4595940411090851, 0.4592224955558777]","['description', 'description', 'title_description']"
traditional翻译成中文,['50133'],[],merged,1,0,[],,['62172'],[0.6273089647293091],['description']
traditional翻译成中文,['50133'],[],merged,3,0,[],,"['62172', '85', '51388']","[0.6273089647293091, 0.6256382465362549, 0.6045851707458496]","['description', 'description', 'description']"
traditon,['50133'],[],merged,1,0,[],,['23'],[0.5565741062164307],['title_description']
traditon,['50133'],[],merged,3,0,[],,"['23', '51323', '85']","[0.5565741062164307, 0.5485019683837891, 0.5410571098327637]","['title_description', 'description', 'description']"
ultra怎么读,['50133'],[],merged,1,0,[],,['85'],[0.5103042125701904],['title_description']
ultra怎么读,['50133'],[],merged,3,0,[],,"['85', '23', '51388']","[0.5103042125701904, 0.504322350025177, 0.49632734060287476]","['title_description', 'title_description', 'description']"
universalize,['50133'],[],merged,1,0,[],,['85'],[0.5328295230865479],['description']
universalize,['50133'],[],merged,3,0,[],,"['85', '60977', '50143']","[0.5328295230865479, 0.5221783518791199, 0.5144447684288025]","['description', 'title_description', 'description']"
universty,['50133'],[],merged,1,0,[],,['4551'],[0.5600384473800659],['description']
universty,['50133'],[],merged,3,0,[],,"['4551', '52364', '39537']","[0.5600384473800659, 0.5480799674987793, 0.5399275422096252]","['description', 'description', 'description']"
violation翻译成中文,['50133'],[],merged,1,0,[],,['85'],[0.5758022665977478],['description']
violation翻译成中文,['50133'],[],merged,3,0,[],,"['85', '62172', '51388']","[0.5758022665977478, 0.5551115274429321, 0.5396599769592285]","['description', 'description', 'description']"
you怎么读,['50133'],[],merged,1,0,[],,['51388'],[0.5122624635696411],['description']
you怎么读,['50133'],[],merged,3,0,[],,"['51388', '51381', '51377']","[0.5122624635696411, 0.5037158727645874, 0.4962625503540039]","['description', 'title_description', 'description']"
一代人的英文,['50133'],[],merged,1,0,[],,['85'],[0.497810423374176],['description']
一代人的英文,['50133'],[],merged,3,0,[],,"['85', '62172', '51381']","[0.497810423374176, 0.4759260416030884, 0.4752281904220581]","['description', 'description', 'title_description']"
二月怎么读英语,['50133'],[],merged,1,0,[],,['62172'],[0.5139626264572144],['description']
二月怎么读英语,['50133'],[],merged,3,0,[],,"['62172', '85', '51323']","[0.5139626264572144, 0.5072871446609497, 0.5037652254104614]","['description', 'description', 'description']"
勇敢英语怎么说,['50133'],[],merged,1,0,[],,['62172'],[0.5652027726173401],['description']
勇敢英语怎么说,['50133'],[],merged,3,0,[],,"['62172', '85', '50143']","[0.5652027726173401, 0.5539065003395081, 0.5527067184448242]","['description', 'description', 'description']"
十四的英语怎么读,['50133'],[],merged,1,0,[],,['85'],[0.5443135499954224],['description']
十四的英语怎么读,['50133'],[],merged,3,0,[],,"['85', '62172', '51323']","[0.5443135499954224, 0.5371288061141968, 0.5366042852401733]","['description', 'description', 'description']"
千米的英语怎么读,['50133'],[],merged,1,0,[],,['50143'],[0.5001318454742432],['title_description']
千米的英语怎么读,['50133'],[],merged,3,0,[],,"['50143', '85', '62172']","[0.5001318454742432, 0.4767048954963684, 0.45959633588790894]","['title_description', 'description', 'description']"
参与英语,['50133'],[],merged,1,0,[],,['50143'],[0.5595427751541138],['description']
参与英语,['50133'],[],merged,3,0,[],,"['50143', '85', '62172']","[0.5595427751541138, 0.5562899112701416, 0.5527799129486084]","['description', 'description', 'description']"
发音 英文,['50133'],[],merged,1,0,[],,['85'],[0.6950314044952393],['description']
发音 英文,['50133'],[],merged,3,0,[],,"['85', '62172', '50143']","[0.6950314044952393, 0.6866617798805237, 0.6705472469329834]","['description', 'description', 'description']"
吉他用英语怎么说,['50133'],[],merged,1,0,[],,['62172'],[0.537070631980896],['description']
吉他用英语怎么说,['50133'],[],merged,3,0,[],,"['62172', '85', '50143']","[0.537070631980896, 0.5365586280822754, 0.5154126882553101]","['description', 'description', 'title_description']"
和平英语怎么读,['50133'],[],merged,1,0,[],,['62172'],[0.5252283811569214],['description']
和平英语怎么读,['50133'],[],merged,3,0,[],,"['62172', '85', '50143']","[0.5252283811569214, 0.50991290807724, 0.49915874004364014]","['description', 'description', 'description']"
回声英语,['50133'],[],merged,1,0,[],,['62172'],[0.4812009930610657],['description']
回声英语,['50133'],[],merged,3,0,[],,"['62172', '85', '50143']","[0.4812009930610657, 0.4676985740661621, 0.46224045753479004]","['description', 'description', 'description']"
国际象棋的英语怎么说,['50133'],[],merged,1,0,[],,['62172'],[0.46807432174682617],['description']
国际象棋的英语怎么说,['50133'],[],merged,3,0,[],,"['62172', '85', '50143']","[0.46807432174682617, 0.464249849319458, 0.4587787389755249]","['description', 'description', 'title_description']"
大的英文怎么写,['50133'],[],merged,1,0,[],,['51323'],[0.6059455871582031],['description']
大的英文怎么写,['50133'],[],merged,3,0,[],,"['51323', '85', '50143']","[0.6059455871582031, 0.5698480606079102, 0.5499257445335388]","['description', 'description', 'description']"
太阳的英文,['50133'],[],merged,1,0,[],,['23'],[0.47864824533462524],['title_description']
太阳的英文,['50133'],[],merged,3,0,[],,"['23', '85', '51388']","[0.47864824533462524, 0.47863996028900146, 0.4723466634750366]","['title_description', 'description', 'description']"
奇怪的英文,['50133'],[],merged,1,0,[],,['62172'],[0.5774906873703003],['description']
奇怪的英文,['50133'],[],merged,3,0,[],,"['62172', '85', '50143']","[0.5774906873703003, 0.5692276954650879, 0.5431665182113647]","['description', 'description', 'description']"
宇宙英语,['50133'],[],merged,1,0,[],,['62172'],[0.55322265625],['description']
宇宙英语,['50133'],[],merged,3,0,[],,"['62172', '85', '23']","[0.55322265625, 0.5456938743591309, 0.5319187045097351]","['description', 'description', 'title_description']"
家务的英语怎么说,['50133'],[],merged,1,0,[],,['62172'],[0.5182784199714661],['description']
家务的英语怎么说,['50133'],[],merged,3,0,[],,"['62172', '85', '50143']","[0.5182784199714661, 0.5170295834541321, 0.4952770471572876]","['description', 'description', 'description']"
小时英文,['50133'],[],merged,1,0,[],,['85'],[0.5307588577270508],['description']
小时英文,['50133'],[],merged,3,0,[],,"['85', '62172', '50143']","[0.5307588577270508, 0.5129820704460144, 0.5095564723014832]","['description', 'description', 'description']"
尿的英文,['50133'],[],merged,1,0,[],,['85'],[0.5323833227157593],['description']
尿的英文,['50133'],[],merged,3,0,[],,"['85', '51388', '62172']","[0.5323833227157593, 0.5151896476745605, 0.5144557356834412]","['description', 'description', 'description']"
形象英文,['50133'],[],merged,1,0,[],,['85'],[0.5837041735649109],['description']
形象英文,['50133'],[],merged,3,0,[],,"['85', '50143', '62172']","[0.5837041735649109, 0.5706086158752441, 0.570088267326355]","['description', 'description', 'description']"
手风琴的英文,['50133'],[],merged,1,0,[],,['51388'],[0.4627612233161926],['title_description']
手风琴的英文,['50133'],[],merged,3,0,[],,"['51388', '23', '85']","[0.4627612233161926, 0.45280131697654724, 0.45065298676490784]","['title_description', 'title_description', 'title_description']"
把英语怎么说,['50133'],[],merged,1,0,[],,['62172'],[0.6210362911224365],['description']
把英语怎么说,['50133'],[],merged,3,0,[],,"['62172', '85', '50143']","[0.6210362911224365, 0.6143341064453125, 0.5812098979949951]","['description', 'description', 'description']"
星的英文,['50133'],[],merged,1,0,[],,['85'],[0.5402504205703735],['description']
星的英文,['50133'],[],merged,3,0,[],,"['85', '62172', '51388']","[0.5402504205703735, 0.5324044227600098, 0.5198623538017273]","['description', 'description', 'description']"
暖和英文,['50133'],[],merged,1,0,[],,['85'],[0.5321508646011353],['description']
暖和英文,['50133'],[],merged,3,0,[],,"['85', '62172', '50143']","[0.5321508646011353, 0.529451310634613, 0.5112061500549316]","['description', 'description', 'description']"
枪的英文,['50133'],[],merged,1,0,[],,['85'],[0.5153346657752991],['description']
枪的英文,['50133'],[],merged,3,0,[],,"['85', '51388', '62172']","[0.5153346657752991, 0.5075942873954773, 0.4873603284358978]","['description', 'description', 'description']"
港口英文怎么说,['50133'],[],merged,1,0,[],,['47198'],[0.5068618655204773],['description']
港口英文怎么说,['50133'],[],merged,3,0,[],,"['47198', '62172', '85']","[0.5068618655204773, 0.5008459687232971, 0.4994407594203949]","['description', 'description', 'description']"
物理的英文,['50133'],[],merged,1,0,[],,['51388'],[0.5820503234863281],['description']
物理的英文,['50133'],[],merged,3,0,[],,"['51388', '85', '62172']","[0.5820503234863281, 0.5658359527587891, 0.545687735080719]","['description', 'description', 'description']"
玩具的英文,['50133'],[],merged,1,0,[],,['85'],[0.551573634147644],['description']
玩具的英文,['50133'],[],merged,3,0,[],,"['85', '62172', '23']","[0.551573634147644, 0.5299782752990723, 0.5156947374343872]","['description', 'description', 'title_description']"
的英语怎么读,['50133'],[],merged,1,0,[],,['85'],[0.568488597869873],['description']
的英语怎么读,['50133'],[],merged,3,0,[],,"['85', '62172', '50143']","[0.568488597869873, 0.5583357810974121, 0.5500379204750061]","['description', 'description', 'title_description']"
礼貌的英文,['50133'],[],merged,1,0,[],,['62172'],[0.5404311418533325],['description']
礼貌的英文,['50133'],[],merged,3,0,[],,"['62172', '85', '50143']","[0.5404311418533325, 0.5387799143791199, 0.5258383750915527]","['description', 'description', 'description']"
第三的英语怎么读,['50133'],[],merged,1,0,[],,['85'],[0.5252137780189514],['description']
第三的英语怎么读,['50133'],[],merged,3,0,[],,"['85', '62172', '50143']","[0.5252137780189514, 0.5161603689193726, 0.5119143128395081]","['description', 'description', 'description']"
管的英文,['50133'],[],merged,1,0,[],,['85'],[0.6019017100334167],['description']
管的英文,['50133'],[],merged,3,0,[],,"['85', '51388', '62172']","[0.6019017100334167, 0.5912647843360901, 0.5762483477592468]","['description', 'description', 'description']"
米兰英文,['50133'],[],merged,1,0,[],,['23'],[0.48378705978393555],['title_description']
米兰英文,['50133'],[],merged,3,0,[],,"['23', '85', '51388']","[0.48378705978393555, 0.47292232513427734, 0.47064709663391113]","['title_description', 'title_description', 'description']"
老虎的英文,['50133'],[],merged,1,0,[],,['85'],[0.5198217034339905],['description']
老虎的英文,['50133'],[],merged,3,0,[],,"['85', '23', '62172']","[0.5198217034339905, 0.5087935924530029, 0.4995439350605011]","['description', 'title_description', 'description']"
腿用英文怎么说,['50133'],[],merged,1,0,[],,['85'],[0.5550838708877563],['description']
腿用英文怎么说,['50133'],[],merged,3,0,[],,"['85', '62172', '50143']","[0.5550838708877563, 0.5534124374389648, 0.5300260186195374]","['description', 'description', 'description']"
英文bed,['50133'],[],merged,1,0,[],,['85'],[0.6067662835121155],['description']
英文bed,['50133'],[],merged,3,0,[],,"['85', '50143', '62172']","[0.6067662835121155, 0.5972545146942139, 0.5903419256210327]","['description', 'description', 'description']"
英文猪怎么读,['50133'],[],merged,1,0,[],,['85'],[0.5284185409545898],['description']
英文猪怎么读,['50133'],[],merged,3,0,[],,"['85', '62172', '50143']","[0.5284185409545898, 0.5237551927566528, 0.5163323879241943]","['description', 'description', 'description']"
营地的英语怎么读,['50133'],[],merged,1,0,[],,['85'],[0.5034780502319336],['description']
营地的英语怎么读,['50133'],[],merged,3,0,[],,"['85', '62172', '50143']","[0.5034780502319336, 0.4989650249481201, 0.4853331446647644]","['description', 'description', 'title_description']"
薯条单词,['50133'],[],merged,1,0,[],,['85'],[0.5545946955680847],['description']
薯条单词,['50133'],[],merged,3,0,[],,"['85', '50143', '62172']","[0.5545946955680847, 0.5441014766693115, 0.526135265827179]","['description', 'title_description', 'description']"
蜜蜂的英文,['50133'],[],merged,1,0,[],,['85'],[0.5146834850311279],['description']
蜜蜂的英文,['50133'],[],merged,3,0,[],,"['85', '62172', '51388']","[0.5146834850311279, 0.5059904456138611, 0.4809383749961853]","['description', 'description', 'description']"
豹子英语怎么读,['50133'],[],merged,1,0,[],,['62172'],[0.49719369411468506],['description']
豹子英语怎么读,['50133'],[],merged,3,0,[],,"['62172', '50143', '85']","[0.49719369411468506, 0.49417221546173096, 0.49368584156036377]","['description', 'title_description', 'description']"
越南 英文,['50133'],[],merged,1,0,[],,['85'],[0.5543095469474792],['description']
越南 英文,['50133'],[],merged,3,0,[],,"['85', '62172', '50143']","[0.5543095469474792, 0.5431033372879028, 0.5430740118026733]","['description', 'description', 'description']"
车子的英文,['50133'],[],merged,1,0,[],,['85'],[0.5565571784973145],['description']
车子的英文,['50133'],[],merged,3,0,[],,"['85', '51388', '62172']","[0.5565571784973145, 0.5311661958694458, 0.5274474024772644]","['description', 'description', 'description']"
钩子的英文,['50133'],[],merged,1,0,[],,['85'],[0.5258389115333557],['description']
钩子的英文,['50133'],[],merged,3,0,[],,"['85', '62172', '50143']","[0.5258389115333557, 0.5232979655265808, 0.5022753477096558]","['description', 'description', 'title_description']"
院子的英语怎么说,['50133'],[],merged,1,0,[],,['85'],[0.5323724150657654],['description']
院子的英语怎么说,['50133'],[],merged,3,0,[],,"['85', '62172', '51388']","[0.5323724150657654, 0.5291160941123962, 0.5245586633682251]","['description', 'description', 'description']"
馒头英语怎么说,['50133'],[],merged,1,0,[],,['85'],[0.5415999889373779],['description']
馒头英语怎么说,['50133'],[],merged,3,0,[],,"['85', '51388', '62172']","[0.5415999889373779, 0.5113472938537598, 0.5105934143066406]","['description', 'description', 'description']"
ably,['50133'],[],title_description,1,0,[],,['85'],[0.5255306363105774],['title_description']
ably,['50133'],[],title_description,3,0,[],,"['85', '23', '60977']","[0.5255306363105774, 0.5151768922805786, 0.514308512210846]","['title_description', 'title_description', 'title_description']"
abode,['50133'],[],title_description,1,0,[],,['47242'],[0.5105282068252563],['title_description']
abode,['50133'],[],title_description,3,0,[],,"['47242', '85', '23']","[0.5105282068252563, 0.5033069849014282, 0.49323078989982605]","['title_description', 'title_description', 'title_description']"
active中文翻译,['50133'],[],title_description,1,0,[],,['85'],[0.537574827671051],['title_description']
active中文翻译,['50133'],[],title_description,3,0,[],,"['85', '51388', '23']","[0.537574827671051, 0.5306673049926758, 0.5285075902938843]","['title_description', 'title_description', 'title_description']"
actully怎么读,['50133'],[],title_description,1,0,[],,['85'],[0.5610218048095703],['title_description']
actully怎么读,['50133'],[],title_description,3,0,[],,"['85', '51388', '23']","[0.5610218048095703, 0.5464332103729248, 0.5429240465164185]","['title_description', 'title_description', 'title_description']"
alexandria怎么读,['50133'],[],title_description,1,0,[],,['85'],[0.5381048917770386],['title_description']
alexandria怎么读,['50133'],[],title_description,3,0,[],,"['85', '23', '50143']","[0.5381048917770386, 0.5316201448440552, 0.44395896792411804]","['title_description', 'title_description', 'title_description']"
asset,['50133'],[],title_description,1,0,[],,['60977'],[0.5750868320465088],['title_description']
asset,['50133'],[],title_description,3,0,[],,"['60977', '5293', '267']","[0.5750868320465088, 0.519789457321167, 0.5177364349365234]","['title_description', 'title_description', 'title_description']"
ation,['50133'],[],title_description,1,0,[],,['51044'],[0.5091124176979065],['title_description']
ation,['50133'],[],title_description,3,0,[],,"['51044', '60977', '51388']","[0.5091124176979065, 0.5014821290969849, 0.4986107349395752]","['title_description', 'title_description', 'title_description']"
bourne,['50133'],[],title_description,1,0,[],,['47190'],[0.5459815859794617],['title_description']
bourne,['50133'],[],title_description,3,0,[],,"['47190', '60868', '47242']","[0.5459815859794617, 0.5408623218536377, 0.5372445583343506]","['title_description', 'title_description', 'title_description']"
bristled,['50133'],[],title_description,1,0,[],,['60977'],[0.48299291729927063],['title_description']
bristled,['50133'],[],title_description,3,0,[],,"['60977', '51388', '23']","[0.48299291729927063, 0.45966267585754395, 0.45566651225090027]","['title_description', 'title_description', 'title_description']"
call in,['50133'],[],title_description,1,0,[],,['51044'],[0.5194318294525146],['title_description']
call in,['50133'],[],title_description,3,0,[],,"['51044', '61111', '23']","[0.5194318294525146, 0.5139300227165222, 0.5011031031608582]","['title_description', 'title_description', 'title_description']"
carry all,['50133'],[],title_description,1,0,[],,['60977'],[0.5650312900543213],['title_description']
carry all,['50133'],[],title_description,3,0,[],,"['60977', '47190', '51044']","[0.5650312900543213, 0.559601902961731, 0.5585523843765259]","['title_description', 'title_description', 'title_description']"
chain是什么意思,['50133'],[],title_description,1,0,[],,['51388'],[0.5519297122955322],['title_description']
chain是什么意思,['50133'],[],title_description,3,0,[],,"['51388', '52336', '51386']","[0.5519297122955322, 0.5276799201965332, 0.5124948024749756]","['title_description', 'title_description', 'title_description']"
chimny,['50133'],[],title_description,1,0,[],,['51388'],[0.46980661153793335],['title_description']
chimny,['50133'],[],title_description,3,0,[],,"['51388', '23', '60977']","[0.46980661153793335, 0.46129223704338074, 0.4602278470993042]","['title_description', 'title_description', 'title_description']"
cigarette,['50133'],[],title_description,1,0,[],,['61800'],[0.4704325795173645],['title_description']
cigarette,['50133'],[],title_description,3,0,[],,"['61800', '60977', '51044']","[0.4704325795173645, 0.46388107538223267, 0.4388955235481262]","['title_description', 'title_description', 'title_description']"
clown是什么意思,['50133'],[],title_description,1,0,[],,['51388'],[0.5154173970222473],['title_description']
clown是什么意思,['50133'],[],title_description,3,0,[],,"['51388', '85', '52336']","[0.5154173970222473, 0.4945240914821625, 0.47992226481437683]","['title_description', 'title_description', 'title_description']"
comicbook是什么意思,['50133'],[],title_description,1,0,[],,['51388'],[0.49225521087646484],['title_description']
comicbook是什么意思,['50133'],[],title_description,3,0,[],,"['51388', '52336', '51386']","[0.49225521087646484, 0.47398123145103455, 0.46045225858688354]","['title_description', 'title_description', 'title_description']"
comple,['50133'],[],title_description,1,0,[],,['60977'],[0.5525932312011719],['title_description']
comple,['50133'],[],title_description,3,0,[],,"['60977', '51388', '51044']","[0.5525932312011719, 0.516103982925415, 0.5099757313728333]","['title_description', 'title_description', 'title_description']"
costumer,['50133'],[],title_description,1,0,[],,['60977'],[0.5679711699485779],['title_description']
costumer,['50133'],[],title_description,3,0,[],,"['60977', '47272', '47242']","[0.5679711699485779, 0.5255486369132996, 0.5181781053543091]","['title_description', 'title_description', 'title_description']"
coutse,['50133'],[],title_description,1,0,[],,['60293'],[0.5884232521057129],['title_description']
coutse,['50133'],[],title_description,3,0,[],,"['60293', '51044', '60977']","[0.5884232521057129, 0.541108250617981, 0.5264601707458496]","['title_description', 'title_description', 'title_description']"
cruel,['50133'],[],title_description,1,0,[],,['23'],[0.44600093364715576],['title_description']
cruel,['50133'],[],title_description,3,0,[],,"['23', '85', '51388']","[0.44600093364715576, 0.43622472882270813, 0.41443562507629395]","['title_description', 'title_description', 'title_description']"
cuju,['50133'],[],title_description,1,0,[],,['5550'],[0.4867212474346161],['title_description']
cuju,['50133'],[],title_description,3,0,[],,"['5550', '62016', '51388']","[0.4867212474346161, 0.47421908378601074, 0.4642014503479004]","['title_description', 'title_description', 'title_description']"
disaster怎么读的,['50133'],[],title_description,1,0,[],,['85'],[0.45120716094970703],['title_description']
disaster怎么读的,['50133'],[],title_description,3,0,[],,"['85', '23', '50143']","[0.45120716094970703, 0.4393807351589203, 0.43415504693984985]","['title_description', 'title_description', 'title_description']"
discount,['50133'],[],title_description,1,0,[],,['60977'],[0.5588032007217407],['title_description']
discount,['50133'],[],title_description,3,0,[],,"['60977', '51044', '5544']","[0.5588032007217407, 0.5028992295265198, 0.48181700706481934]","['title_description', 'title_description', 'title_description']"
d怎么读音发音,['50133'],[],title_description,1,0,[],,['51388'],[0.456778347492218],['title_description']
d怎么读音发音,['50133'],[],title_description,3,0,[],,"['51388', '51381', '51386']","[0.456778347492218, 0.44633567333221436, 0.4423002004623413]","['title_description', 'title_description', 'title_description']"
encient,['50133'],[],title_description,1,0,[],,['23'],[0.5315080285072327],['title_description']
encient,['50133'],[],title_description,3,0,[],,"['23', '85', '51388']","[0.5315080285072327, 0.5186247229576111, 0.5062023401260376]","['title_description', 'title_description', 'title_description']"
energise,['50133'],[],title_description,1,0,[],,['23'],[0.4982788562774658],['title_description']
energise,['50133'],[],title_description,3,0,[],,"['23', '85', '60977']","[0.4982788562774658, 0.49551498889923096, 0.4866020083427429]","['title_description', 'title_description', 'title_description']"
english的英语,['50133'],[],title_description,1,0,[],,['50143'],[0.6353461742401123],['title_description']
english的英语,['50133'],[],title_description,3,0,[],,"['50143', '85', '51388']","[0.6353461742401123, 0.6299648880958557, 0.6240123510360718]","['title_description', 'title_description', 'title_description']"
entire 翻译,['50133'],[],title_description,1,0,[],,['85'],[0.6077936291694641],['title_description']
entire 翻译,['50133'],[],title_description,3,0,[],,"['85', '50143', '51388']","[0.6077936291694641, 0.5968257784843445, 0.5822001099586487]","['title_description', 'title_description', 'title_description']"
er,['50133'],[],title_description,1,0,[],,['23'],[0.5265502333641052],['title_description']
er,['50133'],[],title_description,3,0,[],,"['23', '85', '51044']","[0.5265502333641052, 0.5262255668640137, 0.5118901133537292]","['title_description', 'title_description', 'title_description']"
fit翻译成中文,['50133'],[],title_description,1,0,[],,['51388'],[0.6707296371459961],['title_description']
fit翻译成中文,['50133'],[],title_description,3,0,[],,"['51388', '23', '85']","[0.6707296371459961, 0.6424969434738159, 0.6382478475570679]","['title_description', 'title_description', 'title_description']"
fooling,['50133'],[],title_description,1,0,[],,['23'],[0.49292153120040894],['title_description']
fooling,['50133'],[],title_description,3,0,[],,"['23', '85', '51388']","[0.49292153120040894, 0.4778693616390228, 0.4608766436576843]","['title_description', 'title_description', 'title_description']"
frist,['50133'],[],title_description,1,0,[],,['60868'],[0.5338613986968994],['title_description']
frist,['50133'],[],title_description,3,0,[],,"['60868', '51044', '23']","[0.5338613986968994, 0.5321229696273804, 0.5240534543991089]","['title_description', 'title_description', 'title_description']"
from什么意思,['50133'],[],title_description,1,0,[],,['51388'],[0.6347044110298157],['title_description']
from什么意思,['50133'],[],title_description,3,0,[],,"['51388', '51386', '52336']","[0.6347044110298157, 0.578170657157898, 0.5768216848373413]","['title_description', 'title_description', 'title_description']"
from怎么读,['50133'],[],title_description,1,0,[],,['51388'],[0.5135401487350464],['title_description']
from怎么读,['50133'],[],title_description,3,0,[],,"['51388', '51381', '52336']","[0.5135401487350464, 0.5080571174621582, 0.49812066555023193]","['title_description', 'title_description', 'title_description']"
gala的英语怎么说,['50133'],[],title_description,1,0,[],,['85'],[0.5362849831581116],['title_description']
gala的英语怎么说,['50133'],[],title_description,3,0,[],,"['85', '23', '50143']","[0.5362849831581116, 0.5337648391723633, 0.5183674097061157]","['title_description', 'title_description', 'title_description']"
gay英文啥意思,['50133'],[],title_description,1,0,[],,['50143'],[0.5313366651535034],['title_description']
gay英文啥意思,['50133'],[],title_description,3,0,[],,"['50143', '51388', '85']","[0.5313366651535034, 0.5231407284736633, 0.5040460824966431]","['title_description', 'title_description', 'title_description']"
god,['50133'],[],title_description,1,0,[],,['23'],[0.5294501781463623],['title_description']
god,['50133'],[],title_description,3,0,[],,"['23', '85', '51388']","[0.5294501781463623, 0.5246514678001404, 0.49062579870224]","['title_description', 'title_description', 'title_description']"
gojogging翻译,['50133'],[],title_description,1,0,[],,['85'],[0.5040220618247986],['title_description']
gojogging翻译,['50133'],[],title_description,3,0,[],,"['85', '62172', '23']","[0.5040220618247986, 0.48829489946365356, 0.48565661907196045]","['title_description', 'title_description', 'title_description']"
greet中文翻译,['50133'],[],title_description,1,0,[],,['23'],[0.5315430164337158],['title_description']
greet中文翻译,['50133'],[],title_description,3,0,[],,"['23', '51388', '85']","[0.5315430164337158, 0.5262781381607056, 0.5159435868263245]","['title_description', 'title_description', 'title_description']"
guarter,['50133'],[],title_description,1,0,[],,['60977'],[0.531667947769165],['title_description']
guarter,['50133'],[],title_description,3,0,[],,"['60977', '51388', '51044']","[0.531667947769165, 0.5284857153892517, 0.5223382711410522]","['title_description', 'title_description', 'title_description']"
gussing,['50133'],[],title_description,1,0,[],,['51388'],[0.5246134400367737],['title_description']
gussing,['50133'],[],title_description,3,0,[],,"['51388', '23', '85']","[0.5246134400367737, 0.5119359493255615, 0.5078643560409546]","['title_description', 'title_description', 'title_description']"
hei,['50133'],[],title_description,1,0,[],,['51388'],[0.5690500736236572],['title_description']
hei,['50133'],[],title_description,3,0,[],,"['51388', '51381', '23']","[0.5690500736236572, 0.5581232309341431, 0.5461238622665405]","['title_description', 'title_description', 'title_description']"
implicated,['50133'],[],title_description,1,0,[],,['51388'],[0.46021854877471924],['title_description']
implicated,['50133'],[],title_description,3,0,[],,"['51388', '51275', '60977']","[0.46021854877471924, 0.45317068696022034, 0.4482951760292053]","['title_description', 'title_description', 'title_description']"
in the field,['50133'],[],title_description,1,0,[],,['47242'],[0.5040520429611206],['title_description']
in the field,['50133'],[],title_description,3,0,[],,"['47242', '60977', '47190']","[0.5040520429611206, 0.47977495193481445, 0.4688534736633301]","['title_description', 'title_description', 'title_description']"
inefficient 翻译,['50133'],[],title_description,1,0,[],,['62172'],[0.5547603368759155],['title_description']
inefficient 翻译,['50133'],[],title_description,3,0,[],,"['62172', '85', '51388']","[0.5547603368759155, 0.5506986975669861, 0.5291993618011475]","['title_description', 'title_description', 'title_description']"
joke什么意思,['50133'],[],title_description,1,0,[],,['51388'],[0.489889919757843],['title_description']
joke什么意思,['50133'],[],title_description,3,0,[],,"['51388', '52336', '51386']","[0.489889919757843, 0.46993687748908997, 0.4508441090583801]","['title_description', 'title_description', 'title_description']"
junior怎么读音,['50133'],[],title_description,1,0,[],,['51388'],[0.5102494955062866],['title_description']
junior怎么读音,['50133'],[],title_description,3,0,[],,"['51388', '51381', '51386']","[0.5102494955062866, 0.5043748617172241, 0.49708840250968933]","['title_description', 'title_description', 'title_description']"
ko,['50133'],[],title_description,1,0,[],,['47242'],[0.5597310662269592],['title_description']
ko,['50133'],[],title_description,3,0,[],,"['47242', '23', '60977']","[0.5597310662269592, 0.49924373626708984, 0.4979132413864136]","['title_description', 'title_description', 'title_description']"
lake,['50133'],[],title_description,1,0,[],,['47242'],[0.4862327575683594],['title_description']
lake,['50133'],[],title_description,3,0,[],,"['47242', '62106', '62306']","[0.4862327575683594, 0.48464149236679077, 0.47324198484420776]","['title_description', 'title_description', 'title_description']"
lan,['50133'],[],title_description,1,0,[],,['85'],[0.5591397881507874],['title_description']
lan,['50133'],[],title_description,3,0,[],,"['85', '23', '47190']","[0.5591397881507874, 0.5572852492332458, 0.5436080098152161]","['title_description', 'title_description', 'title_description']"
laughs,['50133'],[],title_description,1,0,[],,['23'],[0.48940449953079224],['title_description']
laughs,['50133'],[],title_description,3,0,[],,"['23', '51388', '85']","[0.48940449953079224, 0.4773809313774109, 0.4751725196838379]","['title_description', 'title_description', 'title_description']"
lcx,['50133'],[],title_description,1,0,[],,['47190'],[0.5149820446968079],['title_description']
lcx,['50133'],[],title_description,3,0,[],,"['47190', '51044', '47266']","[0.5149820446968079, 0.5072364807128906, 0.4989737272262573]","['title_description', 'title_description', 'title_description']"
lifegoeson是什么意思,['50133'],[],title_description,1,0,[],,['51388'],[0.44796550273895264],['title_description']
lifegoeson是什么意思,['50133'],[],title_description,3,0,[],,"['51388', '85', '50143']","[0.44796550273895264, 0.4321497678756714, 0.42900922894477844]","['title_description', 'title_description', 'title_description']"
make英语怎么读,['50133'],[],title_description,1,0,[],,['50143'],[0.5686241388320923],['title_description']
make英语怎么读,['50133'],[],title_description,3,0,[],,"['50143', '85', '51388']","[0.5686241388320923, 0.4839874505996704, 0.4639433026313782]","['title_description', 'title_description', 'title_description']"
malfunction翻译成中文,['50133'],[],title_description,1,0,[],,['51388'],[0.4969469904899597],['title_description']
malfunction翻译成中文,['50133'],[],title_description,3,0,[],,"['51388', '23', '85']","[0.4969469904899597, 0.490305632352829, 0.4895681142807007]","['title_description', 'title_description', 'title_description']"
mars,['50133'],[],title_description,1,0,[],,['62106'],[0.5020079016685486],['title_description']
mars,['50133'],[],title_description,3,0,[],,"['62106', '47190', '47266']","[0.5020079016685486, 0.497998982667923, 0.4957544207572937]","['title_description', 'title_description', 'title_description']"
messing,['50133'],[],title_description,1,0,[],,['51388'],[0.4909055233001709],['title_description']
messing,['50133'],[],title_description,3,0,[],,"['51388', '60977', '23']","[0.4909055233001709, 0.48289918899536133, 0.4820563495159149]","['title_description', 'title_description', 'title_description']"
miko是什么意思,['50133'],[],title_description,1,0,[],,['51388'],[0.515184223651886],['title_description']
miko是什么意思,['50133'],[],title_description,3,0,[],,"['51388', '51386', '52336']","[0.515184223651886, 0.48301762342453003, 0.4679599702358246]","['title_description', 'title_description', 'title_description']"
morph,['50133'],[],title_description,1,0,[],,['23'],[0.5702073574066162],['title_description']
morph,['50133'],[],title_description,3,0,[],,"['23', '85', '51388']","[0.5702073574066162, 0.5629953742027283, 0.5554986596107483]","['title_description', 'title_description', 'title_description']"
nut,['50133'],[],title_description,1,0,[],,['51044'],[0.5216431617736816],['title_description']
nut,['50133'],[],title_description,3,0,[],,"['51044', '85', '60977']","[0.5216431617736816, 0.5161581635475159, 0.5121548175811768]","['title_description', 'title_description', 'title_description']"
outside,['50133'],[],title_description,1,0,[],,['47190'],[0.5373561382293701],['title_description']
outside,['50133'],[],title_description,3,0,[],,"['47190', '47242', '62106']","[0.5373561382293701, 0.534580409526825, 0.5184694528579712]","['title_description', 'title_description', 'title_description']"
partner,['50133'],[],title_description,1,0,[],,['60977'],[0.5421402454376221],['title_description']
partner,['50133'],[],title_description,3,0,[],,"['60977', '60265', '51388']","[0.5421402454376221, 0.4926760494709015, 0.4853249192237854]","['title_description', 'title_description', 'title_description']"
populace,['50133'],[],title_description,1,0,[],,['47242'],[0.5163618922233582],['title_description']
populace,['50133'],[],title_description,3,0,[],,"['47242', '62106', '62306']","[0.5163618922233582, 0.4948461055755615, 0.4900497794151306]","['title_description', 'title_description', 'title_description']"
pound翻译,['50133'],[],title_description,1,0,[],,['51388'],[0.5576141476631165],['title_description']
pound翻译,['50133'],[],title_description,3,0,[],,"['51388', '85', '50143']","[0.5576141476631165, 0.5523263812065125, 0.5290703773498535]","['title_description', 'title_description', 'title_description']"
predict怎么读,['50133'],[],title_description,1,0,[],,['51388'],[0.5130836963653564],['title_description']
predict怎么读,['50133'],[],title_description,3,0,[],,"['51388', '51386', '50143']","[0.5130836963653564, 0.48686492443084717, 0.4721300005912781]","['title_description', 'title_description', 'title_description']"
present perfect,['50133'],[],title_description,1,0,[],,['50143'],[0.4891459345817566],['title_description']
present perfect,['50133'],[],title_description,3,0,[],,"['50143', '85', '51388']","[0.4891459345817566, 0.4380905032157898, 0.4288928508758545]","['title_description', 'title_description', 'title_description']"
price 翻译,['50133'],[],title_description,1,0,[],,['51388'],[0.6526367664337158],['title_description']
price 翻译,['50133'],[],title_description,3,0,[],,"['51388', '51386', '85']","[0.6526367664337158, 0.6139863133430481, 0.61077880859375]","['title_description', 'title_description', 'title_description']"
proactively,['50133'],[],title_description,1,0,[],,['60977'],[0.4938538074493408],['title_description']
proactively,['50133'],[],title_description,3,0,[],,"['60977', '47190', '85']","[0.4938538074493408, 0.4626796245574951, 0.45601388812065125]","['title_description', 'title_description', 'title_description']"
puppet的英文,['50133'],[],title_description,1,0,[],,['85'],[0.5301967859268188],['title_description']
puppet的英文,['50133'],[],title_description,3,0,[],,"['85', '23', '51388']","[0.5301967859268188, 0.5272105932235718, 0.5238210558891296]","['title_description', 'title_description', 'title_description']"
puppy的中文翻译,['50133'],[],title_description,1,0,[],,['51388'],[0.5606255531311035],['title_description']
puppy的中文翻译,['50133'],[],title_description,3,0,[],,"['51388', '85', '23']","[0.5606255531311035, 0.5493214130401611, 0.5270691514015198]","['title_description', 'title_description', 'title_description']"
rack,['50133'],[],title_description,1,0,[],,['51044'],[0.5114930272102356],['title_description']
rack,['50133'],[],title_description,3,0,[],,"['51044', '60977', '47242']","[0.5114930272102356, 0.5093129873275757, 0.49983108043670654]","['title_description', 'title_description', 'title_description']"
randomly是什么意思,['50133'],[],title_description,1,0,[],,['51388'],[0.550054669380188],['title_description']
randomly是什么意思,['50133'],[],title_description,3,0,[],,"['51388', '85', '51386']","[0.550054669380188, 0.5383793115615845, 0.5293115973472595]","['title_description', 'title_description', 'title_description']"
recharging,['50133'],[],title_description,1,0,[],,['60977'],[0.49932193756103516],['title_description']
recharging,['50133'],[],title_description,3,0,[],,"['60977', '51044', '47190']","[0.49932193756103516, 0.49713340401649475, 0.49008968472480774]","['title_description', 'title_description', 'title_description']"
responsbility,['50133'],[],title_description,1,0,[],,['60977'],[0.46910640597343445],['title_description']
responsbility,['50133'],[],title_description,3,0,[],,"['60977', '51388', '51044']","[0.46910640597343445, 0.4405478239059448, 0.4370877146720886]","['title_description', 'title_description', 'title_description']"
shouted什么意思,['50133'],[],title_description,1,0,[],,['51388'],[0.4773258566856384],['title_description']
shouted什么意思,['50133'],[],title_description,3,0,[],,"['51388', '50143', '51386']","[0.4773258566856384, 0.4772198498249054, 0.4486050009727478]","['title_description', 'title_description', 'title_description']"
slam怎么读,['50133'],[],title_description,1,0,[],,['85'],[0.4743010401725769],['title_description']
slam怎么读,['50133'],[],title_description,3,0,[],,"['85', '23', '50143']","[0.4743010401725769, 0.47422197461128235, 0.4343387484550476]","['title_description', 'title_description', 'title_description']"
slighter,['50133'],[],title_description,1,0,[],,['23'],[0.5097208023071289],['title_description']
slighter,['50133'],[],title_description,3,0,[],,"['23', '85', '60977']","[0.5097208023071289, 0.5058550238609314, 0.4913488030433655]","['title_description', 'title_description', 'title_description']"
slopes,['50133'],[],title_description,1,0,[],,['47190'],[0.5163304209709167],['title_description']
slopes,['50133'],[],title_description,3,0,[],,"['47190', '62306', '62106']","[0.5163304209709167, 0.5151762366294861, 0.5116146802902222]","['title_description', 'title_description', 'title_description']"
stand,['50133'],[],title_description,1,0,[],,['60977'],[0.5188817977905273],['title_description']
stand,['50133'],[],title_description,3,0,[],,"['60977', '51044', '51388']","[0.5188817977905273, 0.5110008716583252, 0.5040568113327026]","['title_description', 'title_description', 'title_description']"
to,['50133'],[],title_description,1,0,[],,['60977'],[0.5580821633338928],['title_description']
to,['50133'],[],title_description,3,0,[],,"['60977', '47190', '23']","[0.5580821633338928, 0.5563026666641235, 0.5489823818206787]","['title_description', 'title_description', 'title_description']"
toilet的正确发音,['50133'],[],title_description,1,0,[],,['50143'],[0.4592224955558777],['title_description']
toilet的正确发音,['50133'],[],title_description,3,0,[],,"['50143', '23', '51388']","[0.4592224955558777, 0.4500231146812439, 0.44825971126556396]","['title_description', 'title_description', 'title_description']"
traditional翻译成中文,['50133'],[],title_description,1,0,[],,['62172'],[0.6044822335243225],['title_description']
traditional翻译成中文,['50133'],[],title_description,3,0,[],,"['62172', '51388', '85']","[0.6044822335243225, 0.5966338515281677, 0.5819346904754639]","['title_description', 'title_description', 'title_description']"
traditon,['50133'],[],title_description,1,0,[],,['23'],[0.5565741062164307],['title_description']
traditon,['50133'],[],title_description,3,0,[],,"['23', '85', '51388']","[0.5565741062164307, 0.5358089208602905, 0.5162272453308105]","['title_description', 'title_description', 'title_description']"
ultra怎么读,['50133'],[],title_description,1,0,[],,['85'],[0.5103042125701904],['title_description']
ultra怎么读,['50133'],[],title_description,3,0,[],,"['85', '23', '51388']","[0.5103042125701904, 0.504322350025177, 0.4914557933807373]","['title_description', 'title_description', 'title_description']"
universalize,['50133'],[],title_description,1,0,[],,['60977'],[0.5221783518791199],['title_description']
universalize,['50133'],[],title_description,3,0,[],,"['60977', '85', '23']","[0.5221783518791199, 0.5181452631950378, 0.5104192495346069]","['title_description', 'title_description', 'title_description']"
universty,['50133'],[],title_description,1,0,[],,['60293'],[0.49245485663414],['title_description']
universty,['50133'],[],title_description,3,0,[],,"['60293', '47242', '39537']","[0.49245485663414, 0.48386672139167786, 0.48069918155670166]","['title_description', 'title_description', 'title_description']"
violation翻译成中文,['50133'],[],title_description,1,0,[],,['51388'],[0.5320136547088623],['title_description']
violation翻译成中文,['50133'],[],title_description,3,0,[],,"['51388', '85', '62172']","[0.5320136547088623, 0.5252313613891602, 0.5031386613845825]","['title_description', 'title_description', 'title_description']"
you怎么读,['50133'],[],title_description,1,0,[],,['51388'],[0.5062467455863953],['title_description']
you怎么读,['50133'],[],title_description,3,0,[],,"['51388', '51381', '52336']","[0.5062467455863953, 0.5037158727645874, 0.47448819875717163]","['title_description', 'title_description', 'title_description']"
一代人的英文,['50133'],[],title_description,1,0,[],,['51381'],[0.4752281904220581],['title_description']
一代人的英文,['50133'],[],title_description,3,0,[],,"['51381', '51388', '85']","[0.4752281904220581, 0.465158611536026, 0.46146154403686523]","['title_description', 'title_description', 'title_description']"
二月怎么读英语,['50133'],[],title_description,1,0,[],,['50143'],[0.4890522062778473],['title_description']
二月怎么读英语,['50133'],[],title_description,3,0,[],,"['50143', '51323', '62497']","[0.4890522062778473, 0.4717712998390198, 0.45996564626693726]","['title_description', 'title_description', 'title_description']"
勇敢英语怎么说,['50133'],[],title_description,1,0,[],,['50143'],[0.5449329018592834],['title_description']
勇敢英语怎么说,['50133'],[],title_description,3,0,[],,"['50143', '85', '23']","[0.5449329018592834, 0.5255814790725708, 0.5185930728912354]","['title_description', 'title_description', 'title_description']"
十四的英语怎么读,['50133'],[],title_description,1,0,[],,['51323'],[0.5069169998168945],['title_description']
十四的英语怎么读,['50133'],[],title_description,3,0,[],,"['51323', '50143', '85']","[0.5069169998168945, 0.5058752298355103, 0.4997067153453827]","['title_description', 'title_description', 'title_description']"
千米的英语怎么读,['50133'],[],title_description,1,0,[],,['50143'],[0.5001318454742432],['title_description']
千米的英语怎么读,['50133'],[],title_description,3,0,[],,"['50143', '51388', '85']","[0.5001318454742432, 0.44221973419189453, 0.439825177192688]","['title_description', 'title_description', 'title_description']"
参与英语,['50133'],[],title_description,1,0,[],,['50143'],[0.5485296845436096],['title_description']
参与英语,['50133'],[],title_description,3,0,[],,"['50143', '51386', '51388']","[0.5485296845436096, 0.48415595293045044, 0.48296838998794556]","['title_description', 'title_description', 'title_description']"
发音 英文,['50133'],[],title_description,1,0,[],,['50143'],[0.6657348275184631],['title_description']
发音 英文,['50133'],[],title_description,3,0,[],,"['50143', '51388', '85']","[0.6657348275184631, 0.6352448463439941, 0.6067407727241516]","['title_description', 'title_description', 'title_description']"
吉他用英语怎么说,['50133'],[],title_description,1,0,[],,['50143'],[0.5154126882553101],['title_description']
吉他用英语怎么说,['50133'],[],title_description,3,0,[],,"['50143', '62172', '51388']","[0.5154126882553101, 0.5043097138404846, 0.49265575408935547]","['title_description', 'title_description', 'title_description']"
和平英语怎么读,['50133'],[],title_description,1,0,[],,['50143'],[0.49096494913101196],['title_description']
和平英语怎么读,['50133'],[],title_description,3,0,[],,"['50143', '51388', '85']","[0.49096494913101196, 0.46648547053337097, 0.46283048391342163]","['title_description', 'title_description', 'title_description']"
回声英语,['50133'],[],title_description,1,0,[],,['50143'],[0.4560062289237976],['title_description']
回声英语,['50133'],[],title_description,3,0,[],,"['50143', '85', '51388']","[0.4560062289237976, 0.4218412935733795, 0.4214281439781189]","['title_description', 'title_description', 'title_description']"
国际象棋的英语怎么说,['50133'],[],title_description,1,0,[],,['50143'],[0.4587787389755249],['title_description']
国际象棋的英语怎么说,['50133'],[],title_description,3,0,[],,"['50143', '62172', '85']","[0.4587787389755249, 0.4498234987258911, 0.4379018545150757]","['title_description', 'title_description', 'title_description']"
大的英文怎么写,['50133'],[],title_description,1,0,[],,['51323'],[0.5583735108375549],['title_description']
大的英文怎么写,['50133'],[],title_description,3,0,[],,"['51323', '50143', '51388']","[0.5583735108375549, 0.5437549352645874, 0.5384846925735474]","['title_description', 'title_description', 'title_description']"
太阳的英文,['50133'],[],title_description,1,0,[],,['23'],[0.47864824533462524],['title_description']
太阳的英文,['50133'],[],title_description,3,0,[],,"['23', '85', '51388']","[0.47864824533462524, 0.47454217076301575, 0.4687938094139099]","['title_description', 'title_description', 'title_description']"
奇怪的英文,['50133'],[],title_description,1,0,[],,['50143'],[0.5383996367454529],['title_description']
奇怪的英文,['50133'],[],title_description,3,0,[],,"['50143', '85', '62172']","[0.5383996367454529, 0.5316764116287231, 0.5252718925476074]","['title_description', 'title_description', 'title_description']"
宇宙英语,['50133'],[],title_description,1,0,[],,['85'],[0.5337891578674316],['title_description']
宇宙英语,['50133'],[],title_description,3,0,[],,"['85', '23', '50143']","[0.5337891578674316, 0.5319187045097351, 0.5033713579177856]","['title_description', 'title_description', 'title_description']"
家务的英语怎么说,['50133'],[],title_description,1,0,[],,['50143'],[0.4898926019668579],['title_description']
家务的英语怎么说,['50133'],[],title_description,3,0,[],,"['50143', '62172', '51388']","[0.4898926019668579, 0.48611876368522644, 0.47616034746170044]","['title_description', 'title_description', 'title_description']"
小时英文,['50133'],[],title_description,1,0,[],,['50143'],[0.5029816031455994],['title_description']
小时英文,['50133'],[],title_description,3,0,[],,"['50143', '85', '23']","[0.5029816031455994, 0.47407111525535583, 0.47069236636161804]","['title_description', 'title_description', 'title_description']"
尿的英文,['50133'],[],title_description,1,0,[],,['51388'],[0.506037175655365],['title_description']
尿的英文,['50133'],[],title_description,3,0,[],,"['51388', '85', '23']","[0.506037175655365, 0.49937888979911804, 0.497334361076355]","['title_description', 'title_description', 'title_description']"
形象英文,['50133'],[],title_description,1,0,[],,['51388'],[0.5614974498748779],['title_description']
形象英文,['50133'],[],title_description,3,0,[],,"['51388', '50143', '51386']","[0.5614974498748779, 0.5497888326644897, 0.5497760772705078]","['title_description', 'title_description', 'title_description']"
手风琴的英文,['50133'],[],title_description,1,0,[],,['51388'],[0.4627612233161926],['title_description']
手风琴的英文,['50133'],[],title_description,3,0,[],,"['51388', '23', '85']","[0.4627612233161926, 0.45280131697654724, 0.45065298676490784]","['title_description', 'title_description', 'title_description']"
把英语怎么说,['50133'],[],title_description,1,0,[],,['50143'],[0.5792139172554016],['title_description']
把英语怎么说,['50133'],[],title_description,3,0,[],,"['50143', '62172', '85']","[0.5792139172554016, 0.5690765976905823, 0.5629270076751709]","['title_description', 'title_description', 'title_description']"
星的英文,['50133'],[],title_description,1,0,[],,['85'],[0.5171924829483032],['title_description']
星的英文,['50133'],[],title_description,3,0,[],,"['85', '51388', '23']","[0.5171924829483032, 0.5149144530296326, 0.5067172050476074]","['title_description', 'title_description', 'title_description']"
暖和英文,['50133'],[],title_description,1,0,[],,['85'],[0.5080277919769287],['title_description']
暖和英文,['50133'],[],title_description,3,0,[],,"['85', '50143', '51388']","[0.5080277919769287, 0.5056660175323486, 0.5037258267402649]","['title_description', 'title_description', 'title_description']"
枪的英文,['50133'],[],title_description,1,0,[],,['51388'],[0.5074467658996582],['title_description']
枪的英文,['50133'],[],title_description,3,0,[],,"['51388', '50143', '51381']","[0.5074467658996582, 0.4866592288017273, 0.4790881872177124]","['title_description', 'title_description', 'title_description']"
港口英文怎么说,['50133'],[],title_description,1,0,[],,['51388'],[0.4859294891357422],['title_description']
港口英文怎么说,['50133'],[],title_description,3,0,[],,"['51388', '47242', '50143']","[0.4859294891357422, 0.4846337139606476, 0.4792901277542114]","['title_description', 'title_description', 'title_description']"
物理的英文,['50133'],[],title_description,1,0,[],,['51388'],[0.5739524364471436],['title_description']
物理的英文,['50133'],[],title_description,3,0,[],,"['51388', '85', '51386']","[0.5739524364471436, 0.5288181900978088, 0.5277771353721619]","['title_description', 'title_description', 'title_description']"
玩具的英文,['50133'],[],title_description,1,0,[],,['23'],[0.5156947374343872],['title_description']
玩具的英文,['50133'],[],title_description,3,0,[],,"['23', '50143', '85']","[0.5156947374343872, 0.5155581831932068, 0.5147517323493958]","['title_description', 'title_description', 'title_description']"
的英语怎么读,['50133'],[],title_description,1,0,[],,['50143'],[0.5500379204750061],['title_description']
的英语怎么读,['50133'],[],title_description,3,0,[],,"['50143', '51388', '85']","[0.5500379204750061, 0.5456036329269409, 0.5301600098609924]","['title_description', 'title_description', 'title_description']"
礼貌的英文,['50133'],[],title_description,1,0,[],,['51388'],[0.5182907581329346],['title_description']
礼貌的英文,['50133'],[],title_description,3,0,[],,"['51388', '50143', '51386']","[0.5182907581329346, 0.5111047029495239, 0.5037794709205627]","['title_description', 'title_description', 'title_description']"
第三的英语怎么读,['50133'],[],title_description,1,0,[],,['50143'],[0.5011515617370605],['title_description']
第三的英语怎么读,['50133'],[],title_description,3,0,[],,"['50143', '85', '23']","[0.5011515617370605, 0.49706751108169556, 0.4793400168418884]","['title_description', 'title_description', 'title_description']"
管的英文,['50133'],[],title_description,1,0,[],,['51388'],[0.5879712104797363],['title_description']
管的英文,['50133'],[],title_description,3,0,[],,"['51388', '51381', '85']","[0.5879712104797363, 0.5578659772872925, 0.5574535131454468]","['title_description', 'title_description', 'title_description']"
米兰英文,['50133'],[],title_description,1,0,[],,['23'],[0.48378705978393555],['title_description']
米兰英文,['50133'],[],title_description,3,0,[],,"['23', '85', '51388']","[0.48378705978393555, 0.47292232513427734, 0.4644186496734619]","['title_description', 'title_description', 'title_description']"
老虎的英文,['50133'],[],title_description,1,0,[],,['85'],[0.5141147971153259],['title_description']
老虎的英文,['50133'],[],title_description,3,0,[],,"['85', '23', '51388']","[0.5141147971153259, 0.5087935924530029, 0.4866282045841217]","['title_description', 'title_description', 'title_description']"
腿用英文怎么说,['50133'],[],title_description,1,0,[],,['50143'],[0.5131663084030151],['title_description']
腿用英文怎么说,['50133'],[],title_description,3,0,[],,"['50143', '62172', '51388']","[0.5131663084030151, 0.5101135969161987, 0.5082762241363525]","['title_description', 'title_description', 'title_description']"
英文bed,['50133'],[],title_description,1,0,[],,['50143'],[0.5781980752944946],['title_description']
英文bed,['50133'],[],title_description,3,0,[],,"['50143', '85', '51388']","[0.5781980752944946, 0.5536508560180664, 0.5298339128494263]","['title_description', 'title_description', 'title_description']"
英文猪怎么读,['50133'],[],title_description,1,0,[],,['50143'],[0.5142531394958496],['title_description']
英文猪怎么读,['50133'],[],title_description,3,0,[],,"['50143', '51388', '85']","[0.5142531394958496, 0.5044310092926025, 0.4757102131843567]","['title_description', 'title_description', 'title_description']"
营地的英语怎么读,['50133'],[],title_description,1,0,[],,['50143'],[0.4853331446647644],['title_description']
营地的英语怎么读,['50133'],[],title_description,3,0,[],,"['50143', '85', '23']","[0.4853331446647644, 0.4755735397338867, 0.4560732841491699]","['title_description', 'title_description', 'title_description']"
薯条单词,['50133'],[],title_description,1,0,[],,['50143'],[0.5441014766693115],['title_description']
薯条单词,['50133'],[],title_description,3,0,[],,"['50143', '51388', '85']","[0.5441014766693115, 0.5207783579826355, 0.5090897679328918]","['title_description', 'title_description', 'title_description']"
蜜蜂的英文,['50133'],[],title_description,1,0,[],,['85'],[0.4822559952735901],['title_description']
蜜蜂的英文,['50133'],[],title_description,3,0,[],,"['85', '50143', '51388']","[0.4822559952735901, 0.47949671745300293, 0.47630998492240906]","['title_description', 'title_description', 'title_description']"
豹子英语怎么读,['50133'],[],title_description,1,0,[],,['50143'],[0.49417221546173096],['title_description']
豹子英语怎么读,['50133'],[],title_description,3,0,[],,"['50143', '85', '23']","[0.49417221546173096, 0.4854937493801117, 0.48196160793304443]","['title_description', 'title_description', 'title_description']"
越南 英文,['50133'],[],title_description,1,0,[],,['50143'],[0.5282175540924072],['title_description']
越南 英文,['50133'],[],title_description,3,0,[],,"['50143', '85', '51388']","[0.5282175540924072, 0.5034947395324707, 0.47965386509895325]","['title_description', 'title_description', 'title_description']"
车子的英文,['50133'],[],title_description,1,0,[],,['51388'],[0.5281057953834534],['title_description']
车子的英文,['50133'],[],title_description,3,0,[],,"['51388', '85', '50143']","[0.5281057953834534, 0.523809552192688, 0.514411449432373]","['title_description', 'title_description', 'title_description']"
钩子的英文,['50133'],[],title_description,1,0,[],,['50143'],[0.5022753477096558],['title_description']
钩子的英文,['50133'],[],title_description,3,0,[],,"['50143', '62172', '85']","[0.5022753477096558, 0.4942542314529419, 0.4923863410949707]","['title_description', 'title_description', 'title_description']"
院子的英语怎么说,['50133'],[],title_description,1,0,[],,['51388'],[0.5221627950668335],['title_description']
院子的英语怎么说,['50133'],[],title_description,3,0,[],,"['51388', '85', '62172']","[0.5221627950668335, 0.5046831369400024, 0.503410816192627]","['title_description', 'title_description', 'title_description']"
馒头英语怎么说,['50133'],[],title_description,1,0,[],,['51388'],[0.509779691696167],['title_description']
馒头英语怎么说,['50133'],[],title_description,3,0,[],,"['51388', '50143', '85']","[0.509779691696167, 0.5022473335266113, 0.5000982880592346]","['title_description', 'title_description', 'title_description']"
