query,gold_ids,missing_gold_ids,view,k,pass_at_k,hit_ids,first_hit_rank,recall_ids,recall_scores,recall_views
304还是316不锈钢哪个好,['61800'],[],description,1,0,[],,['60977'],[0.4659661054611206],['description']
304还是316不锈钢哪个好,['61800'],[],description,3,0,[],,"['60977', '5881', '60338']","[0.4659661054611206, 0.4360355734825134, 0.3977307975292206]","['description', 'description', 'description']"
5060和3060差距,['61800'],[],description,1,0,[],,['60977'],[0.6069190502166748],['description']
5060和3060差距,['61800'],[],description,3,0,[],,"['60977', '60338', '60540']","[0.6069190502166748, 0.5210618376731873, 0.49978381395339966]","['description', 'description', 'description']"
9600x与9700x,['61800'],[],description,1,0,[],,['60977'],[0.5463324785232544],['description']
9600x与9700x,['61800'],[],description,3,0,[],,"['60977', '60338', '4526']","[0.5463324785232544, 0.4728933870792389, 0.4495789706707001]","['description', 'description', 'description']"
core7和i7区别,['61800'],[],description,1,0,[],,['60977'],[0.5716379880905151],['description']
core7和i7区别,['61800'],[],description,3,0,[],,"['60977', '5881', '60338']","[0.5716379880905151, 0.46962326765060425, 0.4646555185317993]","['description', 'description', 'description']"
iphone 17 pro max和17 pro区别,['61800'],[],description,1,0,[],,['60977'],[0.5657210946083069],['description']
iphone 17 pro max和17 pro区别,['61800'],[],description,3,0,[],,"['60977', '60540', '60338']","[0.5657210946083069, 0.49270275235176086, 0.4314696192741394]","['description', 'description', 'description']"
iqoo13和iqoo15,['61800'],[],description,1,0,[],,['60977'],[0.5778588652610779],['description']
iqoo13和iqoo15,['61800'],[],description,3,0,[],,"['60977', '60540', '5271']","[0.5778588652610779, 0.5036917924880981, 0.4878987967967987]","['description', 'description', 'description']"
iqoo16和iqoo15有什么区别,['61800'],[],description,1,0,[],,['60977'],[0.5927862524986267],['description']
iqoo16和iqoo15有什么区别,['61800'],[],description,3,0,[],,"['60977', '60540', '60338']","[0.5927862524986267, 0.4762688875198364, 0.4585423171520233]","['description', 'description', 'description']"
iqooneo10和iqooneo11对比,['61800'],[],description,1,0,[],,['60977'],[0.5870562791824341],['description']
iqooneo10和iqooneo11对比,['61800'],[],description,3,0,[],,"['60977', '60540', '60338']","[0.5870562791824341, 0.4617464542388916, 0.436384379863739]","['description', 'description', 'description']"
iqooz11和iqooz10turbo对比,['61800'],[],description,1,0,[],,['60977'],[0.5639308094978333],['description']
iqooz11和iqooz10turbo对比,['61800'],[],description,3,0,[],,"['60977', '60540', '60338']","[0.5639308094978333, 0.4482985734939575, 0.429679274559021]","['description', 'description', 'description']"
k90max和k90promax,['61800'],[],description,1,0,[],,['60977'],[0.5493794083595276],['description']
k90max和k90promax,['61800'],[],description,3,0,[],,"['60977', '5881', '60540']","[0.5493794083595276, 0.4658491611480713, 0.46369221806526184]","['description', 'description', 'description']"
nova9和小米10哪个好,['61800'],[],description,1,0,[],,['60977'],[0.528526782989502],['description']
nova9和小米10哪个好,['61800'],[],description,3,0,[],,"['60977', '60540', '60338']","[0.528526782989502, 0.46021246910095215, 0.4532913565635681]","['description', 'description', 'description']"
oppoa6和oppoa6pro对比,['61800'],[],description,1,0,[],,['60977'],[0.5967098474502563],['description']
oppoa6和oppoa6pro对比,['61800'],[],description,3,0,[],,"['60977', '60540', '60338']","[0.5967098474502563, 0.4617922902107239, 0.43436312675476074]","['description', 'description', 'description']"
oppofindx8和opporeno15哪个好,['61800'],[],description,1,0,[],,['60977'],[0.5406545996665955],['description']
oppofindx8和opporeno15哪个好,['61800'],[],description,3,0,[],,"['60977', '60540', '60338']","[0.5406545996665955, 0.45216798782348633, 0.4404594600200653]","['description', 'description', 'description']"
oppofindx9pro和oppofindx9对比,['61800'],[],description,1,0,[],,['60977'],[0.5711373090744019],['description']
oppofindx9pro和oppofindx9对比,['61800'],[],description,3,0,[],,"['60977', '60338', '60540']","[0.5711373090744019, 0.45061254501342773, 0.44896024465560913]","['description', 'description', 'description']"
oppok13turbopro和oppok13turbo对比,['61800'],[],description,1,0,[],,['60977'],[0.578840970993042],['description']
oppok13turbopro和oppok13turbo对比,['61800'],[],description,3,0,[],,"['60977', '60540', '5881']","[0.578840970993042, 0.4445543885231018, 0.4237808585166931]","['description', 'description', 'description']"
opporeno15pro和reno16对比,['61800'],[],description,1,0,[],,['60977'],[0.5425336360931396],['description']
opporeno15pro和reno16对比,['61800'],[],description,3,0,[],,"['60977', '60540', '52364']","[0.5425336360931396, 0.4237809181213379, 0.3957903981208801]","['description', 'description', 'description']"
oppox9pro和oppox9的区别,['61800'],[],description,1,0,[],,['60977'],[0.6027758717536926],['description']
oppox9pro和oppox9的区别,['61800'],[],description,3,0,[],,"['60977', '60338', '60540']","[0.6027758717536926, 0.4982268214225769, 0.47026360034942627]","['description', 'description', 'description']"
pocket3和pocket4的区别,['61800'],[],description,1,0,[],,['60977'],[0.6157561540603638],['description']
pocket3和pocket4的区别,['61800'],[],description,3,0,[],,"['60977', '60540', '47198']","[0.6157561540603638, 0.48040491342544556, 0.47804850339889526]","['description', 'description', 'description']"
pu鞋底和橡胶鞋底哪个好,['61800'],[],description,1,0,[],,['60977'],[0.4744383990764618],['description']
pu鞋底和橡胶鞋底哪个好,['61800'],[],description,3,0,[],,"['60977', '60338', '5544']","[0.4744383990764618, 0.46394068002700806, 0.3991554379463196]","['description', 'description', 'description']"
vivox100s和vivox100pro哪个好,['61800'],[],description,1,0,[],,['60977'],[0.575264573097229],['description']
vivox100s和vivox100pro哪个好,['61800'],[],description,3,0,[],,"['60977', '60540', '60338']","[0.575264573097229, 0.48652786016464233, 0.46733641624450684]","['description', 'description', 'description']"
vivox300和x200s哪个好,['61800'],[],description,1,0,[],,['60977'],[0.5668082237243652],['description']
vivox300和x200s哪个好,['61800'],[],description,3,0,[],,"['60977', '60338', '60540']","[0.5668082237243652, 0.4954870343208313, 0.49260827898979187]","['description', 'description', 'description']"
vivoy600pro和iqooz11哪个好,['61800'],[],description,1,0,[],,['60977'],[0.5354057550430298],['description']
vivoy600pro和iqooz11哪个好,['61800'],[],description,3,0,[],,"['60977', '60540', '60338']","[0.5354057550430298, 0.46660447120666504, 0.4434024691581726]","['description', 'description', 'description']"
一加ace5和一加ace5至尊版对比,['61800'],[],description,1,0,[],,['60977'],[0.5395013689994812],['description']
一加ace5和一加ace5至尊版对比,['61800'],[],description,3,0,[],,"['60977', '60540', '60338']","[0.5395013689994812, 0.43493300676345825, 0.4126969277858734]","['description', 'description', 'description']"
一加ace6t对比一加ace6,['61800'],[],description,1,0,[],,['60977'],[0.5307090282440186],['description']
一加ace6t对比一加ace6,['61800'],[],description,3,0,[],,"['60977', '60540', '5544']","[0.5307090282440186, 0.41816842555999756, 0.377285897731781]","['description', 'description', 'description']"
三星s26ultra和s25ultra区别,['61800'],[],description,1,0,[],,['60977'],[0.5698190331459045],['description']
三星s26ultra和s25ultra区别,['61800'],[],description,3,0,[],,"['60977', '60540', '60338']","[0.5698190331459045, 0.49756312370300293, 0.4292890429496765]","['description', 'description', 'description']"
买k13s还是k12s好,['61800'],[],description,1,0,[],,['60977'],[0.5553140640258789],['description']
买k13s还是k12s好,['61800'],[],description,3,0,[],,"['60977', '5881', '60540']","[0.5553140640258789, 0.5056134462356567, 0.4749417006969452]","['description', 'description', 'description']"
亚麻和汉麻有什么区别,['61800'],[],description,1,0,[],,['60977'],[0.5204031467437744],['description']
亚麻和汉麻有什么区别,['61800'],[],description,3,0,[],,"['60977', '5881', '51388']","[0.5204031467437744, 0.42048901319503784, 0.4091232120990753]","['description', 'description', 'description']"
仙草和龟苓膏有什么区别,['61800'],[],description,1,0,[],,['60977'],[0.45827171206474304],['description']
仙草和龟苓膏有什么区别,['61800'],[],description,3,0,[],,"['60977', '5544', '47272']","[0.45827171206474304, 0.4107351303100586, 0.3697141706943512]","['description', 'description', 'description']"
作业帮t60和p60哪个好,['61800'],[],description,1,0,[],,['60977'],[0.493808776140213],['description']
作业帮t60和p60哪个好,['61800'],[],description,3,0,[],,"['60977', '60540', '5544']","[0.493808776140213, 0.4268244504928589, 0.4232639670372009]","['description', 'description', 'description']"
凤萝和菠萝有啥区别,['61800'],[],description,1,0,[],,['60977'],[0.48640739917755127],['description']
凤萝和菠萝有啥区别,['61800'],[],description,3,0,[],,"['60977', '51388', '5544']","[0.48640739917755127, 0.41978713870048523, 0.39596155285835266]","['description', 'description', 'description']"
华为fit4pro和fit5pro区别,['61800'],[],description,1,0,[],,['60977'],[0.5992509126663208],['description']
华为fit4pro和fit5pro区别,['61800'],[],description,3,0,[],,"['60977', '51388', '60540']","[0.5992509126663208, 0.4676329493522644, 0.4621439576148987]","['description', 'description', 'description']"
华为mate70pro和华为mate70对比,['61800'],[],description,1,0,[],,['60977'],[0.5649086236953735],['description']
华为mate70pro和华为mate70对比,['61800'],[],description,3,0,[],,"['60977', '60540', '5544']","[0.5649086236953735, 0.4741848111152649, 0.4446451663970947]","['description', 'description', 'description']"
华为mate80promax和华为pura90promax哪个好,['61800'],[],description,1,0,[],,['60977'],[0.5201084017753601],['description']
华为mate80promax和华为pura90promax哪个好,['61800'],[],description,3,0,[],,"['60977', '60540', '5544']","[0.5201084017753601, 0.4647982120513916, 0.4499383270740509]","['description', 'description', 'description']"
华为mate80pro和mate80对比,['61800'],[],description,1,0,[],,['60977'],[0.5894246101379395],['description']
华为mate80pro和mate80对比,['61800'],[],description,3,0,[],,"['60977', '60540', '5544']","[0.5894246101379395, 0.47276556491851807, 0.4680022895336151]","['description', 'description', 'description']"
华为matex5和华为mate80对比,['61800'],[],description,1,0,[],,['60977'],[0.5232359170913696],['description']
华为matex5和华为mate80对比,['61800'],[],description,3,0,[],,"['60977', '60540', '5544']","[0.5232359170913696, 0.42796969413757324, 0.4249287247657776]","['description', 'description', 'description']"
华为nova14pro和nova15哪个好,['61800'],[],description,1,0,[],,['60977'],[0.5332542657852173],['description']
华为nova14pro和nova15哪个好,['61800'],[],description,3,0,[],,"['60977', '60540', '60338']","[0.5332542657852173, 0.4533196687698364, 0.41095679998397827]","['description', 'description', 'description']"
华为nova15pro和14ultra有什么区别,['61800'],[],description,1,0,[],,['60977'],[0.5682938694953918],['description']
华为nova15pro和14ultra有什么区别,['61800'],[],description,3,0,[],,"['60977', '60540', '60338']","[0.5682938694953918, 0.4894326329231262, 0.4413686990737915]","['description', 'description', 'description']"
华为nova15pro和荣耀600哪个好,['61800'],[],description,1,0,[],,['60977'],[0.5006287097930908],['description']
华为nova15pro和荣耀600哪个好,['61800'],[],description,3,0,[],,"['60977', '60540', '60338']","[0.5006287097930908, 0.4613494873046875, 0.4110942482948303]","['description', 'description', 'description']"
华为nova16和mate80哪个好,['61800'],[],description,1,0,[],,['60977'],[0.5181460380554199],['description']
华为nova16和mate80哪个好,['61800'],[],description,3,0,[],,"['60977', '60540', '60338']","[0.5181460380554199, 0.45826631784439087, 0.42704761028289795]","['description', 'description', 'description']"
华为p70pro和p80pro的区别,['61800'],[],description,1,0,[],,['60977'],[0.576557457447052],['description']
华为p70pro和p80pro的区别,['61800'],[],description,3,0,[],,"['60977', '60540', '5544']","[0.576557457447052, 0.49152129888534546, 0.451675146818161]","['description', 'description', 'description']"
华为p70pro对比苹果13promax,['61800'],[],description,1,0,[],,['60977'],[0.4262654185295105],['description']
华为p70pro对比苹果13promax,['61800'],[],description,3,0,[],,"['60977', '60540', '5544']","[0.4262654185295105, 0.4085543155670166, 0.34662696719169617]","['description', 'description', 'description']"
华为p70和70pro哪个好,['61800'],[],description,1,0,[],,['60977'],[0.5192615389823914],['description']
华为p70和70pro哪个好,['61800'],[],description,3,0,[],,"['60977', '60540', '5544']","[0.5192615389823914, 0.4765622913837433, 0.433553010225296]","['description', 'description', 'description']"
华为purax和purax典藏版有什么区别,['61800'],[],description,1,0,[],,['60977'],[0.5875809192657471],['description']
华为purax和purax典藏版有什么区别,['61800'],[],description,3,0,[],,"['60977', '60540', '5544']","[0.5875809192657471, 0.49499085545539856, 0.48863595724105835]","['description', 'description', 'description']"
华为手表gt5和gt6有什么区别,['61800'],[],description,1,0,[],,['60977'],[0.5746729969978333],['description']
华为手表gt5和gt6有什么区别,['61800'],[],description,3,0,[],,"['60977', '60540', '51388']","[0.5746729969978333, 0.4606802761554718, 0.4589495062828064]","['description', 'description', 'description']"
华为畅享70和华为畅享80型号对比,['61800'],[],description,1,0,[],,['60977'],[0.579093873500824],['description']
华为畅享70和华为畅享80型号对比,['61800'],[],description,3,0,[],,"['60977', '60540', '5544']","[0.579093873500824, 0.5050405263900757, 0.4767104983329773]","['description', 'description', 'description']"
单包套和双包套的区别,['61800'],[],description,1,0,[],,['60977'],[0.6009988188743591],['description']
单包套和双包套的区别,['61800'],[],description,3,0,[],,"['60977', '51388', '47198']","[0.6009988188743591, 0.47402703762054443, 0.4692026972770691]","['description', 'description', 'description']"
南瓜和冬瓜的区别,['61800'],[],description,1,0,[],,['60977'],[0.48675301671028137],['description']
南瓜和冬瓜的区别,['61800'],[],description,3,0,[],,"['60977', '51323', '51388']","[0.48675301671028137, 0.41176921129226685, 0.38586461544036865]","['description', 'description', 'description']"
土豆和红薯有什么区别,['61800'],[],description,1,0,[],,['60977'],[0.4737747609615326],['description']
土豆和红薯有什么区别,['61800'],[],description,3,0,[],,"['60977', '51388', '52364']","[0.4737747609615326, 0.40204572677612305, 0.3805128335952759]","['description', 'description', 'description']"
土鸡蛋和普通鸡蛋有什么区别,['61800'],[],description,1,0,[],,['60977'],[0.45592910051345825],['description']
土鸡蛋和普通鸡蛋有什么区别,['61800'],[],description,3,0,[],,"['60977', '52364', '60540']","[0.45592910051345825, 0.39013952016830444, 0.3604200780391693]","['description', 'description', 'description']"
基围虾和黑虎虾哪个好,['61800'],[],description,1,0,[],,['60977'],[0.47999176383018494],['description']
基围虾和黑虎虾哪个好,['61800'],[],description,3,0,[],,"['60977', '60338', '5544']","[0.47999176383018494, 0.4717128574848175, 0.39208313822746277]","['description', 'description', 'description']"
大疆pocket和action有什么区别,['61800'],[],description,1,0,[],,['60977'],[0.5712701082229614],['description']
大疆pocket和action有什么区别,['61800'],[],description,3,0,[],,"['60977', '60540', '47198']","[0.5712701082229614, 0.4523894786834717, 0.4321972727775574]","['description', 'description', 'description']"
奶粉和牛奶的区别哪个更有营养,['61800'],[],description,1,0,[],,['60977'],[0.5418071150779724],['description']
奶粉和牛奶的区别哪个更有营养,['61800'],[],description,3,0,[],,"['60977', '5882', '52364']","[0.5418071150779724, 0.4461570978164673, 0.4195212125778198]","['description', 'description', 'description']"
富贵竹与文昌竹的区别是什么,['61800'],[],description,1,0,[],,['60977'],[0.49398213624954224],['description']
富贵竹与文昌竹的区别是什么,['61800'],[],description,3,0,[],,"['60977', '51388', '51323']","[0.49398213624954224, 0.4556012749671936, 0.4363784193992615]","['description', 'description', 'description']"
小米17ultra和vivox300ultra哪个好,['61800'],[],description,1,0,[],,['60977'],[0.5165740251541138],['description']
小米17ultra和vivox300ultra哪个好,['61800'],[],description,3,0,[],,"['60977', '60540', '60338']","[0.5165740251541138, 0.47912582755088806, 0.47633999586105347]","['description', 'description', 'description']"
小米和大米哪个含糖量更高,['61800'],[],description,1,0,[],,['60977'],[0.46451738476753235],['description']
小米和大米哪个含糖量更高,['61800'],[],description,3,0,[],,"['60977', '60338', '5544']","[0.46451738476753235, 0.4517579674720764, 0.4477335214614868]","['description', 'description', 'description']"
小米建议买t200还是t300,['61800'],[],description,1,0,[],,['60977'],[0.5236708521842957],['description']
小米建议买t200还是t300,['61800'],[],description,3,0,[],,"['60977', '60540', '60338']","[0.5236708521842957, 0.47958144545555115, 0.462108314037323]","['description', 'description', 'description']"
小苏打和食用碱有什么区别,['61800'],[],description,1,0,[],,['60977'],[0.4823113679885864],['description']
小苏打和食用碱有什么区别,['61800'],[],description,3,0,[],,"['60977', '5544', '5881']","[0.4823113679885864, 0.4078405201435089, 0.39636266231536865]","['description', 'description', 'description']"
小麦与燕麦的区别,['61800'],[],description,1,0,[],,['60977'],[0.4977937340736389],['description']
小麦与燕麦的区别,['61800'],[],description,3,0,[],,"['60977', '51388', '51323']","[0.4977937340736389, 0.41897255182266235, 0.40176665782928467]","['description', 'description', 'description']"
平板和电脑的区别有哪些,['61800'],[],description,1,0,[],,['60977'],[0.606513500213623],['description']
平板和电脑的区别有哪些,['61800'],[],description,3,0,[],,"['60977', '60540', '52364']","[0.606513500213623, 0.5032100081443787, 0.4543730318546295]","['description', 'description', 'description']"
怀山药和山药的区别有哪些,['61800'],[],description,1,0,[],,['60977'],[0.45635801553726196],['description']
怀山药和山药的区别有哪些,['61800'],[],description,3,0,[],,"['60977', '51388', '51381']","[0.45635801553726196, 0.3974440395832062, 0.38065463304519653]","['description', 'description', 'description']"
悦刻五代和六代有什么区别,['61800'],[],description,1,0,[],,['60977'],[0.5663625597953796],['description']
悦刻五代和六代有什么区别,['61800'],[],description,3,0,[],,"['60977', '51388', '5544']","[0.5663625597953796, 0.4545942544937134, 0.4531162679195404]","['description', 'description', 'description']"
是不锈钢锅好还是铁锅好,['61800'],[],description,1,0,[],,['60977'],[0.4501465857028961],['description']
是不锈钢锅好还是铁锅好,['61800'],[],description,3,0,[],,"['60977', '5881', '47272']","[0.4501465857028961, 0.3980509638786316, 0.38329264521598816]","['description', 'description', 'description']"
杏和桃哪个营养价值更高,['61800'],[],description,1,0,[],,['60977'],[0.5390775203704834],['description']
杏和桃哪个营养价值更高,['61800'],[],description,3,0,[],,"['60977', '5544', '52364']","[0.5390775203704834, 0.461884468793869, 0.45490992069244385]","['description', 'description', 'description']"
松木和橡胶木的区别哪个更好,['61800'],[],description,1,0,[],,['60977'],[0.5216971635818481],['description']
松木和橡胶木的区别哪个更好,['61800'],[],description,3,0,[],,"['60977', '5881', '5544']","[0.5216971635818481, 0.44630953669548035, 0.4247032105922699]","['description', 'description', 'description']"
染料和颜料的区别是什么,['61800'],[],description,1,0,[],,['60977'],[0.4967799782752991],['description']
染料和颜料的区别是什么,['61800'],[],description,3,0,[],,"['60977', '5544', '51388']","[0.4967799782752991, 0.43278753757476807, 0.43247556686401367]","['description', 'description', 'description']"
棉和纯棉哪个好,['61800'],[],description,1,0,[],,['60977'],[0.523769736289978],['description']
棉和纯棉哪个好,['61800'],[],description,3,0,[],,"['60977', '5881', '51388']","[0.523769736289978, 0.4138897657394409, 0.41356125473976135]","['description', 'description', 'description']"
棉麻和亚麻的区别哪个更好,['61800'],[],description,1,0,[],,['60977'],[0.5241618156433105],['description']
棉麻和亚麻的区别哪个更好,['61800'],[],description,3,0,[],,"['60977', '5881', '5882']","[0.5241618156433105, 0.43568652868270874, 0.4104703664779663]","['description', 'description', 'description']"
檀香和沉香的区别是什么,['61800'],[],description,1,0,[],,['60977'],[0.4552585482597351],['description']
檀香和沉香的区别是什么,['61800'],[],description,3,1,['61800'],2.0,"['60977', '61800', '5544']","[0.4552585482597351, 0.40266045928001404, 0.3982276916503906]","['description', 'description', 'description']"
汉服和和服有什么区别,['61800'],[],description,1,0,[],,['60977'],[0.44160905480384827],['description']
汉服和和服有什么区别,['61800'],[],description,3,0,[],,"['60977', '51388', '51381']","[0.44160905480384827, 0.40111804008483887, 0.38375648856163025]","['description', 'description', 'description']"
洗发水和沐浴露有什么区别,['61800'],[],description,1,0,[],,['60977'],[0.5442995429039001],['description']
洗发水和沐浴露有什么区别,['61800'],[],description,3,0,[],,"['60977', '5882', '5881']","[0.5442995429039001, 0.4374372959136963, 0.41681331396102905]","['description', 'description', 'description']"
海虾和淡水虾哪个营养价值高,['61800'],[],description,1,0,[],,['60977'],[0.45948514342308044],['description']
海虾和淡水虾哪个营养价值高,['61800'],[],description,3,0,[],,"['60977', '60338', '47272']","[0.45948514342308044, 0.4413089156150818, 0.41071611642837524]","['description', 'description', 'description']"
烤箱和微波炉的区别,['61800'],[],description,1,0,[],,['60977'],[0.5479835271835327],['description']
烤箱和微波炉的区别,['61800'],[],description,3,0,[],,"['60977', '5881', '51388']","[0.5479835271835327, 0.47023066878318787, 0.42117857933044434]","['description', 'description', 'description']"
爱情果和百香果有什么区别,['61800'],[],description,1,0,[],,['60977'],[0.5007263422012329],['description']
爱情果和百香果有什么区别,['61800'],[],description,3,0,[],,"['60977', '5544', '51388']","[0.5007263422012329, 0.423198938369751, 0.41134899854660034]","['description', 'description', 'description']"
猪肉和牛肉的区别,['61800'],[],description,1,0,[],,['60977'],[0.5184280872344971],['description']
猪肉和牛肉的区别,['61800'],[],description,3,0,[],,"['60977', '51388', '52364']","[0.5184280872344971, 0.4480895400047302, 0.4080747365951538]","['description', 'description', 'description']"
猫山王和金枕榴莲哪个好吃,['61800'],[],description,1,0,[],,['60977'],[0.4302194118499756],['description']
猫山王和金枕榴莲哪个好吃,['61800'],[],description,3,0,[],,"['60977', '5881', '5544']","[0.4302194118499756, 0.38929203152656555, 0.3857696056365967]","['description', 'description', 'description']"
玉石与翡翠的区别,['61800'],[],description,1,0,[],,['60977'],[0.49412378668785095],['description']
玉石与翡翠的区别,['61800'],[],description,3,0,[],,"['60977', '51388', '51323']","[0.49412378668785095, 0.44200873374938965, 0.41082286834716797]","['description', 'description', 'description']"
玫瑰与月季花的区别有哪些,['61800'],[],description,1,0,[],,['60977'],[0.48901069164276123],['description']
玫瑰与月季花的区别有哪些,['61800'],[],description,3,0,[],,"['60977', '51388', '51323']","[0.48901069164276123, 0.4221763014793396, 0.41885414719581604]","['description', 'description', 'description']"
瓷和陶瓷哪个好一些,['61800'],[],description,1,0,[],,['60977'],[0.5197384357452393],['description']
瓷和陶瓷哪个好一些,['61800'],[],description,3,0,[],,"['60977', '5544', '5881']","[0.5197384357452393, 0.4384462833404541, 0.43610185384750366]","['description', 'description', 'description']"
生粉淀粉有什么区别,['61800'],[],description,1,0,[],,['60977'],[0.43572965264320374],['description']
生粉淀粉有什么区别,['61800'],[],description,3,0,[],,"['60977', '51388', '51381']","[0.43572965264320374, 0.41733622550964355, 0.39209556579589844]","['description', 'description', 'description']"
白糖和红糖的区别是什么,['61800'],[],description,1,0,[],,['60977'],[0.47372785210609436],['description']
白糖和红糖的区别是什么,['61800'],[],description,3,0,[],,"['60977', '5544', '51388']","[0.47372785210609436, 0.43339914083480835, 0.41276389360427856]","['description', 'description', 'description']"
白酒和啤酒有什么区别,['61800'],[],description,1,0,[],,['60977'],[0.5108464360237122],['description']
白酒和啤酒有什么区别,['61800'],[],description,3,0,[],,"['60977', '51388', '52364']","[0.5108464360237122, 0.4043228030204773, 0.3999690115451813]","['description', 'description', 'description']"
真我gt8pro和真我neo8对比,['61800'],[],description,1,0,[],,['60977'],[0.5307489633560181],['description']
真我gt8pro和真我neo8对比,['61800'],[],description,3,0,[],,"['60977', '60540', '5544']","[0.5307489633560181, 0.43664824962615967, 0.3988501727581024]","['description', 'description', 'description']"
空调和风扇哪个更好,['61800'],[],description,1,0,[],,['60977'],[0.5262178182601929],['description']
空调和风扇哪个更好,['61800'],[],description,3,0,[],,"['60977', '5881', '5544']","[0.5262178182601929, 0.47639793157577515, 0.41642117500305176]","['description', 'description', 'description']"
竺麻亚麻有什么区别,['61800'],[],description,1,0,[],,['60977'],[0.4863111078739166],['description']
竺麻亚麻有什么区别,['61800'],[],description,3,0,[],,"['60977', '5544', '51323']","[0.4863111078739166, 0.4051457345485687, 0.39769768714904785]","['description', 'description', 'description']"
米兔7a和7x哪个更值得买,['61800'],[],description,1,0,[],,['60977'],[0.5238546133041382],['description']
米兔7a和7x哪个更值得买,['61800'],[],description,3,0,[],,"['60977', '60338', '60540']","[0.5238546133041382, 0.4927424490451813, 0.44329458475112915]","['description', 'description', 'description']"
粉霜和粉底液的区别,['61800'],[],description,1,0,[],,['60977'],[0.5238476991653442],['description']
粉霜和粉底液的区别,['61800'],[],description,3,0,[],,"['60977', '5882', '60338']","[0.5238476991653442, 0.43618547916412354, 0.41152340173721313]","['description', 'description', 'description']"
糯米与大米的区别,['61800'],[],description,1,0,[],,['60977'],[0.4703837037086487],['description']
糯米与大米的区别,['61800'],[],description,3,0,[],,"['60977', '51388', '51323']","[0.4703837037086487, 0.42149636149406433, 0.4147460460662842]","['description', 'description', 'description']"
紫甘蓝和卷心菜有什么区别,['61800'],[],description,1,0,[],,['60977'],[0.5020571947097778],['description']
紫甘蓝和卷心菜有什么区别,['61800'],[],description,3,0,[],,"['60977', '5544', '51388']","[0.5020571947097778, 0.405650794506073, 0.38997483253479004]","['description', 'description', 'description']"
紫皮石斛和铁皮石斛哪个好,['61800'],[],description,1,0,[],,['60977'],[0.46936726570129395],['description']
紫皮石斛和铁皮石斛哪个好,['61800'],[],description,3,0,[],,"['60977', '5544', '5881']","[0.46936726570129395, 0.4296906590461731, 0.39102569222450256]","['description', 'description', 'description']"
红米k90和红米k80至尊版对比,['61800'],[],description,1,0,[],,['60977'],[0.5334967374801636],['description']
红米k90和红米k80至尊版对比,['61800'],[],description,3,0,[],,"['60977', '5881', '60540']","[0.5334967374801636, 0.45043015480041504, 0.4494050145149231]","['description', 'description', 'description']"
红米note14pro和红米note15pro型号对比,['61800'],[],description,1,0,[],,['60977'],[0.5563646554946899],['description']
红米note14pro和红米note15pro型号对比,['61800'],[],description,3,0,[],,"['60977', '60540', '60338']","[0.5563646554946899, 0.4601653814315796, 0.43088430166244507]","['description', 'description', 'description']"
红米turbo5max和红米k80哪个好,['61800'],[],description,1,0,[],,['60977'],[0.5033190846443176],['description']
红米turbo5max和红米k80哪个好,['61800'],[],description,3,0,[],,"['60977', '60540', '5881']","[0.5033190846443176, 0.43970292806625366, 0.4136347770690918]","['description', 'description', 'description']"
红莲子和白莲子的功效有什么区别,['61800'],[],description,1,0,[],,['60977'],[0.44782692193984985],['description']
红莲子和白莲子的功效有什么区别,['61800'],[],description,3,0,[],,"['60977', '51388', '52364']","[0.44782692193984985, 0.38006260991096497, 0.37395331263542175]","['description', 'description', 'description']"
纯净水和矿泉水有什么区别哪个好,['61800'],[],description,1,0,[],,['60977'],[0.4806433320045471],['description']
纯净水和矿泉水有什么区别哪个好,['61800'],[],description,3,0,[],,"['60977', '5881', '5544']","[0.4806433320045471, 0.4236299991607666, 0.39655521512031555]","['description', 'description', 'description']"
绿茶与红茶的区别,['61800'],[],description,1,0,[],,['60977'],[0.5247887969017029],['description']
绿茶与红茶的区别,['61800'],[],description,3,0,[],,"['60977', '5544', '52524']","[0.5247887969017029, 0.49198949337005615, 0.4264724850654602]","['description', 'description', 'description']"
翡翠和和田玉哪个好一些,['61800'],[],description,1,0,[],,['60977'],[0.5228049755096436],['description']
翡翠和和田玉哪个好一些,['61800'],[],description,3,0,[],,"['60977', '51388', '5544']","[0.5228049755096436, 0.44405943155288696, 0.438326895236969]","['description', 'description', 'description']"
联想小新pro14和pro16哪个好,['61800'],[],description,1,0,[],,['60977'],[0.513648509979248],['description']
联想小新pro14和pro16哪个好,['61800'],[],description,3,0,[],,"['60977', '60540', '52364']","[0.513648509979248, 0.4345787763595581, 0.41761675477027893]","['description', 'description', 'description']"
胎菊好还是菊花好,['61800'],[],description,1,0,[],,['60977'],[0.46116456389427185],['description']
胎菊好还是菊花好,['61800'],[],description,3,0,[],,"['60977', '5544', '51323']","[0.46116456389427185, 0.44593483209609985, 0.38655030727386475]","['description', 'description', 'description']"
臻爱倍护和星飞帆哪个好一点,['61800'],[],description,1,0,[],,['60977'],[0.5292858481407166],['description']
臻爱倍护和星飞帆哪个好一点,['61800'],[],description,3,0,[],,"['60977', '5882', '5881']","[0.5292858481407166, 0.48587918281555176, 0.4714714288711548]","['description', 'description', 'description']"
花椒和青椒的区别,['61800'],[],description,1,0,[],,['60977'],[0.4231228232383728],['description']
花椒和青椒的区别,['61800'],[],description,3,0,[],,"['60977', '47272', '5544']","[0.4231228232383728, 0.3854907751083374, 0.38051843643188477]","['description', 'description', 'description']"
苹果13pro苹果13promax区别,['61800'],[],description,1,0,[],,['60977'],[0.6257246732711792],['description']
苹果13pro苹果13promax区别,['61800'],[],description,3,0,[],,"['60977', '60540', '5544']","[0.6257246732711792, 0.5213919281959534, 0.4580017924308777]","['description', 'description', 'description']"
苹果16和苹果16pro的尺寸,['61800'],[],description,1,0,[],,['60977'],[0.5238760709762573],['description']
苹果16和苹果16pro的尺寸,['61800'],[],description,3,0,[],,"['60977', '60540', '5012']","[0.5238760709762573, 0.47557568550109863, 0.45040202140808105]","['description', 'description', 'description']"
苹果17promax和苹果16promax对比,['61800'],[],description,1,0,[],,['60977'],[0.5589511394500732],['description']
苹果17promax和苹果16promax对比,['61800'],[],description,3,0,[],,"['60977', '60540', '5544']","[0.5589511394500732, 0.4562629759311676, 0.41988953948020935]","['description', 'description', 'description']"
苹果17pro和华为mate80哪个好,['61800'],[],description,1,0,[],,['60977'],[0.518184244632721],['description']
苹果17pro和华为mate80哪个好,['61800'],[],description,3,0,[],,"['60977', '60540', '60338']","[0.518184244632721, 0.478343665599823, 0.4188292920589447]","['description', 'description', 'description']"
苹果17和16pro区别,['61800'],[],description,1,0,[],,['60977'],[0.5816984176635742],['description']
苹果17和16pro区别,['61800'],[],description,3,0,[],,"['60977', '60540', '60338']","[0.5816984176635742, 0.4854722023010254, 0.4381554126739502]","['description', 'description', 'description']"
苹果iphone15和苹果iphone14对比,['61800'],[],description,1,0,[],,['60977'],[0.5495877265930176],['description']
苹果iphone15和苹果iphone14对比,['61800'],[],description,3,0,[],,"['60977', '60540', '5012']","[0.5495877265930176, 0.47214025259017944, 0.4225960373878479]","['description', 'description', 'description']"
苹果iphone17air和苹果iphone17对比,['61800'],[],description,1,0,[],,['60977'],[0.5164480805397034],['description']
苹果iphone17air和苹果iphone17对比,['61800'],[],description,3,0,[],,"['60977', '60540', '60338']","[0.5164480805397034, 0.45414263010025024, 0.40998250246047974]","['description', 'description', 'description']"
苹果焦和香蕉有什么区别,['61800'],[],description,1,0,[],,['60977'],[0.5300666093826294],['description']
苹果焦和香蕉有什么区别,['61800'],[],description,3,0,[],,"['60977', '51388', '60540']","[0.5300666093826294, 0.42676079273223877, 0.42586231231689453]","['description', 'description', 'description']"
茶烟和香烟哪个危害大,['61800'],[],description,1,1,['61800'],1.0,['61800'],[0.533633828163147],['description']
茶烟和香烟哪个危害大,['61800'],[],description,3,1,['61800'],1.0,"['61800', '60977', '5544']","[0.533633828163147, 0.49976691603660583, 0.4360451102256775]","['description', 'description', 'description']"
荣耀600pro和荣耀500pro对比,['61800'],[],description,1,0,[],,['60977'],[0.5507405996322632],['description']
荣耀600pro和荣耀500pro对比,['61800'],[],description,3,0,[],,"['60977', '60540', '60338']","[0.5507405996322632, 0.46503645181655884, 0.41631853580474854]","['description', 'description', 'description']"
荣耀x70和荣耀x80promax对比,['61800'],[],description,1,0,[],,['60977'],[0.5253016948699951],['description']
荣耀x70和荣耀x80promax对比,['61800'],[],description,3,0,[],,"['60977', '60540', '60338']","[0.5253016948699951, 0.44748204946517944, 0.44085460901260376]","['description', 'description', 'description']"
荣耀x80和vivoy600pro哪个好,['61800'],[],description,1,0,[],,['60977'],[0.5212787985801697],['description']
荣耀x80和vivoy600pro哪个好,['61800'],[],description,3,0,[],,"['60977', '60540', '60338']","[0.5212787985801697, 0.4729865789413452, 0.45492643117904663]","['description', 'description', 'description']"
荷花和莲花的区别是什么,['61800'],[],description,1,0,[],,['60977'],[0.46153247356414795],['description']
荷花和莲花的区别是什么,['61800'],[],description,3,0,[],,"['60977', '51388', '51377']","[0.46153247356414795, 0.4356365501880646, 0.4153173565864563]","['description', 'description', 'description']"
菜籽油还是橄榄油好,['61800'],[],description,1,0,[],,['60977'],[0.4751374423503876],['description']
菜籽油还是橄榄油好,['61800'],[],description,3,0,[],,"['60977', '5881', '60338']","[0.4751374423503876, 0.4133967161178589, 0.3919298052787781]","['description', 'description', 'description']"
菠萝与凤梨的区别是,['61800'],[],description,1,0,[],,['60977'],[0.4957022964954376],['description']
菠萝与凤梨的区别是,['61800'],[],description,3,0,[],,"['60977', '51388', '5544']","[0.4957022964954376, 0.44184088706970215, 0.3954058289527893]","['description', 'description', 'description']"
薄荷与霍香有何区别,['61800'],[],description,1,0,[],,['60977'],[0.47348636388778687],['description']
薄荷与霍香有何区别,['61800'],[],description,3,1,['61800'],3.0,"['60977', '5544', '61800']","[0.47348636388778687, 0.43624305725097656, 0.40987592935562134]","['description', 'description', 'description']"
藻油和鱼油有什么区别,['61800'],[],description,1,0,[],,['60977'],[0.5303789377212524],['description']
藻油和鱼油有什么区别,['61800'],[],description,3,0,[],,"['60977', '47272', '51388']","[0.5303789377212524, 0.4256491959095001, 0.41447266936302185]","['description', 'description', 'description']"
蚕丝与桑蚕丝的区别是什么,['61800'],[],description,1,0,[],,['60977'],[0.50248122215271],['description']
蚕丝与桑蚕丝的区别是什么,['61800'],[],description,3,0,[],,"['60977', '51388', '51377']","[0.50248122215271, 0.4398367404937744, 0.40279996395111084]","['description', 'description', 'description']"
软玉和硬玉哪个好,['61800'],[],description,1,0,[],,['60977'],[0.47497665882110596],['description']
软玉和硬玉哪个好,['61800'],[],description,3,0,[],,"['60977', '5544', '51388']","[0.47497665882110596, 0.4247382581233978, 0.4154164791107178]","['description', 'description', 'description']"
金枕榴莲和干尧有什么区别,['61800'],[],description,1,0,[],,['60977'],[0.4894496202468872],['description']
金枕榴莲和干尧有什么区别,['61800'],[],description,3,0,[],,"['60977', '51590', '5544']","[0.4894496202468872, 0.42598187923431396, 0.40971702337265015]","['description', 'description', 'description']"
银和白金的区别,['61800'],[],description,1,0,[],,['51590'],[0.612743616104126],['description']
银和白金的区别,['61800'],[],description,3,0,[],,"['51590', '60977', '51088']","[0.612743616104126, 0.5534359216690063, 0.5452117323875427]","['description', 'description', 'description']"
锂电池和铅电池的区别是什么,['61800'],[],description,1,0,[],,['60977'],[0.538565993309021],['description']
锂电池和铅电池的区别是什么,['61800'],[],description,3,0,[],,"['60977', '60540', '5271']","[0.538565993309021, 0.4457687437534332, 0.4284915626049042]","['description', 'description', 'description']"
香蕉和芭蕉的区别,['61800'],[],description,1,0,[],,['60977'],[0.4804390072822571],['description']
香蕉和芭蕉的区别,['61800'],[],description,3,0,[],,"['60977', '51388', '5544']","[0.4804390072822571, 0.44708767533302307, 0.38807520270347595]","['description', 'description', 'description']"
骁龙7和骁龙8哪个好,['61800'],[],description,1,0,[],,['60977'],[0.5262962579727173],['description']
骁龙7和骁龙8哪个好,['61800'],[],description,3,0,[],,"['60977', '60338', '60540']","[0.5262962579727173, 0.46106570959091187, 0.4574047327041626]","['description', 'description', 'description']"
骁龙8至尊版和天玑9500哪个更好一点,['61800'],[],description,1,0,[],,['60977'],[0.521767258644104],['description']
骁龙8至尊版和天玑9500哪个更好一点,['61800'],[],description,3,0,[],,"['60977', '60540', '5881']","[0.521767258644104, 0.4890994131565094, 0.46893781423568726]","['description', 'description', 'description']"
高压锅和电饭煲哪个更实用,['61800'],[],description,1,0,[],,['60977'],[0.5017204880714417],['description']
高压锅和电饭煲哪个更实用,['61800'],[],description,3,0,[],,"['60977', '5881', '60540']","[0.5017204880714417, 0.4771217703819275, 0.42770177125930786]","['description', 'description', 'description']"
高筋面粉和低筋面粉哪个好,['61800'],[],description,1,0,[],,['60977'],[0.494770884513855],['description']
高筋面粉和低筋面粉哪个好,['61800'],[],description,3,0,[],,"['60977', '5881', '5544']","[0.494770884513855, 0.4314124882221222, 0.42603081464767456]","['description', 'description', 'description']"
鲈鱼与鲑鱼区别,['61800'],[],description,1,0,[],,['60977'],[0.4964328110218048],['description']
鲈鱼与鲑鱼区别,['61800'],[],description,3,0,[],,"['60977', '51388', '52364']","[0.4964328110218048, 0.42046642303466797, 0.391165167093277]","['description', 'description', 'description']"
鸡蛋和鸭蛋相比哪个更有营养,['61800'],[],description,1,0,[],,['60977'],[0.5079479813575745],['description']
鸡蛋和鸭蛋相比哪个更有营养,['61800'],[],description,3,0,[],,"['60977', '52364', '60338']","[0.5079479813575745, 0.4329468011856079, 0.414249986410141]","['description', 'description', 'description']"
鸭和鹅的区别,['61800'],[],description,1,0,[],,['60977'],[0.48114192485809326],['description']
鸭和鹅的区别,['61800'],[],description,3,0,[],,"['60977', '51388', '51381']","[0.48114192485809326, 0.4227615296840668, 0.39909279346466064]","['description', 'description', 'description']"
麒麟8000和麒麟9000哪个好,['61800'],[],description,1,0,[],,['60977'],[0.5112723112106323],['description']
麒麟8000和麒麟9000哪个好,['61800'],[],description,3,0,[],,"['60977', '60540', '60338']","[0.5112723112106323, 0.45922601222991943, 0.4342745840549469]","['description', 'description', 'description']"
黑花生和红花生有什么区别,['61800'],[],description,1,0,[],,['60977'],[0.47231918573379517],['description']
黑花生和红花生有什么区别,['61800'],[],description,3,0,[],,"['60977', '5544', '51388']","[0.47231918573379517, 0.41995492577552795, 0.3991824984550476]","['description', 'description', 'description']"
黑豆与黄豆的区别是什么,['61800'],[],description,1,0,[],,['60977'],[0.4966835379600525],['description']
黑豆与黄豆的区别是什么,['61800'],[],description,3,0,[],,"['60977', '51388', '51323']","[0.4966835379600525, 0.4216560125350952, 0.4023703336715698]","['description', 'description', 'description']"
304还是316不锈钢哪个好,['61800'],[],merged,1,0,[],,['60977'],[0.47447773814201355],['title_description']
304还是316不锈钢哪个好,['61800'],[],merged,3,0,[],,"['60977', '5881', '60338']","[0.47447773814201355, 0.4360355734825134, 0.41428154706954956]","['title_description', 'description', 'title_description']"
5060和3060差距,['61800'],[],merged,1,0,[],,['60977'],[0.622349202632904],['title_description']
5060和3060差距,['61800'],[],merged,3,0,[],,"['60977', '60338', '60540']","[0.622349202632904, 0.5212993621826172, 0.49978381395339966]","['title_description', 'title_description', 'description']"
9600x与9700x,['61800'],[],merged,1,0,[],,['60977'],[0.5561888813972473],['title_description']
9600x与9700x,['61800'],[],merged,3,0,[],,"['60977', '60338', '4526']","[0.5561888813972473, 0.4728933870792389, 0.4503093957901001]","['title_description', 'description', 'title_description']"
core7和i7区别,['61800'],[],merged,1,0,[],,['60977'],[0.5835081934928894],['title_description']
core7和i7区别,['61800'],[],merged,3,0,[],,"['60977', '5881', '60338']","[0.5835081934928894, 0.46962326765060425, 0.4646555185317993]","['title_description', 'description', 'description']"
iphone 17 pro max和17 pro区别,['61800'],[],merged,1,0,[],,['60977'],[0.570254921913147],['title_description']
iphone 17 pro max和17 pro区别,['61800'],[],merged,3,0,[],,"['60977', '60540', '60338']","[0.570254921913147, 0.49270275235176086, 0.4314696192741394]","['title_description', 'description', 'description']"
iqoo13和iqoo15,['61800'],[],merged,1,0,[],,['60977'],[0.5919004678726196],['title_description']
iqoo13和iqoo15,['61800'],[],merged,3,0,[],,"['60977', '60540', '5271']","[0.5919004678726196, 0.5036917924880981, 0.4878987967967987]","['title_description', 'description', 'description']"
iqoo16和iqoo15有什么区别,['61800'],[],merged,1,0,[],,['60977'],[0.6036311388015747],['title_description']
iqoo16和iqoo15有什么区别,['61800'],[],merged,3,0,[],,"['60977', '60540', '60338']","[0.6036311388015747, 0.4762688875198364, 0.4585423171520233]","['title_description', 'description', 'description']"
iqooneo10和iqooneo11对比,['61800'],[],merged,1,0,[],,['60977'],[0.5914918184280396],['title_description']
iqooneo10和iqooneo11对比,['61800'],[],merged,3,0,[],,"['60977', '60540', '60338']","[0.5914918184280396, 0.4617464542388916, 0.436384379863739]","['title_description', 'description', 'description']"
iqooz11和iqooz10turbo对比,['61800'],[],merged,1,0,[],,['60977'],[0.5710712671279907],['title_description']
iqooz11和iqooz10turbo对比,['61800'],[],merged,3,0,[],,"['60977', '60540', '47272']","[0.5710712671279907, 0.4482985734939575, 0.43364307284355164]","['title_description', 'description', 'title_description']"
k90max和k90promax,['61800'],[],merged,1,0,[],,['60977'],[0.5560557842254639],['title_description']
k90max和k90promax,['61800'],[],merged,3,0,[],,"['60977', '5881', '60540']","[0.5560557842254639, 0.4658491611480713, 0.46369221806526184]","['title_description', 'description', 'description']"
nova9和小米10哪个好,['61800'],[],merged,1,0,[],,['60977'],[0.5405154824256897],['title_description']
nova9和小米10哪个好,['61800'],[],merged,3,0,[],,"['60977', '61111', '60540']","[0.5405154824256897, 0.4846026301383972, 0.46021246910095215]","['title_description', 'title_description', 'description']"
oppoa6和oppoa6pro对比,['61800'],[],merged,1,0,[],,['60977'],[0.6046461462974548],['title_description']
oppoa6和oppoa6pro对比,['61800'],[],merged,3,0,[],,"['60977', '60540', '60338']","[0.6046461462974548, 0.4617922902107239, 0.44617003202438354]","['title_description', 'description', 'title_description']"
oppofindx8和opporeno15哪个好,['61800'],[],merged,1,0,[],,['60977'],[0.5479962229728699],['title_description']
oppofindx8和opporeno15哪个好,['61800'],[],merged,3,0,[],,"['60977', '60540', '60338']","[0.5479962229728699, 0.45216798782348633, 0.4404594600200653]","['title_description', 'description', 'description']"
oppofindx9pro和oppofindx9对比,['61800'],[],merged,1,0,[],,['60977'],[0.580371618270874],['title_description']
oppofindx9pro和oppofindx9对比,['61800'],[],merged,3,0,[],,"['60977', '60338', '60540']","[0.580371618270874, 0.45061254501342773, 0.44896024465560913]","['title_description', 'description', 'description']"
oppok13turbopro和oppok13turbo对比,['61800'],[],merged,1,0,[],,['60977'],[0.5878455638885498],['title_description']
oppok13turbopro和oppok13turbo对比,['61800'],[],merged,3,0,[],,"['60977', '60540', '5881']","[0.5878455638885498, 0.4445543885231018, 0.4237808585166931]","['title_description', 'description', 'description']"
opporeno15pro和reno16对比,['61800'],[],merged,1,0,[],,['60977'],[0.5484821796417236],['title_description']
opporeno15pro和reno16对比,['61800'],[],merged,3,0,[],,"['60977', '60540', '52364']","[0.5484821796417236, 0.4237809181213379, 0.3957903981208801]","['title_description', 'description', 'description']"
oppox9pro和oppox9的区别,['61800'],[],merged,1,0,[],,['60977'],[0.6157465577125549],['title_description']
oppox9pro和oppox9的区别,['61800'],[],merged,3,0,[],,"['60977', '60338', '60540']","[0.6157465577125549, 0.4982268214225769, 0.47026360034942627]","['title_description', 'description', 'description']"
pocket3和pocket4的区别,['61800'],[],merged,1,0,[],,['60977'],[0.6298635005950928],['title_description']
pocket3和pocket4的区别,['61800'],[],merged,3,0,[],,"['60977', '60540', '47198']","[0.6298635005950928, 0.48040491342544556, 0.47804850339889526]","['title_description', 'description', 'description']"
pu鞋底和橡胶鞋底哪个好,['61800'],[],merged,1,0,[],,['60977'],[0.4852701425552368],['title_description']
pu鞋底和橡胶鞋底哪个好,['61800'],[],merged,3,0,[],,"['60977', '60338', '5544']","[0.4852701425552368, 0.4699348211288452, 0.40047982335090637]","['title_description', 'title_description', 'title_description']"
vivox100s和vivox100pro哪个好,['61800'],[],merged,1,0,[],,['60977'],[0.5773109793663025],['title_description']
vivox100s和vivox100pro哪个好,['61800'],[],merged,3,0,[],,"['60977', '60540', '60338']","[0.5773109793663025, 0.48652786016464233, 0.4694097340106964]","['title_description', 'description', 'title_description']"
vivox300和x200s哪个好,['61800'],[],merged,1,0,[],,['60977'],[0.5709457993507385],['title_description']
vivox300和x200s哪个好,['61800'],[],merged,3,0,[],,"['60977', '60338', '60540']","[0.5709457993507385, 0.4954870343208313, 0.49260827898979187]","['title_description', 'description', 'description']"
vivoy600pro和iqooz11哪个好,['61800'],[],merged,1,0,[],,['60977'],[0.5416523814201355],['title_description']
vivoy600pro和iqooz11哪个好,['61800'],[],merged,3,0,[],,"['60977', '60540', '60338']","[0.5416523814201355, 0.46660447120666504, 0.4434024691581726]","['title_description', 'description', 'description']"
一加ace5和一加ace5至尊版对比,['61800'],[],merged,1,0,[],,['60977'],[0.5406233668327332],['title_description']
一加ace5和一加ace5至尊版对比,['61800'],[],merged,3,0,[],,"['60977', '60540', '60338']","[0.5406233668327332, 0.43493300676345825, 0.4126969277858734]","['title_description', 'description', 'description']"
一加ace6t对比一加ace6,['61800'],[],merged,1,0,[],,['60977'],[0.5352994203567505],['title_description']
一加ace6t对比一加ace6,['61800'],[],merged,3,0,[],,"['60977', '60540', '51275']","[0.5352994203567505, 0.41816842555999756, 0.3803950548171997]","['title_description', 'description', 'title_description']"
三星s26ultra和s25ultra区别,['61800'],[],merged,1,0,[],,['60977'],[0.5745248794555664],['title_description']
三星s26ultra和s25ultra区别,['61800'],[],merged,3,0,[],,"['60977', '60540', '60338']","[0.5745248794555664, 0.49756312370300293, 0.4596043825149536]","['title_description', 'description', 'title_description']"
买k13s还是k12s好,['61800'],[],merged,1,0,[],,['60977'],[0.5642269849777222],['title_description']
买k13s还是k12s好,['61800'],[],merged,3,0,[],,"['60977', '5881', '60540']","[0.5642269849777222, 0.5056134462356567, 0.4749417006969452]","['title_description', 'description', 'description']"
亚麻和汉麻有什么区别,['61800'],[],merged,1,0,[],,['60977'],[0.5300978422164917],['title_description']
亚麻和汉麻有什么区别,['61800'],[],merged,3,0,[],,"['60977', '5881', '51388']","[0.5300978422164917, 0.42048901319503784, 0.41072970628738403]","['title_description', 'description', 'title_description']"
仙草和龟苓膏有什么区别,['61800'],[],merged,1,0,[],,['60977'],[0.4652535319328308],['title_description']
仙草和龟苓膏有什么区别,['61800'],[],merged,3,0,[],,"['60977', '5544', '47272']","[0.4652535319328308, 0.4107351303100586, 0.3955683410167694]","['title_description', 'description', 'title_description']"
作业帮t60和p60哪个好,['61800'],[],merged,1,0,[],,['60977'],[0.5045143365859985],['title_description']
作业帮t60和p60哪个好,['61800'],[],merged,3,0,[],,"['60977', '60540', '5544']","[0.5045143365859985, 0.4268244504928589, 0.4232639670372009]","['title_description', 'description', 'description']"
凤萝和菠萝有啥区别,['61800'],[],merged,1,0,[],,['60977'],[0.49726247787475586],['title_description']
凤萝和菠萝有啥区别,['61800'],[],merged,3,0,[],,"['60977', '51388', '60338']","[0.49726247787475586, 0.41978713870048523, 0.39662715792655945]","['title_description', 'description', 'title_description']"
华为fit4pro和fit5pro区别,['61800'],[],merged,1,0,[],,['60977'],[0.6112595796585083],['title_description']
华为fit4pro和fit5pro区别,['61800'],[],merged,3,0,[],,"['60977', '51388', '60540']","[0.6112595796585083, 0.4676329493522644, 0.4621439576148987]","['title_description', 'description', 'description']"
华为mate70pro和华为mate70对比,['61800'],[],merged,1,0,[],,['60977'],[0.5789085626602173],['title_description']
华为mate70pro和华为mate70对比,['61800'],[],merged,3,0,[],,"['60977', '60540', '5544']","[0.5789085626602173, 0.4741848111152649, 0.4446451663970947]","['title_description', 'description', 'description']"
华为mate80promax和华为pura90promax哪个好,['61800'],[],merged,1,0,[],,['60977'],[0.5328388810157776],['title_description']
华为mate80promax和华为pura90promax哪个好,['61800'],[],merged,3,0,[],,"['60977', '60540', '5544']","[0.5328388810157776, 0.4647982120513916, 0.4499383270740509]","['title_description', 'description', 'description']"
华为mate80pro和mate80对比,['61800'],[],merged,1,0,[],,['60977'],[0.6013379096984863],['title_description']
华为mate80pro和mate80对比,['61800'],[],merged,3,0,[],,"['60977', '60540', '5544']","[0.6013379096984863, 0.47276556491851807, 0.4680022895336151]","['title_description', 'description', 'description']"
华为matex5和华为mate80对比,['61800'],[],merged,1,0,[],,['60977'],[0.5324482321739197],['title_description']
华为matex5和华为mate80对比,['61800'],[],merged,3,0,[],,"['60977', '60540', '5544']","[0.5324482321739197, 0.42796969413757324, 0.4249287247657776]","['title_description', 'description', 'description']"
华为nova14pro和nova15哪个好,['61800'],[],merged,1,0,[],,['60977'],[0.5405895113945007],['title_description']
华为nova14pro和nova15哪个好,['61800'],[],merged,3,0,[],,"['60977', '60540', '61111']","[0.5405895113945007, 0.4533196687698364, 0.4510655999183655]","['title_description', 'description', 'title_description']"
华为nova15pro和14ultra有什么区别,['61800'],[],merged,1,0,[],,['60977'],[0.5782691836357117],['title_description']
华为nova15pro和14ultra有什么区别,['61800'],[],merged,3,0,[],,"['60977', '60540', '60338']","[0.5782691836357117, 0.4894326329231262, 0.4439052939414978]","['title_description', 'description', 'title_description']"
华为nova15pro和荣耀600哪个好,['61800'],[],merged,1,0,[],,['60977'],[0.5108685493469238],['title_description']
华为nova15pro和荣耀600哪个好,['61800'],[],merged,3,0,[],,"['60977', '60540', '61111']","[0.5108685493469238, 0.4613494873046875, 0.41462433338165283]","['title_description', 'description', 'title_description']"
华为nova16和mate80哪个好,['61800'],[],merged,1,0,[],,['60977'],[0.528398334980011],['title_description']
华为nova16和mate80哪个好,['61800'],[],merged,3,0,[],,"['60977', '60540', '61111']","[0.528398334980011, 0.45826631784439087, 0.4400987923145294]","['title_description', 'description', 'title_description']"
华为p70pro和p80pro的区别,['61800'],[],merged,1,0,[],,['60977'],[0.591799259185791],['title_description']
华为p70pro和p80pro的区别,['61800'],[],merged,3,0,[],,"['60977', '60540', '5544']","[0.591799259185791, 0.49152129888534546, 0.451675146818161]","['title_description', 'description', 'description']"
华为p70pro对比苹果13promax,['61800'],[],merged,1,0,[],,['60977'],[0.4400233328342438],['title_description']
华为p70pro对比苹果13promax,['61800'],[],merged,3,0,[],,"['60977', '60540', '5544']","[0.4400233328342438, 0.4085543155670166, 0.34886613488197327]","['title_description', 'description', 'title_description']"
华为p70和70pro哪个好,['61800'],[],merged,1,0,[],,['60977'],[0.5367736220359802],['title_description']
华为p70和70pro哪个好,['61800'],[],merged,3,0,[],,"['60977', '60540', '5544']","[0.5367736220359802, 0.4765622913837433, 0.433553010225296]","['title_description', 'description', 'description']"
华为purax和purax典藏版有什么区别,['61800'],[],merged,1,0,[],,['60977'],[0.6028456687927246],['title_description']
华为purax和purax典藏版有什么区别,['61800'],[],merged,3,0,[],,"['60977', '60540', '5544']","[0.6028456687927246, 0.49499085545539856, 0.48863595724105835]","['title_description', 'description', 'description']"
华为手表gt5和gt6有什么区别,['61800'],[],merged,1,0,[],,['60977'],[0.5853212475776672],['title_description']
华为手表gt5和gt6有什么区别,['61800'],[],merged,3,0,[],,"['60977', '60540', '51388']","[0.5853212475776672, 0.4606802761554718, 0.4589495062828064]","['title_description', 'description', 'description']"
华为畅享70和华为畅享80型号对比,['61800'],[],merged,1,0,[],,['60977'],[0.5919343829154968],['title_description']
华为畅享70和华为畅享80型号对比,['61800'],[],merged,3,0,[],,"['60977', '60540', '5544']","[0.5919343829154968, 0.5050405263900757, 0.4767104983329773]","['title_description', 'description', 'description']"
单包套和双包套的区别,['61800'],[],merged,1,0,[],,['60977'],[0.6168659925460815],['title_description']
单包套和双包套的区别,['61800'],[],merged,3,0,[],,"['60977', '60338', '51386']","[0.6168659925460815, 0.48901399970054626, 0.4885079860687256]","['title_description', 'title_description', 'title_description']"
南瓜和冬瓜的区别,['61800'],[],merged,1,0,[],,['60977'],[0.4922568202018738],['title_description']
南瓜和冬瓜的区别,['61800'],[],merged,3,0,[],,"['60977', '51323', '47272']","[0.4922568202018738, 0.4150690734386444, 0.396866112947464]","['title_description', 'title_description', 'title_description']"
土豆和红薯有什么区别,['61800'],[],merged,1,0,[],,['60977'],[0.4834102392196655],['title_description']
土豆和红薯有什么区别,['61800'],[],merged,3,0,[],,"['60977', '51388', '51381']","[0.4834102392196655, 0.40204572677612305, 0.3889825642108917]","['title_description', 'description', 'title_description']"
土鸡蛋和普通鸡蛋有什么区别,['61800'],[],merged,1,0,[],,['60977'],[0.4662027359008789],['title_description']
土鸡蛋和普通鸡蛋有什么区别,['61800'],[],merged,3,0,[],,"['60977', '52364', '5671']","[0.4662027359008789, 0.39013952016830444, 0.369002103805542]","['title_description', 'description', 'title_description']"
基围虾和黑虎虾哪个好,['61800'],[],merged,1,0,[],,['60977'],[0.4945099353790283],['title_description']
基围虾和黑虎虾哪个好,['61800'],[],merged,3,0,[],,"['60977', '60338', '47272']","[0.4945099353790283, 0.4717128574848175, 0.41160815954208374]","['title_description', 'description', 'title_description']"
大疆pocket和action有什么区别,['61800'],[],merged,1,0,[],,['60977'],[0.5780085325241089],['title_description']
大疆pocket和action有什么区别,['61800'],[],merged,3,0,[],,"['60977', '60540', '47198']","[0.5780085325241089, 0.4523894786834717, 0.4321972727775574]","['title_description', 'description', 'description']"
奶粉和牛奶的区别哪个更有营养,['61800'],[],merged,1,0,[],,['60977'],[0.5522622466087341],['title_description']
奶粉和牛奶的区别哪个更有营养,['61800'],[],merged,3,0,[],,"['60977', '5882', '52364']","[0.5522622466087341, 0.4461570978164673, 0.4195212125778198]","['title_description', 'description', 'description']"
富贵竹与文昌竹的区别是什么,['61800'],[],merged,1,0,[],,['60977'],[0.5057802200317383],['title_description']
富贵竹与文昌竹的区别是什么,['61800'],[],merged,3,0,[],,"['60977', '51388', '267']","[0.5057802200317383, 0.4556012749671936, 0.4424314498901367]","['title_description', 'description', 'title_description']"
小米17ultra和vivox300ultra哪个好,['61800'],[],merged,1,0,[],,['60977'],[0.5270246267318726],['title_description']
小米17ultra和vivox300ultra哪个好,['61800'],[],merged,3,0,[],,"['60977', '60540', '60338']","[0.5270246267318726, 0.47912582755088806, 0.47633999586105347]","['title_description', 'description', 'description']"
小米和大米哪个含糖量更高,['61800'],[],merged,1,0,[],,['60977'],[0.47918301820755005],['title_description']
小米和大米哪个含糖量更高,['61800'],[],merged,3,0,[],,"['60977', '60338', '5544']","[0.47918301820755005, 0.4517579674720764, 0.4477335214614868]","['title_description', 'description', 'description']"
小米建议买t200还是t300,['61800'],[],merged,1,0,[],,['60977'],[0.5323045253753662],['title_description']
小米建议买t200还是t300,['61800'],[],merged,3,0,[],,"['60977', '60540', '60338']","[0.5323045253753662, 0.47958144545555115, 0.462108314037323]","['title_description', 'description', 'description']"
小苏打和食用碱有什么区别,['61800'],[],merged,1,0,[],,['60977'],[0.495802640914917],['title_description']
小苏打和食用碱有什么区别,['61800'],[],merged,3,0,[],,"['60977', '47272', '5544']","[0.495802640914917, 0.40906429290771484, 0.4078405201435089]","['title_description', 'title_description', 'description']"
小麦与燕麦的区别,['61800'],[],merged,1,0,[],,['60977'],[0.5081607699394226],['title_description']
小麦与燕麦的区别,['61800'],[],merged,3,0,[],,"['60977', '51388', '51323']","[0.5081607699394226, 0.4235743582248688, 0.41592246294021606]","['title_description', 'title_description', 'title_description']"
平板和电脑的区别有哪些,['61800'],[],merged,1,0,[],,['60977'],[0.6137875318527222],['title_description']
平板和电脑的区别有哪些,['61800'],[],merged,3,0,[],,"['60977', '60540', '52364']","[0.6137875318527222, 0.5032100081443787, 0.4543730318546295]","['title_description', 'description', 'description']"
怀山药和山药的区别有哪些,['61800'],[],merged,1,0,[],,['60977'],[0.4732705354690552],['title_description']
怀山药和山药的区别有哪些,['61800'],[],merged,3,0,[],,"['60977', '47272', '51388']","[0.4732705354690552, 0.39818185567855835, 0.3974440395832062]","['title_description', 'title_description', 'description']"
悦刻五代和六代有什么区别,['61800'],[],merged,1,0,[],,['60977'],[0.5768448114395142],['title_description']
悦刻五代和六代有什么区别,['61800'],[],merged,3,1,['61800'],2.0,"['60977', '61800', '51388']","[0.5768448114395142, 0.45813727378845215, 0.4545942544937134]","['title_description', 'title_description', 'description']"
是不锈钢锅好还是铁锅好,['61800'],[],merged,1,0,[],,['60977'],[0.45934295654296875],['title_description']
是不锈钢锅好还是铁锅好,['61800'],[],merged,3,0,[],,"['60977', '47272', '5881']","[0.45934295654296875, 0.40599048137664795, 0.3980509638786316]","['title_description', 'title_description', 'description']"
杏和桃哪个营养价值更高,['61800'],[],merged,1,0,[],,['60977'],[0.5520905256271362],['title_description']
杏和桃哪个营养价值更高,['61800'],[],merged,3,0,[],,"['60977', '5544', '52364']","[0.5520905256271362, 0.461884468793869, 0.45490992069244385]","['title_description', 'description', 'description']"
松木和橡胶木的区别哪个更好,['61800'],[],merged,1,0,[],,['60977'],[0.5305074453353882],['title_description']
松木和橡胶木的区别哪个更好,['61800'],[],merged,3,0,[],,"['60977', '5881', '60338']","[0.5305074453353882, 0.44630953669548035, 0.43906164169311523]","['title_description', 'description', 'title_description']"
染料和颜料的区别是什么,['61800'],[],merged,1,0,[],,['60977'],[0.5041242241859436],['title_description']
染料和颜料的区别是什么,['61800'],[],merged,3,0,[],,"['60977', '51388', '5544']","[0.5041242241859436, 0.4328792691230774, 0.43278753757476807]","['title_description', 'title_description', 'description']"
棉和纯棉哪个好,['61800'],[],merged,1,0,[],,['60977'],[0.5334109663963318],['title_description']
棉和纯棉哪个好,['61800'],[],merged,3,0,[],,"['60977', '5881', '51388']","[0.5334109663963318, 0.4138897657394409, 0.41356125473976135]","['title_description', 'description', 'description']"
棉麻和亚麻的区别哪个更好,['61800'],[],merged,1,0,[],,['60977'],[0.5286887884140015],['title_description']
棉麻和亚麻的区别哪个更好,['61800'],[],merged,3,0,[],,"['60977', '5881', '5882']","[0.5286887884140015, 0.43568652868270874, 0.4104703664779663]","['title_description', 'description', 'description']"
檀香和沉香的区别是什么,['61800'],[],merged,1,0,[],,['60977'],[0.46838340163230896],['title_description']
檀香和沉香的区别是什么,['61800'],[],merged,3,1,['61800'],2.0,"['60977', '61800', '5544']","[0.46838340163230896, 0.40266045928001404, 0.3982276916503906]","['title_description', 'description', 'description']"
汉服和和服有什么区别,['61800'],[],merged,1,0,[],,['60977'],[0.44516944885253906],['title_description']
汉服和和服有什么区别,['61800'],[],merged,3,0,[],,"['60977', '51381', '51388']","[0.44516944885253906, 0.40187549591064453, 0.40111804008483887]","['title_description', 'title_description', 'description']"
洗发水和沐浴露有什么区别,['61800'],[],merged,1,0,[],,['60977'],[0.551414430141449],['title_description']
洗发水和沐浴露有什么区别,['61800'],[],merged,3,0,[],,"['60977', '5882', '5881']","[0.551414430141449, 0.4374372959136963, 0.41681331396102905]","['title_description', 'description', 'description']"
海虾和淡水虾哪个营养价值高,['61800'],[],merged,1,0,[],,['60977'],[0.46979084610939026],['title_description']
海虾和淡水虾哪个营养价值高,['61800'],[],merged,3,0,[],,"['60977', '47272', '60338']","[0.46979084610939026, 0.44326916337013245, 0.4413089156150818]","['title_description', 'title_description', 'description']"
烤箱和微波炉的区别,['61800'],[],merged,1,0,[],,['60977'],[0.549444317817688],['title_description']
烤箱和微波炉的区别,['61800'],[],merged,3,0,[],,"['60977', '5881', '47272']","[0.549444317817688, 0.47023066878318787, 0.4270876944065094]","['title_description', 'description', 'title_description']"
爱情果和百香果有什么区别,['61800'],[],merged,1,0,[],,['60977'],[0.5088565349578857],['title_description']
爱情果和百香果有什么区别,['61800'],[],merged,3,0,[],,"['60977', '5544', '51388']","[0.5088565349578857, 0.423198938369751, 0.4137120246887207]","['title_description', 'description', 'title_description']"
猪肉和牛肉的区别,['61800'],[],merged,1,0,[],,['60977'],[0.5283107757568359],['title_description']
猪肉和牛肉的区别,['61800'],[],merged,3,0,[],,"['60977', '51388', '51386']","[0.5283107757568359, 0.4480895400047302, 0.41763925552368164]","['title_description', 'description', 'title_description']"
猫山王和金枕榴莲哪个好吃,['61800'],[],merged,1,0,[],,['60977'],[0.44474080204963684],['title_description']
猫山王和金枕榴莲哪个好吃,['61800'],[],merged,3,0,[],,"['60977', '47272', '5881']","[0.44474080204963684, 0.41025853157043457, 0.38929203152656555]","['title_description', 'title_description', 'description']"
玉石与翡翠的区别,['61800'],[],merged,1,0,[],,['60977'],[0.5028129816055298],['title_description']
玉石与翡翠的区别,['61800'],[],merged,3,0,[],,"['60977', '51388', '51386']","[0.5028129816055298, 0.4437001943588257, 0.4177219271659851]","['title_description', 'title_description', 'title_description']"
玫瑰与月季花的区别有哪些,['61800'],[],merged,1,0,[],,['60977'],[0.4988783001899719],['title_description']
玫瑰与月季花的区别有哪些,['61800'],[],merged,3,0,[],,"['60977', '5601', '51388']","[0.4988783001899719, 0.42535239458084106, 0.42340901494026184]","['title_description', 'title_description', 'title_description']"
瓷和陶瓷哪个好一些,['61800'],[],merged,1,0,[],,['60977'],[0.5331327319145203],['title_description']
瓷和陶瓷哪个好一些,['61800'],[],merged,3,0,[],,"['60977', '5544', '5881']","[0.5331327319145203, 0.4384462833404541, 0.43610185384750366]","['title_description', 'description', 'description']"
生粉淀粉有什么区别,['61800'],[],merged,1,0,[],,['60977'],[0.4503144919872284],['title_description']
生粉淀粉有什么区别,['61800'],[],merged,3,0,[],,"['60977', '51388', '51381']","[0.4503144919872284, 0.41733622550964355, 0.40167081356048584]","['title_description', 'description', 'title_description']"
白糖和红糖的区别是什么,['61800'],[],merged,1,0,[],,['60977'],[0.485345721244812],['title_description']
白糖和红糖的区别是什么,['61800'],[],merged,3,0,[],,"['60977', '5544', '51388']","[0.485345721244812, 0.43339914083480835, 0.41337651014328003]","['title_description', 'description', 'title_description']"
白酒和啤酒有什么区别,['61800'],[],merged,1,0,[],,['60977'],[0.5213171243667603],['title_description']
白酒和啤酒有什么区别,['61800'],[],merged,3,0,[],,"['60977', '51388', '50192']","[0.5213171243667603, 0.4043228030204773, 0.4022284746170044]","['title_description', 'description', 'title_description']"
真我gt8pro和真我neo8对比,['61800'],[],merged,1,0,[],,['60977'],[0.5347690582275391],['title_description']
真我gt8pro和真我neo8对比,['61800'],[],merged,3,0,[],,"['60977', '60540', '51590']","[0.5347690582275391, 0.43664824962615967, 0.4104703664779663]","['title_description', 'description', 'title_description']"
空调和风扇哪个更好,['61800'],[],merged,1,0,[],,['60977'],[0.526704728603363],['title_description']
空调和风扇哪个更好,['61800'],[],merged,3,0,[],,"['60977', '5881', '5544']","[0.526704728603363, 0.47639793157577515, 0.41642117500305176]","['title_description', 'description', 'description']"
竺麻亚麻有什么区别,['61800'],[],merged,1,0,[],,['60977'],[0.49912339448928833],['title_description']
竺麻亚麻有什么区别,['61800'],[],merged,3,0,[],,"['60977', '5544', '51323']","[0.49912339448928833, 0.4051457345485687, 0.40051424503326416]","['title_description', 'description', 'title_description']"
米兔7a和7x哪个更值得买,['61800'],[],merged,1,0,[],,['60977'],[0.5373533964157104],['title_description']
米兔7a和7x哪个更值得买,['61800'],[],merged,3,0,[],,"['60977', '60338', '60540']","[0.5373533964157104, 0.4927424490451813, 0.44329458475112915]","['title_description', 'description', 'description']"
粉霜和粉底液的区别,['61800'],[],merged,1,0,[],,['60977'],[0.5248987078666687],['title_description']
粉霜和粉底液的区别,['61800'],[],merged,3,0,[],,"['60977', '5882', '60338']","[0.5248987078666687, 0.43618547916412354, 0.41196489334106445]","['title_description', 'description', 'title_description']"
糯米与大米的区别,['61800'],[],merged,1,0,[],,['60977'],[0.48372215032577515],['title_description']
糯米与大米的区别,['61800'],[],merged,3,0,[],,"['60977', '51388', '51323']","[0.48372215032577515, 0.42149636149406433, 0.4147460460662842]","['title_description', 'description', 'description']"
紫甘蓝和卷心菜有什么区别,['61800'],[],merged,1,0,[],,['60977'],[0.5101903080940247],['title_description']
紫甘蓝和卷心菜有什么区别,['61800'],[],merged,3,0,[],,"['60977', '5544', '51388']","[0.5101903080940247, 0.405650794506073, 0.38997483253479004]","['title_description', 'description', 'description']"
紫皮石斛和铁皮石斛哪个好,['61800'],[],merged,1,0,[],,['60977'],[0.4808182120323181],['title_description']
紫皮石斛和铁皮石斛哪个好,['61800'],[],merged,3,0,[],,"['60977', '5544', '60338']","[0.4808182120323181, 0.4296906590461731, 0.39384061098098755]","['title_description', 'description', 'title_description']"
红米k90和红米k80至尊版对比,['61800'],[],merged,1,0,[],,['60977'],[0.5417497158050537],['title_description']
红米k90和红米k80至尊版对比,['61800'],[],merged,3,0,[],,"['60977', '5881', '60540']","[0.5417497158050537, 0.45043015480041504, 0.4494050145149231]","['title_description', 'description', 'description']"
红米note14pro和红米note15pro型号对比,['61800'],[],merged,1,0,[],,['60977'],[0.565143346786499],['title_description']
红米note14pro和红米note15pro型号对比,['61800'],[],merged,3,0,[],,"['60977', '60540', '60338']","[0.565143346786499, 0.4601653814315796, 0.43088430166244507]","['title_description', 'description', 'description']"
红米turbo5max和红米k80哪个好,['61800'],[],merged,1,0,[],,['60977'],[0.512175977230072],['title_description']
红米turbo5max和红米k80哪个好,['61800'],[],merged,3,0,[],,"['60977', '60540', '47190']","[0.512175977230072, 0.43970292806625366, 0.41811585426330566]","['title_description', 'description', 'title_description']"
红莲子和白莲子的功效有什么区别,['61800'],[],merged,1,0,[],,['60977'],[0.4582816958427429],['title_description']
红莲子和白莲子的功效有什么区别,['61800'],[],merged,3,0,[],,"['60977', '51388', '47272']","[0.4582816958427429, 0.38212138414382935, 0.3771762251853943]","['title_description', 'title_description', 'title_description']"
纯净水和矿泉水有什么区别哪个好,['61800'],[],merged,1,0,[],,['60977'],[0.4878951907157898],['title_description']
纯净水和矿泉水有什么区别哪个好,['61800'],[],merged,3,0,[],,"['60977', '5881', '5544']","[0.4878951907157898, 0.4236299991607666, 0.39655521512031555]","['title_description', 'description', 'description']"
绿茶与红茶的区别,['61800'],[],merged,1,0,[],,['60977'],[0.5299119353294373],['title_description']
绿茶与红茶的区别,['61800'],[],merged,3,0,[],,"['60977', '5544', '52524']","[0.5299119353294373, 0.49198949337005615, 0.4264724850654602]","['title_description', 'description', 'description']"
翡翠和和田玉哪个好一些,['61800'],[],merged,1,0,[],,['60977'],[0.5312158465385437],['title_description']
翡翠和和田玉哪个好一些,['61800'],[],merged,3,0,[],,"['60977', '51388', '5671']","[0.5312158465385437, 0.44405943155288696, 0.4435970187187195]","['title_description', 'description', 'title_description']"
联想小新pro14和pro16哪个好,['61800'],[],merged,1,0,[],,['60977'],[0.5213862061500549],['title_description']
联想小新pro14和pro16哪个好,['61800'],[],merged,3,0,[],,"['60977', '60540', '52364']","[0.5213862061500549, 0.4345787763595581, 0.41761675477027893]","['title_description', 'description', 'description']"
胎菊好还是菊花好,['61800'],[],merged,1,0,[],,['60977'],[0.4727957248687744],['title_description']
胎菊好还是菊花好,['61800'],[],merged,3,0,[],,"['60977', '5544', '61111']","[0.4727957248687744, 0.44593483209609985, 0.4007057547569275]","['title_description', 'description', 'title_description']"
臻爱倍护和星飞帆哪个好一点,['61800'],[],merged,1,0,[],,['60977'],[0.5418078303337097],['title_description']
臻爱倍护和星飞帆哪个好一点,['61800'],[],merged,3,0,[],,"['60977', '5882', '5881']","[0.5418078303337097, 0.48587918281555176, 0.4714714288711548]","['title_description', 'description', 'description']"
花椒和青椒的区别,['61800'],[],merged,1,0,[],,['60977'],[0.43487420678138733],['title_description']
花椒和青椒的区别,['61800'],[],merged,3,0,[],,"['60977', '47272', '5544']","[0.43487420678138733, 0.4011749029159546, 0.38051843643188477]","['title_description', 'title_description', 'description']"
苹果13pro苹果13promax区别,['61800'],[],merged,1,0,[],,['60977'],[0.6326683163642883],['title_description']
苹果13pro苹果13promax区别,['61800'],[],merged,3,0,[],,"['60977', '60540', '5544']","[0.6326683163642883, 0.5213919281959534, 0.4580017924308777]","['title_description', 'description', 'description']"
苹果16和苹果16pro的尺寸,['61800'],[],merged,1,0,[],,['60977'],[0.5307812094688416],['title_description']
苹果16和苹果16pro的尺寸,['61800'],[],merged,3,0,[],,"['60977', '60540', '5012']","[0.5307812094688416, 0.47557568550109863, 0.45040202140808105]","['title_description', 'description', 'description']"
苹果17promax和苹果16promax对比,['61800'],[],merged,1,0,[],,['60977'],[0.5622873306274414],['title_description']
苹果17promax和苹果16promax对比,['61800'],[],merged,3,0,[],,"['60977', '60540', '5544']","[0.5622873306274414, 0.4562629759311676, 0.41988953948020935]","['title_description', 'description', 'description']"
苹果17pro和华为mate80哪个好,['61800'],[],merged,1,0,[],,['60977'],[0.5261921286582947],['title_description']
苹果17pro和华为mate80哪个好,['61800'],[],merged,3,0,[],,"['60977', '60540', '60338']","[0.5261921286582947, 0.478343665599823, 0.4188292920589447]","['title_description', 'description', 'description']"
苹果17和16pro区别,['61800'],[],merged,1,0,[],,['60977'],[0.584932267665863],['title_description']
苹果17和16pro区别,['61800'],[],merged,3,0,[],,"['60977', '60540', '60338']","[0.584932267665863, 0.4854722023010254, 0.4381554126739502]","['title_description', 'description', 'description']"
苹果iphone15和苹果iphone14对比,['61800'],[],merged,1,0,[],,['60977'],[0.5513334274291992],['title_description']
苹果iphone15和苹果iphone14对比,['61800'],[],merged,3,0,[],,"['60977', '60540', '5012']","[0.5513334274291992, 0.47214025259017944, 0.4225960373878479]","['title_description', 'description', 'description']"
苹果iphone17air和苹果iphone17对比,['61800'],[],merged,1,0,[],,['60977'],[0.5164825916290283],['title_description']
苹果iphone17air和苹果iphone17对比,['61800'],[],merged,3,0,[],,"['60977', '60540', '60338']","[0.5164825916290283, 0.45414263010025024, 0.40998250246047974]","['title_description', 'description', 'description']"
苹果焦和香蕉有什么区别,['61800'],[],merged,1,0,[],,['60977'],[0.5369827747344971],['title_description']
苹果焦和香蕉有什么区别,['61800'],[],merged,3,0,[],,"['60977', '51388', '60540']","[0.5369827747344971, 0.42676079273223877, 0.42586231231689453]","['title_description', 'description', 'description']"
茶烟和香烟哪个危害大,['61800'],[],merged,1,1,['61800'],1.0,['61800'],[0.5530945062637329],['title_description']
茶烟和香烟哪个危害大,['61800'],[],merged,3,1,['61800'],1.0,"['61800', '60977', '5544']","[0.5530945062637329, 0.5133558511734009, 0.4360451102256775]","['title_description', 'title_description', 'description']"
荣耀600pro和荣耀500pro对比,['61800'],[],merged,1,0,[],,['60977'],[0.5628852844238281],['title_description']
荣耀600pro和荣耀500pro对比,['61800'],[],merged,3,0,[],,"['60977', '60540', '47272']","[0.5628852844238281, 0.46503645181655884, 0.41979604959487915]","['title_description', 'description', 'title_description']"
荣耀x70和荣耀x80promax对比,['61800'],[],merged,1,0,[],,['60977'],[0.533547043800354],['title_description']
荣耀x70和荣耀x80promax对比,['61800'],[],merged,3,0,[],,"['60977', '60540', '60338']","[0.533547043800354, 0.44748204946517944, 0.44085460901260376]","['title_description', 'description', 'description']"
荣耀x80和vivoy600pro哪个好,['61800'],[],merged,1,0,[],,['60977'],[0.5277685523033142],['title_description']
荣耀x80和vivoy600pro哪个好,['61800'],[],merged,3,0,[],,"['60977', '60540', '60338']","[0.5277685523033142, 0.4729865789413452, 0.45492643117904663]","['title_description', 'description', 'description']"
荷花和莲花的区别是什么,['61800'],[],merged,1,0,[],,['60977'],[0.476218581199646],['title_description']
荷花和莲花的区别是什么,['61800'],[],merged,3,0,[],,"['60977', '51388', '47272']","[0.476218581199646, 0.4366188943386078, 0.4259599447250366]","['title_description', 'title_description', 'title_description']"
菜籽油还是橄榄油好,['61800'],[],merged,1,0,[],,['60977'],[0.486150324344635],['title_description']
菜籽油还是橄榄油好,['61800'],[],merged,3,0,[],,"['60977', '47272', '5881']","[0.486150324344635, 0.4282189905643463, 0.4133967161178589]","['title_description', 'title_description', 'description']"
菠萝与凤梨的区别是,['61800'],[],merged,1,0,[],,['60977'],[0.5057255625724792],['title_description']
菠萝与凤梨的区别是,['61800'],[],merged,3,0,[],,"['60977', '51388', '51386']","[0.5057255625724792, 0.44184088706970215, 0.4087722897529602]","['title_description', 'description', 'title_description']"
薄荷与霍香有何区别,['61800'],[],merged,1,0,[],,['60977'],[0.48823797702789307],['title_description']
薄荷与霍香有何区别,['61800'],[],merged,3,0,[],,"['60977', '5544', '47272']","[0.48823797702789307, 0.43624305725097656, 0.4220118820667267]","['title_description', 'description', 'title_description']"
藻油和鱼油有什么区别,['61800'],[],merged,1,0,[],,['60977'],[0.5425876379013062],['title_description']
藻油和鱼油有什么区别,['61800'],[],merged,3,0,[],,"['60977', '47272', '23']","[0.5425876379013062, 0.4580475687980652, 0.42198070883750916]","['title_description', 'title_description', 'title_description']"
蚕丝与桑蚕丝的区别是什么,['61800'],[],merged,1,0,[],,['60977'],[0.5145320892333984],['title_description']
蚕丝与桑蚕丝的区别是什么,['61800'],[],merged,3,0,[],,"['60977', '51388', '51381']","[0.5145320892333984, 0.4398367404937744, 0.41050487756729126]","['title_description', 'description', 'title_description']"
软玉和硬玉哪个好,['61800'],[],merged,1,0,[],,['60977'],[0.4865826368331909],['title_description']
软玉和硬玉哪个好,['61800'],[],merged,3,0,[],,"['60977', '5544', '51388']","[0.4865826368331909, 0.4247382581233978, 0.4154164791107178]","['title_description', 'description', 'description']"
金枕榴莲和干尧有什么区别,['61800'],[],merged,1,0,[],,['60977'],[0.5006147623062134],['title_description']
金枕榴莲和干尧有什么区别,['61800'],[],merged,3,0,[],,"['60977', '51590', '47272']","[0.5006147623062134, 0.42598187923431396, 0.4109363257884979]","['title_description', 'description', 'title_description']"
银和白金的区别,['61800'],[],merged,1,0,[],,['51590'],[0.6239922046661377],['title_description']
银和白金的区别,['61800'],[],merged,3,0,[],,"['51590', '60977', '51088']","[0.6239922046661377, 0.5683208703994751, 0.5452117323875427]","['title_description', 'title_description', 'description']"
锂电池和铅电池的区别是什么,['61800'],[],merged,1,0,[],,['60977'],[0.5449548959732056],['title_description']
锂电池和铅电池的区别是什么,['61800'],[],merged,3,0,[],,"['60977', '60540', '5271']","[0.5449548959732056, 0.4457687437534332, 0.4284915626049042]","['title_description', 'description', 'description']"
香蕉和芭蕉的区别,['61800'],[],merged,1,0,[],,['60977'],[0.49489203095436096],['title_description']
香蕉和芭蕉的区别,['61800'],[],merged,3,0,[],,"['60977', '51388', '51386']","[0.49489203095436096, 0.4475858807563782, 0.40323787927627563]","['title_description', 'title_description', 'title_description']"
骁龙7和骁龙8哪个好,['61800'],[],merged,1,0,[],,['60977'],[0.5388263463973999],['title_description']
骁龙7和骁龙8哪个好,['61800'],[],merged,3,0,[],,"['60977', '60338', '60540']","[0.5388263463973999, 0.4640233516693115, 0.4574047327041626]","['title_description', 'title_description', 'description']"
骁龙8至尊版和天玑9500哪个更好一点,['61800'],[],merged,1,0,[],,['60977'],[0.5318266749382019],['title_description']
骁龙8至尊版和天玑9500哪个更好一点,['61800'],[],merged,3,0,[],,"['60977', '60540', '60338']","[0.5318266749382019, 0.4890994131565094, 0.47764402627944946]","['title_description', 'description', 'title_description']"
高压锅和电饭煲哪个更实用,['61800'],[],merged,1,0,[],,['60977'],[0.5075036883354187],['title_description']
高压锅和电饭煲哪个更实用,['61800'],[],merged,3,0,[],,"['60977', '5881', '47272']","[0.5075036883354187, 0.4771217703819275, 0.4463096261024475]","['title_description', 'description', 'title_description']"
高筋面粉和低筋面粉哪个好,['61800'],[],merged,1,0,[],,['60977'],[0.5050554871559143],['title_description']
高筋面粉和低筋面粉哪个好,['61800'],[],merged,3,0,[],,"['60977', '5881', '5544']","[0.5050554871559143, 0.4314124882221222, 0.42603081464767456]","['title_description', 'description', 'description']"
鲈鱼与鲑鱼区别,['61800'],[],merged,1,0,[],,['60977'],[0.5037266612052917],['title_description']
鲈鱼与鲑鱼区别,['61800'],[],merged,3,0,[],,"['60977', '51388', '47272']","[0.5037266612052917, 0.42046642303466797, 0.4116394519805908]","['title_description', 'description', 'title_description']"
鸡蛋和鸭蛋相比哪个更有营养,['61800'],[],merged,1,0,[],,['60977'],[0.5212537050247192],['title_description']
鸡蛋和鸭蛋相比哪个更有营养,['61800'],[],merged,3,0,[],,"['60977', '52364', '61111']","[0.5212537050247192, 0.4329468011856079, 0.41599369049072266]","['title_description', 'description', 'title_description']"
鸭和鹅的区别,['61800'],[],merged,1,0,[],,['60977'],[0.4934695363044739],['title_description']
鸭和鹅的区别,['61800'],[],merged,3,0,[],,"['60977', '51388', '51381']","[0.4934695363044739, 0.4228195548057556, 0.406946063041687]","['title_description', 'title_description', 'title_description']"
麒麟8000和麒麟9000哪个好,['61800'],[],merged,1,0,[],,['60977'],[0.5269491672515869],['title_description']
麒麟8000和麒麟9000哪个好,['61800'],[],merged,3,0,[],,"['60977', '60540', '47242']","[0.5269491672515869, 0.45922601222991943, 0.4426456093788147]","['title_description', 'description', 'title_description']"
黑花生和红花生有什么区别,['61800'],[],merged,1,0,[],,['60977'],[0.48900389671325684],['title_description']
黑花生和红花生有什么区别,['61800'],[],merged,3,0,[],,"['60977', '5544', '51388']","[0.48900389671325684, 0.41995492577552795, 0.3993435502052307]","['title_description', 'description', 'title_description']"
黑豆与黄豆的区别是什么,['61800'],[],merged,1,0,[],,['60977'],[0.5058740377426147],['title_description']
黑豆与黄豆的区别是什么,['61800'],[],merged,3,0,[],,"['60977', '51388', '51381']","[0.5058740377426147, 0.4216560125350952, 0.40337687730789185]","['title_description', 'description', 'title_description']"
304还是316不锈钢哪个好,['61800'],[],title_description,1,0,[],,['60977'],[0.47447773814201355],['title_description']
304还是316不锈钢哪个好,['61800'],[],title_description,3,0,[],,"['60977', '5881', '60338']","[0.47447773814201355, 0.4175598621368408, 0.41428154706954956]","['title_description', 'title_description', 'title_description']"
5060和3060差距,['61800'],[],title_description,1,0,[],,['60977'],[0.622349202632904],['title_description']
5060和3060差距,['61800'],[],title_description,3,0,[],,"['60977', '60338', '51044']","[0.622349202632904, 0.5212993621826172, 0.48220494389533997]","['title_description', 'title_description', 'title_description']"
9600x与9700x,['61800'],[],title_description,1,0,[],,['60977'],[0.5561888813972473],['title_description']
9600x与9700x,['61800'],[],title_description,3,0,[],,"['60977', '4526', '60338']","[0.5561888813972473, 0.4503093957901001, 0.44182801246643066]","['title_description', 'title_description', 'title_description']"
core7和i7区别,['61800'],[],title_description,1,0,[],,['60977'],[0.5835081934928894],['title_description']
core7和i7区别,['61800'],[],title_description,3,0,[],,"['60977', '60338', '51388']","[0.5835081934928894, 0.4503123164176941, 0.44765645265579224]","['title_description', 'title_description', 'title_description']"
iphone 17 pro max和17 pro区别,['61800'],[],title_description,1,0,[],,['60977'],[0.570254921913147],['title_description']
iphone 17 pro max和17 pro区别,['61800'],[],title_description,3,0,[],,"['60977', '60540', '60338']","[0.570254921913147, 0.44739219546318054, 0.42130470275878906]","['title_description', 'title_description', 'title_description']"
iqoo13和iqoo15,['61800'],[],title_description,1,0,[],,['60977'],[0.5919004678726196],['title_description']
iqoo13和iqoo15,['61800'],[],title_description,3,0,[],,"['60977', '47272', '61111']","[0.5919004678726196, 0.4683115482330322, 0.4616791605949402]","['title_description', 'title_description', 'title_description']"
iqoo16和iqoo15有什么区别,['61800'],[],title_description,1,0,[],,['60977'],[0.6036311388015747],['title_description']
iqoo16和iqoo15有什么区别,['61800'],[],title_description,3,0,[],,"['60977', '60338', '47272']","[0.6036311388015747, 0.4463239312171936, 0.44242411851882935]","['title_description', 'title_description', 'title_description']"
iqooneo10和iqooneo11对比,['61800'],[],title_description,1,0,[],,['60977'],[0.5914918184280396],['title_description']
iqooneo10和iqooneo11对比,['61800'],[],title_description,3,0,[],,"['60977', '60338', '60540']","[0.5914918184280396, 0.41907191276550293, 0.4149160385131836]","['title_description', 'title_description', 'title_description']"
iqooz11和iqooz10turbo对比,['61800'],[],title_description,1,0,[],,['60977'],[0.5710712671279907],['title_description']
iqooz11和iqooz10turbo对比,['61800'],[],title_description,3,0,[],,"['60977', '47272', '60338']","[0.5710712671279907, 0.43364307284355164, 0.42895054817199707]","['title_description', 'title_description', 'title_description']"
k90max和k90promax,['61800'],[],title_description,1,0,[],,['60977'],[0.5560557842254639],['title_description']
k90max和k90promax,['61800'],[],title_description,3,0,[],,"['60977', '5881', '47242']","[0.5560557842254639, 0.4309147596359253, 0.4302310645580292]","['title_description', 'title_description', 'title_description']"
nova9和小米10哪个好,['61800'],[],title_description,1,0,[],,['60977'],[0.5405154824256897],['title_description']
nova9和小米10哪个好,['61800'],[],title_description,3,0,[],,"['60977', '61111', '5601']","[0.5405154824256897, 0.4846026301383972, 0.45985156297683716]","['title_description', 'title_description', 'title_description']"
oppoa6和oppoa6pro对比,['61800'],[],title_description,1,0,[],,['60977'],[0.6046461462974548],['title_description']
oppoa6和oppoa6pro对比,['61800'],[],title_description,3,0,[],,"['60977', '60338', '60540']","[0.6046461462974548, 0.44617003202438354, 0.4225296974182129]","['title_description', 'title_description', 'title_description']"
oppofindx8和opporeno15哪个好,['61800'],[],title_description,1,0,[],,['60977'],[0.5479962229728699],['title_description']
oppofindx8和opporeno15哪个好,['61800'],[],title_description,3,0,[],,"['60977', '61111', '60338']","[0.5479962229728699, 0.4125390946865082, 0.4122045338153839]","['title_description', 'title_description', 'title_description']"
oppofindx9pro和oppofindx9对比,['61800'],[],title_description,1,0,[],,['60977'],[0.580371618270874],['title_description']
oppofindx9pro和oppofindx9对比,['61800'],[],title_description,3,0,[],,"['60977', '60338', '50354']","[0.580371618270874, 0.4373199939727783, 0.4368601143360138]","['title_description', 'title_description', 'title_description']"
oppok13turbopro和oppok13turbo对比,['61800'],[],title_description,1,0,[],,['60977'],[0.5878455638885498],['title_description']
oppok13turbopro和oppok13turbo对比,['61800'],[],title_description,3,0,[],,"['60977', '47242', '60338']","[0.5878455638885498, 0.41860610246658325, 0.416537880897522]","['title_description', 'title_description', 'title_description']"
opporeno15pro和reno16对比,['61800'],[],title_description,1,0,[],,['60977'],[0.5484821796417236],['title_description']
opporeno15pro和reno16对比,['61800'],[],title_description,3,0,[],,"['60977', '60338', '60540']","[0.5484821796417236, 0.39222252368927, 0.38867074251174927]","['title_description', 'title_description', 'title_description']"
oppox9pro和oppox9的区别,['61800'],[],title_description,1,0,[],,['60977'],[0.6157465577125549],['title_description']
oppox9pro和oppox9的区别,['61800'],[],title_description,3,0,[],,"['60977', '60338', '51388']","[0.6157465577125549, 0.4709477424621582, 0.4488157629966736]","['title_description', 'title_description', 'title_description']"
pocket3和pocket4的区别,['61800'],[],title_description,1,0,[],,['60977'],[0.6298635005950928],['title_description']
pocket3和pocket4的区别,['61800'],[],title_description,3,0,[],,"['60977', '51388', '60338']","[0.6298635005950928, 0.4707086682319641, 0.46489548683166504]","['title_description', 'title_description', 'title_description']"
pu鞋底和橡胶鞋底哪个好,['61800'],[],title_description,1,0,[],,['60977'],[0.4852701425552368],['title_description']
pu鞋底和橡胶鞋底哪个好,['61800'],[],title_description,3,0,[],,"['60977', '60338', '5544']","[0.4852701425552368, 0.4699348211288452, 0.40047982335090637]","['title_description', 'title_description', 'title_description']"
vivox100s和vivox100pro哪个好,['61800'],[],title_description,1,0,[],,['60977'],[0.5773109793663025],['title_description']
vivox100s和vivox100pro哪个好,['61800'],[],title_description,3,0,[],,"['60977', '60338', '60540']","[0.5773109793663025, 0.4694097340106964, 0.4330417513847351]","['title_description', 'title_description', 'title_description']"
vivox300和x200s哪个好,['61800'],[],title_description,1,0,[],,['60977'],[0.5709457993507385],['title_description']
vivox300和x200s哪个好,['61800'],[],title_description,3,0,[],,"['60977', '60338', '4526']","[0.5709457993507385, 0.4732629656791687, 0.46093636751174927]","['title_description', 'title_description', 'title_description']"
vivoy600pro和iqooz11哪个好,['61800'],[],title_description,1,0,[],,['60977'],[0.5416523814201355],['title_description']
vivoy600pro和iqooz11哪个好,['61800'],[],title_description,3,0,[],,"['60977', '60338', '47272']","[0.5416523814201355, 0.4214717745780945, 0.4129226505756378]","['title_description', 'title_description', 'title_description']"
一加ace5和一加ace5至尊版对比,['61800'],[],title_description,1,0,[],,['60977'],[0.5406233668327332],['title_description']
一加ace5和一加ace5至尊版对比,['61800'],[],title_description,3,0,[],,"['60977', '60338', '60540']","[0.5406233668327332, 0.4119853973388672, 0.39671847224235535]","['title_description', 'title_description', 'title_description']"
一加ace6t对比一加ace6,['61800'],[],title_description,1,0,[],,['60977'],[0.5352994203567505],['title_description']
一加ace6t对比一加ace6,['61800'],[],title_description,3,0,[],,"['60977', '51275', '60540']","[0.5352994203567505, 0.3803950548171997, 0.37381190061569214]","['title_description', 'title_description', 'title_description']"
三星s26ultra和s25ultra区别,['61800'],[],title_description,1,0,[],,['60977'],[0.5745248794555664],['title_description']
三星s26ultra和s25ultra区别,['61800'],[],title_description,3,0,[],,"['60977', '60338', '60540']","[0.5745248794555664, 0.4596043825149536, 0.4524989724159241]","['title_description', 'title_description', 'title_description']"
买k13s还是k12s好,['61800'],[],title_description,1,0,[],,['60977'],[0.5642269849777222],['title_description']
买k13s还是k12s好,['61800'],[],title_description,3,0,[],,"['60977', '5881', '60338']","[0.5642269849777222, 0.46172118186950684, 0.45525604486465454]","['title_description', 'title_description', 'title_description']"
亚麻和汉麻有什么区别,['61800'],[],title_description,1,0,[],,['60977'],[0.5300978422164917],['title_description']
亚麻和汉麻有什么区别,['61800'],[],title_description,3,0,[],,"['60977', '51388', '51323']","[0.5300978422164917, 0.41072970628738403, 0.406971275806427]","['title_description', 'title_description', 'title_description']"
仙草和龟苓膏有什么区别,['61800'],[],title_description,1,0,[],,['60977'],[0.4652535319328308],['title_description']
仙草和龟苓膏有什么区别,['61800'],[],title_description,3,0,[],,"['60977', '47272', '5544']","[0.4652535319328308, 0.3955683410167694, 0.391600102186203]","['title_description', 'title_description', 'title_description']"
作业帮t60和p60哪个好,['61800'],[],title_description,1,0,[],,['60977'],[0.5045143365859985],['title_description']
作业帮t60和p60哪个好,['61800'],[],title_description,3,0,[],,"['60977', '5544', '60338']","[0.5045143365859985, 0.4223373532295227, 0.40911340713500977]","['title_description', 'title_description', 'title_description']"
凤萝和菠萝有啥区别,['61800'],[],title_description,1,0,[],,['60977'],[0.49726247787475586],['title_description']
凤萝和菠萝有啥区别,['61800'],[],title_description,3,0,[],,"['60977', '51388', '60338']","[0.49726247787475586, 0.41602623462677, 0.39662715792655945]","['title_description', 'title_description', 'title_description']"
华为fit4pro和fit5pro区别,['61800'],[],title_description,1,0,[],,['60977'],[0.6112595796585083],['title_description']
华为fit4pro和fit5pro区别,['61800'],[],title_description,3,0,[],,"['60977', '51388', '60338']","[0.6112595796585083, 0.4568404257297516, 0.4334317445755005]","['title_description', 'title_description', 'title_description']"
华为mate70pro和华为mate70对比,['61800'],[],title_description,1,0,[],,['60977'],[0.5789085626602173],['title_description']
华为mate70pro和华为mate70对比,['61800'],[],title_description,3,0,[],,"['60977', '5544', '60540']","[0.5789085626602173, 0.43913930654525757, 0.434286504983902]","['title_description', 'title_description', 'title_description']"
华为mate80promax和华为pura90promax哪个好,['61800'],[],title_description,1,0,[],,['60977'],[0.5328388810157776],['title_description']
华为mate80promax和华为pura90promax哪个好,['61800'],[],title_description,3,0,[],,"['60977', '5544', '60540']","[0.5328388810157776, 0.4484860897064209, 0.42575740814208984]","['title_description', 'title_description', 'title_description']"
华为mate80pro和mate80对比,['61800'],[],title_description,1,0,[],,['60977'],[0.6013379096984863],['title_description']
华为mate80pro和mate80对比,['61800'],[],title_description,3,0,[],,"['60977', '5544', '60540']","[0.6013379096984863, 0.4585961401462555, 0.433784544467926]","['title_description', 'title_description', 'title_description']"
华为matex5和华为mate80对比,['61800'],[],title_description,1,0,[],,['60977'],[0.5324482321739197],['title_description']
华为matex5和华为mate80对比,['61800'],[],title_description,3,0,[],,"['60977', '5544', '47272']","[0.5324482321739197, 0.4158923029899597, 0.4035400152206421]","['title_description', 'title_description', 'title_description']"
华为nova14pro和nova15哪个好,['61800'],[],title_description,1,0,[],,['60977'],[0.5405895113945007],['title_description']
华为nova14pro和nova15哪个好,['61800'],[],title_description,3,0,[],,"['60977', '61111', '5601']","[0.5405895113945007, 0.4510655999183655, 0.43529510498046875]","['title_description', 'title_description', 'title_description']"
华为nova15pro和14ultra有什么区别,['61800'],[],title_description,1,0,[],,['60977'],[0.5782691836357117],['title_description']
华为nova15pro和14ultra有什么区别,['61800'],[],title_description,3,0,[],,"['60977', '60338', '5601']","[0.5782691836357117, 0.4439052939414978, 0.4404412508010864]","['title_description', 'title_description', 'title_description']"
华为nova15pro和荣耀600哪个好,['61800'],[],title_description,1,0,[],,['60977'],[0.5108685493469238],['title_description']
华为nova15pro和荣耀600哪个好,['61800'],[],title_description,3,0,[],,"['60977', '60540', '61111']","[0.5108685493469238, 0.4172784686088562, 0.41462433338165283]","['title_description', 'title_description', 'title_description']"
华为nova16和mate80哪个好,['61800'],[],title_description,1,0,[],,['60977'],[0.528398334980011],['title_description']
华为nova16和mate80哪个好,['61800'],[],title_description,3,0,[],,"['60977', '61111', '47272']","[0.528398334980011, 0.4400987923145294, 0.43781036138534546]","['title_description', 'title_description', 'title_description']"
华为p70pro和p80pro的区别,['61800'],[],title_description,1,0,[],,['60977'],[0.591799259185791],['title_description']
华为p70pro和p80pro的区别,['61800'],[],title_description,3,0,[],,"['60977', '60540', '5544']","[0.591799259185791, 0.45994868874549866, 0.4401843547821045]","['title_description', 'title_description', 'title_description']"
华为p70pro对比苹果13promax,['61800'],[],title_description,1,0,[],,['60977'],[0.4400233328342438],['title_description']
华为p70pro对比苹果13promax,['61800'],[],title_description,3,0,[],,"['60977', '60540', '5544']","[0.4400233328342438, 0.3874974846839905, 0.34886613488197327]","['title_description', 'title_description', 'title_description']"
华为p70和70pro哪个好,['61800'],[],title_description,1,0,[],,['60977'],[0.5367736220359802],['title_description']
华为p70和70pro哪个好,['61800'],[],title_description,3,0,[],,"['60977', '60540', '5544']","[0.5367736220359802, 0.43563440442085266, 0.4309850335121155]","['title_description', 'title_description', 'title_description']"
华为purax和purax典藏版有什么区别,['61800'],[],title_description,1,0,[],,['60977'],[0.6028456687927246],['title_description']
华为purax和purax典藏版有什么区别,['61800'],[],title_description,3,0,[],,"['60977', '60338', '60540']","[0.6028456687927246, 0.482524037361145, 0.4714698791503906]","['title_description', 'title_description', 'title_description']"
华为手表gt5和gt6有什么区别,['61800'],[],title_description,1,0,[],,['60977'],[0.5853212475776672],['title_description']
华为手表gt5和gt6有什么区别,['61800'],[],title_description,3,0,[],,"['60977', '51388', '51381']","[0.5853212475776672, 0.4542463719844818, 0.44179877638816833]","['title_description', 'title_description', 'title_description']"
华为畅享70和华为畅享80型号对比,['61800'],[],title_description,1,0,[],,['60977'],[0.5919343829154968],['title_description']
华为畅享70和华为畅享80型号对比,['61800'],[],title_description,3,0,[],,"['60977', '60540', '5544']","[0.5919343829154968, 0.4728034734725952, 0.4668125510215759]","['title_description', 'title_description', 'title_description']"
单包套和双包套的区别,['61800'],[],title_description,1,0,[],,['60977'],[0.6168659925460815],['title_description']
单包套和双包套的区别,['61800'],[],title_description,3,0,[],,"['60977', '60338', '51386']","[0.6168659925460815, 0.48901399970054626, 0.4885079860687256]","['title_description', 'title_description', 'title_description']"
南瓜和冬瓜的区别,['61800'],[],title_description,1,0,[],,['60977'],[0.4922568202018738],['title_description']
南瓜和冬瓜的区别,['61800'],[],title_description,3,0,[],,"['60977', '51323', '47272']","[0.4922568202018738, 0.4150690734386444, 0.396866112947464]","['title_description', 'title_description', 'title_description']"
土豆和红薯有什么区别,['61800'],[],title_description,1,0,[],,['60977'],[0.4834102392196655],['title_description']
土豆和红薯有什么区别,['61800'],[],title_description,3,0,[],,"['60977', '51388', '51381']","[0.4834102392196655, 0.39723873138427734, 0.3889825642108917]","['title_description', 'title_description', 'title_description']"
土鸡蛋和普通鸡蛋有什么区别,['61800'],[],title_description,1,0,[],,['60977'],[0.4662027359008789],['title_description']
土鸡蛋和普通鸡蛋有什么区别,['61800'],[],title_description,3,0,[],,"['60977', '52364', '5671']","[0.4662027359008789, 0.38009846210479736, 0.369002103805542]","['title_description', 'title_description', 'title_description']"
基围虾和黑虎虾哪个好,['61800'],[],title_description,1,0,[],,['60977'],[0.4945099353790283],['title_description']
基围虾和黑虎虾哪个好,['61800'],[],title_description,3,0,[],,"['60977', '60338', '47272']","[0.4945099353790283, 0.44348666071891785, 0.41160815954208374]","['title_description', 'title_description', 'title_description']"
大疆pocket和action有什么区别,['61800'],[],title_description,1,0,[],,['60977'],[0.5780085325241089],['title_description']
大疆pocket和action有什么区别,['61800'],[],title_description,3,0,[],,"['60977', '51275', '60338']","[0.5780085325241089, 0.4259869456291199, 0.42247307300567627]","['title_description', 'title_description', 'title_description']"
奶粉和牛奶的区别哪个更有营养,['61800'],[],title_description,1,0,[],,['60977'],[0.5522622466087341],['title_description']
奶粉和牛奶的区别哪个更有营养,['61800'],[],title_description,3,0,[],,"['60977', '47272', '5544']","[0.5522622466087341, 0.41303104162216187, 0.39998680353164673]","['title_description', 'title_description', 'title_description']"
富贵竹与文昌竹的区别是什么,['61800'],[],title_description,1,0,[],,['60977'],[0.5057802200317383],['title_description']
富贵竹与文昌竹的区别是什么,['61800'],[],title_description,3,0,[],,"['60977', '51388', '267']","[0.5057802200317383, 0.45476824045181274, 0.4424314498901367]","['title_description', 'title_description', 'title_description']"
小米17ultra和vivox300ultra哪个好,['61800'],[],title_description,1,0,[],,['60977'],[0.5270246267318726],['title_description']
小米17ultra和vivox300ultra哪个好,['61800'],[],title_description,3,0,[],,"['60977', '60338', '47272']","[0.5270246267318726, 0.43800631165504456, 0.43348073959350586]","['title_description', 'title_description', 'title_description']"
小米和大米哪个含糖量更高,['61800'],[],title_description,1,0,[],,['60977'],[0.47918301820755005],['title_description']
小米和大米哪个含糖量更高,['61800'],[],title_description,3,0,[],,"['60977', '47272', '51323']","[0.47918301820755005, 0.4352489113807678, 0.42615893483161926]","['title_description', 'title_description', 'title_description']"
小米建议买t200还是t300,['61800'],[],title_description,1,0,[],,['60977'],[0.5323045253753662],['title_description']
小米建议买t200还是t300,['61800'],[],title_description,3,0,[],,"['60977', '50760', '5544']","[0.5323045253753662, 0.4484964609146118, 0.446930468082428]","['title_description', 'title_description', 'title_description']"
小苏打和食用碱有什么区别,['61800'],[],title_description,1,0,[],,['60977'],[0.495802640914917],['title_description']
小苏打和食用碱有什么区别,['61800'],[],title_description,3,0,[],,"['60977', '47272', '60338']","[0.495802640914917, 0.40906429290771484, 0.39719316363334656]","['title_description', 'title_description', 'title_description']"
小麦与燕麦的区别,['61800'],[],title_description,1,0,[],,['60977'],[0.5081607699394226],['title_description']
小麦与燕麦的区别,['61800'],[],title_description,3,0,[],,"['60977', '51388', '51323']","[0.5081607699394226, 0.4235743582248688, 0.41592246294021606]","['title_description', 'title_description', 'title_description']"
平板和电脑的区别有哪些,['61800'],[],title_description,1,0,[],,['60977'],[0.6137875318527222],['title_description']
平板和电脑的区别有哪些,['61800'],[],title_description,3,0,[],,"['60977', '60540', '51388']","[0.6137875318527222, 0.4784952998161316, 0.45400142669677734]","['title_description', 'title_description', 'title_description']"
怀山药和山药的区别有哪些,['61800'],[],title_description,1,0,[],,['60977'],[0.4732705354690552],['title_description']
怀山药和山药的区别有哪些,['61800'],[],title_description,3,0,[],,"['60977', '47272', '51381']","[0.4732705354690552, 0.39818185567855835, 0.39715492725372314]","['title_description', 'title_description', 'title_description']"
悦刻五代和六代有什么区别,['61800'],[],title_description,1,0,[],,['60977'],[0.5768448114395142],['title_description']
悦刻五代和六代有什么区别,['61800'],[],title_description,3,1,['61800'],2.0,"['60977', '61800', '51388']","[0.5768448114395142, 0.45813727378845215, 0.451296865940094]","['title_description', 'title_description', 'title_description']"
是不锈钢锅好还是铁锅好,['61800'],[],title_description,1,0,[],,['60977'],[0.45934295654296875],['title_description']
是不锈钢锅好还是铁锅好,['61800'],[],title_description,3,0,[],,"['60977', '47272', '5881']","[0.45934295654296875, 0.40599048137664795, 0.38406816124916077]","['title_description', 'title_description', 'title_description']"
杏和桃哪个营养价值更高,['61800'],[],title_description,1,0,[],,['60977'],[0.5520905256271362],['title_description']
杏和桃哪个营养价值更高,['61800'],[],title_description,3,0,[],,"['60977', '5544', '60338']","[0.5520905256271362, 0.4552081823348999, 0.4362568259239197]","['title_description', 'title_description', 'title_description']"
松木和橡胶木的区别哪个更好,['61800'],[],title_description,1,0,[],,['60977'],[0.5305074453353882],['title_description']
松木和橡胶木的区别哪个更好,['61800'],[],title_description,3,0,[],,"['60977', '60338', '5881']","[0.5305074453353882, 0.43906164169311523, 0.42055171728134155]","['title_description', 'title_description', 'title_description']"
染料和颜料的区别是什么,['61800'],[],title_description,1,0,[],,['60977'],[0.5041242241859436],['title_description']
染料和颜料的区别是什么,['61800'],[],title_description,3,0,[],,"['60977', '51388', '51386']","[0.5041242241859436, 0.4328792691230774, 0.4227229952812195]","['title_description', 'title_description', 'title_description']"
棉和纯棉哪个好,['61800'],[],title_description,1,0,[],,['60977'],[0.5334109663963318],['title_description']
棉和纯棉哪个好,['61800'],[],title_description,3,0,[],,"['60977', '51388', '60338']","[0.5334109663963318, 0.41081559658050537, 0.4055662155151367]","['title_description', 'title_description', 'title_description']"
棉麻和亚麻的区别哪个更好,['61800'],[],title_description,1,0,[],,['60977'],[0.5286887884140015],['title_description']
棉麻和亚麻的区别哪个更好,['61800'],[],title_description,3,0,[],,"['60977', '5881', '52364']","[0.5286887884140015, 0.4186329245567322, 0.3940926790237427]","['title_description', 'title_description', 'title_description']"
檀香和沉香的区别是什么,['61800'],[],title_description,1,0,[],,['60977'],[0.46838340163230896],['title_description']
檀香和沉香的区别是什么,['61800'],[],title_description,3,1,['61800'],2.0,"['60977', '61800', '51381']","[0.46838340163230896, 0.39296215772628784, 0.3840566873550415]","['title_description', 'title_description', 'title_description']"
汉服和和服有什么区别,['61800'],[],title_description,1,0,[],,['60977'],[0.44516944885253906],['title_description']
汉服和和服有什么区别,['61800'],[],title_description,3,0,[],,"['60977', '51381', '51388']","[0.44516944885253906, 0.40187549591064453, 0.39903968572616577]","['title_description', 'title_description', 'title_description']"
洗发水和沐浴露有什么区别,['61800'],[],title_description,1,0,[],,['60977'],[0.551414430141449],['title_description']
洗发水和沐浴露有什么区别,['61800'],[],title_description,3,0,[],,"['60977', '5881', '60338']","[0.551414430141449, 0.404241144657135, 0.39757204055786133]","['title_description', 'title_description', 'title_description']"
海虾和淡水虾哪个营养价值高,['61800'],[],title_description,1,0,[],,['60977'],[0.46979084610939026],['title_description']
海虾和淡水虾哪个营养价值高,['61800'],[],title_description,3,0,[],,"['60977', '47272', '60338']","[0.46979084610939026, 0.44326916337013245, 0.41146403551101685]","['title_description', 'title_description', 'title_description']"
烤箱和微波炉的区别,['61800'],[],title_description,1,0,[],,['60977'],[0.549444317817688],['title_description']
烤箱和微波炉的区别,['61800'],[],title_description,3,0,[],,"['60977', '5881', '47272']","[0.549444317817688, 0.457521915435791, 0.4270876944065094]","['title_description', 'title_description', 'title_description']"
爱情果和百香果有什么区别,['61800'],[],title_description,1,0,[],,['60977'],[0.5088565349578857],['title_description']
爱情果和百香果有什么区别,['61800'],[],title_description,3,0,[],,"['60977', '51388', '5544']","[0.5088565349578857, 0.4137120246887207, 0.4101642966270447]","['title_description', 'title_description', 'title_description']"
猪肉和牛肉的区别,['61800'],[],title_description,1,0,[],,['60977'],[0.5283107757568359],['title_description']
猪肉和牛肉的区别,['61800'],[],title_description,3,0,[],,"['60977', '51388', '51386']","[0.5283107757568359, 0.4438527226448059, 0.41763925552368164]","['title_description', 'title_description', 'title_description']"
猫山王和金枕榴莲哪个好吃,['61800'],[],title_description,1,0,[],,['60977'],[0.44474080204963684],['title_description']
猫山王和金枕榴莲哪个好吃,['61800'],[],title_description,3,0,[],,"['60977', '47272', '5544']","[0.44474080204963684, 0.41025853157043457, 0.3810785114765167]","['title_description', 'title_description', 'title_description']"
玉石与翡翠的区别,['61800'],[],title_description,1,0,[],,['60977'],[0.5028129816055298],['title_description']
玉石与翡翠的区别,['61800'],[],title_description,3,0,[],,"['60977', '51388', '51386']","[0.5028129816055298, 0.4437001943588257, 0.4177219271659851]","['title_description', 'title_description', 'title_description']"
玫瑰与月季花的区别有哪些,['61800'],[],title_description,1,0,[],,['60977'],[0.4988783001899719],['title_description']
玫瑰与月季花的区别有哪些,['61800'],[],title_description,3,0,[],,"['60977', '5601', '51388']","[0.4988783001899719, 0.42535239458084106, 0.42340901494026184]","['title_description', 'title_description', 'title_description']"
瓷和陶瓷哪个好一些,['61800'],[],title_description,1,0,[],,['60977'],[0.5331327319145203],['title_description']
瓷和陶瓷哪个好一些,['61800'],[],title_description,3,0,[],,"['60977', '5544', '51388']","[0.5331327319145203, 0.4196802079677582, 0.41564691066741943]","['title_description', 'title_description', 'title_description']"
生粉淀粉有什么区别,['61800'],[],title_description,1,0,[],,['60977'],[0.4503144919872284],['title_description']
生粉淀粉有什么区别,['61800'],[],title_description,3,0,[],,"['60977', '51388', '51381']","[0.4503144919872284, 0.4134698808193207, 0.40167081356048584]","['title_description', 'title_description', 'title_description']"
白糖和红糖的区别是什么,['61800'],[],title_description,1,0,[],,['60977'],[0.485345721244812],['title_description']
白糖和红糖的区别是什么,['61800'],[],title_description,3,0,[],,"['60977', '51388', '5544']","[0.485345721244812, 0.41337651014328003, 0.4046690762042999]","['title_description', 'title_description', 'title_description']"
白酒和啤酒有什么区别,['61800'],[],title_description,1,0,[],,['60977'],[0.5213171243667603],['title_description']
白酒和啤酒有什么区别,['61800'],[],title_description,3,0,[],,"['60977', '50192', '51388']","[0.5213171243667603, 0.4022284746170044, 0.40105903148651123]","['title_description', 'title_description', 'title_description']"
真我gt8pro和真我neo8对比,['61800'],[],title_description,1,0,[],,['60977'],[0.5347690582275391],['title_description']
真我gt8pro和真我neo8对比,['61800'],[],title_description,3,0,[],,"['60977', '51590', '5544']","[0.5347690582275391, 0.4104703664779663, 0.3997924327850342]","['title_description', 'title_description', 'title_description']"
空调和风扇哪个更好,['61800'],[],title_description,1,0,[],,['60977'],[0.526704728603363],['title_description']
空调和风扇哪个更好,['61800'],[],title_description,3,0,[],,"['60977', '5881', '5544']","[0.526704728603363, 0.46552106738090515, 0.41036996245384216]","['title_description', 'title_description', 'title_description']"
竺麻亚麻有什么区别,['61800'],[],title_description,1,0,[],,['60977'],[0.49912339448928833],['title_description']
竺麻亚麻有什么区别,['61800'],[],title_description,3,0,[],,"['60977', '51323', '52364']","[0.49912339448928833, 0.40051424503326416, 0.39418643712997437]","['title_description', 'title_description', 'title_description']"
米兔7a和7x哪个更值得买,['61800'],[],title_description,1,0,[],,['60977'],[0.5373533964157104],['title_description']
米兔7a和7x哪个更值得买,['61800'],[],title_description,3,0,[],,"['60977', '60338', '5544']","[0.5373533964157104, 0.4440517723560333, 0.41834568977355957]","['title_description', 'title_description', 'title_description']"
粉霜和粉底液的区别,['61800'],[],title_description,1,0,[],,['60977'],[0.5248987078666687],['title_description']
粉霜和粉底液的区别,['61800'],[],title_description,3,0,[],,"['60977', '60338', '51388']","[0.5248987078666687, 0.41196489334106445, 0.3851739168167114]","['title_description', 'title_description', 'title_description']"
糯米与大米的区别,['61800'],[],title_description,1,0,[],,['60977'],[0.48372215032577515],['title_description']
糯米与大米的区别,['61800'],[],title_description,3,0,[],,"['60977', '51388', '51323']","[0.48372215032577515, 0.4201534390449524, 0.414547324180603]","['title_description', 'title_description', 'title_description']"
紫甘蓝和卷心菜有什么区别,['61800'],[],title_description,1,0,[],,['60977'],[0.5101903080940247],['title_description']
紫甘蓝和卷心菜有什么区别,['61800'],[],title_description,3,0,[],,"['60977', '51388', '5544']","[0.5101903080940247, 0.387790322303772, 0.3817061483860016]","['title_description', 'title_description', 'title_description']"
紫皮石斛和铁皮石斛哪个好,['61800'],[],title_description,1,0,[],,['60977'],[0.4808182120323181],['title_description']
紫皮石斛和铁皮石斛哪个好,['61800'],[],title_description,3,0,[],,"['60977', '5544', '60338']","[0.4808182120323181, 0.4084467887878418, 0.39384061098098755]","['title_description', 'title_description', 'title_description']"
红米k90和红米k80至尊版对比,['61800'],[],title_description,1,0,[],,['60977'],[0.5417497158050537],['title_description']
红米k90和红米k80至尊版对比,['61800'],[],title_description,3,0,[],,"['60977', '60338', '47242']","[0.5417497158050537, 0.44549649953842163, 0.4369775056838989]","['title_description', 'title_description', 'title_description']"
红米note14pro和红米note15pro型号对比,['61800'],[],title_description,1,0,[],,['60977'],[0.565143346786499],['title_description']
红米note14pro和红米note15pro型号对比,['61800'],[],title_description,3,0,[],,"['60977', '60338', '60540']","[0.565143346786499, 0.418013334274292, 0.41745519638061523]","['title_description', 'title_description', 'title_description']"
红米turbo5max和红米k80哪个好,['61800'],[],title_description,1,0,[],,['60977'],[0.512175977230072],['title_description']
红米turbo5max和红米k80哪个好,['61800'],[],title_description,3,0,[],,"['60977', '47190', '47266']","[0.512175977230072, 0.41811585426330566, 0.40721094608306885]","['title_description', 'title_description', 'title_description']"
红莲子和白莲子的功效有什么区别,['61800'],[],title_description,1,0,[],,['60977'],[0.4582816958427429],['title_description']
红莲子和白莲子的功效有什么区别,['61800'],[],title_description,3,0,[],,"['60977', '51388', '47272']","[0.4582816958427429, 0.38212138414382935, 0.3771762251853943]","['title_description', 'title_description', 'title_description']"
纯净水和矿泉水有什么区别哪个好,['61800'],[],title_description,1,0,[],,['60977'],[0.4878951907157898],['title_description']
纯净水和矿泉水有什么区别哪个好,['61800'],[],title_description,3,0,[],,"['60977', '5881', '60338']","[0.4878951907157898, 0.4183952808380127, 0.389227032661438]","['title_description', 'title_description', 'title_description']"
绿茶与红茶的区别,['61800'],[],title_description,1,0,[],,['60977'],[0.5299119353294373],['title_description']
绿茶与红茶的区别,['61800'],[],title_description,3,0,[],,"['60977', '5544', '52524']","[0.5299119353294373, 0.45516952872276306, 0.4235515296459198]","['title_description', 'title_description', 'title_description']"
翡翠和和田玉哪个好一些,['61800'],[],title_description,1,0,[],,['60977'],[0.5312158465385437],['title_description']
翡翠和和田玉哪个好一些,['61800'],[],title_description,3,0,[],,"['60977', '5671', '51388']","[0.5312158465385437, 0.4435970187187195, 0.4434310793876648]","['title_description', 'title_description', 'title_description']"
联想小新pro14和pro16哪个好,['61800'],[],title_description,1,0,[],,['60977'],[0.5213862061500549],['title_description']
联想小新pro14和pro16哪个好,['61800'],[],title_description,3,0,[],,"['60977', '51474', '5601']","[0.5213862061500549, 0.40145647525787354, 0.3994256258010864]","['title_description', 'title_description', 'title_description']"
胎菊好还是菊花好,['61800'],[],title_description,1,0,[],,['60977'],[0.4727957248687744],['title_description']
胎菊好还是菊花好,['61800'],[],title_description,3,0,[],,"['60977', '5544', '61111']","[0.4727957248687744, 0.4276930093765259, 0.4007057547569275]","['title_description', 'title_description', 'title_description']"
臻爱倍护和星飞帆哪个好一点,['61800'],[],title_description,1,0,[],,['60977'],[0.5418078303337097],['title_description']
臻爱倍护和星飞帆哪个好一点,['61800'],[],title_description,3,0,[],,"['60977', '5881', '60338']","[0.5418078303337097, 0.452775776386261, 0.43897926807403564]","['title_description', 'title_description', 'title_description']"
花椒和青椒的区别,['61800'],[],title_description,1,0,[],,['60977'],[0.43487420678138733],['title_description']
花椒和青椒的区别,['61800'],[],title_description,3,0,[],,"['60977', '47272', '51388']","[0.43487420678138733, 0.4011749029159546, 0.36120152473449707]","['title_description', 'title_description', 'title_description']"
苹果13pro苹果13promax区别,['61800'],[],title_description,1,0,[],,['60977'],[0.6326683163642883],['title_description']
苹果13pro苹果13promax区别,['61800'],[],title_description,3,0,[],,"['60977', '60540', '5544']","[0.6326683163642883, 0.48020726442337036, 0.4521792232990265]","['title_description', 'title_description', 'title_description']"
苹果16和苹果16pro的尺寸,['61800'],[],title_description,1,0,[],,['60977'],[0.5307812094688416],['title_description']
苹果16和苹果16pro的尺寸,['61800'],[],title_description,3,0,[],,"['60977', '60540', '51044']","[0.5307812094688416, 0.44860202074050903, 0.4455248713493347]","['title_description', 'title_description', 'title_description']"
苹果17promax和苹果16promax对比,['61800'],[],title_description,1,0,[],,['60977'],[0.5622873306274414],['title_description']
苹果17promax和苹果16promax对比,['61800'],[],title_description,3,0,[],,"['60977', '60540', '5544']","[0.5622873306274414, 0.4163227081298828, 0.41394156217575073]","['title_description', 'title_description', 'title_description']"
苹果17pro和华为mate80哪个好,['61800'],[],title_description,1,0,[],,['60977'],[0.5261921286582947],['title_description']
苹果17pro和华为mate80哪个好,['61800'],[],title_description,3,0,[],,"['60977', '60540', '5544']","[0.5261921286582947, 0.43717291951179504, 0.41731661558151245]","['title_description', 'title_description', 'title_description']"
苹果17和16pro区别,['61800'],[],title_description,1,0,[],,['60977'],[0.584932267665863],['title_description']
苹果17和16pro区别,['61800'],[],title_description,3,0,[],,"['60977', '60540', '60338']","[0.584932267665863, 0.4403093457221985, 0.42932045459747314]","['title_description', 'title_description', 'title_description']"
苹果iphone15和苹果iphone14对比,['61800'],[],title_description,1,0,[],,['60977'],[0.5513334274291992],['title_description']
苹果iphone15和苹果iphone14对比,['61800'],[],title_description,3,0,[],,"['60977', '60540', '5012']","[0.5513334274291992, 0.42560386657714844, 0.41337329149246216]","['title_description', 'title_description', 'title_description']"
苹果iphone17air和苹果iphone17对比,['61800'],[],title_description,1,0,[],,['60977'],[0.5164825916290283],['title_description']
苹果iphone17air和苹果iphone17对比,['61800'],[],title_description,3,0,[],,"['60977', '60540', '5012']","[0.5164825916290283, 0.41323015093803406, 0.3993533253669739]","['title_description', 'title_description', 'title_description']"
苹果焦和香蕉有什么区别,['61800'],[],title_description,1,0,[],,['60977'],[0.5369827747344971],['title_description']
苹果焦和香蕉有什么区别,['61800'],[],title_description,3,0,[],,"['60977', '51388', '5544']","[0.5369827747344971, 0.4265258312225342, 0.4086615741252899]","['title_description', 'title_description', 'title_description']"
茶烟和香烟哪个危害大,['61800'],[],title_description,1,1,['61800'],1.0,['61800'],[0.5530945062637329],['title_description']
茶烟和香烟哪个危害大,['61800'],[],title_description,3,1,['61800'],1.0,"['61800', '60977', '5544']","[0.5530945062637329, 0.5133558511734009, 0.4161677956581116]","['title_description', 'title_description', 'title_description']"
荣耀600pro和荣耀500pro对比,['61800'],[],title_description,1,0,[],,['60977'],[0.5628852844238281],['title_description']
荣耀600pro和荣耀500pro对比,['61800'],[],title_description,3,0,[],,"['60977', '60540', '47272']","[0.5628852844238281, 0.43565669655799866, 0.41979604959487915]","['title_description', 'title_description', 'title_description']"
荣耀x70和荣耀x80promax对比,['61800'],[],title_description,1,0,[],,['60977'],[0.533547043800354],['title_description']
荣耀x70和荣耀x80promax对比,['61800'],[],title_description,3,0,[],,"['60977', '60540', '60338']","[0.533547043800354, 0.4166153073310852, 0.4156513810157776]","['title_description', 'title_description', 'title_description']"
荣耀x80和vivoy600pro哪个好,['61800'],[],title_description,1,0,[],,['60977'],[0.5277685523033142],['title_description']
荣耀x80和vivoy600pro哪个好,['61800'],[],title_description,3,0,[],,"['60977', '60540', '60338']","[0.5277685523033142, 0.43106985092163086, 0.4201439619064331]","['title_description', 'title_description', 'title_description']"
荷花和莲花的区别是什么,['61800'],[],title_description,1,0,[],,['60977'],[0.476218581199646],['title_description']
荷花和莲花的区别是什么,['61800'],[],title_description,3,0,[],,"['60977', '51388', '47272']","[0.476218581199646, 0.4366188943386078, 0.4259599447250366]","['title_description', 'title_description', 'title_description']"
菜籽油还是橄榄油好,['61800'],[],title_description,1,0,[],,['60977'],[0.486150324344635],['title_description']
菜籽油还是橄榄油好,['61800'],[],title_description,3,0,[],,"['60977', '47272', '5881']","[0.486150324344635, 0.4282189905643463, 0.3956117033958435]","['title_description', 'title_description', 'title_description']"
菠萝与凤梨的区别是,['61800'],[],title_description,1,0,[],,['60977'],[0.5057255625724792],['title_description']
菠萝与凤梨的区别是,['61800'],[],title_description,3,0,[],,"['60977', '51388', '51386']","[0.5057255625724792, 0.43941473960876465, 0.4087722897529602]","['title_description', 'title_description', 'title_description']"
薄荷与霍香有何区别,['61800'],[],title_description,1,0,[],,['60977'],[0.48823797702789307],['title_description']
薄荷与霍香有何区别,['61800'],[],title_description,3,0,[],,"['60977', '47272', '5544']","[0.48823797702789307, 0.4220118820667267, 0.40883004665374756]","['title_description', 'title_description', 'title_description']"
藻油和鱼油有什么区别,['61800'],[],title_description,1,0,[],,['60977'],[0.5425876379013062],['title_description']
藻油和鱼油有什么区别,['61800'],[],title_description,3,0,[],,"['60977', '47272', '23']","[0.5425876379013062, 0.4580475687980652, 0.42198070883750916]","['title_description', 'title_description', 'title_description']"
蚕丝与桑蚕丝的区别是什么,['61800'],[],title_description,1,0,[],,['60977'],[0.5145320892333984],['title_description']
蚕丝与桑蚕丝的区别是什么,['61800'],[],title_description,3,0,[],,"['60977', '51388', '51381']","[0.5145320892333984, 0.43438541889190674, 0.41050487756729126]","['title_description', 'title_description', 'title_description']"
软玉和硬玉哪个好,['61800'],[],title_description,1,0,[],,['60977'],[0.4865826368331909],['title_description']
软玉和硬玉哪个好,['61800'],[],title_description,3,0,[],,"['60977', '51388', '5544']","[0.4865826368331909, 0.41339707374572754, 0.4119442105293274]","['title_description', 'title_description', 'title_description']"
金枕榴莲和干尧有什么区别,['61800'],[],title_description,1,0,[],,['60977'],[0.5006147623062134],['title_description']
金枕榴莲和干尧有什么区别,['61800'],[],title_description,3,0,[],,"['60977', '51590', '47272']","[0.5006147623062134, 0.422825425863266, 0.4109363257884979]","['title_description', 'title_description', 'title_description']"
银和白金的区别,['61800'],[],title_description,1,0,[],,['51590'],[0.6239922046661377],['title_description']
银和白金的区别,['61800'],[],title_description,3,0,[],,"['51590', '60977', '51088']","[0.6239922046661377, 0.5683208703994751, 0.5030138492584229]","['title_description', 'title_description', 'title_description']"
锂电池和铅电池的区别是什么,['61800'],[],title_description,1,0,[],,['60977'],[0.5449548959732056],['title_description']
锂电池和铅电池的区别是什么,['61800'],[],title_description,3,0,[],,"['60977', '51388', '60540']","[0.5449548959732056, 0.42045363783836365, 0.40719813108444214]","['title_description', 'title_description', 'title_description']"
香蕉和芭蕉的区别,['61800'],[],title_description,1,0,[],,['60977'],[0.49489203095436096],['title_description']
香蕉和芭蕉的区别,['61800'],[],title_description,3,0,[],,"['60977', '51388', '51386']","[0.49489203095436096, 0.4475858807563782, 0.40323787927627563]","['title_description', 'title_description', 'title_description']"
骁龙7和骁龙8哪个好,['61800'],[],title_description,1,0,[],,['60977'],[0.5388263463973999],['title_description']
骁龙7和骁龙8哪个好,['61800'],[],title_description,3,0,[],,"['60977', '60338', '5544']","[0.5388263463973999, 0.4640233516693115, 0.41891610622406006]","['title_description', 'title_description', 'title_description']"
骁龙8至尊版和天玑9500哪个更好一点,['61800'],[],title_description,1,0,[],,['60977'],[0.5318266749382019],['title_description']
骁龙8至尊版和天玑9500哪个更好一点,['61800'],[],title_description,3,0,[],,"['60977', '60338', '60540']","[0.5318266749382019, 0.47764402627944946, 0.44791722297668457]","['title_description', 'title_description', 'title_description']"
高压锅和电饭煲哪个更实用,['61800'],[],title_description,1,0,[],,['60977'],[0.5075036883354187],['title_description']
高压锅和电饭煲哪个更实用,['61800'],[],title_description,3,0,[],,"['60977', '5881', '47272']","[0.5075036883354187, 0.4659039080142975, 0.4463096261024475]","['title_description', 'title_description', 'title_description']"
高筋面粉和低筋面粉哪个好,['61800'],[],title_description,1,0,[],,['60977'],[0.5050554871559143],['title_description']
高筋面粉和低筋面粉哪个好,['61800'],[],title_description,3,0,[],,"['60977', '52364', '47272']","[0.5050554871559143, 0.42001649737358093, 0.41801053285598755]","['title_description', 'title_description', 'title_description']"
鲈鱼与鲑鱼区别,['61800'],[],title_description,1,0,[],,['60977'],[0.5037266612052917],['title_description']
鲈鱼与鲑鱼区别,['61800'],[],title_description,3,0,[],,"['60977', '51388', '47272']","[0.5037266612052917, 0.41510024666786194, 0.4116394519805908]","['title_description', 'title_description', 'title_description']"
鸡蛋和鸭蛋相比哪个更有营养,['61800'],[],title_description,1,0,[],,['60977'],[0.5212537050247192],['title_description']
鸡蛋和鸭蛋相比哪个更有营养,['61800'],[],title_description,3,0,[],,"['60977', '61111', '47272']","[0.5212537050247192, 0.41599369049072266, 0.4134289622306824]","['title_description', 'title_description', 'title_description']"
鸭和鹅的区别,['61800'],[],title_description,1,0,[],,['60977'],[0.4934695363044739],['title_description']
鸭和鹅的区别,['61800'],[],title_description,3,0,[],,"['60977', '51388', '51381']","[0.4934695363044739, 0.4228195548057556, 0.406946063041687]","['title_description', 'title_description', 'title_description']"
麒麟8000和麒麟9000哪个好,['61800'],[],title_description,1,0,[],,['60977'],[0.5269491672515869],['title_description']
麒麟8000和麒麟9000哪个好,['61800'],[],title_description,3,0,[],,"['60977', '47242', '47272']","[0.5269491672515869, 0.4426456093788147, 0.4355795383453369]","['title_description', 'title_description', 'title_description']"
黑花生和红花生有什么区别,['61800'],[],title_description,1,0,[],,['60977'],[0.48900389671325684],['title_description']
黑花生和红花生有什么区别,['61800'],[],title_description,3,0,[],,"['60977', '5544', '51388']","[0.48900389671325684, 0.4084326922893524, 0.3993435502052307]","['title_description', 'title_description', 'title_description']"
黑豆与黄豆的区别是什么,['61800'],[],title_description,1,0,[],,['60977'],[0.5058740377426147],['title_description']
黑豆与黄豆的区别是什么,['61800'],[],title_description,3,0,[],,"['60977', '51388', '51381']","[0.5058740377426147, 0.42083364725112915, 0.40337687730789185]","['title_description', 'title_description', 'title_description']"
