query,gold_ids,missing_gold_ids,view,k,pass_at_k,hit_ids,first_hit_rank,recall_ids,recall_scores,recall_views
上海地图全图高清版,['47190'],[],description,1,0,[],,['46679'],[0.5544553995132446],['description']
上海地图全图高清版,['47190'],[],description,3,0,[],,"['46679', '5012', '62306']","[0.5544553995132446, 0.39463335275650024, 0.3800004720687866]","['description', 'description', 'description']"
上海属于那个省份,['47190'],[],description,1,0,[],,['46679'],[0.538612961769104],['description']
上海属于那个省份,['47190'],[],description,3,0,[],,"['46679', '39537', '47198']","[0.538612961769104, 0.4690482020378113, 0.4191135764122009]","['description', 'description', 'description']"
东乌旗属于哪个市,['47190'],[],description,1,0,[],,['46679'],[0.4107309579849243],['description']
东乌旗属于哪个市,['47190'],[],description,3,0,[],,"['46679', '39537', '47198']","[0.4107309579849243, 0.3994497060775757, 0.37905511260032654]","['description', 'description', 'description']"
东台市属于哪个省份,['47190'],[],description,1,0,[],,['46679'],[0.42155125737190247],['description']
东台市属于哪个省份,['47190'],[],description,3,0,[],,"['46679', '39537', '47198']","[0.42155125737190247, 0.40608280897140503, 0.37914544343948364]","['description', 'description', 'description']"
东莞地图详细,['47190'],[],description,1,0,[],,['46679'],[0.6104832887649536],['description']
东莞地图详细,['47190'],[],description,3,0,[],,"['46679', '47198', '47242']","[0.6104832887649536, 0.5436489582061768, 0.5092028975486755]","['description', 'description', 'description']"
中国地图,['47190'],[],description,1,0,[],,['46679'],[0.5921061038970947],['description']
中国地图,['47190'],[],description,3,0,[],,"['46679', '51323', '62306']","[0.5921061038970947, 0.46774372458457947, 0.4319976568222046]","['description', 'description', 'description']"
义乌市属于哪个市,['47190'],[],description,1,0,[],,['46679'],[0.44529998302459717],['description']
义乌市属于哪个市,['47190'],[],description,3,0,[],,"['46679', '39537', '47198']","[0.44529998302459717, 0.4090093672275543, 0.40017423033714294]","['description', 'description', 'description']"
乐陵是哪个省哪个市的,['47190'],[],description,1,0,[],,['39537'],[0.38804250955581665],['description']
乐陵是哪个省哪个市的,['47190'],[],description,3,0,[],,"['39537', '46679', '47198']","[0.38804250955581665, 0.37919726967811584, 0.36707836389541626]","['description', 'description', 'description']"
九江市地图,['47190'],[],description,1,0,[],,['46679'],[0.5547791719436646],['description']
九江市地图,['47190'],[],description,3,0,[],,"['46679', '62306', '62106']","[0.5547791719436646, 0.41805464029312134, 0.41802942752838135]","['description', 'description', 'description']"
云南怒江州地图全图,['47190'],[],description,1,0,[],,['46679'],[0.4808439016342163],['description']
云南怒江州地图全图,['47190'],[],description,3,0,[],,"['46679', '5917', '47198']","[0.4808439016342163, 0.3467854857444763, 0.33295896649360657]","['description', 'description', 'description']"
云南省地图上,['47190'],[],description,1,0,[],,['46679'],[0.5794718861579895],['description']
云南省地图上,['47190'],[],description,3,0,[],,"['46679', '47198', '39537']","[0.5794718861579895, 0.49199432134628296, 0.4722379446029663]","['description', 'description', 'description']"
从江县属于哪个市,['47190'],[],description,1,0,[],,['46679'],[0.40492528676986694],['description']
从江县属于哪个市,['47190'],[],description,3,0,[],,"['46679', '39537', '47198']","[0.40492528676986694, 0.3766806721687317, 0.3496139645576477]","['description', 'description', 'description']"
余姚属于哪个市,['47190'],[],description,1,0,[],,['46679'],[0.44854554533958435],['description']
余姚属于哪个市,['47190'],[],description,3,0,[],,"['46679', '39537', '47198']","[0.44854554533958435, 0.4348769783973694, 0.40144801139831543]","['description', 'description', 'description']"
保定地区的地图,['47190'],[],description,1,0,[],,['46679'],[0.5704195499420166],['description']
保定地区的地图,['47190'],[],description,3,0,[],,"['46679', '60874', '47242']","[0.5704195499420166, 0.49831268191337585, 0.4467841386795044]","['description', 'description', 'description']"
克里米亚地图,['47190'],[],description,1,0,[],,['46679'],[0.5261192321777344],['description']
克里米亚地图,['47190'],[],description,3,0,[],,"['46679', '62306', '62106']","[0.5261192321777344, 0.4132139980792999, 0.4090040326118469]","['description', 'description', 'description']"
兰州看黄河的最佳地点是哪里,['47190'],[],description,1,0,[],,['47198'],[0.4364181160926819],['description']
兰州看黄河的最佳地点是哪里,['47190'],[],description,3,0,[],,"['47198', '47242', '62106']","[0.4364181160926819, 0.4166032671928406, 0.4103460907936096]","['description', 'description', 'description']"
内蒙古属于哪个省市,['47190'],[],description,1,0,[],,['46679'],[0.4801751971244812],['description']
内蒙古属于哪个省市,['47190'],[],description,3,0,[],,"['46679', '39537', '47198']","[0.4801751971244812, 0.44277700781822205, 0.37526488304138184]","['description', 'description', 'description']"
内蒙古自治区地图,['47190'],[],description,1,0,[],,['46679'],[0.5454304218292236],['description']
内蒙古自治区地图,['47190'],[],description,3,0,[],,"['46679', '62306', '5917']","[0.5454304218292236, 0.3682180643081665, 0.367023229598999]","['description', 'description', 'description']"
凉山州有哪些区县,['47190'],[],description,1,0,[],,['46679'],[0.4971478581428528],['description']
凉山州有哪些区县,['47190'],[],description,3,0,[],,"['46679', '47198', '47272']","[0.4971478581428528, 0.40031543374061584, 0.39599180221557617]","['description', 'description', 'description']"
包头在哈尔滨哪个方向,['47190'],[],description,1,0,[],,['47198'],[0.42270904779434204],['description']
包头在哈尔滨哪个方向,['47190'],[],description,3,0,[],,"['47198', '47242', '50192']","[0.42270904779434204, 0.42134714126586914, 0.405677855014801]","['description', 'description', 'description']"
化洲市在哪个省,['47190'],[],description,1,0,[],,['46679'],[0.4788056015968323],['description']
化洲市在哪个省,['47190'],[],description,3,0,[],,"['46679', '39537', '47198']","[0.4788056015968323, 0.4358196258544922, 0.4342263340950012]","['description', 'description', 'description']"
南宁在哪里,['47190'],[],description,1,0,[],,['47198'],[0.5207892656326294],['description']
南宁在哪里,['47190'],[],description,3,0,[],,"['47198', '39537', '47242']","[0.5207892656326294, 0.47977718710899353, 0.45798182487487793]","['description', 'description', 'description']"
南昌属于江西的哪个位置,['47190'],[],description,1,0,[],,['39537'],[0.48153984546661377],['description']
南昌属于江西的哪个位置,['47190'],[],description,3,0,[],,"['39537', '47198', '46679']","[0.48153984546661377, 0.45721331238746643, 0.45261266827583313]","['description', 'description', 'description']"
南通属于哪个省份,['47190'],[],description,1,0,[],,['39537'],[0.47560492157936096],['description']
南通属于哪个省份,['47190'],[],description,3,0,[],,"['39537', '46679', '47198']","[0.47560492157936096, 0.462832510471344, 0.4434174597263336]","['description', 'description', 'description']"
合肥属于哪个省份,['47190'],[],description,1,0,[],,['39537'],[0.4837469458580017],['description']
合肥属于哪个省份,['47190'],[],description,3,0,[],,"['39537', '46679', '47198']","[0.4837469458580017, 0.47393396496772766, 0.43388259410858154]","['description', 'description', 'description']"
吉林地区地图,['47190'],[],description,1,0,[],,['46679'],[0.5828462243080139],['description']
吉林地区地图,['47190'],[],description,3,0,[],,"['46679', '62106', '47198']","[0.5828462243080139, 0.39278578758239746, 0.3913349509239197]","['description', 'description', 'description']"
商洛市地图,['47190'],[],description,1,0,[],,['46679'],[0.5425806045532227],['description']
商洛市地图,['47190'],[],description,3,0,[],,"['46679', '47198', '62306']","[0.5425806045532227, 0.3982588052749634, 0.3868259787559509]","['description', 'description', 'description']"
商洛市属于哪个市,['47190'],[],description,1,0,[],,['46679'],[0.45181360840797424],['description']
商洛市属于哪个市,['47190'],[],description,3,0,[],,"['46679', '39537', '47198']","[0.45181360840797424, 0.42687708139419556, 0.4013785123825073]","['description', 'description', 'description']"
四川地图,['47190'],[],description,1,0,[],,['46679'],[0.6120561957359314],['description']
四川地图,['47190'],[],description,3,0,[],,"['46679', '47198', '62106']","[0.6120561957359314, 0.4705788493156433, 0.46602535247802734]","['description', 'description', 'description']"
大连属于哪里,['47190'],[],description,1,0,[],,['39537'],[0.4925810694694519],['description']
大连属于哪里,['47190'],[],description,3,0,[],,"['39537', '47198', '46679']","[0.4925810694694519, 0.485792875289917, 0.47008344531059265]","['description', 'description', 'description']"
天水在哪,['47190'],[],description,1,0,[],,['47198'],[0.5098490118980408],['description']
天水在哪,['47190'],[],description,3,0,[],,"['47198', '39537', '62106']","[0.5098490118980408, 0.4855663478374481, 0.464689701795578]","['description', 'description', 'description']"
天水市西部指哪个县,['47190'],[],description,1,0,[],,['46679'],[0.4247051477432251],['description']
天水市西部指哪个县,['47190'],[],description,3,0,[],,"['46679', '47198', '39537']","[0.4247051477432251, 0.41749876737594604, 0.3860485553741455]","['description', 'description', 'description']"
太原属于哪里,['47190'],[],description,1,0,[],,['39537'],[0.5052385330200195],['description']
太原属于哪里,['47190'],[],description,3,0,[],,"['39537', '47198', '46679']","[0.5052385330200195, 0.4675629138946533, 0.46195685863494873]","['description', 'description', 'description']"
安庆是在哪里,['47190'],[],description,1,0,[],,['47198'],[0.48700085282325745],['description']
安庆是在哪里,['47190'],[],description,3,0,[],,"['47198', '39537', '5671']","[0.48700085282325745, 0.47605496644973755, 0.41724830865859985]","['description', 'description', 'description']"
安徽地区地图,['47190'],[],description,1,0,[],,['46679'],[0.5927925109863281],['description']
安徽地区地图,['47190'],[],description,3,0,[],,"['46679', '47198', '62306']","[0.5927925109863281, 0.4360176920890808, 0.41229915618896484]","['description', 'description', 'description']"
安徽地图高清全图,['47190'],[],description,1,0,[],,['46679'],[0.5060440301895142],['description']
安徽地图高清全图,['47190'],[],description,3,0,[],,"['46679', '62306', '62106']","[0.5060440301895142, 0.3443690240383148, 0.34148603677749634]","['description', 'description', 'description']"
安徽西部有哪些城市,['47190'],[],description,1,0,[],,['46679'],[0.4643058776855469],['description']
安徽西部有哪些城市,['47190'],[],description,3,0,[],,"['46679', '47198', '39537']","[0.4643058776855469, 0.38792312145233154, 0.3738773763179779]","['description', 'description', 'description']"
宜昌属于哪个市,['47190'],[],description,1,0,[],,['46679'],[0.4509475529193878],['description']
宜昌属于哪个市,['47190'],[],description,3,0,[],,"['46679', '39537', '47198']","[0.4509475529193878, 0.44498270750045776, 0.4060210585594177]","['description', 'description', 'description']"
宜都在哪里,['47190'],[],description,1,0,[],,['47198'],[0.5876768827438354],['description']
宜都在哪里,['47190'],[],description,3,0,[],,"['47198', '39537', '5917']","[0.5876768827438354, 0.533738911151886, 0.4984000325202942]","['description', 'description', 'description']"
宣州区地图全图高清版,['47190'],[],description,1,0,[],,['46679'],[0.5259978175163269],['description']
宣州区地图全图高清版,['47190'],[],description,3,0,[],,"['46679', '62106', '62306']","[0.5259978175163269, 0.37140005826950073, 0.3708885908126831]","['description', 'description', 'description']"
山东曲阜在哪个市,['47190'],[],description,1,0,[],,['39537'],[0.40207135677337646],['description']
山东曲阜在哪个市,['47190'],[],description,3,0,[],,"['39537', '46679', '47198']","[0.40207135677337646, 0.3771860897541046, 0.33857426047325134]","['description', 'description', 'description']"
山东省临沂市地图,['47190'],[],description,1,0,[],,['46679'],[0.556121826171875],['description']
山东省临沂市地图,['47190'],[],description,3,0,[],,"['46679', '62306', '62106']","[0.556121826171875, 0.3907053768634796, 0.3833041191101074]","['description', 'description', 'description']"
山东省各县地图,['47190'],[],description,1,0,[],,['46679'],[0.5937083959579468],['description']
山东省各县地图,['47190'],[],description,3,0,[],,"['46679', '62306', '62106']","[0.5937083959579468, 0.37535202503204346, 0.361223429441452]","['description', 'description', 'description']"
山东省蒙阴县属于哪个市,['47190'],[],description,1,0,[],,['46679'],[0.3590056896209717],['description']
山东省蒙阴县属于哪个市,['47190'],[],description,3,0,[],,"['46679', '39537', '47198']","[0.3590056896209717, 0.357920378446579, 0.3010947108268738]","['description', 'description', 'description']"
山西应县属于哪个市,['47190'],[],description,1,0,[],,['39537'],[0.4118089973926544],['description']
山西应县属于哪个市,['47190'],[],description,3,0,[],,"['39537', '46679', '47198']","[0.4118089973926544, 0.395499587059021, 0.3436529040336609]","['description', 'description', 'description']"
山西省地图高清全图,['47190'],[],description,1,0,[],,['46679'],[0.5053894519805908],['description']
山西省地图高清全图,['47190'],[],description,3,0,[],,"['46679', '62306', '47242']","[0.5053894519805908, 0.3359954059123993, 0.3343698978424072]","['description', 'description', 'description']"
平顶山地区地图,['47190'],[],description,1,0,[],,['46679'],[0.5242182612419128],['description']
平顶山地区地图,['47190'],[],description,3,0,[],,"['46679', '47198', '62306']","[0.5242182612419128, 0.4225994944572449, 0.41041117906570435]","['description', 'description', 'description']"
广东省地图出来,['47190'],[],description,1,0,[],,['46679'],[0.6350197196006775],['description']
广东省地图出来,['47190'],[],description,3,0,[],,"['46679', '47198', '62106']","[0.6350197196006775, 0.5151306390762329, 0.49174410104751587]","['description', 'description', 'description']"
广安属于哪里,['47190'],[],description,1,0,[],,['46679'],[0.46120789647102356],['description']
广安属于哪里,['47190'],[],description,3,0,[],,"['46679', '39537', '47198']","[0.46120789647102356, 0.45055055618286133, 0.43385833501815796]","['description', 'description', 'description']"
广西属于哪里,['47190'],[],description,1,0,[],,['46679'],[0.45513680577278137],['description']
广西属于哪里,['47190'],[],description,3,0,[],,"['46679', '39537', '51388']","[0.45513680577278137, 0.45440953969955444, 0.41531693935394287]","['description', 'description', 'description']"
庆阳在哪,['47190'],[],description,1,0,[],,['39537'],[0.46288934350013733],['description']
庆阳在哪,['47190'],[],description,3,0,[],,"['39537', '47198', '46679']","[0.46288934350013733, 0.459576278924942, 0.4044305384159088]","['description', 'description', 'description']"
张家口市属于哪个省,['47190'],[],description,1,0,[],,['39537'],[0.4197882115840912],['description']
张家口市属于哪个省,['47190'],[],description,3,0,[],,"['39537', '46679', '60874']","[0.4197882115840912, 0.41040244698524475, 0.3502698540687561]","['description', 'description', 'description']"
徐州在哪个省份,['47190'],[],description,1,0,[],,['46679'],[0.4358104169368744],['description']
徐州在哪个省份,['47190'],[],description,3,0,[],,"['46679', '39537', '47198']","[0.4358104169368744, 0.4316122233867645, 0.39160215854644775]","['description', 'description', 'description']"
成都属于哪个省份,['47190'],[],description,1,0,[],,['46679'],[0.5219162106513977],['description']
成都属于哪个省份,['47190'],[],description,3,0,[],,"['46679', '39537', '47198']","[0.5219162106513977, 0.4941173195838928, 0.4544289708137512]","['description', 'description', 'description']"
成都市地图高清版可放大,['47190'],[],description,1,0,[],,['46679'],[0.648137629032135],['description']
成都市地图高清版可放大,['47190'],[],description,3,0,[],,"['46679', '47198', '62306']","[0.648137629032135, 0.4843125343322754, 0.4797324240207672]","['description', 'description', 'description']"
承德在呼伦贝尔的什么方向,['47190'],[],description,1,0,[],,['39537'],[0.3701459765434265],['description']
承德在呼伦贝尔的什么方向,['47190'],[],description,3,0,[],,"['39537', '47198', '60874']","[0.3701459765434265, 0.3621577024459839, 0.35941511392593384]","['description', 'description', 'description']"
拉萨在哪里,['47190'],[],description,1,0,[],,['47198'],[0.480003297328949],['description']
拉萨在哪里,['47190'],[],description,3,0,[],,"['47198', '39537', '62106']","[0.480003297328949, 0.465156227350235, 0.4441976547241211]","['description', 'description', 'description']"
搭县属于哪个市,['47190'],[],description,1,0,[],,['46679'],[0.4561169147491455],['description']
搭县属于哪个市,['47190'],[],description,3,0,[],,"['46679', '39537', '47198']","[0.4561169147491455, 0.450169175863266, 0.4462636709213257]","['description', 'description', 'description']"
新沂市是哪里,['47190'],[],description,1,0,[],,['39537'],[0.41528016328811646],['description']
新沂市是哪里,['47190'],[],description,3,0,[],,"['39537', '5917', '46679']","[0.41528016328811646, 0.3856915831565857, 0.3855712413787842]","['description', 'description', 'description']"
新疆地图情况,['47190'],[],description,1,0,[],,['46679'],[0.6208891868591309],['description']
新疆地图情况,['47190'],[],description,3,0,[],,"['46679', '39537', '62306']","[0.6208891868591309, 0.4235355854034424, 0.42096710205078125]","['description', 'description', 'description']"
无锡市属于哪里,['47190'],[],description,1,0,[],,['39537'],[0.46668171882629395],['description']
无锡市属于哪里,['47190'],[],description,3,0,[],,"['39537', '46679', '47198']","[0.46668171882629395, 0.4634200632572174, 0.4394860863685608]","['description', 'description', 'description']"
昆山地图全图高清版,['47190'],[],description,1,0,[],,['46679'],[0.5484358072280884],['description']
昆山地图全图高清版,['47190'],[],description,3,0,[],,"['46679', '47242', '47198']","[0.5484358072280884, 0.44229236245155334, 0.44206827878952026]","['description', 'description', 'description']"
曲阜市属于哪个省哪个市,['47190'],[],description,1,0,[],,['39537'],[0.4201549291610718],['description']
曲阜市属于哪个省哪个市,['47190'],[],description,3,0,[],,"['39537', '46679', '47198']","[0.4201549291610718, 0.4198669493198395, 0.34996724128723145]","['description', 'description', 'description']"
杭州市地图全图可放大,['47190'],[],description,1,0,[],,['46679'],[0.638912558555603],['description']
杭州市地图全图可放大,['47190'],[],description,3,0,[],,"['46679', '62306', '47242']","[0.638912558555603, 0.47890859842300415, 0.4781440496444702]","['description', 'description', 'description']"
杭州市属于哪个省份,['47190'],[],description,1,0,[],,['46679'],[0.539206326007843],['description']
杭州市属于哪个省份,['47190'],[],description,3,0,[],,"['46679', '39537', '47198']","[0.539206326007843, 0.49925607442855835, 0.43992042541503906]","['description', 'description', 'description']"
杭州市有几个区县,['47190'],[],description,1,0,[],,['46679'],[0.5546306371688843],['description']
杭州市有几个区县,['47190'],[],description,3,0,[],,"['46679', '47198', '50192']","[0.5546306371688843, 0.46659794449806213, 0.42796438932418823]","['description', 'description', 'description']"
松江地图,['47190'],[],description,1,0,[],,['46679'],[0.5270043611526489],['description']
松江地图,['47190'],[],description,3,0,[],,"['46679', '47198', '5917']","[0.5270043611526489, 0.4455666244029999, 0.437467098236084]","['description', 'description', 'description']"
梅州市区地图,['47190'],[],description,1,0,[],,['46679'],[0.540831446647644],['description']
梅州市区地图,['47190'],[],description,3,0,[],,"['46679', '62306', '62106']","[0.540831446647644, 0.4154975414276123, 0.4112747311592102]","['description', 'description', 'description']"
武汉属于哪个省份,['47190'],[],description,1,0,[],,['46679'],[0.4828674793243408],['description']
武汉属于哪个省份,['47190'],[],description,3,0,[],,"['46679', '39537', '51388']","[0.4828674793243408, 0.4576103985309601, 0.40510308742523193]","['description', 'description', 'description']"
武汉市市区地图,['47190'],[],description,1,0,[],,['46679'],[0.6276615858078003],['description']
武汉市市区地图,['47190'],[],description,3,0,[],,"['46679', '62106', '62306']","[0.6276615858078003, 0.5171661376953125, 0.5159844756126404]","['description', 'description', 'description']"
毕节有什么区,['47190'],[],description,1,0,[],,['46679'],[0.4728489816188812],['description']
毕节有什么区,['47190'],[],description,3,0,[],,"['46679', '47198', '50192']","[0.4728489816188812, 0.41070812940597534, 0.38471999764442444]","['description', 'description', 'description']"
江苏省在地图的哪个位置,['47190'],[],description,1,0,[],,['46679'],[0.5510219931602478],['description']
江苏省在地图的哪个位置,['47190'],[],description,3,0,[],,"['46679', '5917', '39537']","[0.5510219931602478, 0.4620586037635803, 0.46003457903862]","['description', 'description', 'description']"
江苏省的地图高清版大图,['47190'],[],description,1,0,[],,['46679'],[0.5701496601104736],['description']
江苏省的地图高清版大图,['47190'],[],description,3,0,[],,"['46679', '39537', '51323']","[0.5701496601104736, 0.36180222034454346, 0.3583594560623169]","['description', 'description', 'description']"
江西省乐平市属于哪个市,['47190'],[],description,1,0,[],,['46679'],[0.400761216878891],['description']
江西省乐平市属于哪个市,['47190'],[],description,3,0,[],,"['46679', '39537', '47198']","[0.400761216878891, 0.39622408151626587, 0.37260323762893677]","['description', 'description', 'description']"
江西省地图全图可放大,['47190'],[],description,1,0,[],,['46679'],[0.6026558876037598],['description']
江西省地图全图可放大,['47190'],[],description,3,0,[],,"['46679', '5917', '62306']","[0.6026558876037598, 0.3935753107070923, 0.38840997219085693]","['description', 'description', 'description']"
沁源县属于哪个省哪个市,['47190'],[],description,1,0,[],,['46679'],[0.3976742625236511],['description']
沁源县属于哪个省哪个市,['47190'],[],description,3,0,[],,"['46679', '39537', '51388']","[0.3976742625236511, 0.39705437421798706, 0.3337743282318115]","['description', 'description', 'description']"
沙河市属于哪个省份,['47190'],[],description,1,0,[],,['39537'],[0.43359288573265076],['description']
沙河市属于哪个省份,['47190'],[],description,3,0,[],,"['39537', '46679', '47198']","[0.43359288573265076, 0.4318067729473114, 0.3597330152988434]","['description', 'description', 'description']"
沧州是哪个省份的呀,['47190'],[],description,1,0,[],,['39537'],[0.4637186825275421],['description']
沧州是哪个省份的呀,['47190'],[],description,3,0,[],,"['39537', '46679', '47198']","[0.4637186825275421, 0.4500941038131714, 0.4220030903816223]","['description', 'description', 'description']"
河南北方还是南方,['47190'],[],description,1,0,[],,['39537'],[0.4450141489505768],['description']
河南北方还是南方,['47190'],[],description,3,0,[],,"['39537', '47198', '51388']","[0.4450141489505768, 0.4112823009490967, 0.3928720951080322]","['description', 'description', 'description']"
河南地图…,['47190'],[],description,1,0,[],,['46679'],[0.5853186845779419],['description']
河南地图…,['47190'],[],description,3,0,[],,"['46679', '47198', '39537']","[0.5853186845779419, 0.48998862504959106, 0.4606006145477295]","['description', 'description', 'description']"
济宁属于山东哪个位置,['47190'],[],description,1,0,[],,['39537'],[0.47842860221862793],['description']
济宁属于山东哪个位置,['47190'],[],description,3,0,[],,"['39537', '46679', '47198']","[0.47842860221862793, 0.4474979043006897, 0.44064757227897644]","['description', 'description', 'description']"
浙江丽水市地图高清版,['47190'],[],description,1,0,[],,['46679'],[0.5256834030151367],['description']
浙江丽水市地图高清版,['47190'],[],description,3,0,[],,"['46679', '62306', '62106']","[0.5256834030151367, 0.3920517563819885, 0.3866252601146698]","['description', 'description', 'description']"
浙江属于哪里,['47190'],[],description,1,0,[],,['46679'],[0.5047961473464966],['description']
浙江属于哪里,['47190'],[],description,3,0,[],,"['46679', '39537', '47198']","[0.5047961473464966, 0.49535179138183594, 0.434260755777359]","['description', 'description', 'description']"
海南岛地图,['47190'],[],description,1,0,[],,['46679'],[0.516220211982727],['description']
海南岛地图,['47190'],[],description,3,0,[],,"['46679', '47198', '62106']","[0.516220211982727, 0.38736337423324585, 0.3836251497268677]","['description', 'description', 'description']"
海门市属于哪个市,['47190'],[],description,1,0,[],,['46679'],[0.43306005001068115],['description']
海门市属于哪个市,['47190'],[],description,3,0,[],,"['46679', '39537', '47198']","[0.43306005001068115, 0.4249039888381958, 0.38387250900268555]","['description', 'description', 'description']"
温州地区地图,['47190'],[],description,1,0,[],,['46679'],[0.555802583694458],['description']
温州地区地图,['47190'],[],description,3,0,[],,"['46679', '62106', '62306']","[0.555802583694458, 0.49274736642837524, 0.4908568263053894]","['description', 'description', 'description']"
渭南市属于哪个省,['47190'],[],description,1,0,[],,['46679'],[0.4553501009941101],['description']
渭南市属于哪个省,['47190'],[],description,3,0,[],,"['46679', '39537', '51388']","[0.4553501009941101, 0.4286144971847534, 0.39632338285446167]","['description', 'description', 'description']"
湖北省东部有哪些城市,['47190'],[],description,1,0,[],,['46679'],[0.513472318649292],['description']
湖北省东部有哪些城市,['47190'],[],description,3,0,[],,"['46679', '47198', '39537']","[0.513472318649292, 0.40415310859680176, 0.3998347520828247]","['description', 'description', 'description']"
湖北省地图高清全图,['47190'],[],description,1,0,[],,['46679'],[0.5530268549919128],['description']
湖北省地图高清全图,['47190'],[],description,3,0,[],,"['46679', '39537', '47242']","[0.5530268549919128, 0.3674529790878296, 0.3558058738708496]","['description', 'description', 'description']"
湖南省都有哪几个市,['47190'],[],description,1,0,[],,['46679'],[0.545343279838562],['description']
湖南省都有哪几个市,['47190'],[],description,3,0,[],,"['46679', '39537', '47198']","[0.545343279838562, 0.42178723216056824, 0.40325868129730225]","['description', 'description', 'description']"
湖州市在哪里属于哪个省,['47190'],[],description,1,0,[],,['39537'],[0.46042877435684204],['description']
湖州市在哪里属于哪个省,['47190'],[],description,3,0,[],,"['39537', '46679', '47198']","[0.46042877435684204, 0.4486505389213562, 0.414499431848526]","['description', 'description', 'description']"
湘乡市属于哪个市,['47190'],[],description,1,0,[],,['46679'],[0.44260433316230774],['description']
湘乡市属于哪个市,['47190'],[],description,3,0,[],,"['46679', '39537', '47198']","[0.44260433316230774, 0.41783010959625244, 0.3899903893470764]","['description', 'description', 'description']"
湟源县的地图,['47190'],[],description,1,0,[],,['46679'],[0.5188838839530945],['description']
湟源县的地图,['47190'],[],description,3,0,[],,"['46679', '62306', '62106']","[0.5188838839530945, 0.390597403049469, 0.3879266679286957]","['description', 'description', 'description']"
漯河市区地图高清全图可放大,['47190'],[],description,1,0,[],,['46679'],[0.5282778739929199],['description']
漯河市区地图高清全图可放大,['47190'],[],description,3,0,[],,"['46679', '62306', '47198']","[0.5282778739929199, 0.3860999345779419, 0.3851400911808014]","['description', 'description', 'description']"
焦作地图全图,['47190'],[],description,1,0,[],,['46679'],[0.5017043352127075],['description']
焦作地图全图,['47190'],[],description,3,0,[],,"['46679', '62306', '62106']","[0.5017043352127075, 0.36088889837265015, 0.35636138916015625]","['description', 'description', 'description']"
理县属于哪个市,['47190'],[],description,1,0,[],,['46679'],[0.44903749227523804],['description']
理县属于哪个市,['47190'],[],description,3,0,[],,"['46679', '39537', '47198']","[0.44903749227523804, 0.4080785810947418, 0.3772866725921631]","['description', 'description', 'description']"
瑞昌市属于哪个市,['47190'],[],description,1,0,[],,['46679'],[0.40755391120910645],['description']
瑞昌市属于哪个市,['47190'],[],description,3,0,[],,"['46679', '39537', '47198']","[0.40755391120910645, 0.3967350721359253, 0.3813421428203583]","['description', 'description', 'description']"
甘南是哪个省的城市,['47190'],[],description,1,0,[],,['46679'],[0.44186991453170776],['description']
甘南是哪个省的城市,['47190'],[],description,3,0,[],,"['46679', '39537', '47198']","[0.44186991453170776, 0.3915442228317261, 0.3715440630912781]","['description', 'description', 'description']"
甘肃的县城有哪些,['47190'],[],description,1,0,[],,['46679'],[0.48665791749954224],['description']
甘肃的县城有哪些,['47190'],[],description,3,0,[],,"['46679', '47198', '39537']","[0.48665791749954224, 0.40878117084503174, 0.4012135863304138]","['description', 'description', 'description']"
甘肃省地图全图可放大,['47190'],[],description,1,0,[],,['46679'],[0.5756891965866089],['description']
甘肃省地图全图可放大,['47190'],[],description,3,0,[],,"['46679', '62106', '62306']","[0.5756891965866089, 0.3787420094013214, 0.37835240364074707]","['description', 'description', 'description']"
甘肃省夏河县属于哪个市,['47190'],[],description,1,0,[],,['46679'],[0.40894895792007446],['description']
甘肃省夏河县属于哪个市,['47190'],[],description,3,0,[],,"['46679', '39537', '47198']","[0.40894895792007446, 0.38141006231307983, 0.3323514461517334]","['description', 'description', 'description']"
盐城地区地图,['47190'],[],description,1,0,[],,['46679'],[0.5398787260055542],['description']
盐城地区地图,['47190'],[],description,3,0,[],,"['46679', '47198', '62306']","[0.5398787260055542, 0.4420338571071625, 0.43329745531082153]","['description', 'description', 'description']"
福建地区地图,['47190'],[],description,1,0,[],,['46679'],[0.577803373336792],['description']
福建地区地图,['47190'],[],description,3,0,[],,"['46679', '47198', '62306']","[0.577803373336792, 0.4190930128097534, 0.40738731622695923]","['description', 'description', 'description']"
福建属于哪个市,['47190'],[],description,1,0,[],,['46679'],[0.45701128244400024],['description']
福建属于哪个市,['47190'],[],description,3,0,[],,"['46679', '39537', '47198']","[0.45701128244400024, 0.4355165958404541, 0.38125354051589966]","['description', 'description', 'description']"
秦安县地图,['47190'],[],description,1,0,[],,['46679'],[0.4987521171569824],['description']
秦安县地图,['47190'],[],description,3,0,[],,"['46679', '62306', '62106']","[0.4987521171569824, 0.3567140996456146, 0.35500001907348633]","['description', 'description', 'description']"
绥化市属于哪个市,['47190'],[],description,1,0,[],,['46679'],[0.41425254940986633],['description']
绥化市属于哪个市,['47190'],[],description,3,0,[],,"['46679', '39537', '47198']","[0.41425254940986633, 0.4016777575016022, 0.3417397141456604]","['description', 'description', 'description']"
肇庆属于哪个省,['47190'],[],description,1,0,[],,['39537'],[0.4652911424636841],['description']
肇庆属于哪个省,['47190'],[],description,3,0,[],,"['39537', '47198', '46679']","[0.4652911424636841, 0.43876203894615173, 0.43482500314712524]","['description', 'description', 'description']"
芜湖市地图,['47190'],[],description,1,0,[],,['46679'],[0.5276185870170593],['description']
芜湖市地图,['47190'],[],description,3,0,[],,"['46679', '47198', '62106']","[0.5276185870170593, 0.4619857370853424, 0.43702301383018494]","['description', 'description', 'description']"
苏州在地图哪里,['47190'],[],description,1,0,[],,['46679'],[0.5615255832672119],['description']
苏州在地图哪里,['47190'],[],description,3,0,[],,"['46679', '47198', '47242']","[0.5615255832672119, 0.5207370519638062, 0.49491965770721436]","['description', 'description', 'description']"
英山地图高清版大地图,['47190'],[],description,1,0,[],,['46679'],[0.45778125524520874],['description']
英山地图高清版大地图,['47190'],[],description,3,0,[],,"['46679', '47242', '47198']","[0.45778125524520874, 0.3534550070762634, 0.331343412399292]","['description', 'description', 'description']"
茶陵县地图,['47190'],[],description,1,0,[],,['46679'],[0.4627530574798584],['description']
茶陵县地图,['47190'],[],description,3,0,[],,"['46679', '62306', '62106']","[0.4627530574798584, 0.38159844279289246, 0.3759370744228363]","['description', 'description', 'description']"
菏泽属于哪个市,['47190'],[],description,1,0,[],,['39537'],[0.4732324481010437],['description']
菏泽属于哪个市,['47190'],[],description,3,0,[],,"['39537', '46679', '47198']","[0.4732324481010437, 0.4542710781097412, 0.4117024540901184]","['description', 'description', 'description']"
蓬安地图,['47190'],[],description,1,0,[],,['46679'],[0.48802340030670166],['description']
蓬安地图,['47190'],[],description,3,0,[],,"['46679', '47198', '47242']","[0.48802340030670166, 0.4733792543411255, 0.4044235348701477]","['description', 'description', 'description']"
衡阳地图市区地图,['47190'],[],description,1,0,[],,['46679'],[0.5521089434623718],['description']
衡阳地图市区地图,['47190'],[],description,3,0,[],,"['46679', '47198', '47242']","[0.5521089434623718, 0.4718326926231384, 0.4442744851112366]","['description', 'description', 'description']"
西宁属于哪个省份,['47190'],[],description,1,0,[],,['39537'],[0.4797934889793396],['description']
西宁属于哪个省份,['47190'],[],description,3,0,[],,"['39537', '46679', '47198']","[0.4797934889793396, 0.46535390615463257, 0.4217320680618286]","['description', 'description', 'description']"
西安在哪个位置,['47190'],[],description,1,0,[],,['47198'],[0.4937642216682434],['description']
西安在哪个位置,['47190'],[],description,3,0,[],,"['47198', '39537', '50192']","[0.4937642216682434, 0.4852692484855652, 0.467864990234375]","['description', 'description', 'description']"
西安地图全图可放大,['47190'],[],description,1,0,[],,['46679'],[0.6047282218933105],['description']
西安地图全图可放大,['47190'],[],description,3,0,[],,"['46679', '5012', '62306']","[0.6047282218933105, 0.45717689394950867, 0.4565281271934509]","['description', 'description', 'description']"
西藏有几个县,['47190'],[],description,1,0,[],,['46679'],[0.45272359251976013],['description']
西藏有几个县,['47190'],[],description,3,0,[],,"['46679', '47198', '60338']","[0.45272359251976013, 0.4191097617149353, 0.3900336027145386]","['description', 'description', 'description']"
辽宁市的地图,['47190'],[],description,1,0,[],,['46679'],[0.6046844720840454],['description']
辽宁市的地图,['47190'],[],description,3,0,[],,"['46679', '62306', '62106']","[0.6046844720840454, 0.42494386434555054, 0.4076661169528961]","['description', 'description', 'description']"
邹城地图,['47190'],[],description,1,0,[],,['46679'],[0.5077767372131348],['description']
邹城地图,['47190'],[],description,3,0,[],,"['46679', '47198', '62306']","[0.5077767372131348, 0.4071633815765381, 0.4016880393028259]","['description', 'description', 'description']"
重庆地图全图可放大图片,['47190'],[],description,1,0,[],,['46679'],[0.5894290208816528],['description']
重庆地图全图可放大图片,['47190'],[],description,3,0,[],,"['46679', '62306', '62106']","[0.5894290208816528, 0.4151957929134369, 0.4074181020259857]","['description', 'description', 'description']"
重庆属于哪里,['47190'],[],description,1,0,[],,['39537'],[0.4814988970756531],['description']
重庆属于哪里,['47190'],[],description,3,0,[],,"['39537', '46679', '47198']","[0.4814988970756531, 0.4784041941165924, 0.44071102142333984]","['description', 'description', 'description']"
金牛区地图,['47190'],[],description,1,0,[],,['46679'],[0.5228992104530334],['description']
金牛区地图,['47190'],[],description,3,0,[],,"['46679', '47198', '47242']","[0.5228992104530334, 0.4188113212585449, 0.40662258863449097]","['description', 'description', 'description']"
钟山是哪个市,['47190'],[],description,1,0,[],,['46679'],[0.4209021031856537],['description']
钟山是哪个市,['47190'],[],description,3,0,[],,"['46679', '39537', '47198']","[0.4209021031856537, 0.41318804025650024, 0.40621864795684814]","['description', 'description', 'description']"
长垣县属于哪个市,['47190'],[],description,1,0,[],,['46679'],[0.40823841094970703],['description']
长垣县属于哪个市,['47190'],[],description,3,0,[],,"['46679', '39537', '47198']","[0.40823841094970703, 0.37042510509490967, 0.34355056285858154]","['description', 'description', 'description']"
长沙属那个省,['47190'],[],description,1,0,[],,['46679'],[0.4927518367767334],['description']
长沙属那个省,['47190'],[],description,3,0,[],,"['46679', '39537', '47198']","[0.4927518367767334, 0.48484209179878235, 0.43772539496421814]","['description', 'description', 'description']"
陕西省地图高清全图可放大,['47190'],[],description,1,0,[],,['46679'],[0.5759413242340088],['description']
陕西省地图高清全图可放大,['47190'],[],description,3,0,[],,"['46679', '39537', '62306']","[0.5759413242340088, 0.37023189663887024, 0.3683518171310425]","['description', 'description', 'description']"
霍尔果斯市属于哪个地区,['47190'],[],description,1,0,[],,['46679'],[0.47581714391708374],['description']
霍尔果斯市属于哪个地区,['47190'],[],description,3,0,[],,"['46679', '39537', '47198']","[0.47581714391708374, 0.4413568675518036, 0.41476449370384216]","['description', 'description', 'description']"
青岛地图详细,['47190'],[],description,1,0,[],,['46679'],[0.6499803066253662],['description']
青岛地图详细,['47190'],[],description,3,0,[],,"['46679', '62306', '62106']","[0.6499803066253662, 0.5264323949813843, 0.5250717997550964]","['description', 'description', 'description']"
鲁甸周边地图图片,['47190'],[],description,1,0,[],,['46679'],[0.48040544986724854],['description']
鲁甸周边地图图片,['47190'],[],description,3,0,[],,"['46679', '47198', '47242']","[0.48040544986724854, 0.3925229012966156, 0.3706178665161133]","['description', 'description', 'description']"
黄冈市在湖北省的哪个位置,['47190'],[],description,1,0,[],,['46679'],[0.41071850061416626],['description']
黄冈市在湖北省的哪个位置,['47190'],[],description,3,0,[],,"['46679', '39537', '47198']","[0.41071850061416626, 0.4081641435623169, 0.3867093324661255]","['description', 'description', 'description']"
黄山在哪个省市,['47190'],[],description,1,0,[],,['39537'],[0.435533344745636],['description']
黄山在哪个省市,['47190'],[],description,3,0,[],,"['39537', '46679', '5671']","[0.435533344745636, 0.3939797282218933, 0.3901439309120178]","['description', 'description', 'description']"
龙港市属于哪个市,['47190'],[],description,1,0,[],,['46679'],[0.4338737428188324],['description']
龙港市属于哪个市,['47190'],[],description,3,0,[],,"['46679', '47198', '39537']","[0.4338737428188324, 0.42585283517837524, 0.40399956703186035]","['description', 'description', 'description']"
上海地图全图高清版,['47190'],[],merged,1,0,[],,['46679'],[0.5816625356674194],['title_description']
上海地图全图高清版,['47190'],[],merged,3,0,[],,"['46679', '62106', '62306']","[0.5816625356674194, 0.43208569288253784, 0.42494726181030273]","['title_description', 'title_description', 'title_description']"
上海属于那个省份,['47190'],[],merged,1,0,[],,['46679'],[0.538612961769104],['description']
上海属于那个省份,['47190'],[],merged,3,0,[],,"['46679', '39537', '47198']","[0.538612961769104, 0.4690482020378113, 0.4191135764122009]","['description', 'description', 'description']"
东乌旗属于哪个市,['47190'],[],merged,1,0,[],,['46679'],[0.42398521304130554],['title_description']
东乌旗属于哪个市,['47190'],[],merged,3,0,[],,"['46679', '39537', '47198']","[0.42398521304130554, 0.3994497060775757, 0.37905511260032654]","['title_description', 'description', 'description']"
东台市属于哪个省份,['47190'],[],merged,1,0,[],,['46679'],[0.42155125737190247],['description']
东台市属于哪个省份,['47190'],[],merged,3,0,[],,"['46679', '39537', '5671']","[0.42155125737190247, 0.40608280897140503, 0.38411009311676025]","['description', 'description', 'title_description']"
东莞地图详细,['47190'],[],merged,1,0,[],,['46679'],[0.6457184553146362],['title_description']
东莞地图详细,['47190'],[],merged,3,0,[],,"['46679', '62106', '47198']","[0.6457184553146362, 0.5591161251068115, 0.5436489582061768]","['title_description', 'title_description', 'description']"
中国地图,['47190'],[],merged,1,0,[],,['46679'],[0.6065232753753662],['title_description']
中国地图,['47190'],[],merged,3,0,[],,"['46679', '62106', '62306']","[0.6065232753753662, 0.4986576735973358, 0.47041964530944824]","['title_description', 'title_description', 'title_description']"
义乌市属于哪个市,['47190'],[],merged,1,0,[],,['46679'],[0.46027421951293945],['title_description']
义乌市属于哪个市,['47190'],[],merged,3,0,[],,"['46679', '39537', '47198']","[0.46027421951293945, 0.4090093672275543, 0.40017423033714294]","['title_description', 'description', 'description']"
乐陵是哪个省哪个市的,['47190'],[],merged,1,0,[],,['39537'],[0.38804250955581665],['description']
乐陵是哪个省哪个市的,['47190'],[],merged,3,0,[],,"['39537', '46679', '47198']","[0.38804250955581665, 0.37919726967811584, 0.36707836389541626]","['description', 'description', 'description']"
九江市地图,['47190'],[],merged,1,0,[],,['46679'],[0.5893146991729736],['title_description']
九江市地图,['47190'],[],merged,3,0,[],,"['46679', '62106', '47242']","[0.5893146991729736, 0.4829791784286499, 0.47186264395713806]","['title_description', 'title_description', 'title_description']"
云南怒江州地图全图,['47190'],[],merged,1,0,[],,['46679'],[0.49584609270095825],['title_description']
云南怒江州地图全图,['47190'],[],merged,3,0,[],,"['46679', '62106', '62306']","[0.49584609270095825, 0.3685116767883301, 0.34828490018844604]","['title_description', 'title_description', 'title_description']"
云南省地图上,['47190'],[],merged,1,0,[],,['46679'],[0.6047465801239014],['title_description']
云南省地图上,['47190'],[],merged,3,0,[],,"['46679', '62106', '47198']","[0.6047465801239014, 0.5081230401992798, 0.49199432134628296]","['title_description', 'title_description', 'description']"
从江县属于哪个市,['47190'],[],merged,1,0,[],,['46679'],[0.40492528676986694],['description']
从江县属于哪个市,['47190'],[],merged,3,0,[],,"['46679', '39537', '47198']","[0.40492528676986694, 0.3766806721687317, 0.3496139645576477]","['description', 'description', 'description']"
余姚属于哪个市,['47190'],[],merged,1,0,[],,['46679'],[0.4658265709877014],['title_description']
余姚属于哪个市,['47190'],[],merged,3,0,[],,"['46679', '39537', '47198']","[0.4658265709877014, 0.4348769783973694, 0.40144801139831543]","['title_description', 'description', 'description']"
保定地区的地图,['47190'],[],merged,1,0,[],,['46679'],[0.5990495085716248],['title_description']
保定地区的地图,['47190'],[],merged,3,0,[],,"['46679', '60874', '62106']","[0.5990495085716248, 0.49831268191337585, 0.48084333539009094]","['title_description', 'description', 'title_description']"
克里米亚地图,['47190'],[],merged,1,0,[],,['46679'],[0.5630068778991699],['title_description']
克里米亚地图,['47190'],[],merged,3,0,[],,"['46679', '62106', '62306']","[0.5630068778991699, 0.4553109109401703, 0.4333876967430115]","['title_description', 'title_description', 'title_description']"
兰州看黄河的最佳地点是哪里,['47190'],[],merged,1,0,[],,['62106'],[0.462009996175766],['title_description']
兰州看黄河的最佳地点是哪里,['47190'],[],merged,3,0,[],,"['62106', '5671', '62306']","[0.462009996175766, 0.4494181275367737, 0.44910433888435364]","['title_description', 'title_description', 'title_description']"
内蒙古属于哪个省市,['47190'],[],merged,1,0,[],,['46679'],[0.4801751971244812],['description']
内蒙古属于哪个省市,['47190'],[],merged,3,0,[],,"['46679', '39537', '47198']","[0.4801751971244812, 0.44277700781822205, 0.37526488304138184]","['description', 'description', 'description']"
内蒙古自治区地图,['47190'],[],merged,1,0,[],,['46679'],[0.5460801124572754],['title_description']
内蒙古自治区地图,['47190'],[],merged,3,0,[],,"['46679', '62106', '62306']","[0.5460801124572754, 0.4187568724155426, 0.3983915448188782]","['title_description', 'title_description', 'title_description']"
凉山州有哪些区县,['47190'],[],merged,1,0,[],,['46679'],[0.4971478581428528],['description']
凉山州有哪些区县,['47190'],[],merged,3,0,[],,"['46679', '47272', '47198']","[0.4971478581428528, 0.4026127755641937, 0.40031543374061584]","['description', 'title_description', 'description']"
包头在哈尔滨哪个方向,['47190'],[],merged,1,1,['47190'],1.0,['47190'],[0.45383700728416443],['title_description']
包头在哈尔滨哪个方向,['47190'],[],merged,3,1,['47190'],1.0,"['47190', '47266', '62106']","[0.45383700728416443, 0.4435509741306305, 0.4360227584838867]","['title_description', 'title_description', 'title_description']"
化洲市在哪个省,['47190'],[],merged,1,0,[],,['46679'],[0.4788056015968323],['description']
化洲市在哪个省,['47190'],[],merged,3,0,[],,"['46679', '39537', '47198']","[0.4788056015968323, 0.4358196258544922, 0.4342263340950012]","['description', 'description', 'description']"
南宁在哪里,['47190'],[],merged,1,0,[],,['47198'],[0.5207892656326294],['description']
南宁在哪里,['47190'],[],merged,3,1,['47190'],3.0,"['47198', '47242', '47190']","[0.5207892656326294, 0.48694711923599243, 0.4841480851173401]","['description', 'title_description', 'title_description']"
南昌属于江西的哪个位置,['47190'],[],merged,1,0,[],,['39537'],[0.48153984546661377],['description']
南昌属于江西的哪个位置,['47190'],[],merged,3,0,[],,"['39537', '46679', '47198']","[0.48153984546661377, 0.471343457698822, 0.45721331238746643]","['description', 'title_description', 'description']"
南通属于哪个省份,['47190'],[],merged,1,0,[],,['39537'],[0.47560492157936096],['description']
南通属于哪个省份,['47190'],[],merged,3,0,[],,"['39537', '46679', '47198']","[0.47560492157936096, 0.462832510471344, 0.4434174597263336]","['description', 'description', 'description']"
合肥属于哪个省份,['47190'],[],merged,1,0,[],,['39537'],[0.4837469458580017],['description']
合肥属于哪个省份,['47190'],[],merged,3,0,[],,"['39537', '46679', '47198']","[0.4837469458580017, 0.477101594209671, 0.43388259410858154]","['description', 'title_description', 'description']"
吉林地区地图,['47190'],[],merged,1,0,[],,['46679'],[0.5941029787063599],['title_description']
吉林地区地图,['47190'],[],merged,3,0,[],,"['46679', '62106', '62306']","[0.5941029787063599, 0.4602620005607605, 0.4319792687892914]","['title_description', 'title_description', 'title_description']"
商洛市地图,['47190'],[],merged,1,0,[],,['46679'],[0.5637171268463135],['title_description']
商洛市地图,['47190'],[],merged,3,0,[],,"['46679', '62106', '62306']","[0.5637171268463135, 0.4377134442329407, 0.41996899247169495]","['title_description', 'title_description', 'title_description']"
商洛市属于哪个市,['47190'],[],merged,1,0,[],,['46679'],[0.4558735489845276],['title_description']
商洛市属于哪个市,['47190'],[],merged,3,0,[],,"['46679', '39537', '47198']","[0.4558735489845276, 0.42687708139419556, 0.4013785123825073]","['title_description', 'description', 'description']"
四川地图,['47190'],[],merged,1,0,[],,['46679'],[0.6350151300430298],['title_description']
四川地图,['47190'],[],merged,3,0,[],,"['46679', '62106', '62306']","[0.6350151300430298, 0.5352181196212769, 0.5059984922409058]","['title_description', 'title_description', 'title_description']"
大连属于哪里,['47190'],[],merged,1,0,[],,['39537'],[0.4925810694694519],['description']
大连属于哪里,['47190'],[],merged,3,0,[],,"['39537', '46679', '47198']","[0.4925810694694519, 0.48586463928222656, 0.485792875289917]","['description', 'title_description', 'description']"
天水在哪,['47190'],[],merged,1,0,[],,['62106'],[0.5255123376846313],['title_description']
天水在哪,['47190'],[],merged,3,0,[],,"['62106', '47198', '5671']","[0.5255123376846313, 0.5098490118980408, 0.4941578209400177]","['title_description', 'description', 'title_description']"
天水市西部指哪个县,['47190'],[],merged,1,0,[],,['46679'],[0.4315834641456604],['title_description']
天水市西部指哪个县,['47190'],[],merged,3,0,[],,"['46679', '47198', '62106']","[0.4315834641456604, 0.41749876737594604, 0.4170430302619934]","['title_description', 'description', 'title_description']"
太原属于哪里,['47190'],[],merged,1,0,[],,['39537'],[0.5052385330200195],['description']
太原属于哪里,['47190'],[],merged,3,0,[],,"['39537', '62106', '46679']","[0.5052385330200195, 0.4852249026298523, 0.48321038484573364]","['description', 'title_description', 'title_description']"
安庆是在哪里,['47190'],[],merged,1,0,[],,['47198'],[0.48700085282325745],['description']
安庆是在哪里,['47190'],[],merged,3,0,[],,"['47198', '62106', '39537']","[0.48700085282325745, 0.476667582988739, 0.47605496644973755]","['description', 'title_description', 'description']"
安徽地区地图,['47190'],[],merged,1,0,[],,['46679'],[0.6054888963699341],['title_description']
安徽地区地图,['47190'],[],merged,3,0,[],,"['46679', '62106', '62306']","[0.6054888963699341, 0.4785457253456116, 0.4579957127571106]","['title_description', 'title_description', 'title_description']"
安徽地图高清全图,['47190'],[],merged,1,0,[],,['46679'],[0.5227351188659668],['title_description']
安徽地图高清全图,['47190'],[],merged,3,0,[],,"['46679', '62106', '62306']","[0.5227351188659668, 0.39678704738616943, 0.38174229860305786]","['title_description', 'title_description', 'title_description']"
安徽西部有哪些城市,['47190'],[],merged,1,0,[],,['46679'],[0.469636470079422],['title_description']
安徽西部有哪些城市,['47190'],[],merged,3,0,[],,"['46679', '62106', '62306']","[0.469636470079422, 0.41198524832725525, 0.394428014755249]","['title_description', 'title_description', 'title_description']"
宜昌属于哪个市,['47190'],[],merged,1,0,[],,['46679'],[0.4676695764064789],['title_description']
宜昌属于哪个市,['47190'],[],merged,3,0,[],,"['46679', '39537', '47198']","[0.4676695764064789, 0.44498270750045776, 0.4060210585594177]","['title_description', 'description', 'description']"
宜都在哪里,['47190'],[],merged,1,0,[],,['47198'],[0.5876768827438354],['description']
宜都在哪里,['47190'],[],merged,3,0,[],,"['47198', '62106', '5671']","[0.5876768827438354, 0.5556464195251465, 0.548409104347229]","['description', 'title_description', 'title_description']"
宣州区地图全图高清版,['47190'],[],merged,1,0,[],,['46679'],[0.542259931564331],['title_description']
宣州区地图全图高清版,['47190'],[],merged,3,0,[],,"['46679', '62106', '62306']","[0.542259931564331, 0.4260637164115906, 0.40595585107803345]","['title_description', 'title_description', 'title_description']"
山东曲阜在哪个市,['47190'],[],merged,1,0,[],,['39537'],[0.40207135677337646],['description']
山东曲阜在哪个市,['47190'],[],merged,3,0,[],,"['39537', '46679', '62106']","[0.40207135677337646, 0.388633131980896, 0.3575749397277832]","['description', 'title_description', 'title_description']"
山东省临沂市地图,['47190'],[],merged,1,0,[],,['46679'],[0.5696916580200195],['title_description']
山东省临沂市地图,['47190'],[],merged,3,0,[],,"['46679', '62106', '62306']","[0.5696916580200195, 0.4303416609764099, 0.4214818775653839]","['title_description', 'title_description', 'title_description']"
山东省各县地图,['47190'],[],merged,1,0,[],,['46679'],[0.5937083959579468],['description']
山东省各县地图,['47190'],[],merged,3,0,[],,"['46679', '62106', '62306']","[0.5937083959579468, 0.4162460267543793, 0.41293326020240784]","['description', 'title_description', 'title_description']"
山东省蒙阴县属于哪个市,['47190'],[],merged,1,0,[],,['46679'],[0.3590056896209717],['description']
山东省蒙阴县属于哪个市,['47190'],[],merged,3,0,[],,"['46679', '39537', '5671']","[0.3590056896209717, 0.357920378446579, 0.3110414147377014]","['description', 'description', 'title_description']"
山西应县属于哪个市,['47190'],[],merged,1,0,[],,['39537'],[0.4118089973926544],['description']
山西应县属于哪个市,['47190'],[],merged,3,0,[],,"['39537', '46679', '62106']","[0.4118089973926544, 0.40283724665641785, 0.35090386867523193]","['description', 'title_description', 'title_description']"
山西省地图高清全图,['47190'],[],merged,1,0,[],,['46679'],[0.5128016471862793],['title_description']
山西省地图高清全图,['47190'],[],merged,3,0,[],,"['46679', '62106', '62306']","[0.5128016471862793, 0.3802512288093567, 0.3689727187156677]","['title_description', 'title_description', 'title_description']"
平顶山地区地图,['47190'],[],merged,1,0,[],,['46679'],[0.553078830242157],['title_description']
平顶山地区地图,['47190'],[],merged,3,0,[],,"['46679', '62306', '62106']","[0.553078830242157, 0.4482726752758026, 0.4476172924041748]","['title_description', 'title_description', 'title_description']"
广东省地图出来,['47190'],[],merged,1,0,[],,['46679'],[0.6589987874031067],['title_description']
广东省地图出来,['47190'],[],merged,3,1,['47190'],3.0,"['46679', '62106', '47190']","[0.6589987874031067, 0.5692253112792969, 0.5327039957046509]","['title_description', 'title_description', 'title_description']"
广安属于哪里,['47190'],[],merged,1,0,[],,['46679'],[0.46518564224243164],['title_description']
广安属于哪里,['47190'],[],merged,3,0,[],,"['46679', '39537', '47198']","[0.46518564224243164, 0.45055055618286133, 0.43385833501815796]","['title_description', 'description', 'description']"
广西属于哪里,['47190'],[],merged,1,0,[],,['46679'],[0.45513680577278137],['description']
广西属于哪里,['47190'],[],merged,3,0,[],,"['46679', '39537', '51388']","[0.45513680577278137, 0.45440953969955444, 0.41531693935394287]","['description', 'description', 'description']"
庆阳在哪,['47190'],[],merged,1,0,[],,['39537'],[0.46288934350013733],['description']
庆阳在哪,['47190'],[],merged,3,0,[],,"['39537', '47198', '62106']","[0.46288934350013733, 0.459576278924942, 0.45168179273605347]","['description', 'description', 'title_description']"
张家口市属于哪个省,['47190'],[],merged,1,0,[],,['39537'],[0.4197882115840912],['description']
张家口市属于哪个省,['47190'],[],merged,3,0,[],,"['39537', '46679', '60874']","[0.4197882115840912, 0.41040244698524475, 0.3502698540687561]","['description', 'description', 'description']"
徐州在哪个省份,['47190'],[],merged,1,0,[],,['46679'],[0.44151514768600464],['title_description']
徐州在哪个省份,['47190'],[],merged,3,0,[],,"['46679', '39537', '47242']","[0.44151514768600464, 0.4316122233867645, 0.4008934497833252]","['title_description', 'description', 'title_description']"
成都属于哪个省份,['47190'],[],merged,1,0,[],,['46679'],[0.5219162106513977],['description']
成都属于哪个省份,['47190'],[],merged,3,0,[],,"['46679', '39537', '47198']","[0.5219162106513977, 0.4941173195838928, 0.4544289708137512]","['description', 'description', 'description']"
成都市地图高清版可放大,['47190'],[],merged,1,0,[],,['46679'],[0.6862031817436218],['title_description']
成都市地图高清版可放大,['47190'],[],merged,3,0,[],,"['46679', '62106', '62306']","[0.6862031817436218, 0.5272140502929688, 0.5188959836959839]","['title_description', 'title_description', 'title_description']"
承德在呼伦贝尔的什么方向,['47190'],[],merged,1,0,[],,['39537'],[0.3701459765434265],['description']
承德在呼伦贝尔的什么方向,['47190'],[],merged,3,0,[],,"['39537', '60874', '47198']","[0.3701459765434265, 0.3685331642627716, 0.3621577024459839]","['description', 'title_description', 'description']"
拉萨在哪里,['47190'],[],merged,1,0,[],,['62106'],[0.5029329061508179],['title_description']
拉萨在哪里,['47190'],[],merged,3,0,[],,"['62106', '62306', '47198']","[0.5029329061508179, 0.4821367859840393, 0.480003297328949]","['title_description', 'title_description', 'description']"
搭县属于哪个市,['47190'],[],merged,1,0,[],,['46679'],[0.45941242575645447],['title_description']
搭县属于哪个市,['47190'],[],merged,3,0,[],,"['46679', '39537', '47198']","[0.45941242575645447, 0.450169175863266, 0.4462636709213257]","['title_description', 'description', 'description']"
新沂市是哪里,['47190'],[],merged,1,0,[],,['4982'],[0.4434780478477478],['title_description']
新沂市是哪里,['47190'],[],merged,3,0,[],,"['4982', '61111', '39537']","[0.4434780478477478, 0.4190601706504822, 0.41528016328811646]","['title_description', 'title_description', 'description']"
新疆地图情况,['47190'],[],merged,1,0,[],,['46679'],[0.6332930326461792],['title_description']
新疆地图情况,['47190'],[],merged,3,0,[],,"['46679', '62106', '62306']","[0.6332930326461792, 0.48923736810684204, 0.4604681730270386]","['title_description', 'title_description', 'title_description']"
无锡市属于哪里,['47190'],[],merged,1,0,[],,['46679'],[0.4744594097137451],['title_description']
无锡市属于哪里,['47190'],[],merged,3,0,[],,"['46679', '39537', '62106']","[0.4744594097137451, 0.46668171882629395, 0.4488024115562439]","['title_description', 'description', 'title_description']"
昆山地图全图高清版,['47190'],[],merged,1,0,[],,['46679'],[0.5942288637161255],['title_description']
昆山地图全图高清版,['47190'],[],merged,3,0,[],,"['46679', '47242', '62106']","[0.5942288637161255, 0.5020203590393066, 0.4774678945541382]","['title_description', 'title_description', 'title_description']"
曲阜市属于哪个省哪个市,['47190'],[],merged,1,0,[],,['39537'],[0.4201549291610718],['description']
曲阜市属于哪个省哪个市,['47190'],[],merged,3,0,[],,"['39537', '46679', '5671']","[0.4201549291610718, 0.4198669493198395, 0.3572688102722168]","['description', 'description', 'title_description']"
杭州市地图全图可放大,['47190'],[],merged,1,0,[],,['46679'],[0.6751892566680908],['title_description']
杭州市地图全图可放大,['47190'],[],merged,3,0,[],,"['46679', '62106', '62306']","[0.6751892566680908, 0.5334346294403076, 0.5250082612037659]","['title_description', 'title_description', 'title_description']"
杭州市属于哪个省份,['47190'],[],merged,1,0,[],,['46679'],[0.539206326007843],['description']
杭州市属于哪个省份,['47190'],[],merged,3,0,[],,"['46679', '39537', '62106']","[0.539206326007843, 0.49925607442855835, 0.4558015465736389]","['description', 'description', 'title_description']"
杭州市有几个区县,['47190'],[],merged,1,0,[],,['46679'],[0.5546306371688843],['description']
杭州市有几个区县,['47190'],[],merged,3,0,[],,"['46679', '47198', '62106']","[0.5546306371688843, 0.46659794449806213, 0.4559004604816437]","['description', 'description', 'title_description']"
松江地图,['47190'],[],merged,1,0,[],,['46679'],[0.5640547871589661],['title_description']
松江地图,['47190'],[],merged,3,1,['47190'],2.0,"['46679', '47190', '62106']","[0.5640547871589661, 0.49203237891197205, 0.4811003804206848]","['title_description', 'title_description', 'title_description']"
梅州市区地图,['47190'],[],merged,1,0,[],,['46679'],[0.5730246305465698],['title_description']
梅州市区地图,['47190'],[],merged,3,1,['47190'],3.0,"['46679', '62106', '47190']","[0.5730246305465698, 0.45592331886291504, 0.4525133967399597]","['title_description', 'title_description', 'title_description']"
武汉属于哪个省份,['47190'],[],merged,1,0,[],,['46679'],[0.4828674793243408],['description']
武汉属于哪个省份,['47190'],[],merged,3,0,[],,"['46679', '39537', '62106']","[0.4828674793243408, 0.4576103985309601, 0.41821447014808655]","['description', 'description', 'title_description']"
武汉市市区地图,['47190'],[],merged,1,0,[],,['46679'],[0.6701023578643799],['title_description']
武汉市市区地图,['47190'],[],merged,3,1,['47190'],2.0,"['46679', '47190', '62106']","[0.6701023578643799, 0.5833523273468018, 0.5736137628555298]","['title_description', 'title_description', 'title_description']"
毕节有什么区,['47190'],[],merged,1,0,[],,['46679'],[0.4728489816188812],['description']
毕节有什么区,['47190'],[],merged,3,0,[],,"['46679', '47198', '5671']","[0.4728489816188812, 0.41070812940597534, 0.39708396792411804]","['description', 'description', 'title_description']"
江苏省在地图的哪个位置,['47190'],[],merged,1,0,[],,['46679'],[0.5560815930366516],['title_description']
江苏省在地图的哪个位置,['47190'],[],merged,3,0,[],,"['46679', '62106', '5917']","[0.5560815930366516, 0.48034700751304626, 0.4620586037635803]","['title_description', 'title_description', 'description']"
江苏省的地图高清版大图,['47190'],[],merged,1,0,[],,['46679'],[0.5771664381027222],['title_description']
江苏省的地图高清版大图,['47190'],[],merged,3,0,[],,"['46679', '62106', '62306']","[0.5771664381027222, 0.40091755986213684, 0.38670697808265686]","['title_description', 'title_description', 'title_description']"
江西省乐平市属于哪个市,['47190'],[],merged,1,0,[],,['46679'],[0.40480560064315796],['title_description']
江西省乐平市属于哪个市,['47190'],[],merged,3,0,[],,"['46679', '39537', '47198']","[0.40480560064315796, 0.39622408151626587, 0.37260323762893677]","['title_description', 'description', 'description']"
江西省地图全图可放大,['47190'],[],merged,1,0,[],,['46679'],[0.6118195056915283],['title_description']
江西省地图全图可放大,['47190'],[],merged,3,0,[],,"['46679', '62106', '62306']","[0.6118195056915283, 0.44341450929641724, 0.4275880753993988]","['title_description', 'title_description', 'title_description']"
沁源县属于哪个省哪个市,['47190'],[],merged,1,0,[],,['46679'],[0.3976742625236511],['description']
沁源县属于哪个省哪个市,['47190'],[],merged,3,0,[],,"['46679', '39537', '62106']","[0.3976742625236511, 0.39705437421798706, 0.34982040524482727]","['description', 'description', 'title_description']"
沙河市属于哪个省份,['47190'],[],merged,1,0,[],,['39537'],[0.43359288573265076],['description']
沙河市属于哪个省份,['47190'],[],merged,3,0,[],,"['39537', '46679', '47198']","[0.43359288573265076, 0.4318067729473114, 0.3597330152988434]","['description', 'description', 'description']"
沧州是哪个省份的呀,['47190'],[],merged,1,0,[],,['39537'],[0.4637186825275421],['description']
沧州是哪个省份的呀,['47190'],[],merged,3,0,[],,"['39537', '46679', '47198']","[0.4637186825275421, 0.45915165543556213, 0.4220030903816223]","['description', 'title_description', 'description']"
河南北方还是南方,['47190'],[],merged,1,0,[],,['39537'],[0.4450141489505768],['description']
河南北方还是南方,['47190'],[],merged,3,0,[],,"['39537', '47198', '46679']","[0.4450141489505768, 0.4112823009490967, 0.4085533916950226]","['description', 'description', 'title_description']"
河南地图…,['47190'],[],merged,1,0,[],,['46679'],[0.6159211993217468],['title_description']
河南地图…,['47190'],[],merged,3,0,[],,"['46679', '62106', '62306']","[0.6159211993217468, 0.5233645439147949, 0.4941524267196655]","['title_description', 'title_description', 'title_description']"
济宁属于山东哪个位置,['47190'],[],merged,1,0,[],,['39537'],[0.47842860221862793],['description']
济宁属于山东哪个位置,['47190'],[],merged,3,0,[],,"['39537', '46679', '47198']","[0.47842860221862793, 0.4564661979675293, 0.44064757227897644]","['description', 'title_description', 'description']"
浙江丽水市地图高清版,['47190'],[],merged,1,0,[],,['46679'],[0.5505869388580322],['title_description']
浙江丽水市地图高清版,['47190'],[],merged,3,0,[],,"['46679', '62106', '62306']","[0.5505869388580322, 0.42717334628105164, 0.42061442136764526]","['title_description', 'title_description', 'title_description']"
浙江属于哪里,['47190'],[],merged,1,0,[],,['46679'],[0.5047961473464966],['description']
浙江属于哪里,['47190'],[],merged,3,0,[],,"['46679', '39537', '5671']","[0.5047961473464966, 0.49535179138183594, 0.4401615560054779]","['description', 'description', 'title_description']"
海南岛地图,['47190'],[],merged,1,0,[],,['46679'],[0.5481473207473755],['title_description']
海南岛地图,['47190'],[],merged,3,0,[],,"['46679', '62106', '62306']","[0.5481473207473755, 0.44874629378318787, 0.4192185401916504]","['title_description', 'title_description', 'title_description']"
海门市属于哪个市,['47190'],[],merged,1,0,[],,['46679'],[0.4406125247478485],['title_description']
海门市属于哪个市,['47190'],[],merged,3,0,[],,"['46679', '39537', '47198']","[0.4406125247478485, 0.4249039888381958, 0.38387250900268555]","['title_description', 'description', 'description']"
温州地区地图,['47190'],[],merged,1,0,[],,['46679'],[0.5925049781799316],['title_description']
温州地区地图,['47190'],[],merged,3,0,[],,"['46679', '62106', '62306']","[0.5925049781799316, 0.5395129919052124, 0.5279110074043274]","['title_description', 'title_description', 'title_description']"
渭南市属于哪个省,['47190'],[],merged,1,0,[],,['46679'],[0.4553501009941101],['description']
渭南市属于哪个省,['47190'],[],merged,3,0,[],,"['46679', '39537', '51388']","[0.4553501009941101, 0.4286144971847534, 0.39632338285446167]","['description', 'description', 'description']"
湖北省东部有哪些城市,['47190'],[],merged,1,0,[],,['46679'],[0.513472318649292],['description']
湖北省东部有哪些城市,['47190'],[],merged,3,0,[],,"['46679', '62106', '47198']","[0.513472318649292, 0.41169220209121704, 0.40415310859680176]","['description', 'title_description', 'description']"
湖北省地图高清全图,['47190'],[],merged,1,0,[],,['46679'],[0.5636212825775146],['title_description']
湖北省地图高清全图,['47190'],[],merged,3,0,[],,"['46679', '62106', '62306']","[0.5636212825775146, 0.4063448905944824, 0.3779274821281433]","['title_description', 'title_description', 'title_description']"
湖南省都有哪几个市,['47190'],[],merged,1,0,[],,['46679'],[0.545343279838562],['description']
湖南省都有哪几个市,['47190'],[],merged,3,0,[],,"['46679', '39537', '47198']","[0.545343279838562, 0.42178723216056824, 0.40325868129730225]","['description', 'description', 'description']"
湖州市在哪里属于哪个省,['47190'],[],merged,1,0,[],,['39537'],[0.46042877435684204],['description']
湖州市在哪里属于哪个省,['47190'],[],merged,3,0,[],,"['39537', '46679', '62106']","[0.46042877435684204, 0.4486505389213562, 0.4158972501754761]","['description', 'description', 'title_description']"
湘乡市属于哪个市,['47190'],[],merged,1,0,[],,['46679'],[0.4476777911186218],['title_description']
湘乡市属于哪个市,['47190'],[],merged,3,0,[],,"['46679', '39537', '47198']","[0.4476777911186218, 0.41783010959625244, 0.3899903893470764]","['title_description', 'description', 'description']"
湟源县的地图,['47190'],[],merged,1,0,[],,['46679'],[0.5416607856750488],['title_description']
湟源县的地图,['47190'],[],merged,3,0,[],,"['46679', '62106', '62306']","[0.5416607856750488, 0.44713616371154785, 0.42573145031929016]","['title_description', 'title_description', 'title_description']"
漯河市区地图高清全图可放大,['47190'],[],merged,1,0,[],,['46679'],[0.5625796914100647],['title_description']
漯河市区地图高清全图可放大,['47190'],[],merged,3,1,['47190'],3.0,"['46679', '62106', '47190']","[0.5625796914100647, 0.4241187572479248, 0.4211145043373108]","['title_description', 'title_description', 'title_description']"
焦作地图全图,['47190'],[],merged,1,0,[],,['46679'],[0.5280532836914062],['title_description']
焦作地图全图,['47190'],[],merged,3,0,[],,"['46679', '62106', '62306']","[0.5280532836914062, 0.4049105644226074, 0.3957405090332031]","['title_description', 'title_description', 'title_description']"
理县属于哪个市,['47190'],[],merged,1,0,[],,['46679'],[0.44903749227523804],['description']
理县属于哪个市,['47190'],[],merged,3,0,[],,"['46679', '39537', '5671']","[0.44903749227523804, 0.4080785810947418, 0.3790721893310547]","['description', 'description', 'title_description']"
瑞昌市属于哪个市,['47190'],[],merged,1,0,[],,['46679'],[0.43357861042022705],['title_description']
瑞昌市属于哪个市,['47190'],[],merged,3,0,[],,"['46679', '39537', '47198']","[0.43357861042022705, 0.3967350721359253, 0.3813421428203583]","['title_description', 'description', 'description']"
甘南是哪个省的城市,['47190'],[],merged,1,0,[],,['46679'],[0.44291192293167114],['title_description']
甘南是哪个省的城市,['47190'],[],merged,3,0,[],,"['46679', '62106', '39537']","[0.44291192293167114, 0.3990201950073242, 0.3915442228317261]","['title_description', 'title_description', 'description']"
甘肃的县城有哪些,['47190'],[],merged,1,0,[],,['46679'],[0.48665791749954224],['description']
甘肃的县城有哪些,['47190'],[],merged,3,0,[],,"['46679', '62106', '47198']","[0.48665791749954224, 0.42612987756729126, 0.40878117084503174]","['description', 'title_description', 'description']"
甘肃省地图全图可放大,['47190'],[],merged,1,0,[],,['46679'],[0.583236038684845],['title_description']
甘肃省地图全图可放大,['47190'],[],merged,3,0,[],,"['46679', '62106', '62306']","[0.583236038684845, 0.4322870075702667, 0.40516197681427]","['title_description', 'title_description', 'title_description']"
甘肃省夏河县属于哪个市,['47190'],[],merged,1,0,[],,['46679'],[0.40894895792007446],['description']
甘肃省夏河县属于哪个市,['47190'],[],merged,3,0,[],,"['46679', '39537', '62106']","[0.40894895792007446, 0.38141006231307983, 0.3484565019607544]","['description', 'description', 'title_description']"
盐城地区地图,['47190'],[],merged,1,0,[],,['46679'],[0.5733835697174072],['title_description']
盐城地区地图,['47190'],[],merged,3,0,[],,"['46679', '62106', '62306']","[0.5733835697174072, 0.4849410653114319, 0.4730282425880432]","['title_description', 'title_description', 'title_description']"
福建地区地图,['47190'],[],merged,1,0,[],,['46679'],[0.5964866876602173],['title_description']
福建地区地图,['47190'],[],merged,3,0,[],,"['46679', '62106', '62306']","[0.5964866876602173, 0.47666266560554504, 0.4462704658508301]","['title_description', 'title_description', 'title_description']"
福建属于哪个市,['47190'],[],merged,1,0,[],,['46679'],[0.45701128244400024],['description']
福建属于哪个市,['47190'],[],merged,3,0,[],,"['46679', '39537', '47198']","[0.45701128244400024, 0.4355165958404541, 0.38125354051589966]","['description', 'description', 'description']"
秦安县地图,['47190'],[],merged,1,0,[],,['46679'],[0.5055432319641113],['title_description']
秦安县地图,['47190'],[],merged,3,0,[],,"['46679', '62106', '62306']","[0.5055432319641113, 0.4096999764442444, 0.3867374658584595]","['title_description', 'title_description', 'title_description']"
绥化市属于哪个市,['47190'],[],merged,1,0,[],,['46679'],[0.4145389497280121],['title_description']
绥化市属于哪个市,['47190'],[],merged,3,0,[],,"['46679', '39537', '47198']","[0.4145389497280121, 0.4016777575016022, 0.3417397141456604]","['title_description', 'description', 'description']"
肇庆属于哪个省,['47190'],[],merged,1,0,[],,['39537'],[0.4652911424636841],['description']
肇庆属于哪个省,['47190'],[],merged,3,0,[],,"['39537', '47198', '5671']","[0.4652911424636841, 0.43876203894615173, 0.4382832944393158]","['description', 'description', 'title_description']"
芜湖市地图,['47190'],[],merged,1,0,[],,['46679'],[0.5636124610900879],['title_description']
芜湖市地图,['47190'],[],merged,3,0,[],,"['46679', '62106', '62306']","[0.5636124610900879, 0.49245715141296387, 0.4748299717903137]","['title_description', 'title_description', 'title_description']"
苏州在地图哪里,['47190'],[],merged,1,0,[],,['46679'],[0.5935344099998474],['title_description']
苏州在地图哪里,['47190'],[],merged,3,0,[],,"['46679', '62106', '62306']","[0.5935344099998474, 0.5624386668205261, 0.5357908010482788]","['title_description', 'title_description', 'title_description']"
英山地图高清版大地图,['47190'],[],merged,1,0,[],,['46679'],[0.49599093198776245],['title_description']
英山地图高清版大地图,['47190'],[],merged,3,0,[],,"['46679', '62106', '47242']","[0.49599093198776245, 0.38413625955581665, 0.3700781464576721]","['title_description', 'title_description', 'title_description']"
茶陵县地图,['47190'],[],merged,1,0,[],,['46679'],[0.4853227436542511],['title_description']
茶陵县地图,['47190'],[],merged,3,0,[],,"['46679', '62106', '62306']","[0.4853227436542511, 0.4138789474964142, 0.40082353353500366]","['title_description', 'title_description', 'title_description']"
菏泽属于哪个市,['47190'],[],merged,1,0,[],,['39537'],[0.4732324481010437],['description']
菏泽属于哪个市,['47190'],[],merged,3,0,[],,"['39537', '46679', '47198']","[0.4732324481010437, 0.46881842613220215, 0.4117024540901184]","['description', 'title_description', 'description']"
蓬安地图,['47190'],[],merged,1,0,[],,['46679'],[0.5221707820892334],['title_description']
蓬安地图,['47190'],[],merged,3,0,[],,"['46679', '47198', '62106']","[0.5221707820892334, 0.4733792543411255, 0.45642411708831787]","['title_description', 'description', 'title_description']"
衡阳地图市区地图,['47190'],[],merged,1,0,[],,['46679'],[0.5979634523391724],['title_description']
衡阳地图市区地图,['47190'],[],merged,3,1,['47190'],2.0,"['46679', '47190', '62106']","[0.5979634523391724, 0.5019025802612305, 0.49815231561660767]","['title_description', 'title_description', 'title_description']"
西宁属于哪个省份,['47190'],[],merged,1,0,[],,['39537'],[0.4797934889793396],['description']
西宁属于哪个省份,['47190'],[],merged,3,0,[],,"['39537', '46679', '47198']","[0.4797934889793396, 0.46801531314849854, 0.4217320680618286]","['description', 'title_description', 'description']"
西安在哪个位置,['47190'],[],merged,1,0,[],,['62106'],[0.5141876935958862],['title_description']
西安在哪个位置,['47190'],[],merged,3,0,[],,"['62106', '46679', '47198']","[0.5141876935958862, 0.49922075867652893, 0.4937642216682434]","['title_description', 'title_description', 'description']"
西安地图全图可放大,['47190'],[],merged,1,0,[],,['46679'],[0.6365265846252441],['title_description']
西安地图全图可放大,['47190'],[],merged,3,0,[],,"['46679', '62106', '62306']","[0.6365265846252441, 0.5092387795448303, 0.49541762471199036]","['title_description', 'title_description', 'title_description']"
西藏有几个县,['47190'],[],merged,1,0,[],,['46679'],[0.45272359251976013],['description']
西藏有几个县,['47190'],[],merged,3,0,[],,"['46679', '5671', '47198']","[0.45272359251976013, 0.4191441833972931, 0.4191097617149353]","['description', 'title_description', 'description']"
辽宁市的地图,['47190'],[],merged,1,0,[],,['46679'],[0.6215159893035889],['title_description']
辽宁市的地图,['47190'],[],merged,3,0,[],,"['46679', '62106', '62306']","[0.6215159893035889, 0.4645882248878479, 0.4584781527519226]","['title_description', 'title_description', 'title_description']"
邹城地图,['47190'],[],merged,1,0,[],,['46679'],[0.5398913621902466],['title_description']
邹城地图,['47190'],[],merged,3,0,[],,"['46679', '62106', '62306']","[0.5398913621902466, 0.4589511454105377, 0.4431926906108856]","['title_description', 'title_description', 'title_description']"
重庆地图全图可放大图片,['47190'],[],merged,1,0,[],,['46679'],[0.618212103843689],['title_description']
重庆地图全图可放大图片,['47190'],[],merged,3,0,[],,"['46679', '62106', '62306']","[0.618212103843689, 0.46313488483428955, 0.4548547863960266]","['title_description', 'title_description', 'title_description']"
重庆属于哪里,['47190'],[],merged,1,0,[],,['46679'],[0.48677733540534973],['title_description']
重庆属于哪里,['47190'],[],merged,3,0,[],,"['46679', '39537', '47198']","[0.48677733540534973, 0.4814988970756531, 0.44071102142333984]","['title_description', 'description', 'description']"
金牛区地图,['47190'],[],merged,1,0,[],,['46679'],[0.5636498928070068],['title_description']
金牛区地图,['47190'],[],merged,3,1,['47190'],2.0,"['46679', '47190', '62106']","[0.5636498928070068, 0.4444483518600464, 0.43075132369995117]","['title_description', 'title_description', 'title_description']"
钟山是哪个市,['47190'],[],merged,1,0,[],,['46679'],[0.4307892620563507],['title_description']
钟山是哪个市,['47190'],[],merged,3,0,[],,"['46679', '39537', '5671']","[0.4307892620563507, 0.41318804025650024, 0.4111369252204895]","['title_description', 'description', 'title_description']"
长垣县属于哪个市,['47190'],[],merged,1,0,[],,['46679'],[0.4118835926055908],['title_description']
长垣县属于哪个市,['47190'],[],merged,3,0,[],,"['46679', '39537', '47198']","[0.4118835926055908, 0.37042510509490967, 0.34355056285858154]","['title_description', 'description', 'description']"
长沙属那个省,['47190'],[],merged,1,0,[],,['46679'],[0.49736329913139343],['title_description']
长沙属那个省,['47190'],[],merged,3,0,[],,"['46679', '39537', '47198']","[0.49736329913139343, 0.48484209179878235, 0.43772539496421814]","['title_description', 'description', 'description']"
陕西省地图高清全图可放大,['47190'],[],merged,1,0,[],,['46679'],[0.5847025513648987],['title_description']
陕西省地图高清全图可放大,['47190'],[],merged,3,0,[],,"['46679', '62106', '62306']","[0.5847025513648987, 0.4225020408630371, 0.40299999713897705]","['title_description', 'title_description', 'title_description']"
霍尔果斯市属于哪个地区,['47190'],[],merged,1,0,[],,['46679'],[0.48535245656967163],['title_description']
霍尔果斯市属于哪个地区,['47190'],[],merged,3,0,[],,"['46679', '39537', '62106']","[0.48535245656967163, 0.4413568675518036, 0.41809290647506714]","['title_description', 'description', 'title_description']"
青岛地图详细,['47190'],[],merged,1,0,[],,['46679'],[0.6922885179519653],['title_description']
青岛地图详细,['47190'],[],merged,3,0,[],,"['46679', '62106', '62306']","[0.6922885179519653, 0.5940154790878296, 0.574482798576355]","['title_description', 'title_description', 'title_description']"
鲁甸周边地图图片,['47190'],[],merged,1,0,[],,['46679'],[0.5041711330413818],['title_description']
鲁甸周边地图图片,['47190'],[],merged,3,0,[],,"['46679', '62106', '47198']","[0.5041711330413818, 0.40562573075294495, 0.3925229012966156]","['title_description', 'title_description', 'description']"
黄冈市在湖北省的哪个位置,['47190'],[],merged,1,0,[],,['46679'],[0.4205757975578308],['title_description']
黄冈市在湖北省的哪个位置,['47190'],[],merged,3,0,[],,"['46679', '39537', '62106']","[0.4205757975578308, 0.4081641435623169, 0.39493703842163086]","['title_description', 'description', 'title_description']"
黄山在哪个省市,['47190'],[],merged,1,0,[],,['5671'],[0.43792298436164856],['title_description']
黄山在哪个省市,['47190'],[],merged,3,0,[],,"['5671', '39537', '62106']","[0.43792298436164856, 0.435533344745636, 0.42166078090667725]","['title_description', 'description', 'title_description']"
龙港市属于哪个市,['47190'],[],merged,1,0,[],,['46679'],[0.45710551738739014],['title_description']
龙港市属于哪个市,['47190'],[],merged,3,0,[],,"['46679', '47198', '62106']","[0.45710551738739014, 0.42585283517837524, 0.42026546597480774]","['title_description', 'description', 'title_description']"
上海地图全图高清版,['47190'],[],title_description,1,0,[],,['46679'],[0.5816625356674194],['title_description']
上海地图全图高清版,['47190'],[],title_description,3,0,[],,"['46679', '62106', '62306']","[0.5816625356674194, 0.43208569288253784, 0.42494726181030273]","['title_description', 'title_description', 'title_description']"
上海属于那个省份,['47190'],[],title_description,1,0,[],,['46679'],[0.5249896049499512],['title_description']
上海属于那个省份,['47190'],[],title_description,3,0,[],,"['46679', '62106', '39537']","[0.5249896049499512, 0.41848593950271606, 0.41417884826660156]","['title_description', 'title_description', 'title_description']"
东乌旗属于哪个市,['47190'],[],title_description,1,0,[],,['46679'],[0.42398521304130554],['title_description']
东乌旗属于哪个市,['47190'],[],title_description,3,0,[],,"['46679', '62106', '39537']","[0.42398521304130554, 0.37401267886161804, 0.36739039421081543]","['title_description', 'title_description', 'title_description']"
东台市属于哪个省份,['47190'],[],title_description,1,0,[],,['46679'],[0.40937143564224243],['title_description']
东台市属于哪个省份,['47190'],[],title_description,3,0,[],,"['46679', '5671', '62106']","[0.40937143564224243, 0.38411009311676025, 0.3642828166484833]","['title_description', 'title_description', 'title_description']"
东莞地图详细,['47190'],[],title_description,1,0,[],,['46679'],[0.6457184553146362],['title_description']
东莞地图详细,['47190'],[],title_description,3,1,['47190'],3.0,"['46679', '62106', '47190']","[0.6457184553146362, 0.5591161251068115, 0.536736011505127]","['title_description', 'title_description', 'title_description']"
中国地图,['47190'],[],title_description,1,0,[],,['46679'],[0.6065232753753662],['title_description']
中国地图,['47190'],[],title_description,3,0,[],,"['46679', '62106', '62306']","[0.6065232753753662, 0.4986576735973358, 0.47041964530944824]","['title_description', 'title_description', 'title_description']"
义乌市属于哪个市,['47190'],[],title_description,1,0,[],,['46679'],[0.46027421951293945],['title_description']
义乌市属于哪个市,['47190'],[],title_description,3,0,[],,"['46679', '39537', '62106']","[0.46027421951293945, 0.39056235551834106, 0.3888791501522064]","['title_description', 'title_description', 'title_description']"
乐陵是哪个省哪个市的,['47190'],[],title_description,1,0,[],,['46679'],[0.3789721131324768],['title_description']
乐陵是哪个省哪个市的,['47190'],[],title_description,3,0,[],,"['46679', '5671', '39537']","[0.3789721131324768, 0.3522871434688568, 0.3515452742576599]","['title_description', 'title_description', 'title_description']"
九江市地图,['47190'],[],title_description,1,0,[],,['46679'],[0.5893146991729736],['title_description']
九江市地图,['47190'],[],title_description,3,0,[],,"['46679', '62106', '47242']","[0.5893146991729736, 0.4829791784286499, 0.47186264395713806]","['title_description', 'title_description', 'title_description']"
云南怒江州地图全图,['47190'],[],title_description,1,0,[],,['46679'],[0.49584609270095825],['title_description']
云南怒江州地图全图,['47190'],[],title_description,3,0,[],,"['46679', '62106', '62306']","[0.49584609270095825, 0.3685116767883301, 0.34828490018844604]","['title_description', 'title_description', 'title_description']"
云南省地图上,['47190'],[],title_description,1,0,[],,['46679'],[0.6047465801239014],['title_description']
云南省地图上,['47190'],[],title_description,3,0,[],,"['46679', '62106', '62306']","[0.6047465801239014, 0.5081230401992798, 0.4816082715988159]","['title_description', 'title_description', 'title_description']"
从江县属于哪个市,['47190'],[],title_description,1,0,[],,['46679'],[0.3975306451320648],['title_description']
从江县属于哪个市,['47190'],[],title_description,3,0,[],,"['46679', '5671', '39537']","[0.3975306451320648, 0.3476433753967285, 0.3403426706790924]","['title_description', 'title_description', 'title_description']"
余姚属于哪个市,['47190'],[],title_description,1,0,[],,['46679'],[0.4658265709877014],['title_description']
余姚属于哪个市,['47190'],[],title_description,3,0,[],,"['46679', '39537', '62106']","[0.4658265709877014, 0.3944365978240967, 0.3848649561405182]","['title_description', 'title_description', 'title_description']"
保定地区的地图,['47190'],[],title_description,1,0,[],,['46679'],[0.5990495085716248],['title_description']
保定地区的地图,['47190'],[],title_description,3,0,[],,"['46679', '62106', '60874']","[0.5990495085716248, 0.48084333539009094, 0.4754716157913208]","['title_description', 'title_description', 'title_description']"
克里米亚地图,['47190'],[],title_description,1,0,[],,['46679'],[0.5630068778991699],['title_description']
克里米亚地图,['47190'],[],title_description,3,0,[],,"['46679', '62106', '62306']","[0.5630068778991699, 0.4553109109401703, 0.4333876967430115]","['title_description', 'title_description', 'title_description']"
兰州看黄河的最佳地点是哪里,['47190'],[],title_description,1,0,[],,['62106'],[0.462009996175766],['title_description']
兰州看黄河的最佳地点是哪里,['47190'],[],title_description,3,0,[],,"['62106', '5671', '62306']","[0.462009996175766, 0.4494181275367737, 0.44910433888435364]","['title_description', 'title_description', 'title_description']"
内蒙古属于哪个省市,['47190'],[],title_description,1,0,[],,['46679'],[0.4629971981048584],['title_description']
内蒙古属于哪个省市,['47190'],[],title_description,3,0,[],,"['46679', '39537', '52364']","[0.4629971981048584, 0.39361801743507385, 0.3635828495025635]","['title_description', 'title_description', 'title_description']"
内蒙古自治区地图,['47190'],[],title_description,1,0,[],,['46679'],[0.5460801124572754],['title_description']
内蒙古自治区地图,['47190'],[],title_description,3,0,[],,"['46679', '62106', '62306']","[0.5460801124572754, 0.4187568724155426, 0.3983915448188782]","['title_description', 'title_description', 'title_description']"
凉山州有哪些区县,['47190'],[],title_description,1,0,[],,['46679'],[0.4668954014778137],['title_description']
凉山州有哪些区县,['47190'],[],title_description,3,0,[],,"['46679', '47272', '5671']","[0.4668954014778137, 0.4026127755641937, 0.3841722905635834]","['title_description', 'title_description', 'title_description']"
包头在哈尔滨哪个方向,['47190'],[],title_description,1,1,['47190'],1.0,['47190'],[0.45383700728416443],['title_description']
包头在哈尔滨哪个方向,['47190'],[],title_description,3,1,['47190'],1.0,"['47190', '47266', '62106']","[0.45383700728416443, 0.4435509741306305, 0.4360227584838867]","['title_description', 'title_description', 'title_description']"
化洲市在哪个省,['47190'],[],title_description,1,0,[],,['46679'],[0.47757789492607117],['title_description']
化洲市在哪个省,['47190'],[],title_description,3,0,[],,"['46679', '62106', '5671']","[0.47757789492607117, 0.3996298313140869, 0.391493558883667]","['title_description', 'title_description', 'title_description']"
南宁在哪里,['47190'],[],title_description,1,0,[],,['47242'],[0.48694711923599243],['title_description']
南宁在哪里,['47190'],[],title_description,3,1,['47190'],2.0,"['47242', '47190', '62106']","[0.48694711923599243, 0.4841480851173401, 0.48262643814086914]","['title_description', 'title_description', 'title_description']"
南昌属于江西的哪个位置,['47190'],[],title_description,1,0,[],,['46679'],[0.471343457698822],['title_description']
南昌属于江西的哪个位置,['47190'],[],title_description,3,0,[],,"['46679', '39537', '5917']","[0.471343457698822, 0.449989914894104, 0.432159423828125]","['title_description', 'title_description', 'title_description']"
南通属于哪个省份,['47190'],[],title_description,1,0,[],,['46679'],[0.4595882296562195],['title_description']
南通属于哪个省份,['47190'],[],title_description,3,0,[],,"['46679', '39537', '5917']","[0.4595882296562195, 0.41996169090270996, 0.3993496298789978]","['title_description', 'title_description', 'title_description']"
合肥属于哪个省份,['47190'],[],title_description,1,0,[],,['46679'],[0.477101594209671],['title_description']
合肥属于哪个省份,['47190'],[],title_description,3,0,[],,"['46679', '39537', '51381']","[0.477101594209671, 0.43570488691329956, 0.4112774729728699]","['title_description', 'title_description', 'title_description']"
吉林地区地图,['47190'],[],title_description,1,0,[],,['46679'],[0.5941029787063599],['title_description']
吉林地区地图,['47190'],[],title_description,3,0,[],,"['46679', '62106', '62306']","[0.5941029787063599, 0.4602620005607605, 0.4319792687892914]","['title_description', 'title_description', 'title_description']"
商洛市地图,['47190'],[],title_description,1,0,[],,['46679'],[0.5637171268463135],['title_description']
商洛市地图,['47190'],[],title_description,3,0,[],,"['46679', '62106', '62306']","[0.5637171268463135, 0.4377134442329407, 0.41996899247169495]","['title_description', 'title_description', 'title_description']"
商洛市属于哪个市,['47190'],[],title_description,1,0,[],,['46679'],[0.4558735489845276],['title_description']
商洛市属于哪个市,['47190'],[],title_description,3,0,[],,"['46679', '39537', '62106']","[0.4558735489845276, 0.3917706608772278, 0.38029366731643677]","['title_description', 'title_description', 'title_description']"
四川地图,['47190'],[],title_description,1,0,[],,['46679'],[0.6350151300430298],['title_description']
四川地图,['47190'],[],title_description,3,0,[],,"['46679', '62106', '62306']","[0.6350151300430298, 0.5352181196212769, 0.5059984922409058]","['title_description', 'title_description', 'title_description']"
大连属于哪里,['47190'],[],title_description,1,0,[],,['46679'],[0.48586463928222656],['title_description']
大连属于哪里,['47190'],[],title_description,3,0,[],,"['46679', '62106', '39537']","[0.48586463928222656, 0.44333988428115845, 0.4415944218635559]","['title_description', 'title_description', 'title_description']"
天水在哪,['47190'],[],title_description,1,0,[],,['62106'],[0.5255123376846313],['title_description']
天水在哪,['47190'],[],title_description,3,0,[],,"['62106', '5671', '47242']","[0.5255123376846313, 0.4941578209400177, 0.49152249097824097]","['title_description', 'title_description', 'title_description']"
天水市西部指哪个县,['47190'],[],title_description,1,0,[],,['46679'],[0.4315834641456604],['title_description']
天水市西部指哪个县,['47190'],[],title_description,3,1,['47190'],3.0,"['46679', '62106', '47190']","[0.4315834641456604, 0.4170430302619934, 0.39905864000320435]","['title_description', 'title_description', 'title_description']"
太原属于哪里,['47190'],[],title_description,1,0,[],,['62106'],[0.4852249026298523],['title_description']
太原属于哪里,['47190'],[],title_description,3,0,[],,"['62106', '46679', '47242']","[0.4852249026298523, 0.48321038484573364, 0.4689553678035736]","['title_description', 'title_description', 'title_description']"
安庆是在哪里,['47190'],[],title_description,1,0,[],,['62106'],[0.476667582988739],['title_description']
安庆是在哪里,['47190'],[],title_description,3,0,[],,"['62106', '5671', '62306']","[0.476667582988739, 0.4640883803367615, 0.4496487081050873]","['title_description', 'title_description', 'title_description']"
安徽地区地图,['47190'],[],title_description,1,0,[],,['46679'],[0.6054888963699341],['title_description']
安徽地区地图,['47190'],[],title_description,3,0,[],,"['46679', '62106', '62306']","[0.6054888963699341, 0.4785457253456116, 0.4579957127571106]","['title_description', 'title_description', 'title_description']"
安徽地图高清全图,['47190'],[],title_description,1,0,[],,['46679'],[0.5227351188659668],['title_description']
安徽地图高清全图,['47190'],[],title_description,3,0,[],,"['46679', '62106', '62306']","[0.5227351188659668, 0.39678704738616943, 0.38174229860305786]","['title_description', 'title_description', 'title_description']"
安徽西部有哪些城市,['47190'],[],title_description,1,0,[],,['46679'],[0.469636470079422],['title_description']
安徽西部有哪些城市,['47190'],[],title_description,3,0,[],,"['46679', '62106', '62306']","[0.469636470079422, 0.41198524832725525, 0.394428014755249]","['title_description', 'title_description', 'title_description']"
宜昌属于哪个市,['47190'],[],title_description,1,0,[],,['46679'],[0.4676695764064789],['title_description']
宜昌属于哪个市,['47190'],[],title_description,3,0,[],,"['46679', '39537', '62106']","[0.4676695764064789, 0.40576571226119995, 0.39736121892929077]","['title_description', 'title_description', 'title_description']"
宜都在哪里,['47190'],[],title_description,1,0,[],,['62106'],[0.5556464195251465],['title_description']
宜都在哪里,['47190'],[],title_description,3,0,[],,"['62106', '5671', '46679']","[0.5556464195251465, 0.548409104347229, 0.5392036437988281]","['title_description', 'title_description', 'title_description']"
宣州区地图全图高清版,['47190'],[],title_description,1,0,[],,['46679'],[0.542259931564331],['title_description']
宣州区地图全图高清版,['47190'],[],title_description,3,0,[],,"['46679', '62106', '62306']","[0.542259931564331, 0.4260637164115906, 0.40595585107803345]","['title_description', 'title_description', 'title_description']"
山东曲阜在哪个市,['47190'],[],title_description,1,0,[],,['46679'],[0.388633131980896],['title_description']
山东曲阜在哪个市,['47190'],[],title_description,3,0,[],,"['46679', '62106', '5671']","[0.388633131980896, 0.3575749397277832, 0.35468897223472595]","['title_description', 'title_description', 'title_description']"
山东省临沂市地图,['47190'],[],title_description,1,0,[],,['46679'],[0.5696916580200195],['title_description']
山东省临沂市地图,['47190'],[],title_description,3,0,[],,"['46679', '62106', '62306']","[0.5696916580200195, 0.4303416609764099, 0.4214818775653839]","['title_description', 'title_description', 'title_description']"
山东省各县地图,['47190'],[],title_description,1,0,[],,['46679'],[0.579794704914093],['title_description']
山东省各县地图,['47190'],[],title_description,3,0,[],,"['46679', '62106', '62306']","[0.579794704914093, 0.4162460267543793, 0.41293326020240784]","['title_description', 'title_description', 'title_description']"
山东省蒙阴县属于哪个市,['47190'],[],title_description,1,0,[],,['46679'],[0.3561849594116211],['title_description']
山东省蒙阴县属于哪个市,['47190'],[],title_description,3,0,[],,"['46679', '39537', '5671']","[0.3561849594116211, 0.3115503489971161, 0.3110414147377014]","['title_description', 'title_description', 'title_description']"
山西应县属于哪个市,['47190'],[],title_description,1,0,[],,['46679'],[0.40283724665641785],['title_description']
山西应县属于哪个市,['47190'],[],title_description,3,0,[],,"['46679', '39537', '62106']","[0.40283724665641785, 0.36487847566604614, 0.35090386867523193]","['title_description', 'title_description', 'title_description']"
山西省地图高清全图,['47190'],[],title_description,1,0,[],,['46679'],[0.5128016471862793],['title_description']
山西省地图高清全图,['47190'],[],title_description,3,0,[],,"['46679', '62106', '62306']","[0.5128016471862793, 0.3802512288093567, 0.3689727187156677]","['title_description', 'title_description', 'title_description']"
平顶山地区地图,['47190'],[],title_description,1,0,[],,['46679'],[0.553078830242157],['title_description']
平顶山地区地图,['47190'],[],title_description,3,0,[],,"['46679', '62306', '62106']","[0.553078830242157, 0.4482726752758026, 0.4476172924041748]","['title_description', 'title_description', 'title_description']"
广东省地图出来,['47190'],[],title_description,1,0,[],,['46679'],[0.6589987874031067],['title_description']
广东省地图出来,['47190'],[],title_description,3,1,['47190'],3.0,"['46679', '62106', '47190']","[0.6589987874031067, 0.5692253112792969, 0.5327039957046509]","['title_description', 'title_description', 'title_description']"
广安属于哪里,['47190'],[],title_description,1,0,[],,['46679'],[0.46518564224243164],['title_description']
广安属于哪里,['47190'],[],title_description,3,0,[],,"['46679', '62106', '5671']","[0.46518564224243164, 0.43143486976623535, 0.4182935655117035]","['title_description', 'title_description', 'title_description']"
广西属于哪里,['47190'],[],title_description,1,0,[],,['46679'],[0.4510815739631653],['title_description']
广西属于哪里,['47190'],[],title_description,3,0,[],,"['46679', '51381', '62106']","[0.4510815739631653, 0.4142906665802002, 0.41086992621421814]","['title_description', 'title_description', 'title_description']"
庆阳在哪,['47190'],[],title_description,1,0,[],,['62106'],[0.45168179273605347],['title_description']
庆阳在哪,['47190'],[],title_description,3,0,[],,"['62106', '5671', '47242']","[0.45168179273605347, 0.437985897064209, 0.4356497526168823]","['title_description', 'title_description', 'title_description']"
张家口市属于哪个省,['47190'],[],title_description,1,0,[],,['46679'],[0.40851351618766785],['title_description']
张家口市属于哪个省,['47190'],[],title_description,3,0,[],,"['46679', '39537', '60874']","[0.40851351618766785, 0.37168562412261963, 0.34858250617980957]","['title_description', 'title_description', 'title_description']"
徐州在哪个省份,['47190'],[],title_description,1,0,[],,['46679'],[0.44151514768600464],['title_description']
徐州在哪个省份,['47190'],[],title_description,3,0,[],,"['46679', '47242', '62106']","[0.44151514768600464, 0.4008934497833252, 0.3898043632507324]","['title_description', 'title_description', 'title_description']"
成都属于哪个省份,['47190'],[],title_description,1,0,[],,['46679'],[0.5192335844039917],['title_description']
成都属于哪个省份,['47190'],[],title_description,3,0,[],,"['46679', '39537', '62106']","[0.5192335844039917, 0.43702971935272217, 0.4368665814399719]","['title_description', 'title_description', 'title_description']"
成都市地图高清版可放大,['47190'],[],title_description,1,0,[],,['46679'],[0.6862031817436218],['title_description']
成都市地图高清版可放大,['47190'],[],title_description,3,0,[],,"['46679', '62106', '62306']","[0.6862031817436218, 0.5272140502929688, 0.5188959836959839]","['title_description', 'title_description', 'title_description']"
承德在呼伦贝尔的什么方向,['47190'],[],title_description,1,0,[],,['60874'],[0.3685331642627716],['title_description']
承德在呼伦贝尔的什么方向,['47190'],[],title_description,3,0,[],,"['60874', '5671', '46671']","[0.3685331642627716, 0.33712488412857056, 0.33694571256637573]","['title_description', 'title_description', 'title_description']"
拉萨在哪里,['47190'],[],title_description,1,0,[],,['62106'],[0.5029329061508179],['title_description']
拉萨在哪里,['47190'],[],title_description,3,0,[],,"['62106', '62306', '5671']","[0.5029329061508179, 0.4821367859840393, 0.47321754693984985]","['title_description', 'title_description', 'title_description']"
搭县属于哪个市,['47190'],[],title_description,1,0,[],,['46679'],[0.45941242575645447],['title_description']
搭县属于哪个市,['47190'],[],title_description,3,0,[],,"['46679', '39537', '5671']","[0.45941242575645447, 0.4140227437019348, 0.4054524302482605]","['title_description', 'title_description', 'title_description']"
新沂市是哪里,['47190'],[],title_description,1,0,[],,['4982'],[0.4434780478477478],['title_description']
新沂市是哪里,['47190'],[],title_description,3,0,[],,"['4982', '61111', '46679']","[0.4434780478477478, 0.4190601706504822, 0.40605878829956055]","['title_description', 'title_description', 'title_description']"
新疆地图情况,['47190'],[],title_description,1,0,[],,['46679'],[0.6332930326461792],['title_description']
新疆地图情况,['47190'],[],title_description,3,0,[],,"['46679', '62106', '62306']","[0.6332930326461792, 0.48923736810684204, 0.4604681730270386]","['title_description', 'title_description', 'title_description']"
无锡市属于哪里,['47190'],[],title_description,1,0,[],,['46679'],[0.4744594097137451],['title_description']
无锡市属于哪里,['47190'],[],title_description,3,0,[],,"['46679', '62106', '62306']","[0.4744594097137451, 0.4488024115562439, 0.43506842851638794]","['title_description', 'title_description', 'title_description']"
昆山地图全图高清版,['47190'],[],title_description,1,0,[],,['46679'],[0.5942288637161255],['title_description']
昆山地图全图高清版,['47190'],[],title_description,3,0,[],,"['46679', '47242', '62106']","[0.5942288637161255, 0.5020203590393066, 0.4774678945541382]","['title_description', 'title_description', 'title_description']"
曲阜市属于哪个省哪个市,['47190'],[],title_description,1,0,[],,['46679'],[0.41943415999412537],['title_description']
曲阜市属于哪个省哪个市,['47190'],[],title_description,3,0,[],,"['46679', '39537', '5671']","[0.41943415999412537, 0.3793737292289734, 0.3572688102722168]","['title_description', 'title_description', 'title_description']"
杭州市地图全图可放大,['47190'],[],title_description,1,0,[],,['46679'],[0.6751892566680908],['title_description']
杭州市地图全图可放大,['47190'],[],title_description,3,0,[],,"['46679', '62106', '62306']","[0.6751892566680908, 0.5334346294403076, 0.5250082612037659]","['title_description', 'title_description', 'title_description']"
杭州市属于哪个省份,['47190'],[],title_description,1,0,[],,['46679'],[0.5353912115097046],['title_description']
杭州市属于哪个省份,['47190'],[],title_description,3,0,[],,"['46679', '62106', '39537']","[0.5353912115097046, 0.4558015465736389, 0.44382405281066895]","['title_description', 'title_description', 'title_description']"
杭州市有几个区县,['47190'],[],title_description,1,0,[],,['46679'],[0.5400266647338867],['title_description']
杭州市有几个区县,['47190'],[],title_description,3,0,[],,"['46679', '62106', '62306']","[0.5400266647338867, 0.4559004604816437, 0.44830822944641113]","['title_description', 'title_description', 'title_description']"
松江地图,['47190'],[],title_description,1,0,[],,['46679'],[0.5640547871589661],['title_description']
松江地图,['47190'],[],title_description,3,1,['47190'],2.0,"['46679', '47190', '62106']","[0.5640547871589661, 0.49203237891197205, 0.4811003804206848]","['title_description', 'title_description', 'title_description']"
梅州市区地图,['47190'],[],title_description,1,0,[],,['46679'],[0.5730246305465698],['title_description']
梅州市区地图,['47190'],[],title_description,3,1,['47190'],3.0,"['46679', '62106', '47190']","[0.5730246305465698, 0.45592331886291504, 0.4525133967399597]","['title_description', 'title_description', 'title_description']"
武汉属于哪个省份,['47190'],[],title_description,1,0,[],,['46679'],[0.48088252544403076],['title_description']
武汉属于哪个省份,['47190'],[],title_description,3,0,[],,"['46679', '62106', '51388']","[0.48088252544403076, 0.41821447014808655, 0.40303170680999756]","['title_description', 'title_description', 'title_description']"
武汉市市区地图,['47190'],[],title_description,1,0,[],,['46679'],[0.6701023578643799],['title_description']
武汉市市区地图,['47190'],[],title_description,3,1,['47190'],2.0,"['46679', '47190', '62106']","[0.6701023578643799, 0.5833523273468018, 0.5736137628555298]","['title_description', 'title_description', 'title_description']"
毕节有什么区,['47190'],[],title_description,1,0,[],,['46679'],[0.46172207593917847],['title_description']
毕节有什么区,['47190'],[],title_description,3,0,[],,"['46679', '5671', '51323']","[0.46172207593917847, 0.39708396792411804, 0.3936750888824463]","['title_description', 'title_description', 'title_description']"
江苏省在地图的哪个位置,['47190'],[],title_description,1,0,[],,['46679'],[0.5560815930366516],['title_description']
江苏省在地图的哪个位置,['47190'],[],title_description,3,0,[],,"['46679', '62106', '62306']","[0.5560815930366516, 0.48034700751304626, 0.4533408284187317]","['title_description', 'title_description', 'title_description']"
江苏省的地图高清版大图,['47190'],[],title_description,1,0,[],,['46679'],[0.5771664381027222],['title_description']
江苏省的地图高清版大图,['47190'],[],title_description,3,0,[],,"['46679', '62106', '62306']","[0.5771664381027222, 0.40091755986213684, 0.38670697808265686]","['title_description', 'title_description', 'title_description']"
江西省乐平市属于哪个市,['47190'],[],title_description,1,0,[],,['46679'],[0.40480560064315796],['title_description']
江西省乐平市属于哪个市,['47190'],[],title_description,3,0,[],,"['46679', '39537', '62106']","[0.40480560064315796, 0.3625084161758423, 0.34621086716651917]","['title_description', 'title_description', 'title_description']"
江西省地图全图可放大,['47190'],[],title_description,1,0,[],,['46679'],[0.6118195056915283],['title_description']
江西省地图全图可放大,['47190'],[],title_description,3,0,[],,"['46679', '62106', '62306']","[0.6118195056915283, 0.44341450929641724, 0.4275880753993988]","['title_description', 'title_description', 'title_description']"
沁源县属于哪个省哪个市,['47190'],[],title_description,1,0,[],,['46679'],[0.38591986894607544],['title_description']
沁源县属于哪个省哪个市,['47190'],[],title_description,3,0,[],,"['46679', '62106', '39537']","[0.38591986894607544, 0.34982040524482727, 0.34752514958381653]","['title_description', 'title_description', 'title_description']"
沙河市属于哪个省份,['47190'],[],title_description,1,0,[],,['46679'],[0.4289920926094055],['title_description']
沙河市属于哪个省份,['47190'],[],title_description,3,0,[],,"['46679', '39537', '62106']","[0.4289920926094055, 0.3746541142463684, 0.35701119899749756]","['title_description', 'title_description', 'title_description']"
沧州是哪个省份的呀,['47190'],[],title_description,1,0,[],,['46679'],[0.45915165543556213],['title_description']
沧州是哪个省份的呀,['47190'],[],title_description,3,0,[],,"['46679', '62106', '39537']","[0.45915165543556213, 0.4129894971847534, 0.4108673334121704]","['title_description', 'title_description', 'title_description']"
河南北方还是南方,['47190'],[],title_description,1,0,[],,['46679'],[0.4085533916950226],['title_description']
河南北方还是南方,['47190'],[],title_description,3,0,[],,"['46679', '39537', '47242']","[0.4085533916950226, 0.40192580223083496, 0.39428436756134033]","['title_description', 'title_description', 'title_description']"
河南地图…,['47190'],[],title_description,1,0,[],,['46679'],[0.6159211993217468],['title_description']
河南地图…,['47190'],[],title_description,3,0,[],,"['46679', '62106', '62306']","[0.6159211993217468, 0.5233645439147949, 0.4941524267196655]","['title_description', 'title_description', 'title_description']"
济宁属于山东哪个位置,['47190'],[],title_description,1,0,[],,['46679'],[0.4564661979675293],['title_description']
济宁属于山东哪个位置,['47190'],[],title_description,3,0,[],,"['46679', '39537', '62106']","[0.4564661979675293, 0.4374234676361084, 0.4331473410129547]","['title_description', 'title_description', 'title_description']"
浙江丽水市地图高清版,['47190'],[],title_description,1,0,[],,['46679'],[0.5505869388580322],['title_description']
浙江丽水市地图高清版,['47190'],[],title_description,3,0,[],,"['46679', '62106', '62306']","[0.5505869388580322, 0.42717334628105164, 0.42061442136764526]","['title_description', 'title_description', 'title_description']"
浙江属于哪里,['47190'],[],title_description,1,0,[],,['46679'],[0.4936008155345917],['title_description']
浙江属于哪里,['47190'],[],title_description,3,0,[],,"['46679', '39537', '5671']","[0.4936008155345917, 0.4460522532463074, 0.4401615560054779]","['title_description', 'title_description', 'title_description']"
海南岛地图,['47190'],[],title_description,1,0,[],,['46679'],[0.5481473207473755],['title_description']
海南岛地图,['47190'],[],title_description,3,0,[],,"['46679', '62106', '62306']","[0.5481473207473755, 0.44874629378318787, 0.4192185401916504]","['title_description', 'title_description', 'title_description']"
海门市属于哪个市,['47190'],[],title_description,1,0,[],,['46679'],[0.4406125247478485],['title_description']
海门市属于哪个市,['47190'],[],title_description,3,0,[],,"['46679', '39537', '5671']","[0.4406125247478485, 0.3842482566833496, 0.3744059205055237]","['title_description', 'title_description', 'title_description']"
温州地区地图,['47190'],[],title_description,1,0,[],,['46679'],[0.5925049781799316],['title_description']
温州地区地图,['47190'],[],title_description,3,0,[],,"['46679', '62106', '62306']","[0.5925049781799316, 0.5395129919052124, 0.5279110074043274]","['title_description', 'title_description', 'title_description']"
渭南市属于哪个省,['47190'],[],title_description,1,0,[],,['46679'],[0.44446152448654175],['title_description']
渭南市属于哪个省,['47190'],[],title_description,3,0,[],,"['46679', '51388', '62106']","[0.44446152448654175, 0.39457088708877563, 0.3853674530982971]","['title_description', 'title_description', 'title_description']"
湖北省东部有哪些城市,['47190'],[],title_description,1,0,[],,['46679'],[0.508599579334259],['title_description']
湖北省东部有哪些城市,['47190'],[],title_description,3,0,[],,"['46679', '62106', '62306']","[0.508599579334259, 0.41169220209121704, 0.39265960454940796]","['title_description', 'title_description', 'title_description']"
湖北省地图高清全图,['47190'],[],title_description,1,0,[],,['46679'],[0.5636212825775146],['title_description']
湖北省地图高清全图,['47190'],[],title_description,3,0,[],,"['46679', '62106', '62306']","[0.5636212825775146, 0.4063448905944824, 0.3779274821281433]","['title_description', 'title_description', 'title_description']"
湖南省都有哪几个市,['47190'],[],title_description,1,0,[],,['46679'],[0.5248688459396362],['title_description']
湖南省都有哪几个市,['47190'],[],title_description,3,0,[],,"['46679', '62106', '62306']","[0.5248688459396362, 0.4014311730861664, 0.391027569770813]","['title_description', 'title_description', 'title_description']"
湖州市在哪里属于哪个省,['47190'],[],title_description,1,0,[],,['46679'],[0.4451901912689209],['title_description']
湖州市在哪里属于哪个省,['47190'],[],title_description,3,0,[],,"['46679', '62106', '47272']","[0.4451901912689209, 0.4158972501754761, 0.41511744260787964]","['title_description', 'title_description', 'title_description']"
湘乡市属于哪个市,['47190'],[],title_description,1,0,[],,['46679'],[0.4476777911186218],['title_description']
湘乡市属于哪个市,['47190'],[],title_description,3,0,[],,"['46679', '39537', '62106']","[0.4476777911186218, 0.3862556219100952, 0.37202727794647217]","['title_description', 'title_description', 'title_description']"
湟源县的地图,['47190'],[],title_description,1,0,[],,['46679'],[0.5416607856750488],['title_description']
湟源县的地图,['47190'],[],title_description,3,0,[],,"['46679', '62106', '62306']","[0.5416607856750488, 0.44713616371154785, 0.42573145031929016]","['title_description', 'title_description', 'title_description']"
漯河市区地图高清全图可放大,['47190'],[],title_description,1,0,[],,['46679'],[0.5625796914100647],['title_description']
漯河市区地图高清全图可放大,['47190'],[],title_description,3,1,['47190'],3.0,"['46679', '62106', '47190']","[0.5625796914100647, 0.4241187572479248, 0.4211145043373108]","['title_description', 'title_description', 'title_description']"
焦作地图全图,['47190'],[],title_description,1,0,[],,['46679'],[0.5280532836914062],['title_description']
焦作地图全图,['47190'],[],title_description,3,0,[],,"['46679', '62106', '62306']","[0.5280532836914062, 0.4049105644226074, 0.3957405090332031]","['title_description', 'title_description', 'title_description']"
理县属于哪个市,['47190'],[],title_description,1,0,[],,['46679'],[0.4407022297382355],['title_description']
理县属于哪个市,['47190'],[],title_description,3,0,[],,"['46679', '5671', '39537']","[0.4407022297382355, 0.3790721893310547, 0.37435492873191833]","['title_description', 'title_description', 'title_description']"
瑞昌市属于哪个市,['47190'],[],title_description,1,0,[],,['46679'],[0.43357861042022705],['title_description']
瑞昌市属于哪个市,['47190'],[],title_description,3,0,[],,"['46679', '39537', '62106']","[0.43357861042022705, 0.37807610630989075, 0.35970640182495117]","['title_description', 'title_description', 'title_description']"
甘南是哪个省的城市,['47190'],[],title_description,1,0,[],,['46679'],[0.44291192293167114],['title_description']
甘南是哪个省的城市,['47190'],[],title_description,3,0,[],,"['46679', '62106', '62306']","[0.44291192293167114, 0.3990201950073242, 0.3679020404815674]","['title_description', 'title_description', 'title_description']"
甘肃的县城有哪些,['47190'],[],title_description,1,0,[],,['46679'],[0.4756937623023987],['title_description']
甘肃的县城有哪些,['47190'],[],title_description,3,0,[],,"['46679', '62106', '62306']","[0.4756937623023987, 0.42612987756729126, 0.40876567363739014]","['title_description', 'title_description', 'title_description']"
甘肃省地图全图可放大,['47190'],[],title_description,1,0,[],,['46679'],[0.583236038684845],['title_description']
甘肃省地图全图可放大,['47190'],[],title_description,3,0,[],,"['46679', '62106', '62306']","[0.583236038684845, 0.4322870075702667, 0.40516197681427]","['title_description', 'title_description', 'title_description']"
甘肃省夏河县属于哪个市,['47190'],[],title_description,1,0,[],,['46679'],[0.3943544626235962],['title_description']
甘肃省夏河县属于哪个市,['47190'],[],title_description,3,0,[],,"['46679', '39537', '62106']","[0.3943544626235962, 0.3499826490879059, 0.3484565019607544]","['title_description', 'title_description', 'title_description']"
盐城地区地图,['47190'],[],title_description,1,0,[],,['46679'],[0.5733835697174072],['title_description']
盐城地区地图,['47190'],[],title_description,3,0,[],,"['46679', '62106', '62306']","[0.5733835697174072, 0.4849410653114319, 0.4730282425880432]","['title_description', 'title_description', 'title_description']"
福建地区地图,['47190'],[],title_description,1,0,[],,['46679'],[0.5964866876602173],['title_description']
福建地区地图,['47190'],[],title_description,3,0,[],,"['46679', '62106', '62306']","[0.5964866876602173, 0.47666266560554504, 0.4462704658508301]","['title_description', 'title_description', 'title_description']"
福建属于哪个市,['47190'],[],title_description,1,0,[],,['46679'],[0.45445483922958374],['title_description']
福建属于哪个市,['47190'],[],title_description,3,0,[],,"['46679', '39537', '62106']","[0.45445483922958374, 0.4025129973888397, 0.3708946704864502]","['title_description', 'title_description', 'title_description']"
秦安县地图,['47190'],[],title_description,1,0,[],,['46679'],[0.5055432319641113],['title_description']
秦安县地图,['47190'],[],title_description,3,0,[],,"['46679', '62106', '62306']","[0.5055432319641113, 0.4096999764442444, 0.3867374658584595]","['title_description', 'title_description', 'title_description']"
绥化市属于哪个市,['47190'],[],title_description,1,0,[],,['46679'],[0.4145389497280121],['title_description']
绥化市属于哪个市,['47190'],[],title_description,3,0,[],,"['46679', '39537', '4982']","[0.4145389497280121, 0.38379764556884766, 0.33935749530792236]","['title_description', 'title_description', 'title_description']"
肇庆属于哪个省,['47190'],[],title_description,1,0,[],,['5671'],[0.4382832944393158],['title_description']
肇庆属于哪个省,['47190'],[],title_description,3,0,[],,"['5671', '46679', '62106']","[0.4382832944393158, 0.43614983558654785, 0.42612600326538086]","['title_description', 'title_description', 'title_description']"
芜湖市地图,['47190'],[],title_description,1,0,[],,['46679'],[0.5636124610900879],['title_description']
芜湖市地图,['47190'],[],title_description,3,0,[],,"['46679', '62106', '62306']","[0.5636124610900879, 0.49245715141296387, 0.4748299717903137]","['title_description', 'title_description', 'title_description']"
苏州在地图哪里,['47190'],[],title_description,1,0,[],,['46679'],[0.5935344099998474],['title_description']
苏州在地图哪里,['47190'],[],title_description,3,0,[],,"['46679', '62106', '62306']","[0.5935344099998474, 0.5624386668205261, 0.5357908010482788]","['title_description', 'title_description', 'title_description']"
英山地图高清版大地图,['47190'],[],title_description,1,0,[],,['46679'],[0.49599093198776245],['title_description']
英山地图高清版大地图,['47190'],[],title_description,3,0,[],,"['46679', '62106', '47242']","[0.49599093198776245, 0.38413625955581665, 0.3700781464576721]","['title_description', 'title_description', 'title_description']"
茶陵县地图,['47190'],[],title_description,1,0,[],,['46679'],[0.4853227436542511],['title_description']
茶陵县地图,['47190'],[],title_description,3,0,[],,"['46679', '62106', '62306']","[0.4853227436542511, 0.4138789474964142, 0.40082353353500366]","['title_description', 'title_description', 'title_description']"
菏泽属于哪个市,['47190'],[],title_description,1,0,[],,['46679'],[0.46881842613220215],['title_description']
菏泽属于哪个市,['47190'],[],title_description,3,0,[],,"['46679', '39537', '62106']","[0.46881842613220215, 0.4344692826271057, 0.40533363819122314]","['title_description', 'title_description', 'title_description']"
蓬安地图,['47190'],[],title_description,1,0,[],,['46679'],[0.5221707820892334],['title_description']
蓬安地图,['47190'],[],title_description,3,0,[],,"['46679', '62106', '62306']","[0.5221707820892334, 0.45642411708831787, 0.4321984052658081]","['title_description', 'title_description', 'title_description']"
衡阳地图市区地图,['47190'],[],title_description,1,0,[],,['46679'],[0.5979634523391724],['title_description']
衡阳地图市区地图,['47190'],[],title_description,3,1,['47190'],2.0,"['46679', '47190', '62106']","[0.5979634523391724, 0.5019025802612305, 0.49815231561660767]","['title_description', 'title_description', 'title_description']"
西宁属于哪个省份,['47190'],[],title_description,1,0,[],,['46679'],[0.46801531314849854],['title_description']
西宁属于哪个省份,['47190'],[],title_description,3,0,[],,"['46679', '5671', '39537']","[0.46801531314849854, 0.415665864944458, 0.4152258038520813]","['title_description', 'title_description', 'title_description']"
西安在哪个位置,['47190'],[],title_description,1,0,[],,['62106'],[0.5141876935958862],['title_description']
西安在哪个位置,['47190'],[],title_description,3,0,[],,"['62106', '46679', '47242']","[0.5141876935958862, 0.49922075867652893, 0.484001487493515]","['title_description', 'title_description', 'title_description']"
西安地图全图可放大,['47190'],[],title_description,1,0,[],,['46679'],[0.6365265846252441],['title_description']
西安地图全图可放大,['47190'],[],title_description,3,0,[],,"['46679', '62106', '62306']","[0.6365265846252441, 0.5092387795448303, 0.49541762471199036]","['title_description', 'title_description', 'title_description']"
西藏有几个县,['47190'],[],title_description,1,0,[],,['46679'],[0.4369305372238159],['title_description']
西藏有几个县,['47190'],[],title_description,3,0,[],,"['46679', '5671', '62106']","[0.4369305372238159, 0.4191441833972931, 0.4064723253250122]","['title_description', 'title_description', 'title_description']"
辽宁市的地图,['47190'],[],title_description,1,0,[],,['46679'],[0.6215159893035889],['title_description']
辽宁市的地图,['47190'],[],title_description,3,0,[],,"['46679', '62106', '62306']","[0.6215159893035889, 0.4645882248878479, 0.4584781527519226]","['title_description', 'title_description', 'title_description']"
邹城地图,['47190'],[],title_description,1,0,[],,['46679'],[0.5398913621902466],['title_description']
邹城地图,['47190'],[],title_description,3,0,[],,"['46679', '62106', '62306']","[0.5398913621902466, 0.4589511454105377, 0.4431926906108856]","['title_description', 'title_description', 'title_description']"
重庆地图全图可放大图片,['47190'],[],title_description,1,0,[],,['46679'],[0.618212103843689],['title_description']
重庆地图全图可放大图片,['47190'],[],title_description,3,0,[],,"['46679', '62106', '62306']","[0.618212103843689, 0.46313488483428955, 0.4548547863960266]","['title_description', 'title_description', 'title_description']"
重庆属于哪里,['47190'],[],title_description,1,0,[],,['46679'],[0.48677733540534973],['title_description']
重庆属于哪里,['47190'],[],title_description,3,0,[],,"['46679', '62106', '4982']","[0.48677733540534973, 0.4262371063232422, 0.41604799032211304]","['title_description', 'title_description', 'title_description']"
金牛区地图,['47190'],[],title_description,1,0,[],,['46679'],[0.5636498928070068],['title_description']
金牛区地图,['47190'],[],title_description,3,1,['47190'],2.0,"['46679', '47190', '62106']","[0.5636498928070068, 0.4444483518600464, 0.43075132369995117]","['title_description', 'title_description', 'title_description']"
钟山是哪个市,['47190'],[],title_description,1,0,[],,['46679'],[0.4307892620563507],['title_description']
钟山是哪个市,['47190'],[],title_description,3,0,[],,"['46679', '5671', '62106']","[0.4307892620563507, 0.4111369252204895, 0.38822221755981445]","['title_description', 'title_description', 'title_description']"
长垣县属于哪个市,['47190'],[],title_description,1,0,[],,['46679'],[0.4118835926055908],['title_description']
长垣县属于哪个市,['47190'],[],title_description,3,0,[],,"['46679', '39537', '61111']","[0.4118835926055908, 0.3431277275085449, 0.3253196179866791]","['title_description', 'title_description', 'title_description']"
长沙属那个省,['47190'],[],title_description,1,0,[],,['46679'],[0.49736329913139343],['title_description']
长沙属那个省,['47190'],[],title_description,3,0,[],,"['46679', '39537', '62106']","[0.49736329913139343, 0.4364279806613922, 0.4250212609767914]","['title_description', 'title_description', 'title_description']"
陕西省地图高清全图可放大,['47190'],[],title_description,1,0,[],,['46679'],[0.5847025513648987],['title_description']
陕西省地图高清全图可放大,['47190'],[],title_description,3,0,[],,"['46679', '62106', '62306']","[0.5847025513648987, 0.4225020408630371, 0.40299999713897705]","['title_description', 'title_description', 'title_description']"
霍尔果斯市属于哪个地区,['47190'],[],title_description,1,0,[],,['46679'],[0.48535245656967163],['title_description']
霍尔果斯市属于哪个地区,['47190'],[],title_description,3,0,[],,"['46679', '39537', '62106']","[0.48535245656967163, 0.4196573495864868, 0.41809290647506714]","['title_description', 'title_description', 'title_description']"
青岛地图详细,['47190'],[],title_description,1,0,[],,['46679'],[0.6922885179519653],['title_description']
青岛地图详细,['47190'],[],title_description,3,0,[],,"['46679', '62106', '62306']","[0.6922885179519653, 0.5940154790878296, 0.574482798576355]","['title_description', 'title_description', 'title_description']"
鲁甸周边地图图片,['47190'],[],title_description,1,0,[],,['46679'],[0.5041711330413818],['title_description']
鲁甸周边地图图片,['47190'],[],title_description,3,0,[],,"['46679', '62106', '62306']","[0.5041711330413818, 0.40562573075294495, 0.39194804430007935]","['title_description', 'title_description', 'title_description']"
黄冈市在湖北省的哪个位置,['47190'],[],title_description,1,0,[],,['46679'],[0.4205757975578308],['title_description']
黄冈市在湖北省的哪个位置,['47190'],[],title_description,3,0,[],,"['46679', '62106', '5671']","[0.4205757975578308, 0.39493703842163086, 0.3698171079158783]","['title_description', 'title_description', 'title_description']"
黄山在哪个省市,['47190'],[],title_description,1,0,[],,['5671'],[0.43792298436164856],['title_description']
黄山在哪个省市,['47190'],[],title_description,3,0,[],,"['5671', '62106', '46679']","[0.43792298436164856, 0.42166078090667725, 0.39734041690826416]","['title_description', 'title_description', 'title_description']"
龙港市属于哪个市,['47190'],[],title_description,1,0,[],,['46679'],[0.45710551738739014],['title_description']
龙港市属于哪个市,['47190'],[],title_description,3,0,[],,"['46679', '62106', '47242']","[0.45710551738739014, 0.42026546597480774, 0.40440016984939575]","['title_description', 'title_description', 'title_description']"
