query,gold_ids,missing_gold_ids,view,k,pass_at_k,hit_ids,first_hit_rank,recall_ids,recall_scores,recall_views
06年大年初四是几月几号,['61111'],[],description,1,0,[],,['51323'],[0.5280938148498535],['description']
06年大年初四是几月几号,['61111'],[],description,3,1,['61111'],3.0,"['51323', '5601', '61111']","[0.5280938148498535, 0.5096184015274048, 0.5045830011367798]","['description', 'description', 'description']"
11月26日农历是多少,['61111'],[],description,1,0,[],,['62497'],[0.6044096946716309],['description']
11月26日农历是多少,['61111'],[],description,3,1,['61111'],3.0,"['62497', '5601', '61111']","[0.6044096946716309, 0.5890078544616699, 0.5754973292350769]","['description', 'description', 'description']"
1950年5月26日阳历是多少,['61111'],[],description,1,0,[],,['5601'],[0.5377116799354553],['description']
1950年5月26日阳历是多少,['61111'],[],description,3,1,['61111'],2.0,"['5601', '61111', '62497']","[0.5377116799354553, 0.5256438255310059, 0.5256249308586121]","['description', 'description', 'description']"
1953年6月阳历是多少,['61111'],[],description,1,0,[],,['5601'],[0.5432333946228027],['description']
1953年6月阳历是多少,['61111'],[],description,3,1,['61111'],3.0,"['5601', '62497', '61111']","[0.5432333946228027, 0.5281816720962524, 0.5271625518798828]","['description', 'description', 'description']"
1958年2月8日农历是多少,['61111'],[],description,1,0,[],,['62497'],[0.5255454778671265],['description']
1958年2月8日农历是多少,['61111'],[],description,3,1,['61111'],3.0,"['62497', '5601', '61111']","[0.5255454778671265, 0.5196011662483215, 0.5077222585678101]","['description', 'description', 'description']"
1962年日历表,['61111'],[],description,1,0,[],,['5601'],[0.5745421648025513],['description']
1962年日历表,['61111'],[],description,3,1,['61111'],3.0,"['5601', '62497', '61111']","[0.5745421648025513, 0.555445671081543, 0.5546689033508301]","['description', 'description', 'description']"
1965年6月25日农历是多少,['61111'],[],description,1,0,[],,['62497'],[0.5333876609802246],['description']
1965年6月25日农历是多少,['61111'],[],description,3,1,['61111'],3.0,"['62497', '5601', '61111']","[0.5333876609802246, 0.5201792120933533, 0.512180745601654]","['description', 'description', 'description']"
1966年日历表,['61111'],[],description,1,0,[],,['5601'],[0.57368403673172],['description']
1966年日历表,['61111'],[],description,3,1,['61111'],2.0,"['5601', '61111', '62497']","[0.57368403673172, 0.5539989471435547, 0.5523604154586792]","['description', 'description', 'description']"
1968年,['61111'],[],description,1,0,[],,['51323'],[0.4035851061344147],['description']
1968年,['61111'],[],description,3,0,[],,"['51323', '5601', '60293']","[0.4035851061344147, 0.39593398571014404, 0.3741511106491089]","['description', 'description', 'description']"
1968年7月8号农历是多少,['61111'],[],description,1,0,[],,['62497'],[0.5180948376655579],['description']
1968年7月8号农历是多少,['61111'],[],description,3,1,['61111'],2.0,"['62497', '61111', '5601']","[0.5180948376655579, 0.5025298595428467, 0.5016803741455078]","['description', 'description', 'description']"
1970年7月8日农历是多少,['61111'],[],description,1,0,[],,['62497'],[0.5442339181900024],['description']
1970年7月8日农历是多少,['61111'],[],description,3,1,['61111'],2.0,"['62497', '61111', '5601']","[0.5442339181900024, 0.5330580472946167, 0.5286365747451782]","['description', 'description', 'description']"
1971年2月10日农历是多少,['61111'],[],description,1,0,[],,['62497'],[0.5427782535552979],['description']
1971年2月10日农历是多少,['61111'],[],description,3,0,[],,"['62497', '5601', '51323']","[0.5427782535552979, 0.5232870578765869, 0.5036131143569946]","['description', 'description', 'description']"
1971年农历6月6日阳历是多少,['61111'],[],description,1,0,[],,['62497'],[0.5335240364074707],['description']
1971年农历6月6日阳历是多少,['61111'],[],description,3,1,['61111'],3.0,"['62497', '5601', '61111']","[0.5335240364074707, 0.5259777307510376, 0.5124549269676208]","['description', 'description', 'description']"
1972年7月22日农历是多少,['61111'],[],description,1,0,[],,['62497'],[0.5197548866271973],['description']
1972年7月22日农历是多少,['61111'],[],description,3,1,['61111'],3.0,"['62497', '5601', '61111']","[0.5197548866271973, 0.4969896376132965, 0.495585560798645]","['description', 'description', 'description']"
1974年阳历是几号,['61111'],[],description,1,0,[],,['51323'],[0.5690884590148926],['description']
1974年阳历是几号,['61111'],[],description,3,0,[],,"['51323', '62497', '5601']","[0.5690884590148926, 0.5652244091033936, 0.5636274814605713]","['description', 'description', 'description']"
1975年7月5日农历是多少,['61111'],[],description,1,0,[],,['62497'],[0.5537047982215881],['description']
1975年7月5日农历是多少,['61111'],[],description,3,1,['61111'],3.0,"['62497', '5601', '61111']","[0.5537047982215881, 0.5304117798805237, 0.5299992561340332]","['description', 'description', 'description']"
1977年7月17日农历是多少,['61111'],[],description,1,0,[],,['62497'],[0.5333807468414307],['description']
1977年7月17日农历是多少,['61111'],[],description,3,1,['61111'],3.0,"['62497', '5601', '61111']","[0.5333807468414307, 0.5178269147872925, 0.5063012838363647]","['description', 'description', 'description']"
1977年8.29号是几月几号,['61111'],[],description,1,0,[],,['62497'],[0.5180375576019287],['description']
1977年8.29号是几月几号,['61111'],[],description,3,0,[],,"['62497', '5601', '51323']","[0.5180375576019287, 0.5115141868591309, 0.4930456876754761]","['description', 'description', 'description']"
1978年3月3日农历是多少,['61111'],[],description,1,1,['61111'],1.0,['61111'],[0.5379169583320618],['description']
1978年3月3日农历是多少,['61111'],[],description,3,1,['61111'],1.0,"['61111', '5601', '62497']","[0.5379169583320618, 0.5352740287780762, 0.5304180383682251]","['description', 'description', 'description']"
1978年4月8日农历是多少,['61111'],[],description,1,1,['61111'],1.0,['61111'],[0.5468707084655762],['description']
1978年4月8日农历是多少,['61111'],[],description,3,1,['61111'],1.0,"['61111', '62497', '5601']","[0.5468707084655762, 0.539035975933075, 0.53305983543396]","['description', 'description', 'description']"
1978年万年历查询表,['61111'],[],description,1,0,[],,['5601'],[0.5286420583724976],['description']
1978年万年历查询表,['61111'],[],description,3,1,['61111'],2.0,"['5601', '61111', '62497']","[0.5286420583724976, 0.5263842344284058, 0.5232331156730652]","['description', 'description', 'description']"
1979年农历12月初8,['61111'],[],description,1,1,['61111'],1.0,['61111'],[0.5044690370559692],['description']
1979年农历12月初8,['61111'],[],description,3,1,['61111'],1.0,"['61111', '5601', '62497']","[0.5044690370559692, 0.4821963906288147, 0.47661513090133667]","['description', 'description', 'description']"
1980年7月8日农历是多少,['61111'],[],description,1,0,[],,['62497'],[0.5522121787071228],['description']
1980年7月8日农历是多少,['61111'],[],description,3,1,['61111'],2.0,"['62497', '61111', '5601']","[0.5522121787071228, 0.5365434288978577, 0.5354159474372864]","['description', 'description', 'description']"
1982年7月8日农历是多少,['61111'],[],description,1,0,[],,['62497'],[0.5564709305763245],['description']
1982年7月8日农历是多少,['61111'],[],description,3,1,['61111'],2.0,"['62497', '61111', '5601']","[0.5564709305763245, 0.5378913283348083, 0.5334005951881409]","['description', 'description', 'description']"
1982年阳历是几月几号,['61111'],[],description,1,0,[],,['5601'],[0.5575741529464722],['description']
1982年阳历是几月几号,['61111'],[],description,3,0,[],,"['5601', '62497', '51323']","[0.5575741529464722, 0.5481798648834229, 0.536972165107727]","['description', 'description', 'description']"
1984年12月11日阳历是多少,['61111'],[],description,1,0,[],,['5601'],[0.5266718864440918],['description']
1984年12月11日阳历是多少,['61111'],[],description,3,1,['61111'],3.0,"['5601', '62497', '61111']","[0.5266718864440918, 0.5161916017532349, 0.5147743225097656]","['description', 'description', 'description']"
1984年6月25日,['61111'],[],description,1,0,[],,['5601'],[0.44441401958465576],['description']
1984年6月25日,['61111'],[],description,3,1,['61111'],2.0,"['5601', '61111', '62497']","[0.44441401958465576, 0.43334200978279114, 0.4296838641166687]","['description', 'description', 'description']"
1986.1.1农历是多少,['61111'],[],description,1,0,[],,['5601'],[0.5563298463821411],['description']
1986.1.1农历是多少,['61111'],[],description,3,0,[],,"['5601', '62497', '51323']","[0.5563298463821411, 0.5496256351470947, 0.5429653525352478]","['description', 'description', 'description']"
1986年12月初八阳历是多少,['61111'],[],description,1,0,[],,['5601'],[0.5481972098350525],['description']
1986年12月初八阳历是多少,['61111'],[],description,3,1,['61111'],2.0,"['5601', '61111', '62497']","[0.5481972098350525, 0.5462688207626343, 0.5263504981994629]","['description', 'description', 'description']"
1986年9月24日农历是多少,['61111'],[],description,1,0,[],,['62497'],[0.5402573347091675],['description']
1986年9月24日农历是多少,['61111'],[],description,3,1,['61111'],3.0,"['62497', '51323', '61111']","[0.5402573347091675, 0.5367047786712646, 0.5233157873153687]","['description', 'description', 'description']"
1987年5月1日农历多少,['61111'],[],description,1,0,[],,['62497'],[0.5607050061225891],['description']
1987年5月1日农历多少,['61111'],[],description,3,1,['61111'],3.0,"['62497', '5601', '61111']","[0.5607050061225891, 0.5384491086006165, 0.5352133512496948]","['description', 'description', 'description']"
1987年9月25日阳历是多少,['61111'],[],description,1,0,[],,['62497'],[0.6175709962844849],['description']
1987年9月25日阳历是多少,['61111'],[],description,3,0,[],,"['62497', '5601', '51323']","[0.6175709962844849, 0.6094064116477966, 0.5807046890258789]","['description', 'description', 'description']"
1987年农历10月18日是阳历几号,['61111'],[],description,1,0,[],,['5601'],[0.564014196395874],['description']
1987年农历10月18日是阳历几号,['61111'],[],description,3,1,['61111'],3.0,"['5601', '62497', '61111']","[0.564014196395874, 0.5595764517784119, 0.5551706552505493]","['description', 'description', 'description']"
1987年日历,['61111'],[],description,1,0,[],,['5601'],[0.6462302803993225],['description']
1987年日历,['61111'],[],description,3,1,['61111'],3.0,"['5601', '62497', '61111']","[0.6462302803993225, 0.6147613525390625, 0.6128839254379272]","['description', 'description', 'description']"
1987年阴历10月30日是阳历的几月几号,['61111'],[],description,1,0,[],,['5601'],[0.5499131679534912],['description']
1987年阴历10月30日是阳历的几月几号,['61111'],[],description,3,1,['61111'],3.0,"['5601', '62497', '61111']","[0.5499131679534912, 0.5406591296195984, 0.5299409627914429]","['description', 'description', 'description']"
1989年6月29日,['61111'],[],description,1,0,[],,['5601'],[0.4382559657096863],['description']
1989年6月29日,['61111'],[],description,3,1,['61111'],2.0,"['5601', '61111', '62497']","[0.4382559657096863, 0.43110692501068115, 0.41258424520492554]","['description', 'description', 'description']"
1990年5月23日阳历是多少,['61111'],[],description,1,0,[],,['5601'],[0.5753482580184937],['description']
1990年5月23日阳历是多少,['61111'],[],description,3,1,['61111'],2.0,"['5601', '61111', '62497']","[0.5753482580184937, 0.5568845272064209, 0.5557901263237]","['description', 'description', 'description']"
1991.6.27,['61111'],[],description,1,0,[],,['5601'],[0.5735504627227783],['description']
1991.6.27,['61111'],[],description,3,1,['61111'],3.0,"['5601', '51323', '61111']","[0.5735504627227783, 0.5632044076919556, 0.540442168712616]","['description', 'description', 'description']"
1992年12月12日农历是多少,['61111'],[],description,1,1,['61111'],1.0,['61111'],[0.5277261137962341],['description']
1992年12月12日农历是多少,['61111'],[],description,3,1,['61111'],1.0,"['61111', '5601', '62497']","[0.5277261137962341, 0.521635115146637, 0.5155887603759766]","['description', 'description', 'description']"
1992年7月27日农历是多少,['61111'],[],description,1,0,[],,['62497'],[0.5416573286056519],['description']
1992年7月27日农历是多少,['61111'],[],description,3,1,['61111'],3.0,"['62497', '5601', '61111']","[0.5416573286056519, 0.5315151214599609, 0.5252885818481445]","['description', 'description', 'description']"
1993年农历初六阳历是几号,['61111'],[],description,1,0,[],,['5601'],[0.5766550302505493],['description']
1993年农历初六阳历是几号,['61111'],[],description,3,1,['61111'],2.0,"['5601', '61111', '62497']","[0.5766550302505493, 0.567488431930542, 0.5485615730285645]","['description', 'description', 'description']"
1994年10月3日农历是多少,['61111'],[],description,1,1,['61111'],1.0,['61111'],[0.5441319346427917],['description']
1994年10月3日农历是多少,['61111'],[],description,3,1,['61111'],1.0,"['61111', '62497', '5601']","[0.5441319346427917, 0.5282808542251587, 0.5259062051773071]","['description', 'description', 'description']"
1995年冬月十三,['61111'],[],description,1,1,['61111'],1.0,['61111'],[0.543974757194519],['description']
1995年冬月十三,['61111'],[],description,3,1,['61111'],1.0,"['61111', '5601', '62497']","[0.543974757194519, 0.5203092694282532, 0.509651243686676]","['description', 'description', 'description']"
1995年正月公历是几号,['61111'],[],description,1,0,[],,['5601'],[0.5835829973220825],['description']
1995年正月公历是几号,['61111'],[],description,3,1,['61111'],2.0,"['5601', '61111', '62497']","[0.5835829973220825, 0.564665675163269, 0.5638993978500366]","['description', 'description', 'description']"
1997年7月10日农历是多少,['61111'],[],description,1,0,[],,['62497'],[0.5694870948791504],['description']
1997年7月10日农历是多少,['61111'],[],description,3,1,['61111'],3.0,"['62497', '5601', '61111']","[0.5694870948791504, 0.5651645660400391, 0.5513302087783813]","['description', 'description', 'description']"
1999年9月10日农历是多少,['61111'],[],description,1,0,[],,['62497'],[0.5856600999832153],['description']
1999年9月10日农历是多少,['61111'],[],description,3,1,['61111'],3.0,"['62497', '5601', '61111']","[0.5856600999832153, 0.581389844417572, 0.5730172395706177]","['description', 'description', 'description']"
1999年9月4日,['61111'],[],description,1,0,[],,['5601'],[0.48610952496528625],['description']
1999年9月4日,['61111'],[],description,3,1,['61111'],3.0,"['5601', '51323', '61111']","[0.48610952496528625, 0.48055824637413025, 0.4768219590187073]","['description', 'description', 'description']"
1月21日,['61111'],[],description,1,0,[],,['5601'],[0.5394962430000305],['description']
1月21日,['61111'],[],description,3,1,['61111'],2.0,"['5601', '61111', '62497']","[0.5394962430000305, 0.5281301736831665, 0.5146540403366089]","['description', 'description', 'description']"
2002年9月25日阴历是多少,['61111'],[],description,1,0,[],,['62497'],[0.5825930833816528],['description']
2002年9月25日阴历是多少,['61111'],[],description,3,0,[],,"['62497', '5601', '51323']","[0.5825930833816528, 0.570257306098938, 0.5672283172607422]","['description', 'description', 'description']"
2004年4月8日农历是多少,['61111'],[],description,1,0,[],,['51323'],[0.5754736661911011],['description']
2004年4月8日农历是多少,['61111'],[],description,3,1,['61111'],2.0,"['51323', '61111', '62497']","[0.5754736661911011, 0.5703414678573608, 0.5642024278640747]","['description', 'description', 'description']"
2004年9月6日阴历是多少,['61111'],[],description,1,0,[],,['51323'],[0.575496256351471],['description']
2004年9月6日阴历是多少,['61111'],[],description,3,1,['61111'],3.0,"['51323', '62497', '61111']","[0.575496256351471, 0.5558340549468994, 0.5478487014770508]","['description', 'description', 'description']"
2004年农历四月初十,['61111'],[],description,1,1,['61111'],1.0,['61111'],[0.524397611618042],['description']
2004年农历四月初十,['61111'],[],description,3,1,['61111'],1.0,"['61111', '51323', '5601']","[0.524397611618042, 0.4923343062400818, 0.4872184097766876]","['description', 'description', 'description']"
2005年7月19日阴历是多少,['61111'],[],description,1,0,[],,['62497'],[0.5968431234359741],['description']
2005年7月19日阴历是多少,['61111'],[],description,3,0,[],,"['62497', '5601', '51323']","[0.5968431234359741, 0.5871800184249878, 0.5669592618942261]","['description', 'description', 'description']"
2008年日历农历阳历表,['61111'],[],description,1,0,[],,['62497'],[0.5611599683761597],['description']
2008年日历农历阳历表,['61111'],[],description,3,1,['61111'],3.0,"['62497', '5601', '61111']","[0.5611599683761597, 0.555881142616272, 0.5462948083877563]","['description', 'description', 'description']"
2009年3月21日农历是多少,['61111'],[],description,1,0,[],,['62497'],[0.5695048570632935],['description']
2009年3月21日农历是多少,['61111'],[],description,3,1,['61111'],3.0,"['62497', '5601', '61111']","[0.5695048570632935, 0.5664616823196411, 0.5529974699020386]","['description', 'description', 'description']"
2009年8月6号是星期几,['61111'],[],description,1,0,[],,['5601'],[0.488040566444397],['description']
2009年8月6号是星期几,['61111'],[],description,3,1,['61111'],2.0,"['5601', '61111', '62497']","[0.488040566444397, 0.4572451710700989, 0.4501502215862274]","['description', 'description', 'description']"
2010年腊月,['61111'],[],description,1,0,[],,['51323'],[0.48987746238708496],['description']
2010年腊月,['61111'],[],description,3,0,[],,"['51323', '5601', '62497']","[0.48987746238708496, 0.4662000834941864, 0.45570167899131775]","['description', 'description', 'description']"
2014年11月,['61111'],[],description,1,0,[],,['51323'],[0.4892693758010864],['description']
2014年11月,['61111'],[],description,3,1,['61111'],3.0,"['51323', '5601', '61111']","[0.4892693758010864, 0.46565109491348267, 0.45089399814605713]","['description', 'description', 'description']"
2014年6月24号是农历多少,['61111'],[],description,1,0,[],,['62497'],[0.5514103174209595],['description']
2014年6月24号是农历多少,['61111'],[],description,3,0,[],,"['62497', '51323', '5601']","[0.5514103174209595, 0.5493763089179993, 0.5242041945457458]","['description', 'description', 'description']"
2015年8月1日农历是多少,['61111'],[],description,1,0,[],,['62497'],[0.5837607383728027],['description']
2015年8月1日农历是多少,['61111'],[],description,3,1,['61111'],3.0,"['62497', '5601', '61111']","[0.5837607383728027, 0.5629141330718994, 0.5581584572792053]","['description', 'description', 'description']"
2015年农历12月25日阳历是多少,['61111'],[],description,1,0,[],,['5601'],[0.5668618679046631],['description']
2015年农历12月25日阳历是多少,['61111'],[],description,3,1,['61111'],3.0,"['5601', '62497', '61111']","[0.5668618679046631, 0.5625344514846802, 0.5391026735305786]","['description', 'description', 'description']"
2016.9.22是农历多少,['61111'],[],description,1,0,[],,['62497'],[0.6054532527923584],['description']
2016.9.22是农历多少,['61111'],[],description,3,0,[],,"['62497', '51323', '5601']","[0.6054532527923584, 0.5942764282226562, 0.5866382718086243]","['description', 'description', 'description']"
2016年农历八月初二,['61111'],[],description,1,1,['61111'],1.0,['61111'],[0.5090176463127136],['description']
2016年农历八月初二,['61111'],[],description,3,1,['61111'],1.0,"['61111', '5601', '62497']","[0.5090176463127136, 0.4871864914894104, 0.4869846701622009]","['description', 'description', 'description']"
2017年1月,['61111'],[],description,1,0,[],,['51323'],[0.5178587436676025],['description']
2017年1月,['61111'],[],description,3,0,[],,"['51323', '5601', '62497']","[0.5178587436676025, 0.5063729286193848, 0.492003858089447]","['description', 'description', 'description']"
2018年8月,['61111'],[],description,1,0,[],,['51323'],[0.5028320550918579],['description']
2018年8月,['61111'],[],description,3,0,[],,"['51323', '5601', '62497']","[0.5028320550918579, 0.49926772713661194, 0.4939589500427246]","['description', 'description', 'description']"
2019年7月13日农历是多少,['61111'],[],description,1,0,[],,['62497'],[0.5998989939689636],['description']
2019年7月13日农历是多少,['61111'],[],description,3,1,['61111'],3.0,"['62497', '5601', '61111']","[0.5998989939689636, 0.5870748162269592, 0.5670310258865356]","['description', 'description', 'description']"
2019年8月日历,['61111'],[],description,1,0,[],,['62497'],[0.5948140621185303],['description']
2019年8月日历,['61111'],[],description,3,1,['61111'],3.0,"['62497', '5601', '61111']","[0.5948140621185303, 0.5853143334388733, 0.5830309391021729]","['description', 'description', 'description']"
2021年6月28日是农历几月几日,['61111'],[],description,1,0,[],,['62497'],[0.6049113869667053],['description']
2021年6月28日是农历几月几日,['61111'],[],description,3,1,['61111'],2.0,"['62497', '61111', '5601']","[0.6049113869667053, 0.5849230885505676, 0.5776950120925903]","['description', 'description', 'description']"
2021年8月8日农历是多少,['61111'],[],description,1,0,[],,['62497'],[0.600574791431427],['description']
2021年8月8日农历是多少,['61111'],[],description,3,1,['61111'],3.0,"['62497', '5601', '61111']","[0.600574791431427, 0.5807033181190491, 0.5777533054351807]","['description', 'description', 'description']"
2022年7月10日,['61111'],[],description,1,0,[],,['5601'],[0.5043746829032898],['description']
2022年7月10日,['61111'],[],description,3,1,['61111'],3.0,"['5601', '62497', '61111']","[0.5043746829032898, 0.4932137727737427, 0.4912635087966919]","['description', 'description', 'description']"
2022年7月21日农历是多少,['61111'],[],description,1,0,[],,['62497'],[0.614596426486969],['description']
2022年7月21日农历是多少,['61111'],[],description,3,1,['61111'],3.0,"['62497', '5601', '61111']","[0.614596426486969, 0.580568790435791, 0.5712147951126099]","['description', 'description', 'description']"
2022年国庆节放假时间表,['61111'],[],description,1,0,[],,['5601'],[0.594852089881897],['description']
2022年国庆节放假时间表,['61111'],[],description,3,0,[],,"['5601', '62497', '51323']","[0.594852089881897, 0.538204550743103, 0.5321004390716553]","['description', 'description', 'description']"
2023年12月30日农历是多少,['61111'],[],description,1,0,[],,['5601'],[0.5832086801528931],['description']
2023年12月30日农历是多少,['61111'],[],description,3,1,['61111'],3.0,"['5601', '62497', '61111']","[0.5832086801528931, 0.5781030654907227, 0.5776195526123047]","['description', 'description', 'description']"
2023年1月4日是农历多少,['61111'],[],description,1,0,[],,['5601'],[0.6139928102493286],['description']
2023年1月4日是农历多少,['61111'],[],description,3,1,['61111'],3.0,"['5601', '62497', '61111']","[0.6139928102493286, 0.6112227439880371, 0.6102256774902344]","['description', 'description', 'description']"
2023年3月日历表,['61111'],[],description,1,0,[],,['62497'],[0.5745041370391846],['description']
2023年3月日历表,['61111'],[],description,3,1,['61111'],2.0,"['62497', '61111', '5601']","[0.5745041370391846, 0.5739420652389526, 0.5656652450561523]","['description', 'description', 'description']"
2023年8月8日农历是多少,['61111'],[],description,1,0,[],,['62497'],[0.604670524597168],['description']
2023年8月8日农历是多少,['61111'],[],description,3,1,['61111'],2.0,"['62497', '61111', '5601']","[0.604670524597168, 0.5903923511505127, 0.5846761465072632]","['description', 'description', 'description']"
2023年9月20日是星期几,['61111'],[],description,1,0,[],,['5601'],[0.6438952088356018],['description']
2023年9月20日是星期几,['61111'],[],description,3,1,['61111'],2.0,"['5601', '61111', '62497']","[0.6438952088356018, 0.614890456199646, 0.5985467433929443]","['description', 'description', 'description']"
2023年日历,['61111'],[],description,1,0,[],,['5601'],[0.6969999670982361],['description']
2023年日历,['61111'],[],description,3,1,['61111'],2.0,"['5601', '61111', '62497']","[0.6969999670982361, 0.6716161966323853, 0.6459293961524963]","['description', 'description', 'description']"
2024.7.2农历是多少,['61111'],[],description,1,0,[],,['62497'],[0.6462712287902832],['description']
2024.7.2农历是多少,['61111'],[],description,3,0,[],,"['62497', '51323', '5601']","[0.6462712287902832, 0.6216562390327454, 0.6150174140930176]","['description', 'description', 'description']"
2024年日历表,['61111'],[],description,1,0,[],,['5601'],[0.6434891223907471],['description']
2024年日历表,['61111'],[],description,3,1,['61111'],2.0,"['5601', '61111', '62497']","[0.6434891223907471, 0.6329457759857178, 0.6196542978286743]","['description', 'description', 'description']"
2025.7.5农历是几号,['61111'],[],description,1,0,[],,['62497'],[0.6531927585601807],['description']
2025.7.5农历是几号,['61111'],[],description,3,0,[],,"['62497', '5601', '51323']","[0.6531927585601807, 0.641169548034668, 0.6201967000961304]","['description', 'description', 'description']"
2026三伏天的时间,['61111'],[],description,1,0,[],,['5601'],[0.527783989906311],['description']
2026三伏天的时间,['61111'],[],description,3,0,[],,"['5601', '62497', '51323']","[0.527783989906311, 0.5252315998077393, 0.4994686543941498]","['description', 'description', 'description']"
2026几号入伏,['61111'],[],description,1,0,[],,['62497'],[0.5394712090492249],['description']
2026几号入伏,['61111'],[],description,3,0,[],,"['62497', '5601', '51323']","[0.5394712090492249, 0.5372744202613831, 0.5030289888381958]","['description', 'description', 'description']"
2026年6月7日是星期几,['61111'],[],description,1,0,[],,['5601'],[0.5708119869232178],['description']
2026年6月7日是星期几,['61111'],[],description,3,1,['61111'],2.0,"['5601', '61111', '62497']","[0.5708119869232178, 0.5372240543365479, 0.5327073335647583]","['description', 'description', 'description']"
2026年6月初六是几月几日,['61111'],[],description,1,1,['61111'],1.0,['61111'],[0.5660243034362793],['description']
2026年6月初六是几月几日,['61111'],[],description,3,1,['61111'],1.0,"['61111', '5601', '62497']","[0.5660243034362793, 0.5647914409637451, 0.5487775802612305]","['description', 'description', 'description']"
2026年7日,['61111'],[],description,1,0,[],,['5601'],[0.5937148332595825],['description']
2026年7日,['61111'],[],description,3,1,['61111'],3.0,"['5601', '62497', '61111']","[0.5937148332595825, 0.5669653415679932, 0.5554071664810181]","['description', 'description', 'description']"
2026年7月8日,['61111'],[],description,1,0,[],,['5601'],[0.563727855682373],['description']
2026年7月8日,['61111'],[],description,3,1,['61111'],3.0,"['5601', '62497', '61111']","[0.563727855682373, 0.5435976386070251, 0.5282493829727173]","['description', 'description', 'description']"
2026年7月8日农历是多少,['61111'],[],description,1,0,[],,['62497'],[0.5987609624862671],['description']
2026年7月8日农历是多少,['61111'],[],description,3,1,['61111'],3.0,"['62497', '5601', '61111']","[0.5987609624862671, 0.5807156562805176, 0.5743585824966431]","['description', 'description', 'description']"
2026年7月的日历,['61111'],[],description,1,0,[],,['62497'],[0.643295407295227],['description']
2026年7月的日历,['61111'],[],description,3,1,['61111'],3.0,"['62497', '5601', '61111']","[0.643295407295227, 0.6348313689231873, 0.6086629033088684]","['description', 'description', 'description']"
2026年八月初三是几月几号,['61111'],[],description,1,1,['61111'],1.0,['61111'],[0.5177702903747559],['description']
2026年八月初三是几月几号,['61111'],[],description,3,1,['61111'],1.0,"['61111', '5601', '62497']","[0.5177702903747559, 0.5098646283149719, 0.5031644105911255]","['description', 'description', 'description']"
2026年农历5月28日是黄道吉日吗,['61111'],[],description,1,1,['61111'],1.0,['61111'],[0.6466274857521057],['description']
2026年农历5月28日是黄道吉日吗,['61111'],[],description,3,1,['61111'],1.0,"['61111', '5601', '62497']","[0.6466274857521057, 0.573251485824585, 0.5473901629447937]","['description', 'description', 'description']"
2026年农历6月26,['61111'],[],description,1,1,['61111'],1.0,['61111'],[0.5641636252403259],['description']
2026年农历6月26,['61111'],[],description,3,1,['61111'],1.0,"['61111', '62497', '5601']","[0.5641636252403259, 0.5488467812538147, 0.5484985113143921]","['description', 'description', 'description']"
2026年农历6月初六,['61111'],[],description,1,1,['61111'],1.0,['61111'],[0.563460648059845],['description']
2026年农历6月初六,['61111'],[],description,3,1,['61111'],1.0,"['61111', '5601', '62497']","[0.563460648059845, 0.5348237752914429, 0.531867265701294]","['description', 'description', 'description']"
2026年日历,['61111'],[],description,1,0,[],,['5601'],[0.6711568236351013],['description']
2026年日历,['61111'],[],description,3,1,['61111'],3.0,"['5601', '62497', '61111']","[0.6711568236351013, 0.6383236050605774, 0.6369268894195557]","['description', 'description', 'description']"
2026年节假日放假,['61111'],[],description,1,0,[],,['5601'],[0.6113294363021851],['description']
2026年节假日放假,['61111'],[],description,3,1,['61111'],3.0,"['5601', '62497', '61111']","[0.6113294363021851, 0.530280351638794, 0.5063687562942505]","['description', 'description', 'description']"
2027年春节放假时间表,['61111'],[],description,1,0,[],,['5601'],[0.5747028589248657],['description']
2027年春节放假时间表,['61111'],[],description,3,0,[],,"['5601', '62497', '51323']","[0.5747028589248657, 0.521368682384491, 0.5200327634811401]","['description', 'description', 'description']"
2027年的春节在几月几号,['61111'],[],description,1,0,[],,['5601'],[0.6030413508415222],['description']
2027年的春节在几月几号,['61111'],[],description,3,0,[],,"['5601', '62497', '51323']","[0.6030413508415222, 0.58024001121521, 0.5581234693527222]","['description', 'description', 'description']"
26年8月份日历表,['61111'],[],description,1,0,[],,['62497'],[0.5679790377616882],['description']
26年8月份日历表,['61111'],[],description,3,1,['61111'],3.0,"['62497', '5601', '61111']","[0.5679790377616882, 0.535538911819458, 0.5349974036216736]","['description', 'description', 'description']"
26年农历五月二十九,['61111'],[],description,1,1,['61111'],1.0,['61111'],[0.5788688659667969],['description']
26年农历五月二十九,['61111'],[],description,3,1,['61111'],1.0,"['61111', '62497', '5601']","[0.5788688659667969, 0.5586259365081787, 0.54412841796875]","['description', 'description', 'description']"
3月31日,['61111'],[],description,1,0,[],,['5601'],[0.5525288581848145],['description']
3月31日,['61111'],[],description,3,1,['61111'],2.0,"['5601', '61111', '62497']","[0.5525288581848145, 0.5362342000007629, 0.5216734409332275]","['description', 'description', 'description']"
6月25日,['61111'],[],description,1,0,[],,['5601'],[0.5510217547416687],['description']
6月25日,['61111'],[],description,3,1,['61111'],2.0,"['5601', '61111', '62497']","[0.5510217547416687, 0.5363502502441406, 0.5343177318572998]","['description', 'description', 'description']"
7月11日农历是多少,['61111'],[],description,1,0,[],,['62497'],[0.6027162075042725],['description']
7月11日农历是多少,['61111'],[],description,3,1,['61111'],3.0,"['62497', '5601', '61111']","[0.6027162075042725, 0.5770089626312256, 0.568614661693573]","['description', 'description', 'description']"
7月8农历是几号,['61111'],[],description,1,0,[],,['62497'],[0.6561319828033447],['description']
7月8农历是几号,['61111'],[],description,3,1,['61111'],3.0,"['62497', '5601', '61111']","[0.6561319828033447, 0.626789927482605, 0.6136759519577026]","['description', 'description', 'description']"
7月初七是几号,['61111'],[],description,1,0,[],,['5601'],[0.5981755256652832],['description']
7月初七是几号,['61111'],[],description,3,1,['61111'],3.0,"['5601', '62497', '61111']","[0.5981755256652832, 0.579493522644043, 0.5779709219932556]","['description', 'description', 'description']"
7月日历,['61111'],[],description,1,0,[],,['62497'],[0.7010387778282166],['description']
7月日历,['61111'],[],description,3,1,['61111'],3.0,"['62497', '5601', '61111']","[0.7010387778282166, 0.6818557381629944, 0.6667087078094482]","['description', 'description', 'description']"
84年7月9日阴历,['61111'],[],description,1,1,['61111'],1.0,['61111'],[0.5637321472167969],['description']
84年7月9日阴历,['61111'],[],description,3,1,['61111'],1.0,"['61111', '62497', '5601']","[0.5637321472167969, 0.5451009273529053, 0.5419314503669739]","['description', 'description', 'description']"
一九八六年十一月四日农历是多少,['61111'],[],description,1,0,[],,['62497'],[0.5274397134780884],['description']
一九八六年十一月四日农历是多少,['61111'],[],description,3,0,[],,"['62497', '51323', '5601']","[0.5274397134780884, 0.5142937302589417, 0.5136911273002625]","['description', 'description', 'description']"
万年历查询表,['61111'],[],description,1,0,[],,['5601'],[0.7278815507888794],['description']
万年历查询表,['61111'],[],description,3,1,['61111'],2.0,"['5601', '61111', '62497']","[0.7278815507888794, 0.7207823395729065, 0.7074955701828003]","['description', 'description', 'description']"
万年历黄历老黄历,['61111'],[],description,1,1,['61111'],1.0,['61111'],[0.8096276521682739],['description']
万年历黄历老黄历,['61111'],[],description,3,1,['61111'],1.0,"['61111', '5601', '62497']","[0.8096276521682739, 0.7867803573608398, 0.749211847782135]","['description', 'description', 'description']"
什么时候入伏呢,['61111'],[],description,1,0,[],,['62497'],[0.5511775016784668],['description']
什么时候入伏呢,['61111'],[],description,3,1,['61111'],3.0,"['62497', '5601', '61111']","[0.5511775016784668, 0.5509321689605713, 0.5214732885360718]","['description', 'description', 'description']"
今天农历是几月几号,['61111'],[],description,1,0,[],,['5601'],[0.7058743834495544],['description']
今天农历是几月几号,['61111'],[],description,3,1,['61111'],3.0,"['5601', '62497', '61111']","[0.7058743834495544, 0.7033197283744812, 0.7014314532279968]","['description', 'description', 'description']"
今年伏天是哪一天,['61111'],[],description,1,0,[],,['62497'],[0.5908229947090149],['description']
今年伏天是哪一天,['61111'],[],description,3,1,['61111'],3.0,"['62497', '5601', '61111']","[0.5908229947090149, 0.5872358083724976, 0.5626652836799622]","['description', 'description', 'description']"
今年几号进伏几号出伏,['61111'],[],description,1,0,[],,['62497'],[0.6084280014038086],['description']
今年几号进伏几号出伏,['61111'],[],description,3,1,['61111'],3.0,"['62497', '5601', '61111']","[0.6084280014038086, 0.5798370242118835, 0.5458019971847534]","['description', 'description', 'description']"
今年出梅是几月几日,['61111'],[],description,1,0,[],,['62497'],[0.5650404691696167],['description']
今年出梅是几月几日,['61111'],[],description,3,1,['61111'],3.0,"['62497', '5601', '61111']","[0.5650404691696167, 0.5552884340286255, 0.5428945422172546]","['description', 'description', 'description']"
今年火把节是几月几日,['61111'],[],description,1,0,[],,['5601'],[0.5741986036300659],['description']
今年火把节是几月几日,['61111'],[],description,3,1,['61111'],3.0,"['5601', '62497', '61111']","[0.5741986036300659, 0.5634267926216125, 0.5453442335128784]","['description', 'description', 'description']"
今日日历,['61111'],[],description,1,1,['61111'],1.0,['61111'],[0.8347585797309875],['description']
今日日历,['61111'],[],description,3,1,['61111'],1.0,"['61111', '5601', '62497']","[0.8347585797309875, 0.8252956867218018, 0.7694017887115479]","['description', 'description', 'description']"
农历5月28日阳历是多少,['61111'],[],description,1,0,[],,['62497'],[0.6349530220031738],['description']
农历5月28日阳历是多少,['61111'],[],description,3,1,['61111'],2.0,"['62497', '61111', '5601']","[0.6349530220031738, 0.6199092864990234, 0.6157674789428711]","['description', 'description', 'description']"
农历5月是几号,['61111'],[],description,1,0,[],,['62497'],[0.6486380100250244],['description']
农历5月是几号,['61111'],[],description,3,1,['61111'],2.0,"['62497', '61111', '5601']","[0.6486380100250244, 0.6222703456878662, 0.6154285669326782]","['description', 'description', 'description']"
农历6月16阳历是几号,['61111'],[],description,1,0,[],,['62497'],[0.6336038112640381],['description']
农历6月16阳历是几号,['61111'],[],description,3,1,['61111'],3.0,"['62497', '5601', '61111']","[0.6336038112640381, 0.629969596862793, 0.6175191402435303]","['description', 'description', 'description']"
农历6月初8,['61111'],[],description,1,1,['61111'],1.0,['61111'],[0.6036809682846069],['description']
农历6月初8,['61111'],[],description,3,1,['61111'],1.0,"['61111', '62497', '5601']","[0.6036809682846069, 0.5942378044128418, 0.5761600732803345]","['description', 'description', 'description']"
农历85年十二月二十,['61111'],[],description,1,1,['61111'],1.0,['61111'],[0.567908525466919],['description']
农历85年十二月二十,['61111'],[],description,3,1,['61111'],1.0,"['61111', '5601', '51323']","[0.567908525466919, 0.5509790182113647, 0.5492202043533325]","['description', 'description', 'description']"
农历9月11日是阳历几月几日,['61111'],[],description,1,0,[],,['62497'],[0.6314495801925659],['description']
农历9月11日是阳历几月几日,['61111'],[],description,3,1,['61111'],2.0,"['62497', '61111', '5601']","[0.6314495801925659, 0.6177284717559814, 0.6141889095306396]","['description', 'description', 'description']"
农历阳历转换,['61111'],[],description,1,0,[],,['62497'],[0.7748536467552185],['description']
农历阳历转换,['61111'],[],description,3,0,[],,"['62497', '5601', '51323']","[0.7748536467552185, 0.7718700170516968, 0.7285734415054321]","['description', 'description', 'description']"
初伏至末伏的时间表,['61111'],[],description,1,0,[],,['62497'],[0.5629726648330688],['description']
初伏至末伏的时间表,['61111'],[],description,3,0,[],,"['62497', '5601', '51323']","[0.5629726648330688, 0.5301249027252197, 0.5252783298492432]","['description', 'description', 'description']"
国庆节假日法定几天,['61111'],[],description,1,0,[],,['5601'],[0.6498845815658569],['description']
国庆节假日法定几天,['61111'],[],description,3,1,['61111'],3.0,"['5601', '62497', '61111']","[0.6498845815658569, 0.594171404838562, 0.5560482740402222]","['description', 'description', 'description']"
日历2018全年日历表,['61111'],[],description,1,0,[],,['5601'],[0.5779355764389038],['description']
日历2018全年日历表,['61111'],[],description,3,1,['61111'],3.0,"['5601', '62497', '61111']","[0.5779355764389038, 0.5718274712562561, 0.5699443221092224]","['description', 'description', 'description']"
明天几号星期几,['61111'],[],description,1,0,[],,['5601'],[0.6696726083755493],['description']
明天几号星期几,['61111'],[],description,3,1,['61111'],2.0,"['5601', '61111', '62497']","[0.6696726083755493, 0.6449129581451416, 0.613379955291748]","['description', 'description', 'description']"
正月廿二是几月几号,['61111'],[],description,1,0,[],,['5601'],[0.6137094497680664],['description']
正月廿二是几月几号,['61111'],[],description,3,1,['61111'],3.0,"['5601', '62497', '61111']","[0.6137094497680664, 0.610889732837677, 0.6022515296936035]","['description', 'description', 'description']"
现在三伏天了吗,['61111'],[],description,1,0,[],,['5601'],[0.5620054006576538],['description']
现在三伏天了吗,['61111'],[],description,3,0,[],,"['5601', '62497', '51323']","[0.5620054006576538, 0.5589182376861572, 0.5300609469413757]","['description', 'description', 'description']"
节是几月几日,['61111'],[],description,1,0,[],,['5601'],[0.6901434659957886],['description']
节是几月几日,['61111'],[],description,3,1,['61111'],3.0,"['5601', '62497', '61111']","[0.6901434659957886, 0.6469130516052246, 0.6461361050605774]","['description', 'description', 'description']"
阳历7月12号阴历多少,['61111'],[],description,1,0,[],,['62497'],[0.6235936880111694],['description']
阳历7月12号阴历多少,['61111'],[],description,3,1,['61111'],3.0,"['62497', '5601', '61111']","[0.6235936880111694, 0.6049802899360657, 0.5824652314186096]","['description', 'description', 'description']"
阳历8月10,['61111'],[],description,1,1,['61111'],1.0,['61111'],[0.6035633683204651],['description']
阳历8月10,['61111'],[],description,3,1,['61111'],1.0,"['61111', '62497', '5601']","[0.6035633683204651, 0.5992410182952881, 0.5909910798072815]","['description', 'description', 'description']"
阳历和农历对照表,['61111'],[],description,1,0,[],,['62497'],[0.6976220607757568],['description']
阳历和农历对照表,['61111'],[],description,3,1,['61111'],3.0,"['62497', '5601', '61111']","[0.6976220607757568, 0.6782386302947998, 0.6530918478965759]","['description', 'description', 'description']"
06年大年初四是几月几号,['61111'],[],merged,1,0,[],,['51323'],[0.53011155128479],['title_description']
06年大年初四是几月几号,['61111'],[],merged,3,1,['61111'],3.0,"['51323', '5601', '61111']","[0.53011155128479, 0.5096184015274048, 0.5071156620979309]","['title_description', 'description', 'title_description']"
11月26日农历是多少,['61111'],[],merged,1,0,[],,['62497'],[0.6044096946716309],['description']
11月26日农历是多少,['61111'],[],merged,3,1,['61111'],3.0,"['62497', '5601', '61111']","[0.6044096946716309, 0.5890078544616699, 0.5762749910354614]","['description', 'description', 'title_description']"
1950年5月26日阳历是多少,['61111'],[],merged,1,0,[],,['5601'],[0.5377116799354553],['description']
1950年5月26日阳历是多少,['61111'],[],merged,3,1,['61111'],2.0,"['5601', '61111', '62497']","[0.5377116799354553, 0.5256438255310059, 0.5256249308586121]","['description', 'description', 'description']"
1953年6月阳历是多少,['61111'],[],merged,1,0,[],,['5601'],[0.5432333946228027],['description']
1953年6月阳历是多少,['61111'],[],merged,3,1,['61111'],3.0,"['5601', '62497', '61111']","[0.5432333946228027, 0.5281816720962524, 0.5271625518798828]","['description', 'description', 'description']"
1958年2月8日农历是多少,['61111'],[],merged,1,0,[],,['62497'],[0.5255454778671265],['description']
1958年2月8日农历是多少,['61111'],[],merged,3,1,['61111'],3.0,"['62497', '5601', '61111']","[0.5255454778671265, 0.5196011662483215, 0.5077222585678101]","['description', 'description', 'description']"
1962年日历表,['61111'],[],merged,1,0,[],,['5601'],[0.5947685241699219],['title_description']
1962年日历表,['61111'],[],merged,3,1,['61111'],3.0,"['5601', '62497', '61111']","[0.5947685241699219, 0.555445671081543, 0.5546689033508301]","['title_description', 'description', 'description']"
1965年6月25日农历是多少,['61111'],[],merged,1,0,[],,['62497'],[0.5333876609802246],['description']
1965年6月25日农历是多少,['61111'],[],merged,3,0,[],,"['62497', '5601', '51323']","[0.5333876609802246, 0.5201792120933533, 0.5153903365135193]","['description', 'description', 'title_description']"
1966年日历表,['61111'],[],merged,1,0,[],,['5601'],[0.596036434173584],['title_description']
1966年日历表,['61111'],[],merged,3,1,['61111'],2.0,"['5601', '61111', '62497']","[0.596036434173584, 0.5539989471435547, 0.5523604154586792]","['title_description', 'description', 'description']"
1968年,['61111'],[],merged,1,0,[],,['51323'],[0.4035851061344147],['description']
1968年,['61111'],[],merged,3,1,['61111'],3.0,"['51323', '5601', '61111']","[0.4035851061344147, 0.39593398571014404, 0.3876904547214508]","['description', 'description', 'title_description']"
1968年7月8号农历是多少,['61111'],[],merged,1,0,[],,['62497'],[0.5180948376655579],['description']
1968年7月8号农历是多少,['61111'],[],merged,3,1,['61111'],2.0,"['62497', '61111', '5601']","[0.5180948376655579, 0.5025298595428467, 0.5016803741455078]","['description', 'description', 'description']"
1970年7月8日农历是多少,['61111'],[],merged,1,0,[],,['62497'],[0.5442339181900024],['description']
1970年7月8日农历是多少,['61111'],[],merged,3,1,['61111'],2.0,"['62497', '61111', '5601']","[0.5442339181900024, 0.5330580472946167, 0.5286365747451782]","['description', 'description', 'description']"
1971年2月10日农历是多少,['61111'],[],merged,1,0,[],,['62497'],[0.5427782535552979],['description']
1971年2月10日农历是多少,['61111'],[],merged,3,0,[],,"['62497', '5601', '51323']","[0.5427782535552979, 0.5232870578765869, 0.5219900012016296]","['description', 'description', 'title_description']"
1971年农历6月6日阳历是多少,['61111'],[],merged,1,0,[],,['62497'],[0.5335240364074707],['description']
1971年农历6月6日阳历是多少,['61111'],[],merged,3,1,['61111'],3.0,"['62497', '5601', '61111']","[0.5335240364074707, 0.5259777307510376, 0.5124549269676208]","['description', 'description', 'description']"
1972年7月22日农历是多少,['61111'],[],merged,1,0,[],,['62497'],[0.5197548866271973],['description']
1972年7月22日农历是多少,['61111'],[],merged,3,1,['61111'],3.0,"['62497', '5601', '61111']","[0.5197548866271973, 0.4969896376132965, 0.495585560798645]","['description', 'description', 'description']"
1974年阳历是几号,['61111'],[],merged,1,0,[],,['51323'],[0.5690884590148926],['description']
1974年阳历是几号,['61111'],[],merged,3,0,[],,"['51323', '62497', '5601']","[0.5690884590148926, 0.5652244091033936, 0.5636274814605713]","['description', 'description', 'description']"
1975年7月5日农历是多少,['61111'],[],merged,1,0,[],,['62497'],[0.5537047982215881],['description']
1975年7月5日农历是多少,['61111'],[],merged,3,1,['61111'],3.0,"['62497', '5601', '61111']","[0.5537047982215881, 0.5304117798805237, 0.5299992561340332]","['description', 'description', 'description']"
1977年7月17日农历是多少,['61111'],[],merged,1,0,[],,['62497'],[0.5333807468414307],['description']
1977年7月17日农历是多少,['61111'],[],merged,3,1,['61111'],3.0,"['62497', '5601', '61111']","[0.5333807468414307, 0.5178269147872925, 0.5063012838363647]","['description', 'description', 'description']"
1977年8.29号是几月几号,['61111'],[],merged,1,0,[],,['62497'],[0.5180375576019287],['description']
1977年8.29号是几月几号,['61111'],[],merged,3,1,['61111'],3.0,"['62497', '5601', '61111']","[0.5180375576019287, 0.5115141868591309, 0.5064865350723267]","['description', 'description', 'title_description']"
1978年3月3日农历是多少,['61111'],[],merged,1,1,['61111'],1.0,['61111'],[0.5379169583320618],['description']
1978年3月3日农历是多少,['61111'],[],merged,3,1,['61111'],1.0,"['61111', '5601', '62497']","[0.5379169583320618, 0.5352740287780762, 0.5304180383682251]","['description', 'description', 'description']"
1978年4月8日农历是多少,['61111'],[],merged,1,1,['61111'],1.0,['61111'],[0.5468707084655762],['description']
1978年4月8日农历是多少,['61111'],[],merged,3,1,['61111'],1.0,"['61111', '62497', '5601']","[0.5468707084655762, 0.539035975933075, 0.53305983543396]","['description', 'description', 'description']"
1978年万年历查询表,['61111'],[],merged,1,0,[],,['5601'],[0.5286420583724976],['description']
1978年万年历查询表,['61111'],[],merged,3,1,['61111'],2.0,"['5601', '61111', '62497']","[0.5286420583724976, 0.5263842344284058, 0.5232331156730652]","['description', 'description', 'description']"
1979年农历12月初8,['61111'],[],merged,1,1,['61111'],1.0,['61111'],[0.5044690370559692],['description']
1979年农历12月初8,['61111'],[],merged,3,1,['61111'],1.0,"['61111', '5601', '62497']","[0.5044690370559692, 0.4821963906288147, 0.47661513090133667]","['description', 'description', 'description']"
1980年7月8日农历是多少,['61111'],[],merged,1,0,[],,['62497'],[0.5522121787071228],['description']
1980年7月8日农历是多少,['61111'],[],merged,3,1,['61111'],2.0,"['62497', '61111', '5601']","[0.5522121787071228, 0.5365434288978577, 0.5354159474372864]","['description', 'description', 'description']"
1982年7月8日农历是多少,['61111'],[],merged,1,0,[],,['62497'],[0.5564709305763245],['description']
1982年7月8日农历是多少,['61111'],[],merged,3,1,['61111'],2.0,"['62497', '61111', '5601']","[0.5564709305763245, 0.5378913283348083, 0.5334005951881409]","['description', 'description', 'description']"
1982年阳历是几月几号,['61111'],[],merged,1,0,[],,['5601'],[0.5575741529464722],['description']
1982年阳历是几月几号,['61111'],[],merged,3,1,['61111'],3.0,"['5601', '62497', '61111']","[0.5575741529464722, 0.5481798648834229, 0.5425312519073486]","['description', 'description', 'title_description']"
1984年12月11日阳历是多少,['61111'],[],merged,1,0,[],,['5601'],[0.5266718864440918],['description']
1984年12月11日阳历是多少,['61111'],[],merged,3,1,['61111'],3.0,"['5601', '62497', '61111']","[0.5266718864440918, 0.5161916017532349, 0.5147743225097656]","['description', 'description', 'description']"
1984年6月25日,['61111'],[],merged,1,1,['61111'],1.0,['61111'],[0.4592273235321045],['title_description']
1984年6月25日,['61111'],[],merged,3,1,['61111'],1.0,"['61111', '5601', '62497']","[0.4592273235321045, 0.44441401958465576, 0.4296838641166687]","['title_description', 'description', 'description']"
1986.1.1农历是多少,['61111'],[],merged,1,0,[],,['5601'],[0.5563298463821411],['description']
1986.1.1农历是多少,['61111'],[],merged,3,0,[],,"['5601', '62497', '51323']","[0.5563298463821411, 0.5496256351470947, 0.5429653525352478]","['description', 'description', 'description']"
1986年12月初八阳历是多少,['61111'],[],merged,1,0,[],,['5601'],[0.5481972098350525],['description']
1986年12月初八阳历是多少,['61111'],[],merged,3,1,['61111'],2.0,"['5601', '61111', '62497']","[0.5481972098350525, 0.5462688207626343, 0.5263504981994629]","['description', 'description', 'description']"
1986年9月24日农历是多少,['61111'],[],merged,1,0,[],,['51323'],[0.5438299179077148],['title_description']
1986年9月24日农历是多少,['61111'],[],merged,3,1,['61111'],3.0,"['51323', '62497', '61111']","[0.5438299179077148, 0.5402573347091675, 0.5233157873153687]","['title_description', 'description', 'description']"
1987年5月1日农历多少,['61111'],[],merged,1,0,[],,['62497'],[0.5607050061225891],['description']
1987年5月1日农历多少,['61111'],[],merged,3,1,['61111'],3.0,"['62497', '5601', '61111']","[0.5607050061225891, 0.5384491086006165, 0.5352133512496948]","['description', 'description', 'description']"
1987年9月25日阳历是多少,['61111'],[],merged,1,0,[],,['62497'],[0.6175709962844849],['description']
1987年9月25日阳历是多少,['61111'],[],merged,3,0,[],,"['62497', '5601', '51323']","[0.6175709962844849, 0.6094064116477966, 0.5807046890258789]","['description', 'description', 'description']"
1987年农历10月18日是阳历几号,['61111'],[],merged,1,0,[],,['5601'],[0.564014196395874],['description']
1987年农历10月18日是阳历几号,['61111'],[],merged,3,1,['61111'],3.0,"['5601', '62497', '61111']","[0.564014196395874, 0.5595764517784119, 0.5551706552505493]","['description', 'description', 'description']"
1987年日历,['61111'],[],merged,1,0,[],,['5601'],[0.6462302803993225],['description']
1987年日历,['61111'],[],merged,3,1,['61111'],3.0,"['5601', '62497', '61111']","[0.6462302803993225, 0.6147613525390625, 0.6128839254379272]","['description', 'description', 'description']"
1987年阴历10月30日是阳历的几月几号,['61111'],[],merged,1,0,[],,['5601'],[0.5499131679534912],['description']
1987年阴历10月30日是阳历的几月几号,['61111'],[],merged,3,1,['61111'],3.0,"['5601', '62497', '61111']","[0.5499131679534912, 0.5406591296195984, 0.5299409627914429]","['description', 'description', 'description']"
1989年6月29日,['61111'],[],merged,1,1,['61111'],1.0,['61111'],[0.4585174322128296],['title_description']
1989年6月29日,['61111'],[],merged,3,1,['61111'],1.0,"['61111', '5601', '62497']","[0.4585174322128296, 0.4382559657096863, 0.41258424520492554]","['title_description', 'description', 'description']"
1990年5月23日阳历是多少,['61111'],[],merged,1,0,[],,['5601'],[0.5753482580184937],['description']
1990年5月23日阳历是多少,['61111'],[],merged,3,1,['61111'],2.0,"['5601', '61111', '62497']","[0.5753482580184937, 0.5568845272064209, 0.5557901263237]","['description', 'description', 'description']"
1991.6.27,['61111'],[],merged,1,0,[],,['5601'],[0.5735504627227783],['description']
1991.6.27,['61111'],[],merged,3,1,['61111'],2.0,"['5601', '61111', '51323']","[0.5735504627227783, 0.5647023916244507, 0.5632044076919556]","['description', 'title_description', 'description']"
1992年12月12日农历是多少,['61111'],[],merged,1,1,['61111'],1.0,['61111'],[0.5277261137962341],['description']
1992年12月12日农历是多少,['61111'],[],merged,3,1,['61111'],1.0,"['61111', '5601', '62497']","[0.5277261137962341, 0.521635115146637, 0.5155887603759766]","['description', 'description', 'description']"
1992年7月27日农历是多少,['61111'],[],merged,1,0,[],,['62497'],[0.5416573286056519],['description']
1992年7月27日农历是多少,['61111'],[],merged,3,1,['61111'],3.0,"['62497', '5601', '61111']","[0.5416573286056519, 0.5315151214599609, 0.5252885818481445]","['description', 'description', 'description']"
1993年农历初六阳历是几号,['61111'],[],merged,1,0,[],,['5601'],[0.5766550302505493],['description']
1993年农历初六阳历是几号,['61111'],[],merged,3,1,['61111'],2.0,"['5601', '61111', '62497']","[0.5766550302505493, 0.569492757320404, 0.5485615730285645]","['description', 'title_description', 'description']"
1994年10月3日农历是多少,['61111'],[],merged,1,1,['61111'],1.0,['61111'],[0.5441319346427917],['description']
1994年10月3日农历是多少,['61111'],[],merged,3,1,['61111'],1.0,"['61111', '62497', '5601']","[0.5441319346427917, 0.5282808542251587, 0.5259062051773071]","['description', 'description', 'description']"
1995年冬月十三,['61111'],[],merged,1,1,['61111'],1.0,['61111'],[0.543974757194519],['description']
1995年冬月十三,['61111'],[],merged,3,1,['61111'],1.0,"['61111', '5601', '62497']","[0.543974757194519, 0.5203092694282532, 0.509651243686676]","['description', 'description', 'description']"
1995年正月公历是几号,['61111'],[],merged,1,0,[],,['5601'],[0.5835829973220825],['description']
1995年正月公历是几号,['61111'],[],merged,3,1,['61111'],2.0,"['5601', '61111', '62497']","[0.5835829973220825, 0.5665723085403442, 0.5638993978500366]","['description', 'title_description', 'description']"
1997年7月10日农历是多少,['61111'],[],merged,1,0,[],,['62497'],[0.5694870948791504],['description']
1997年7月10日农历是多少,['61111'],[],merged,3,1,['61111'],3.0,"['62497', '5601', '61111']","[0.5694870948791504, 0.5651645660400391, 0.5513302087783813]","['description', 'description', 'description']"
1999年9月10日农历是多少,['61111'],[],merged,1,0,[],,['62497'],[0.5856600999832153],['description']
1999年9月10日农历是多少,['61111'],[],merged,3,1,['61111'],3.0,"['62497', '5601', '61111']","[0.5856600999832153, 0.581389844417572, 0.5730172395706177]","['description', 'description', 'description']"
1999年9月4日,['61111'],[],merged,1,1,['61111'],1.0,['61111'],[0.5142539143562317],['title_description']
1999年9月4日,['61111'],[],merged,3,1,['61111'],1.0,"['61111', '5601', '51323']","[0.5142539143562317, 0.48610952496528625, 0.48055824637413025]","['title_description', 'description', 'description']"
1月21日,['61111'],[],merged,1,1,['61111'],1.0,['61111'],[0.5462737679481506],['title_description']
1月21日,['61111'],[],merged,3,1,['61111'],1.0,"['61111', '5601', '62497']","[0.5462737679481506, 0.5394962430000305, 0.5146540403366089]","['title_description', 'description', 'description']"
2002年9月25日阴历是多少,['61111'],[],merged,1,0,[],,['62497'],[0.5825930833816528],['description']
2002年9月25日阴历是多少,['61111'],[],merged,3,0,[],,"['62497', '5601', '51323']","[0.5825930833816528, 0.570257306098938, 0.5672283172607422]","['description', 'description', 'description']"
2004年4月8日农历是多少,['61111'],[],merged,1,0,[],,['51323'],[0.5810739994049072],['title_description']
2004年4月8日农历是多少,['61111'],[],merged,3,1,['61111'],2.0,"['51323', '61111', '62497']","[0.5810739994049072, 0.5703414678573608, 0.5642024278640747]","['title_description', 'description', 'description']"
2004年9月6日阴历是多少,['61111'],[],merged,1,0,[],,['51323'],[0.583331286907196],['title_description']
2004年9月6日阴历是多少,['61111'],[],merged,3,1,['61111'],3.0,"['51323', '62497', '61111']","[0.583331286907196, 0.5558340549468994, 0.5478487014770508]","['title_description', 'description', 'description']"
2004年农历四月初十,['61111'],[],merged,1,1,['61111'],1.0,['61111'],[0.524397611618042],['description']
2004年农历四月初十,['61111'],[],merged,3,1,['61111'],1.0,"['61111', '51323', '5601']","[0.524397611618042, 0.49386054277420044, 0.4872184097766876]","['description', 'title_description', 'description']"
2005年7月19日阴历是多少,['61111'],[],merged,1,0,[],,['62497'],[0.5968431234359741],['description']
2005年7月19日阴历是多少,['61111'],[],merged,3,0,[],,"['62497', '5601', '51323']","[0.5968431234359741, 0.5871800184249878, 0.5669592618942261]","['description', 'description', 'description']"
2008年日历农历阳历表,['61111'],[],merged,1,0,[],,['62497'],[0.5611599683761597],['description']
2008年日历农历阳历表,['61111'],[],merged,3,1,['61111'],3.0,"['62497', '5601', '61111']","[0.5611599683761597, 0.5582366585731506, 0.5462948083877563]","['description', 'title_description', 'description']"
2009年3月21日农历是多少,['61111'],[],merged,1,0,[],,['62497'],[0.5695048570632935],['description']
2009年3月21日农历是多少,['61111'],[],merged,3,1,['61111'],3.0,"['62497', '5601', '61111']","[0.5695048570632935, 0.5664616823196411, 0.5529974699020386]","['description', 'description', 'description']"
2009年8月6号是星期几,['61111'],[],merged,1,0,[],,['5601'],[0.488040566444397],['description']
2009年8月6号是星期几,['61111'],[],merged,3,1,['61111'],2.0,"['5601', '61111', '62497']","[0.488040566444397, 0.4819221496582031, 0.4501502215862274]","['description', 'title_description', 'description']"
2010年腊月,['61111'],[],merged,1,0,[],,['51323'],[0.48987746238708496],['description']
2010年腊月,['61111'],[],merged,3,1,['61111'],3.0,"['51323', '5601', '61111']","[0.48987746238708496, 0.4662000834941864, 0.4625411629676819]","['description', 'description', 'title_description']"
2014年11月,['61111'],[],merged,1,0,[],,['51323'],[0.4892693758010864],['description']
2014年11月,['61111'],[],merged,3,1,['61111'],2.0,"['51323', '61111', '5601']","[0.4892693758010864, 0.4864194393157959, 0.4730885624885559]","['description', 'title_description', 'title_description']"
2014年6月24号是农历多少,['61111'],[],merged,1,0,[],,['51323'],[0.5593706369400024],['title_description']
2014年6月24号是农历多少,['61111'],[],merged,3,0,[],,"['51323', '62497', '5601']","[0.5593706369400024, 0.5514103174209595, 0.5242041945457458]","['title_description', 'description', 'description']"
2015年8月1日农历是多少,['61111'],[],merged,1,0,[],,['62497'],[0.5837607383728027],['description']
2015年8月1日农历是多少,['61111'],[],merged,3,1,['61111'],3.0,"['62497', '5601', '61111']","[0.5837607383728027, 0.5629141330718994, 0.5581584572792053]","['description', 'description', 'description']"
2015年农历12月25日阳历是多少,['61111'],[],merged,1,0,[],,['5601'],[0.5668618679046631],['description']
2015年农历12月25日阳历是多少,['61111'],[],merged,3,1,['61111'],3.0,"['5601', '62497', '61111']","[0.5668618679046631, 0.5625344514846802, 0.5391026735305786]","['description', 'description', 'description']"
2016.9.22是农历多少,['61111'],[],merged,1,0,[],,['62497'],[0.6054532527923584],['description']
2016.9.22是农历多少,['61111'],[],merged,3,0,[],,"['62497', '51323', '5601']","[0.6054532527923584, 0.5942764282226562, 0.5866382718086243]","['description', 'description', 'description']"
2016年农历八月初二,['61111'],[],merged,1,1,['61111'],1.0,['61111'],[0.5090176463127136],['description']
2016年农历八月初二,['61111'],[],merged,3,1,['61111'],1.0,"['61111', '5601', '62497']","[0.5090176463127136, 0.4871864914894104, 0.4869846701622009]","['description', 'description', 'description']"
2017年1月,['61111'],[],merged,1,1,['61111'],1.0,['61111'],[0.5248006582260132],['title_description']
2017年1月,['61111'],[],merged,3,1,['61111'],1.0,"['61111', '51323', '5601']","[0.5248006582260132, 0.5178587436676025, 0.5171588063240051]","['title_description', 'description', 'title_description']"
2018年8月,['61111'],[],merged,1,1,['61111'],1.0,['61111'],[0.5183240175247192],['title_description']
2018年8月,['61111'],[],merged,3,1,['61111'],1.0,"['61111', '51323', '5601']","[0.5183240175247192, 0.5028320550918579, 0.5021449327468872]","['title_description', 'description', 'title_description']"
2019年7月13日农历是多少,['61111'],[],merged,1,0,[],,['62497'],[0.5998989939689636],['description']
2019年7月13日农历是多少,['61111'],[],merged,3,1,['61111'],3.0,"['62497', '5601', '61111']","[0.5998989939689636, 0.5870748162269592, 0.5670310258865356]","['description', 'description', 'description']"
2019年8月日历,['61111'],[],merged,1,0,[],,['5601'],[0.6135855913162231],['title_description']
2019年8月日历,['61111'],[],merged,3,1,['61111'],3.0,"['5601', '62497', '61111']","[0.6135855913162231, 0.5948140621185303, 0.5830309391021729]","['title_description', 'description', 'description']"
2021年6月28日是农历几月几日,['61111'],[],merged,1,0,[],,['62497'],[0.6049113869667053],['description']
2021年6月28日是农历几月几日,['61111'],[],merged,3,1,['61111'],2.0,"['62497', '61111', '5601']","[0.6049113869667053, 0.5849230885505676, 0.5776950120925903]","['description', 'description', 'description']"
2021年8月8日农历是多少,['61111'],[],merged,1,0,[],,['62497'],[0.600574791431427],['description']
2021年8月8日农历是多少,['61111'],[],merged,3,1,['61111'],3.0,"['62497', '5601', '61111']","[0.600574791431427, 0.5807033181190491, 0.5777533054351807]","['description', 'description', 'description']"
2022年7月10日,['61111'],[],merged,1,1,['61111'],1.0,['61111'],[0.5342843532562256],['title_description']
2022年7月10日,['61111'],[],merged,3,1,['61111'],1.0,"['61111', '5601', '62497']","[0.5342843532562256, 0.5126916766166687, 0.4932137727737427]","['title_description', 'title_description', 'description']"
2022年7月21日农历是多少,['61111'],[],merged,1,0,[],,['62497'],[0.614596426486969],['description']
2022年7月21日农历是多少,['61111'],[],merged,3,0,[],,"['62497', '5601', '51323']","[0.614596426486969, 0.580568790435791, 0.5770736932754517]","['description', 'description', 'title_description']"
2022年国庆节放假时间表,['61111'],[],merged,1,0,[],,['5601'],[0.594852089881897],['description']
2022年国庆节放假时间表,['61111'],[],merged,3,1,['61111'],3.0,"['5601', '62497', '61111']","[0.594852089881897, 0.538204550743103, 0.5341873168945312]","['description', 'description', 'title_description']"
2023年12月30日农历是多少,['61111'],[],merged,1,0,[],,['5601'],[0.5832086801528931],['description']
2023年12月30日农历是多少,['61111'],[],merged,3,1,['61111'],3.0,"['5601', '62497', '61111']","[0.5832086801528931, 0.5781030654907227, 0.5776195526123047]","['description', 'description', 'description']"
2023年1月4日是农历多少,['61111'],[],merged,1,0,[],,['5601'],[0.6139928102493286],['description']
2023年1月4日是农历多少,['61111'],[],merged,3,1,['61111'],3.0,"['5601', '62497', '61111']","[0.6139928102493286, 0.6112227439880371, 0.6102256774902344]","['description', 'description', 'description']"
2023年3月日历表,['61111'],[],merged,1,0,[],,['5601'],[0.6193460822105408],['title_description']
2023年3月日历表,['61111'],[],merged,3,1,['61111'],3.0,"['5601', '62497', '61111']","[0.6193460822105408, 0.5745041370391846, 0.5739420652389526]","['title_description', 'description', 'description']"
2023年8月8日农历是多少,['61111'],[],merged,1,0,[],,['62497'],[0.604670524597168],['description']
2023年8月8日农历是多少,['61111'],[],merged,3,1,['61111'],2.0,"['62497', '61111', '5601']","[0.604670524597168, 0.5903923511505127, 0.5846761465072632]","['description', 'description', 'description']"
2023年9月20日是星期几,['61111'],[],merged,1,0,[],,['5601'],[0.6438952088356018],['description']
2023年9月20日是星期几,['61111'],[],merged,3,1,['61111'],2.0,"['5601', '61111', '62497']","[0.6438952088356018, 0.6309023499488831, 0.5985467433929443]","['description', 'title_description', 'description']"
2023年日历,['61111'],[],merged,1,0,[],,['5601'],[0.7143697738647461],['title_description']
2023年日历,['61111'],[],merged,3,1,['61111'],2.0,"['5601', '61111', '62497']","[0.7143697738647461, 0.6716161966323853, 0.6459293961524963]","['title_description', 'description', 'description']"
2024.7.2农历是多少,['61111'],[],merged,1,0,[],,['62497'],[0.6462712287902832],['description']
2024.7.2农历是多少,['61111'],[],merged,3,0,[],,"['62497', '51323', '5601']","[0.6462712287902832, 0.6216562390327454, 0.6150174140930176]","['description', 'description', 'description']"
2024年日历表,['61111'],[],merged,1,0,[],,['5601'],[0.6785298585891724],['title_description']
2024年日历表,['61111'],[],merged,3,1,['61111'],2.0,"['5601', '61111', '62497']","[0.6785298585891724, 0.6329457759857178, 0.6196542978286743]","['title_description', 'description', 'description']"
2025.7.5农历是几号,['61111'],[],merged,1,0,[],,['62497'],[0.6531927585601807],['description']
2025.7.5农历是几号,['61111'],[],merged,3,0,[],,"['62497', '5601', '51323']","[0.6531927585601807, 0.641169548034668, 0.6201967000961304]","['description', 'description', 'description']"
2026三伏天的时间,['61111'],[],merged,1,0,[],,['5601'],[0.527783989906311],['description']
2026三伏天的时间,['61111'],[],merged,3,0,[],,"['5601', '62497', '51323']","[0.527783989906311, 0.5252315998077393, 0.5066165924072266]","['description', 'description', 'title_description']"
2026几号入伏,['61111'],[],merged,1,0,[],,['62497'],[0.5394712090492249],['description']
2026几号入伏,['61111'],[],merged,3,1,['61111'],3.0,"['62497', '5601', '61111']","[0.5394712090492249, 0.5372744202613831, 0.5101239681243896]","['description', 'description', 'title_description']"
2026年6月7日是星期几,['61111'],[],merged,1,0,[],,['5601'],[0.5708119869232178],['description']
2026年6月7日是星期几,['61111'],[],merged,3,1,['61111'],2.0,"['5601', '61111', '62497']","[0.5708119869232178, 0.561617374420166, 0.5327073335647583]","['description', 'title_description', 'description']"
2026年6月初六是几月几日,['61111'],[],merged,1,1,['61111'],1.0,['61111'],[0.5791792869567871],['title_description']
2026年6月初六是几月几日,['61111'],[],merged,3,1,['61111'],1.0,"['61111', '5601', '62497']","[0.5791792869567871, 0.5647914409637451, 0.5487775802612305]","['title_description', 'description', 'description']"
2026年7日,['61111'],[],merged,1,0,[],,['5601'],[0.5937148332595825],['description']
2026年7日,['61111'],[],merged,3,1,['61111'],2.0,"['5601', '61111', '62497']","[0.5937148332595825, 0.5886058211326599, 0.5669653415679932]","['description', 'title_description', 'description']"
2026年7月8日,['61111'],[],merged,1,1,['61111'],1.0,['61111'],[0.5680733919143677],['title_description']
2026年7月8日,['61111'],[],merged,3,1,['61111'],1.0,"['61111', '5601', '62497']","[0.5680733919143677, 0.563727855682373, 0.5435976386070251]","['title_description', 'description', 'description']"
2026年7月8日农历是多少,['61111'],[],merged,1,0,[],,['62497'],[0.5987609624862671],['description']
2026年7月8日农历是多少,['61111'],[],merged,3,1,['61111'],3.0,"['62497', '5601', '61111']","[0.5987609624862671, 0.5807156562805176, 0.5743585824966431]","['description', 'description', 'description']"
2026年7月的日历,['61111'],[],merged,1,0,[],,['5601'],[0.6682243943214417],['title_description']
2026年7月的日历,['61111'],[],merged,3,1,['61111'],3.0,"['5601', '62497', '61111']","[0.6682243943214417, 0.643295407295227, 0.6109803318977356]","['title_description', 'description', 'title_description']"
2026年八月初三是几月几号,['61111'],[],merged,1,1,['61111'],1.0,['61111'],[0.5294361114501953],['title_description']
2026年八月初三是几月几号,['61111'],[],merged,3,1,['61111'],1.0,"['61111', '5601', '62497']","[0.5294361114501953, 0.5098646283149719, 0.5031644105911255]","['title_description', 'description', 'description']"
2026年农历5月28日是黄道吉日吗,['61111'],[],merged,1,1,['61111'],1.0,['61111'],[0.6466274857521057],['description']
2026年农历5月28日是黄道吉日吗,['61111'],[],merged,3,1,['61111'],1.0,"['61111', '5601', '62497']","[0.6466274857521057, 0.573251485824585, 0.5473901629447937]","['description', 'description', 'description']"
2026年农历6月26,['61111'],[],merged,1,1,['61111'],1.0,['61111'],[0.5641636252403259],['description']
2026年农历6月26,['61111'],[],merged,3,1,['61111'],1.0,"['61111', '62497', '5601']","[0.5641636252403259, 0.5488467812538147, 0.5484985113143921]","['description', 'description', 'description']"
2026年农历6月初六,['61111'],[],merged,1,1,['61111'],1.0,['61111'],[0.563460648059845],['description']
2026年农历6月初六,['61111'],[],merged,3,1,['61111'],1.0,"['61111', '5601', '62497']","[0.563460648059845, 0.5348237752914429, 0.531867265701294]","['description', 'description', 'description']"
2026年日历,['61111'],[],merged,1,0,[],,['5601'],[0.6889137625694275],['title_description']
2026年日历,['61111'],[],merged,3,1,['61111'],3.0,"['5601', '62497', '61111']","[0.6889137625694275, 0.6383236050605774, 0.6369268894195557]","['title_description', 'description', 'description']"
2026年节假日放假,['61111'],[],merged,1,0,[],,['5601'],[0.6113294363021851],['description']
2026年节假日放假,['61111'],[],merged,3,1,['61111'],3.0,"['5601', '62497', '61111']","[0.6113294363021851, 0.530280351638794, 0.5228610038757324]","['description', 'description', 'title_description']"
2027年春节放假时间表,['61111'],[],merged,1,0,[],,['5601'],[0.5747028589248657],['description']
2027年春节放假时间表,['61111'],[],merged,3,0,[],,"['5601', '62497', '51323']","[0.5747028589248657, 0.521368682384491, 0.5206440687179565]","['description', 'description', 'title_description']"
2027年的春节在几月几号,['61111'],[],merged,1,0,[],,['5601'],[0.6030413508415222],['description']
2027年的春节在几月几号,['61111'],[],merged,3,1,['61111'],3.0,"['5601', '62497', '61111']","[0.6030413508415222, 0.58024001121521, 0.5699762105941772]","['description', 'description', 'title_description']"
26年8月份日历表,['61111'],[],merged,1,0,[],,['5601'],[0.5777974128723145],['title_description']
26年8月份日历表,['61111'],[],merged,3,1,['61111'],3.0,"['5601', '62497', '61111']","[0.5777974128723145, 0.5679790377616882, 0.5349974036216736]","['title_description', 'description', 'description']"
26年农历五月二十九,['61111'],[],merged,1,1,['61111'],1.0,['61111'],[0.5788688659667969],['description']
26年农历五月二十九,['61111'],[],merged,3,1,['61111'],1.0,"['61111', '62497', '5601']","[0.5788688659667969, 0.5586259365081787, 0.54412841796875]","['description', 'description', 'description']"
3月31日,['61111'],[],merged,1,1,['61111'],1.0,['61111'],[0.5772526264190674],['title_description']
3月31日,['61111'],[],merged,3,1,['61111'],1.0,"['61111', '5601', '62497']","[0.5772526264190674, 0.5525288581848145, 0.5216734409332275]","['title_description', 'description', 'description']"
6月25日,['61111'],[],merged,1,1,['61111'],1.0,['61111'],[0.5613235235214233],['title_description']
6月25日,['61111'],[],merged,3,1,['61111'],1.0,"['61111', '5601', '62497']","[0.5613235235214233, 0.5510217547416687, 0.5343177318572998]","['title_description', 'description', 'description']"
7月11日农历是多少,['61111'],[],merged,1,0,[],,['62497'],[0.6027162075042725],['description']
7月11日农历是多少,['61111'],[],merged,3,1,['61111'],3.0,"['62497', '5601', '61111']","[0.6027162075042725, 0.5770089626312256, 0.568614661693573]","['description', 'description', 'description']"
7月8农历是几号,['61111'],[],merged,1,0,[],,['62497'],[0.6561319828033447],['description']
7月8农历是几号,['61111'],[],merged,3,1,['61111'],3.0,"['62497', '5601', '61111']","[0.6561319828033447, 0.626789927482605, 0.6163141131401062]","['description', 'description', 'title_description']"
7月初七是几号,['61111'],[],merged,1,1,['61111'],1.0,['61111'],[0.6093759536743164],['title_description']
7月初七是几号,['61111'],[],merged,3,1,['61111'],1.0,"['61111', '5601', '62497']","[0.6093759536743164, 0.5981755256652832, 0.579493522644043]","['title_description', 'description', 'description']"
7月日历,['61111'],[],merged,1,0,[],,['5601'],[0.7077451348304749],['title_description']
7月日历,['61111'],[],merged,3,1,['61111'],3.0,"['5601', '62497', '61111']","[0.7077451348304749, 0.7010387778282166, 0.6667087078094482]","['title_description', 'description', 'description']"
84年7月9日阴历,['61111'],[],merged,1,1,['61111'],1.0,['61111'],[0.5637321472167969],['description']
84年7月9日阴历,['61111'],[],merged,3,1,['61111'],1.0,"['61111', '62497', '5601']","[0.5637321472167969, 0.5451009273529053, 0.5419314503669739]","['description', 'description', 'description']"
一九八六年十一月四日农历是多少,['61111'],[],merged,1,0,[],,['62497'],[0.5274397134780884],['description']
一九八六年十一月四日农历是多少,['61111'],[],merged,3,0,[],,"['62497', '51323', '5601']","[0.5274397134780884, 0.5240321755409241, 0.5136911273002625]","['description', 'title_description', 'description']"
万年历查询表,['61111'],[],merged,1,0,[],,['5601'],[0.7278815507888794],['description']
万年历查询表,['61111'],[],merged,3,1,['61111'],2.0,"['5601', '61111', '62497']","[0.7278815507888794, 0.7207823395729065, 0.7074955701828003]","['description', 'description', 'description']"
万年历黄历老黄历,['61111'],[],merged,1,1,['61111'],1.0,['61111'],[0.8096276521682739],['description']
万年历黄历老黄历,['61111'],[],merged,3,1,['61111'],1.0,"['61111', '5601', '62497']","[0.8096276521682739, 0.7867803573608398, 0.749211847782135]","['description', 'description', 'description']"
什么时候入伏呢,['61111'],[],merged,1,0,[],,['62497'],[0.5511775016784668],['description']
什么时候入伏呢,['61111'],[],merged,3,1,['61111'],3.0,"['62497', '5601', '61111']","[0.5511775016784668, 0.5509321689605713, 0.5368713140487671]","['description', 'description', 'title_description']"
今天农历是几月几号,['61111'],[],merged,1,0,[],,['5601'],[0.7058743834495544],['description']
今天农历是几月几号,['61111'],[],merged,3,1,['61111'],3.0,"['5601', '62497', '61111']","[0.7058743834495544, 0.7033197283744812, 0.7014314532279968]","['description', 'description', 'description']"
今年伏天是哪一天,['61111'],[],merged,1,0,[],,['62497'],[0.5908229947090149],['description']
今年伏天是哪一天,['61111'],[],merged,3,1,['61111'],3.0,"['62497', '5601', '61111']","[0.5908229947090149, 0.5872358083724976, 0.5626652836799622]","['description', 'description', 'description']"
今年几号进伏几号出伏,['61111'],[],merged,1,0,[],,['62497'],[0.6084280014038086],['description']
今年几号进伏几号出伏,['61111'],[],merged,3,1,['61111'],3.0,"['62497', '5601', '61111']","[0.6084280014038086, 0.5798370242118835, 0.5458019971847534]","['description', 'description', 'description']"
今年出梅是几月几日,['61111'],[],merged,1,1,['61111'],1.0,['61111'],[0.5685771703720093],['title_description']
今年出梅是几月几日,['61111'],[],merged,3,1,['61111'],1.0,"['61111', '62497', '5601']","[0.5685771703720093, 0.5650404691696167, 0.5568892359733582]","['title_description', 'description', 'title_description']"
今年火把节是几月几日,['61111'],[],merged,1,0,[],,['5601'],[0.5741986036300659],['description']
今年火把节是几月几日,['61111'],[],merged,3,1,['61111'],3.0,"['5601', '62497', '61111']","[0.5741986036300659, 0.5634267926216125, 0.5453442335128784]","['description', 'description', 'description']"
今日日历,['61111'],[],merged,1,1,['61111'],1.0,['61111'],[0.8347585797309875],['description']
今日日历,['61111'],[],merged,3,1,['61111'],1.0,"['61111', '5601', '62497']","[0.8347585797309875, 0.8252956867218018, 0.7694017887115479]","['description', 'description', 'description']"
农历5月28日阳历是多少,['61111'],[],merged,1,0,[],,['62497'],[0.6349530220031738],['description']
农历5月28日阳历是多少,['61111'],[],merged,3,1,['61111'],2.0,"['62497', '61111', '5601']","[0.6349530220031738, 0.6199092864990234, 0.6157674789428711]","['description', 'description', 'description']"
农历5月是几号,['61111'],[],merged,1,0,[],,['62497'],[0.6486380100250244],['description']
农历5月是几号,['61111'],[],merged,3,1,['61111'],2.0,"['62497', '61111', '5601']","[0.6486380100250244, 0.6222703456878662, 0.6154285669326782]","['description', 'description', 'description']"
农历6月16阳历是几号,['61111'],[],merged,1,0,[],,['62497'],[0.6336038112640381],['description']
农历6月16阳历是几号,['61111'],[],merged,3,1,['61111'],3.0,"['62497', '5601', '61111']","[0.6336038112640381, 0.629969596862793, 0.6175191402435303]","['description', 'description', 'description']"
农历6月初8,['61111'],[],merged,1,1,['61111'],1.0,['61111'],[0.6036809682846069],['description']
农历6月初8,['61111'],[],merged,3,1,['61111'],1.0,"['61111', '62497', '5601']","[0.6036809682846069, 0.5942378044128418, 0.5761600732803345]","['description', 'description', 'description']"
农历85年十二月二十,['61111'],[],merged,1,1,['61111'],1.0,['61111'],[0.567908525466919],['description']
农历85年十二月二十,['61111'],[],merged,3,1,['61111'],1.0,"['61111', '5601', '51323']","[0.567908525466919, 0.5509790182113647, 0.5492202043533325]","['description', 'description', 'description']"
农历9月11日是阳历几月几日,['61111'],[],merged,1,0,[],,['62497'],[0.6314495801925659],['description']
农历9月11日是阳历几月几日,['61111'],[],merged,3,1,['61111'],2.0,"['62497', '61111', '5601']","[0.6314495801925659, 0.6177284717559814, 0.6141889095306396]","['description', 'description', 'description']"
农历阳历转换,['61111'],[],merged,1,0,[],,['62497'],[0.7748536467552185],['description']
农历阳历转换,['61111'],[],merged,3,0,[],,"['62497', '5601', '51323']","[0.7748536467552185, 0.7718700170516968, 0.7285734415054321]","['description', 'description', 'description']"
初伏至末伏的时间表,['61111'],[],merged,1,0,[],,['62497'],[0.5629726648330688],['description']
初伏至末伏的时间表,['61111'],[],merged,3,0,[],,"['62497', '51323', '5601']","[0.5629726648330688, 0.536597490310669, 0.5301249027252197]","['description', 'title_description', 'description']"
国庆节假日法定几天,['61111'],[],merged,1,0,[],,['5601'],[0.6498845815658569],['description']
国庆节假日法定几天,['61111'],[],merged,3,1,['61111'],3.0,"['5601', '62497', '61111']","[0.6498845815658569, 0.594171404838562, 0.5726593732833862]","['description', 'description', 'title_description']"
日历2018全年日历表,['61111'],[],merged,1,0,[],,['5601'],[0.6044524908065796],['title_description']
日历2018全年日历表,['61111'],[],merged,3,1,['61111'],3.0,"['5601', '62497', '61111']","[0.6044524908065796, 0.5718274712562561, 0.5699443221092224]","['title_description', 'description', 'description']"
明天几号星期几,['61111'],[],merged,1,1,['61111'],1.0,['61111'],[0.6721228361129761],['title_description']
明天几号星期几,['61111'],[],merged,3,1,['61111'],1.0,"['61111', '5601', '62497']","[0.6721228361129761, 0.6696726083755493, 0.613379955291748]","['title_description', 'description', 'description']"
正月廿二是几月几号,['61111'],[],merged,1,0,[],,['5601'],[0.6137094497680664],['description']
正月廿二是几月几号,['61111'],[],merged,3,1,['61111'],3.0,"['5601', '62497', '61111']","[0.6137094497680664, 0.610889732837677, 0.6075564026832581]","['description', 'description', 'title_description']"
现在三伏天了吗,['61111'],[],merged,1,0,[],,['5601'],[0.5620054006576538],['description']
现在三伏天了吗,['61111'],[],merged,3,1,['61111'],3.0,"['5601', '62497', '61111']","[0.5620054006576538, 0.5589182376861572, 0.5368154644966125]","['description', 'description', 'title_description']"
节是几月几日,['61111'],[],merged,1,0,[],,['5601'],[0.6901434659957886],['description']
节是几月几日,['61111'],[],merged,3,1,['61111'],2.0,"['5601', '61111', '62497']","[0.6901434659957886, 0.6843475699424744, 0.6469130516052246]","['description', 'title_description', 'description']"
阳历7月12号阴历多少,['61111'],[],merged,1,0,[],,['62497'],[0.6235936880111694],['description']
阳历7月12号阴历多少,['61111'],[],merged,3,1,['61111'],3.0,"['62497', '5601', '61111']","[0.6235936880111694, 0.6049802899360657, 0.5824652314186096]","['description', 'description', 'description']"
阳历8月10,['61111'],[],merged,1,1,['61111'],1.0,['61111'],[0.6035633683204651],['description']
阳历8月10,['61111'],[],merged,3,1,['61111'],1.0,"['61111', '62497', '5601']","[0.6035633683204651, 0.5992410182952881, 0.5909910798072815]","['description', 'description', 'description']"
阳历和农历对照表,['61111'],[],merged,1,0,[],,['62497'],[0.6976220607757568],['description']
阳历和农历对照表,['61111'],[],merged,3,1,['61111'],3.0,"['62497', '5601', '61111']","[0.6976220607757568, 0.6782386302947998, 0.6530918478965759]","['description', 'description', 'description']"
06年大年初四是几月几号,['61111'],[],title_description,1,0,[],,['51323'],[0.53011155128479],['title_description']
06年大年初四是几月几号,['61111'],[],title_description,3,1,['61111'],2.0,"['51323', '61111', '5601']","[0.53011155128479, 0.5071156620979309, 0.4893817603588104]","['title_description', 'title_description', 'title_description']"
11月26日农历是多少,['61111'],[],title_description,1,0,[],,['62497'],[0.6044096946716309],['title_description']
11月26日农历是多少,['61111'],[],title_description,3,1,['61111'],2.0,"['62497', '61111', '51323']","[0.6044096946716309, 0.5762749910354614, 0.5760200023651123]","['title_description', 'title_description', 'title_description']"
1950年5月26日阳历是多少,['61111'],[],title_description,1,0,[],,['5601'],[0.5285294055938721],['title_description']
1950年5月26日阳历是多少,['61111'],[],title_description,3,1,['61111'],3.0,"['5601', '62497', '61111']","[0.5285294055938721, 0.5256249308586121, 0.5251803398132324]","['title_description', 'title_description', 'title_description']"
1953年6月阳历是多少,['61111'],[],title_description,1,0,[],,['62497'],[0.5281816720962524],['title_description']
1953年6月阳历是多少,['61111'],[],title_description,3,1,['61111'],2.0,"['62497', '61111', '5601']","[0.5281816720962524, 0.5266700387001038, 0.5260379314422607]","['title_description', 'title_description', 'title_description']"
1958年2月8日农历是多少,['61111'],[],title_description,1,0,[],,['62497'],[0.5255454778671265],['title_description']
1958年2月8日农历是多少,['61111'],[],title_description,3,1,['61111'],3.0,"['62497', '51323', '61111']","[0.5255454778671265, 0.5039508938789368, 0.4861688017845154]","['title_description', 'title_description', 'title_description']"
1962年日历表,['61111'],[],title_description,1,0,[],,['5601'],[0.5947685241699219],['title_description']
1962年日历表,['61111'],[],title_description,3,1,['61111'],3.0,"['5601', '62497', '61111']","[0.5947685241699219, 0.555445671081543, 0.5398465991020203]","['title_description', 'title_description', 'title_description']"
1965年6月25日农历是多少,['61111'],[],title_description,1,0,[],,['62497'],[0.5333876609802246],['title_description']
1965年6月25日农历是多少,['61111'],[],title_description,3,1,['61111'],3.0,"['62497', '51323', '61111']","[0.5333876609802246, 0.5153903365135193, 0.5015895366668701]","['title_description', 'title_description', 'title_description']"
1966年日历表,['61111'],[],title_description,1,0,[],,['5601'],[0.596036434173584],['title_description']
1966年日历表,['61111'],[],title_description,3,1,['61111'],3.0,"['5601', '62497', '61111']","[0.596036434173584, 0.5523604154586792, 0.5383108854293823]","['title_description', 'title_description', 'title_description']"
1968年,['61111'],[],title_description,1,1,['61111'],1.0,['61111'],[0.3876904547214508],['title_description']
1968年,['61111'],[],title_description,3,1,['61111'],1.0,"['61111', '51323', '47266']","[0.3876904547214508, 0.387075275182724, 0.379119336605072]","['title_description', 'title_description', 'title_description']"
1968年7月8号农历是多少,['61111'],[],title_description,1,0,[],,['62497'],[0.5180948376655579],['title_description']
1968年7月8号农历是多少,['61111'],[],title_description,3,1,['61111'],2.0,"['62497', '61111', '51323']","[0.5180948376655579, 0.48985686898231506, 0.4872090816497803]","['title_description', 'title_description', 'title_description']"
1970年7月8日农历是多少,['61111'],[],title_description,1,0,[],,['62497'],[0.5442339181900024],['title_description']
1970年7月8日农历是多少,['61111'],[],title_description,3,1,['61111'],2.0,"['62497', '61111', '51323']","[0.5442339181900024, 0.520439088344574, 0.5061383247375488]","['title_description', 'title_description', 'title_description']"
1971年2月10日农历是多少,['61111'],[],title_description,1,0,[],,['62497'],[0.5427782535552979],['title_description']
1971年2月10日农历是多少,['61111'],[],title_description,3,0,[],,"['62497', '51323', '5601']","[0.5427782535552979, 0.5219900012016296, 0.4780749976634979]","['title_description', 'title_description', 'title_description']"
1971年农历6月6日阳历是多少,['61111'],[],title_description,1,0,[],,['62497'],[0.5335240364074707],['title_description']
1971年农历6月6日阳历是多少,['61111'],[],title_description,3,1,['61111'],2.0,"['62497', '61111', '51323']","[0.5335240364074707, 0.5064452886581421, 0.5031959414482117]","['title_description', 'title_description', 'title_description']"
1972年7月22日农历是多少,['61111'],[],title_description,1,0,[],,['62497'],[0.5197548866271973],['title_description']
1972年7月22日农历是多少,['61111'],[],title_description,3,1,['61111'],3.0,"['62497', '51323', '61111']","[0.5197548866271973, 0.48703694343566895, 0.4714432954788208]","['title_description', 'title_description', 'title_description']"
1974年阳历是几号,['61111'],[],title_description,1,0,[],,['62497'],[0.5652244091033936],['title_description']
1974年阳历是几号,['61111'],[],title_description,3,1,['61111'],3.0,"['62497', '51323', '61111']","[0.5652244091033936, 0.5503866672515869, 0.549122154712677]","['title_description', 'title_description', 'title_description']"
1975年7月5日农历是多少,['61111'],[],title_description,1,0,[],,['62497'],[0.5537047982215881],['title_description']
1975年7月5日农历是多少,['61111'],[],title_description,3,1,['61111'],3.0,"['62497', '51323', '61111']","[0.5537047982215881, 0.5100425481796265, 0.5050793886184692]","['title_description', 'title_description', 'title_description']"
1977年7月17日农历是多少,['61111'],[],title_description,1,0,[],,['62497'],[0.5333807468414307],['title_description']
1977年7月17日农历是多少,['61111'],[],title_description,3,1,['61111'],3.0,"['62497', '51323', '61111']","[0.5333807468414307, 0.5015862584114075, 0.49122944474220276]","['title_description', 'title_description', 'title_description']"
1977年8.29号是几月几号,['61111'],[],title_description,1,0,[],,['62497'],[0.5180375576019287],['title_description']
1977年8.29号是几月几号,['61111'],[],title_description,3,1,['61111'],2.0,"['62497', '61111', '5601']","[0.5180375576019287, 0.5064865350723267, 0.4998001456260681]","['title_description', 'title_description', 'title_description']"
1978年3月3日农历是多少,['61111'],[],title_description,1,0,[],,['62497'],[0.5304180383682251],['title_description']
1978年3月3日农历是多少,['61111'],[],title_description,3,1,['61111'],2.0,"['62497', '61111', '51323']","[0.5304180383682251, 0.5099184513092041, 0.5066304802894592]","['title_description', 'title_description', 'title_description']"
1978年4月8日农历是多少,['61111'],[],title_description,1,0,[],,['62497'],[0.539035975933075],['title_description']
1978年4月8日农历是多少,['61111'],[],title_description,3,1,['61111'],3.0,"['62497', '51323', '61111']","[0.539035975933075, 0.5255628824234009, 0.5206016898155212]","['title_description', 'title_description', 'title_description']"
1978年万年历查询表,['61111'],[],title_description,1,0,[],,['62497'],[0.5232331156730652],['title_description']
1978年万年历查询表,['61111'],[],title_description,3,1,['61111'],3.0,"['62497', '5601', '61111']","[0.5232331156730652, 0.49996572732925415, 0.49067360162734985]","['title_description', 'title_description', 'title_description']"
1979年农历12月初8,['61111'],[],title_description,1,1,['61111'],1.0,['61111'],[0.498504638671875],['title_description']
1979年农历12月初8,['61111'],[],title_description,3,1,['61111'],1.0,"['61111', '62497', '51323']","[0.498504638671875, 0.47661513090133667, 0.44948461651802063]","['title_description', 'title_description', 'title_description']"
1980年7月8日农历是多少,['61111'],[],title_description,1,0,[],,['62497'],[0.5522121787071228],['title_description']
1980年7月8日农历是多少,['61111'],[],title_description,3,1,['61111'],2.0,"['62497', '61111', '51323']","[0.5522121787071228, 0.5193827152252197, 0.5044771432876587]","['title_description', 'title_description', 'title_description']"
1982年7月8日农历是多少,['61111'],[],title_description,1,0,[],,['62497'],[0.5564709305763245],['title_description']
1982年7月8日农历是多少,['61111'],[],title_description,3,1,['61111'],2.0,"['62497', '61111', '51323']","[0.5564709305763245, 0.5192275643348694, 0.5147733688354492]","['title_description', 'title_description', 'title_description']"
1982年阳历是几月几号,['61111'],[],title_description,1,0,[],,['62497'],[0.5481798648834229],['title_description']
1982年阳历是几月几号,['61111'],[],title_description,3,1,['61111'],2.0,"['62497', '61111', '5601']","[0.5481798648834229, 0.5425312519073486, 0.5399324893951416]","['title_description', 'title_description', 'title_description']"
1984年12月11日阳历是多少,['61111'],[],title_description,1,0,[],,['62497'],[0.5161916017532349],['title_description']
1984年12月11日阳历是多少,['61111'],[],title_description,3,1,['61111'],2.0,"['62497', '61111', '51323']","[0.5161916017532349, 0.5121673345565796, 0.5053160190582275]","['title_description', 'title_description', 'title_description']"
1984年6月25日,['61111'],[],title_description,1,1,['61111'],1.0,['61111'],[0.4592273235321045],['title_description']
1984年6月25日,['61111'],[],title_description,3,1,['61111'],1.0,"['61111', '5601', '62497']","[0.4592273235321045, 0.4297243356704712, 0.4296838641166687]","['title_description', 'title_description', 'title_description']"
1986.1.1农历是多少,['61111'],[],title_description,1,0,[],,['62497'],[0.5496256351470947],['title_description']
1986.1.1农历是多少,['61111'],[],title_description,3,1,['61111'],3.0,"['62497', '51323', '61111']","[0.5496256351470947, 0.5387845039367676, 0.5270496010780334]","['title_description', 'title_description', 'title_description']"
1986年12月初八阳历是多少,['61111'],[],title_description,1,1,['61111'],1.0,['61111'],[0.540929913520813],['title_description']
1986年12月初八阳历是多少,['61111'],[],title_description,3,1,['61111'],1.0,"['61111', '62497', '5601']","[0.540929913520813, 0.5263504981994629, 0.5205682516098022]","['title_description', 'title_description', 'title_description']"
1986年9月24日农历是多少,['61111'],[],title_description,1,0,[],,['51323'],[0.5438299179077148],['title_description']
1986年9月24日农历是多少,['61111'],[],title_description,3,1,['61111'],3.0,"['51323', '62497', '61111']","[0.5438299179077148, 0.5402573347091675, 0.5103437900543213]","['title_description', 'title_description', 'title_description']"
1987年5月1日农历多少,['61111'],[],title_description,1,0,[],,['62497'],[0.5607050061225891],['title_description']
1987年5月1日农历多少,['61111'],[],title_description,3,1,['61111'],3.0,"['62497', '51323', '61111']","[0.5607050061225891, 0.5206204056739807, 0.5100537538528442]","['title_description', 'title_description', 'title_description']"
1987年9月25日阳历是多少,['61111'],[],title_description,1,0,[],,['62497'],[0.6175709962844849],['title_description']
1987年9月25日阳历是多少,['61111'],[],title_description,3,1,['61111'],2.0,"['62497', '61111', '5601']","[0.6175709962844849, 0.5635147094726562, 0.5596129894256592]","['title_description', 'title_description', 'title_description']"
1987年农历10月18日是阳历几号,['61111'],[],title_description,1,0,[],,['62497'],[0.5595764517784119],['title_description']
1987年农历10月18日是阳历几号,['61111'],[],title_description,3,1,['61111'],2.0,"['62497', '61111', '5601']","[0.5595764517784119, 0.5417752265930176, 0.5253780484199524]","['title_description', 'title_description', 'title_description']"
1987年日历,['61111'],[],title_description,1,0,[],,['5601'],[0.6429862976074219],['title_description']
1987年日历,['61111'],[],title_description,3,1,['61111'],3.0,"['5601', '62497', '61111']","[0.6429862976074219, 0.6147613525390625, 0.5963754653930664]","['title_description', 'title_description', 'title_description']"
1987年阴历10月30日是阳历的几月几号,['61111'],[],title_description,1,0,[],,['62497'],[0.5406591296195984],['title_description']
1987年阴历10月30日是阳历的几月几号,['61111'],[],title_description,3,1,['61111'],2.0,"['62497', '61111', '5601']","[0.5406591296195984, 0.5285402536392212, 0.5206390619277954]","['title_description', 'title_description', 'title_description']"
1989年6月29日,['61111'],[],title_description,1,1,['61111'],1.0,['61111'],[0.4585174322128296],['title_description']
1989年6月29日,['61111'],[],title_description,3,1,['61111'],1.0,"['61111', '5601', '62497']","[0.4585174322128296, 0.42688968777656555, 0.41258424520492554]","['title_description', 'title_description', 'title_description']"
1990年5月23日阳历是多少,['61111'],[],title_description,1,0,[],,['62497'],[0.5557901263237],['title_description']
1990年5月23日阳历是多少,['61111'],[],title_description,3,1,['61111'],3.0,"['62497', '5601', '61111']","[0.5557901263237, 0.5450496673583984, 0.5439645648002625]","['title_description', 'title_description', 'title_description']"
1991.6.27,['61111'],[],title_description,1,1,['61111'],1.0,['61111'],[0.5647023916244507],['title_description']
1991.6.27,['61111'],[],title_description,3,1,['61111'],1.0,"['61111', '5601', '62497']","[0.5647023916244507, 0.5353793501853943, 0.5306284427642822]","['title_description', 'title_description', 'title_description']"
1992年12月12日农历是多少,['61111'],[],title_description,1,0,[],,['62497'],[0.5155887603759766],['title_description']
1992年12月12日农历是多少,['61111'],[],title_description,3,1,['61111'],2.0,"['62497', '61111', '51323']","[0.5155887603759766, 0.49833524227142334, 0.4917013645172119]","['title_description', 'title_description', 'title_description']"
1992年7月27日农历是多少,['61111'],[],title_description,1,0,[],,['62497'],[0.5416573286056519],['title_description']
1992年7月27日农历是多少,['61111'],[],title_description,3,1,['61111'],2.0,"['62497', '61111', '51323']","[0.5416573286056519, 0.5110572576522827, 0.5048387050628662]","['title_description', 'title_description', 'title_description']"
1993年农历初六阳历是几号,['61111'],[],title_description,1,1,['61111'],1.0,['61111'],[0.569492757320404],['title_description']
1993年农历初六阳历是几号,['61111'],[],title_description,3,1,['61111'],1.0,"['61111', '5601', '62497']","[0.569492757320404, 0.5544342994689941, 0.5485615730285645]","['title_description', 'title_description', 'title_description']"
1994年10月3日农历是多少,['61111'],[],title_description,1,0,[],,['62497'],[0.5282808542251587],['title_description']
1994年10月3日农历是多少,['61111'],[],title_description,3,1,['61111'],2.0,"['62497', '61111', '51323']","[0.5282808542251587, 0.5272769927978516, 0.520736575126648]","['title_description', 'title_description', 'title_description']"
1995年冬月十三,['61111'],[],title_description,1,1,['61111'],1.0,['61111'],[0.5373662710189819],['title_description']
1995年冬月十三,['61111'],[],title_description,3,1,['61111'],1.0,"['61111', '62497', '51323']","[0.5373662710189819, 0.509651243686676, 0.49595871567726135]","['title_description', 'title_description', 'title_description']"
1995年正月公历是几号,['61111'],[],title_description,1,0,[],,['5601'],[0.5708467960357666],['title_description']
1995年正月公历是几号,['61111'],[],title_description,3,1,['61111'],2.0,"['5601', '61111', '62497']","[0.5708467960357666, 0.5665723085403442, 0.5638993978500366]","['title_description', 'title_description', 'title_description']"
1997年7月10日农历是多少,['61111'],[],title_description,1,0,[],,['62497'],[0.5694870948791504],['title_description']
1997年7月10日农历是多少,['61111'],[],title_description,3,1,['61111'],2.0,"['62497', '61111', '51323']","[0.5694870948791504, 0.5424375534057617, 0.5373199582099915]","['title_description', 'title_description', 'title_description']"
1999年9月10日农历是多少,['61111'],[],title_description,1,0,[],,['62497'],[0.5856600999832153],['title_description']
1999年9月10日农历是多少,['61111'],[],title_description,3,1,['61111'],3.0,"['62497', '51323', '61111']","[0.5856600999832153, 0.5636304616928101, 0.548576831817627]","['title_description', 'title_description', 'title_description']"
1999年9月4日,['61111'],[],title_description,1,1,['61111'],1.0,['61111'],[0.5142539143562317],['title_description']
1999年9月4日,['61111'],[],title_description,3,1,['61111'],1.0,"['61111', '5601', '51323']","[0.5142539143562317, 0.4777369499206543, 0.4694231450557709]","['title_description', 'title_description', 'title_description']"
1月21日,['61111'],[],title_description,1,1,['61111'],1.0,['61111'],[0.5462737679481506],['title_description']
1月21日,['61111'],[],title_description,3,1,['61111'],1.0,"['61111', '5601', '62497']","[0.5462737679481506, 0.5234134197235107, 0.5146540403366089]","['title_description', 'title_description', 'title_description']"
2002年9月25日阴历是多少,['61111'],[],title_description,1,0,[],,['62497'],[0.5825930833816528],['title_description']
2002年9月25日阴历是多少,['61111'],[],title_description,3,1,['61111'],3.0,"['62497', '51323', '61111']","[0.5825930833816528, 0.5644527673721313, 0.5283273458480835]","['title_description', 'title_description', 'title_description']"
2004年4月8日农历是多少,['61111'],[],title_description,1,0,[],,['51323'],[0.5810739994049072],['title_description']
2004年4月8日农历是多少,['61111'],[],title_description,3,1,['61111'],3.0,"['51323', '62497', '61111']","[0.5810739994049072, 0.5642024278640747, 0.543604850769043]","['title_description', 'title_description', 'title_description']"
2004年9月6日阴历是多少,['61111'],[],title_description,1,0,[],,['51323'],[0.583331286907196],['title_description']
2004年9月6日阴历是多少,['61111'],[],title_description,3,1,['61111'],3.0,"['51323', '62497', '61111']","[0.583331286907196, 0.5558340549468994, 0.5312607288360596]","['title_description', 'title_description', 'title_description']"
2004年农历四月初十,['61111'],[],title_description,1,1,['61111'],1.0,['61111'],[0.511439859867096],['title_description']
2004年农历四月初十,['61111'],[],title_description,3,1,['61111'],1.0,"['61111', '51323', '62497']","[0.511439859867096, 0.49386054277420044, 0.4776919186115265]","['title_description', 'title_description', 'title_description']"
2005年7月19日阴历是多少,['61111'],[],title_description,1,0,[],,['62497'],[0.5968431234359741],['title_description']
2005年7月19日阴历是多少,['61111'],[],title_description,3,1,['61111'],3.0,"['62497', '51323', '61111']","[0.5968431234359741, 0.5607985258102417, 0.5516674518585205]","['title_description', 'title_description', 'title_description']"
2008年日历农历阳历表,['61111'],[],title_description,1,0,[],,['62497'],[0.5611599683761597],['title_description']
2008年日历农历阳历表,['61111'],[],title_description,3,0,[],,"['62497', '5601', '51323']","[0.5611599683761597, 0.5582366585731506, 0.5153185129165649]","['title_description', 'title_description', 'title_description']"
2009年3月21日农历是多少,['61111'],[],title_description,1,0,[],,['62497'],[0.5695048570632935],['title_description']
2009年3月21日农历是多少,['61111'],[],title_description,3,1,['61111'],3.0,"['62497', '51323', '61111']","[0.5695048570632935, 0.5484403967857361, 0.5215563178062439]","['title_description', 'title_description', 'title_description']"
2009年8月6号是星期几,['61111'],[],title_description,1,0,[],,['5601'],[0.4819607734680176],['title_description']
2009年8月6号是星期几,['61111'],[],title_description,3,1,['61111'],2.0,"['5601', '61111', '62497']","[0.4819607734680176, 0.4819221496582031, 0.4501502215862274]","['title_description', 'title_description', 'title_description']"
2010年腊月,['61111'],[],title_description,1,0,[],,['51323'],[0.48146843910217285],['title_description']
2010年腊月,['61111'],[],title_description,3,1,['61111'],2.0,"['51323', '61111', '62497']","[0.48146843910217285, 0.4625411629676819, 0.45570167899131775]","['title_description', 'title_description', 'title_description']"
2014年11月,['61111'],[],title_description,1,1,['61111'],1.0,['61111'],[0.4864194393157959],['title_description']
2014年11月,['61111'],[],title_description,3,1,['61111'],1.0,"['61111', '5601', '51323']","[0.4864194393157959, 0.4730885624885559, 0.4676453769207001]","['title_description', 'title_description', 'title_description']"
2014年6月24号是农历多少,['61111'],[],title_description,1,0,[],,['51323'],[0.5593706369400024],['title_description']
2014年6月24号是农历多少,['61111'],[],title_description,3,1,['61111'],3.0,"['51323', '62497', '61111']","[0.5593706369400024, 0.5514103174209595, 0.5118123888969421]","['title_description', 'title_description', 'title_description']"
2015年8月1日农历是多少,['61111'],[],title_description,1,0,[],,['62497'],[0.5837607383728027],['title_description']
2015年8月1日农历是多少,['61111'],[],title_description,3,1,['61111'],2.0,"['62497', '61111', '5601']","[0.5837607383728027, 0.5309658646583557, 0.5243873596191406]","['title_description', 'title_description', 'title_description']"
2015年农历12月25日阳历是多少,['61111'],[],title_description,1,0,[],,['62497'],[0.5625344514846802],['title_description']
2015年农历12月25日阳历是多少,['61111'],[],title_description,3,1,['61111'],3.0,"['62497', '5601', '61111']","[0.5625344514846802, 0.5181395411491394, 0.5132770538330078]","['title_description', 'title_description', 'title_description']"
2016.9.22是农历多少,['61111'],[],title_description,1,0,[],,['62497'],[0.6054532527923584],['title_description']
2016.9.22是农历多少,['61111'],[],title_description,3,1,['61111'],3.0,"['62497', '51323', '61111']","[0.6054532527923584, 0.5905799269676208, 0.5429027676582336]","['title_description', 'title_description', 'title_description']"
2016年农历八月初二,['61111'],[],title_description,1,0,[],,['62497'],[0.4869846701622009],['title_description']
2016年农历八月初二,['61111'],[],title_description,3,1,['61111'],2.0,"['62497', '61111', '51323']","[0.4869846701622009, 0.48503378033638, 0.4678567051887512]","['title_description', 'title_description', 'title_description']"
2017年1月,['61111'],[],title_description,1,1,['61111'],1.0,['61111'],[0.5248006582260132],['title_description']
2017年1月,['61111'],[],title_description,3,1,['61111'],1.0,"['61111', '5601', '51323']","[0.5248006582260132, 0.5171588063240051, 0.49352753162384033]","['title_description', 'title_description', 'title_description']"
2018年8月,['61111'],[],title_description,1,1,['61111'],1.0,['61111'],[0.5183240175247192],['title_description']
2018年8月,['61111'],[],title_description,3,1,['61111'],1.0,"['61111', '5601', '62497']","[0.5183240175247192, 0.5021449327468872, 0.4939589500427246]","['title_description', 'title_description', 'title_description']"
2019年7月13日农历是多少,['61111'],[],title_description,1,0,[],,['62497'],[0.5998989939689636],['title_description']
2019年7月13日农历是多少,['61111'],[],title_description,3,1,['61111'],3.0,"['62497', '51323', '61111']","[0.5998989939689636, 0.5670069456100464, 0.5560195446014404]","['title_description', 'title_description', 'title_description']"
2019年8月日历,['61111'],[],title_description,1,0,[],,['5601'],[0.6135855913162231],['title_description']
2019年8月日历,['61111'],[],title_description,3,1,['61111'],3.0,"['5601', '62497', '61111']","[0.6135855913162231, 0.5948140621185303, 0.5553498864173889]","['title_description', 'title_description', 'title_description']"
2021年6月28日是农历几月几日,['61111'],[],title_description,1,0,[],,['62497'],[0.6049113869667053],['title_description']
2021年6月28日是农历几月几日,['61111'],[],title_description,3,1,['61111'],2.0,"['62497', '61111', '5601']","[0.6049113869667053, 0.5718326568603516, 0.5580247640609741]","['title_description', 'title_description', 'title_description']"
2021年8月8日农历是多少,['61111'],[],title_description,1,0,[],,['62497'],[0.600574791431427],['title_description']
2021年8月8日农历是多少,['61111'],[],title_description,3,1,['61111'],3.0,"['62497', '51323', '61111']","[0.600574791431427, 0.5579496026039124, 0.5437561273574829]","['title_description', 'title_description', 'title_description']"
2022年7月10日,['61111'],[],title_description,1,1,['61111'],1.0,['61111'],[0.5342843532562256],['title_description']
2022年7月10日,['61111'],[],title_description,3,1,['61111'],1.0,"['61111', '5601', '62497']","[0.5342843532562256, 0.5126916766166687, 0.4932137727737427]","['title_description', 'title_description', 'title_description']"
2022年7月21日农历是多少,['61111'],[],title_description,1,0,[],,['62497'],[0.614596426486969],['title_description']
2022年7月21日农历是多少,['61111'],[],title_description,3,1,['61111'],3.0,"['62497', '51323', '61111']","[0.614596426486969, 0.5770736932754517, 0.541599690914154]","['title_description', 'title_description', 'title_description']"
2022年国庆节放假时间表,['61111'],[],title_description,1,0,[],,['5601'],[0.5764620900154114],['title_description']
2022年国庆节放假时间表,['61111'],[],title_description,3,1,['61111'],3.0,"['5601', '62497', '61111']","[0.5764620900154114, 0.538204550743103, 0.5341873168945312]","['title_description', 'title_description', 'title_description']"
2023年12月30日农历是多少,['61111'],[],title_description,1,0,[],,['62497'],[0.5781030654907227],['title_description']
2023年12月30日农历是多少,['61111'],[],title_description,3,1,['61111'],3.0,"['62497', '51323', '61111']","[0.5781030654907227, 0.5488888621330261, 0.5483923554420471]","['title_description', 'title_description', 'title_description']"
2023年1月4日是农历多少,['61111'],[],title_description,1,0,[],,['62497'],[0.6112227439880371],['title_description']
2023年1月4日是农历多少,['61111'],[],title_description,3,1,['61111'],3.0,"['62497', '51323', '61111']","[0.6112227439880371, 0.6084223985671997, 0.5970338582992554]","['title_description', 'title_description', 'title_description']"
2023年3月日历表,['61111'],[],title_description,1,0,[],,['5601'],[0.6193460822105408],['title_description']
2023年3月日历表,['61111'],[],title_description,3,1,['61111'],3.0,"['5601', '62497', '61111']","[0.6193460822105408, 0.5745041370391846, 0.5541603565216064]","['title_description', 'title_description', 'title_description']"
2023年8月8日农历是多少,['61111'],[],title_description,1,0,[],,['62497'],[0.604670524597168],['title_description']
2023年8月8日农历是多少,['61111'],[],title_description,3,1,['61111'],2.0,"['62497', '61111', '51323']","[0.604670524597168, 0.5610997676849365, 0.5418123006820679]","['title_description', 'title_description', 'title_description']"
2023年9月20日是星期几,['61111'],[],title_description,1,1,['61111'],1.0,['61111'],[0.6309023499488831],['title_description']
2023年9月20日是星期几,['61111'],[],title_description,3,1,['61111'],1.0,"['61111', '5601', '62497']","[0.6309023499488831, 0.615354597568512, 0.5985467433929443]","['title_description', 'title_description', 'title_description']"
2023年日历,['61111'],[],title_description,1,0,[],,['5601'],[0.7143697738647461],['title_description']
2023年日历,['61111'],[],title_description,3,1,['61111'],2.0,"['5601', '61111', '62497']","[0.7143697738647461, 0.6482313275337219, 0.6459293961524963]","['title_description', 'title_description', 'title_description']"
2024.7.2农历是多少,['61111'],[],title_description,1,0,[],,['62497'],[0.6462712287902832],['title_description']
2024.7.2农历是多少,['61111'],[],title_description,3,1,['61111'],3.0,"['62497', '51323', '61111']","[0.6462712287902832, 0.6204373240470886, 0.5867562890052795]","['title_description', 'title_description', 'title_description']"
2024年日历表,['61111'],[],title_description,1,0,[],,['5601'],[0.6785298585891724],['title_description']
2024年日历表,['61111'],[],title_description,3,1,['61111'],2.0,"['5601', '61111', '62497']","[0.6785298585891724, 0.6220625042915344, 0.6196542978286743]","['title_description', 'title_description', 'title_description']"
2025.7.5农历是几号,['61111'],[],title_description,1,0,[],,['62497'],[0.6531927585601807],['title_description']
2025.7.5农历是几号,['61111'],[],title_description,3,1,['61111'],2.0,"['62497', '61111', '51323']","[0.6531927585601807, 0.6095638275146484, 0.60404372215271]","['title_description', 'title_description', 'title_description']"
2026三伏天的时间,['61111'],[],title_description,1,0,[],,['62497'],[0.5252315998077393],['title_description']
2026三伏天的时间,['61111'],[],title_description,3,1,['61111'],3.0,"['62497', '51323', '61111']","[0.5252315998077393, 0.5066165924072266, 0.49127867817878723]","['title_description', 'title_description', 'title_description']"
2026几号入伏,['61111'],[],title_description,1,0,[],,['62497'],[0.5394712090492249],['title_description']
2026几号入伏,['61111'],[],title_description,3,1,['61111'],2.0,"['62497', '61111', '51323']","[0.5394712090492249, 0.5101239681243896, 0.5052005052566528]","['title_description', 'title_description', 'title_description']"
2026年6月7日是星期几,['61111'],[],title_description,1,1,['61111'],1.0,['61111'],[0.561617374420166],['title_description']
2026年6月7日是星期几,['61111'],[],title_description,3,1,['61111'],1.0,"['61111', '5601', '62497']","[0.561617374420166, 0.5600497126579285, 0.5327073335647583]","['title_description', 'title_description', 'title_description']"
2026年6月初六是几月几日,['61111'],[],title_description,1,1,['61111'],1.0,['61111'],[0.5791792869567871],['title_description']
2026年6月初六是几月几日,['61111'],[],title_description,3,1,['61111'],1.0,"['61111', '5601', '62497']","[0.5791792869567871, 0.5645641088485718, 0.5487775802612305]","['title_description', 'title_description', 'title_description']"
2026年7日,['61111'],[],title_description,1,1,['61111'],1.0,['61111'],[0.5886058211326599],['title_description']
2026年7日,['61111'],[],title_description,3,1,['61111'],1.0,"['61111', '5601', '62497']","[0.5886058211326599, 0.5704032182693481, 0.5669653415679932]","['title_description', 'title_description', 'title_description']"
2026年7月8日,['61111'],[],title_description,1,1,['61111'],1.0,['61111'],[0.5680733919143677],['title_description']
2026年7月8日,['61111'],[],title_description,3,1,['61111'],1.0,"['61111', '62497', '5601']","[0.5680733919143677, 0.5435976386070251, 0.5422497987747192]","['title_description', 'title_description', 'title_description']"
2026年7月8日农历是多少,['61111'],[],title_description,1,0,[],,['62497'],[0.5987609624862671],['title_description']
2026年7月8日农历是多少,['61111'],[],title_description,3,1,['61111'],2.0,"['62497', '61111', '51323']","[0.5987609624862671, 0.568040132522583, 0.5550100803375244]","['title_description', 'title_description', 'title_description']"
2026年7月的日历,['61111'],[],title_description,1,0,[],,['5601'],[0.6682243943214417],['title_description']
2026年7月的日历,['61111'],[],title_description,3,1,['61111'],3.0,"['5601', '62497', '61111']","[0.6682243943214417, 0.643295407295227, 0.6109803318977356]","['title_description', 'title_description', 'title_description']"
2026年八月初三是几月几号,['61111'],[],title_description,1,1,['61111'],1.0,['61111'],[0.5294361114501953],['title_description']
2026年八月初三是几月几号,['61111'],[],title_description,3,1,['61111'],1.0,"['61111', '5601', '62497']","[0.5294361114501953, 0.5041788220405579, 0.5031644105911255]","['title_description', 'title_description', 'title_description']"
2026年农历5月28日是黄道吉日吗,['61111'],[],title_description,1,1,['61111'],1.0,['61111'],[0.6282196640968323],['title_description']
2026年农历5月28日是黄道吉日吗,['61111'],[],title_description,3,1,['61111'],1.0,"['61111', '5601', '62497']","[0.6282196640968323, 0.5478384494781494, 0.5473901629447937]","['title_description', 'title_description', 'title_description']"
2026年农历6月26,['61111'],[],title_description,1,1,['61111'],1.0,['61111'],[0.5554393529891968],['title_description']
2026年农历6月26,['61111'],[],title_description,3,1,['61111'],1.0,"['61111', '62497', '51323']","[0.5554393529891968, 0.5488467812538147, 0.5254133939743042]","['title_description', 'title_description', 'title_description']"
2026年农历6月初六,['61111'],[],title_description,1,1,['61111'],1.0,['61111'],[0.5388650894165039],['title_description']
2026年农历6月初六,['61111'],[],title_description,3,1,['61111'],1.0,"['61111', '62497', '51323']","[0.5388650894165039, 0.531867265701294, 0.504178524017334]","['title_description', 'title_description', 'title_description']"
2026年日历,['61111'],[],title_description,1,0,[],,['5601'],[0.6889137625694275],['title_description']
2026年日历,['61111'],[],title_description,3,1,['61111'],3.0,"['5601', '62497', '61111']","[0.6889137625694275, 0.6383236050605774, 0.6244469285011292]","['title_description', 'title_description', 'title_description']"
2026年节假日放假,['61111'],[],title_description,1,0,[],,['5601'],[0.579220712184906],['title_description']
2026年节假日放假,['61111'],[],title_description,3,1,['61111'],3.0,"['5601', '62497', '61111']","[0.579220712184906, 0.530280351638794, 0.5228610038757324]","['title_description', 'title_description', 'title_description']"
2027年春节放假时间表,['61111'],[],title_description,1,0,[],,['5601'],[0.5435454845428467],['title_description']
2027年春节放假时间表,['61111'],[],title_description,3,0,[],,"['5601', '62497', '51323']","[0.5435454845428467, 0.521368682384491, 0.5206440687179565]","['title_description', 'title_description', 'title_description']"
2027年的春节在几月几号,['61111'],[],title_description,1,0,[],,['62497'],[0.58024001121521],['title_description']
2027年的春节在几月几号,['61111'],[],title_description,3,1,['61111'],3.0,"['62497', '5601', '61111']","[0.58024001121521, 0.5768762230873108, 0.5699762105941772]","['title_description', 'title_description', 'title_description']"
26年8月份日历表,['61111'],[],title_description,1,0,[],,['5601'],[0.5777974128723145],['title_description']
26年8月份日历表,['61111'],[],title_description,3,1,['61111'],3.0,"['5601', '62497', '61111']","[0.5777974128723145, 0.5679790377616882, 0.5232343673706055]","['title_description', 'title_description', 'title_description']"
26年农历五月二十九,['61111'],[],title_description,1,1,['61111'],1.0,['61111'],[0.568020224571228],['title_description']
26年农历五月二十九,['61111'],[],title_description,3,1,['61111'],1.0,"['61111', '62497', '5601']","[0.568020224571228, 0.5586259365081787, 0.5220913887023926]","['title_description', 'title_description', 'title_description']"
3月31日,['61111'],[],title_description,1,1,['61111'],1.0,['61111'],[0.5772526264190674],['title_description']
3月31日,['61111'],[],title_description,3,1,['61111'],1.0,"['61111', '5601', '62497']","[0.5772526264190674, 0.5458282232284546, 0.5216734409332275]","['title_description', 'title_description', 'title_description']"
6月25日,['61111'],[],title_description,1,1,['61111'],1.0,['61111'],[0.5613235235214233],['title_description']
6月25日,['61111'],[],title_description,3,1,['61111'],1.0,"['61111', '62497', '5601']","[0.5613235235214233, 0.5343177318572998, 0.5295006036758423]","['title_description', 'title_description', 'title_description']"
7月11日农历是多少,['61111'],[],title_description,1,0,[],,['62497'],[0.6027162075042725],['title_description']
7月11日农历是多少,['61111'],[],title_description,3,1,['61111'],2.0,"['62497', '61111', '51323']","[0.6027162075042725, 0.5523813366889954, 0.5425779819488525]","['title_description', 'title_description', 'title_description']"
7月8农历是几号,['61111'],[],title_description,1,0,[],,['62497'],[0.6561319828033447],['title_description']
7月8农历是几号,['61111'],[],title_description,3,1,['61111'],2.0,"['62497', '61111', '5601']","[0.6561319828033447, 0.6163141131401062, 0.5962885022163391]","['title_description', 'title_description', 'title_description']"
7月初七是几号,['61111'],[],title_description,1,1,['61111'],1.0,['61111'],[0.6093759536743164],['title_description']
7月初七是几号,['61111'],[],title_description,3,1,['61111'],1.0,"['61111', '5601', '62497']","[0.6093759536743164, 0.5896666049957275, 0.579493522644043]","['title_description', 'title_description', 'title_description']"
7月日历,['61111'],[],title_description,1,0,[],,['5601'],[0.7077451348304749],['title_description']
7月日历,['61111'],[],title_description,3,1,['61111'],3.0,"['5601', '62497', '61111']","[0.7077451348304749, 0.7010387778282166, 0.6588178873062134]","['title_description', 'title_description', 'title_description']"
84年7月9日阴历,['61111'],[],title_description,1,1,['61111'],1.0,['61111'],[0.5592594146728516],['title_description']
84年7月9日阴历,['61111'],[],title_description,3,1,['61111'],1.0,"['61111', '62497', '51323']","[0.5592594146728516, 0.5451009273529053, 0.5240882635116577]","['title_description', 'title_description', 'title_description']"
一九八六年十一月四日农历是多少,['61111'],[],title_description,1,0,[],,['62497'],[0.5274397134780884],['title_description']
一九八六年十一月四日农历是多少,['61111'],[],title_description,3,1,['61111'],3.0,"['62497', '51323', '61111']","[0.5274397134780884, 0.5240321755409241, 0.5033255815505981]","['title_description', 'title_description', 'title_description']"
万年历查询表,['61111'],[],title_description,1,0,[],,['62497'],[0.7074955701828003],['title_description']
万年历查询表,['61111'],[],title_description,3,1,['61111'],3.0,"['62497', '5601', '61111']","[0.7074955701828003, 0.6904253959655762, 0.668249249458313]","['title_description', 'title_description', 'title_description']"
万年历黄历老黄历,['61111'],[],title_description,1,0,[],,['62497'],[0.749211847782135],['title_description']
万年历黄历老黄历,['61111'],[],title_description,3,1,['61111'],2.0,"['62497', '61111', '5601']","[0.749211847782135, 0.7101931571960449, 0.6976394653320312]","['title_description', 'title_description', 'title_description']"
什么时候入伏呢,['61111'],[],title_description,1,0,[],,['62497'],[0.5511775016784668],['title_description']
什么时候入伏呢,['61111'],[],title_description,3,1,['61111'],2.0,"['62497', '61111', '5601']","[0.5511775016784668, 0.5368713140487671, 0.5176142454147339]","['title_description', 'title_description', 'title_description']"
今天农历是几月几号,['61111'],[],title_description,1,0,[],,['62497'],[0.7033197283744812],['title_description']
今天农历是几月几号,['61111'],[],title_description,3,1,['61111'],2.0,"['62497', '61111', '5601']","[0.7033197283744812, 0.6815388202667236, 0.6683653593063354]","['title_description', 'title_description', 'title_description']"
今年伏天是哪一天,['61111'],[],title_description,1,0,[],,['62497'],[0.5908229947090149],['title_description']
今年伏天是哪一天,['61111'],[],title_description,3,1,['61111'],3.0,"['62497', '5601', '61111']","[0.5908229947090149, 0.5470216870307922, 0.5461524724960327]","['title_description', 'title_description', 'title_description']"
今年几号进伏几号出伏,['61111'],[],title_description,1,0,[],,['62497'],[0.6084280014038086],['title_description']
今年几号进伏几号出伏,['61111'],[],title_description,3,1,['61111'],3.0,"['62497', '51323', '61111']","[0.6084280014038086, 0.524050235748291, 0.5230427980422974]","['title_description', 'title_description', 'title_description']"
今年出梅是几月几日,['61111'],[],title_description,1,1,['61111'],1.0,['61111'],[0.5685771703720093],['title_description']
今年出梅是几月几日,['61111'],[],title_description,3,1,['61111'],1.0,"['61111', '62497', '5601']","[0.5685771703720093, 0.5650404691696167, 0.5568892359733582]","['title_description', 'title_description', 'title_description']"
今年火把节是几月几日,['61111'],[],title_description,1,0,[],,['62497'],[0.5634267926216125],['title_description']
今年火把节是几月几日,['61111'],[],title_description,3,1,['61111'],3.0,"['62497', '5601', '61111']","[0.5634267926216125, 0.5359848737716675, 0.5274449586868286]","['title_description', 'title_description', 'title_description']"
今日日历,['61111'],[],title_description,1,0,[],,['5601'],[0.7854471802711487],['title_description']
今日日历,['61111'],[],title_description,3,1,['61111'],2.0,"['5601', '61111', '62497']","[0.7854471802711487, 0.7776621580123901, 0.7694017887115479]","['title_description', 'title_description', 'title_description']"
农历5月28日阳历是多少,['61111'],[],title_description,1,0,[],,['62497'],[0.6349530220031738],['title_description']
农历5月28日阳历是多少,['61111'],[],title_description,3,1,['61111'],2.0,"['62497', '61111', '5601']","[0.6349530220031738, 0.6031914353370667, 0.5945072174072266]","['title_description', 'title_description', 'title_description']"
农历5月是几号,['61111'],[],title_description,1,0,[],,['62497'],[0.6486380100250244],['title_description']
农历5月是几号,['61111'],[],title_description,3,1,['61111'],2.0,"['62497', '61111', '5601']","[0.6486380100250244, 0.6043528318405151, 0.5958986878395081]","['title_description', 'title_description', 'title_description']"
农历6月16阳历是几号,['61111'],[],title_description,1,0,[],,['62497'],[0.6336038112640381],['title_description']
农历6月16阳历是几号,['61111'],[],title_description,3,1,['61111'],2.0,"['62497', '61111', '5601']","[0.6336038112640381, 0.6043220162391663, 0.5984625816345215]","['title_description', 'title_description', 'title_description']"
农历6月初8,['61111'],[],title_description,1,0,[],,['62497'],[0.5942378044128418],['title_description']
农历6月初8,['61111'],[],title_description,3,1,['61111'],2.0,"['62497', '61111', '51323']","[0.5942378044128418, 0.5635100603103638, 0.5342521667480469]","['title_description', 'title_description', 'title_description']"
农历85年十二月二十,['61111'],[],title_description,1,1,['61111'],1.0,['61111'],[0.5513108968734741],['title_description']
农历85年十二月二十,['61111'],[],title_description,3,1,['61111'],1.0,"['61111', '51323', '62497']","[0.5513108968734741, 0.5446361303329468, 0.544476330280304]","['title_description', 'title_description', 'title_description']"
农历9月11日是阳历几月几日,['61111'],[],title_description,1,0,[],,['62497'],[0.6314495801925659],['title_description']
农历9月11日是阳历几月几日,['61111'],[],title_description,3,1,['61111'],2.0,"['62497', '61111', '5601']","[0.6314495801925659, 0.5865269899368286, 0.5783599615097046]","['title_description', 'title_description', 'title_description']"
农历阳历转换,['61111'],[],title_description,1,0,[],,['62497'],[0.7748536467552185],['title_description']
农历阳历转换,['61111'],[],title_description,3,1,['61111'],2.0,"['62497', '61111', '5601']","[0.7748536467552185, 0.6645989418029785, 0.6637840270996094]","['title_description', 'title_description', 'title_description']"
初伏至末伏的时间表,['61111'],[],title_description,1,0,[],,['62497'],[0.5629726648330688],['title_description']
初伏至末伏的时间表,['61111'],[],title_description,3,1,['61111'],3.0,"['62497', '51323', '61111']","[0.5629726648330688, 0.536597490310669, 0.5066095590591431]","['title_description', 'title_description', 'title_description']"
国庆节假日法定几天,['61111'],[],title_description,1,0,[],,['5601'],[0.6082450151443481],['title_description']
国庆节假日法定几天,['61111'],[],title_description,3,1,['61111'],3.0,"['5601', '62497', '61111']","[0.6082450151443481, 0.594171404838562, 0.5726593732833862]","['title_description', 'title_description', 'title_description']"
日历2018全年日历表,['61111'],[],title_description,1,0,[],,['5601'],[0.6044524908065796],['title_description']
日历2018全年日历表,['61111'],[],title_description,3,1,['61111'],3.0,"['5601', '62497', '61111']","[0.6044524908065796, 0.5718274712562561, 0.5224379301071167]","['title_description', 'title_description', 'title_description']"
明天几号星期几,['61111'],[],title_description,1,1,['61111'],1.0,['61111'],[0.6721228361129761],['title_description']
明天几号星期几,['61111'],[],title_description,3,1,['61111'],1.0,"['61111', '5601', '62497']","[0.6721228361129761, 0.6524568796157837, 0.613379955291748]","['title_description', 'title_description', 'title_description']"
正月廿二是几月几号,['61111'],[],title_description,1,0,[],,['62497'],[0.610889732837677],['title_description']
正月廿二是几月几号,['61111'],[],title_description,3,1,['61111'],2.0,"['62497', '61111', '5601']","[0.610889732837677, 0.6075564026832581, 0.6061579585075378]","['title_description', 'title_description', 'title_description']"
现在三伏天了吗,['61111'],[],title_description,1,0,[],,['62497'],[0.5589182376861572],['title_description']
现在三伏天了吗,['61111'],[],title_description,3,1,['61111'],2.0,"['62497', '61111', '5601']","[0.5589182376861572, 0.5368154644966125, 0.5224347114562988]","['title_description', 'title_description', 'title_description']"
节是几月几日,['61111'],[],title_description,1,1,['61111'],1.0,['61111'],[0.6843475699424744],['title_description']
节是几月几日,['61111'],[],title_description,3,1,['61111'],1.0,"['61111', '5601', '62497']","[0.6843475699424744, 0.6670362949371338, 0.6469130516052246]","['title_description', 'title_description', 'title_description']"
阳历7月12号阴历多少,['61111'],[],title_description,1,0,[],,['62497'],[0.6235936880111694],['title_description']
阳历7月12号阴历多少,['61111'],[],title_description,3,1,['61111'],2.0,"['62497', '61111', '5601']","[0.6235936880111694, 0.5650315284729004, 0.564805805683136]","['title_description', 'title_description', 'title_description']"
阳历8月10,['61111'],[],title_description,1,1,['61111'],1.0,['61111'],[0.5999676585197449],['title_description']
阳历8月10,['61111'],[],title_description,3,1,['61111'],1.0,"['61111', '62497', '5601']","[0.5999676585197449, 0.5992410182952881, 0.5681678652763367]","['title_description', 'title_description', 'title_description']"
阳历和农历对照表,['61111'],[],title_description,1,0,[],,['62497'],[0.6976220607757568],['title_description']
阳历和农历对照表,['61111'],[],title_description,3,0,[],,"['62497', '51323', '5601']","[0.6976220607757568, 0.6431418657302856, 0.6376017332077026]","['title_description', 'title_description', 'title_description']"
