query,gold_ids,missing_gold_ids,view,k,pass_at_k,hit_ids,first_hit_rank,recall_ids,recall_scores,recall_views
",镑",['51381'],[],description,1,0,[],,['5293'],[0.568479061126709],['description']
",镑",['51381'],[],description,3,0,[],,"['5293', '51388', '51323']","[0.568479061126709, 0.5630786418914795, 0.5311754941940308]","['description', 'description', 'description']"
: 衢,['51381'],[],description,1,0,[],,['51388'],[0.5440101623535156],['description']
: 衢,['51381'],[],description,3,1,['51381'],3.0,"['51388', '51323', '51381']","[0.5440101623535156, 0.5432047843933105, 0.5153399109840393]","['description', 'description', 'description']"
一′,['51381'],[],description,1,0,[],,['51388'],[0.5927419662475586],['description']
一′,['51381'],[],description,3,1,['51381'],3.0,"['51388', '51323', '51381']","[0.5927419662475586, 0.5902398824691772, 0.5740307569503784]","['description', 'description', 'description']"
一大大写怎么写,['51381'],[],description,1,0,[],,['51323'],[0.6905086040496826],['description']
一大大写怎么写,['51381'],[],description,3,0,[],,"['51323', '51382', '51388']","[0.6905086040496826, 0.519913375377655, 0.5118148326873779]","['description', 'description', 'description']"
代,['51381'],[],description,1,0,[],,['51323'],[0.607122540473938],['description']
代,['51381'],[],description,3,0,[],,"['51323', '51377', '51388']","[0.607122540473938, 0.6002735495567322, 0.5849507451057434]","['description', 'description', 'description']"
似,['51381'],[],description,1,1,['51381'],1.0,['51381'],[0.6189138293266296],['description']
似,['51381'],[],description,3,1,['51381'],1.0,"['51381', '51388', '51377']","[0.6189138293266296, 0.5977461338043213, 0.5674352049827576]","['description', 'description', 'description']"
借,['51381'],[],description,1,0,[],,['51388'],[0.5933957695960999],['description']
借,['51381'],[],description,3,0,[],,"['51388', '51377', '51323']","[0.5933957695960999, 0.5683369636535645, 0.5613417625427246]","['description', 'description', 'description']"
僚是什么字,['51381'],[],description,1,1,['51381'],1.0,['51381'],[0.5082376003265381],['description']
僚是什么字,['51381'],[],description,3,1,['51381'],1.0,"['51381', '51388', '51382']","[0.5082376003265381, 0.5070288181304932, 0.5046075582504272]","['description', 'description', 'description']"
冚,['51381'],[],description,1,0,[],,['51323'],[0.5840365886688232],['description']
冚,['51381'],[],description,3,1,['51381'],3.0,"['51323', '51388', '51381']","[0.5840365886688232, 0.563372015953064, 0.5489654541015625]","['description', 'description', 'description']"
刃,['51381'],[],description,1,0,[],,['51388'],[0.5467551946640015],['description']
刃,['51381'],[],description,3,0,[],,"['51388', '51323', '51377']","[0.5467551946640015, 0.5215848684310913, 0.5159013271331787]","['description', 'description', 'description']"
刬,['51381'],[],description,1,0,[],,['51388'],[0.5990394353866577],['description']
刬,['51381'],[],description,3,1,['51381'],3.0,"['51388', '51323', '51381']","[0.5990394353866577, 0.576474130153656, 0.5533016920089722]","['description', 'description', 'description']"
勳,['51381'],[],description,1,0,[],,['51388'],[0.567280113697052],['description']
勳,['51381'],[],description,3,0,[],,"['51388', '51377', '51323']","[0.567280113697052, 0.5594446659088135, 0.5452285408973694]","['description', 'description', 'description']"
匣,['51381'],[],description,1,0,[],,['51388'],[0.5480697154998779],['description']
匣,['51381'],[],description,3,1,['51381'],3.0,"['51388', '51323', '51381']","[0.5480697154998779, 0.5378982424736023, 0.5120295882225037]","['description', 'description', 'description']"
匪,['51381'],[],description,1,0,[],,['51388'],[0.5182087421417236],['description']
匪,['51381'],[],description,3,1,['51381'],3.0,"['51388', '51377', '51381']","[0.5182087421417236, 0.4885891079902649, 0.4760463237762451]","['description', 'description', 'description']"
厂,['51381'],[],description,1,0,[],,['47242'],[0.5108447074890137],['description']
厂,['51381'],[],description,3,0,[],,"['47242', '51388', '5671']","[0.5108447074890137, 0.5066075325012207, 0.487834632396698]","['description', 'description', 'description']"
厘字,['51381'],[],description,1,1,['51381'],1.0,['51381'],[0.6232807040214539],['description']
厘字,['51381'],[],description,3,1,['51381'],1.0,"['51381', '51382', '51388']","[0.6232807040214539, 0.6062192320823669, 0.6052031517028809]","['description', 'description', 'description']"
叮,['51381'],[],description,1,0,[],,['51377'],[0.5396190285682678],['description']
叮,['51381'],[],description,3,1,['51381'],3.0,"['51377', '51388', '51381']","[0.5396190285682678, 0.5362562537193298, 0.5234389901161194]","['description', 'description', 'description']"
后,['51381'],[],description,1,0,[],,['51388'],[0.5410945415496826],['description']
后,['51381'],[],description,3,0,[],,"['51388', '51377', '51323']","[0.5410945415496826, 0.5348262190818787, 0.5141115188598633]","['description', 'description', 'description']"
咀,['51381'],[],description,1,0,[],,['51388'],[0.5653693079948425],['description']
咀,['51381'],[],description,3,1,['51381'],3.0,"['51388', '51377', '51381']","[0.5653693079948425, 0.5334390997886658, 0.5324615836143494]","['description', 'description', 'description']"
啊,['51381'],[],description,1,0,[],,['51388'],[0.5576492547988892],['description']
啊,['51381'],[],description,3,1,['51381'],3.0,"['51388', '51377', '51381']","[0.5576492547988892, 0.5557697415351868, 0.5344549417495728]","['description', 'description', 'description']"
嘣,['51381'],[],description,1,0,[],,['52523'],[0.5509756207466125],['description']
嘣,['51381'],[],description,3,0,[],,"['52523', '51388', '51377']","[0.5509756207466125, 0.5395165085792542, 0.5362780094146729]","['description', 'description', 'description']"
圣是什么字,['51381'],[],description,1,0,[],,['51388'],[0.5214558839797974],['description']
圣是什么字,['51381'],[],description,3,1,['51381'],2.0,"['51388', '51381', '51382']","[0.5214558839797974, 0.5087838768959045, 0.49906373023986816]","['description', 'description', 'description']"
堔,['51381'],[],description,1,0,[],,['51323'],[0.6491858959197998],['description']
堔,['51381'],[],description,3,1,['51381'],3.0,"['51323', '51388', '51381']","[0.6491858959197998, 0.6252360343933105, 0.5990235805511475]","['description', 'description', 'description']"
壁,['51381'],[],description,1,0,[],,['51388'],[0.5408645868301392],['description']
壁,['51381'],[],description,3,0,[],,"['51388', '51377', '51323']","[0.5408645868301392, 0.5168792009353638, 0.5154488682746887]","['description', 'description', 'description']"
天、,['51381'],[],description,1,0,[],,['51323'],[0.6221358776092529],['description']
天、,['51381'],[],description,3,1,['51381'],3.0,"['51323', '5601', '51381']","[0.6221358776092529, 0.5568998456001282, 0.551824152469635]","['description', 'description', 'description']"
妈,['51381'],[],description,1,0,[],,['51388'],[0.48251405358314514],['description']
妈,['51381'],[],description,3,1,['51381'],3.0,"['51388', '51377', '51381']","[0.48251405358314514, 0.4766361117362976, 0.4540127217769623]","['description', 'description', 'description']"
妤,['51381'],[],description,1,0,[],,['51377'],[0.607602596282959],['description']
妤,['51381'],[],description,3,1,['51381'],3.0,"['51377', '51388', '51381']","[0.607602596282959, 0.5776849985122681, 0.5489153861999512]","['description', 'description', 'description']"
姅′√,['51381'],[],description,1,0,[],,['51388'],[0.5054638981819153],['description']
姅′√,['51381'],[],description,3,0,[],,"['51388', '51323', '51377']","[0.5054638981819153, 0.5027239918708801, 0.48212602734565735]","['description', 'description', 'description']"
嫃,['51381'],[],description,1,0,[],,['51388'],[0.6103304624557495],['description']
嫃,['51381'],[],description,3,1,['51381'],3.0,"['51388', '51323', '51381']","[0.6103304624557495, 0.5972404479980469, 0.5807157754898071]","['description', 'description', 'description']"
嫌,['51381'],[],description,1,0,[],,['51388'],[0.5519106388092041],['description']
嫌,['51381'],[],description,3,0,[],,"['51388', '51377', '52336']","[0.5519106388092041, 0.5249292850494385, 0.5135774612426758]","['description', 'description', 'description']"
嫌为什么是女字旁,['51381'],[],description,1,1,['51381'],1.0,['51381'],[0.4870400130748749],['description']
嫌为什么是女字旁,['51381'],[],description,3,1,['51381'],1.0,"['51381', '51388', '51382']","[0.4870400130748749, 0.4863332211971283, 0.472182035446167]","['description', 'description', 'description']"
孀,['51381'],[],description,1,0,[],,['51377'],[0.49599307775497437],['description']
孀,['51381'],[],description,3,1,['51381'],3.0,"['51377', '51388', '51381']","[0.49599307775497437, 0.4899546205997467, 0.4591498374938965]","['description', 'description', 'description']"
字,['51381'],[],description,1,1,['51381'],1.0,['51381'],[0.7078080177307129],['description']
字,['51381'],[],description,3,1,['51381'],1.0,"['51381', '51388', '51323']","[0.7078080177307129, 0.7065884470939636, 0.6736273169517517]","['description', 'description', 'description']"
宾。,['51381'],[],description,1,0,[],,['51388'],[0.5133284330368042],['description']
宾。,['51381'],[],description,3,1,['51381'],2.0,"['51388', '51381', '51386']","[0.5133284330368042, 0.4744560718536377, 0.46371790766716003]","['description', 'description', 'description']"
小`,['51381'],[],description,1,0,[],,['51323'],[0.6167797446250916],['description']
小`,['51381'],[],description,3,1,['51381'],3.0,"['51323', '51388', '51381']","[0.6167797446250916, 0.6087788343429565, 0.5779934525489807]","['description', 'description', 'description']"
尦,['51381'],[],description,1,0,[],,['51323'],[0.6517937779426575],['description']
尦,['51381'],[],description,3,1,['51381'],3.0,"['51323', '51388', '51381']","[0.6517937779426575, 0.6298837661743164, 0.5974078178405762]","['description', 'description', 'description']"
屩,['51381'],[],description,1,0,[],,['51388'],[0.5746884942054749],['description']
屩,['51381'],[],description,3,0,[],,"['51388', '51323', '51377']","[0.5746884942054749, 0.5554484128952026, 0.5551422834396362]","['description', 'description', 'description']"
屳,['51381'],[],description,1,0,[],,['51388'],[0.6362801790237427],['description']
屳,['51381'],[],description,3,1,['51381'],3.0,"['51388', '51323', '51381']","[0.6362801790237427, 0.6285927295684814, 0.6164922714233398]","['description', 'description', 'description']"
峀,['51381'],[],description,1,0,[],,['51323'],[0.6188219785690308],['description']
峀,['51381'],[],description,3,1,['51381'],3.0,"['51323', '51388', '51381']","[0.6188219785690308, 0.6015293598175049, 0.5837810635566711]","['description', 'description', 'description']"
嵂,['51381'],[],description,1,0,[],,['51323'],[0.5747346878051758],['description']
嵂,['51381'],[],description,3,0,[],,"['51323', '51388', '51377']","[0.5747346878051758, 0.5578728914260864, 0.5531560182571411]","['description', 'description', 'description']"
已、,['51381'],[],description,1,0,[],,['51388'],[0.5551873445510864],['description']
已、,['51381'],[],description,3,1,['51381'],3.0,"['51388', '51323', '51381']","[0.5551873445510864, 0.5368657112121582, 0.5347217917442322]","['description', 'description', 'description']"
帒,['51381'],[],description,1,0,[],,['51323'],[0.6275734901428223],['description']
帒,['51381'],[],description,3,1,['51381'],3.0,"['51323', '51388', '51381']","[0.6275734901428223, 0.6094034910202026, 0.5823959708213806]","['description', 'description', 'description']"
帘,['51381'],[],description,1,0,[],,['51377'],[0.5261088609695435],['description']
帘,['51381'],[],description,3,0,[],,"['51377', '51388', '5671']","[0.5261088609695435, 0.5075303316116333, 0.4899613857269287]","['description', 'description', 'description']"
幟,['51381'],[],description,1,0,[],,['51388'],[0.5908612608909607],['description']
幟,['51381'],[],description,3,1,['51381'],3.0,"['51388', '51323', '51381']","[0.5908612608909607, 0.5798941254615784, 0.5479448437690735]","['description', 'description', 'description']"
应,['51381'],[],description,1,0,[],,['51388'],[0.5544701814651489],['description']
应,['51381'],[],description,3,1,['51381'],3.0,"['51388', '51377', '51381']","[0.5544701814651489, 0.5412745475769043, 0.5265657901763916]","['description', 'description', 'description']"
形字,['51381'],[],description,1,1,['51381'],1.0,['51381'],[0.6563082337379456],['description']
形字,['51381'],[],description,3,1,['51381'],1.0,"['51381', '51382', '51388']","[0.6563082337379456, 0.6386706829071045, 0.6221448183059692]","['description', 'description', 'description']"
愚,['51381'],[],description,1,0,[],,['51388'],[0.5637783408164978],['description']
愚,['51381'],[],description,3,0,[],,"['51388', '52336', '51377']","[0.5637783408164978, 0.5523362159729004, 0.5383541584014893]","['description', 'description', 'description']"
持,['51381'],[],description,1,0,[],,['51388'],[0.5514745116233826],['description']
持,['51381'],[],description,3,1,['51381'],3.0,"['51388', '51377', '51381']","[0.5514745116233826, 0.5286017656326294, 0.5162612795829773]","['description', 'description', 'description']"
提,['51381'],[],description,1,0,[],,['51388'],[0.5687335729598999],['description']
提,['51381'],[],description,3,1,['51381'],3.0,"['51388', '51377', '51381']","[0.5687335729598999, 0.5576468706130981, 0.5355140566825867]","['description', 'description', 'description']"
摋,['51381'],[],description,1,0,[],,['51388'],[0.623314380645752],['description']
摋,['51381'],[],description,3,0,[],,"['51388', '51323', '51377']","[0.623314380645752, 0.5941824316978455, 0.5896433591842651]","['description', 'description', 'description']"
擅,['51381'],[],description,1,0,[],,['51377'],[0.583385705947876],['description']
擅,['51381'],[],description,3,0,[],,"['51377', '51388', '51323']","[0.583385705947876, 0.5795595049858093, 0.5565729141235352]","['description', 'description', 'description']"
斌,['51381'],[],description,1,0,[],,['51377'],[0.5810539126396179],['description']
斌,['51381'],[],description,3,1,['51381'],3.0,"['51377', '51388', '51381']","[0.5810539126396179, 0.5798193216323853, 0.5575599670410156]","['description', 'description', 'description']"
昝,['51381'],[],description,1,0,[],,['51323'],[0.6346125602722168],['description']
昝,['51381'],[],description,3,1,['51381'],3.0,"['51323', '51388', '51381']","[0.6346125602722168, 0.62184739112854, 0.6061016917228699]","['description', 'description', 'description']"
星???,['51381'],[],description,1,0,[],,['51388'],[0.518176794052124],['description']
星???,['51381'],[],description,3,0,[],,"['51388', '51323', '47198']","[0.518176794052124, 0.50459223985672, 0.4920685291290283]","['description', 'description', 'description']"
是什么字,['51381'],[],description,1,0,[],,['51388'],[0.641737699508667],['description']
是什么字,['51381'],[],description,3,1,['51381'],2.0,"['51388', '51381', '51382']","[0.641737699508667, 0.6370528936386108, 0.6128027439117432]","['description', 'description', 'description']"
杓,['51381'],[],description,1,0,[],,['51388'],[0.5901609063148499],['description']
杓,['51381'],[],description,3,1,['51381'],3.0,"['51388', '51323', '51381']","[0.5901609063148499, 0.5693164467811584, 0.5592483282089233]","['description', 'description', 'description']"
枓,['51381'],[],description,1,0,[],,['51388'],[0.580549418926239],['description']
枓,['51381'],[],description,3,1,['51381'],3.0,"['51388', '51323', '51381']","[0.580549418926239, 0.5711370706558228, 0.5386062860488892]","['description', 'description', 'description']"
棘,['51381'],[],description,1,0,[],,['51388'],[0.5475648641586304],['description']
棘,['51381'],[],description,3,0,[],,"['51388', '51323', '52336']","[0.5475648641586304, 0.5085393786430359, 0.5009467601776123]","['description', 'description', 'description']"
槲,['51381'],[],description,1,0,[],,['51377'],[0.5610116720199585],['description']
槲,['51381'],[],description,3,0,[],,"['51377', '51388', '51323']","[0.5610116720199585, 0.5501018166542053, 0.5273113250732422]","['description', 'description', 'description']"
樈,['51381'],[],description,1,0,[],,['51388'],[0.6232879161834717],['description']
樈,['51381'],[],description,3,1,['51381'],3.0,"['51388', '51377', '51381']","[0.6232879161834717, 0.6023043394088745, 0.5830727219581604]","['description', 'description', 'description']"
樢,['51381'],[],description,1,0,[],,['51388'],[0.6146693229675293],['description']
樢,['51381'],[],description,3,1,['51381'],3.0,"['51388', '51377', '51381']","[0.6146693229675293, 0.579770028591156, 0.5791044235229492]","['description', 'description', 'description']"
欄,['51381'],[],description,1,0,[],,['51388'],[0.600050687789917],['description']
欄,['51381'],[],description,3,0,[],,"['51388', '51323', '51377']","[0.600050687789917, 0.596493124961853, 0.5861100554466248]","['description', 'description', 'description']"
毒字,['51381'],[],description,1,0,[],,['51388'],[0.5795478224754333],['description']
毒字,['51381'],[],description,3,1,['51381'],2.0,"['51388', '51381', '51377']","[0.5795478224754333, 0.5692611336708069, 0.5321255922317505]","['description', 'description', 'description']"
汰、,['51381'],[],description,1,0,[],,['51323'],[0.5525310039520264],['description']
汰、,['51381'],[],description,3,1,['51381'],3.0,"['51323', '51388', '51381']","[0.5525310039520264, 0.552128255367279, 0.5323442816734314]","['description', 'description', 'description']"
泀,['51381'],[],description,1,0,[],,['51388'],[0.5885339975357056],['description']
泀,['51381'],[],description,3,1,['51381'],2.0,"['51388', '51381', '51323']","[0.5885339975357056, 0.5662034749984741, 0.5617536306381226]","['description', 'description', 'description']"
淀,['51381'],[],description,1,0,[],,['51388'],[0.5747452974319458],['description']
淀,['51381'],[],description,3,0,[],,"['51388', '51323', '51377']","[0.5747452974319458, 0.5733727216720581, 0.5661698579788208]","['description', 'description', 'description']"
游,['51381'],[],description,1,0,[],,['5671'],[0.6294864416122437],['description']
游,['51381'],[],description,3,0,[],,"['5671', '51377', '62106']","[0.6294864416122437, 0.562915563583374, 0.5583387613296509]","['description', 'description', 'description']"
漋,['51381'],[],description,1,0,[],,['51323'],[0.5985119342803955],['description']
漋,['51381'],[],description,3,0,[],,"['51323', '51388', '51377']","[0.5985119342803955, 0.5757862329483032, 0.5603245496749878]","['description', 'description', 'description']"
漖,['51381'],[],description,1,0,[],,['51377'],[0.6033549904823303],['description']
漖,['51381'],[],description,3,1,['51381'],3.0,"['51377', '51388', '51381']","[0.6033549904823303, 0.5956915616989136, 0.5721912384033203]","['description', 'description', 'description']"
熽,['51381'],[],description,1,0,[],,['51323'],[0.592438280582428],['description']
熽,['51381'],[],description,3,0,[],,"['51323', '51388', '51377']","[0.592438280582428, 0.5906552076339722, 0.5782946348190308]","['description', 'description', 'description']"
猷”,['51381'],[],description,1,1,['51381'],1.0,['51381'],[0.5525636076927185],['description']
猷”,['51381'],[],description,3,1,['51381'],1.0,"['51381', '51388', '51377']","[0.5525636076927185, 0.5476255416870117, 0.5421290397644043]","['description', 'description', 'description']"
獬,['51381'],[],description,1,0,[],,['51388'],[0.5790588855743408],['description']
獬,['51381'],[],description,3,0,[],,"['51388', '51323', '52336']","[0.5790588855743408, 0.574257493019104, 0.5545769929885864]","['description', 'description', 'description']"
玎,['51381'],[],description,1,0,[],,['51388'],[0.6147830486297607],['description']
玎,['51381'],[],description,3,1,['51381'],2.0,"['51388', '51381', '51323']","[0.6147830486297607, 0.5893059968948364, 0.5817579030990601]","['description', 'description', 'description']"
瓤,['51381'],[],description,1,0,[],,['51388'],[0.5377050638198853],['description']
瓤,['51381'],[],description,3,0,[],,"['51388', '51323', '51377']","[0.5377050638198853, 0.5225293636322021, 0.5193007588386536]","['description', 'description', 'description']"
画字,['51381'],[],description,1,0,[],,['51382'],[0.6281880736351013],['description']
画字,['51381'],[],description,3,1,['51381'],2.0,"['51382', '51381', '51388']","[0.6281880736351013, 0.6226065158843994, 0.5952733755111694]","['description', 'description', 'description']"
的的,['51381'],[],description,1,0,[],,['51388'],[0.6301978826522827],['description']
的的,['51381'],[],description,3,1,['51381'],3.0,"['51388', '51377', '51381']","[0.6301978826522827, 0.6184643507003784, 0.603204607963562]","['description', 'description', 'description']"
皷,['51381'],[],description,1,0,[],,['52523'],[0.5682930946350098],['description']
皷,['51381'],[],description,3,0,[],,"['52523', '51323', '51388']","[0.5682930946350098, 0.5655558109283447, 0.5421785116195679]","['description', 'description', 'description']"
省字,['51381'],[],description,1,1,['51381'],1.0,['51381'],[0.6174731850624084],['description']
省字,['51381'],[],description,3,1,['51381'],1.0,"['51381', '51388', '51382']","[0.6174731850624084, 0.6031547784805298, 0.6026719808578491]","['description', 'description', 'description']"
秠,['51381'],[],description,1,0,[],,['51388'],[0.6114028692245483],['description']
秠,['51381'],[],description,3,0,[],,"['51388', '51323', '51377']","[0.6114028692245483, 0.602703332901001, 0.5847035050392151]","['description', 'description', 'description']"
积,['51381'],[],description,1,0,[],,['51388'],[0.5851178169250488],['description']
积,['51381'],[],description,3,0,[],,"['51388', '51323', '51044']","[0.5851178169250488, 0.5763587951660156, 0.5519446134567261]","['description', 'description', 'description']"
稼,['51381'],[],description,1,0,[],,['51323'],[0.6020932197570801],['description']
稼,['51381'],[],description,3,0,[],,"['51323', '51388', '51377']","[0.6020932197570801, 0.5707920789718628, 0.5581130981445312]","['description', 'description', 'description']"
篓,['51381'],[],description,1,0,[],,['47272'],[0.5360347032546997],['description']
篓,['51381'],[],description,3,0,[],,"['47272', '51388', '51377']","[0.5360347032546997, 0.5289307236671448, 0.5255296230316162]","['description', 'description', 'description']"
簠,['51381'],[],description,1,0,[],,['51323'],[0.5607849955558777],['description']
簠,['51381'],[],description,3,1,['51381'],3.0,"['51323', '51388', '51381']","[0.5607849955558777, 0.5500504970550537, 0.5177038908004761]","['description', 'description', 'description']"
粢,['51381'],[],description,1,0,[],,['51323'],[0.5838136672973633],['description']
粢,['51381'],[],description,3,0,[],,"['51323', '51388', '51377']","[0.5838136672973633, 0.5694469213485718, 0.5418540239334106]","['description', 'description', 'description']"
缈,['51381'],[],description,1,0,[],,['51377'],[0.5401043891906738],['description']
缈,['51381'],[],description,3,1,['51381'],3.0,"['51377', '51388', '51381']","[0.5401043891906738, 0.5331442952156067, 0.498212605714798]","['description', 'description', 'description']"
缓,['51381'],[],description,1,0,[],,['51388'],[0.49911120533943176],['description']
缓,['51381'],[],description,3,0,[],,"['51388', '51377', '51323']","[0.49911120533943176, 0.49493324756622314, 0.48660528659820557]","['description', 'description', 'description']"
群,['51381'],[],description,1,1,['51381'],1.0,['51381'],[0.575846254825592],['description']
群,['51381'],[],description,3,1,['51381'],1.0,"['51381', '51388', '51377']","[0.575846254825592, 0.5667895078659058, 0.5649680495262146]","['description', 'description', 'description']"
肥字,['51381'],[],description,1,0,[],,['51388'],[0.5704405307769775],['description']
肥字,['51381'],[],description,3,1,['51381'],2.0,"['51388', '51381', '51323']","[0.5704405307769775, 0.5654406547546387, 0.5516954660415649]","['description', 'description', 'description']"
肫,['51381'],[],description,1,0,[],,['51388'],[0.5634244680404663],['description']
肫,['51381'],[],description,3,1,['51381'],2.0,"['51388', '51381', '51377']","[0.5634244680404663, 0.5341072082519531, 0.5282993316650391]","['description', 'description', 'description']"
芧,['51381'],[],description,1,0,[],,['51388'],[0.606835126876831],['description']
芧,['51381'],[],description,3,0,[],,"['51388', '51323', '51377']","[0.606835126876831, 0.5922513604164124, 0.5615049004554749]","['description', 'description', 'description']"
苻,['51381'],[],description,1,0,[],,['51388'],[0.6171090602874756],['description']
苻,['51381'],[],description,3,1,['51381'],3.0,"['51388', '51323', '51381']","[0.6171090602874756, 0.5802950859069824, 0.580001950263977]","['description', 'description', 'description']"
荃,['51381'],[],description,1,0,[],,['51377'],[0.6091346740722656],['description']
荃,['51381'],[],description,3,0,[],,"['51377', '51388', '51323']","[0.6091346740722656, 0.6012858152389526, 0.5970394015312195]","['description', 'description', 'description']"
菋,['51381'],[],description,1,0,[],,['51388'],[0.5966798067092896],['description']
菋,['51381'],[],description,3,0,[],,"['51388', '51323', '51377']","[0.5966798067092896, 0.5665991902351379, 0.5601347088813782]","['description', 'description', 'description']"
葡字属于什么字,['51381'],[],description,1,1,['51381'],1.0,['51381'],[0.5884820818901062],['description']
葡字属于什么字,['51381'],[],description,3,1,['51381'],1.0,"['51381', '51382', '51388']","[0.5884820818901062, 0.5729336142539978, 0.5668427348136902]","['description', 'description', 'description']"
蓫,['51381'],[],description,1,0,[],,['51388'],[0.5906678438186646],['description']
蓫,['51381'],[],description,3,0,[],,"['51388', '51323', '51377']","[0.5906678438186646, 0.5842000842094421, 0.5692200660705566]","['description', 'description', 'description']"
蕜,['51381'],[],description,1,0,[],,['51323'],[0.56021648645401],['description']
蕜,['51381'],[],description,3,0,[],,"['51323', '51388', '51377']","[0.56021648645401, 0.5539615750312805, 0.5333080887794495]","['description', 'description', 'description']"
蟁,['51381'],[],description,1,0,[],,['51388'],[0.5786205530166626],['description']
蟁,['51381'],[],description,3,0,[],,"['51388', '51323', '51377']","[0.5786205530166626, 0.5757865905761719, 0.5596345663070679]","['description', 'description', 'description']"
衣字旁,['51381'],[],description,1,1,['51381'],1.0,['51381'],[0.537400484085083],['description']
衣字旁,['51381'],[],description,3,1,['51381'],1.0,"['51381', '51382', '51388']","[0.537400484085083, 0.5280967950820923, 0.5234309434890747]","['description', 'description', 'description']"
褉,['51381'],[],description,1,0,[],,['51388'],[0.5368570685386658],['description']
褉,['51381'],[],description,3,0,[],,"['51388', '51323', '51377']","[0.5368570685386658, 0.5271300673484802, 0.5011855363845825]","['description', 'description', 'description']"
褘,['51381'],[],description,1,0,[],,['51323'],[0.5822017192840576],['description']
褘,['51381'],[],description,3,0,[],,"['51323', '51388', '51377']","[0.5822017192840576, 0.5743594169616699, 0.5549296140670776]","['description', 'description', 'description']"
訂,['51381'],[],description,1,0,[],,['51388'],[0.6005562543869019],['description']
訂,['51381'],[],description,3,0,[],,"['51388', '51323', '5671']","[0.6005562543869019, 0.5945558547973633, 0.5938868522644043]","['description', 'description', 'description']"
詠,['51381'],[],description,1,0,[],,['51377'],[0.7128338813781738],['description']
詠,['51381'],[],description,3,0,[],,"['51377', '51378', '51388']","[0.7128338813781738, 0.6419578790664673, 0.6261519193649292]","['description', 'description', 'description']"
"認,是什么字",['51381'],[],description,1,0,[],,['51388'],[0.5637699365615845],['description']
"認,是什么字",['51381'],[],description,3,1,['51381'],2.0,"['51388', '51381', '51382']","[0.5637699365615845, 0.560348391532898, 0.5375849008560181]","['description', 'description', 'description']"
讦,['51381'],[],description,1,0,[],,['51388'],[0.543560266494751],['description']
讦,['51381'],[],description,3,0,[],,"['51388', '52336', '51377']","[0.543560266494751, 0.5257836580276489, 0.5114595890045166]","['description', 'description', 'description']"
诣,['51381'],[],description,1,0,[],,['51388'],[0.6302095651626587],['description']
诣,['51381'],[],description,3,1,['51381'],3.0,"['51388', '51377', '51381']","[0.6302095651626587, 0.6185848712921143, 0.5920698046684265]","['description', 'description', 'description']"
賻,['51381'],[],description,1,0,[],,['51323'],[0.5704231262207031],['description']
賻,['51381'],[],description,3,1,['51381'],3.0,"['51323', '51388', '51381']","[0.5704231262207031, 0.5616713762283325, 0.5368638634681702]","['description', 'description', 'description']"
足的字,['51381'],[],description,1,0,[],,['51382'],[0.5655478835105896],['description']
足的字,['51381'],[],description,3,1,['51381'],2.0,"['51382', '51381', '51388']","[0.5655478835105896, 0.5616692304611206, 0.5440383553504944]","['description', 'description', 'description']"
跷,['51381'],[],description,1,0,[],,['51388'],[0.558901309967041],['description']
跷,['51381'],[],description,3,0,[],,"['51388', '51377', '52336']","[0.558901309967041, 0.5460330247879028, 0.5313857793807983]","['description', 'description', 'description']"
跻。,['51381'],[],description,1,0,[],,['51388'],[0.48797810077667236],['description']
跻。,['51381'],[],description,3,0,[],,"['51388', '51382', '52336']","[0.48797810077667236, 0.46972328424453735, 0.4661460220813751]","['description', 'description', 'description']"
蹲,['51381'],[],description,1,0,[],,['51377'],[0.4981248080730438],['description']
蹲,['51381'],[],description,3,0,[],,"['51377', '51388', '51323']","[0.4981248080730438, 0.4846726655960083, 0.4845602512359619]","['description', 'description', 'description']"
转,['51381'],[],description,1,0,[],,['51388'],[0.5758377313613892],['description']
转,['51381'],[],description,3,0,[],,"['51388', '51377', '51323']","[0.5758377313613892, 0.5728970766067505, 0.5693447589874268]","['description', 'description', 'description']"
较,['51381'],[],description,1,0,[],,['60977'],[0.5459890365600586],['description']
较,['51381'],[],description,3,0,[],,"['60977', '51388', '51323']","[0.5459890365600586, 0.5375094413757324, 0.5235403776168823]","['description', 'description', 'description']"
逎,['51381'],[],description,1,0,[],,['51323'],[0.5870651006698608],['description']
逎,['51381'],[],description,3,1,['51381'],3.0,"['51323', '51388', '51381']","[0.5870651006698608, 0.5821998119354248, 0.5679641962051392]","['description', 'description', 'description']"
逼,['51381'],[],description,1,0,[],,['51388'],[0.5127503871917725],['description']
逼,['51381'],[],description,3,0,[],,"['51388', '51323', '51377']","[0.5127503871917725, 0.48054617643356323, 0.4761866629123688]","['description', 'description', 'description']"
鏚,['51381'],[],description,1,0,[],,['51323'],[0.5941096544265747],['description']
鏚,['51381'],[],description,3,1,['51381'],3.0,"['51323', '51388', '51381']","[0.5941096544265747, 0.5907372236251831, 0.5505924224853516]","['description', 'description', 'description']"
钶,['51381'],[],description,1,0,[],,['51323'],[0.567286491394043],['description']
钶,['51381'],[],description,3,1,['51381'],3.0,"['51323', '51388', '51381']","[0.567286491394043, 0.5596456527709961, 0.533544659614563]","['description', 'description', 'description']"
閡,['51381'],[],description,1,0,[],,['51388'],[0.5931103825569153],['description']
閡,['51381'],[],description,3,0,[],,"['51388', '51323', '51377']","[0.5931103825569153, 0.5900896787643433, 0.5666053295135498]","['description', 'description', 'description']"
閤,['51381'],[],description,1,0,[],,['51388'],[0.5923092365264893],['description']
閤,['51381'],[],description,3,1,['51381'],3.0,"['51388', '51323', '51381']","[0.5923092365264893, 0.5835736989974976, 0.5767576694488525]","['description', 'description', 'description']"
闁,['51381'],[],description,1,0,[],,['51323'],[0.6295822262763977],['description']
闁,['51381'],[],description,3,1,['51381'],3.0,"['51323', '51388', '51381']","[0.6295822262763977, 0.5960468053817749, 0.5657622814178467]","['description', 'description', 'description']"
闩是什么字,['51381'],[],description,1,0,[],,['51382'],[0.498121976852417],['description']
闩是什么字,['51381'],[],description,3,1,['51381'],2.0,"['51382', '51381', '51388']","[0.498121976852417, 0.49227583408355713, 0.4833555817604065]","['description', 'description', 'description']"
阋,['51381'],[],description,1,0,[],,['51388'],[0.6235276460647583],['description']
阋,['51381'],[],description,3,1,['51381'],3.0,"['51388', '51323', '51381']","[0.6235276460647583, 0.6191784143447876, 0.6003062129020691]","['description', 'description', 'description']"
陪,['51381'],[],description,1,0,[],,['51377'],[0.5767882466316223],['description']
陪,['51381'],[],description,3,1,['51381'],3.0,"['51377', '51388', '51381']","[0.5767882466316223, 0.5682966709136963, 0.5493184924125671]","['description', 'description', 'description']"
随字,['51381'],[],description,1,1,['51381'],1.0,['51381'],[0.6337677240371704],['description']
随字,['51381'],[],description,3,1,['51381'],1.0,"['51381', '51382', '51388']","[0.6337677240371704, 0.6020524501800537, 0.5687965154647827]","['description', 'description', 'description']"
隹”,['51381'],[],description,1,0,[],,['51382'],[0.576778769493103],['description']
隹”,['51381'],[],description,3,1,['51381'],3.0,"['51382', '51388', '51381']","[0.576778769493103, 0.572232723236084, 0.5695888996124268]","['description', 'description', 'description']"
雠,['51381'],[],description,1,0,[],,['51388'],[0.573070764541626],['description']
雠,['51381'],[],description,3,1,['51381'],3.0,"['51388', '52336', '51381']","[0.573070764541626, 0.5518671274185181, 0.5387012958526611]","['description', 'description', 'description']"
露,['51381'],[],description,1,0,[],,['51377'],[0.5783613920211792],['description']
露,['51381'],[],description,3,0,[],,"['51377', '51388', '51323']","[0.5783613920211792, 0.5348371863365173, 0.5255587100982666]","['description', 'description', 'description']"
风),['51381'],[],description,1,0,[],,['51377'],[0.5871394276618958],['description']
风),['51381'],[],description,3,0,[],,"['51377', '51388', '51323']","[0.5871394276618958, 0.563044548034668, 0.5580374002456665]","['description', 'description', 'description']"
髀,['51381'],[],description,1,0,[],,['51388'],[0.5104387998580933],['description']
髀,['51381'],[],description,3,0,[],,"['51388', '51323', '51377']","[0.5104387998580933, 0.5055972933769226, 0.4985371232032776]","['description', 'description', 'description']"
鬲,['51381'],[],description,1,0,[],,['51323'],[0.577575147151947],['description']
鬲,['51381'],[],description,3,1,['51381'],3.0,"['51323', '51388', '51381']","[0.577575147151947, 0.5513637065887451, 0.5342909693717957]","['description', 'description', 'description']"
鮸,['51381'],[],description,1,0,[],,['51388'],[0.560956597328186],['description']
鮸,['51381'],[],description,3,0,[],,"['51388', '51323', '51377']","[0.560956597328186, 0.5455323457717896, 0.5345909595489502]","['description', 'description', 'description']"
鵉,['51381'],[],description,1,0,[],,['51388'],[0.5788118839263916],['description']
鵉,['51381'],[],description,3,0,[],,"['51388', '51377', '51323']","[0.5788118839263916, 0.5640250444412231, 0.552901029586792]","['description', 'description', 'description']"
鹊,['51381'],[],description,1,0,[],,['51377'],[0.5443035364151001],['description']
鹊,['51381'],[],description,3,0,[],,"['51377', '51388', '51323']","[0.5443035364151001, 0.5370018482208252, 0.5068701505661011]","['description', 'description', 'description']"
鹬,['51381'],[],description,1,0,[],,['51388'],[0.5256978273391724],['description']
鹬,['51381'],[],description,3,0,[],,"['51388', '51377', '51323']","[0.5256978273391724, 0.5182937383651733, 0.4965728521347046]","['description', 'description', 'description']"
",镑",['51381'],[],merged,1,0,[],,['5293'],[0.568479061126709],['description']
",镑",['51381'],[],merged,3,0,[],,"['5293', '51388', '51323']","[0.568479061126709, 0.5630786418914795, 0.5311754941940308]","['description', 'description', 'description']"
: 衢,['51381'],[],merged,1,0,[],,['62106'],[0.5533822178840637],['title_description']
: 衢,['51381'],[],merged,3,0,[],,"['62106', '47242', '51388']","[0.5533822178840637, 0.5455761551856995, 0.5440101623535156]","['title_description', 'title_description', 'description']"
一′,['51381'],[],merged,1,0,[],,['51388'],[0.5927419662475586],['description']
一′,['51381'],[],merged,3,1,['51381'],3.0,"['51388', '51323', '51381']","[0.5927419662475586, 0.5902398824691772, 0.5829071998596191]","['description', 'description', 'title_description']"
一大大写怎么写,['51381'],[],merged,1,0,[],,['51323'],[0.6905086040496826],['description']
一大大写怎么写,['51381'],[],merged,3,1,['51381'],3.0,"['51323', '51382', '51381']","[0.6905086040496826, 0.5367560386657715, 0.5127130150794983]","['description', 'title_description', 'title_description']"
代,['51381'],[],merged,1,0,[],,['51323'],[0.607122540473938],['description']
代,['51381'],[],merged,3,0,[],,"['51323', '51377', '51388']","[0.607122540473938, 0.6002735495567322, 0.5849507451057434]","['description', 'description', 'description']"
似,['51381'],[],merged,1,1,['51381'],1.0,['51381'],[0.6345510482788086],['title_description']
似,['51381'],[],merged,3,1,['51381'],1.0,"['51381', '51388', '51377']","[0.6345510482788086, 0.5977461338043213, 0.5674352049827576]","['title_description', 'description', 'description']"
借,['51381'],[],merged,1,0,[],,['61111'],[0.6127729415893555],['title_description']
借,['51381'],[],merged,3,1,['51381'],3.0,"['61111', '51388', '51381']","[0.6127729415893555, 0.5933957695960999, 0.5819593071937561]","['title_description', 'description', 'title_description']"
僚是什么字,['51381'],[],merged,1,1,['51381'],1.0,['51381'],[0.5211806297302246],['title_description']
僚是什么字,['51381'],[],merged,3,1,['51381'],1.0,"['51381', '51382', '51388']","[0.5211806297302246, 0.5139771103858948, 0.5111064910888672]","['title_description', 'title_description', 'title_description']"
冚,['51381'],[],merged,1,0,[],,['51323'],[0.5840365886688232],['description']
冚,['51381'],[],merged,3,1,['51381'],3.0,"['51323', '51388', '51381']","[0.5840365886688232, 0.563372015953064, 0.5609381198883057]","['description', 'description', 'title_description']"
刃,['51381'],[],merged,1,0,[],,['51388'],[0.5467551946640015],['description']
刃,['51381'],[],merged,3,0,[],,"['51388', '51323', '51377']","[0.5467551946640015, 0.5215848684310913, 0.5159013271331787]","['description', 'description', 'description']"
刬,['51381'],[],merged,1,0,[],,['51388'],[0.5990394353866577],['description']
刬,['51381'],[],merged,3,1,['51381'],3.0,"['51388', '51323', '51381']","[0.5990394353866577, 0.576474130153656, 0.5606961250305176]","['description', 'description', 'title_description']"
勳,['51381'],[],merged,1,0,[],,['51388'],[0.567280113697052],['description']
勳,['51381'],[],merged,3,0,[],,"['51388', '51377', '51323']","[0.567280113697052, 0.5594446659088135, 0.5452285408973694]","['description', 'description', 'description']"
匣,['51381'],[],merged,1,0,[],,['51388'],[0.5480697154998779],['description']
匣,['51381'],[],merged,3,1,['51381'],3.0,"['51388', '51323', '51381']","[0.5480697154998779, 0.5378982424736023, 0.5250446796417236]","['description', 'description', 'title_description']"
匪,['51381'],[],merged,1,0,[],,['51388'],[0.5182087421417236],['description']
匪,['51381'],[],merged,3,1,['51381'],2.0,"['51388', '51381', '51377']","[0.5182087421417236, 0.49242737889289856, 0.4885891079902649]","['description', 'title_description', 'description']"
厂,['51381'],[],merged,1,0,[],,['47242'],[0.5490168333053589],['title_description']
厂,['51381'],[],merged,3,0,[],,"['47242', '51388', '5671']","[0.5490168333053589, 0.5066075325012207, 0.4971173107624054]","['title_description', 'description', 'title_description']"
厘字,['51381'],[],merged,1,1,['51381'],1.0,['51381'],[0.6336948275566101],['title_description']
厘字,['51381'],[],merged,3,1,['51381'],1.0,"['51381', '51382', '51388']","[0.6336948275566101, 0.615349292755127, 0.6052031517028809]","['title_description', 'title_description', 'description']"
叮,['51381'],[],merged,1,0,[],,['51377'],[0.5396190285682678],['description']
叮,['51381'],[],merged,3,1,['51381'],3.0,"['51377', '51388', '51381']","[0.5396190285682678, 0.5362562537193298, 0.5234389901161194]","['description', 'description', 'description']"
后,['51381'],[],merged,1,0,[],,['51388'],[0.5410945415496826],['description']
后,['51381'],[],merged,3,1,['51381'],3.0,"['51388', '51377', '51381']","[0.5410945415496826, 0.5348262190818787, 0.5174007415771484]","['description', 'description', 'title_description']"
咀,['51381'],[],merged,1,0,[],,['51388'],[0.5653693079948425],['description']
咀,['51381'],[],merged,3,1,['51381'],2.0,"['51388', '51381', '51377']","[0.5653693079948425, 0.534149169921875, 0.5334390997886658]","['description', 'title_description', 'description']"
啊,['51381'],[],merged,1,0,[],,['51388'],[0.5576492547988892],['description']
啊,['51381'],[],merged,3,1,['51381'],3.0,"['51388', '51377', '51381']","[0.5576492547988892, 0.5557697415351868, 0.5414906144142151]","['description', 'description', 'title_description']"
嘣,['51381'],[],merged,1,0,[],,['52523'],[0.5509756207466125],['description']
嘣,['51381'],[],merged,3,0,[],,"['52523', '51388', '51377']","[0.5509756207466125, 0.5395165085792542, 0.5362780094146729]","['description', 'description', 'description']"
圣是什么字,['51381'],[],merged,1,0,[],,['51388'],[0.5240622758865356],['title_description']
圣是什么字,['51381'],[],merged,3,1,['51381'],2.0,"['51388', '51381', '51382']","[0.5240622758865356, 0.5228385925292969, 0.5109081268310547]","['title_description', 'title_description', 'title_description']"
堔,['51381'],[],merged,1,0,[],,['51323'],[0.6491858959197998],['description']
堔,['51381'],[],merged,3,1,['51381'],3.0,"['51323', '51388', '51381']","[0.6491858959197998, 0.6252360343933105, 0.6119178533554077]","['description', 'description', 'title_description']"
壁,['51381'],[],merged,1,0,[],,['51388'],[0.5408645868301392],['description']
壁,['51381'],[],merged,3,0,[],,"['51388', '5671', '47242']","[0.5408645868301392, 0.5236825346946716, 0.517200231552124]","['description', 'title_description', 'title_description']"
天、,['51381'],[],merged,1,0,[],,['51323'],[0.6221358776092529],['description']
天、,['51381'],[],merged,3,1,['51381'],2.0,"['51323', '51381', '61111']","[0.6221358776092529, 0.5627996921539307, 0.5583369135856628]","['description', 'title_description', 'title_description']"
妈,['51381'],[],merged,1,0,[],,['51388'],[0.48251405358314514],['description']
妈,['51381'],[],merged,3,1,['51381'],3.0,"['51388', '51377', '51381']","[0.48251405358314514, 0.4766361117362976, 0.46380919218063354]","['description', 'description', 'title_description']"
妤,['51381'],[],merged,1,0,[],,['51377'],[0.607602596282959],['description']
妤,['51381'],[],merged,3,1,['51381'],3.0,"['51377', '51388', '51381']","[0.607602596282959, 0.5776849985122681, 0.5608540773391724]","['description', 'description', 'title_description']"
姅′√,['51381'],[],merged,1,0,[],,['51388'],[0.5054638981819153],['description']
姅′√,['51381'],[],merged,3,0,[],,"['51388', '51323', '51044']","[0.5054638981819153, 0.5027239918708801, 0.4953250586986542]","['description', 'description', 'title_description']"
嫃,['51381'],[],merged,1,0,[],,['51388'],[0.6103304624557495],['description']
嫃,['51381'],[],merged,3,1,['51381'],3.0,"['51388', '51323', '51381']","[0.6103304624557495, 0.5972404479980469, 0.5949914455413818]","['description', 'description', 'title_description']"
嫌,['51381'],[],merged,1,0,[],,['51388'],[0.5519106388092041],['description']
嫌,['51381'],[],merged,3,1,['51381'],3.0,"['51388', '51377', '51381']","[0.5519106388092041, 0.5249292850494385, 0.5241556167602539]","['description', 'description', 'title_description']"
嫌为什么是女字旁,['51381'],[],merged,1,1,['51381'],1.0,['51381'],[0.5093376040458679],['title_description']
嫌为什么是女字旁,['51381'],[],merged,3,1,['51381'],1.0,"['51381', '51388', '51382']","[0.5093376040458679, 0.4867438077926636, 0.4740585684776306]","['title_description', 'title_description', 'title_description']"
孀,['51381'],[],merged,1,0,[],,['51377'],[0.49599307775497437],['description']
孀,['51381'],[],merged,3,1,['51381'],3.0,"['51377', '51388', '51381']","[0.49599307775497437, 0.4899546205997467, 0.475273460149765]","['description', 'description', 'title_description']"
字,['51381'],[],merged,1,1,['51381'],1.0,['51381'],[0.7257584929466248],['title_description']
字,['51381'],[],merged,3,1,['51381'],1.0,"['51381', '51388', '51382']","[0.7257584929466248, 0.7065884470939636, 0.6852589249610901]","['title_description', 'description', 'title_description']"
宾。,['51381'],[],merged,1,0,[],,['51388'],[0.5133284330368042],['description']
宾。,['51381'],[],merged,3,1,['51381'],2.0,"['51388', '51381', '51386']","[0.5133284330368042, 0.48752453923225403, 0.476848304271698]","['description', 'title_description', 'title_description']"
小`,['51381'],[],merged,1,0,[],,['51323'],[0.6167797446250916],['description']
小`,['51381'],[],merged,3,1,['51381'],3.0,"['51323', '51388', '51381']","[0.6167797446250916, 0.6087788343429565, 0.5856590270996094]","['description', 'description', 'title_description']"
尦,['51381'],[],merged,1,0,[],,['51323'],[0.6517937779426575],['description']
尦,['51381'],[],merged,3,1,['51381'],3.0,"['51323', '51388', '51381']","[0.6517937779426575, 0.6298837661743164, 0.6148137450218201]","['description', 'description', 'title_description']"
屩,['51381'],[],merged,1,0,[],,['51388'],[0.5746884942054749],['description']
屩,['51381'],[],merged,3,1,['51381'],2.0,"['51388', '51381', '51323']","[0.5746884942054749, 0.5616090297698975, 0.5554484128952026]","['description', 'title_description', 'description']"
屳,['51381'],[],merged,1,0,[],,['51388'],[0.6362801790237427],['description']
屳,['51381'],[],merged,3,1,['51381'],3.0,"['51388', '51323', '51381']","[0.6362801790237427, 0.6285927295684814, 0.622786819934845]","['description', 'description', 'title_description']"
峀,['51381'],[],merged,1,0,[],,['51323'],[0.6188219785690308],['description']
峀,['51381'],[],merged,3,1,['51381'],3.0,"['51323', '51388', '51381']","[0.6188219785690308, 0.6015293598175049, 0.5975750684738159]","['description', 'description', 'title_description']"
嵂,['51381'],[],merged,1,0,[],,['51323'],[0.5747346878051758],['description']
嵂,['51381'],[],merged,3,0,[],,"['51323', '51388', '51377']","[0.5747346878051758, 0.5578728914260864, 0.5531560182571411]","['description', 'description', 'description']"
已、,['51381'],[],merged,1,0,[],,['51388'],[0.5551873445510864],['description']
已、,['51381'],[],merged,3,1,['51381'],2.0,"['51388', '51381', '51323']","[0.5551873445510864, 0.546795666217804, 0.5368657112121582]","['description', 'title_description', 'description']"
帒,['51381'],[],merged,1,0,[],,['51323'],[0.6275734901428223],['description']
帒,['51381'],[],merged,3,1,['51381'],3.0,"['51323', '51388', '51381']","[0.6275734901428223, 0.6094034910202026, 0.599333643913269]","['description', 'description', 'title_description']"
帘,['51381'],[],merged,1,0,[],,['51377'],[0.5261088609695435],['description']
帘,['51381'],[],merged,3,0,[],,"['51377', '51388', '5671']","[0.5261088609695435, 0.5075303316116333, 0.4951838254928589]","['description', 'description', 'title_description']"
幟,['51381'],[],merged,1,0,[],,['51388'],[0.5908612608909607],['description']
幟,['51381'],[],merged,3,1,['51381'],3.0,"['51388', '51323', '51381']","[0.5908612608909607, 0.5798941254615784, 0.5624250769615173]","['description', 'description', 'title_description']"
应,['51381'],[],merged,1,0,[],,['51388'],[0.5544701814651489],['description']
应,['51381'],[],merged,3,1,['51381'],2.0,"['51388', '51381', '51377']","[0.5544701814651489, 0.5469956398010254, 0.5412745475769043]","['description', 'title_description', 'description']"
形字,['51381'],[],merged,1,1,['51381'],1.0,['51381'],[0.6695067882537842],['title_description']
形字,['51381'],[],merged,3,1,['51381'],1.0,"['51381', '51382', '51388']","[0.6695067882537842, 0.659577488899231, 0.6221448183059692]","['title_description', 'title_description', 'description']"
愚,['51381'],[],merged,1,0,[],,['51388'],[0.5637783408164978],['description']
愚,['51381'],[],merged,3,0,[],,"['51388', '52336', '51377']","[0.5637783408164978, 0.5523362159729004, 0.5383541584014893]","['description', 'description', 'description']"
持,['51381'],[],merged,1,0,[],,['51388'],[0.5514745116233826],['description']
持,['51381'],[],merged,3,1,['51381'],2.0,"['51388', '51381', '51377']","[0.5514745116233826, 0.5311036109924316, 0.5286017656326294]","['description', 'title_description', 'description']"
提,['51381'],[],merged,1,0,[],,['51388'],[0.5687335729598999],['description']
提,['51381'],[],merged,3,1,['51381'],3.0,"['51388', '51377', '51381']","[0.5687335729598999, 0.5576468706130981, 0.5516153573989868]","['description', 'description', 'title_description']"
摋,['51381'],[],merged,1,0,[],,['51388'],[0.623314380645752],['description']
摋,['51381'],[],merged,3,1,['51381'],3.0,"['51388', '51323', '51381']","[0.623314380645752, 0.5941824316978455, 0.590078592300415]","['description', 'description', 'title_description']"
擅,['51381'],[],merged,1,0,[],,['51377'],[0.583385705947876],['description']
擅,['51381'],[],merged,3,1,['51381'],3.0,"['51377', '51388', '51381']","[0.583385705947876, 0.5795595049858093, 0.558326780796051]","['description', 'description', 'title_description']"
斌,['51381'],[],merged,1,0,[],,['51377'],[0.5810539126396179],['description']
斌,['51381'],[],merged,3,1,['51381'],3.0,"['51377', '51388', '51381']","[0.5810539126396179, 0.5798193216323853, 0.5704817175865173]","['description', 'description', 'title_description']"
昝,['51381'],[],merged,1,0,[],,['51323'],[0.6346125602722168],['description']
昝,['51381'],[],merged,3,1,['51381'],2.0,"['51323', '51381', '51388']","[0.6346125602722168, 0.6254022121429443, 0.62184739112854]","['description', 'title_description', 'description']"
星???,['51381'],[],merged,1,0,[],,['61111'],[0.5219182968139648],['title_description']
星???,['51381'],[],merged,3,0,[],,"['61111', '51388', '47272']","[0.5219182968139648, 0.518176794052124, 0.509196937084198]","['title_description', 'description', 'title_description']"
是什么字,['51381'],[],merged,1,1,['51381'],1.0,['51381'],[0.6621811389923096],['title_description']
是什么字,['51381'],[],merged,3,1,['51381'],1.0,"['51381', '51388', '51382']","[0.6621811389923096, 0.6421287059783936, 0.6301310658454895]","['title_description', 'title_description', 'title_description']"
杓,['51381'],[],merged,1,0,[],,['51388'],[0.5901609063148499],['description']
杓,['51381'],[],merged,3,1,['51381'],3.0,"['51388', '51323', '51381']","[0.5901609063148499, 0.5693164467811584, 0.56538987159729]","['description', 'description', 'title_description']"
枓,['51381'],[],merged,1,0,[],,['51388'],[0.580549418926239],['description']
枓,['51381'],[],merged,3,1,['51381'],3.0,"['51388', '51323', '51381']","[0.580549418926239, 0.5711370706558228, 0.5527048110961914]","['description', 'description', 'title_description']"
棘,['51381'],[],merged,1,0,[],,['51388'],[0.5475648641586304],['description']
棘,['51381'],[],merged,3,0,[],,"['51388', '51323', '61111']","[0.5475648641586304, 0.5085393786430359, 0.5050817728042603]","['description', 'description', 'title_description']"
槲,['51381'],[],merged,1,0,[],,['51377'],[0.5610116720199585],['description']
槲,['51381'],[],merged,3,1,['51381'],3.0,"['51377', '51388', '51381']","[0.5610116720199585, 0.5501018166542053, 0.5318241119384766]","['description', 'description', 'title_description']"
樈,['51381'],[],merged,1,0,[],,['51388'],[0.6232879161834717],['description']
樈,['51381'],[],merged,3,1,['51381'],3.0,"['51388', '51377', '51381']","[0.6232879161834717, 0.6023043394088745, 0.5915656685829163]","['description', 'description', 'title_description']"
樢,['51381'],[],merged,1,0,[],,['51388'],[0.6146693229675293],['description']
樢,['51381'],[],merged,3,1,['51381'],2.0,"['51388', '51381', '51377']","[0.6146693229675293, 0.5893147587776184, 0.579770028591156]","['description', 'title_description', 'description']"
欄,['51381'],[],merged,1,0,[],,['51388'],[0.600050687789917],['description']
欄,['51381'],[],merged,3,0,[],,"['51388', '51323', '51377']","[0.600050687789917, 0.596493124961853, 0.5861100554466248]","['description', 'description', 'description']"
毒字,['51381'],[],merged,1,1,['51381'],1.0,['51381'],[0.5829800963401794],['title_description']
毒字,['51381'],[],merged,3,1,['51381'],1.0,"['51381', '51388', '51382']","[0.5829800963401794, 0.5795478224754333, 0.5450702905654907]","['title_description', 'description', 'title_description']"
汰、,['51381'],[],merged,1,0,[],,['51323'],[0.5525310039520264],['description']
汰、,['51381'],[],merged,3,1,['51381'],3.0,"['51323', '51388', '51381']","[0.5525310039520264, 0.552128255367279, 0.543691098690033]","['description', 'description', 'title_description']"
泀,['51381'],[],merged,1,0,[],,['51388'],[0.5885339975357056],['description']
泀,['51381'],[],merged,3,1,['51381'],2.0,"['51388', '51381', '51323']","[0.5885339975357056, 0.5868087410926819, 0.5617536306381226]","['description', 'title_description', 'description']"
淀,['51381'],[],merged,1,0,[],,['51388'],[0.5747452974319458],['description']
淀,['51381'],[],merged,3,0,[],,"['51388', '51323', '51377']","[0.5747452974319458, 0.5733727216720581, 0.5661698579788208]","['description', 'description', 'description']"
游,['51381'],[],merged,1,0,[],,['5671'],[0.6400206685066223],['title_description']
游,['51381'],[],merged,3,0,[],,"['5671', '62106', '47190']","[0.6400206685066223, 0.6152783632278442, 0.5720608234405518]","['title_description', 'title_description', 'title_description']"
漋,['51381'],[],merged,1,0,[],,['51323'],[0.5985119342803955],['description']
漋,['51381'],[],merged,3,0,[],,"['51323', '51388', '51377']","[0.5985119342803955, 0.5757862329483032, 0.5603245496749878]","['description', 'description', 'description']"
漖,['51381'],[],merged,1,0,[],,['51377'],[0.6033549904823303],['description']
漖,['51381'],[],merged,3,0,[],,"['51377', '47266', '51388']","[0.6033549904823303, 0.597078800201416, 0.5956915616989136]","['description', 'title_description', 'description']"
熽,['51381'],[],merged,1,0,[],,['51323'],[0.592438280582428],['description']
熽,['51381'],[],merged,3,0,[],,"['51323', '51388', '51377']","[0.592438280582428, 0.5906552076339722, 0.5782946348190308]","['description', 'description', 'description']"
猷”,['51381'],[],merged,1,1,['51381'],1.0,['51381'],[0.5604937672615051],['title_description']
猷”,['51381'],[],merged,3,1,['51381'],1.0,"['51381', '51388', '51377']","[0.5604937672615051, 0.5476255416870117, 0.5421290397644043]","['title_description', 'description', 'description']"
獬,['51381'],[],merged,1,0,[],,['51388'],[0.5790588855743408],['description']
獬,['51381'],[],merged,3,1,['51381'],3.0,"['51388', '51323', '51381']","[0.5790588855743408, 0.574257493019104, 0.5553999543190002]","['description', 'description', 'title_description']"
玎,['51381'],[],merged,1,0,[],,['51388'],[0.6147830486297607],['description']
玎,['51381'],[],merged,3,1,['51381'],2.0,"['51388', '51381', '51323']","[0.6147830486297607, 0.5939182043075562, 0.5817579030990601]","['description', 'title_description', 'description']"
瓤,['51381'],[],merged,1,0,[],,['51388'],[0.5377050638198853],['description']
瓤,['51381'],[],merged,3,0,[],,"['51388', '51323', '51377']","[0.5377050638198853, 0.5225293636322021, 0.5193007588386536]","['description', 'description', 'description']"
画字,['51381'],[],merged,1,0,[],,['51382'],[0.6453075408935547],['title_description']
画字,['51381'],[],merged,3,1,['51381'],2.0,"['51382', '51381', '51388']","[0.6453075408935547, 0.6226065158843994, 0.5952733755111694]","['title_description', 'description', 'description']"
的的,['51381'],[],merged,1,0,[],,['51388'],[0.6301978826522827],['description']
的的,['51381'],[],merged,3,1,['51381'],3.0,"['51388', '51377', '51381']","[0.6301978826522827, 0.6184643507003784, 0.6149522066116333]","['description', 'description', 'title_description']"
皷,['51381'],[],merged,1,0,[],,['52523'],[0.5682930946350098],['description']
皷,['51381'],[],merged,3,0,[],,"['52523', '51323', '51388']","[0.5682930946350098, 0.5655558109283447, 0.5421785116195679]","['description', 'description', 'description']"
省字,['51381'],[],merged,1,1,['51381'],1.0,['51381'],[0.6304813623428345],['title_description']
省字,['51381'],[],merged,3,1,['51381'],1.0,"['51381', '51382', '51388']","[0.6304813623428345, 0.6183114051818848, 0.6031547784805298]","['title_description', 'title_description', 'description']"
秠,['51381'],[],merged,1,0,[],,['51388'],[0.6114028692245483],['description']
秠,['51381'],[],merged,3,1,['51381'],3.0,"['51388', '51323', '51381']","[0.6114028692245483, 0.602703332901001, 0.5947101712226868]","['description', 'description', 'title_description']"
积,['51381'],[],merged,1,0,[],,['51388'],[0.5851178169250488],['description']
积,['51381'],[],merged,3,0,[],,"['51388', '51044', '51323']","[0.5851178169250488, 0.5828828811645508, 0.5763587951660156]","['description', 'title_description', 'description']"
稼,['51381'],[],merged,1,0,[],,['51323'],[0.6020932197570801],['description']
稼,['51381'],[],merged,3,0,[],,"['51323', '51388', '51377']","[0.6020932197570801, 0.5707920789718628, 0.5581130981445312]","['description', 'description', 'description']"
篓,['51381'],[],merged,1,0,[],,['47272'],[0.5490102767944336],['title_description']
篓,['51381'],[],merged,3,0,[],,"['47272', '51388', '51377']","[0.5490102767944336, 0.5289307236671448, 0.5255296230316162]","['title_description', 'description', 'description']"
簠,['51381'],[],merged,1,0,[],,['51323'],[0.5607849955558777],['description']
簠,['51381'],[],merged,3,1,['51381'],3.0,"['51323', '51388', '51381']","[0.5607849955558777, 0.5500504970550537, 0.5313582420349121]","['description', 'description', 'title_description']"
粢,['51381'],[],merged,1,0,[],,['51323'],[0.5838136672973633],['description']
粢,['51381'],[],merged,3,0,[],,"['51323', '51388', '51377']","[0.5838136672973633, 0.5694469213485718, 0.5418540239334106]","['description', 'description', 'description']"
缈,['51381'],[],merged,1,0,[],,['51377'],[0.5401043891906738],['description']
缈,['51381'],[],merged,3,1,['51381'],3.0,"['51377', '51388', '51381']","[0.5401043891906738, 0.5331442952156067, 0.5084519982337952]","['description', 'description', 'title_description']"
缓,['51381'],[],merged,1,0,[],,['51388'],[0.49911120533943176],['description']
缓,['51381'],[],merged,3,0,[],,"['51388', '51377', '51323']","[0.49911120533943176, 0.49493324756622314, 0.48660528659820557]","['description', 'description', 'description']"
群,['51381'],[],merged,1,1,['51381'],1.0,['51381'],[0.5832633376121521],['title_description']
群,['51381'],[],merged,3,1,['51381'],1.0,"['51381', '51388', '51377']","[0.5832633376121521, 0.5667895078659058, 0.5649680495262146]","['title_description', 'description', 'description']"
肥字,['51381'],[],merged,1,1,['51381'],1.0,['51381'],[0.5847727060317993],['title_description']
肥字,['51381'],[],merged,3,1,['51381'],1.0,"['51381', '51388', '51382']","[0.5847727060317993, 0.5704405307769775, 0.5634387731552124]","['title_description', 'description', 'title_description']"
肫,['51381'],[],merged,1,0,[],,['51388'],[0.5634244680404663],['description']
肫,['51381'],[],merged,3,1,['51381'],2.0,"['51388', '51381', '51377']","[0.5634244680404663, 0.5415944457054138, 0.5282993316650391]","['description', 'title_description', 'description']"
芧,['51381'],[],merged,1,0,[],,['51388'],[0.606835126876831],['description']
芧,['51381'],[],merged,3,1,['51381'],3.0,"['51388', '51323', '51381']","[0.606835126876831, 0.5922513604164124, 0.5723464488983154]","['description', 'description', 'title_description']"
苻,['51381'],[],merged,1,0,[],,['51388'],[0.6171090602874756],['description']
苻,['51381'],[],merged,3,1,['51381'],2.0,"['51388', '51381', '51323']","[0.6171090602874756, 0.594746470451355, 0.5802950859069824]","['description', 'title_description', 'description']"
荃,['51381'],[],merged,1,0,[],,['51377'],[0.6091346740722656],['description']
荃,['51381'],[],merged,3,0,[],,"['51377', '51388', '51323']","[0.6091346740722656, 0.6012858152389526, 0.5970394015312195]","['description', 'description', 'description']"
菋,['51381'],[],merged,1,0,[],,['51388'],[0.5966798067092896],['description']
菋,['51381'],[],merged,3,0,[],,"['51388', '51323', '51377']","[0.5966798067092896, 0.5665991902351379, 0.5601347088813782]","['description', 'description', 'description']"
葡字属于什么字,['51381'],[],merged,1,1,['51381'],1.0,['51381'],[0.6011759638786316],['title_description']
葡字属于什么字,['51381'],[],merged,3,1,['51381'],1.0,"['51381', '51382', '51388']","[0.6011759638786316, 0.5917382836341858, 0.5668427348136902]","['title_description', 'title_description', 'description']"
蓫,['51381'],[],merged,1,0,[],,['51388'],[0.5906678438186646],['description']
蓫,['51381'],[],merged,3,1,['51381'],3.0,"['51388', '51323', '51381']","[0.5906678438186646, 0.5842000842094421, 0.5719169974327087]","['description', 'description', 'title_description']"
蕜,['51381'],[],merged,1,0,[],,['51323'],[0.56021648645401],['description']
蕜,['51381'],[],merged,3,0,[],,"['51323', '51388', '51377']","[0.56021648645401, 0.5539615750312805, 0.5333080887794495]","['description', 'description', 'description']"
蟁,['51381'],[],merged,1,0,[],,['51388'],[0.5786205530166626],['description']
蟁,['51381'],[],merged,3,0,[],,"['51388', '51323', '51377']","[0.5786205530166626, 0.5757865905761719, 0.5596345663070679]","['description', 'description', 'description']"
衣字旁,['51381'],[],merged,1,1,['51381'],1.0,['51381'],[0.5463571548461914],['title_description']
衣字旁,['51381'],[],merged,3,1,['51381'],1.0,"['51381', '51382', '51388']","[0.5463571548461914, 0.540615975856781, 0.5234309434890747]","['title_description', 'title_description', 'description']"
褉,['51381'],[],merged,1,0,[],,['51388'],[0.5368570685386658],['description']
褉,['51381'],[],merged,3,1,['51381'],3.0,"['51388', '51323', '51381']","[0.5368570685386658, 0.5271300673484802, 0.5087993144989014]","['description', 'description', 'title_description']"
褘,['51381'],[],merged,1,0,[],,['51323'],[0.5822017192840576],['description']
褘,['51381'],[],merged,3,0,[],,"['51323', '51388', '51377']","[0.5822017192840576, 0.5743594169616699, 0.5549296140670776]","['description', 'description', 'description']"
訂,['51381'],[],merged,1,0,[],,['51388'],[0.6005562543869019],['description']
訂,['51381'],[],merged,3,0,[],,"['51388', '51323', '5671']","[0.6005562543869019, 0.5945558547973633, 0.5938868522644043]","['description', 'description', 'description']"
詠,['51381'],[],merged,1,0,[],,['51377'],[0.7128338813781738],['description']
詠,['51381'],[],merged,3,0,[],,"['51377', '51378', '51388']","[0.7128338813781738, 0.6419578790664673, 0.6261519193649292]","['description', 'description', 'description']"
"認,是什么字",['51381'],[],merged,1,1,['51381'],1.0,['51381'],[0.5791323184967041],['title_description']
"認,是什么字",['51381'],[],merged,3,1,['51381'],1.0,"['51381', '51388', '51382']","[0.5791323184967041, 0.5637699365615845, 0.5485296845436096]","['title_description', 'description', 'title_description']"
讦,['51381'],[],merged,1,0,[],,['51388'],[0.543560266494751],['description']
讦,['51381'],[],merged,3,0,[],,"['51388', '52336', '51377']","[0.543560266494751, 0.5257836580276489, 0.5114595890045166]","['description', 'description', 'description']"
诣,['51381'],[],merged,1,0,[],,['51388'],[0.6302095651626587],['description']
诣,['51381'],[],merged,3,1,['51381'],3.0,"['51388', '51377', '51381']","[0.6302095651626587, 0.6185848712921143, 0.6049113273620605]","['description', 'description', 'title_description']"
賻,['51381'],[],merged,1,0,[],,['51323'],[0.5704231262207031],['description']
賻,['51381'],[],merged,3,1,['51381'],3.0,"['51323', '51388', '51381']","[0.5704231262207031, 0.5616713762283325, 0.5501261949539185]","['description', 'description', 'title_description']"
足的字,['51381'],[],merged,1,0,[],,['51382'],[0.5785436630249023],['title_description']
足的字,['51381'],[],merged,3,1,['51381'],2.0,"['51382', '51381', '51388']","[0.5785436630249023, 0.5730084776878357, 0.5440383553504944]","['title_description', 'title_description', 'description']"
跷,['51381'],[],merged,1,0,[],,['51388'],[0.558901309967041],['description']
跷,['51381'],[],merged,3,0,[],,"['51388', '51377', '52336']","[0.558901309967041, 0.5460330247879028, 0.5313857793807983]","['description', 'description', 'description']"
跻。,['51381'],[],merged,1,0,[],,['51388'],[0.48797810077667236],['description']
跻。,['51381'],[],merged,3,1,['51381'],3.0,"['51388', '52336', '51381']","[0.48797810077667236, 0.4801701009273529, 0.4731466770172119]","['description', 'title_description', 'title_description']"
蹲,['51381'],[],merged,1,0,[],,['51377'],[0.4981248080730438],['description']
蹲,['51381'],[],merged,3,0,[],,"['51377', '47272', '51388']","[0.4981248080730438, 0.48864486813545227, 0.4846726655960083]","['description', 'title_description', 'description']"
转,['51381'],[],merged,1,0,[],,['47266'],[0.6122077703475952],['title_description']
转,['51381'],[],merged,3,0,[],,"['47266', '51388', '51377']","[0.6122077703475952, 0.5758377313613892, 0.5728970766067505]","['title_description', 'description', 'description']"
较,['51381'],[],merged,1,0,[],,['60977'],[0.5710161328315735],['title_description']
较,['51381'],[],merged,3,1,['51381'],3.0,"['60977', '51388', '51381']","[0.5710161328315735, 0.5375094413757324, 0.5361607074737549]","['title_description', 'description', 'title_description']"
逎,['51381'],[],merged,1,0,[],,['51323'],[0.5870651006698608],['description']
逎,['51381'],[],merged,3,1,['51381'],3.0,"['51323', '51388', '51381']","[0.5870651006698608, 0.5821998119354248, 0.5786141753196716]","['description', 'description', 'title_description']"
逼,['51381'],[],merged,1,0,[],,['51388'],[0.5127503871917725],['description']
逼,['51381'],[],merged,3,1,['51381'],2.0,"['51388', '51381', '60977']","[0.5127503871917725, 0.48652395606040955, 0.4854685664176941]","['description', 'title_description', 'title_description']"
鏚,['51381'],[],merged,1,0,[],,['51323'],[0.5941096544265747],['description']
鏚,['51381'],[],merged,3,1,['51381'],3.0,"['51323', '51388', '51381']","[0.5941096544265747, 0.5907372236251831, 0.5645630359649658]","['description', 'description', 'title_description']"
钶,['51381'],[],merged,1,0,[],,['51323'],[0.567286491394043],['description']
钶,['51381'],[],merged,3,1,['51381'],3.0,"['51323', '51388', '51381']","[0.567286491394043, 0.5596456527709961, 0.5551393032073975]","['description', 'description', 'title_description']"
閡,['51381'],[],merged,1,0,[],,['51388'],[0.5931103825569153],['description']
閡,['51381'],[],merged,3,0,[],,"['51388', '51323', '23']","[0.5931103825569153, 0.5900896787643433, 0.5704593062400818]","['description', 'description', 'title_description']"
閤,['51381'],[],merged,1,0,[],,['51388'],[0.5923092365264893],['description']
閤,['51381'],[],merged,3,1,['51381'],2.0,"['51388', '51381', '51323']","[0.5923092365264893, 0.5851572751998901, 0.5835736989974976]","['description', 'title_description', 'description']"
闁,['51381'],[],merged,1,0,[],,['51323'],[0.6295822262763977],['description']
闁,['51381'],[],merged,3,1,['51381'],3.0,"['51323', '51388', '51381']","[0.6295822262763977, 0.5960468053817749, 0.580641508102417]","['description', 'description', 'title_description']"
闩是什么字,['51381'],[],merged,1,0,[],,['51382'],[0.5057142972946167],['title_description']
闩是什么字,['51381'],[],merged,3,1,['51381'],2.0,"['51382', '51381', '51388']","[0.5057142972946167, 0.5048162937164307, 0.48654621839523315]","['title_description', 'title_description', 'title_description']"
阋,['51381'],[],merged,1,0,[],,['51388'],[0.6235276460647583],['description']
阋,['51381'],[],merged,3,1,['51381'],3.0,"['51388', '51323', '51381']","[0.6235276460647583, 0.6191784143447876, 0.6153795123100281]","['description', 'description', 'title_description']"
陪,['51381'],[],merged,1,0,[],,['51377'],[0.5767882466316223],['description']
陪,['51381'],[],merged,3,1,['51381'],3.0,"['51377', '51388', '51381']","[0.5767882466316223, 0.5682966709136963, 0.5587277412414551]","['description', 'description', 'title_description']"
随字,['51381'],[],merged,1,1,['51381'],1.0,['51381'],[0.6461766362190247],['title_description']
随字,['51381'],[],merged,3,1,['51381'],1.0,"['51381', '51382', '51388']","[0.6461766362190247, 0.6195340156555176, 0.5687965154647827]","['title_description', 'title_description', 'description']"
隹”,['51381'],[],merged,1,1,['51381'],1.0,['51381'],[0.5814732313156128],['title_description']
隹”,['51381'],[],merged,3,1,['51381'],1.0,"['51381', '51382', '51388']","[0.5814732313156128, 0.5793113708496094, 0.572232723236084]","['title_description', 'title_description', 'description']"
雠,['51381'],[],merged,1,0,[],,['51388'],[0.573070764541626],['description']
雠,['51381'],[],merged,3,1,['51381'],2.0,"['51388', '51381', '52336']","[0.573070764541626, 0.5579326152801514, 0.5518671274185181]","['description', 'title_description', 'description']"
露,['51381'],[],merged,1,0,[],,['51377'],[0.5783613920211792],['description']
露,['51381'],[],merged,3,0,[],,"['51377', '51388', '51323']","[0.5783613920211792, 0.5348371863365173, 0.5255587100982666]","['description', 'description', 'description']"
风),['51381'],[],merged,1,0,[],,['51377'],[0.5871394276618958],['description']
风),['51381'],[],merged,3,0,[],,"['51377', '51388', '51323']","[0.5871394276618958, 0.563044548034668, 0.5580374002456665]","['description', 'description', 'description']"
髀,['51381'],[],merged,1,0,[],,['51388'],[0.5104387998580933],['description']
髀,['51381'],[],merged,3,0,[],,"['51388', '51323', '51377']","[0.5104387998580933, 0.5055972933769226, 0.4985371232032776]","['description', 'description', 'description']"
鬲,['51381'],[],merged,1,0,[],,['51323'],[0.577575147151947],['description']
鬲,['51381'],[],merged,3,1,['51381'],3.0,"['51323', '51388', '51381']","[0.577575147151947, 0.5513637065887451, 0.5421469211578369]","['description', 'description', 'title_description']"
鮸,['51381'],[],merged,1,0,[],,['51388'],[0.560956597328186],['description']
鮸,['51381'],[],merged,3,0,[],,"['51388', '51323', '51377']","[0.560956597328186, 0.5455323457717896, 0.5345909595489502]","['description', 'description', 'description']"
鵉,['51381'],[],merged,1,0,[],,['51388'],[0.5788118839263916],['description']
鵉,['51381'],[],merged,3,1,['51381'],3.0,"['51388', '51377', '51381']","[0.5788118839263916, 0.5640250444412231, 0.5580868721008301]","['description', 'description', 'title_description']"
鹊,['51381'],[],merged,1,0,[],,['51377'],[0.5443035364151001],['description']
鹊,['51381'],[],merged,3,1,['51381'],3.0,"['51377', '51388', '51381']","[0.5443035364151001, 0.5370018482208252, 0.5107952356338501]","['description', 'description', 'title_description']"
鹬,['51381'],[],merged,1,0,[],,['51388'],[0.5256978273391724],['description']
鹬,['51381'],[],merged,3,1,['51381'],3.0,"['51388', '51377', '51381']","[0.5256978273391724, 0.5182937383651733, 0.5020301342010498]","['description', 'description', 'title_description']"
",镑",['51381'],[],title_description,1,0,[],,['51388'],[0.5449837446212769],['title_description']
",镑",['51381'],[],title_description,3,1,['51381'],3.0,"['51388', '46671', '51381']","[0.5449837446212769, 0.5206164717674255, 0.520492672920227]","['title_description', 'title_description', 'title_description']"
: 衢,['51381'],[],title_description,1,0,[],,['62106'],[0.5533822178840637],['title_description']
: 衢,['51381'],[],title_description,3,0,[],,"['62106', '47242', '51388']","[0.5533822178840637, 0.5455761551856995, 0.5356720685958862]","['title_description', 'title_description', 'title_description']"
一′,['51381'],[],title_description,1,1,['51381'],1.0,['51381'],[0.5829071998596191],['title_description']
一′,['51381'],[],title_description,3,1,['51381'],1.0,"['51381', '51388', '51382']","[0.5829071998596191, 0.5820529460906982, 0.5613833665847778]","['title_description', 'title_description', 'title_description']"
一大大写怎么写,['51381'],[],title_description,1,0,[],,['51323'],[0.6647246479988098],['title_description']
一大大写怎么写,['51381'],[],title_description,3,1,['51381'],3.0,"['51323', '51382', '51381']","[0.6647246479988098, 0.5367560386657715, 0.5127130150794983]","['title_description', 'title_description', 'title_description']"
代,['51381'],[],title_description,1,0,[],,['51388'],[0.5691202878952026],['title_description']
代,['51381'],[],title_description,3,1,['51381'],2.0,"['51388', '51381', '51323']","[0.5691202878952026, 0.5654367804527283, 0.5445705652236938]","['title_description', 'title_description', 'title_description']"
似,['51381'],[],title_description,1,1,['51381'],1.0,['51381'],[0.6345510482788086],['title_description']
似,['51381'],[],title_description,3,1,['51381'],1.0,"['51381', '51388', '60977']","[0.6345510482788086, 0.5847049951553345, 0.542722225189209]","['title_description', 'title_description', 'title_description']"
借,['51381'],[],title_description,1,0,[],,['61111'],[0.6127729415893555],['title_description']
借,['51381'],[],title_description,3,1,['51381'],3.0,"['61111', '51388', '51381']","[0.6127729415893555, 0.589988112449646, 0.5819593071937561]","['title_description', 'title_description', 'title_description']"
僚是什么字,['51381'],[],title_description,1,1,['51381'],1.0,['51381'],[0.5211806297302246],['title_description']
僚是什么字,['51381'],[],title_description,3,1,['51381'],1.0,"['51381', '51382', '51388']","[0.5211806297302246, 0.5139771103858948, 0.5111064910888672]","['title_description', 'title_description', 'title_description']"
冚,['51381'],[],title_description,1,1,['51381'],1.0,['51381'],[0.5609381198883057],['title_description']
冚,['51381'],[],title_description,3,1,['51381'],1.0,"['51381', '51388', '51323']","[0.5609381198883057, 0.545374870300293, 0.5280413627624512]","['title_description', 'title_description', 'title_description']"
刃,['51381'],[],title_description,1,0,[],,['51388'],[0.5311000347137451],['title_description']
刃,['51381'],[],title_description,3,1,['51381'],2.0,"['51388', '51381', '60977']","[0.5311000347137451, 0.5144679546356201, 0.4838504195213318]","['title_description', 'title_description', 'title_description']"
刬,['51381'],[],title_description,1,0,[],,['51388'],[0.5841678380966187],['title_description']
刬,['51381'],[],title_description,3,1,['51381'],2.0,"['51388', '51381', '51382']","[0.5841678380966187, 0.5606961250305176, 0.5471933484077454]","['title_description', 'title_description', 'title_description']"
勳,['51381'],[],title_description,1,0,[],,['51388'],[0.5506300926208496],['title_description']
勳,['51381'],[],title_description,3,1,['51381'],2.0,"['51388', '51381', '51382']","[0.5506300926208496, 0.5417916774749756, 0.4962489604949951]","['title_description', 'title_description', 'title_description']"
匣,['51381'],[],title_description,1,0,[],,['51388'],[0.5419453382492065],['title_description']
匣,['51381'],[],title_description,3,1,['51381'],2.0,"['51388', '51381', '267']","[0.5419453382492065, 0.5250446796417236, 0.5076489448547363]","['title_description', 'title_description', 'title_description']"
匪,['51381'],[],title_description,1,0,[],,['51388'],[0.5030006170272827],['title_description']
匪,['51381'],[],title_description,3,1,['51381'],2.0,"['51388', '51381', '61111']","[0.5030006170272827, 0.49242737889289856, 0.4638042449951172]","['title_description', 'title_description', 'title_description']"
厂,['51381'],[],title_description,1,0,[],,['47242'],[0.5490168333053589],['title_description']
厂,['51381'],[],title_description,3,0,[],,"['47242', '5671', '47272']","[0.5490168333053589, 0.4971173107624054, 0.49238041043281555]","['title_description', 'title_description', 'title_description']"
厘字,['51381'],[],title_description,1,1,['51381'],1.0,['51381'],[0.6336948275566101],['title_description']
厘字,['51381'],[],title_description,3,1,['51381'],1.0,"['51381', '51382', '51388']","[0.6336948275566101, 0.615349292755127, 0.5971134901046753]","['title_description', 'title_description', 'title_description']"
叮,['51381'],[],title_description,1,0,[],,['51388'],[0.5253263711929321],['title_description']
叮,['51381'],[],title_description,3,1,['51381'],3.0,"['51388', '61111', '51381']","[0.5253263711929321, 0.5202418565750122, 0.5185865163803101]","['title_description', 'title_description', 'title_description']"
后,['51381'],[],title_description,1,0,[],,['51388'],[0.531450092792511],['title_description']
后,['51381'],[],title_description,3,1,['51381'],2.0,"['51388', '51381', '47266']","[0.531450092792511, 0.5174007415771484, 0.5109012126922607]","['title_description', 'title_description', 'title_description']"
咀,['51381'],[],title_description,1,0,[],,['51388'],[0.5511491298675537],['title_description']
咀,['51381'],[],title_description,3,1,['51381'],2.0,"['51388', '51381', '51382']","[0.5511491298675537, 0.534149169921875, 0.5044795274734497]","['title_description', 'title_description', 'title_description']"
啊,['51381'],[],title_description,1,0,[],,['51388'],[0.5543757081031799],['title_description']
啊,['51381'],[],title_description,3,1,['51381'],2.0,"['51388', '51381', '52336']","[0.5543757081031799, 0.5414906144142151, 0.5024062991142273]","['title_description', 'title_description', 'title_description']"
嘣,['51381'],[],title_description,1,0,[],,['51388'],[0.5278011560440063],['title_description']
嘣,['51381'],[],title_description,3,1,['51381'],3.0,"['51388', '52523', '51381']","[0.5278011560440063, 0.5188485980033875, 0.5136671662330627]","['title_description', 'title_description', 'title_description']"
圣是什么字,['51381'],[],title_description,1,0,[],,['51388'],[0.5240622758865356],['title_description']
圣是什么字,['51381'],[],title_description,3,1,['51381'],2.0,"['51388', '51381', '51382']","[0.5240622758865356, 0.5228385925292969, 0.5109081268310547]","['title_description', 'title_description', 'title_description']"
堔,['51381'],[],title_description,1,1,['51381'],1.0,['51381'],[0.6119178533554077],['title_description']
堔,['51381'],[],title_description,3,1,['51381'],1.0,"['51381', '51388', '51323']","[0.6119178533554077, 0.6060658097267151, 0.5728439092636108]","['title_description', 'title_description', 'title_description']"
壁,['51381'],[],title_description,1,0,[],,['51388'],[0.5288591980934143],['title_description']
壁,['51381'],[],title_description,3,0,[],,"['51388', '5671', '47242']","[0.5288591980934143, 0.5236825346946716, 0.517200231552124]","['title_description', 'title_description', 'title_description']"
天、,['51381'],[],title_description,1,0,[],,['51323'],[0.5816746950149536],['title_description']
天、,['51381'],[],title_description,3,1,['51381'],2.0,"['51323', '51381', '61111']","[0.5816746950149536, 0.5627996921539307, 0.5583369135856628]","['title_description', 'title_description', 'title_description']"
妈,['51381'],[],title_description,1,0,[],,['51388'],[0.47180765867233276],['title_description']
妈,['51381'],[],title_description,3,1,['51381'],2.0,"['51388', '51381', '47272']","[0.47180765867233276, 0.46380919218063354, 0.4409722089767456]","['title_description', 'title_description', 'title_description']"
妤,['51381'],[],title_description,1,1,['51381'],1.0,['51381'],[0.5608540773391724],['title_description']
妤,['51381'],[],title_description,3,1,['51381'],1.0,"['51381', '51388', '51377']","[0.5608540773391724, 0.5590208172798157, 0.5155574083328247]","['title_description', 'title_description', 'title_description']"
姅′√,['51381'],[],title_description,1,0,[],,['51044'],[0.4953250586986542],['title_description']
姅′√,['51381'],[],title_description,3,1,['51381'],3.0,"['51044', '51388', '51381']","[0.4953250586986542, 0.49007371068000793, 0.48805275559425354]","['title_description', 'title_description', 'title_description']"
嫃,['51381'],[],title_description,1,1,['51381'],1.0,['51381'],[0.5949914455413818],['title_description']
嫃,['51381'],[],title_description,3,1,['51381'],1.0,"['51381', '51388', '23']","[0.5949914455413818, 0.5917861461639404, 0.55039381980896]","['title_description', 'title_description', 'title_description']"
嫌,['51381'],[],title_description,1,0,[],,['51388'],[0.5421435832977295],['title_description']
嫌,['51381'],[],title_description,3,1,['51381'],2.0,"['51388', '51381', '51386']","[0.5421435832977295, 0.5241556167602539, 0.4874715209007263]","['title_description', 'title_description', 'title_description']"
嫌为什么是女字旁,['51381'],[],title_description,1,1,['51381'],1.0,['51381'],[0.5093376040458679],['title_description']
嫌为什么是女字旁,['51381'],[],title_description,3,1,['51381'],1.0,"['51381', '51388', '51382']","[0.5093376040458679, 0.4867438077926636, 0.4740585684776306]","['title_description', 'title_description', 'title_description']"
孀,['51381'],[],title_description,1,0,[],,['51388'],[0.47857099771499634],['title_description']
孀,['51381'],[],title_description,3,1,['51381'],2.0,"['51388', '51381', '51386']","[0.47857099771499634, 0.475273460149765, 0.44158709049224854]","['title_description', 'title_description', 'title_description']"
字,['51381'],[],title_description,1,1,['51381'],1.0,['51381'],[0.7257584929466248],['title_description']
字,['51381'],[],title_description,3,1,['51381'],1.0,"['51381', '51388', '51382']","[0.7257584929466248, 0.6960247755050659, 0.6852589249610901]","['title_description', 'title_description', 'title_description']"
宾。,['51381'],[],title_description,1,0,[],,['51388'],[0.5101909637451172],['title_description']
宾。,['51381'],[],title_description,3,1,['51381'],2.0,"['51388', '51381', '51386']","[0.5101909637451172, 0.48752453923225403, 0.476848304271698]","['title_description', 'title_description', 'title_description']"
小`,['51381'],[],title_description,1,0,[],,['51388'],[0.5943435430526733],['title_description']
小`,['51381'],[],title_description,3,1,['51381'],2.0,"['51388', '51381', '51323']","[0.5943435430526733, 0.5856590270996094, 0.5546497702598572]","['title_description', 'title_description', 'title_description']"
尦,['51381'],[],title_description,1,1,['51381'],1.0,['51381'],[0.6148137450218201],['title_description']
尦,['51381'],[],title_description,3,1,['51381'],1.0,"['51381', '51388', '51323']","[0.6148137450218201, 0.6075828671455383, 0.5729144811630249]","['title_description', 'title_description', 'title_description']"
屩,['51381'],[],title_description,1,1,['51381'],1.0,['51381'],[0.5616090297698975],['title_description']
屩,['51381'],[],title_description,3,1,['51381'],1.0,"['51381', '51388', '51382']","[0.5616090297698975, 0.5565460920333862, 0.5333158373832703]","['title_description', 'title_description', 'title_description']"
屳,['51381'],[],title_description,1,1,['51381'],1.0,['51381'],[0.622786819934845],['title_description']
屳,['51381'],[],title_description,3,1,['51381'],1.0,"['51381', '51388', '51382']","[0.622786819934845, 0.6148874163627625, 0.5851178765296936]","['title_description', 'title_description', 'title_description']"
峀,['51381'],[],title_description,1,1,['51381'],1.0,['51381'],[0.5975750684738159],['title_description']
峀,['51381'],[],title_description,3,1,['51381'],1.0,"['51381', '51388', '51382']","[0.5975750684738159, 0.5831965208053589, 0.5597063302993774]","['title_description', 'title_description', 'title_description']"
嵂,['51381'],[],title_description,1,1,['51381'],1.0,['51381'],[0.5445480346679688],['title_description']
嵂,['51381'],[],title_description,3,1,['51381'],1.0,"['51381', '51388', '62106']","[0.5445480346679688, 0.5385726690292358, 0.5193161964416504]","['title_description', 'title_description', 'title_description']"
已、,['51381'],[],title_description,1,1,['51381'],1.0,['51381'],[0.546795666217804],['title_description']
已、,['51381'],[],title_description,3,1,['51381'],1.0,"['51381', '51388', '51382']","[0.546795666217804, 0.5457935333251953, 0.508100152015686]","['title_description', 'title_description', 'title_description']"
帒,['51381'],[],title_description,1,1,['51381'],1.0,['51381'],[0.599333643913269],['title_description']
帒,['51381'],[],title_description,3,1,['51381'],1.0,"['51381', '51388', '60977']","[0.599333643913269, 0.587365984916687, 0.5606226325035095]","['title_description', 'title_description', 'title_description']"
帘,['51381'],[],title_description,1,0,[],,['51388'],[0.49717259407043457],['title_description']
帘,['51381'],[],title_description,3,1,['51381'],3.0,"['51388', '5671', '51381']","[0.49717259407043457, 0.4951838254928589, 0.47583043575286865]","['title_description', 'title_description', 'title_description']"
幟,['51381'],[],title_description,1,0,[],,['51388'],[0.5699864625930786],['title_description']
幟,['51381'],[],title_description,3,1,['51381'],2.0,"['51388', '51381', '51382']","[0.5699864625930786, 0.5624250769615173, 0.5250548124313354]","['title_description', 'title_description', 'title_description']"
应,['51381'],[],title_description,1,0,[],,['51388'],[0.5491529703140259],['title_description']
应,['51381'],[],title_description,3,1,['51381'],2.0,"['51388', '51381', '61111']","[0.5491529703140259, 0.5469956398010254, 0.538123369216919]","['title_description', 'title_description', 'title_description']"
形字,['51381'],[],title_description,1,1,['51381'],1.0,['51381'],[0.6695067882537842],['title_description']
形字,['51381'],[],title_description,3,1,['51381'],1.0,"['51381', '51382', '51388']","[0.6695067882537842, 0.659577488899231, 0.6134647130966187]","['title_description', 'title_description', 'title_description']"
愚,['51381'],[],title_description,1,0,[],,['51388'],[0.5513676404953003],['title_description']
愚,['51381'],[],title_description,3,1,['51381'],2.0,"['51388', '51381', '52336']","[0.5513676404953003, 0.5317229628562927, 0.5067248344421387]","['title_description', 'title_description', 'title_description']"
持,['51381'],[],title_description,1,0,[],,['51388'],[0.5401642322540283],['title_description']
持,['51381'],[],title_description,3,1,['51381'],2.0,"['51388', '51381', '47272']","[0.5401642322540283, 0.5311036109924316, 0.5148786306381226]","['title_description', 'title_description', 'title_description']"
提,['51381'],[],title_description,1,0,[],,['51388'],[0.5665132999420166],['title_description']
提,['51381'],[],title_description,3,1,['51381'],2.0,"['51388', '51381', '61111']","[0.5665132999420166, 0.5516153573989868, 0.5467556118965149]","['title_description', 'title_description', 'title_description']"
摋,['51381'],[],title_description,1,0,[],,['51388'],[0.6084738969802856],['title_description']
摋,['51381'],[],title_description,3,1,['51381'],2.0,"['51388', '51381', '51382']","[0.6084738969802856, 0.590078592300415, 0.5793808698654175]","['title_description', 'title_description', 'title_description']"
擅,['51381'],[],title_description,1,0,[],,['51388'],[0.5707472562789917],['title_description']
擅,['51381'],[],title_description,3,1,['51381'],2.0,"['51388', '51381', '51382']","[0.5707472562789917, 0.558326780796051, 0.5249193906784058]","['title_description', 'title_description', 'title_description']"
斌,['51381'],[],title_description,1,1,['51381'],1.0,['51381'],[0.5704817175865173],['title_description']
斌,['51381'],[],title_description,3,1,['51381'],1.0,"['51381', '51388', '51382']","[0.5704817175865173, 0.5621147751808167, 0.5204417705535889]","['title_description', 'title_description', 'title_description']"
昝,['51381'],[],title_description,1,1,['51381'],1.0,['51381'],[0.6254022121429443],['title_description']
昝,['51381'],[],title_description,3,1,['51381'],1.0,"['51381', '51388', '51382']","[0.6254022121429443, 0.6097701191902161, 0.5839878916740417]","['title_description', 'title_description', 'title_description']"
星???,['51381'],[],title_description,1,0,[],,['61111'],[0.5219182968139648],['title_description']
星???,['51381'],[],title_description,3,0,[],,"['61111', '51388', '47272']","[0.5219182968139648, 0.5151535272598267, 0.509196937084198]","['title_description', 'title_description', 'title_description']"
是什么字,['51381'],[],title_description,1,1,['51381'],1.0,['51381'],[0.6621811389923096],['title_description']
是什么字,['51381'],[],title_description,3,1,['51381'],1.0,"['51381', '51388', '51382']","[0.6621811389923096, 0.6421287059783936, 0.6301310658454895]","['title_description', 'title_description', 'title_description']"
杓,['51381'],[],title_description,1,0,[],,['51388'],[0.575904905796051],['title_description']
杓,['51381'],[],title_description,3,1,['51381'],2.0,"['51388', '51381', '51382']","[0.575904905796051, 0.56538987159729, 0.5436904430389404]","['title_description', 'title_description', 'title_description']"
枓,['51381'],[],title_description,1,0,[],,['51388'],[0.5664827823638916],['title_description']
枓,['51381'],[],title_description,3,1,['51381'],2.0,"['51388', '51381', '51382']","[0.5664827823638916, 0.5527048110961914, 0.5470964908599854]","['title_description', 'title_description', 'title_description']"
棘,['51381'],[],title_description,1,0,[],,['51388'],[0.5383528470993042],['title_description']
棘,['51381'],[],title_description,3,1,['51381'],3.0,"['51388', '61111', '51381']","[0.5383528470993042, 0.5050817728042603, 0.5046737194061279]","['title_description', 'title_description', 'title_description']"
槲,['51381'],[],title_description,1,0,[],,['51388'],[0.5421348810195923],['title_description']
槲,['51381'],[],title_description,3,1,['51381'],2.0,"['51388', '51381', '51377']","[0.5421348810195923, 0.5318241119384766, 0.5096850395202637]","['title_description', 'title_description', 'title_description']"
樈,['51381'],[],title_description,1,0,[],,['51388'],[0.6013928055763245],['title_description']
樈,['51381'],[],title_description,3,1,['51381'],2.0,"['51388', '51381', '51382']","[0.6013928055763245, 0.5915656685829163, 0.5582295656204224]","['title_description', 'title_description', 'title_description']"
樢,['51381'],[],title_description,1,0,[],,['51388'],[0.5919735431671143],['title_description']
樢,['51381'],[],title_description,3,1,['51381'],2.0,"['51388', '51381', '51382']","[0.5919735431671143, 0.5893147587776184, 0.5561923980712891]","['title_description', 'title_description', 'title_description']"
欄,['51381'],[],title_description,1,0,[],,['51388'],[0.5853465795516968],['title_description']
欄,['51381'],[],title_description,3,1,['51381'],2.0,"['51388', '51381', '51382']","[0.5853465795516968, 0.5802452564239502, 0.5696368217468262]","['title_description', 'title_description', 'title_description']"
毒字,['51381'],[],title_description,1,1,['51381'],1.0,['51381'],[0.5829800963401794],['title_description']
毒字,['51381'],[],title_description,3,1,['51381'],1.0,"['51381', '51388', '51382']","[0.5829800963401794, 0.5751308798789978, 0.5450702905654907]","['title_description', 'title_description', 'title_description']"
汰、,['51381'],[],title_description,1,1,['51381'],1.0,['51381'],[0.543691098690033],['title_description']
汰、,['51381'],[],title_description,3,1,['51381'],1.0,"['51381', '51388', '51323']","[0.543691098690033, 0.5432542562484741, 0.5274396538734436]","['title_description', 'title_description', 'title_description']"
泀,['51381'],[],title_description,1,1,['51381'],1.0,['51381'],[0.5868087410926819],['title_description']
泀,['51381'],[],title_description,3,1,['51381'],1.0,"['51381', '51388', '51382']","[0.5868087410926819, 0.5729048252105713, 0.5563017129898071]","['title_description', 'title_description', 'title_description']"
淀,['51381'],[],title_description,1,0,[],,['51388'],[0.5601868033409119],['title_description']
淀,['51381'],[],title_description,3,0,[],,"['51388', '47242', '5671']","[0.5601868033409119, 0.5548810362815857, 0.5494447350502014]","['title_description', 'title_description', 'title_description']"
游,['51381'],[],title_description,1,0,[],,['5671'],[0.6400206685066223],['title_description']
游,['51381'],[],title_description,3,0,[],,"['5671', '62106', '47190']","[0.6400206685066223, 0.6152783632278442, 0.5720608234405518]","['title_description', 'title_description', 'title_description']"
漋,['51381'],[],title_description,1,0,[],,['51388'],[0.5551753044128418],['title_description']
漋,['51381'],[],title_description,3,1,['51381'],2.0,"['51388', '51381', '47266']","[0.5551753044128418, 0.5540592670440674, 0.5397292375564575]","['title_description', 'title_description', 'title_description']"
漖,['51381'],[],title_description,1,0,[],,['47266'],[0.597078800201416],['title_description']
漖,['51381'],[],title_description,3,0,[],,"['47266', '62106', '51388']","[0.597078800201416, 0.5876117944717407, 0.5822205543518066]","['title_description', 'title_description', 'title_description']"
熽,['51381'],[],title_description,1,1,['51381'],1.0,['51381'],[0.5756763219833374],['title_description']
熽,['51381'],[],title_description,3,1,['51381'],1.0,"['51381', '51388', '51382']","[0.5756763219833374, 0.5719664096832275, 0.5335606932640076]","['title_description', 'title_description', 'title_description']"
猷”,['51381'],[],title_description,1,1,['51381'],1.0,['51381'],[0.5604937672615051],['title_description']
猷”,['51381'],[],title_description,3,1,['51381'],1.0,"['51381', '51388', '51382']","[0.5604937672615051, 0.5369165539741516, 0.5352073311805725]","['title_description', 'title_description', 'title_description']"
獬,['51381'],[],title_description,1,0,[],,['51388'],[0.5634374618530273],['title_description']
獬,['51381'],[],title_description,3,1,['51381'],2.0,"['51388', '51381', '52336']","[0.5634374618530273, 0.5553999543190002, 0.5181131362915039]","['title_description', 'title_description', 'title_description']"
玎,['51381'],[],title_description,1,0,[],,['51388'],[0.5975207090377808],['title_description']
玎,['51381'],[],title_description,3,1,['51381'],2.0,"['51388', '51381', '51382']","[0.5975207090377808, 0.5939182043075562, 0.551962673664093]","['title_description', 'title_description', 'title_description']"
瓤,['51381'],[],title_description,1,0,[],,['51388'],[0.526294469833374],['title_description']
瓤,['51381'],[],title_description,3,1,['51381'],2.0,"['51388', '51381', '47272']","[0.526294469833374, 0.5037965774536133, 0.49677401781082153]","['title_description', 'title_description', 'title_description']"
画字,['51381'],[],title_description,1,0,[],,['51382'],[0.6453075408935547],['title_description']
画字,['51381'],[],title_description,3,1,['51381'],2.0,"['51382', '51381', '51388']","[0.6453075408935547, 0.6223187446594238, 0.5892689824104309]","['title_description', 'title_description', 'title_description']"
的的,['51381'],[],title_description,1,0,[],,['51388'],[0.6184595823287964],['title_description']
的的,['51381'],[],title_description,3,1,['51381'],2.0,"['51388', '51381', '61111']","[0.6184595823287964, 0.6149522066116333, 0.5869882106781006]","['title_description', 'title_description', 'title_description']"
皷,['51381'],[],title_description,1,1,['51381'],1.0,['51381'],[0.5336869359016418],['title_description']
皷,['51381'],[],title_description,3,1,['51381'],1.0,"['51381', '51388', '52523']","[0.5336869359016418, 0.5276108980178833, 0.5133795142173767]","['title_description', 'title_description', 'title_description']"
省字,['51381'],[],title_description,1,1,['51381'],1.0,['51381'],[0.6304813623428345],['title_description']
省字,['51381'],[],title_description,3,1,['51381'],1.0,"['51381', '51382', '51388']","[0.6304813623428345, 0.6183114051818848, 0.5934553146362305]","['title_description', 'title_description', 'title_description']"
秠,['51381'],[],title_description,1,1,['51381'],1.0,['51381'],[0.5947101712226868],['title_description']
秠,['51381'],[],title_description,3,1,['51381'],1.0,"['51381', '51388', '51382']","[0.5947101712226868, 0.5928798913955688, 0.5487906336784363]","['title_description', 'title_description', 'title_description']"
积,['51381'],[],title_description,1,0,[],,['51044'],[0.5828828811645508],['title_description']
积,['51381'],[],title_description,3,1,['51381'],3.0,"['51044', '51388', '51381']","[0.5828828811645508, 0.575082540512085, 0.5478082299232483]","['title_description', 'title_description', 'title_description']"
稼,['51381'],[],title_description,1,0,[],,['51388'],[0.5566934943199158],['title_description']
稼,['51381'],[],title_description,3,1,['51381'],3.0,"['51388', '51323', '51381']","[0.5566934943199158, 0.5491580963134766, 0.5442336201667786]","['title_description', 'title_description', 'title_description']"
篓,['51381'],[],title_description,1,0,[],,['47272'],[0.5490102767944336],['title_description']
篓,['51381'],[],title_description,3,1,['51381'],3.0,"['47272', '51388', '51381']","[0.5490102767944336, 0.5203990936279297, 0.5142863988876343]","['title_description', 'title_description', 'title_description']"
簠,['51381'],[],title_description,1,0,[],,['51388'],[0.5339850783348083],['title_description']
簠,['51381'],[],title_description,3,1,['51381'],2.0,"['51388', '51381', '51382']","[0.5339850783348083, 0.5313582420349121, 0.510509729385376]","['title_description', 'title_description', 'title_description']"
粢,['51381'],[],title_description,1,0,[],,['51388'],[0.5533459186553955],['title_description']
粢,['51381'],[],title_description,3,1,['51381'],2.0,"['51388', '51381', '51323']","[0.5533459186553955, 0.5416676998138428, 0.524931788444519]","['title_description', 'title_description', 'title_description']"
缈,['51381'],[],title_description,1,0,[],,['51388'],[0.5229360461235046],['title_description']
缈,['51381'],[],title_description,3,1,['51381'],2.0,"['51388', '51381', '51386']","[0.5229360461235046, 0.5084519982337952, 0.4862543046474457]","['title_description', 'title_description', 'title_description']"
缓,['51381'],[],title_description,1,0,[],,['51388'],[0.49178653955459595],['title_description']
缓,['51381'],[],title_description,3,1,['51381'],2.0,"['51388', '51381', '61111']","[0.49178653955459595, 0.4809178113937378, 0.47760534286499023]","['title_description', 'title_description', 'title_description']"
群,['51381'],[],title_description,1,1,['51381'],1.0,['51381'],[0.5832633376121521],['title_description']
群,['51381'],[],title_description,3,1,['51381'],1.0,"['51381', '47272', '51388']","[0.5832633376121521, 0.5620841979980469, 0.5565965175628662]","['title_description', 'title_description', 'title_description']"
肥字,['51381'],[],title_description,1,1,['51381'],1.0,['51381'],[0.5847727060317993],['title_description']
肥字,['51381'],[],title_description,3,1,['51381'],1.0,"['51381', '51382', '51388']","[0.5847727060317993, 0.5634387731552124, 0.5601018667221069]","['title_description', 'title_description', 'title_description']"
肫,['51381'],[],title_description,1,0,[],,['51388'],[0.5489192008972168],['title_description']
肫,['51381'],[],title_description,3,1,['51381'],2.0,"['51388', '51381', '51382']","[0.5489192008972168, 0.5415944457054138, 0.5011880397796631]","['title_description', 'title_description', 'title_description']"
芧,['51381'],[],title_description,1,0,[],,['51388'],[0.5914581418037415],['title_description']
芧,['51381'],[],title_description,3,1,['51381'],2.0,"['51388', '51381', '51382']","[0.5914581418037415, 0.5723464488983154, 0.5440358519554138]","['title_description', 'title_description', 'title_description']"
苻,['51381'],[],title_description,1,1,['51381'],1.0,['51381'],[0.594746470451355],['title_description']
苻,['51381'],[],title_description,3,1,['51381'],1.0,"['51381', '51388', '51382']","[0.594746470451355, 0.5947118997573853, 0.5457190871238708]","['title_description', 'title_description', 'title_description']"
荃,['51381'],[],title_description,1,0,[],,['51388'],[0.5878841280937195],['title_description']
荃,['51381'],[],title_description,3,1,['51381'],2.0,"['51388', '51381', '51382']","[0.5878841280937195, 0.5869643688201904, 0.5488143563270569]","['title_description', 'title_description', 'title_description']"
菋,['51381'],[],title_description,1,0,[],,['51388'],[0.578024685382843],['title_description']
菋,['51381'],[],title_description,3,1,['51381'],2.0,"['51388', '51381', '47272']","[0.578024685382843, 0.5571134090423584, 0.5257691144943237]","['title_description', 'title_description', 'title_description']"
葡字属于什么字,['51381'],[],title_description,1,1,['51381'],1.0,['51381'],[0.6011759638786316],['title_description']
葡字属于什么字,['51381'],[],title_description,3,1,['51381'],1.0,"['51381', '51382', '51388']","[0.6011759638786316, 0.5917382836341858, 0.5655617117881775]","['title_description', 'title_description', 'title_description']"
蓫,['51381'],[],title_description,1,0,[],,['51388'],[0.5727629065513611],['title_description']
蓫,['51381'],[],title_description,3,1,['51381'],2.0,"['51388', '51381', '51382']","[0.5727629065513611, 0.5719169974327087, 0.5334889888763428]","['title_description', 'title_description', 'title_description']"
蕜,['51381'],[],title_description,1,0,[],,['51388'],[0.537752628326416],['title_description']
蕜,['51381'],[],title_description,3,1,['51381'],2.0,"['51388', '51381', '51382']","[0.537752628326416, 0.5296009182929993, 0.49509188532829285]","['title_description', 'title_description', 'title_description']"
蟁,['51381'],[],title_description,1,0,[],,['51388'],[0.5610280632972717],['title_description']
蟁,['51381'],[],title_description,3,1,['51381'],2.0,"['51388', '51381', '51323']","[0.5610280632972717, 0.5497179627418518, 0.5099235773086548]","['title_description', 'title_description', 'title_description']"
衣字旁,['51381'],[],title_description,1,1,['51381'],1.0,['51381'],[0.5463571548461914],['title_description']
衣字旁,['51381'],[],title_description,3,1,['51381'],1.0,"['51381', '51382', '51388']","[0.5463571548461914, 0.540615975856781, 0.5145750045776367]","['title_description', 'title_description', 'title_description']"
褉,['51381'],[],title_description,1,0,[],,['51388'],[0.5202072262763977],['title_description']
褉,['51381'],[],title_description,3,1,['51381'],2.0,"['51388', '51381', '23']","[0.5202072262763977, 0.5087993144989014, 0.4789762496948242]","['title_description', 'title_description', 'title_description']"
褘,['51381'],[],title_description,1,0,[],,['51388'],[0.5553121566772461],['title_description']
褘,['51381'],[],title_description,3,1,['51381'],2.0,"['51388', '51381', '51382']","[0.5553121566772461, 0.5539114475250244, 0.5156799554824829]","['title_description', 'title_description', 'title_description']"
訂,['51381'],[],title_description,1,0,[],,['47272'],[0.5923057794570923],['title_description']
訂,['51381'],[],title_description,3,0,[],,"['47272', '51388', '5671']","[0.5923057794570923, 0.5867851972579956, 0.5830598473548889]","['title_description', 'title_description', 'title_description']"
詠,['51381'],[],title_description,1,1,['51381'],1.0,['51381'],[0.6115000247955322],['title_description']
詠,['51381'],[],title_description,3,1,['51381'],1.0,"['51381', '51388', '51378']","[0.6115000247955322, 0.6054211854934692, 0.5866987109184265]","['title_description', 'title_description', 'title_description']"
"認,是什么字",['51381'],[],title_description,1,1,['51381'],1.0,['51381'],[0.5791323184967041],['title_description']
"認,是什么字",['51381'],[],title_description,3,1,['51381'],1.0,"['51381', '51388', '51382']","[0.5791323184967041, 0.5636245608329773, 0.5485296845436096]","['title_description', 'title_description', 'title_description']"
讦,['51381'],[],title_description,1,0,[],,['51388'],[0.5400837659835815],['title_description']
讦,['51381'],[],title_description,3,1,['51381'],3.0,"['51388', '52336', '51381']","[0.5400837659835815, 0.4966977834701538, 0.49106794595718384]","['title_description', 'title_description', 'title_description']"
诣,['51381'],[],title_description,1,0,[],,['51388'],[0.6215549111366272],['title_description']
诣,['51381'],[],title_description,3,1,['51381'],2.0,"['51388', '51381', '51382']","[0.6215549111366272, 0.6049113273620605, 0.5651952624320984]","['title_description', 'title_description', 'title_description']"
賻,['51381'],[],title_description,1,1,['51381'],1.0,['51381'],[0.5501261949539185],['title_description']
賻,['51381'],[],title_description,3,1,['51381'],1.0,"['51381', '51388', '51382']","[0.5501261949539185, 0.546313464641571, 0.5267731547355652]","['title_description', 'title_description', 'title_description']"
足的字,['51381'],[],title_description,1,0,[],,['51382'],[0.5785436630249023],['title_description']
足的字,['51381'],[],title_description,3,1,['51381'],2.0,"['51382', '51381', '51388']","[0.5785436630249023, 0.5730084776878357, 0.5365853309631348]","['title_description', 'title_description', 'title_description']"
跷,['51381'],[],title_description,1,0,[],,['51388'],[0.5486834049224854],['title_description']
跷,['51381'],[],title_description,3,1,['51381'],2.0,"['51388', '51381', '51382']","[0.5486834049224854, 0.5224786996841431, 0.5155785083770752]","['title_description', 'title_description', 'title_description']"
跻。,['51381'],[],title_description,1,0,[],,['51388'],[0.48354119062423706],['title_description']
跻。,['51381'],[],title_description,3,1,['51381'],3.0,"['51388', '52336', '51381']","[0.48354119062423706, 0.4801701009273529, 0.4731466770172119]","['title_description', 'title_description', 'title_description']"
蹲,['51381'],[],title_description,1,0,[],,['47272'],[0.48864486813545227],['title_description']
蹲,['51381'],[],title_description,3,0,[],,"['47272', '51388', '47266']","[0.48864486813545227, 0.4729230999946594, 0.47236600518226624]","['title_description', 'title_description', 'title_description']"
转,['51381'],[],title_description,1,0,[],,['47266'],[0.6122077703475952],['title_description']
转,['51381'],[],title_description,3,1,['51381'],3.0,"['47266', '51388', '51381']","[0.6122077703475952, 0.5651567578315735, 0.5526469945907593]","['title_description', 'title_description', 'title_description']"
较,['51381'],[],title_description,1,0,[],,['60977'],[0.5710161328315735],['title_description']
较,['51381'],[],title_description,3,1,['51381'],2.0,"['60977', '51381', '51388']","[0.5710161328315735, 0.5361607074737549, 0.5336114168167114]","['title_description', 'title_description', 'title_description']"
逎,['51381'],[],title_description,1,1,['51381'],1.0,['51381'],[0.5786141753196716],['title_description']
逎,['51381'],[],title_description,3,1,['51381'],1.0,"['51381', '51388', '51382']","[0.5786141753196716, 0.5647563934326172, 0.5594297051429749]","['title_description', 'title_description', 'title_description']"
逼,['51381'],[],title_description,1,0,[],,['51388'],[0.4998709261417389],['title_description']
逼,['51381'],[],title_description,3,1,['51381'],2.0,"['51388', '51381', '60977']","[0.4998709261417389, 0.48652395606040955, 0.4854685664176941]","['title_description', 'title_description', 'title_description']"
鏚,['51381'],[],title_description,1,0,[],,['51388'],[0.5693641901016235],['title_description']
鏚,['51381'],[],title_description,3,1,['51381'],2.0,"['51388', '51381', '51382']","[0.5693641901016235, 0.5645630359649658, 0.5262075662612915]","['title_description', 'title_description', 'title_description']"
钶,['51381'],[],title_description,1,1,['51381'],1.0,['51381'],[0.5551393032073975],['title_description']
钶,['51381'],[],title_description,3,1,['51381'],1.0,"['51381', '51388', '61111']","[0.5551393032073975, 0.5449908971786499, 0.5278100967407227]","['title_description', 'title_description', 'title_description']"
閡,['51381'],[],title_description,1,0,[],,['51388'],[0.5754947066307068],['title_description']
閡,['51381'],[],title_description,3,1,['51381'],3.0,"['51388', '23', '51381']","[0.5754947066307068, 0.5704593062400818, 0.567363977432251]","['title_description', 'title_description', 'title_description']"
閤,['51381'],[],title_description,1,1,['51381'],1.0,['51381'],[0.5851572751998901],['title_description']
閤,['51381'],[],title_description,3,1,['51381'],1.0,"['51381', '51388', '47272']","[0.5851572751998901, 0.5780044794082642, 0.5431848764419556]","['title_description', 'title_description', 'title_description']"
闁,['51381'],[],title_description,1,1,['51381'],1.0,['51381'],[0.580641508102417],['title_description']
闁,['51381'],[],title_description,3,1,['51381'],1.0,"['51381', '51388', '51323']","[0.580641508102417, 0.5771698355674744, 0.5525174140930176]","['title_description', 'title_description', 'title_description']"
闩是什么字,['51381'],[],title_description,1,0,[],,['51382'],[0.5057142972946167],['title_description']
闩是什么字,['51381'],[],title_description,3,1,['51381'],2.0,"['51382', '51381', '51388']","[0.5057142972946167, 0.5048162937164307, 0.48654621839523315]","['title_description', 'title_description', 'title_description']"
阋,['51381'],[],title_description,1,1,['51381'],1.0,['51381'],[0.6153795123100281],['title_description']
阋,['51381'],[],title_description,3,1,['51381'],1.0,"['51381', '51388', '51382']","[0.6153795123100281, 0.6083029508590698, 0.5656640529632568]","['title_description', 'title_description', 'title_description']"
陪,['51381'],[],title_description,1,1,['51381'],1.0,['51381'],[0.5587277412414551],['title_description']
陪,['51381'],[],title_description,3,1,['51381'],1.0,"['51381', '51388', '51382']","[0.5587277412414551, 0.5561850070953369, 0.5208072662353516]","['title_description', 'title_description', 'title_description']"
随字,['51381'],[],title_description,1,1,['51381'],1.0,['51381'],[0.6461766362190247],['title_description']
随字,['51381'],[],title_description,3,1,['51381'],1.0,"['51381', '51382', '51388']","[0.6461766362190247, 0.6195340156555176, 0.5626453161239624]","['title_description', 'title_description', 'title_description']"
隹”,['51381'],[],title_description,1,1,['51381'],1.0,['51381'],[0.5814732313156128],['title_description']
隹”,['51381'],[],title_description,3,1,['51381'],1.0,"['51381', '51382', '51388']","[0.5814732313156128, 0.5793113708496094, 0.5673367381095886]","['title_description', 'title_description', 'title_description']"
雠,['51381'],[],title_description,1,0,[],,['51388'],[0.5629293918609619],['title_description']
雠,['51381'],[],title_description,3,1,['51381'],2.0,"['51388', '51381', '52336']","[0.5629293918609619, 0.5579326152801514, 0.511832594871521]","['title_description', 'title_description', 'title_description']"
露,['51381'],[],title_description,1,0,[],,['51388'],[0.5252741575241089],['title_description']
露,['51381'],[],title_description,3,1,['51381'],2.0,"['51388', '51381', '47266']","[0.5252741575241089, 0.5199128985404968, 0.5020052790641785]","['title_description', 'title_description', 'title_description']"
风),['51381'],[],title_description,1,1,['51381'],1.0,['51381'],[0.5504569411277771],['title_description']
风),['51381'],[],title_description,3,1,['51381'],1.0,"['51381', '51388', '51323']","[0.5504569411277771, 0.5497332215309143, 0.5354095101356506]","['title_description', 'title_description', 'title_description']"
髀,['51381'],[],title_description,1,0,[],,['51388'],[0.49034374952316284],['title_description']
髀,['51381'],[],title_description,3,1,['51381'],2.0,"['51388', '51381', '47266']","[0.49034374952316284, 0.46269354224205017, 0.4576815664768219]","['title_description', 'title_description', 'title_description']"
鬲,['51381'],[],title_description,1,1,['51381'],1.0,['51381'],[0.5421469211578369],['title_description']
鬲,['51381'],[],title_description,3,1,['51381'],1.0,"['51381', '51388', '51323']","[0.5421469211578369, 0.5353091359138489, 0.5164571404457092]","['title_description', 'title_description', 'title_description']"
鮸,['51381'],[],title_description,1,0,[],,['51388'],[0.5405629277229309],['title_description']
鮸,['51381'],[],title_description,3,1,['51381'],3.0,"['51388', '47272', '51381']","[0.5405629277229309, 0.5297647714614868, 0.5189557075500488]","['title_description', 'title_description', 'title_description']"
鵉,['51381'],[],title_description,1,1,['51381'],1.0,['51381'],[0.5580868721008301],['title_description']
鵉,['51381'],[],title_description,3,1,['51381'],1.0,"['51381', '51388', '23']","[0.5580868721008301, 0.5577141046524048, 0.5042701959609985]","['title_description', 'title_description', 'title_description']"
鹊,['51381'],[],title_description,1,0,[],,['51388'],[0.5236515402793884],['title_description']
鹊,['51381'],[],title_description,3,1,['51381'],2.0,"['51388', '51381', '51377']","[0.5236515402793884, 0.5107952356338501, 0.4737057685852051]","['title_description', 'title_description', 'title_description']"
鹬,['51381'],[],title_description,1,0,[],,['51388'],[0.5108640193939209],['title_description']
鹬,['51381'],[],title_description,3,1,['51381'],2.0,"['51388', '51381', '23']","[0.5108640193939209, 0.5020301342010498, 0.4641774892807007]","['title_description', 'title_description', 'title_description']"
