query,gold_ids,missing_gold_ids,view,k,pass_at_k,hit_ids,first_hit_rank,recall_ids,recall_scores,recall_views
三峡大学学费,['4551'],[],description,1,0,[],,['39537'],[0.5447204113006592],['description']
三峡大学学费,['4551'],[],description,3,1,['4551'],3.0,"['39537', '52364', '4551']","[0.5447204113006592, 0.480324387550354, 0.47842684388160706]","['description', 'description', 'description']"
上海交大在北京的录取分数线,['4551'],[],description,1,0,[],,['52364'],[0.5848339796066284],['description']
上海交大在北京的录取分数线,['4551'],[],description,3,1,['4551'],3.0,"['52364', '39537', '4551']","[0.5848339796066284, 0.5758228302001953, 0.5735549330711365]","['description', 'description', 'description']"
上海交大多少分能录取,['4551'],[],description,1,0,[],,['52364'],[0.4832536578178406],['description']
上海交大多少分能录取,['4551'],[],description,3,1,['4551'],3.0,"['52364', '39537', '4551']","[0.4832536578178406, 0.45898300409317017, 0.4572509825229645]","['description', 'description', 'description']"
上海交通大学,['4551'],[],description,1,0,[],,['39537'],[0.6328946948051453],['description']
上海交通大学,['4551'],[],description,3,1,['4551'],2.0,"['39537', '4551', '52364']","[0.6328946948051453, 0.6126487255096436, 0.5737103223800659]","['description', 'description', 'description']"
上海师范大学算名校吗,['4551'],[],description,1,0,[],,['39537'],[0.5672987699508667],['description']
上海师范大学算名校吗,['4551'],[],description,3,1,['4551'],2.0,"['39537', '4551', '51129']","[0.5672987699508667, 0.5392515063285828, 0.5224018096923828]","['description', 'description', 'description']"
上饶师范学院2025录取分数线是多少,['4551'],[],description,1,0,[],,['39537'],[0.4522966146469116],['description']
上饶师范学院2025录取分数线是多少,['4551'],[],description,3,1,['4551'],3.0,"['39537', '52364', '4551']","[0.4522966146469116, 0.44463884830474854, 0.4353048503398895]","['description', 'description', 'description']"
东莞理工学院2025年录取分数线,['4551'],[],description,1,0,[],,['39537'],[0.48405686020851135],['description']
东莞理工学院2025年录取分数线,['4551'],[],description,3,1,['4551'],3.0,"['39537', '52364', '4551']","[0.48405686020851135, 0.47925031185150146, 0.46303462982177734]","['description', 'description', 'description']"
中医药科大学,['4551'],[],description,1,0,[],,['39537'],[0.5906416773796082],['description']
中医药科大学,['4551'],[],description,3,1,['4551'],2.0,"['39537', '4551', '51129']","[0.5906416773796082, 0.5395358800888062, 0.5012421607971191]","['description', 'description', 'description']"
中国人民公安大学2025年录取分数线,['4551'],[],description,1,1,['4551'],1.0,['4551'],[0.5356285572052002],['description']
中国人民公安大学2025年录取分数线,['4551'],[],description,3,1,['4551'],1.0,"['4551', '52364', '39537']","[0.5356285572052002, 0.5096737146377563, 0.4981285035610199]","['description', 'description', 'description']"
中国政法大学录取分数线,['4551'],[],description,1,0,[],,['52364'],[0.5247402191162109],['description']
中国政法大学录取分数线,['4551'],[],description,3,1,['4551'],3.0,"['52364', '39537', '4551']","[0.5247402191162109, 0.5029773712158203, 0.5015249252319336]","['description', 'description', 'description']"
中国石油大学在重庆的录取分数线,['4551'],[],description,1,0,[],,['39537'],[0.6286836266517639],['description']
中国石油大学在重庆的录取分数线,['4551'],[],description,3,1,['4551'],3.0,"['39537', '52364', '4551']","[0.6286836266517639, 0.5838232040405273, 0.5691558122634888]","['description', 'description', 'description']"
中央人民警察学院分数线,['4551'],[],description,1,0,[],,['39537'],[0.5310524702072144],['description']
中央人民警察学院分数线,['4551'],[],description,3,1,['4551'],3.0,"['39537', '52364', '4551']","[0.5310524702072144, 0.5161392688751221, 0.5085911750793457]","['description', 'description', 'description']"
中财大学,['4551'],[],description,1,0,[],,['39537'],[0.6029584407806396],['description']
中财大学,['4551'],[],description,3,1,['4551'],2.0,"['39537', '4551', '52364']","[0.6029584407806396, 0.5891736745834351, 0.5513631105422974]","['description', 'description', 'description']"
云南昆明学院,['4551'],[],description,1,0,[],,['39537'],[0.6367583274841309],['description']
云南昆明学院,['4551'],[],description,3,1,['4551'],2.0,"['39537', '4551', '51129']","[0.6367583274841309, 0.5400549173355103, 0.5270391702651978]","['description', 'description', 'description']"
内蒙古医科大学录取分数线是多少,['4551'],[],description,1,0,[],,['39537'],[0.48873645067214966],['description']
内蒙古医科大学录取分数线是多少,['4551'],[],description,3,1,['4551'],3.0,"['39537', '52364', '4551']","[0.48873645067214966, 0.4857425093650818, 0.47529828548431396]","['description', 'description', 'description']"
内蒙大学,['4551'],[],description,1,0,[],,['39537'],[0.5987063646316528],['description']
内蒙大学,['4551'],[],description,3,1,['4551'],2.0,"['39537', '4551', '52364']","[0.5987063646316528, 0.5711791515350342, 0.5253264904022217]","['description', 'description', 'description']"
内蒙科技职业学院,['4551'],[],description,1,0,[],,['39537'],[0.6083406805992126],['description']
内蒙科技职业学院,['4551'],[],description,3,1,['4551'],2.0,"['39537', '4551', '51129']","[0.6083406805992126, 0.5036348700523376, 0.4902963638305664]","['description', 'description', 'description']"
北京城市学院,['4551'],[],description,1,0,[],,['39537'],[0.6270561814308167],['description']
北京城市学院,['4551'],[],description,3,1,['4551'],2.0,"['39537', '4551', '52364']","[0.6270561814308167, 0.5839555263519287, 0.537869393825531]","['description', 'description', 'description']"
北大专业有哪些,['4551'],[],description,1,0,[],,['52364'],[0.5886989831924438],['description']
北大专业有哪些,['4551'],[],description,3,1,['4551'],3.0,"['52364', '39537', '4551']","[0.5886989831924438, 0.5789182186126709, 0.5538069605827332]","['description', 'description', 'description']"
华东师范大学在内蒙古录取分数线,['4551'],[],description,1,1,['4551'],1.0,['4551'],[0.5914578437805176],['description']
华东师范大学在内蒙古录取分数线,['4551'],[],description,3,1,['4551'],1.0,"['4551', '39537', '52364']","[0.5914578437805176, 0.5884383916854858, 0.5808035135269165]","['description', 'description', 'description']"
华南农业大学。,['4551'],[],description,1,0,[],,['39537'],[0.5625633001327515],['description']
华南农业大学。,['4551'],[],description,3,1,['4551'],3.0,"['39537', '51129', '4551']","[0.5625633001327515, 0.5145173668861389, 0.4306393265724182]","['description', 'description', 'description']"
南京大学2025年录取分数线,['4551'],[],description,1,1,['4551'],1.0,['4551'],[0.5509406328201294],['description']
南京大学2025年录取分数线,['4551'],[],description,3,1,['4551'],1.0,"['4551', '52364', '39537']","[0.5509406328201294, 0.5326488018035889, 0.516013503074646]","['description', 'description', 'description']"
南京大学录取分数线,['4551'],[],description,1,0,[],,['52364'],[0.5969629287719727],['description']
南京大学录取分数线,['4551'],[],description,3,1,['4551'],3.0,"['52364', '39537', '4551']","[0.5969629287719727, 0.5876310467720032, 0.582768976688385]","['description', 'description', 'description']"
南京科技职业技术学院,['4551'],[],description,1,0,[],,['39537'],[0.6065435409545898],['description']
南京科技职业技术学院,['4551'],[],description,3,1,['4551'],2.0,"['39537', '4551', '51129']","[0.6065435409545898, 0.5138078927993774, 0.4986448287963867]","['description', 'description', 'description']"
南农业大学,['4551'],[],description,1,0,[],,['39537'],[0.608906090259552],['description']
南农业大学,['4551'],[],description,3,1,['4551'],2.0,"['39537', '4551', '52364']","[0.608906090259552, 0.5701208114624023, 0.529229462146759]","['description', 'description', 'description']"
南开大学厉害的专业,['4551'],[],description,1,0,[],,['52364'],[0.5922224521636963],['description']
南开大学厉害的专业,['4551'],[],description,3,1,['4551'],2.0,"['52364', '4551', '39537']","[0.5922224521636963, 0.5288087725639343, 0.5208930969238281]","['description', 'description', 'description']"
南昌工学院录取分数线,['4551'],[],description,1,0,[],,['39537'],[0.5626711249351501],['description']
南昌工学院录取分数线,['4551'],[],description,3,0,[],,"['39537', '52364', '51129']","[0.5626711249351501, 0.537449300289154, 0.5253257751464844]","['description', 'description', 'description']"
合肥工业大学的录取分数线,['4551'],[],description,1,0,[],,['39537'],[0.614350438117981],['description']
合肥工业大学的录取分数线,['4551'],[],description,3,1,['4551'],3.0,"['39537', '52364', '4551']","[0.614350438117981, 0.5848612189292908, 0.5622426271438599]","['description', 'description', 'description']"
吉林大学录取分数线,['4551'],[],description,1,0,[],,['52364'],[0.5640531778335571],['description']
吉林大学录取分数线,['4551'],[],description,3,1,['4551'],3.0,"['52364', '39537', '4551']","[0.5640531778335571, 0.5538803339004517, 0.5353918075561523]","['description', 'description', 'description']"
哈尔滨工业大学录取分数线,['4551'],[],description,1,0,[],,['39537'],[0.5438040494918823],['description']
哈尔滨工业大学录取分数线,['4551'],[],description,3,0,[],,"['39537', '52364', '51129']","[0.5438040494918823, 0.5291293263435364, 0.5151795148849487]","['description', 'description', 'description']"
哈工大2025年录取分数线是多少,['4551'],[],description,1,0,[],,['52364'],[0.46840280294418335],['description']
哈工大2025年录取分数线是多少,['4551'],[],description,3,1,['4551'],2.0,"['52364', '4551', '39537']","[0.46840280294418335, 0.4616919159889221, 0.46037542819976807]","['description', 'description', 'description']"
哈工大在哪个区,['4551'],[],description,1,0,[],,['39537'],[0.5138031244277954],['description']
哈工大在哪个区,['4551'],[],description,3,0,[],,"['39537', '51129', '47242']","[0.5138031244277954, 0.43119415640830994, 0.41067221760749817]","['description', 'description', 'description']"
四川华新现代职业学院招生计划,['4551'],[],description,1,0,[],,['39537'],[0.5592523813247681],['description']
四川华新现代职业学院招生计划,['4551'],[],description,3,0,[],,"['39537', '52364', '51129']","[0.5592523813247681, 0.47203388810157776, 0.46960949897766113]","['description', 'description', 'description']"
四川大学录入分数线,['4551'],[],description,1,0,[],,['52364'],[0.5920071601867676],['description']
四川大学录入分数线,['4551'],[],description,3,1,['4551'],3.0,"['52364', '39537', '4551']","[0.5920071601867676, 0.5673806667327881, 0.5495535135269165]","['description', 'description', 'description']"
四川师范大学录取分数线,['4551'],[],description,1,0,[],,['39537'],[0.5336790680885315],['description']
四川师范大学录取分数线,['4551'],[],description,3,0,[],,"['39537', '52364', '51129']","[0.5336790680885315, 0.5282024145126343, 0.4892960488796234]","['description', 'description', 'description']"
四川职业学院,['4551'],[],description,1,0,[],,['39537'],[0.6021363139152527],['description']
四川职业学院,['4551'],[],description,3,0,[],,"['39537', '51129', '60293']","[0.6021363139152527, 0.48804154992103577, 0.4819316864013672]","['description', 'description', 'description']"
国防科枝大学,['4551'],[],description,1,1,['4551'],1.0,['4551'],[0.6224524974822998],['description']
国防科枝大学,['4551'],[],description,3,1,['4551'],1.0,"['4551', '39537', '52364']","[0.6224524974822998, 0.6001629829406738, 0.5267159938812256]","['description', 'description', 'description']"
复旦大学录取分数线,['4551'],[],description,1,0,[],,['52364'],[0.567848801612854],['description']
复旦大学录取分数线,['4551'],[],description,3,1,['4551'],2.0,"['52364', '4551', '39537']","[0.567848801612854, 0.5440459847450256, 0.5304205417633057]","['description', 'description', 'description']"
大连海事大学录取分数线,['4551'],[],description,1,0,[],,['39537'],[0.5489624738693237],['description']
大连海事大学录取分数线,['4551'],[],description,3,1,['4551'],3.0,"['39537', '52364', '4551']","[0.5489624738693237, 0.5420958399772644, 0.5306383371353149]","['description', 'description', 'description']"
大连理工学院学费多少钱,['4551'],[],description,1,0,[],,['39537'],[0.5283670425415039],['description']
大连理工学院学费多少钱,['4551'],[],description,3,0,[],,"['39537', '51129', '52364']","[0.5283670425415039, 0.45554059743881226, 0.4540937542915344]","['description', 'description', 'description']"
天津职业学院,['4551'],[],description,1,0,[],,['39537'],[0.5954033136367798],['description']
天津职业学院,['4551'],[],description,3,1,['4551'],2.0,"['39537', '4551', '52364']","[0.5954033136367798, 0.5000418424606323, 0.4766847491264343]","['description', 'description', 'description']"
天津职业技术学院2025录取线,['4551'],[],description,1,0,[],,['39537'],[0.4746417999267578],['description']
天津职业技术学院2025录取线,['4551'],[],description,3,1,['4551'],2.0,"['39537', '4551', '52364']","[0.4746417999267578, 0.44501155614852905, 0.44384193420410156]","['description', 'description', 'description']"
天津职业技术师范大学学费,['4551'],[],description,1,0,[],,['39537'],[0.5277765989303589],['description']
天津职业技术师范大学学费,['4551'],[],description,3,1,['4551'],3.0,"['39537', '52364', '4551']","[0.5277765989303589, 0.440854012966156, 0.43168890476226807]","['description', 'description', 'description']"
太原幼儿师范高等专科学校录取分数线,['4551'],[],description,1,0,[],,['39537'],[0.5673061609268188],['description']
太原幼儿师范高等专科学校录取分数线,['4551'],[],description,3,0,[],,"['39537', '51129', '52364']","[0.5673061609268188, 0.4933949112892151, 0.4917832612991333]","['description', 'description', 'description']"
太原理工大学录取分数线是多少,['4551'],[],description,1,0,[],,['52364'],[0.5069111585617065],['description']
太原理工大学录取分数线是多少,['4551'],[],description,3,0,[],,"['52364', '39537', '51129']","[0.5069111585617065, 0.5061957240104675, 0.46905195713043213]","['description', 'description', 'description']"
宁波职业技术学院录取线,['4551'],[],description,1,0,[],,['39537'],[0.5693663954734802],['description']
宁波职业技术学院录取线,['4551'],[],description,3,0,[],,"['39537', '52364', '51129']","[0.5693663954734802, 0.521212100982666, 0.5120123624801636]","['description', 'description', 'description']"
安徽职业技术学院,['4551'],[],description,1,0,[],,['39537'],[0.5756603479385376],['description']
安徽职业技术学院,['4551'],[],description,3,1,['4551'],2.0,"['39537', '4551', '60293']","[0.5756603479385376, 0.4871920347213745, 0.48407894372940063]","['description', 'description', 'description']"
安徽财经大学2025年录取分数线,['4551'],[],description,1,1,['4551'],1.0,['4551'],[0.49937957525253296],['description']
安徽财经大学2025年录取分数线,['4551'],[],description,3,1,['4551'],1.0,"['4551', '52364', '39537']","[0.49937957525253296, 0.49715930223464966, 0.48154154419898987]","['description', 'description', 'description']"
山东医学高等专科学校2025年录取分数线,['4551'],[],description,1,0,[],,['39537'],[0.5016387701034546],['description']
山东医学高等专科学校2025年录取分数线,['4551'],[],description,3,1,['4551'],2.0,"['39537', '4551', '52364']","[0.5016387701034546, 0.4694654047489166, 0.4654569625854492]","['description', 'description', 'description']"
山东医学高等专科学校招生简章,['4551'],[],description,1,0,[],,['39537'],[0.5581006407737732],['description']
山东医学高等专科学校招生简章,['4551'],[],description,3,1,['4551'],3.0,"['39537', '51129', '4551']","[0.5581006407737732, 0.4484283924102783, 0.44072824716567993]","['description', 'description', 'description']"
山东司法警察职业学院2025录取线,['4551'],[],description,1,0,[],,['39537'],[0.4531462490558624],['description']
山东司法警察职业学院2025录取线,['4551'],[],description,3,1,['4551'],3.0,"['39537', '51129', '4551']","[0.4531462490558624, 0.4118708670139313, 0.41133472323417664]","['description', 'description', 'description']"
山东大学录取分数线,['4551'],[],description,1,0,[],,['52364'],[0.5975195169448853],['description']
山东大学录取分数线,['4551'],[],description,3,1,['4551'],2.0,"['52364', '4551', '39537']","[0.5975195169448853, 0.5814523696899414, 0.5813847780227661]","['description', 'description', 'description']"
山东大学王牌专业是什么,['4551'],[],description,1,0,[],,['52364'],[0.543782114982605],['description']
山东大学王牌专业是什么,['4551'],[],description,3,1,['4551'],3.0,"['52364', '39537', '4551']","[0.543782114982605, 0.5281994342803955, 0.521001935005188]","['description', 'description', 'description']"
山东师范大学,['4551'],[],description,1,0,[],,['39537'],[0.6190792322158813],['description']
山东师范大学,['4551'],[],description,3,1,['4551'],2.0,"['39537', '4551', '51129']","[0.6190792322158813, 0.5628329515457153, 0.5201852321624756]","['description', 'description', 'description']"
山东理工大。,['4551'],[],description,1,0,[],,['39537'],[0.6274076700210571],['description']
山东理工大。,['4551'],[],description,3,1,['4551'],3.0,"['39537', '51129', '4551']","[0.6274076700210571, 0.5570496916770935, 0.4697217047214508]","['description', 'description', 'description']"
山东省医学高等专科学校,['4551'],[],description,1,0,[],,['39537'],[0.59901362657547],['description']
山东省医学高等专科学校,['4551'],[],description,3,1,['4551'],3.0,"['39537', '51129', '4551']","[0.59901362657547, 0.49861717224121094, 0.47726714611053467]","['description', 'description', 'description']"
山东省职业学院录取线是多少,['4551'],[],description,1,0,[],,['39537'],[0.5350566506385803],['description']
山东省职业学院录取线是多少,['4551'],[],description,3,0,[],,"['39537', '60293', '52364']","[0.5350566506385803, 0.48275771737098694, 0.47925472259521484]","['description', 'description', 'description']"
山东职业学院,['4551'],[],description,1,0,[],,['39537'],[0.6110736131668091],['description']
山东职业学院,['4551'],[],description,3,1,['4551'],2.0,"['39537', '4551', '51129']","[0.6110736131668091, 0.5071576833724976, 0.5029149651527405]","['description', 'description', 'description']"
山西职业技术学院,['4551'],[],description,1,0,[],,['39537'],[0.5888069868087769],['description']
山西职业技术学院,['4551'],[],description,3,1,['4551'],2.0,"['39537', '4551', '51129']","[0.5888069868087769, 0.4923747479915619, 0.48569202423095703]","['description', 'description', 'description']"
州职业技术学院有哪些专业,['4551'],[],description,1,0,[],,['39537'],[0.5664231777191162],['description']
州职业技术学院有哪些专业,['4551'],[],description,3,0,[],,"['39537', '60293', '52364']","[0.5664231777191162, 0.5213866233825684, 0.4966639280319214]","['description', 'description', 'description']"
广州华南学院,['4551'],[],description,1,0,[],,['39537'],[0.6215628385543823],['description']
广州华南学院,['4551'],[],description,3,1,['4551'],3.0,"['39537', '51129', '4551']","[0.6215628385543823, 0.5128644704818726, 0.5075438022613525]","['description', 'description', 'description']"
广西中医药大学专业有哪些,['4551'],[],description,1,0,[],,['39537'],[0.564150333404541],['description']
广西中医药大学专业有哪些,['4551'],[],description,3,0,[],,"['39537', '52364', '51129']","[0.564150333404541, 0.5160573124885559, 0.49421679973602295]","['description', 'description', 'description']"
广西职业技术学院,['4551'],[],description,1,0,[],,['39537'],[0.5950291156768799],['description']
广西职业技术学院,['4551'],[],description,3,1,['4551'],2.0,"['39537', '4551', '52364']","[0.5950291156768799, 0.5081670880317688, 0.4915519654750824]","['description', 'description', 'description']"
成都理工,['4551'],[],description,1,0,[],,['39537'],[0.6206929087638855],['description']
成都理工,['4551'],[],description,3,1,['4551'],2.0,"['39537', '4551', '52364']","[0.6206929087638855, 0.5576579570770264, 0.5435059070587158]","['description', 'description', 'description']"
成都理工大学2025年录取分数线,['4551'],[],description,1,0,[],,['52364'],[0.49246054887771606],['description']
成都理工大学2025年录取分数线,['4551'],[],description,3,1,['4551'],2.0,"['52364', '4551', '39537']","[0.49246054887771606, 0.48539674282073975, 0.47351711988449097]","['description', 'description', 'description']"
新疆理工学院,['4551'],[],description,1,0,[],,['39537'],[0.5982871651649475],['description']
新疆理工学院,['4551'],[],description,3,1,['4551'],2.0,"['39537', '4551', '51129']","[0.5982871651649475, 0.5209885835647583, 0.5044236183166504]","['description', 'description', 'description']"
无锡商业职业技术学院录取线,['4551'],[],description,1,0,[],,['39537'],[0.5584731101989746],['description']
无锡商业职业技术学院录取线,['4551'],[],description,3,0,[],,"['39537', '51129', '52364']","[0.5584731101989746, 0.5037902593612671, 0.5000518560409546]","['description', 'description', 'description']"
昆明理工大学学费多少钱一年,['4551'],[],description,1,0,[],,['39537'],[0.488095760345459],['description']
昆明理工大学学费多少钱一年,['4551'],[],description,3,0,[],,"['39537', '51129', '52364']","[0.488095760345459, 0.45357123017311096, 0.4288432002067566]","['description', 'description', 'description']"
桂林信息科技学院王牌专业,['4551'],[],description,1,0,[],,['39537'],[0.6051924228668213],['description']
桂林信息科技学院王牌专业,['4551'],[],description,3,0,[],,"['39537', '52364', '51129']","[0.6051924228668213, 0.5426774024963379, 0.5391968488693237]","['description', 'description', 'description']"
桂林学院,['4551'],[],description,1,0,[],,['39537'],[0.5788601636886597],['description']
桂林学院,['4551'],[],description,3,1,['4551'],2.0,"['39537', '4551', '52364']","[0.5788601636886597, 0.5065004229545593, 0.4891888499259949]","['description', 'description', 'description']"
武汉外语外事职业学院招生章程,['4551'],[],description,1,0,[],,['39537'],[0.4989510178565979],['description']
武汉外语外事职业学院招生章程,['4551'],[],description,3,0,[],,"['39537', '5917', '60293']","[0.4989510178565979, 0.44244107604026794, 0.43101051449775696]","['description', 'description', 'description']"
武汉大学多少分,['4551'],[],description,1,0,[],,['52364'],[0.5327125191688538],['description']
武汉大学多少分,['4551'],[],description,3,1,['4551'],3.0,"['52364', '39537', '4551']","[0.5327125191688538, 0.5172989368438721, 0.5027703046798706]","['description', 'description', 'description']"
武汉文理学院是正规大学吗,['4551'],[],description,1,0,[],,['39537'],[0.5523197054862976],['description']
武汉文理学院是正规大学吗,['4551'],[],description,3,1,['4551'],2.0,"['39537', '4551', '51129']","[0.5523197054862976, 0.49249207973480225, 0.4830756187438965]","['description', 'description', 'description']"
武汉理工学院2025年录取分数线是多少,['4551'],[],description,1,0,[],,['52364'],[0.4935198128223419],['description']
武汉理工学院2025年录取分数线是多少,['4551'],[],description,3,1,['4551'],3.0,"['52364', '39537', '4551']","[0.4935198128223419, 0.4847453534603119, 0.48294174671173096]","['description', 'description', 'description']"
武汉纺织大学专业有哪些,['4551'],[],description,1,0,[],,['39537'],[0.5587384104728699],['description']
武汉纺织大学专业有哪些,['4551'],[],description,3,0,[],,"['39537', '52364', '51129']","[0.5587384104728699, 0.5219234228134155, 0.49389559030532837]","['description', 'description', 'description']"
汉职业技术学院,['4551'],[],description,1,0,[],,['39537'],[0.648419976234436],['description']
汉职业技术学院,['4551'],[],description,3,1,['4551'],2.0,"['39537', '4551', '51129']","[0.648419976234436, 0.5275062322616577, 0.5150566101074219]","['description', 'description', 'description']"
江南大学山西录取分数线,['4551'],[],description,1,0,[],,['52364'],[0.5491018891334534],['description']
江南大学山西录取分数线,['4551'],[],description,3,1,['4551'],3.0,"['52364', '39537', '4551']","[0.5491018891334534, 0.5352363586425781, 0.53413987159729]","['description', 'description', 'description']"
江苏大学的录取分数线,['4551'],[],description,1,0,[],,['39537'],[0.6171819567680359],['description']
江苏大学的录取分数线,['4551'],[],description,3,1,['4551'],3.0,"['39537', '52364', '4551']","[0.6171819567680359, 0.6032902002334595, 0.6011903285980225]","['description', 'description', 'description']"
江苏省警官学院录取分数线是多少,['4551'],[],description,1,0,[],,['39537'],[0.45618993043899536],['description']
江苏省警官学院录取分数线是多少,['4551'],[],description,3,0,[],,"['39537', '52364', '51129']","[0.45618993043899536, 0.4426608681678772, 0.43929487466812134]","['description', 'description', 'description']"
江西师范科技学院,['4551'],[],description,1,0,[],,['39537'],[0.6313431262969971],['description']
江西师范科技学院,['4551'],[],description,3,1,['4551'],2.0,"['39537', '4551', '51129']","[0.6313431262969971, 0.5383861064910889, 0.5204481482505798]","['description', 'description', 'description']"
江西应用技术职业学院招生简章,['4551'],[],description,1,0,[],,['39537'],[0.584550678730011],['description']
江西应用技术职业学院招生简章,['4551'],[],description,3,1,['4551'],3.0,"['39537', '60293', '4551']","[0.584550678730011, 0.5043196678161621, 0.4701184332370758]","['description', 'description', 'description']"
沈阳工学院,['4551'],[],description,1,0,[],,['39537'],[0.6098467111587524],['description']
沈阳工学院,['4551'],[],description,3,1,['4551'],2.0,"['39537', '4551', '51129']","[0.6098467111587524, 0.5172910094261169, 0.515171229839325]","['description', 'description', 'description']"
河北电力大学,['4551'],[],description,1,0,[],,['39537'],[0.6242292523384094],['description']
河北电力大学,['4551'],[],description,3,1,['4551'],2.0,"['39537', '4551', '52364']","[0.6242292523384094, 0.5588556528091431, 0.5487115979194641]","['description', 'description', 'description']"
河北科技大学2025年录取分数线是多少,['4551'],[],description,1,0,[],,['52364'],[0.484934002161026],['description']
河北科技大学2025年录取分数线是多少,['4551'],[],description,3,1,['4551'],3.0,"['52364', '39537', '4551']","[0.484934002161026, 0.48098671436309814, 0.4797827899456024]","['description', 'description', 'description']"
河北经贸大学录取分数线,['4551'],[],description,1,0,[],,['52364'],[0.5248092412948608],['description']
河北经贸大学录取分数线,['4551'],[],description,3,1,['4551'],3.0,"['52364', '39537', '4551']","[0.5248092412948608, 0.5154252052307129, 0.5033570528030396]","['description', 'description', 'description']"
河南工业大学的录取分数线,['4551'],[],description,1,0,[],,['39537'],[0.611626386642456],['description']
河南工业大学的录取分数线,['4551'],[],description,3,1,['4551'],3.0,"['39537', '52364', '4551']","[0.611626386642456, 0.574205756187439, 0.5544987320899963]","['description', 'description', 'description']"
河南财经政法大学专业,['4551'],[],description,1,0,[],,['39537'],[0.6027275323867798],['description']
河南财经政法大学专业,['4551'],[],description,3,0,[],,"['39537', '51129', '52364']","[0.6027275323867798, 0.5396603941917419, 0.5252393484115601]","['description', 'description', 'description']"
浙大2025录取分数线是多少,['4551'],[],description,1,0,[],,['52364'],[0.48982539772987366],['description']
浙大2025录取分数线是多少,['4551'],[],description,3,1,['4551'],2.0,"['52364', '4551', '39537']","[0.48982539772987366, 0.48200714588165283, 0.4630093276500702]","['description', 'description', 'description']"
浙大在浙江的录取分数线,['4551'],[],description,1,0,[],,['39537'],[0.5843511819839478],['description']
浙大在浙江的录取分数线,['4551'],[],description,3,1,['4551'],3.0,"['39537', '52364', '4551']","[0.5843511819839478, 0.5720908641815186, 0.5679120421409607]","['description', 'description', 'description']"
浙江东方学院,['4551'],[],description,1,0,[],,['39537'],[0.61151123046875],['description']
浙江东方学院,['4551'],[],description,3,1,['4551'],2.0,"['39537', '4551', '51129']","[0.61151123046875, 0.5156840682029724, 0.5064366459846497]","['description', 'description', 'description']"
浙江大学学费一年多少,['4551'],[],description,1,0,[],,['39537'],[0.5165031552314758],['description']
浙江大学学费一年多少,['4551'],[],description,3,0,[],,"['39537', '52364', '51129']","[0.5165031552314758, 0.46708405017852783, 0.45343834161758423]","['description', 'description', 'description']"
浙江科技大学有哪些专业,['4551'],[],description,1,0,[],,['39537'],[0.579268217086792],['description']
浙江科技大学有哪些专业,['4551'],[],description,3,1,['4551'],3.0,"['39537', '52364', '4551']","[0.579268217086792, 0.5386409759521484, 0.5060842037200928]","['description', 'description', 'description']"
海南师范大学录取分数线,['4551'],[],description,1,0,[],,['39537'],[0.5537110567092896],['description']
海南师范大学录取分数线,['4551'],[],description,3,1,['4551'],3.0,"['39537', '52364', '4551']","[0.5537110567092896, 0.5273999571800232, 0.508391261100769]","['description', 'description', 'description']"
海南科技职业学院,['4551'],[],description,1,0,[],,['39537'],[0.6115926504135132],['description']
海南科技职业学院,['4551'],[],description,3,1,['4551'],2.0,"['39537', '4551', '5917']","[0.6115926504135132, 0.4920442998409271, 0.4796121120452881]","['description', 'description', 'description']"
淄博职业技术大学,['4551'],[],description,1,0,[],,['39537'],[0.610242486000061],['description']
淄博职业技术大学,['4551'],[],description,3,0,[],,"['39537', '51129', '52364']","[0.610242486000061, 0.5049141645431519, 0.488539457321167]","['description', 'description', 'description']"
深信息今年录取分数多少,['4551'],[],description,1,0,[],,['39537'],[0.547705888748169],['description']
深信息今年录取分数多少,['4551'],[],description,3,0,[],,"['39537', '52364', '51129']","[0.547705888748169, 0.5419269800186157, 0.5046434998512268]","['description', 'description', 'description']"
深圳大学的录取分数线,['4551'],[],description,1,0,[],,['39537'],[0.6021496057510376],['description']
深圳大学的录取分数线,['4551'],[],description,3,1,['4551'],3.0,"['39537', '52364', '4551']","[0.6021496057510376, 0.5935638546943665, 0.5857943296432495]","['description', 'description', 'description']"
深圳技术大学有哪些专业,['4551'],[],description,1,0,[],,['39537'],[0.5486764311790466],['description']
深圳技术大学有哪些专业,['4551'],[],description,3,0,[],,"['39537', '52364', '39529']","[0.5486764311790466, 0.5115057229995728, 0.5003210306167603]","['description', 'description', 'description']"
清华录取分数线,['4551'],[],description,1,0,[],,['52364'],[0.5907624959945679],['description']
清华录取分数线,['4551'],[],description,3,1,['4551'],2.0,"['52364', '4551', '39537']","[0.5907624959945679, 0.5863556861877441, 0.5742543935775757]","['description', 'description', 'description']"
温州医科大学分数线,['4551'],[],description,1,0,[],,['39537'],[0.4782966673374176],['description']
温州医科大学分数线,['4551'],[],description,3,0,[],,"['39537', '52364', '51129']","[0.4782966673374176, 0.47011858224868774, 0.4699760675430298]","['description', 'description', 'description']"
温州肯恩大学2025年录取分数线,['4551'],[],description,1,0,[],,['52364'],[0.4661518633365631],['description']
温州肯恩大学2025年录取分数线,['4551'],[],description,3,1,['4551'],2.0,"['52364', '4551', '39537']","[0.4661518633365631, 0.4618222117424011, 0.4383609890937805]","['description', 'description', 'description']"
湖北武汉大学录取分数线,['4551'],[],description,1,0,[],,['52364'],[0.5540443658828735],['description']
湖北武汉大学录取分数线,['4551'],[],description,3,1,['4551'],3.0,"['52364', '39537', '4551']","[0.5540443658828735, 0.5366135239601135, 0.526059627532959]","['description', 'description', 'description']"
湖北武汉学院,['4551'],[],description,1,0,[],,['39537'],[0.6296794414520264],['description']
湖北武汉学院,['4551'],[],description,3,1,['4551'],2.0,"['39537', '4551', '52364']","[0.6296794414520264, 0.5451620221138, 0.5272293090820312]","['description', 'description', 'description']"
湖南幼儿师范高等专科学校,['4551'],[],description,1,0,[],,['39537'],[0.5978049039840698],['description']
湖南幼儿师范高等专科学校,['4551'],[],description,3,1,['4551'],3.0,"['39537', '51129', '4551']","[0.5978049039840698, 0.4857073426246643, 0.4775242805480957]","['description', 'description', 'description']"
湖南民族职业学院招生简章,['4551'],[],description,1,0,[],,['39537'],[0.5531514883041382],['description']
湖南民族职业学院招生简章,['4551'],[],description,3,0,[],,"['39537', '60293', '51129']","[0.5531514883041382, 0.4477660655975342, 0.440998911857605]","['description', 'description', 'description']"
湖南科技大学录取分数线,['4551'],[],description,1,0,[],,['39537'],[0.5802904367446899],['description']
湖南科技大学录取分数线,['4551'],[],description,3,1,['4551'],3.0,"['39537', '52364', '4551']","[0.5802904367446899, 0.5671050548553467, 0.5428823828697205]","['description', 'description', 'description']"
湖南职业学院,['4551'],[],description,1,0,[],,['39537'],[0.6222294569015503],['description']
湖南职业学院,['4551'],[],description,3,1,['4551'],2.0,"['39537', '4551', '60293']","[0.6222294569015503, 0.5173956155776978, 0.5097460150718689]","['description', 'description', 'description']"
火箭军工程大学,['4551'],[],description,1,0,[],,['39537'],[0.5573979616165161],['description']
火箭军工程大学,['4551'],[],description,3,1,['4551'],2.0,"['39537', '4551', '51129']","[0.5573979616165161, 0.5406003594398499, 0.5014984607696533]","['description', 'description', 'description']"
福建医科大学录取分数线,['4551'],[],description,1,0,[],,['39537'],[0.5152090787887573],['description']
福建医科大学录取分数线,['4551'],[],description,3,1,['4551'],3.0,"['39537', '52364', '4551']","[0.5152090787887573, 0.5140582919120789, 0.509371280670166]","['description', 'description', 'description']"
空军航空大学录取分数线,['4551'],[],description,1,1,['4551'],1.0,['4551'],[0.5416536331176758],['description']
空军航空大学录取分数线,['4551'],[],description,3,1,['4551'],1.0,"['4551', '39537', '52364']","[0.5416536331176758, 0.511813759803772, 0.5043835639953613]","['description', 'description', 'description']"
聊城大学东昌学院分数线,['4551'],[],description,1,0,[],,['39537'],[0.557284951210022],['description']
聊城大学东昌学院分数线,['4551'],[],description,3,0,[],,"['39537', '52364', '51129']","[0.557284951210022, 0.5132738351821899, 0.49095505475997925]","['description', 'description', 'description']"
衢职院一年学费多少,['4551'],[],description,1,0,[],,['39537'],[0.5171389579772949],['description']
衢职院一年学费多少,['4551'],[],description,3,0,[],,"['39537', '60293', '51129']","[0.5171389579772949, 0.46596747636795044, 0.45512402057647705]","['description', 'description', 'description']"
西交利物浦大学录取分数线,['4551'],[],description,1,0,[],,['52364'],[0.536444902420044],['description']
西交利物浦大学录取分数线,['4551'],[],description,3,1,['4551'],3.0,"['52364', '39537', '4551']","[0.536444902420044, 0.5186328887939453, 0.516450047492981]","['description', 'description', 'description']"
西北农林林科技大学,['4551'],[],description,1,0,[],,['39537'],[0.5952672958374023],['description']
西北农林林科技大学,['4551'],[],description,3,1,['4551'],2.0,"['39537', '4551', '51129']","[0.5952672958374023, 0.5395249128341675, 0.5123988389968872]","['description', 'description', 'description']"
西北工业大学,['4551'],[],description,1,0,[],,['39537'],[0.6100212335586548],['description']
西北工业大学,['4551'],[],description,3,1,['4551'],2.0,"['39537', '4551', '51129']","[0.6100212335586548, 0.557222843170166, 0.5428086519241333]","['description', 'description', 'description']"
西华大学今年的录取分数线是多少,['4551'],[],description,1,0,[],,['52364'],[0.5132396221160889],['description']
西华大学今年的录取分数线是多少,['4551'],[],description,3,0,[],,"['52364', '39537', '51129']","[0.5132396221160889, 0.5072859525680542, 0.4842984080314636]","['description', 'description', 'description']"
西南大学2025年录取分数线,['4551'],[],description,1,0,[],,['52364'],[0.4909409284591675],['description']
西南大学2025年录取分数线,['4551'],[],description,3,1,['4551'],2.0,"['52364', '4551', '39537']","[0.4909409284591675, 0.48706528544425964, 0.4858434200286865]","['description', 'description', 'description']"
西安医科大学,['4551'],[],description,1,0,[],,['39537'],[0.5631087422370911],['description']
西安医科大学,['4551'],[],description,3,1,['4551'],2.0,"['39537', '4551', '51129']","[0.5631087422370911, 0.5054688453674316, 0.48847493529319763]","['description', 'description', 'description']"
西安外国语大学录取分数线,['4551'],[],description,1,0,[],,['39537'],[0.527942955493927],['description']
西安外国语大学录取分数线,['4551'],[],description,3,0,[],,"['39537', '52364', '51129']","[0.527942955493927, 0.5277011394500732, 0.4973454475402832]","['description', 'description', 'description']"
西安理工大学招生简章,['4551'],[],description,1,0,[],,['39537'],[0.5932122468948364],['description']
西安理工大学招生简章,['4551'],[],description,3,0,[],,"['39537', '52364', '51129']","[0.5932122468948364, 0.5055945515632629, 0.49860817193984985]","['description', 'description', 'description']"
西安理工王牌专业有哪些,['4551'],[],description,1,0,[],,['52364'],[0.5319682359695435],['description']
西安理工王牌专业有哪些,['4551'],[],description,3,0,[],,"['52364', '39537', '51129']","[0.5319682359695435, 0.5312765836715698, 0.5234408378601074]","['description', 'description', 'description']"
西安西京学院,['4551'],[],description,1,0,[],,['39537'],[0.6573343873023987],['description']
西安西京学院,['4551'],[],description,3,1,['4551'],3.0,"['39537', '51129', '4551']","[0.6573343873023987, 0.5529971122741699, 0.5430864095687866]","['description', 'description', 'description']"
辽宁铁道学院,['4551'],[],description,1,0,[],,['39537'],[0.597679853439331],['description']
辽宁铁道学院,['4551'],[],description,3,1,['4551'],2.0,"['39537', '4551', '51129']","[0.597679853439331, 0.5048395991325378, 0.49892982840538025]","['description', 'description', 'description']"
钦州幼儿师范高等专科学校学费,['4551'],[],description,1,0,[],,['39537'],[0.48902904987335205],['description']
钦州幼儿师范高等专科学校学费,['4551'],[],description,3,0,[],,"['39537', '51129', '5273']","[0.48902904987335205, 0.3957643508911133, 0.3922306001186371]","['description', 'description', 'description']"
长安大学2025年录取分数线是多少,['4551'],[],description,1,0,[],,['52364'],[0.5015150308609009],['description']
长安大学2025年录取分数线是多少,['4551'],[],description,3,1,['4551'],3.0,"['52364', '39537', '4551']","[0.5015150308609009, 0.4917016327381134, 0.4835638701915741]","['description', 'description', 'description']"
长春大学,['4551'],[],description,1,0,[],,['39537'],[0.6118289828300476],['description']
长春大学,['4551'],[],description,3,1,['4551'],2.0,"['39537', '4551', '51129']","[0.6118289828300476, 0.5307133197784424, 0.5147413015365601]","['description', 'description', 'description']"
长沙师范学院招生简章,['4551'],[],description,1,0,[],,['39537'],[0.5632612705230713],['description']
长沙师范学院招生简章,['4551'],[],description,3,0,[],,"['39537', '51129', '52364']","[0.5632612705230713, 0.4541053771972656, 0.44582897424697876]","['description', 'description', 'description']"
阳光学院王牌专业是什么,['4551'],[],description,1,0,[],,['39537'],[0.5760102272033691],['description']
阳光学院王牌专业是什么,['4551'],[],description,3,0,[],,"['39537', '52364', '51129']","[0.5760102272033691, 0.5643388032913208, 0.5359053611755371]","['description', 'description', 'description']"
陆军工程大学2025年录取分数线,['4551'],[],description,1,1,['4551'],1.0,['4551'],[0.5587633848190308],['description']
陆军工程大学2025年录取分数线,['4551'],[],description,3,1,['4551'],1.0,"['4551', '52364', '39537']","[0.5587633848190308, 0.4912134110927582, 0.4834762215614319]","['description', 'description', 'description']"
陆军工程大学的录取分数线,['4551'],[],description,1,1,['4551'],1.0,['4551'],[0.6149508953094482],['description']
陆军工程大学的录取分数线,['4551'],[],description,3,1,['4551'],1.0,"['4551', '39537', '52364']","[0.6149508953094482, 0.589901864528656, 0.5609235763549805]","['description', 'description', 'description']"
陕师大,['4551'],[],description,1,0,[],,['39537'],[0.5942317247390747],['description']
陕师大,['4551'],[],description,3,1,['4551'],2.0,"['39537', '4551', '52364']","[0.5942317247390747, 0.546665608882904, 0.5340183973312378]","['description', 'description', 'description']"
陕西省职业技术学院,['4551'],[],description,1,0,[],,['39537'],[0.6093193292617798],['description']
陕西省职业技术学院,['4551'],[],description,3,1,['4551'],3.0,"['39537', '60293', '4551']","[0.6093193292617798, 0.49903231859207153, 0.4954543709754944]","['description', 'description', 'description']"
齐齐哈尔医学院,['4551'],[],description,1,0,[],,['39537'],[0.5637521743774414],['description']
齐齐哈尔医学院,['4551'],[],description,3,1,['4551'],3.0,"['39537', '51129', '4551']","[0.5637521743774414, 0.5082247257232666, 0.48748117685317993]","['description', 'description', 'description']"
三峡大学学费,['4551'],[],merged,1,0,[],,['39537'],[0.5447204113006592],['description']
三峡大学学费,['4551'],[],merged,3,1,['4551'],3.0,"['39537', '52364', '4551']","[0.5447204113006592, 0.4853794574737549, 0.47842684388160706]","['description', 'title_description', 'description']"
上海交大在北京的录取分数线,['4551'],[],merged,1,0,[],,['52364'],[0.5848339796066284],['description']
上海交大在北京的录取分数线,['4551'],[],merged,3,1,['4551'],3.0,"['52364', '39537', '4551']","[0.5848339796066284, 0.5758228302001953, 0.5735549330711365]","['description', 'description', 'description']"
上海交大多少分能录取,['4551'],[],merged,1,0,[],,['52364'],[0.4832536578178406],['description']
上海交大多少分能录取,['4551'],[],merged,3,1,['4551'],3.0,"['52364', '39537', '4551']","[0.4832536578178406, 0.4671653211116791, 0.4572509825229645]","['description', 'title_description', 'description']"
上海交通大学,['4551'],[],merged,1,0,[],,['39537'],[0.6328946948051453],['description']
上海交通大学,['4551'],[],merged,3,1,['4551'],2.0,"['39537', '4551', '52364']","[0.6328946948051453, 0.6126487255096436, 0.5737103223800659]","['description', 'description', 'description']"
上海师范大学算名校吗,['4551'],[],merged,1,0,[],,['39537'],[0.5672987699508667],['description']
上海师范大学算名校吗,['4551'],[],merged,3,1,['4551'],2.0,"['39537', '4551', '51129']","[0.5672987699508667, 0.5392515063285828, 0.5224018096923828]","['description', 'description', 'description']"
上饶师范学院2025录取分数线是多少,['4551'],[],merged,1,0,[],,['52364'],[0.46801528334617615],['title_description']
上饶师范学院2025录取分数线是多少,['4551'],[],merged,3,0,[],,"['52364', '39537', '51129']","[0.46801528334617615, 0.4522966146469116, 0.4357222318649292]","['title_description', 'description', 'title_description']"
东莞理工学院2025年录取分数线,['4551'],[],merged,1,0,[],,['52364'],[0.4963870048522949],['title_description']
东莞理工学院2025年录取分数线,['4551'],[],merged,3,1,['4551'],3.0,"['52364', '39537', '4551']","[0.4963870048522949, 0.48405686020851135, 0.46303462982177734]","['title_description', 'description', 'description']"
中医药科大学,['4551'],[],merged,1,0,[],,['39537'],[0.5906416773796082],['description']
中医药科大学,['4551'],[],merged,3,1,['4551'],2.0,"['39537', '4551', '51129']","[0.5906416773796082, 0.5395358800888062, 0.5012421607971191]","['description', 'description', 'description']"
中国人民公安大学2025年录取分数线,['4551'],[],merged,1,1,['4551'],1.0,['4551'],[0.5356285572052002],['description']
中国人民公安大学2025年录取分数线,['4551'],[],merged,3,1,['4551'],1.0,"['4551', '52364', '39537']","[0.5356285572052002, 0.5261036157608032, 0.4981285035610199]","['description', 'title_description', 'description']"
中国政法大学录取分数线,['4551'],[],merged,1,0,[],,['52364'],[0.5294240713119507],['title_description']
中国政法大学录取分数线,['4551'],[],merged,3,1,['4551'],3.0,"['52364', '39537', '4551']","[0.5294240713119507, 0.5029773712158203, 0.5015249252319336]","['title_description', 'description', 'description']"
中国石油大学在重庆的录取分数线,['4551'],[],merged,1,0,[],,['39537'],[0.6286836266517639],['description']
中国石油大学在重庆的录取分数线,['4551'],[],merged,3,1,['4551'],3.0,"['39537', '52364', '4551']","[0.6286836266517639, 0.5862892270088196, 0.5691558122634888]","['description', 'title_description', 'description']"
中央人民警察学院分数线,['4551'],[],merged,1,0,[],,['52364'],[0.5374619960784912],['title_description']
中央人民警察学院分数线,['4551'],[],merged,3,1,['4551'],3.0,"['52364', '39537', '4551']","[0.5374619960784912, 0.5310524702072144, 0.5085911750793457]","['title_description', 'description', 'description']"
中财大学,['4551'],[],merged,1,0,[],,['39537'],[0.6029584407806396],['description']
中财大学,['4551'],[],merged,3,1,['4551'],2.0,"['39537', '4551', '52364']","[0.6029584407806396, 0.5891736745834351, 0.5513631105422974]","['description', 'description', 'description']"
云南昆明学院,['4551'],[],merged,1,0,[],,['39537'],[0.6367583274841309],['description']
云南昆明学院,['4551'],[],merged,3,1,['4551'],2.0,"['39537', '4551', '51129']","[0.6367583274841309, 0.5400549173355103, 0.5270391702651978]","['description', 'description', 'description']"
内蒙古医科大学录取分数线是多少,['4551'],[],merged,1,0,[],,['52364'],[0.5032637119293213],['title_description']
内蒙古医科大学录取分数线是多少,['4551'],[],merged,3,1,['4551'],3.0,"['52364', '39537', '4551']","[0.5032637119293213, 0.48873645067214966, 0.47529828548431396]","['title_description', 'description', 'description']"
内蒙大学,['4551'],[],merged,1,0,[],,['39537'],[0.5987063646316528],['description']
内蒙大学,['4551'],[],merged,3,1,['4551'],2.0,"['39537', '4551', '52364']","[0.5987063646316528, 0.5711791515350342, 0.5253264904022217]","['description', 'description', 'description']"
内蒙科技职业学院,['4551'],[],merged,1,0,[],,['39537'],[0.6083406805992126],['description']
内蒙科技职业学院,['4551'],[],merged,3,1,['4551'],2.0,"['39537', '4551', '51129']","[0.6083406805992126, 0.5036348700523376, 0.4902963638305664]","['description', 'description', 'description']"
北京城市学院,['4551'],[],merged,1,0,[],,['39537'],[0.6270561814308167],['description']
北京城市学院,['4551'],[],merged,3,1,['4551'],2.0,"['39537', '4551', '52364']","[0.6270561814308167, 0.5839555263519287, 0.537869393825531]","['description', 'description', 'description']"
北大专业有哪些,['4551'],[],merged,1,0,[],,['52364'],[0.5886989831924438],['description']
北大专业有哪些,['4551'],[],merged,3,1,['4551'],3.0,"['52364', '39537', '4551']","[0.5886989831924438, 0.5789182186126709, 0.5538069605827332]","['description', 'description', 'description']"
华东师范大学在内蒙古录取分数线,['4551'],[],merged,1,1,['4551'],1.0,['4551'],[0.5914578437805176],['description']
华东师范大学在内蒙古录取分数线,['4551'],[],merged,3,1,['4551'],1.0,"['4551', '39537', '52364']","[0.5914578437805176, 0.5884383916854858, 0.5808035135269165]","['description', 'description', 'description']"
华南农业大学。,['4551'],[],merged,1,0,[],,['39537'],[0.5625633001327515],['description']
华南农业大学。,['4551'],[],merged,3,0,[],,"['39537', '51129', '52364']","[0.5625633001327515, 0.5145173668861389, 0.4605957865715027]","['description', 'description', 'title_description']"
南京大学2025年录取分数线,['4551'],[],merged,1,1,['4551'],1.0,['4551'],[0.5509406328201294],['description']
南京大学2025年录取分数线,['4551'],[],merged,3,1,['4551'],1.0,"['4551', '52364', '39537']","[0.5509406328201294, 0.5381412506103516, 0.516013503074646]","['description', 'title_description', 'description']"
南京大学录取分数线,['4551'],[],merged,1,0,[],,['52364'],[0.5969629287719727],['description']
南京大学录取分数线,['4551'],[],merged,3,1,['4551'],3.0,"['52364', '39537', '4551']","[0.5969629287719727, 0.5876310467720032, 0.582768976688385]","['description', 'description', 'description']"
南京科技职业技术学院,['4551'],[],merged,1,0,[],,['39537'],[0.6065435409545898],['description']
南京科技职业技术学院,['4551'],[],merged,3,1,['4551'],2.0,"['39537', '4551', '51129']","[0.6065435409545898, 0.5138078927993774, 0.4986448287963867]","['description', 'description', 'description']"
南农业大学,['4551'],[],merged,1,0,[],,['39537'],[0.608906090259552],['description']
南农业大学,['4551'],[],merged,3,1,['4551'],2.0,"['39537', '4551', '52364']","[0.608906090259552, 0.5701208114624023, 0.529229462146759]","['description', 'description', 'description']"
南开大学厉害的专业,['4551'],[],merged,1,0,[],,['52364'],[0.5998175740242004],['title_description']
南开大学厉害的专业,['4551'],[],merged,3,1,['4551'],2.0,"['52364', '4551', '51129']","[0.5998175740242004, 0.5288087725639343, 0.527484655380249]","['title_description', 'description', 'title_description']"
南昌工学院录取分数线,['4551'],[],merged,1,0,[],,['39537'],[0.5626711249351501],['description']
南昌工学院录取分数线,['4551'],[],merged,3,0,[],,"['39537', '52364', '51129']","[0.5626711249351501, 0.5583505034446716, 0.5253257751464844]","['description', 'title_description', 'description']"
合肥工业大学的录取分数线,['4551'],[],merged,1,0,[],,['39537'],[0.614350438117981],['description']
合肥工业大学的录取分数线,['4551'],[],merged,3,1,['4551'],3.0,"['39537', '52364', '4551']","[0.614350438117981, 0.5848612189292908, 0.5622426271438599]","['description', 'description', 'description']"
吉林大学录取分数线,['4551'],[],merged,1,0,[],,['52364'],[0.5703818202018738],['title_description']
吉林大学录取分数线,['4551'],[],merged,3,1,['4551'],3.0,"['52364', '39537', '4551']","[0.5703818202018738, 0.5538803339004517, 0.5353918075561523]","['title_description', 'description', 'description']"
哈尔滨工业大学录取分数线,['4551'],[],merged,1,0,[],,['52364'],[0.5469679832458496],['title_description']
哈尔滨工业大学录取分数线,['4551'],[],merged,3,0,[],,"['52364', '39537', '51129']","[0.5469679832458496, 0.5438040494918823, 0.5151795148849487]","['title_description', 'description', 'description']"
哈工大2025年录取分数线是多少,['4551'],[],merged,1,0,[],,['52364'],[0.4907153248786926],['title_description']
哈工大2025年录取分数线是多少,['4551'],[],merged,3,1,['4551'],3.0,"['52364', '39537', '4551']","[0.4907153248786926, 0.46351438760757446, 0.4616919159889221]","['title_description', 'title_description', 'description']"
哈工大在哪个区,['4551'],[],merged,1,0,[],,['39537'],[0.5138031244277954],['description']
哈工大在哪个区,['4551'],[],merged,3,0,[],,"['39537', '51129', '47242']","[0.5138031244277954, 0.43119415640830994, 0.430860698223114]","['description', 'description', 'title_description']"
四川华新现代职业学院招生计划,['4551'],[],merged,1,0,[],,['39537'],[0.5592523813247681],['description']
四川华新现代职业学院招生计划,['4551'],[],merged,3,0,[],,"['39537', '52364', '51129']","[0.5592523813247681, 0.49535807967185974, 0.46960949897766113]","['description', 'title_description', 'description']"
四川大学录入分数线,['4551'],[],merged,1,0,[],,['52364'],[0.5920071601867676],['description']
四川大学录入分数线,['4551'],[],merged,3,1,['4551'],3.0,"['52364', '39537', '4551']","[0.5920071601867676, 0.5673806667327881, 0.5495535135269165]","['description', 'description', 'description']"
四川师范大学录取分数线,['4551'],[],merged,1,0,[],,['52364'],[0.543182909488678],['title_description']
四川师范大学录取分数线,['4551'],[],merged,3,0,[],,"['52364', '39537', '51129']","[0.543182909488678, 0.5336790680885315, 0.4892960488796234]","['title_description', 'description', 'description']"
四川职业学院,['4551'],[],merged,1,0,[],,['39537'],[0.6021363139152527],['description']
四川职业学院,['4551'],[],merged,3,0,[],,"['39537', '51129', '52364']","[0.6021363139152527, 0.48804154992103577, 0.4832800626754761]","['description', 'description', 'title_description']"
国防科枝大学,['4551'],[],merged,1,1,['4551'],1.0,['4551'],[0.6224524974822998],['description']
国防科枝大学,['4551'],[],merged,3,1,['4551'],1.0,"['4551', '39537', '52364']","[0.6224524974822998, 0.6001629829406738, 0.5267159938812256]","['description', 'description', 'description']"
复旦大学录取分数线,['4551'],[],merged,1,0,[],,['52364'],[0.567848801612854],['description']
复旦大学录取分数线,['4551'],[],merged,3,1,['4551'],2.0,"['52364', '4551', '39537']","[0.567848801612854, 0.5440459847450256, 0.5304205417633057]","['description', 'description', 'description']"
大连海事大学录取分数线,['4551'],[],merged,1,0,[],,['52364'],[0.5642839670181274],['title_description']
大连海事大学录取分数线,['4551'],[],merged,3,1,['4551'],3.0,"['52364', '39537', '4551']","[0.5642839670181274, 0.5489624738693237, 0.5306383371353149]","['title_description', 'description', 'description']"
大连理工学院学费多少钱,['4551'],[],merged,1,0,[],,['39537'],[0.5283670425415039],['description']
大连理工学院学费多少钱,['4551'],[],merged,3,0,[],,"['39537', '52364', '51129']","[0.5283670425415039, 0.4721505641937256, 0.45554059743881226]","['description', 'title_description', 'description']"
天津职业学院,['4551'],[],merged,1,0,[],,['39537'],[0.5954033136367798],['description']
天津职业学院,['4551'],[],merged,3,1,['4551'],2.0,"['39537', '4551', '52364']","[0.5954033136367798, 0.5000418424606323, 0.4834479093551636]","['description', 'description', 'title_description']"
天津职业技术学院2025录取线,['4551'],[],merged,1,0,[],,['39537'],[0.4746417999267578],['description']
天津职业技术学院2025录取线,['4551'],[],merged,3,1,['4551'],3.0,"['39537', '52364', '4551']","[0.4746417999267578, 0.4744604229927063, 0.44501155614852905]","['description', 'title_description', 'description']"
天津职业技术师范大学学费,['4551'],[],merged,1,0,[],,['39537'],[0.5277765989303589],['description']
天津职业技术师范大学学费,['4551'],[],merged,3,1,['4551'],3.0,"['39537', '52364', '4551']","[0.5277765989303589, 0.45941513776779175, 0.43168890476226807]","['description', 'title_description', 'description']"
太原幼儿师范高等专科学校录取分数线,['4551'],[],merged,1,0,[],,['39537'],[0.5673061609268188],['description']
太原幼儿师范高等专科学校录取分数线,['4551'],[],merged,3,0,[],,"['39537', '52364', '51129']","[0.5673061609268188, 0.5219122171401978, 0.4933949112892151]","['description', 'title_description', 'description']"
太原理工大学录取分数线是多少,['4551'],[],merged,1,0,[],,['52364'],[0.5233720541000366],['title_description']
太原理工大学录取分数线是多少,['4551'],[],merged,3,0,[],,"['52364', '39537', '51129']","[0.5233720541000366, 0.5061957240104675, 0.46905195713043213]","['title_description', 'description', 'description']"
宁波职业技术学院录取线,['4551'],[],merged,1,0,[],,['39537'],[0.5693663954734802],['description']
宁波职业技术学院录取线,['4551'],[],merged,3,0,[],,"['39537', '52364', '51129']","[0.5693663954734802, 0.5514320135116577, 0.5120123624801636]","['description', 'title_description', 'description']"
安徽职业技术学院,['4551'],[],merged,1,0,[],,['39537'],[0.5756603479385376],['description']
安徽职业技术学院,['4551'],[],merged,3,1,['4551'],2.0,"['39537', '4551', '60293']","[0.5756603479385376, 0.4871920347213745, 0.48407894372940063]","['description', 'description', 'description']"
安徽财经大学2025年录取分数线,['4551'],[],merged,1,0,[],,['52364'],[0.521074652671814],['title_description']
安徽财经大学2025年录取分数线,['4551'],[],merged,3,1,['4551'],2.0,"['52364', '4551', '39537']","[0.521074652671814, 0.49937957525253296, 0.48154154419898987]","['title_description', 'description', 'description']"
山东医学高等专科学校2025年录取分数线,['4551'],[],merged,1,0,[],,['52364'],[0.5016735792160034],['title_description']
山东医学高等专科学校2025年录取分数线,['4551'],[],merged,3,1,['4551'],3.0,"['52364', '39537', '4551']","[0.5016735792160034, 0.5016387701034546, 0.4694654047489166]","['title_description', 'description', 'description']"
山东医学高等专科学校招生简章,['4551'],[],merged,1,0,[],,['39537'],[0.5581006407737732],['description']
山东医学高等专科学校招生简章,['4551'],[],merged,3,0,[],,"['39537', '51129', '52364']","[0.5581006407737732, 0.4484283924102783, 0.44520634412765503]","['description', 'description', 'title_description']"
山东司法警察职业学院2025录取线,['4551'],[],merged,1,0,[],,['39537'],[0.4531462490558624],['description']
山东司法警察职业学院2025录取线,['4551'],[],merged,3,1,['4551'],3.0,"['39537', '52364', '4551']","[0.4531462490558624, 0.45095396041870117, 0.4185738265514374]","['description', 'title_description', 'title_description']"
山东大学录取分数线,['4551'],[],merged,1,0,[],,['52364'],[0.5975195169448853],['description']
山东大学录取分数线,['4551'],[],merged,3,1,['4551'],2.0,"['52364', '4551', '39537']","[0.5975195169448853, 0.5814523696899414, 0.5813847780227661]","['description', 'description', 'description']"
山东大学王牌专业是什么,['4551'],[],merged,1,0,[],,['52364'],[0.5641517043113708],['title_description']
山东大学王牌专业是什么,['4551'],[],merged,3,1,['4551'],3.0,"['52364', '39537', '4551']","[0.5641517043113708, 0.5287062525749207, 0.521001935005188]","['title_description', 'title_description', 'description']"
山东师范大学,['4551'],[],merged,1,0,[],,['39537'],[0.6190792322158813],['description']
山东师范大学,['4551'],[],merged,3,1,['4551'],2.0,"['39537', '4551', '52364']","[0.6190792322158813, 0.5628329515457153, 0.521263837814331]","['description', 'description', 'title_description']"
山东理工大。,['4551'],[],merged,1,0,[],,['39537'],[0.6274076700210571],['description']
山东理工大。,['4551'],[],merged,3,0,[],,"['39537', '51129', '52364']","[0.6274076700210571, 0.5570496916770935, 0.5236004590988159]","['description', 'description', 'title_description']"
山东省医学高等专科学校,['4551'],[],merged,1,0,[],,['39537'],[0.59901362657547],['description']
山东省医学高等专科学校,['4551'],[],merged,3,1,['4551'],3.0,"['39537', '51129', '4551']","[0.59901362657547, 0.49861717224121094, 0.47726714611053467]","['description', 'description', 'description']"
山东省职业学院录取线是多少,['4551'],[],merged,1,0,[],,['39537'],[0.5350566506385803],['description']
山东省职业学院录取线是多少,['4551'],[],merged,3,0,[],,"['39537', '52364', '60293']","[0.5350566506385803, 0.5152471661567688, 0.48275771737098694]","['description', 'title_description', 'description']"
山东职业学院,['4551'],[],merged,1,0,[],,['39537'],[0.6110736131668091],['description']
山东职业学院,['4551'],[],merged,3,1,['4551'],2.0,"['39537', '4551', '51129']","[0.6110736131668091, 0.5071576833724976, 0.5029149651527405]","['description', 'description', 'description']"
山西职业技术学院,['4551'],[],merged,1,0,[],,['39537'],[0.5888069868087769],['description']
山西职业技术学院,['4551'],[],merged,3,1,['4551'],2.0,"['39537', '4551', '51129']","[0.5888069868087769, 0.4923747479915619, 0.48569202423095703]","['description', 'description', 'description']"
州职业技术学院有哪些专业,['4551'],[],merged,1,0,[],,['39537'],[0.5664231777191162],['description']
州职业技术学院有哪些专业,['4551'],[],merged,3,0,[],,"['39537', '60293', '52364']","[0.5664231777191162, 0.5213866233825684, 0.5049185156822205]","['description', 'description', 'title_description']"
广州华南学院,['4551'],[],merged,1,0,[],,['39537'],[0.6215628385543823],['description']
广州华南学院,['4551'],[],merged,3,0,[],,"['39537', '51129', '52364']","[0.6215628385543823, 0.5128644704818726, 0.5121963620185852]","['description', 'description', 'title_description']"
广西中医药大学专业有哪些,['4551'],[],merged,1,0,[],,['39537'],[0.564150333404541],['description']
广西中医药大学专业有哪些,['4551'],[],merged,3,0,[],,"['39537', '52364', '51129']","[0.564150333404541, 0.5301121473312378, 0.49421679973602295]","['description', 'title_description', 'description']"
广西职业技术学院,['4551'],[],merged,1,0,[],,['39537'],[0.5950291156768799],['description']
广西职业技术学院,['4551'],[],merged,3,1,['4551'],2.0,"['39537', '4551', '47242']","[0.5950291156768799, 0.5081670880317688, 0.49731919169425964]","['description', 'description', 'title_description']"
成都理工,['4551'],[],merged,1,0,[],,['39537'],[0.6206929087638855],['description']
成都理工,['4551'],[],merged,3,1,['4551'],2.0,"['39537', '4551', '52364']","[0.6206929087638855, 0.5576579570770264, 0.5435059070587158]","['description', 'description', 'description']"
成都理工大学2025年录取分数线,['4551'],[],merged,1,0,[],,['52364'],[0.50038743019104],['title_description']
成都理工大学2025年录取分数线,['4551'],[],merged,3,1,['4551'],2.0,"['52364', '4551', '39537']","[0.50038743019104, 0.48539674282073975, 0.47351711988449097]","['title_description', 'description', 'description']"
新疆理工学院,['4551'],[],merged,1,0,[],,['39537'],[0.5982871651649475],['description']
新疆理工学院,['4551'],[],merged,3,1,['4551'],2.0,"['39537', '4551', '52364']","[0.5982871651649475, 0.5209885835647583, 0.5130321979522705]","['description', 'description', 'title_description']"
无锡商业职业技术学院录取线,['4551'],[],merged,1,0,[],,['39537'],[0.5584731101989746],['description']
无锡商业职业技术学院录取线,['4551'],[],merged,3,0,[],,"['39537', '52364', '51129']","[0.5584731101989746, 0.5256083607673645, 0.5037902593612671]","['description', 'title_description', 'description']"
昆明理工大学学费多少钱一年,['4551'],[],merged,1,0,[],,['39537'],[0.488095760345459],['description']
昆明理工大学学费多少钱一年,['4551'],[],merged,3,0,[],,"['39537', '52364', '51129']","[0.488095760345459, 0.45771750807762146, 0.45357123017311096]","['description', 'title_description', 'description']"
桂林信息科技学院王牌专业,['4551'],[],merged,1,0,[],,['39537'],[0.6051924228668213],['description']
桂林信息科技学院王牌专业,['4551'],[],merged,3,0,[],,"['39537', '52364', '51129']","[0.6051924228668213, 0.5609630346298218, 0.5392093062400818]","['description', 'title_description', 'title_description']"
桂林学院,['4551'],[],merged,1,0,[],,['39537'],[0.5788601636886597],['description']
桂林学院,['4551'],[],merged,3,1,['4551'],2.0,"['39537', '4551', '52364']","[0.5788601636886597, 0.5065004229545593, 0.49140578508377075]","['description', 'description', 'title_description']"
武汉外语外事职业学院招生章程,['4551'],[],merged,1,0,[],,['39537'],[0.4989510178565979],['description']
武汉外语外事职业学院招生章程,['4551'],[],merged,3,0,[],,"['39537', '5917', '60293']","[0.4989510178565979, 0.44244107604026794, 0.4388708472251892]","['description', 'description', 'title_description']"
武汉大学多少分,['4551'],[],merged,1,0,[],,['52364'],[0.5327125191688538],['description']
武汉大学多少分,['4551'],[],merged,3,1,['4551'],3.0,"['52364', '39537', '4551']","[0.5327125191688538, 0.5172989368438721, 0.5027703046798706]","['description', 'description', 'description']"
武汉文理学院是正规大学吗,['4551'],[],merged,1,0,[],,['39537'],[0.5523197054862976],['description']
武汉文理学院是正规大学吗,['4551'],[],merged,3,1,['4551'],2.0,"['39537', '4551', '52364']","[0.5523197054862976, 0.49249207973480225, 0.48823097348213196]","['description', 'description', 'title_description']"
武汉理工学院2025年录取分数线是多少,['4551'],[],merged,1,0,[],,['52364'],[0.5117008686065674],['title_description']
武汉理工学院2025年录取分数线是多少,['4551'],[],merged,3,1,['4551'],3.0,"['52364', '39537', '4551']","[0.5117008686065674, 0.4847453534603119, 0.48294174671173096]","['title_description', 'description', 'description']"
武汉纺织大学专业有哪些,['4551'],[],merged,1,0,[],,['39537'],[0.5587384104728699],['description']
武汉纺织大学专业有哪些,['4551'],[],merged,3,0,[],,"['39537', '52364', '51129']","[0.5587384104728699, 0.5323775410652161, 0.49530330300331116]","['description', 'title_description', 'title_description']"
汉职业技术学院,['4551'],[],merged,1,0,[],,['39537'],[0.648419976234436],['description']
汉职业技术学院,['4551'],[],merged,3,1,['4551'],2.0,"['39537', '4551', '51129']","[0.648419976234436, 0.5275062322616577, 0.5150566101074219]","['description', 'description', 'description']"
江南大学山西录取分数线,['4551'],[],merged,1,0,[],,['52364'],[0.5527992248535156],['title_description']
江南大学山西录取分数线,['4551'],[],merged,3,1,['4551'],3.0,"['52364', '39537', '4551']","[0.5527992248535156, 0.5352363586425781, 0.53413987159729]","['title_description', 'description', 'description']"
江苏大学的录取分数线,['4551'],[],merged,1,0,[],,['39537'],[0.6171819567680359],['description']
江苏大学的录取分数线,['4551'],[],merged,3,1,['4551'],3.0,"['39537', '52364', '4551']","[0.6171819567680359, 0.6032902002334595, 0.6011903285980225]","['description', 'description', 'description']"
江苏省警官学院录取分数线是多少,['4551'],[],merged,1,0,[],,['52364'],[0.48219358921051025],['title_description']
江苏省警官学院录取分数线是多少,['4551'],[],merged,3,0,[],,"['52364', '39537', '51129']","[0.48219358921051025, 0.45618993043899536, 0.43929487466812134]","['title_description', 'description', 'description']"
江西师范科技学院,['4551'],[],merged,1,0,[],,['39537'],[0.6313431262969971],['description']
江西师范科技学院,['4551'],[],merged,3,1,['4551'],2.0,"['39537', '4551', '51129']","[0.6313431262969971, 0.5383861064910889, 0.5204481482505798]","['description', 'description', 'description']"
江西应用技术职业学院招生简章,['4551'],[],merged,1,0,[],,['39537'],[0.584550678730011],['description']
江西应用技术职业学院招生简章,['4551'],[],merged,3,1,['4551'],3.0,"['39537', '60293', '4551']","[0.584550678730011, 0.5043196678161621, 0.4701184332370758]","['description', 'description', 'description']"
沈阳工学院,['4551'],[],merged,1,0,[],,['39537'],[0.6098467111587524],['description']
沈阳工学院,['4551'],[],merged,3,1,['4551'],3.0,"['39537', '52364', '4551']","[0.6098467111587524, 0.5237338542938232, 0.5172910094261169]","['description', 'title_description', 'description']"
河北电力大学,['4551'],[],merged,1,0,[],,['39537'],[0.6242292523384094],['description']
河北电力大学,['4551'],[],merged,3,1,['4551'],2.0,"['39537', '4551', '52364']","[0.6242292523384094, 0.5588556528091431, 0.5487115979194641]","['description', 'description', 'description']"
河北科技大学2025年录取分数线是多少,['4551'],[],merged,1,0,[],,['52364'],[0.4969858229160309],['title_description']
河北科技大学2025年录取分数线是多少,['4551'],[],merged,3,1,['4551'],3.0,"['52364', '39537', '4551']","[0.4969858229160309, 0.48098671436309814, 0.4797827899456024]","['title_description', 'description', 'description']"
河北经贸大学录取分数线,['4551'],[],merged,1,0,[],,['52364'],[0.5418866276741028],['title_description']
河北经贸大学录取分数线,['4551'],[],merged,3,1,['4551'],3.0,"['52364', '39537', '4551']","[0.5418866276741028, 0.5154252052307129, 0.5033570528030396]","['title_description', 'description', 'description']"
河南工业大学的录取分数线,['4551'],[],merged,1,0,[],,['39537'],[0.611626386642456],['description']
河南工业大学的录取分数线,['4551'],[],merged,3,1,['4551'],3.0,"['39537', '52364', '4551']","[0.611626386642456, 0.586864709854126, 0.5544987320899963]","['description', 'title_description', 'description']"
河南财经政法大学专业,['4551'],[],merged,1,0,[],,['39537'],[0.6027275323867798],['description']
河南财经政法大学专业,['4551'],[],merged,3,0,[],,"['39537', '52364', '51129']","[0.6027275323867798, 0.5560436844825745, 0.5396603941917419]","['description', 'title_description', 'description']"
浙大2025录取分数线是多少,['4551'],[],merged,1,0,[],,['52364'],[0.49609315395355225],['title_description']
浙大2025录取分数线是多少,['4551'],[],merged,3,1,['4551'],2.0,"['52364', '4551', '39537']","[0.49609315395355225, 0.48200714588165283, 0.48195090889930725]","['title_description', 'description', 'title_description']"
浙大在浙江的录取分数线,['4551'],[],merged,1,0,[],,['39537'],[0.5843511819839478],['description']
浙大在浙江的录取分数线,['4551'],[],merged,3,1,['4551'],3.0,"['39537', '52364', '4551']","[0.5843511819839478, 0.5720908641815186, 0.5679120421409607]","['description', 'description', 'description']"
浙江东方学院,['4551'],[],merged,1,0,[],,['39537'],[0.61151123046875],['description']
浙江东方学院,['4551'],[],merged,3,1,['4551'],2.0,"['39537', '4551', '52364']","[0.61151123046875, 0.5156840682029724, 0.5080243945121765]","['description', 'description', 'title_description']"
浙江大学学费一年多少,['4551'],[],merged,1,0,[],,['39537'],[0.5165031552314758],['description']
浙江大学学费一年多少,['4551'],[],merged,3,0,[],,"['39537', '52364', '51129']","[0.5165031552314758, 0.4787088632583618, 0.46334308385849]","['description', 'title_description', 'title_description']"
浙江科技大学有哪些专业,['4551'],[],merged,1,0,[],,['39537'],[0.579268217086792],['description']
浙江科技大学有哪些专业,['4551'],[],merged,3,0,[],,"['39537', '52364', '39529']","[0.579268217086792, 0.5386409759521484, 0.5180137157440186]","['description', 'description', 'title_description']"
海南师范大学录取分数线,['4551'],[],merged,1,0,[],,['39537'],[0.5537110567092896],['description']
海南师范大学录取分数线,['4551'],[],merged,3,1,['4551'],3.0,"['39537', '52364', '4551']","[0.5537110567092896, 0.5497269630432129, 0.508391261100769]","['description', 'title_description', 'description']"
海南科技职业学院,['4551'],[],merged,1,0,[],,['39537'],[0.6115926504135132],['description']
海南科技职业学院,['4551'],[],merged,3,1,['4551'],2.0,"['39537', '4551', '5917']","[0.6115926504135132, 0.4920442998409271, 0.4796121120452881]","['description', 'description', 'description']"
淄博职业技术大学,['4551'],[],merged,1,0,[],,['39537'],[0.610242486000061],['description']
淄博职业技术大学,['4551'],[],merged,3,0,[],,"['39537', '51129', '52364']","[0.610242486000061, 0.5049141645431519, 0.49249714612960815]","['description', 'description', 'title_description']"
深信息今年录取分数多少,['4551'],[],merged,1,0,[],,['39537'],[0.5513768196105957],['title_description']
深信息今年录取分数多少,['4551'],[],merged,3,0,[],,"['39537', '52364', '51129']","[0.5513768196105957, 0.5419269800186157, 0.5244624614715576]","['title_description', 'description', 'title_description']"
深圳大学的录取分数线,['4551'],[],merged,1,0,[],,['39537'],[0.6021496057510376],['description']
深圳大学的录取分数线,['4551'],[],merged,3,1,['4551'],3.0,"['39537', '52364', '4551']","[0.6021496057510376, 0.5935638546943665, 0.5857943296432495]","['description', 'description', 'description']"
深圳技术大学有哪些专业,['4551'],[],merged,1,0,[],,['39537'],[0.5486764311790466],['description']
深圳技术大学有哪些专业,['4551'],[],merged,3,0,[],,"['39537', '52364', '39529']","[0.5486764311790466, 0.5115057229995728, 0.5003210306167603]","['description', 'description', 'description']"
清华录取分数线,['4551'],[],merged,1,0,[],,['52364'],[0.5907624959945679],['description']
清华录取分数线,['4551'],[],merged,3,1,['4551'],2.0,"['52364', '4551', '39537']","[0.5907624959945679, 0.5863556861877441, 0.5742543935775757]","['description', 'description', 'description']"
温州医科大学分数线,['4551'],[],merged,1,0,[],,['52364'],[0.4861752688884735],['title_description']
温州医科大学分数线,['4551'],[],merged,3,0,[],,"['52364', '39537', '51129']","[0.4861752688884735, 0.4782966673374176, 0.4699760675430298]","['title_description', 'description', 'description']"
温州肯恩大学2025年录取分数线,['4551'],[],merged,1,0,[],,['52364'],[0.4773043096065521],['title_description']
温州肯恩大学2025年录取分数线,['4551'],[],merged,3,1,['4551'],2.0,"['52364', '4551', '39537']","[0.4773043096065521, 0.4618222117424011, 0.45388829708099365]","['title_description', 'description', 'title_description']"
湖北武汉大学录取分数线,['4551'],[],merged,1,0,[],,['52364'],[0.5540443658828735],['description']
湖北武汉大学录取分数线,['4551'],[],merged,3,1,['4551'],3.0,"['52364', '39537', '4551']","[0.5540443658828735, 0.5366135239601135, 0.526059627532959]","['description', 'description', 'description']"
湖北武汉学院,['4551'],[],merged,1,0,[],,['39537'],[0.6296794414520264],['description']
湖北武汉学院,['4551'],[],merged,3,1,['4551'],2.0,"['39537', '4551', '52364']","[0.6296794414520264, 0.5451620221138, 0.5272293090820312]","['description', 'description', 'description']"
湖南幼儿师范高等专科学校,['4551'],[],merged,1,0,[],,['39537'],[0.5978049039840698],['description']
湖南幼儿师范高等专科学校,['4551'],[],merged,3,1,['4551'],3.0,"['39537', '51129', '4551']","[0.5978049039840698, 0.4857073426246643, 0.4775242805480957]","['description', 'description', 'description']"
湖南民族职业学院招生简章,['4551'],[],merged,1,0,[],,['39537'],[0.5531514883041382],['description']
湖南民族职业学院招生简章,['4551'],[],merged,3,0,[],,"['39537', '60293', '51129']","[0.5531514883041382, 0.44792041182518005, 0.440998911857605]","['description', 'title_description', 'description']"
湖南科技大学录取分数线,['4551'],[],merged,1,0,[],,['39537'],[0.5802904367446899],['description']
湖南科技大学录取分数线,['4551'],[],merged,3,1,['4551'],3.0,"['39537', '52364', '4551']","[0.5802904367446899, 0.5741174221038818, 0.5428823828697205]","['description', 'title_description', 'description']"
湖南职业学院,['4551'],[],merged,1,0,[],,['39537'],[0.6222294569015503],['description']
湖南职业学院,['4551'],[],merged,3,1,['4551'],2.0,"['39537', '4551', '60293']","[0.6222294569015503, 0.5173956155776978, 0.5097460150718689]","['description', 'description', 'description']"
火箭军工程大学,['4551'],[],merged,1,0,[],,['39537'],[0.5573979616165161],['description']
火箭军工程大学,['4551'],[],merged,3,1,['4551'],2.0,"['39537', '4551', '51129']","[0.5573979616165161, 0.5406003594398499, 0.5014984607696533]","['description', 'description', 'description']"
福建医科大学录取分数线,['4551'],[],merged,1,0,[],,['52364'],[0.5269637703895569],['title_description']
福建医科大学录取分数线,['4551'],[],merged,3,1,['4551'],3.0,"['52364', '39537', '4551']","[0.5269637703895569, 0.5152090787887573, 0.509371280670166]","['title_description', 'description', 'description']"
空军航空大学录取分数线,['4551'],[],merged,1,1,['4551'],1.0,['4551'],[0.5416536331176758],['description']
空军航空大学录取分数线,['4551'],[],merged,3,1,['4551'],1.0,"['4551', '52364', '39537']","[0.5416536331176758, 0.5173991918563843, 0.511813759803772]","['description', 'title_description', 'description']"
聊城大学东昌学院分数线,['4551'],[],merged,1,0,[],,['39537'],[0.557284951210022],['description']
聊城大学东昌学院分数线,['4551'],[],merged,3,0,[],,"['39537', '52364', '51129']","[0.557284951210022, 0.5280497074127197, 0.49095505475997925]","['description', 'title_description', 'description']"
衢职院一年学费多少,['4551'],[],merged,1,0,[],,['39537'],[0.5171389579772949],['description']
衢职院一年学费多少,['4551'],[],merged,3,0,[],,"['39537', '60293', '51129']","[0.5171389579772949, 0.46596747636795044, 0.45830005407333374]","['description', 'description', 'title_description']"
西交利物浦大学录取分数线,['4551'],[],merged,1,0,[],,['52364'],[0.536444902420044],['description']
西交利物浦大学录取分数线,['4551'],[],merged,3,1,['4551'],3.0,"['52364', '39537', '4551']","[0.536444902420044, 0.5186328887939453, 0.516450047492981]","['description', 'description', 'description']"
西北农林林科技大学,['4551'],[],merged,1,0,[],,['39537'],[0.5952672958374023],['description']
西北农林林科技大学,['4551'],[],merged,3,1,['4551'],2.0,"['39537', '4551', '51129']","[0.5952672958374023, 0.5395249128341675, 0.5123988389968872]","['description', 'description', 'description']"
西北工业大学,['4551'],[],merged,1,0,[],,['39537'],[0.6100212335586548],['description']
西北工业大学,['4551'],[],merged,3,1,['4551'],2.0,"['39537', '4551', '51129']","[0.6100212335586548, 0.557222843170166, 0.5428086519241333]","['description', 'description', 'description']"
西华大学今年的录取分数线是多少,['4551'],[],merged,1,0,[],,['52364'],[0.5230947136878967],['title_description']
西华大学今年的录取分数线是多少,['4551'],[],merged,3,0,[],,"['52364', '39537', '51129']","[0.5230947136878967, 0.5072859525680542, 0.4842984080314636]","['title_description', 'description', 'description']"
西南大学2025年录取分数线,['4551'],[],merged,1,0,[],,['52364'],[0.5030161142349243],['title_description']
西南大学2025年录取分数线,['4551'],[],merged,3,1,['4551'],2.0,"['52364', '4551', '39537']","[0.5030161142349243, 0.48706528544425964, 0.4858434200286865]","['title_description', 'description', 'description']"
西安医科大学,['4551'],[],merged,1,0,[],,['39537'],[0.5631087422370911],['description']
西安医科大学,['4551'],[],merged,3,1,['4551'],2.0,"['39537', '4551', '51129']","[0.5631087422370911, 0.5054688453674316, 0.48847493529319763]","['description', 'description', 'description']"
西安外国语大学录取分数线,['4551'],[],merged,1,0,[],,['52364'],[0.5498483777046204],['title_description']
西安外国语大学录取分数线,['4551'],[],merged,3,0,[],,"['52364', '39537', '51129']","[0.5498483777046204, 0.527942955493927, 0.4973454475402832]","['title_description', 'description', 'description']"
西安理工大学招生简章,['4551'],[],merged,1,0,[],,['39537'],[0.5932122468948364],['description']
西安理工大学招生简章,['4551'],[],merged,3,0,[],,"['39537', '52364', '51129']","[0.5932122468948364, 0.5182985663414001, 0.49860817193984985]","['description', 'title_description', 'description']"
西安理工王牌专业有哪些,['4551'],[],merged,1,0,[],,['52364'],[0.5705994367599487],['title_description']
西安理工王牌专业有哪些,['4551'],[],merged,3,0,[],,"['52364', '39537', '51129']","[0.5705994367599487, 0.5312765836715698, 0.5234408378601074]","['title_description', 'description', 'description']"
西安西京学院,['4551'],[],merged,1,0,[],,['39537'],[0.6573343873023987],['description']
西安西京学院,['4551'],[],merged,3,0,[],,"['39537', '52364', '51129']","[0.6573343873023987, 0.5563425421714783, 0.5529971122741699]","['description', 'title_description', 'description']"
辽宁铁道学院,['4551'],[],merged,1,0,[],,['39537'],[0.597679853439331],['description']
辽宁铁道学院,['4551'],[],merged,3,1,['4551'],2.0,"['39537', '4551', '52364']","[0.597679853439331, 0.5048395991325378, 0.5002414584159851]","['description', 'description', 'title_description']"
钦州幼儿师范高等专科学校学费,['4551'],[],merged,1,0,[],,['39537'],[0.48902904987335205],['description']
钦州幼儿师范高等专科学校学费,['4551'],[],merged,3,0,[],,"['39537', '52364', '51129']","[0.48902904987335205, 0.3991882801055908, 0.3957643508911133]","['description', 'title_description', 'description']"
长安大学2025年录取分数线是多少,['4551'],[],merged,1,0,[],,['52364'],[0.5048374533653259],['title_description']
长安大学2025年录取分数线是多少,['4551'],[],merged,3,1,['4551'],3.0,"['52364', '39537', '4551']","[0.5048374533653259, 0.4917016327381134, 0.4835638701915741]","['title_description', 'description', 'description']"
长春大学,['4551'],[],merged,1,0,[],,['39537'],[0.6118289828300476],['description']
长春大学,['4551'],[],merged,3,1,['4551'],2.0,"['39537', '4551', '51129']","[0.6118289828300476, 0.5307133197784424, 0.5147413015365601]","['description', 'description', 'description']"
长沙师范学院招生简章,['4551'],[],merged,1,0,[],,['39537'],[0.5632612705230713],['description']
长沙师范学院招生简章,['4551'],[],merged,3,0,[],,"['39537', '52364', '51129']","[0.5632612705230713, 0.4553765058517456, 0.4541053771972656]","['description', 'title_description', 'description']"
阳光学院王牌专业是什么,['4551'],[],merged,1,0,[],,['52364'],[0.5810413360595703],['title_description']
阳光学院王牌专业是什么,['4551'],[],merged,3,0,[],,"['52364', '39537', '51129']","[0.5810413360595703, 0.5760102272033691, 0.5510447025299072]","['title_description', 'description', 'title_description']"
陆军工程大学2025年录取分数线,['4551'],[],merged,1,1,['4551'],1.0,['4551'],[0.5587633848190308],['description']
陆军工程大学2025年录取分数线,['4551'],[],merged,3,1,['4551'],1.0,"['4551', '52364', '39537']","[0.5587633848190308, 0.5088909268379211, 0.4834762215614319]","['description', 'title_description', 'description']"
陆军工程大学的录取分数线,['4551'],[],merged,1,1,['4551'],1.0,['4551'],[0.6149508953094482],['description']
陆军工程大学的录取分数线,['4551'],[],merged,3,1,['4551'],1.0,"['4551', '39537', '52364']","[0.6149508953094482, 0.589901864528656, 0.5767294764518738]","['description', 'description', 'title_description']"
陕师大,['4551'],[],merged,1,0,[],,['39537'],[0.5942317247390747],['description']
陕师大,['4551'],[],merged,3,1,['4551'],2.0,"['39537', '4551', '52364']","[0.5942317247390747, 0.546665608882904, 0.5340183973312378]","['description', 'description', 'description']"
陕西省职业技术学院,['4551'],[],merged,1,0,[],,['39537'],[0.6093193292617798],['description']
陕西省职业技术学院,['4551'],[],merged,3,1,['4551'],3.0,"['39537', '60293', '4551']","[0.6093193292617798, 0.49903231859207153, 0.4954543709754944]","['description', 'description', 'description']"
齐齐哈尔医学院,['4551'],[],merged,1,0,[],,['39537'],[0.5637521743774414],['description']
齐齐哈尔医学院,['4551'],[],merged,3,1,['4551'],3.0,"['39537', '51129', '4551']","[0.5637521743774414, 0.5082247257232666, 0.48748117685317993]","['description', 'description', 'description']"
三峡大学学费,['4551'],[],title_description,1,0,[],,['39537'],[0.48889362812042236],['title_description']
三峡大学学费,['4551'],[],title_description,3,0,[],,"['39537', '52364', '51129']","[0.48889362812042236, 0.4853794574737549, 0.4399736523628235]","['title_description', 'title_description', 'title_description']"
上海交大在北京的录取分数线,['4551'],[],title_description,1,0,[],,['52364'],[0.5819944739341736],['title_description']
上海交大在北京的录取分数线,['4551'],[],title_description,3,0,[],,"['52364', '39537', '51129']","[0.5819944739341736, 0.5638375282287598, 0.5192856788635254]","['title_description', 'title_description', 'title_description']"
上海交大多少分能录取,['4551'],[],title_description,1,0,[],,['52364'],[0.47190091013908386],['title_description']
上海交大多少分能录取,['4551'],[],title_description,3,0,[],,"['52364', '39537', '51129']","[0.47190091013908386, 0.4671653211116791, 0.4317488670349121]","['title_description', 'title_description', 'title_description']"
上海交通大学,['4551'],[],title_description,1,0,[],,['39537'],[0.5629199147224426],['title_description']
上海交通大学,['4551'],[],title_description,3,1,['4551'],2.0,"['39537', '4551', '52364']","[0.5629199147224426, 0.5525710582733154, 0.542207658290863]","['title_description', 'title_description', 'title_description']"
上海师范大学算名校吗,['4551'],[],title_description,1,1,['4551'],1.0,['4551'],[0.5242229104042053],['title_description']
上海师范大学算名校吗,['4551'],[],title_description,3,1,['4551'],1.0,"['4551', '51129', '52364']","[0.5242229104042053, 0.5112515687942505, 0.5037864446640015]","['title_description', 'title_description', 'title_description']"
上饶师范学院2025录取分数线是多少,['4551'],[],title_description,1,0,[],,['52364'],[0.46801528334617615],['title_description']
上饶师范学院2025录取分数线是多少,['4551'],[],title_description,3,0,[],,"['52364', '39537', '51129']","[0.46801528334617615, 0.44427186250686646, 0.4357222318649292]","['title_description', 'title_description', 'title_description']"
东莞理工学院2025年录取分数线,['4551'],[],title_description,1,0,[],,['52364'],[0.4963870048522949],['title_description']
东莞理工学院2025年录取分数线,['4551'],[],title_description,3,0,[],,"['52364', '39537', '51129']","[0.4963870048522949, 0.46230602264404297, 0.4525737166404724]","['title_description', 'title_description', 'title_description']"
中医药科大学,['4551'],[],title_description,1,0,[],,['39537'],[0.5044302344322205],['title_description']
中医药科大学,['4551'],[],title_description,3,1,['4551'],2.0,"['39537', '4551', '52364']","[0.5044302344322205, 0.492261677980423, 0.4812765121459961]","['title_description', 'title_description', 'title_description']"
中国人民公安大学2025年录取分数线,['4551'],[],title_description,1,0,[],,['52364'],[0.5261036157608032],['title_description']
中国人民公安大学2025年录取分数线,['4551'],[],title_description,3,1,['4551'],2.0,"['52364', '4551', '39537']","[0.5261036157608032, 0.5019232034683228, 0.4795795977115631]","['title_description', 'title_description', 'title_description']"
中国政法大学录取分数线,['4551'],[],title_description,1,0,[],,['52364'],[0.5294240713119507],['title_description']
中国政法大学录取分数线,['4551'],[],title_description,3,0,[],,"['52364', '39537', '51129']","[0.5294240713119507, 0.48078128695487976, 0.4673270583152771]","['title_description', 'title_description', 'title_description']"
中国石油大学在重庆的录取分数线,['4551'],[],title_description,1,0,[],,['52364'],[0.5862892270088196],['title_description']
中国石油大学在重庆的录取分数线,['4551'],[],title_description,3,0,[],,"['52364', '39537', '51129']","[0.5862892270088196, 0.5704559683799744, 0.5208788514137268]","['title_description', 'title_description', 'title_description']"
中央人民警察学院分数线,['4551'],[],title_description,1,0,[],,['52364'],[0.5374619960784912],['title_description']
中央人民警察学院分数线,['4551'],[],title_description,3,0,[],,"['52364', '39537', '51129']","[0.5374619960784912, 0.4918815493583679, 0.47917187213897705]","['title_description', 'title_description', 'title_description']"
中财大学,['4551'],[],title_description,1,0,[],,['39537'],[0.5666757822036743],['title_description']
中财大学,['4551'],[],title_description,3,1,['4551'],3.0,"['39537', '52364', '4551']","[0.5666757822036743, 0.5481665730476379, 0.5292305946350098]","['title_description', 'title_description', 'title_description']"
云南昆明学院,['4551'],[],title_description,1,0,[],,['39537'],[0.5703756809234619],['title_description']
云南昆明学院,['4551'],[],title_description,3,1,['4551'],3.0,"['39537', '52364', '4551']","[0.5703756809234619, 0.5171191692352295, 0.5057759881019592]","['title_description', 'title_description', 'title_description']"
内蒙古医科大学录取分数线是多少,['4551'],[],title_description,1,0,[],,['52364'],[0.5032637119293213],['title_description']
内蒙古医科大学录取分数线是多少,['4551'],[],title_description,3,0,[],,"['52364', '39537', '51129']","[0.5032637119293213, 0.4687991738319397, 0.4464664161205292]","['title_description', 'title_description', 'title_description']"
内蒙大学,['4551'],[],title_description,1,0,[],,['39537'],[0.5385298728942871],['title_description']
内蒙大学,['4551'],[],title_description,3,1,['4551'],2.0,"['39537', '4551', '52364']","[0.5385298728942871, 0.5155429840087891, 0.5076459050178528]","['title_description', 'title_description', 'title_description']"
内蒙科技职业学院,['4551'],[],title_description,1,0,[],,['39537'],[0.5271697640419006],['title_description']
内蒙科技职业学院,['4551'],[],title_description,3,1,['4551'],2.0,"['39537', '4551', '52364']","[0.5271697640419006, 0.48054784536361694, 0.47981733083724976]","['title_description', 'title_description', 'title_description']"
北京城市学院,['4551'],[],title_description,1,0,[],,['39537'],[0.5474551320075989],['title_description']
北京城市学院,['4551'],[],title_description,3,1,['4551'],2.0,"['39537', '4551', '52364']","[0.5474551320075989, 0.5386349558830261, 0.5295547246932983]","['title_description', 'title_description', 'title_description']"
北大专业有哪些,['4551'],[],title_description,1,0,[],,['52364'],[0.580490231513977],['title_description']
北大专业有哪些,['4551'],[],title_description,3,0,[],,"['52364', '39537', '39529']","[0.580490231513977, 0.5432225465774536, 0.5423251390457153]","['title_description', 'title_description', 'title_description']"
华东师范大学在内蒙古录取分数线,['4551'],[],title_description,1,0,[],,['52364'],[0.5764039158821106],['title_description']
华东师范大学在内蒙古录取分数线,['4551'],[],title_description,3,1,['4551'],3.0,"['52364', '39537', '4551']","[0.5764039158821106, 0.5483973026275635, 0.5460565686225891]","['title_description', 'title_description', 'title_description']"
华南农业大学。,['4551'],[],title_description,1,0,[],,['39537'],[0.48644697666168213],['title_description']
华南农业大学。,['4551'],[],title_description,3,0,[],,"['39537', '51129', '52364']","[0.48644697666168213, 0.473050057888031, 0.4605957865715027]","['title_description', 'title_description', 'title_description']"
南京大学2025年录取分数线,['4551'],[],title_description,1,0,[],,['52364'],[0.5381412506103516],['title_description']
南京大学2025年录取分数线,['4551'],[],title_description,3,1,['4551'],3.0,"['52364', '39537', '4551']","[0.5381412506103516, 0.5069245100021362, 0.5006121397018433]","['title_description', 'title_description', 'title_description']"
南京大学录取分数线,['4551'],[],title_description,1,0,[],,['52364'],[0.5844542980194092],['title_description']
南京大学录取分数线,['4551'],[],title_description,3,0,[],,"['52364', '39537', '51129']","[0.5844542980194092, 0.5567063689231873, 0.522190272808075]","['title_description', 'title_description', 'title_description']"
南京科技职业技术学院,['4551'],[],title_description,1,0,[],,['39537'],[0.520439863204956],['title_description']
南京科技职业技术学院,['4551'],[],title_description,3,1,['4551'],2.0,"['39537', '4551', '52364']","[0.520439863204956, 0.4869471788406372, 0.48412784934043884]","['title_description', 'title_description', 'title_description']"
南农业大学,['4551'],[],title_description,1,0,[],,['39537'],[0.5269100666046143],['title_description']
南农业大学,['4551'],[],title_description,3,1,['4551'],2.0,"['39537', '4551', '52364']","[0.5269100666046143, 0.5145179629325867, 0.5145158171653748]","['title_description', 'title_description', 'title_description']"
南开大学厉害的专业,['4551'],[],title_description,1,0,[],,['52364'],[0.5998175740242004],['title_description']
南开大学厉害的专业,['4551'],[],title_description,3,0,[],,"['52364', '51129', '39537']","[0.5998175740242004, 0.527484655380249, 0.5102969408035278]","['title_description', 'title_description', 'title_description']"
南昌工学院录取分数线,['4551'],[],title_description,1,0,[],,['52364'],[0.5583505034446716],['title_description']
南昌工学院录取分数线,['4551'],[],title_description,3,0,[],,"['52364', '39537', '51129']","[0.5583505034446716, 0.5303895473480225, 0.5091176629066467]","['title_description', 'title_description', 'title_description']"
合肥工业大学的录取分数线,['4551'],[],title_description,1,0,[],,['52364'],[0.5807976722717285],['title_description']
合肥工业大学的录取分数线,['4551'],[],title_description,3,0,[],,"['52364', '39537', '51129']","[0.5807976722717285, 0.5630993247032166, 0.5264078974723816]","['title_description', 'title_description', 'title_description']"
吉林大学录取分数线,['4551'],[],title_description,1,0,[],,['52364'],[0.5703818202018738],['title_description']
吉林大学录取分数线,['4551'],[],title_description,3,0,[],,"['52364', '39537', '51129']","[0.5703818202018738, 0.5356158018112183, 0.49895980954170227]","['title_description', 'title_description', 'title_description']"
哈尔滨工业大学录取分数线,['4551'],[],title_description,1,0,[],,['52364'],[0.5469679832458496],['title_description']
哈尔滨工业大学录取分数线,['4551'],[],title_description,3,0,[],,"['52364', '39537', '51129']","[0.5469679832458496, 0.5177263021469116, 0.4968363046646118]","['title_description', 'title_description', 'title_description']"
哈工大2025年录取分数线是多少,['4551'],[],title_description,1,0,[],,['52364'],[0.4907153248786926],['title_description']
哈工大2025年录取分数线是多少,['4551'],[],title_description,3,0,[],,"['52364', '39537', '51129']","[0.4907153248786926, 0.46351438760757446, 0.4411884546279907]","['title_description', 'title_description', 'title_description']"
哈工大在哪个区,['4551'],[],title_description,1,0,[],,['39537'],[0.4622369110584259],['title_description']
哈工大在哪个区,['4551'],[],title_description,3,0,[],,"['39537', '47242', '52364']","[0.4622369110584259, 0.430860698223114, 0.4299109876155853]","['title_description', 'title_description', 'title_description']"
四川华新现代职业学院招生计划,['4551'],[],title_description,1,0,[],,['39537'],[0.4982970952987671],['title_description']
四川华新现代职业学院招生计划,['4551'],[],title_description,3,0,[],,"['39537', '52364', '51129']","[0.4982970952987671, 0.49535807967185974, 0.4590461552143097]","['title_description', 'title_description', 'title_description']"
四川大学录入分数线,['4551'],[],title_description,1,0,[],,['52364'],[0.5842907428741455],['title_description']
四川大学录入分数线,['4551'],[],title_description,3,0,[],,"['52364', '39537', '51129']","[0.5842907428741455, 0.5575147867202759, 0.5187156200408936]","['title_description', 'title_description', 'title_description']"
四川师范大学录取分数线,['4551'],[],title_description,1,0,[],,['52364'],[0.543182909488678],['title_description']
四川师范大学录取分数线,['4551'],[],title_description,3,0,[],,"['52364', '39537', '51129']","[0.543182909488678, 0.49805817008018494, 0.4819113612174988]","['title_description', 'title_description', 'title_description']"
四川职业学院,['4551'],[],title_description,1,0,[],,['39537'],[0.5084410905838013],['title_description']
四川职业学院,['4551'],[],title_description,3,0,[],,"['39537', '52364', '60293']","[0.5084410905838013, 0.4832800626754761, 0.4727979004383087]","['title_description', 'title_description', 'title_description']"
国防科枝大学,['4551'],[],title_description,1,1,['4551'],1.0,['4551'],[0.5787085890769958],['title_description']
国防科枝大学,['4551'],[],title_description,3,1,['4551'],1.0,"['4551', '39537', '52364']","[0.5787085890769958, 0.5346580743789673, 0.5151109099388123]","['title_description', 'title_description', 'title_description']"
复旦大学录取分数线,['4551'],[],title_description,1,0,[],,['52364'],[0.5540705323219299],['title_description']
复旦大学录取分数线,['4551'],[],title_description,3,0,[],,"['52364', '39537', '51129']","[0.5540705323219299, 0.5165264010429382, 0.49564793705940247]","['title_description', 'title_description', 'title_description']"
大连海事大学录取分数线,['4551'],[],title_description,1,0,[],,['52364'],[0.5642839670181274],['title_description']
大连海事大学录取分数线,['4551'],[],title_description,3,0,[],,"['52364', '39537', '51129']","[0.5642839670181274, 0.5123475193977356, 0.5067352056503296]","['title_description', 'title_description', 'title_description']"
大连理工学院学费多少钱,['4551'],[],title_description,1,0,[],,['39537'],[0.4732358455657959],['title_description']
大连理工学院学费多少钱,['4551'],[],title_description,3,0,[],,"['39537', '52364', '51129']","[0.4732358455657959, 0.4721505641937256, 0.4549463093280792]","['title_description', 'title_description', 'title_description']"
天津职业学院,['4551'],[],title_description,1,0,[],,['39537'],[0.5019449591636658],['title_description']
天津职业学院,['4551'],[],title_description,3,1,['4551'],3.0,"['39537', '52364', '4551']","[0.5019449591636658, 0.4834479093551636, 0.46986761689186096]","['title_description', 'title_description', 'title_description']"
天津职业技术学院2025录取线,['4551'],[],title_description,1,0,[],,['52364'],[0.4744604229927063],['title_description']
天津职业技术学院2025录取线,['4551'],[],title_description,3,1,['4551'],3.0,"['52364', '39537', '4551']","[0.4744604229927063, 0.4396459460258484, 0.4286006689071655]","['title_description', 'title_description', 'title_description']"
天津职业技术师范大学学费,['4551'],[],title_description,1,0,[],,['52364'],[0.45941513776779175],['title_description']
天津职业技术师范大学学费,['4551'],[],title_description,3,0,[],,"['52364', '39537', '51129']","[0.45941513776779175, 0.4574560225009918, 0.4260258078575134]","['title_description', 'title_description', 'title_description']"
太原幼儿师范高等专科学校录取分数线,['4551'],[],title_description,1,0,[],,['52364'],[0.5219122171401978],['title_description']
太原幼儿师范高等专科学校录取分数线,['4551'],[],title_description,3,0,[],,"['52364', '39537', '51129']","[0.5219122171401978, 0.5087592601776123, 0.47242841124534607]","['title_description', 'title_description', 'title_description']"
太原理工大学录取分数线是多少,['4551'],[],title_description,1,0,[],,['52364'],[0.5233720541000366],['title_description']
太原理工大学录取分数线是多少,['4551'],[],title_description,3,0,[],,"['52364', '39537', '51129']","[0.5233720541000366, 0.4744110107421875, 0.4530627727508545]","['title_description', 'title_description', 'title_description']"
宁波职业技术学院录取线,['4551'],[],title_description,1,0,[],,['52364'],[0.5514320135116577],['title_description']
宁波职业技术学院录取线,['4551'],[],title_description,3,0,[],,"['52364', '39537', '51129']","[0.5514320135116577, 0.5233260989189148, 0.5014863610267639]","['title_description', 'title_description', 'title_description']"
安徽职业技术学院,['4551'],[],title_description,1,0,[],,['39537'],[0.5006836652755737],['title_description']
安徽职业技术学院,['4551'],[],title_description,3,0,[],,"['39537', '60293', '52364']","[0.5006836652755737, 0.4803798496723175, 0.4681013822555542]","['title_description', 'title_description', 'title_description']"
安徽财经大学2025年录取分数线,['4551'],[],title_description,1,0,[],,['52364'],[0.521074652671814],['title_description']
安徽财经大学2025年录取分数线,['4551'],[],title_description,3,1,['4551'],3.0,"['52364', '39537', '4551']","[0.521074652671814, 0.4808332324028015, 0.46745574474334717]","['title_description', 'title_description', 'title_description']"
山东医学高等专科学校2025年录取分数线,['4551'],[],title_description,1,0,[],,['52364'],[0.5016735792160034],['title_description']
山东医学高等专科学校2025年录取分数线,['4551'],[],title_description,3,1,['4551'],3.0,"['52364', '39537', '4551']","[0.5016735792160034, 0.4754224419593811, 0.4591689705848694]","['title_description', 'title_description', 'title_description']"
山东医学高等专科学校招生简章,['4551'],[],title_description,1,0,[],,['39537'],[0.5061997175216675],['title_description']
山东医学高等专科学校招生简章,['4551'],[],title_description,3,1,['4551'],3.0,"['39537', '52364', '4551']","[0.5061997175216675, 0.44520634412765503, 0.44249171018600464]","['title_description', 'title_description', 'title_description']"
山东司法警察职业学院2025录取线,['4551'],[],title_description,1,0,[],,['52364'],[0.45095396041870117],['title_description']
山东司法警察职业学院2025录取线,['4551'],[],title_description,3,1,['4551'],3.0,"['52364', '39537', '4551']","[0.45095396041870117, 0.43323057889938354, 0.4185738265514374]","['title_description', 'title_description', 'title_description']"
山东大学录取分数线,['4551'],[],title_description,1,0,[],,['52364'],[0.5873520374298096],['title_description']
山东大学录取分数线,['4551'],[],title_description,3,0,[],,"['52364', '39537', '51129']","[0.5873520374298096, 0.5597023963928223, 0.519584596157074]","['title_description', 'title_description', 'title_description']"
山东大学王牌专业是什么,['4551'],[],title_description,1,0,[],,['52364'],[0.5641517043113708],['title_description']
山东大学王牌专业是什么,['4551'],[],title_description,3,0,[],,"['52364', '39537', '51129']","[0.5641517043113708, 0.5287062525749207, 0.5149595737457275]","['title_description', 'title_description', 'title_description']"
山东师范大学,['4551'],[],title_description,1,0,[],,['39537'],[0.541881799697876],['title_description']
山东师范大学,['4551'],[],title_description,3,1,['4551'],2.0,"['39537', '4551', '52364']","[0.541881799697876, 0.5215328931808472, 0.521263837814331]","['title_description', 'title_description', 'title_description']"
山东理工大。,['4551'],[],title_description,1,0,[],,['39537'],[0.5528653860092163],['title_description']
山东理工大。,['4551'],[],title_description,3,0,[],,"['39537', '51129', '52364']","[0.5528653860092163, 0.5239118337631226, 0.5236004590988159]","['title_description', 'title_description', 'title_description']"
山东省医学高等专科学校,['4551'],[],title_description,1,0,[],,['39537'],[0.5125184059143066],['title_description']
山东省医学高等专科学校,['4551'],[],title_description,3,1,['4551'],2.0,"['39537', '4551', '51129']","[0.5125184059143066, 0.4675074815750122, 0.4583200216293335]","['title_description', 'title_description', 'title_description']"
山东省职业学院录取线是多少,['4551'],[],title_description,1,0,[],,['52364'],[0.5152471661567688],['title_description']
山东省职业学院录取线是多少,['4551'],[],title_description,3,0,[],,"['52364', '39537', '60293']","[0.5152471661567688, 0.4906829595565796, 0.47109487652778625]","['title_description', 'title_description', 'title_description']"
山东职业学院,['4551'],[],title_description,1,0,[],,['39537'],[0.5235176682472229],['title_description']
山东职业学院,['4551'],[],title_description,3,1,['4551'],3.0,"['39537', '52364', '4551']","[0.5235176682472229, 0.48954343795776367, 0.48559707403182983]","['title_description', 'title_description', 'title_description']"
山西职业技术学院,['4551'],[],title_description,1,0,[],,['39537'],[0.495735764503479],['title_description']
山西职业技术学院,['4551'],[],title_description,3,1,['4551'],3.0,"['39537', '52364', '4551']","[0.495735764503479, 0.4818725883960724, 0.4622006416320801]","['title_description', 'title_description', 'title_description']"
州职业技术学院有哪些专业,['4551'],[],title_description,1,0,[],,['52364'],[0.5049185156822205],['title_description']
州职业技术学院有哪些专业,['4551'],[],title_description,3,0,[],,"['52364', '60293', '39537']","[0.5049185156822205, 0.5026014447212219, 0.5010614991188049]","['title_description', 'title_description', 'title_description']"
广州华南学院,['4551'],[],title_description,1,0,[],,['39537'],[0.5338242053985596],['title_description']
广州华南学院,['4551'],[],title_description,3,0,[],,"['39537', '52364', '51129']","[0.5338242053985596, 0.5121963620185852, 0.4863600730895996]","['title_description', 'title_description', 'title_description']"
广西中医药大学专业有哪些,['4551'],[],title_description,1,0,[],,['52364'],[0.5301121473312378],['title_description']
广西中医药大学专业有哪些,['4551'],[],title_description,3,0,[],,"['52364', '39537', '51129']","[0.5301121473312378, 0.4997390806674957, 0.4930150508880615]","['title_description', 'title_description', 'title_description']"
广西职业技术学院,['4551'],[],title_description,1,0,[],,['39537'],[0.5032700896263123],['title_description']
广西职业技术学院,['4551'],[],title_description,3,0,[],,"['39537', '47242', '52364']","[0.5032700896263123, 0.49731919169425964, 0.4929409325122833]","['title_description', 'title_description', 'title_description']"
成都理工,['4551'],[],title_description,1,0,[],,['39537'],[0.550712525844574],['title_description']
成都理工,['4551'],[],title_description,3,1,['4551'],3.0,"['39537', '52364', '4551']","[0.550712525844574, 0.5412640571594238, 0.5096465349197388]","['title_description', 'title_description', 'title_description']"
成都理工大学2025年录取分数线,['4551'],[],title_description,1,0,[],,['52364'],[0.50038743019104],['title_description']
成都理工大学2025年录取分数线,['4551'],[],title_description,3,1,['4551'],3.0,"['52364', '39537', '4551']","[0.50038743019104, 0.46464771032333374, 0.45106440782546997]","['title_description', 'title_description', 'title_description']"
新疆理工学院,['4551'],[],title_description,1,0,[],,['39537'],[0.5313500165939331],['title_description']
新疆理工学院,['4551'],[],title_description,3,1,['4551'],3.0,"['39537', '52364', '4551']","[0.5313500165939331, 0.5130321979522705, 0.48768532276153564]","['title_description', 'title_description', 'title_description']"
无锡商业职业技术学院录取线,['4551'],[],title_description,1,0,[],,['52364'],[0.5256083607673645],['title_description']
无锡商业职业技术学院录取线,['4551'],[],title_description,3,0,[],,"['52364', '39537', '51129']","[0.5256083607673645, 0.5083385705947876, 0.4850994348526001]","['title_description', 'title_description', 'title_description']"
昆明理工大学学费多少钱一年,['4551'],[],title_description,1,0,[],,['39537'],[0.4690074920654297],['title_description']
昆明理工大学学费多少钱一年,['4551'],[],title_description,3,0,[],,"['39537', '52364', '51129']","[0.4690074920654297, 0.45771750807762146, 0.4527319669723511]","['title_description', 'title_description', 'title_description']"
桂林信息科技学院王牌专业,['4551'],[],title_description,1,0,[],,['52364'],[0.5609630346298218],['title_description']
桂林信息科技学院王牌专业,['4551'],[],title_description,3,0,[],,"['52364', '39537', '51129']","[0.5609630346298218, 0.5511261820793152, 0.5392093062400818]","['title_description', 'title_description', 'title_description']"
桂林学院,['4551'],[],title_description,1,0,[],,['39537'],[0.49233514070510864],['title_description']
桂林学院,['4551'],[],title_description,3,0,[],,"['39537', '52364', '47242']","[0.49233514070510864, 0.49140578508377075, 0.47064363956451416]","['title_description', 'title_description', 'title_description']"
武汉外语外事职业学院招生章程,['4551'],[],title_description,1,0,[],,['39537'],[0.4722064435482025],['title_description']
武汉外语外事职业学院招生章程,['4551'],[],title_description,3,0,[],,"['39537', '60293', '52364']","[0.4722064435482025, 0.4388708472251892, 0.4353443384170532]","['title_description', 'title_description', 'title_description']"
武汉大学多少分,['4551'],[],title_description,1,0,[],,['52364'],[0.5121747255325317],['title_description']
武汉大学多少分,['4551'],[],title_description,3,0,[],,"['52364', '39537', '51129']","[0.5121747255325317, 0.4958072900772095, 0.46795642375946045]","['title_description', 'title_description', 'title_description']"
武汉文理学院是正规大学吗,['4551'],[],title_description,1,0,[],,['52364'],[0.48823097348213196],['title_description']
武汉文理学院是正规大学吗,['4551'],[],title_description,3,1,['4551'],3.0,"['52364', '39537', '4551']","[0.48823097348213196, 0.47907769680023193, 0.46789082884788513]","['title_description', 'title_description', 'title_description']"
武汉理工学院2025年录取分数线是多少,['4551'],[],title_description,1,0,[],,['52364'],[0.5117008686065674],['title_description']
武汉理工学院2025年录取分数线是多少,['4551'],[],title_description,3,0,[],,"['52364', '39537', '51129']","[0.5117008686065674, 0.4637576937675476, 0.4581466615200043]","['title_description', 'title_description', 'title_description']"
武汉纺织大学专业有哪些,['4551'],[],title_description,1,0,[],,['52364'],[0.5323775410652161],['title_description']
武汉纺织大学专业有哪些,['4551'],[],title_description,3,0,[],,"['52364', '39537', '51129']","[0.5323775410652161, 0.5000365972518921, 0.49530330300331116]","['title_description', 'title_description', 'title_description']"
汉职业技术学院,['4551'],[],title_description,1,0,[],,['39537'],[0.5515221357345581],['title_description']
汉职业技术学院,['4551'],[],title_description,3,0,[],,"['39537', '52364', '60293']","[0.5515221357345581, 0.49927669763565063, 0.4929516017436981]","['title_description', 'title_description', 'title_description']"
江南大学山西录取分数线,['4551'],[],title_description,1,0,[],,['52364'],[0.5527992248535156],['title_description']
江南大学山西录取分数线,['4551'],[],title_description,3,0,[],,"['52364', '51129', '39537']","[0.5527992248535156, 0.5014898777008057, 0.49285784363746643]","['title_description', 'title_description', 'title_description']"
江苏大学的录取分数线,['4551'],[],title_description,1,0,[],,['52364'],[0.592406690120697],['title_description']
江苏大学的录取分数线,['4551'],[],title_description,3,0,[],,"['52364', '39537', '51129']","[0.592406690120697, 0.5624431371688843, 0.5409696102142334]","['title_description', 'title_description', 'title_description']"
江苏省警官学院录取分数线是多少,['4551'],[],title_description,1,0,[],,['52364'],[0.48219358921051025],['title_description']
江苏省警官学院录取分数线是多少,['4551'],[],title_description,3,0,[],,"['52364', '39537', '51129']","[0.48219358921051025, 0.4386879503726959, 0.43839216232299805]","['title_description', 'title_description', 'title_description']"
江西师范科技学院,['4551'],[],title_description,1,0,[],,['39537'],[0.5407997965812683],['title_description']
江西师范科技学院,['4551'],[],title_description,3,1,['4551'],3.0,"['39537', '52364', '4551']","[0.5407997965812683, 0.5136820077896118, 0.5134340524673462]","['title_description', 'title_description', 'title_description']"
江西应用技术职业学院招生简章,['4551'],[],title_description,1,0,[],,['39537'],[0.5226019620895386],['title_description']
江西应用技术职业学院招生简章,['4551'],[],title_description,3,0,[],,"['39537', '60293', '52364']","[0.5226019620895386, 0.5005402565002441, 0.4651055335998535]","['title_description', 'title_description', 'title_description']"
沈阳工学院,['4551'],[],title_description,1,0,[],,['39537'],[0.5285556316375732],['title_description']
沈阳工学院,['4551'],[],title_description,3,1,['4551'],3.0,"['39537', '52364', '4551']","[0.5285556316375732, 0.5237338542938232, 0.4871806502342224]","['title_description', 'title_description', 'title_description']"
河北电力大学,['4551'],[],title_description,1,0,[],,['52364'],[0.5398060083389282],['title_description']
河北电力大学,['4551'],[],title_description,3,1,['4551'],3.0,"['52364', '39537', '4551']","[0.5398060083389282, 0.5378663539886475, 0.512248158454895]","['title_description', 'title_description', 'title_description']"
河北科技大学2025年录取分数线是多少,['4551'],[],title_description,1,0,[],,['52364'],[0.4969858229160309],['title_description']
河北科技大学2025年录取分数线是多少,['4551'],[],title_description,3,0,[],,"['52364', '39537', '51129']","[0.4969858229160309, 0.4741077721118927, 0.45284610986709595]","['title_description', 'title_description', 'title_description']"
河北经贸大学录取分数线,['4551'],[],title_description,1,0,[],,['52364'],[0.5418866276741028],['title_description']
河北经贸大学录取分数线,['4551'],[],title_description,3,1,['4551'],3.0,"['52364', '39537', '4551']","[0.5418866276741028, 0.4875178933143616, 0.4662945866584778]","['title_description', 'title_description', 'title_description']"
河南工业大学的录取分数线,['4551'],[],title_description,1,0,[],,['52364'],[0.586864709854126],['title_description']
河南工业大学的录取分数线,['4551'],[],title_description,3,0,[],,"['52364', '39537', '51129']","[0.586864709854126, 0.5564934015274048, 0.5256342887878418]","['title_description', 'title_description', 'title_description']"
河南财经政法大学专业,['4551'],[],title_description,1,0,[],,['52364'],[0.5560436844825745],['title_description']
河南财经政法大学专业,['4551'],[],title_description,3,0,[],,"['52364', '39537', '51129']","[0.5560436844825745, 0.5499655604362488, 0.5273940563201904]","['title_description', 'title_description', 'title_description']"
浙大2025录取分数线是多少,['4551'],[],title_description,1,0,[],,['52364'],[0.49609315395355225],['title_description']
浙大2025录取分数线是多少,['4551'],[],title_description,3,1,['4551'],3.0,"['52364', '39537', '4551']","[0.49609315395355225, 0.48195090889930725, 0.44020867347717285]","['title_description', 'title_description', 'title_description']"
浙大在浙江的录取分数线,['4551'],[],title_description,1,0,[],,['39537'],[0.5656518340110779],['title_description']
浙大在浙江的录取分数线,['4551'],[],title_description,3,0,[],,"['39537', '52364', '51129']","[0.5656518340110779, 0.564547598361969, 0.5125408172607422]","['title_description', 'title_description', 'title_description']"
浙江东方学院,['4551'],[],title_description,1,0,[],,['39537'],[0.5288611650466919],['title_description']
浙江东方学院,['4551'],[],title_description,3,1,['4551'],3.0,"['39537', '52364', '4551']","[0.5288611650466919, 0.5080243945121765, 0.4881868362426758]","['title_description', 'title_description', 'title_description']"
浙江大学学费一年多少,['4551'],[],title_description,1,0,[],,['39537'],[0.48383378982543945],['title_description']
浙江大学学费一年多少,['4551'],[],title_description,3,0,[],,"['39537', '52364', '51129']","[0.48383378982543945, 0.4787088632583618, 0.46334308385849]","['title_description', 'title_description', 'title_description']"
浙江科技大学有哪些专业,['4551'],[],title_description,1,0,[],,['52364'],[0.5366926789283752],['title_description']
浙江科技大学有哪些专业,['4551'],[],title_description,3,0,[],,"['52364', '39537', '39529']","[0.5366926789283752, 0.5188000202178955, 0.5180137157440186]","['title_description', 'title_description', 'title_description']"
海南师范大学录取分数线,['4551'],[],title_description,1,0,[],,['52364'],[0.5497269630432129],['title_description']
海南师范大学录取分数线,['4551'],[],title_description,3,0,[],,"['52364', '39537', '51129']","[0.5497269630432129, 0.5222334861755371, 0.4816751480102539]","['title_description', 'title_description', 'title_description']"
海南科技职业学院,['4551'],[],title_description,1,0,[],,['39537'],[0.5304176807403564],['title_description']
海南科技职业学院,['4551'],[],title_description,3,0,[],,"['39537', '52364', '5917']","[0.5304176807403564, 0.4732035994529724, 0.47211772203445435]","['title_description', 'title_description', 'title_description']"
淄博职业技术大学,['4551'],[],title_description,1,0,[],,['39537'],[0.5157021880149841],['title_description']
淄博职业技术大学,['4551'],[],title_description,3,0,[],,"['39537', '52364', '51129']","[0.5157021880149841, 0.49249714612960815, 0.4767124056816101]","['title_description', 'title_description', 'title_description']"
深信息今年录取分数多少,['4551'],[],title_description,1,0,[],,['39537'],[0.5513768196105957],['title_description']
深信息今年录取分数多少,['4551'],[],title_description,3,0,[],,"['39537', '52364', '51129']","[0.5513768196105957, 0.5363175868988037, 0.5244624614715576]","['title_description', 'title_description', 'title_description']"
深圳大学的录取分数线,['4551'],[],title_description,1,0,[],,['52364'],[0.5833888649940491],['title_description']
深圳大学的录取分数线,['4551'],[],title_description,3,0,[],,"['52364', '39537', '51129']","[0.5833888649940491, 0.5612170696258545, 0.5300459265708923]","['title_description', 'title_description', 'title_description']"
深圳技术大学有哪些专业,['4551'],[],title_description,1,0,[],,['52364'],[0.5087348818778992],['title_description']
深圳技术大学有哪些专业,['4551'],[],title_description,3,0,[],,"['52364', '39537', '39529']","[0.5087348818778992, 0.49432528018951416, 0.47857025265693665]","['title_description', 'title_description', 'title_description']"
清华录取分数线,['4551'],[],title_description,1,0,[],,['52364'],[0.5730476379394531],['title_description']
清华录取分数线,['4551'],[],title_description,3,0,[],,"['52364', '39537', '51129']","[0.5730476379394531, 0.5607596635818481, 0.5133606195449829]","['title_description', 'title_description', 'title_description']"
温州医科大学分数线,['4551'],[],title_description,1,0,[],,['52364'],[0.4861752688884735],['title_description']
温州医科大学分数线,['4551'],[],title_description,3,0,[],,"['52364', '39537', '51129']","[0.4861752688884735, 0.4649145007133484, 0.4535510838031769]","['title_description', 'title_description', 'title_description']"
温州肯恩大学2025年录取分数线,['4551'],[],title_description,1,0,[],,['52364'],[0.4773043096065521],['title_description']
温州肯恩大学2025年录取分数线,['4551'],[],title_description,3,0,[],,"['52364', '39537', '51129']","[0.4773043096065521, 0.45388829708099365, 0.4410128593444824]","['title_description', 'title_description', 'title_description']"
湖北武汉大学录取分数线,['4551'],[],title_description,1,0,[],,['52364'],[0.5494403839111328],['title_description']
湖北武汉大学录取分数线,['4551'],[],title_description,3,0,[],,"['52364', '39537', '51129']","[0.5494403839111328, 0.5017281770706177, 0.46853816509246826]","['title_description', 'title_description', 'title_description']"
湖北武汉学院,['4551'],[],title_description,1,0,[],,['39537'],[0.5365349650382996],['title_description']
湖北武汉学院,['4551'],[],title_description,3,1,['4551'],3.0,"['39537', '52364', '4551']","[0.5365349650382996, 0.5157883167266846, 0.4988362789154053]","['title_description', 'title_description', 'title_description']"
湖南幼儿师范高等专科学校,['4551'],[],title_description,1,0,[],,['39537'],[0.5048903226852417],['title_description']
湖南幼儿师范高等专科学校,['4551'],[],title_description,3,1,['4551'],2.0,"['39537', '4551', '52364']","[0.5048903226852417, 0.4716743230819702, 0.46166685223579407]","['title_description', 'title_description', 'title_description']"
湖南民族职业学院招生简章,['4551'],[],title_description,1,0,[],,['39537'],[0.48996108770370483],['title_description']
湖南民族职业学院招生简章,['4551'],[],title_description,3,0,[],,"['39537', '60293', '52364']","[0.48996108770370483, 0.44792041182518005, 0.43524885177612305]","['title_description', 'title_description', 'title_description']"
湖南科技大学录取分数线,['4551'],[],title_description,1,0,[],,['52364'],[0.5741174221038818],['title_description']
湖南科技大学录取分数线,['4551'],[],title_description,3,0,[],,"['52364', '39537', '51129']","[0.5741174221038818, 0.5442812442779541, 0.5214320421218872]","['title_description', 'title_description', 'title_description']"
湖南职业学院,['4551'],[],title_description,1,0,[],,['39537'],[0.5303560495376587],['title_description']
湖南职业学院,['4551'],[],title_description,3,0,[],,"['39537', '60293', '52364']","[0.5303560495376587, 0.49969321489334106, 0.48873385787010193]","['title_description', 'title_description', 'title_description']"
火箭军工程大学,['4551'],[],title_description,1,1,['4551'],1.0,['4551'],[0.518726110458374],['title_description']
火箭军工程大学,['4551'],[],title_description,3,1,['4551'],1.0,"['4551', '39537', '52364']","[0.518726110458374, 0.48342788219451904, 0.4801918864250183]","['title_description', 'title_description', 'title_description']"
福建医科大学录取分数线,['4551'],[],title_description,1,0,[],,['52364'],[0.5269637703895569],['title_description']
福建医科大学录取分数线,['4551'],[],title_description,3,0,[],,"['52364', '39537', '51129']","[0.5269637703895569, 0.49808141589164734, 0.4839671850204468]","['title_description', 'title_description', 'title_description']"
空军航空大学录取分数线,['4551'],[],title_description,1,0,[],,['52364'],[0.5173991918563843],['title_description']
空军航空大学录取分数线,['4551'],[],title_description,3,1,['4551'],2.0,"['52364', '4551', '39537']","[0.5173991918563843, 0.5059871077537537, 0.4812341630458832]","['title_description', 'title_description', 'title_description']"
聊城大学东昌学院分数线,['4551'],[],title_description,1,0,[],,['52364'],[0.5280497074127197],['title_description']
聊城大学东昌学院分数线,['4551'],[],title_description,3,0,[],,"['52364', '39537', '51129']","[0.5280497074127197, 0.5199878215789795, 0.48407793045043945]","['title_description', 'title_description', 'title_description']"
衢职院一年学费多少,['4551'],[],title_description,1,0,[],,['39537'],[0.4806789457798004],['title_description']
衢职院一年学费多少,['4551'],[],title_description,3,0,[],,"['39537', '60293', '51129']","[0.4806789457798004, 0.4629080593585968, 0.45830005407333374]","['title_description', 'title_description', 'title_description']"
西交利物浦大学录取分数线,['4551'],[],title_description,1,0,[],,['52364'],[0.5363481044769287],['title_description']
西交利物浦大学录取分数线,['4551'],[],title_description,3,0,[],,"['52364', '39537', '51129']","[0.5363481044769287, 0.5009766221046448, 0.48472627997398376]","['title_description', 'title_description', 'title_description']"
西北农林林科技大学,['4551'],[],title_description,1,0,[],,['39537'],[0.5199355483055115],['title_description']
西北农林林科技大学,['4551'],[],title_description,3,1,['4551'],3.0,"['39537', '52364', '4551']","[0.5199355483055115, 0.5085711479187012, 0.49550551176071167]","['title_description', 'title_description', 'title_description']"
西北工业大学,['4551'],[],title_description,1,0,[],,['52364'],[0.5249186754226685],['title_description']
西北工业大学,['4551'],[],title_description,3,1,['4551'],3.0,"['52364', '39537', '4551']","[0.5249186754226685, 0.5219215154647827, 0.5194993019104004]","['title_description', 'title_description', 'title_description']"
西华大学今年的录取分数线是多少,['4551'],[],title_description,1,0,[],,['52364'],[0.5230947136878967],['title_description']
西华大学今年的录取分数线是多少,['4551'],[],title_description,3,0,[],,"['52364', '39537', '51129']","[0.5230947136878967, 0.4880450367927551, 0.4821452498435974]","['title_description', 'title_description', 'title_description']"
西南大学2025年录取分数线,['4551'],[],title_description,1,0,[],,['52364'],[0.5030161142349243],['title_description']
西南大学2025年录取分数线,['4551'],[],title_description,3,0,[],,"['52364', '39537', '51129']","[0.5030161142349243, 0.4684186279773712, 0.45058006048202515]","['title_description', 'title_description', 'title_description']"
西安医科大学,['4551'],[],title_description,1,0,[],,['39537'],[0.499885231256485],['title_description']
西安医科大学,['4551'],[],title_description,3,1,['4551'],3.0,"['39537', '52364', '4551']","[0.499885231256485, 0.47931697964668274, 0.46797412633895874]","['title_description', 'title_description', 'title_description']"
西安外国语大学录取分数线,['4551'],[],title_description,1,0,[],,['52364'],[0.5498483777046204],['title_description']
西安外国语大学录取分数线,['4551'],[],title_description,3,0,[],,"['52364', '39537', '51129']","[0.5498483777046204, 0.49860087037086487, 0.48007121682167053]","['title_description', 'title_description', 'title_description']"
西安理工大学招生简章,['4551'],[],title_description,1,0,[],,['39537'],[0.5438776016235352],['title_description']
西安理工大学招生简章,['4551'],[],title_description,3,0,[],,"['39537', '52364', '51129']","[0.5438776016235352, 0.5182985663414001, 0.47759777307510376]","['title_description', 'title_description', 'title_description']"
西安理工王牌专业有哪些,['4551'],[],title_description,1,0,[],,['52364'],[0.5705994367599487],['title_description']
西安理工王牌专业有哪些,['4551'],[],title_description,3,0,[],,"['52364', '51129', '39537']","[0.5705994367599487, 0.519776463508606, 0.5058425068855286]","['title_description', 'title_description', 'title_description']"
西安西京学院,['4551'],[],title_description,1,0,[],,['39537'],[0.5641406774520874],['title_description']
西安西京学院,['4551'],[],title_description,3,1,['4551'],3.0,"['39537', '52364', '4551']","[0.5641406774520874, 0.5563425421714783, 0.519526481628418]","['title_description', 'title_description', 'title_description']"
辽宁铁道学院,['4551'],[],title_description,1,0,[],,['39537'],[0.5136961936950684],['title_description']
辽宁铁道学院,['4551'],[],title_description,3,1,['4551'],3.0,"['39537', '52364', '4551']","[0.5136961936950684, 0.5002414584159851, 0.4825012683868408]","['title_description', 'title_description', 'title_description']"
钦州幼儿师范高等专科学校学费,['4551'],[],title_description,1,0,[],,['39537'],[0.42938923835754395],['title_description']
钦州幼儿师范高等专科学校学费,['4551'],[],title_description,3,0,[],,"['39537', '52364', '5273']","[0.42938923835754395, 0.3991882801055908, 0.386467844247818]","['title_description', 'title_description', 'title_description']"
长安大学2025年录取分数线是多少,['4551'],[],title_description,1,0,[],,['52364'],[0.5048374533653259],['title_description']
长安大学2025年录取分数线是多少,['4551'],[],title_description,3,0,[],,"['52364', '39537', '51129']","[0.5048374533653259, 0.4814789593219757, 0.45433637499809265]","['title_description', 'title_description', 'title_description']"
长春大学,['4551'],[],title_description,1,0,[],,['39537'],[0.5380563139915466],['title_description']
长春大学,['4551'],[],title_description,3,1,['4551'],3.0,"['39537', '52364', '4551']","[0.5380563139915466, 0.5115708112716675, 0.48328813910484314]","['title_description', 'title_description', 'title_description']"
长沙师范学院招生简章,['4551'],[],title_description,1,0,[],,['39537'],[0.5126941204071045],['title_description']
长沙师范学院招生简章,['4551'],[],title_description,3,0,[],,"['39537', '52364', '60293']","[0.5126941204071045, 0.4553765058517456, 0.45196524262428284]","['title_description', 'title_description', 'title_description']"
阳光学院王牌专业是什么,['4551'],[],title_description,1,0,[],,['52364'],[0.5810413360595703],['title_description']
阳光学院王牌专业是什么,['4551'],[],title_description,3,0,[],,"['52364', '39537', '51129']","[0.5810413360595703, 0.5615848302841187, 0.5510447025299072]","['title_description', 'title_description', 'title_description']"
陆军工程大学2025年录取分数线,['4551'],[],title_description,1,1,['4551'],1.0,['4551'],[0.5349680185317993],['title_description']
陆军工程大学2025年录取分数线,['4551'],[],title_description,3,1,['4551'],1.0,"['4551', '52364', '51129']","[0.5349680185317993, 0.5088909268379211, 0.4597803056240082]","['title_description', 'title_description', 'title_description']"
陆军工程大学的录取分数线,['4551'],[],title_description,1,1,['4551'],1.0,['4551'],[0.5779020190238953],['title_description']
陆军工程大学的录取分数线,['4551'],[],title_description,3,1,['4551'],1.0,"['4551', '52364', '39537']","[0.5779020190238953, 0.5767294764518738, 0.5317208766937256]","['title_description', 'title_description', 'title_description']"
陕师大,['4551'],[],title_description,1,0,[],,['39537'],[0.5314319133758545],['title_description']
陕师大,['4551'],[],title_description,3,1,['4551'],3.0,"['39537', '52364', '4551']","[0.5314319133758545, 0.5243606567382812, 0.49398908019065857]","['title_description', 'title_description', 'title_description']"
陕西省职业技术学院,['4551'],[],title_description,1,0,[],,['39537'],[0.510324239730835],['title_description']
陕西省职业技术学院,['4551'],[],title_description,3,0,[],,"['39537', '60293', '52364']","[0.510324239730835, 0.488278865814209, 0.4865199327468872]","['title_description', 'title_description', 'title_description']"
齐齐哈尔医学院,['4551'],[],title_description,1,0,[],,['39537'],[0.5119178891181946],['title_description']
齐齐哈尔医学院,['4551'],[],title_description,3,0,[],,"['39537', '52364', '51129']","[0.5119178891181946, 0.48002588748931885, 0.466469943523407]","['title_description', 'title_description', 'title_description']"
