query,gold_ids,missing_gold_ids,view,k,pass_at_k,hit_ids,first_hit_rank,recall_ids,recall_scores,recall_views
《出塞》拼音版,['52336'],[],description,1,0,[],,['51376'],[0.5394598841667175],['description']
《出塞》拼音版,['52336'],[],description,3,0,[],,"['51376', '51377', '51378']","[0.5394598841667175, 0.527725100517273, 0.5082453489303589]","['description', 'description', 'description']"
个头的拼音,['52336'],[],description,1,0,[],,['51388'],[0.6169683933258057],['description']
个头的拼音,['52336'],[],description,3,0,[],,"['51388', '51381', '51382']","[0.6169683933258057, 0.6110037565231323, 0.5889548659324646]","['description', 'description', 'description']"
乐于助人的近义词,['52336'],[],description,1,0,[],,['51386'],[0.5321437120437622],['description']
乐于助人的近义词,['52336'],[],description,3,0,[],,"['51386', '51388', '51387']","[0.5321437120437622, 0.5007494688034058, 0.4982280135154724]","['description', 'description', 'description']"
京东拼音怎么拼写,['52336'],[],description,1,0,[],,['51388'],[0.6350613832473755],['description']
京东拼音怎么拼写,['52336'],[],description,3,0,[],,"['51388', '51381', '51382']","[0.6350613832473755, 0.6046795845031738, 0.5997196435928345]","['description', 'description', 'description']"
仔细的反义词是什么,['52336'],[],description,1,0,[],,['51388'],[0.5850058794021606],['description']
仔细的反义词是什么,['52336'],[],description,3,1,['52336'],3.0,"['51388', '51386', '52336']","[0.5850058794021606, 0.5728238821029663, 0.5456966161727905]","['description', 'description', 'description']"
伦巴的拼音,['52336'],[],description,1,0,[],,['51388'],[0.5396368503570557],['description']
伦巴的拼音,['52336'],[],description,3,0,[],,"['51388', '51381', '51377']","[0.5396368503570557, 0.5199886560440063, 0.5081491470336914]","['description', 'description', 'description']"
何必的近义词,['52336'],[],description,1,0,[],,['51388'],[0.5148206353187561],['description']
何必的近义词,['52336'],[],description,3,1,['52336'],3.0,"['51388', '51386', '52336']","[0.5148206353187561, 0.5104581713676453, 0.4859315752983093]","['description', 'description', 'description']"
作茧自缚读音,['52336'],[],description,1,1,['52336'],1.0,['52336'],[0.46233537793159485],['description']
作茧自缚读音,['52336'],[],description,3,1,['52336'],1.0,"['52336', '51388', '52523']","[0.46233537793159485, 0.45946842432022095, 0.4491550922393799]","['description', 'description', 'description']"
便宜拼音,['52336'],[],description,1,0,[],,['51388'],[0.5768723487854004],['description']
便宜拼音,['52336'],[],description,3,0,[],,"['51388', '60338', '47198']","[0.5768723487854004, 0.5699833631515503, 0.5363529920578003]","['description', 'description', 'description']"
信赖的近义词,['52336'],[],description,1,0,[],,['51386'],[0.5224114656448364],['description']
信赖的近义词,['52336'],[],description,3,1,['52336'],3.0,"['51386', '51388', '52336']","[0.5224114656448364, 0.5122412443161011, 0.4885715842247009]","['description', 'description', 'description']"
停当怎么读,['52336'],[],description,1,0,[],,['51388'],[0.508804202079773],['description']
停当怎么读,['52336'],[],description,3,0,[],,"['51388', '51382', '51377']","[0.508804202079773, 0.4974648356437683, 0.48491406440734863]","['description', 'description', 'description']"
先人的拼音,['52336'],[],description,1,0,[],,['51388'],[0.5702463388442993],['description']
先人的拼音,['52336'],[],description,3,0,[],,"['51388', '51381', '51377']","[0.5702463388442993, 0.5632590651512146, 0.5459131002426147]","['description', 'description', 'description']"
其实繁体字,['52336'],[],description,1,0,[],,['51382'],[0.625890851020813],['description']
其实繁体字,['52336'],[],description,3,0,[],,"['51382', '51388', '51381']","[0.625890851020813, 0.6209713220596313, 0.6167203187942505]","['description', 'description', 'description']"
军人的拼音,['52336'],[],description,1,0,[],,['51388'],[0.5386214256286621],['description']
军人的拼音,['52336'],[],description,3,0,[],,"['51388', '51381', '51382']","[0.5386214256286621, 0.533419132232666, 0.49763283133506775]","['description', 'description', 'description']"
加工拼音,['52336'],[],description,1,0,[],,['51388'],[0.7559379935264587],['description']
加工拼音,['52336'],[],description,3,0,[],,"['51388', '51381', '51377']","[0.7559379935264587, 0.7375115752220154, 0.689162015914917]","['description', 'description', 'description']"
动画的拼音,['52336'],[],description,1,0,[],,['51388'],[0.6277827024459839],['description']
动画的拼音,['52336'],[],description,3,0,[],,"['51388', '51381', '51377']","[0.6277827024459839, 0.6043680906295776, 0.5897747278213501]","['description', 'description', 'description']"
匝道怎么读,['52336'],[],description,1,0,[],,['51388'],[0.4664868414402008],['description']
匝道怎么读,['52336'],[],description,3,0,[],,"['51388', '51382', '52524']","[0.4664868414402008, 0.46039053797721863, 0.4566206932067871]","['description', 'description', 'description']"
卢昱晓怎么读,['52336'],[],description,1,0,[],,['51377'],[0.46446049213409424],['description']
卢昱晓怎么读,['52336'],[],description,3,0,[],,"['51377', '51381', '51388']","[0.46446049213409424, 0.45696377754211426, 0.4563462436199188]","['description', 'description', 'description']"
可以近义词是什么,['52336'],[],description,1,0,[],,['51388'],[0.69440096616745],['description']
可以近义词是什么,['52336'],[],description,3,0,[],,"['51388', '51386', '51381']","[0.69440096616745, 0.6743022799491882, 0.6497131586074829]","['description', 'description', 'description']"
君珠怎么读音是什么读,['52336'],[],description,1,0,[],,['51381'],[0.5052057504653931],['description']
君珠怎么读音是什么读,['52336'],[],description,3,0,[],,"['51381', '51377', '52524']","[0.5052057504653931, 0.498010516166687, 0.4958640933036804]","['description', 'description', 'description']"
呢称的读音,['52336'],[],description,1,0,[],,['51381'],[0.5069621801376343],['description']
呢称的读音,['52336'],[],description,3,0,[],,"['51381', '51388', '51377']","[0.5069621801376343, 0.5017800331115723, 0.48565471172332764]","['description', 'description', 'description']"
呲牙的拼音,['52336'],[],description,1,0,[],,['51388'],[0.5152133107185364],['description']
呲牙的拼音,['52336'],[],description,3,0,[],,"['51388', '51381', '51382']","[0.5152133107185364, 0.4868725538253784, 0.4766387343406677]","['description', 'description', 'description']"
咒语的拼音,['52336'],[],description,1,0,[],,['51388'],[0.5886869430541992],['description']
咒语的拼音,['52336'],[],description,3,1,['52336'],3.0,"['51388', '51381', '52336']","[0.5886869430541992, 0.5707240104675293, 0.5455325841903687]","['description', 'description', 'description']"
嗔怒的拼音,['52336'],[],description,1,0,[],,['51388'],[0.5272789001464844],['description']
嗔怒的拼音,['52336'],[],description,3,1,['52336'],3.0,"['51388', '51381', '52336']","[0.5272789001464844, 0.49859488010406494, 0.4978192150592804]","['description', 'description', 'description']"
嘤嘤成韵的拼音,['52336'],[],description,1,0,[],,['51381'],[0.5620174407958984],['description']
嘤嘤成韵的拼音,['52336'],[],description,3,0,[],,"['51381', '51377', '51388']","[0.5620174407958984, 0.5506883263587952, 0.5456727743148804]","['description', 'description', 'description']"
处境的拼音,['52336'],[],description,1,0,[],,['51388'],[0.5604761838912964],['description']
处境的拼音,['52336'],[],description,3,1,['52336'],2.0,"['51388', '52336', '51381']","[0.5604761838912964, 0.5258225202560425, 0.524559736251831]","['description', 'description', 'description']"
安心的近义词,['52336'],[],description,1,0,[],,['51386'],[0.5019810795783997],['description']
安心的近义词,['52336'],[],description,3,1,['52336'],3.0,"['51386', '51388', '52336']","[0.5019810795783997, 0.4899430274963379, 0.479559063911438]","['description', 'description', 'description']"
寂寞的拼音,['52336'],[],description,1,0,[],,['51388'],[0.5709106922149658],['description']
寂寞的拼音,['52336'],[],description,3,0,[],,"['51388', '51381', '51382']","[0.5709106922149658, 0.5578207969665527, 0.5270240306854248]","['description', 'description', 'description']"
寤生怎么读,['52336'],[],description,1,0,[],,['51388'],[0.47594696283340454],['description']
寤生怎么读,['52336'],[],description,3,0,[],,"['51388', '51381', '52524']","[0.47594696283340454, 0.47177600860595703, 0.4630149006843567]","['description', 'description', 'description']"
崩裂怎么读,['52336'],[],description,1,0,[],,['52523'],[0.4702646732330322],['description']
崩裂怎么读,['52336'],[],description,3,0,[],,"['52523', '51388', '51382']","[0.4702646732330322, 0.4618953466415405, 0.45431843400001526]","['description', 'description', 'description']"
干谒诗怎么读音,['52336'],[],description,1,0,[],,['51378'],[0.5471896529197693],['description']
干谒诗怎么读音,['52336'],[],description,3,0,[],,"['51378', '51376', '51377']","[0.5471896529197693, 0.5447672605514526, 0.5430842638015747]","['description', 'description', 'description']"
序言的拼音,['52336'],[],description,1,0,[],,['51388'],[0.6149325966835022],['description']
序言的拼音,['52336'],[],description,3,0,[],,"['51388', '51377', '51381']","[0.6149325966835022, 0.6045607328414917, 0.5959863066673279]","['description', 'description', 'description']"
应该反义词是什么,['52336'],[],description,1,0,[],,['51388'],[0.7165071368217468],['description']
应该反义词是什么,['52336'],[],description,3,1,['52336'],3.0,"['51388', '51386', '52336']","[0.7165071368217468, 0.6831279993057251, 0.653461754322052]","['description', 'description', 'description']"
异曲同工的近义词,['52336'],[],description,1,0,[],,['51386'],[0.5376791954040527],['description']
异曲同工的近义词,['52336'],[],description,3,0,[],,"['51386', '51387', '51381']","[0.5376791954040527, 0.5360402464866638, 0.5253624320030212]","['description', 'description', 'description']"
弹劾的读音,['52336'],[],description,1,0,[],,['51388'],[0.46955758333206177],['description']
弹劾的读音,['52336'],[],description,3,1,['52336'],3.0,"['51388', '52523', '52336']","[0.46955758333206177, 0.467252254486084, 0.4630129337310791]","['description', 'description', 'description']"
当之无愧拼音,['52336'],[],description,1,1,['52336'],1.0,['52336'],[0.5572230815887451],['description']
当之无愧拼音,['52336'],[],description,3,1,['52336'],1.0,"['52336', '51388', '52523']","[0.5572230815887451, 0.5416665077209473, 0.4945482611656189]","['description', 'description', 'description']"
御寒的拼音,['52336'],[],description,1,0,[],,['51388'],[0.5852891206741333],['description']
御寒的拼音,['52336'],[],description,3,0,[],,"['51388', '51381', '51377']","[0.5852891206741333, 0.5569813251495361, 0.5532695651054382]","['description', 'description', 'description']"
心愿的拼音,['52336'],[],description,1,0,[],,['51388'],[0.6030838489532471],['description']
心愿的拼音,['52336'],[],description,3,0,[],,"['51388', '51381', '51377']","[0.6030838489532471, 0.569202184677124, 0.5388059616088867]","['description', 'description', 'description']"
怀古伤今的拼音,['52336'],[],description,1,0,[],,['51388'],[0.516582727432251],['description']
怀古伤今的拼音,['52336'],[],description,3,0,[],,"['51388', '51377', '51376']","[0.516582727432251, 0.5098075270652771, 0.4943886697292328]","['description', 'description', 'description']"
怎么读音,['52336'],[],description,1,0,[],,['51381'],[0.6403800249099731],['description']
怎么读音,['52336'],[],description,3,0,[],,"['51381', '51388', '51377']","[0.6403800249099731, 0.6384256482124329, 0.6082033514976501]","['description', 'description', 'description']"
急忙的近义词,['52336'],[],description,1,0,[],,['51388'],[0.5222870111465454],['description']
急忙的近义词,['52336'],[],description,3,1,['52336'],3.0,"['51388', '51386', '52336']","[0.5222870111465454, 0.5220731496810913, 0.49427059292793274]","['description', 'description', 'description']"
恍惚的拼音,['52336'],[],description,1,0,[],,['51388'],[0.563010573387146],['description']
恍惚的拼音,['52336'],[],description,3,0,[],,"['51388', '51381', '51382']","[0.563010573387146, 0.5558203458786011, 0.5256965160369873]","['description', 'description', 'description']"
恍然大悟的反义词,['52336'],[],description,1,0,[],,['51388'],[0.4970981478691101],['description']
恍然大悟的反义词,['52336'],[],description,3,1,['52336'],2.0,"['51388', '52336', '51386']","[0.4970981478691101, 0.4919145405292511, 0.4815605878829956]","['description', 'description', 'description']"
恳切的恳的意思,['52336'],[],description,1,0,[],,['51388'],[0.519598126411438],['description']
恳切的恳的意思,['52336'],[],description,3,1,['52336'],3.0,"['51388', '51382', '52336']","[0.519598126411438, 0.4930562973022461, 0.4873572587966919]","['description', 'description', 'description']"
悠久的拼音,['52336'],[],description,1,0,[],,['51388'],[0.6064493060112],['description']
悠久的拼音,['52336'],[],description,3,0,[],,"['51388', '51381', '51382']","[0.6064493060112, 0.5907347798347473, 0.5706945657730103]","['description', 'description', 'description']"
扁鹊怎么读,['52336'],[],description,1,0,[],,['52524'],[0.47655898332595825],['description']
扁鹊怎么读,['52336'],[],description,3,0,[],,"['52524', '51388', '51377']","[0.47655898332595825, 0.4627454876899719, 0.4583742618560791]","['description', 'description', 'description']"
扯着的拼音,['52336'],[],description,1,0,[],,['51381'],[0.557799220085144],['description']
扯着的拼音,['52336'],[],description,3,0,[],,"['51381', '51388', '51382']","[0.557799220085144, 0.5540260076522827, 0.5410033464431763]","['description', 'description', 'description']"
把手的拼音,['52336'],[],description,1,0,[],,['51388'],[0.5847226977348328],['description']
把手的拼音,['52336'],[],description,3,0,[],,"['51388', '51381', '51382']","[0.5847226977348328, 0.5625361204147339, 0.5481228232383728]","['description', 'description', 'description']"
抛却的拼音,['52336'],[],description,1,0,[],,['51388'],[0.5567747950553894],['description']
抛却的拼音,['52336'],[],description,3,0,[],,"['51388', '51381', '51382']","[0.5567747950553894, 0.5345074534416199, 0.5316003561019897]","['description', 'description', 'description']"
抨击的拼音,['52336'],[],description,1,0,[],,['51388'],[0.5776383280754089],['description']
抨击的拼音,['52336'],[],description,3,0,[],,"['51388', '51381', '51382']","[0.5776383280754089, 0.5207786560058594, 0.5188553929328918]","['description', 'description', 'description']"
掩盖的近义词,['52336'],[],description,1,0,[],,['51386'],[0.5153180360794067],['description']
掩盖的近义词,['52336'],[],description,3,1,['52336'],3.0,"['51386', '51388', '52336']","[0.5153180360794067, 0.5059900283813477, 0.4733210802078247]","['description', 'description', 'description']"
旖旎怎么读,['52336'],[],description,1,0,[],,['51388'],[0.4949818253517151],['description']
旖旎怎么读,['52336'],[],description,3,0,[],,"['51388', '51386', '51382']","[0.4949818253517151, 0.48077961802482605, 0.4777128994464874]","['description', 'description', 'description']"
无知近义词,['52336'],[],description,1,0,[],,['51388'],[0.5583235621452332],['description']
无知近义词,['52336'],[],description,3,1,['52336'],3.0,"['51388', '51386', '52336']","[0.5583235621452332, 0.5435189604759216, 0.5371478199958801]","['description', 'description', 'description']"
日臻的拼音,['52336'],[],description,1,0,[],,['51388'],[0.5885394811630249],['description']
日臻的拼音,['52336'],[],description,3,0,[],,"['51388', '51382', '51381']","[0.5885394811630249, 0.5644781589508057, 0.5557749271392822]","['description', 'description', 'description']"
昏暗的近义词,['52336'],[],description,1,0,[],,['51386'],[0.5281226634979248],['description']
昏暗的近义词,['52336'],[],description,3,1,['52336'],3.0,"['51386', '51388', '52336']","[0.5281226634979248, 0.5090653300285339, 0.4814208745956421]","['description', 'description', 'description']"
昱皓的拼音,['52336'],[],description,1,0,[],,['51381'],[0.6044005155563354],['description']
昱皓的拼音,['52336'],[],description,3,0,[],,"['51381', '51388', '51382']","[0.6044005155563354, 0.5800512433052063, 0.5712020397186279]","['description', 'description', 'description']"
晶莹的拼音,['52336'],[],description,1,0,[],,['51388'],[0.5664699077606201],['description']
晶莹的拼音,['52336'],[],description,3,0,[],,"['51388', '51381', '51382']","[0.5664699077606201, 0.5578683614730835, 0.5398877859115601]","['description', 'description', 'description']"
暄妍怎么读,['52336'],[],description,1,0,[],,['51377'],[0.5226514339447021],['description']
暄妍怎么读,['52336'],[],description,3,0,[],,"['51377', '51388', '51381']","[0.5226514339447021, 0.5216331481933594, 0.5165809988975525]","['description', 'description', 'description']"
有恃无恐的读音,['52336'],[],description,1,1,['52336'],1.0,['52336'],[0.4790279269218445],['description']
有恃无恐的读音,['52336'],[],description,3,1,['52336'],1.0,"['52336', '51388', '52523']","[0.4790279269218445, 0.4739147126674652, 0.46890056133270264]","['description', 'description', 'description']"
李存勖读音,['52336'],[],description,1,0,[],,['52524'],[0.5100294351577759],['description']
李存勖读音,['52336'],[],description,3,0,[],,"['52524', '52523', '51377']","[0.5100294351577759, 0.5013106465339661, 0.48861393332481384]","['description', 'description', 'description']"
标准的拼音,['52336'],[],description,1,0,[],,['51388'],[0.6693552732467651],['description']
标准的拼音,['52336'],[],description,3,0,[],,"['51388', '51381', '51382']","[0.6693552732467651, 0.6516900658607483, 0.6169443130493164]","['description', 'description', 'description']"
栖息读音,['52336'],[],description,1,0,[],,['51388'],[0.5143187046051025],['description']
栖息读音,['52336'],[],description,3,1,['52336'],2.0,"['51388', '52336', '51381']","[0.5143187046051025, 0.49314218759536743, 0.48787549138069153]","['description', 'description', 'description']"
梦想的拼音,['52336'],[],description,1,0,[],,['51388'],[0.5589224100112915],['description']
梦想的拼音,['52336'],[],description,3,0,[],,"['51388', '51381', '51377']","[0.5589224100112915, 0.5335170030593872, 0.5197819471359253]","['description', 'description', 'description']"
棒棒糖的拼音,['52336'],[],description,1,0,[],,['51388'],[0.527934193611145],['description']
棒棒糖的拼音,['52336'],[],description,3,0,[],,"['51388', '51381', '51382']","[0.527934193611145, 0.5033921003341675, 0.48773133754730225]","['description', 'description', 'description']"
欢快拼音,['52336'],[],description,1,0,[],,['51381'],[0.5261713266372681],['description']
欢快拼音,['52336'],[],description,3,0,[],,"['51381', '51382', '51388']","[0.5261713266372681, 0.5017473697662354, 0.5009651780128479]","['description', 'description', 'description']"
殷殷的读音,['52336'],[],description,1,0,[],,['51381'],[0.5624503493309021],['description']
殷殷的读音,['52336'],[],description,3,1,['52336'],3.0,"['51381', '51388', '52336']","[0.5624503493309021, 0.5515385866165161, 0.5310332179069519]","['description', 'description', 'description']"
氯化钠的拼音,['52336'],[],description,1,0,[],,['51388'],[0.5102306008338928],['description']
氯化钠的拼音,['52336'],[],description,3,0,[],,"['51388', '51381', '51377']","[0.5102306008338928, 0.5066943168640137, 0.4723079204559326]","['description', 'description', 'description']"
水流的拼音,['52336'],[],description,1,0,[],,['51388'],[0.5938196182250977],['description']
水流的拼音,['52336'],[],description,3,0,[],,"['51388', '51381', '51382']","[0.5938196182250977, 0.5827740430831909, 0.5713720917701721]","['description', 'description', 'description']"
水牛的拼音,['52336'],[],description,1,0,[],,['51388'],[0.5492477416992188],['description']
水牛的拼音,['52336'],[],description,3,0,[],,"['51388', '51381', '51382']","[0.5492477416992188, 0.527737021446228, 0.5267279148101807]","['description', 'description', 'description']"
注意拼音怎么写,['52336'],[],description,1,0,[],,['51388'],[0.7122349739074707],['description']
注意拼音怎么写,['52336'],[],description,3,0,[],,"['51388', '51381', '51382']","[0.7122349739074707, 0.7072315216064453, 0.6736975312232971]","['description', 'description', 'description']"
洽浃怎么读,['52336'],[],description,1,0,[],,['51388'],[0.468070924282074],['description']
洽浃怎么读,['52336'],[],description,3,1,['52336'],3.0,"['51388', '51382', '52336']","[0.468070924282074, 0.46288546919822693, 0.46181994676589966]","['description', 'description', 'description']"
浣熊怎么读,['52336'],[],description,1,0,[],,['51388'],[0.47650831937789917],['description']
浣熊怎么读,['52336'],[],description,3,0,[],,"['51388', '51381', '52523']","[0.47650831937789917, 0.4660009443759918, 0.4519922435283661]","['description', 'description', 'description']"
渑池的读音,['52336'],[],description,1,0,[],,['51381'],[0.48961707949638367],['description']
渑池的读音,['52336'],[],description,3,0,[],,"['51381', '51388', '51382']","[0.48961707949638367, 0.4828692078590393, 0.48105672001838684]","['description', 'description', 'description']"
温暖的反义词,['52336'],[],description,1,0,[],,['51386'],[0.5034560561180115],['description']
温暖的反义词,['52336'],[],description,3,1,['52336'],3.0,"['51386', '51388', '52336']","[0.5034560561180115, 0.4993877410888672, 0.464572548866272]","['description', 'description', 'description']"
灯光的拼音,['52336'],[],description,1,0,[],,['51388'],[0.5772824287414551],['description']
灯光的拼音,['52336'],[],description,3,0,[],,"['51388', '51381', '51377']","[0.5772824287414551, 0.5568063259124756, 0.540856659412384]","['description', 'description', 'description']"
炽热的近义词,['52336'],[],description,1,0,[],,['51386'],[0.5224238634109497],['description']
炽热的近义词,['52336'],[],description,3,1,['52336'],3.0,"['51386', '51388', '52336']","[0.5224238634109497, 0.5068327784538269, 0.49266278743743896]","['description', 'description', 'description']"
燕子窠怎么读,['52336'],[],description,1,0,[],,['51388'],[0.47444719076156616],['description']
燕子窠怎么读,['52336'],[],description,3,0,[],,"['51388', '51382', '51381']","[0.47444719076156616, 0.4734683036804199, 0.4618418216705322]","['description', 'description', 'description']"
猰貐怎么读,['52336'],[],description,1,0,[],,['51388'],[0.47668978571891785],['description']
猰貐怎么读,['52336'],[],description,3,0,[],,"['51388', '52524', '51381']","[0.47668978571891785, 0.4667952358722687, 0.45506060123443604]","['description', 'description', 'description']"
率先垂范的拼音,['52336'],[],description,1,0,[],,['51388'],[0.5172301530838013],['description']
率先垂范的拼音,['52336'],[],description,3,0,[],,"['51388', '51382', '51381']","[0.5172301530838013, 0.509983479976654, 0.47866278886795044]","['description', 'description', 'description']"
球鞋的拼音,['52336'],[],description,1,0,[],,['51388'],[0.5644247531890869],['description']
球鞋的拼音,['52336'],[],description,3,0,[],,"['51388', '51381', '51377']","[0.5644247531890869, 0.543628454208374, 0.5407674312591553]","['description', 'description', 'description']"
甘庶的读音,['52336'],[],description,1,0,[],,['51381'],[0.5423623919487],['description']
甘庶的读音,['52336'],[],description,3,0,[],,"['51381', '52524', '51377']","[0.5423623919487, 0.5228399634361267, 0.518555760383606]","['description', 'description', 'description']"
生肖的拼音,['52336'],[],description,1,0,[],,['51381'],[0.649140477180481],['description']
生肖的拼音,['52336'],[],description,3,0,[],,"['51381', '51388', '51377']","[0.649140477180481, 0.6426621675491333, 0.6002637147903442]","['description', 'description', 'description']"
白术的拼音,['52336'],[],description,1,0,[],,['51388'],[0.546748697757721],['description']
白术的拼音,['52336'],[],description,3,0,[],,"['51388', '51377', '51381']","[0.546748697757721, 0.5255516767501831, 0.5222439765930176]","['description', 'description', 'description']"
磕磕绊绊的拼音,['52336'],[],description,1,0,[],,['51382'],[0.5443739891052246],['description']
磕磕绊绊的拼音,['52336'],[],description,3,0,[],,"['51382', '51388', '51381']","[0.5443739891052246, 0.5356103181838989, 0.5351763963699341]","['description', 'description', 'description']"
稽首怎么读音,['52336'],[],description,1,0,[],,['51382'],[0.4941865801811218],['description']
稽首怎么读音,['52336'],[],description,3,0,[],,"['51382', '51377', '51381']","[0.4941865801811218, 0.48638349771499634, 0.48415273427963257]","['description', 'description', 'description']"
竹子的拼音,['52336'],[],description,1,0,[],,['51388'],[0.5646427869796753],['description']
竹子的拼音,['52336'],[],description,3,0,[],,"['51388', '51381', '51382']","[0.5646427869796753, 0.5554201602935791, 0.5392559170722961]","['description', 'description', 'description']"
篆刻怎么读,['52336'],[],description,1,0,[],,['52524'],[0.5067172050476074],['description']
篆刻怎么读,['52336'],[],description,3,0,[],,"['52524', '51382', '52523']","[0.5067172050476074, 0.46951985359191895, 0.46886909008026123]","['description', 'description', 'description']"
籁籁的拼音,['52336'],[],description,1,0,[],,['51377'],[0.5370309948921204],['description']
籁籁的拼音,['52336'],[],description,3,0,[],,"['51377', '51388', '51381']","[0.5370309948921204, 0.5289185047149658, 0.5213627219200134]","['description', 'description', 'description']"
精美的近义词有哪些,['52336'],[],description,1,0,[],,['51386'],[0.6040669679641724],['description']
精美的近义词有哪些,['52336'],[],description,3,0,[],,"['51386', '51388', '51387']","[0.6040669679641724, 0.5742587447166443, 0.561752438545227]","['description', 'description', 'description']"
绠短汲深的拼音,['52336'],[],description,1,0,[],,['51388'],[0.5303715467453003],['description']
绠短汲深的拼音,['52336'],[],description,3,1,['52336'],3.0,"['51388', '51382', '52336']","[0.5303715467453003, 0.5113381147384644, 0.5004515051841736]","['description', 'description', 'description']"
维艰的拼音,['52336'],[],description,1,0,[],,['51388'],[0.5715738534927368],['description']
维艰的拼音,['52336'],[],description,3,0,[],,"['51388', '51382', '51381']","[0.5715738534927368, 0.5363380908966064, 0.5170816779136658]","['description', 'description', 'description']"
罢黜怎么读,['52336'],[],description,1,0,[],,['52523'],[0.495537668466568],['description']
罢黜怎么读,['52336'],[],description,3,0,[],,"['52523', '51388', '52524']","[0.495537668466568, 0.4953899681568146, 0.4900515079498291]","['description', 'description', 'description']"
罪孽的拼音,['52336'],[],description,1,0,[],,['51388'],[0.5415879487991333],['description']
罪孽的拼音,['52336'],[],description,3,0,[],,"['51388', '51381', '51382']","[0.5415879487991333, 0.5221714973449707, 0.5047539472579956]","['description', 'description', 'description']"
翎韵怎么读,['52336'],[],description,1,0,[],,['51377'],[0.5642476677894592],['description']
翎韵怎么读,['52336'],[],description,3,0,[],,"['51377', '51381', '51388']","[0.5642476677894592, 0.5622382164001465, 0.550582766532898]","['description', 'description', 'description']"
翔栩怎么读,['52336'],[],description,1,0,[],,['51381'],[0.5004106760025024],['description']
翔栩怎么读,['52336'],[],description,3,0,[],,"['51381', '51382', '51388']","[0.5004106760025024, 0.4962981939315796, 0.49283045530319214]","['description', 'description', 'description']"
舜驱的拼音,['52336'],[],description,1,0,[],,['51381'],[0.5705811977386475],['description']
舜驱的拼音,['52336'],[],description,3,0,[],,"['51381', '51388', '51377']","[0.5705811977386475, 0.5704197883605957, 0.5628926753997803]","['description', 'description', 'description']"
舟舸怎么读,['52336'],[],description,1,0,[],,['52524'],[0.5002719163894653],['description']
舟舸怎么读,['52336'],[],description,3,0,[],,"['52524', '51388', '51382']","[0.5002719163894653, 0.49189186096191406, 0.49181705713272095]","['description', 'description', 'description']"
艰难的近义词有哪些,['52336'],[],description,1,0,[],,['51386'],[0.554783821105957],['description']
艰难的近义词有哪些,['52336'],[],description,3,1,['52336'],3.0,"['51386', '51388', '52336']","[0.554783821105957, 0.5410957336425781, 0.5043302774429321]","['description', 'description', 'description']"
色利内荏怎么读,['52336'],[],description,1,0,[],,['51388'],[0.4851877689361572],['description']
色利内荏怎么读,['52336'],[],description,3,1,['52336'],2.0,"['51388', '52336', '51382']","[0.4851877689361572, 0.47290897369384766, 0.4723605811595917]","['description', 'description', 'description']"
节奏的拼音,['52336'],[],description,1,0,[],,['51388'],[0.5635958909988403],['description']
节奏的拼音,['52336'],[],description,3,0,[],,"['51388', '51377', '51381']","[0.5635958909988403, 0.5564150214195251, 0.5517181158065796]","['description', 'description', 'description']"
著述怎么读,['52336'],[],description,1,0,[],,['52524'],[0.5351245999336243],['description']
著述怎么读,['52336'],[],description,3,1,['52336'],3.0,"['52524', '51377', '52336']","[0.5351245999336243, 0.47945865988731384, 0.46730464696884155]","['description', 'description', 'description']"
薄荷的拼音,['52336'],[],description,1,0,[],,['51388'],[0.5433968305587769],['description']
薄荷的拼音,['52336'],[],description,3,0,[],,"['51388', '51381', '51382']","[0.5433968305587769, 0.5406267642974854, 0.5211572051048279]","['description', 'description', 'description']"
蝉联的拼音,['52336'],[],description,1,0,[],,['51388'],[0.5406136512756348],['description']
蝉联的拼音,['52336'],[],description,3,0,[],,"['51388', '51381', '51377']","[0.5406136512756348, 0.5292712450027466, 0.5099114179611206]","['description', 'description', 'description']"
螫虫怎么读音是什么,['52336'],[],description,1,0,[],,['51388'],[0.48849931359291077],['description']
螫虫怎么读音是什么,['52336'],[],description,3,1,['52336'],2.0,"['51388', '52336', '51381']","[0.48849931359291077, 0.48430049419403076, 0.4683338403701782]","['description', 'description', 'description']"
裙袂怎么读,['52336'],[],description,1,0,[],,['52523'],[0.46803948283195496],['description']
裙袂怎么读,['52336'],[],description,3,0,[],,"['52523', '52524', '51382']","[0.46803948283195496, 0.4597522020339966, 0.4588647484779358]","['description', 'description', 'description']"
覆辙的读音,['52336'],[],description,1,0,[],,['51388'],[0.48079830408096313],['description']
覆辙的读音,['52336'],[],description,3,0,[],,"['51388', '52524', '51382']","[0.48079830408096313, 0.4687633514404297, 0.4654626250267029]","['description', 'description', 'description']"
觉醒拼音,['52336'],[],description,1,0,[],,['51388'],[0.5804927349090576],['description']
觉醒拼音,['52336'],[],description,3,0,[],,"['51388', '51381', '51377']","[0.5804927349090576, 0.5743377208709717, 0.5469558835029602]","['description', 'description', 'description']"
解铃还须系铃人读音,['52336'],[],description,1,0,[],,['51377'],[0.5124930739402771],['description']
解铃还须系铃人读音,['52336'],[],description,3,0,[],,"['51377', '52524', '52523']","[0.5124930739402771, 0.4954950213432312, 0.49344873428344727]","['description', 'description', 'description']"
讨论的拼音,['52336'],[],description,1,0,[],,['51388'],[0.6450886726379395],['description']
讨论的拼音,['52336'],[],description,3,0,[],,"['51388', '51381', '51377']","[0.6450886726379395, 0.6153275966644287, 0.5928350687026978]","['description', 'description', 'description']"
诬蔑怎么读,['52336'],[],description,1,0,[],,['51388'],[0.4891616702079773],['description']
诬蔑怎么读,['52336'],[],description,3,1,['52336'],3.0,"['51388', '51386', '52336']","[0.4891616702079773, 0.466697633266449, 0.4576636552810669]","['description', 'description', 'description']"
调停的拼音,['52336'],[],description,1,0,[],,['51388'],[0.5975593328475952],['description']
调停的拼音,['52336'],[],description,3,0,[],,"['51388', '51381', '51382']","[0.5975593328475952, 0.5745118856430054, 0.5698336362838745]","['description', 'description', 'description']"
谎话的拼音,['52336'],[],description,1,0,[],,['51388'],[0.5749281048774719],['description']
谎话的拼音,['52336'],[],description,3,1,['52336'],3.0,"['51388', '51381', '52336']","[0.5749281048774719, 0.5435466766357422, 0.5355250835418701]","['description', 'description', 'description']"
谤讟怎么读音,['52336'],[],description,1,0,[],,['52523'],[0.54180908203125],['description']
谤讟怎么读音,['52336'],[],description,3,1,['52336'],3.0,"['52523', '51388', '52336']","[0.54180908203125, 0.5353682041168213, 0.5282713770866394]","['description', 'description', 'description']"
责骂的近义词,['52336'],[],description,1,0,[],,['51386'],[0.5272219777107239],['description']
责骂的近义词,['52336'],[],description,3,1,['52336'],3.0,"['51386', '51388', '52336']","[0.5272219777107239, 0.5239912867546082, 0.4889076352119446]","['description', 'description', 'description']"
贾思勰怎么读,['52336'],[],description,1,0,[],,['52524'],[0.4761698246002197],['description']
贾思勰怎么读,['52336'],[],description,3,0,[],,"['52524', '51323', '51388']","[0.4761698246002197, 0.45475098490715027, 0.45304423570632935]","['description', 'description', 'description']"
赵匡胤读音,['52336'],[],description,1,0,[],,['51381'],[0.5085424184799194],['description']
赵匡胤读音,['52336'],[],description,3,0,[],,"['51381', '52524', '51377']","[0.5085424184799194, 0.48586663603782654, 0.48233023285865784]","['description', 'description', 'description']"
踌躇的拼音,['52336'],[],description,1,0,[],,['51388'],[0.5433375835418701],['description']
踌躇的拼音,['52336'],[],description,3,0,[],,"['51388', '51381', '51382']","[0.5433375835418701, 0.5206584930419922, 0.5182721614837646]","['description', 'description', 'description']"
踟蹰怎么读音,['52336'],[],description,1,0,[],,['51388'],[0.4823155999183655],['description']
踟蹰怎么读音,['52336'],[],description,3,1,['52336'],3.0,"['51388', '51382', '52336']","[0.4823155999183655, 0.48085638880729675, 0.4787627160549164]","['description', 'description', 'description']"
辚辚的拼音,['52336'],[],description,1,0,[],,['51388'],[0.5279232859611511],['description']
辚辚的拼音,['52336'],[],description,3,0,[],,"['51388', '51377', '51381']","[0.5279232859611511, 0.5256367325782776, 0.5190238952636719]","['description', 'description', 'description']"
辱没怎么读,['52336'],[],description,1,0,[],,['52523'],[0.49748072028160095],['description']
辱没怎么读,['52336'],[],description,3,1,['52336'],3.0,"['52523', '51388', '52336']","[0.49748072028160095, 0.49080342054367065, 0.4782763719558716]","['description', 'description', 'description']"
遒劲怎么读,['52336'],[],description,1,0,[],,['51382'],[0.48232465982437134],['description']
遒劲怎么读,['52336'],[],description,3,0,[],,"['51382', '51388', '51381']","[0.48232465982437134, 0.4642823040485382, 0.45507076382637024]","['description', 'description', 'description']"
那么的拼音,['52336'],[],description,1,0,[],,['51388'],[0.6813499927520752],['description']
那么的拼音,['52336'],[],description,3,0,[],,"['51388', '51381', '51382']","[0.6813499927520752, 0.6692883968353271, 0.6338298320770264]","['description', 'description', 'description']"
鄯善读音怎么读,['52336'],[],description,1,0,[],,['51381'],[0.48571205139160156],['description']
鄯善读音怎么读,['52336'],[],description,3,0,[],,"['51381', '51377', '52524']","[0.48571205139160156, 0.4783433675765991, 0.47735047340393066]","['description', 'description', 'description']"
金枝玉叶的近义词,['52336'],[],description,1,0,[],,['51386'],[0.4835229516029358],['description']
金枝玉叶的近义词,['52336'],[],description,3,0,[],,"['51386', '51387', '51388']","[0.4835229516029358, 0.4783046543598175, 0.4718145728111267]","['description', 'description', 'description']"
钅镌刻的拼音,['52336'],[],description,1,0,[],,['51388'],[0.539821982383728],['description']
钅镌刻的拼音,['52336'],[],description,3,0,[],,"['51388', '51381', '51382']","[0.539821982383728, 0.5242202877998352, 0.5161030292510986]","['description', 'description', 'description']"
镶嵌怎么读呀,['52336'],[],description,1,0,[],,['51388'],[0.5081692934036255],['description']
镶嵌怎么读呀,['52336'],[],description,3,0,[],,"['51388', '51381', '52523']","[0.5081692934036255, 0.4897054433822632, 0.48862120509147644]","['description', 'description', 'description']"
陡峭的拼音,['52336'],[],description,1,0,[],,['51388'],[0.5642520189285278],['description']
陡峭的拼音,['52336'],[],description,3,0,[],,"['51388', '51382', '51381']","[0.5642520189285278, 0.5516402721405029, 0.5423615574836731]","['description', 'description', 'description']"
隔壁的拼音,['52336'],[],description,1,0,[],,['51388'],[0.5976097583770752],['description']
隔壁的拼音,['52336'],[],description,3,0,[],,"['51388', '51381', '51377']","[0.5976097583770752, 0.5928187370300293, 0.5524704456329346]","['description', 'description', 'description']"
雪花的拼音,['52336'],[],description,1,0,[],,['51381'],[0.5176206827163696],['description']
雪花的拼音,['52336'],[],description,3,0,[],,"['51381', '51388', '51377']","[0.5176206827163696, 0.5130435824394226, 0.5057263374328613]","['description', 'description', 'description']"
风貌的近义词,['52336'],[],description,1,0,[],,['51386'],[0.5373240113258362],['description']
风貌的近义词,['52336'],[],description,3,0,[],,"['51386', '51388', '51381']","[0.5373240113258362, 0.5271468162536621, 0.4958299398422241]","['description', 'description', 'description']"
驱车的拼音,['52336'],[],description,1,0,[],,['51388'],[0.5433183908462524],['description']
驱车的拼音,['52336'],[],description,3,0,[],,"['51388', '51381', '51382']","[0.5433183908462524, 0.5166423916816711, 0.5088297128677368]","['description', 'description', 'description']"
鸩酒怎么读,['52336'],[],description,1,0,[],,['52524'],[0.48216792941093445],['description']
鸩酒怎么读,['52336'],[],description,3,1,['52336'],3.0,"['52524', '51377', '52336']","[0.48216792941093445, 0.478259801864624, 0.4721963107585907]","['description', 'description', 'description']"
鼓浪屿读音,['52336'],[],description,1,0,[],,['52523'],[0.4788094758987427],['description']
鼓浪屿读音,['52336'],[],description,3,0,[],,"['52523', '51381', '51377']","[0.4788094758987427, 0.4590189456939697, 0.4540647864341736]","['description', 'description', 'description']"
《出塞》拼音版,['52336'],[],merged,1,0,[],,['51377'],[0.595225989818573],['title_description']
《出塞》拼音版,['52336'],[],merged,3,0,[],,"['51377', '51376', '51378']","[0.595225989818573, 0.5436568260192871, 0.5082453489303589]","['title_description', 'title_description', 'description']"
个头的拼音,['52336'],[],merged,1,0,[],,['51388'],[0.6169683933258057],['description']
个头的拼音,['52336'],[],merged,3,0,[],,"['51388', '51381', '51382']","[0.6169683933258057, 0.6110037565231323, 0.5889548659324646]","['description', 'description', 'description']"
乐于助人的近义词,['52336'],[],merged,1,0,[],,['51386'],[0.5438929796218872],['title_description']
乐于助人的近义词,['52336'],[],merged,3,1,['52336'],2.0,"['51386', '52336', '51388']","[0.5438929796218872, 0.5182024836540222, 0.5138874650001526]","['title_description', 'title_description', 'title_description']"
京东拼音怎么拼写,['52336'],[],merged,1,0,[],,['51388'],[0.6350613832473755],['description']
京东拼音怎么拼写,['52336'],[],merged,3,0,[],,"['51388', '51381', '51382']","[0.6350613832473755, 0.6175169944763184, 0.6043811440467834]","['description', 'title_description', 'title_description']"
仔细的反义词是什么,['52336'],[],merged,1,0,[],,['51386'],[0.6026198267936707],['title_description']
仔细的反义词是什么,['52336'],[],merged,3,1,['52336'],3.0,"['51386', '51388', '52336']","[0.6026198267936707, 0.5991856455802917, 0.5500688552856445]","['title_description', 'title_description', 'title_description']"
伦巴的拼音,['52336'],[],merged,1,0,[],,['51388'],[0.5396368503570557],['description']
伦巴的拼音,['52336'],[],merged,3,0,[],,"['51388', '51381', '51377']","[0.5396368503570557, 0.5271057486534119, 0.5081491470336914]","['description', 'title_description', 'description']"
何必的近义词,['52336'],[],merged,1,0,[],,['51386'],[0.564021110534668],['title_description']
何必的近义词,['52336'],[],merged,3,0,[],,"['51386', '51388', '51381']","[0.564021110534668, 0.5230292081832886, 0.506982684135437]","['title_description', 'title_description', 'title_description']"
作茧自缚读音,['52336'],[],merged,1,1,['52336'],1.0,['52336'],[0.4692215621471405],['title_description']
作茧自缚读音,['52336'],[],merged,3,1,['52336'],1.0,"['52336', '51388', '52523']","[0.4692215621471405, 0.45946842432022095, 0.4491550922393799]","['title_description', 'description', 'description']"
便宜拼音,['52336'],[],merged,1,0,[],,['51388'],[0.5768723487854004],['description']
便宜拼音,['52336'],[],merged,3,0,[],,"['51388', '60338', '51381']","[0.5768723487854004, 0.5699833631515503, 0.54769366979599]","['description', 'description', 'title_description']"
信赖的近义词,['52336'],[],merged,1,0,[],,['51386'],[0.5391279458999634],['title_description']
信赖的近义词,['52336'],[],merged,3,0,[],,"['51386', '51388', '51381']","[0.5391279458999634, 0.5195699334144592, 0.5073700547218323]","['title_description', 'title_description', 'title_description']"
停当怎么读,['52336'],[],merged,1,0,[],,['51388'],[0.508804202079773],['description']
停当怎么读,['52336'],[],merged,3,0,[],,"['51388', '51382', '51377']","[0.508804202079773, 0.4974648356437683, 0.48491406440734863]","['description', 'description', 'description']"
先人的拼音,['52336'],[],merged,1,0,[],,['51388'],[0.5702463388442993],['description']
先人的拼音,['52336'],[],merged,3,0,[],,"['51388', '51381', '51377']","[0.5702463388442993, 0.5649315118789673, 0.5459131002426147]","['description', 'title_description', 'description']"
其实繁体字,['52336'],[],merged,1,0,[],,['51382'],[0.6406552791595459],['title_description']
其实繁体字,['52336'],[],merged,3,0,[],,"['51382', '51381', '51388']","[0.6406552791595459, 0.6337555050849915, 0.6209713220596313]","['title_description', 'title_description', 'description']"
军人的拼音,['52336'],[],merged,1,0,[],,['51388'],[0.5386214256286621],['description']
军人的拼音,['52336'],[],merged,3,0,[],,"['51388', '51381', '51382']","[0.5386214256286621, 0.533419132232666, 0.5009775757789612]","['description', 'description', 'title_description']"
加工拼音,['52336'],[],merged,1,0,[],,['51388'],[0.7559379935264587],['description']
加工拼音,['52336'],[],merged,3,0,[],,"['51388', '51381', '51382']","[0.7559379935264587, 0.7407869696617126, 0.7069041132926941]","['description', 'title_description', 'title_description']"
动画的拼音,['52336'],[],merged,1,0,[],,['51388'],[0.6277827024459839],['description']
动画的拼音,['52336'],[],merged,3,0,[],,"['51388', '51381', '51382']","[0.6277827024459839, 0.6043680906295776, 0.5910320281982422]","['description', 'description', 'title_description']"
匝道怎么读,['52336'],[],merged,1,1,['52336'],1.0,['52336'],[0.4718400835990906],['title_description']
匝道怎么读,['52336'],[],merged,3,1,['52336'],1.0,"['52336', '51388', '51382']","[0.4718400835990906, 0.47069400548934937, 0.46039053797721863]","['title_description', 'title_description', 'description']"
卢昱晓怎么读,['52336'],[],merged,1,0,[],,['51377'],[0.46446049213409424],['description']
卢昱晓怎么读,['52336'],[],merged,3,0,[],,"['51377', '51381', '51388']","[0.46446049213409424, 0.4587070345878601, 0.4578755497932434]","['description', 'title_description', 'title_description']"
可以近义词是什么,['52336'],[],merged,1,0,[],,['51388'],[0.7065324187278748],['title_description']
可以近义词是什么,['52336'],[],merged,3,0,[],,"['51388', '51386', '51381']","[0.7065324187278748, 0.6934188604354858, 0.6785967946052551]","['title_description', 'title_description', 'title_description']"
君珠怎么读音是什么读,['52336'],[],merged,1,0,[],,['51381'],[0.507995069026947],['title_description']
君珠怎么读音是什么读,['52336'],[],merged,3,0,[],,"['51381', '51377', '52524']","[0.507995069026947, 0.498010516166687, 0.4958640933036804]","['title_description', 'description', 'description']"
呢称的读音,['52336'],[],merged,1,0,[],,['51381'],[0.5069621801376343],['description']
呢称的读音,['52336'],[],merged,3,0,[],,"['51381', '51388', '51377']","[0.5069621801376343, 0.5017800331115723, 0.48565471172332764]","['description', 'description', 'description']"
呲牙的拼音,['52336'],[],merged,1,0,[],,['51388'],[0.5152133107185364],['description']
呲牙的拼音,['52336'],[],merged,3,0,[],,"['51388', '51381', '51382']","[0.5152133107185364, 0.4868725538253784, 0.4766387343406677]","['description', 'description', 'description']"
咒语的拼音,['52336'],[],merged,1,0,[],,['51388'],[0.5886869430541992],['description']
咒语的拼音,['52336'],[],merged,3,1,['52336'],3.0,"['51388', '51381', '52336']","[0.5886869430541992, 0.5707950592041016, 0.5455325841903687]","['description', 'title_description', 'description']"
嗔怒的拼音,['52336'],[],merged,1,0,[],,['51388'],[0.5272789001464844],['description']
嗔怒的拼音,['52336'],[],merged,3,1,['52336'],3.0,"['51388', '51381', '52336']","[0.5272789001464844, 0.5014750957489014, 0.4999483525753021]","['description', 'title_description', 'title_description']"
嘤嘤成韵的拼音,['52336'],[],merged,1,0,[],,['51381'],[0.5620174407958984],['description']
嘤嘤成韵的拼音,['52336'],[],merged,3,0,[],,"['51381', '51377', '51388']","[0.5620174407958984, 0.5506883263587952, 0.5456727743148804]","['description', 'description', 'description']"
处境的拼音,['52336'],[],merged,1,0,[],,['51388'],[0.5604761838912964],['description']
处境的拼音,['52336'],[],merged,3,1,['52336'],3.0,"['51388', '51381', '52336']","[0.5604761838912964, 0.528789758682251, 0.5269943475723267]","['description', 'title_description', 'title_description']"
安心的近义词,['52336'],[],merged,1,0,[],,['51386'],[0.5128189325332642],['title_description']
安心的近义词,['52336'],[],merged,3,1,['52336'],3.0,"['51386', '51388', '52336']","[0.5128189325332642, 0.5019902586936951, 0.4988531768321991]","['title_description', 'title_description', 'title_description']"
寂寞的拼音,['52336'],[],merged,1,0,[],,['51388'],[0.5709106922149658],['description']
寂寞的拼音,['52336'],[],merged,3,0,[],,"['51388', '51381', '51382']","[0.5709106922149658, 0.560859739780426, 0.5270240306854248]","['description', 'title_description', 'description']"
寤生怎么读,['52336'],[],merged,1,0,[],,['51388'],[0.47594696283340454],['description']
寤生怎么读,['52336'],[],merged,3,0,[],,"['51388', '51381', '52524']","[0.47594696283340454, 0.47177600860595703, 0.4630149006843567]","['description', 'description', 'description']"
崩裂怎么读,['52336'],[],merged,1,0,[],,['52523'],[0.4702646732330322],['description']
崩裂怎么读,['52336'],[],merged,3,0,[],,"['52523', '51388', '51382']","[0.4702646732330322, 0.4618953466415405, 0.45431843400001526]","['description', 'description', 'description']"
干谒诗怎么读音,['52336'],[],merged,1,0,[],,['51377'],[0.552228569984436],['title_description']
干谒诗怎么读音,['52336'],[],merged,3,0,[],,"['51377', '51378', '51376']","[0.552228569984436, 0.5471896529197693, 0.5447672605514526]","['title_description', 'description', 'description']"
序言的拼音,['52336'],[],merged,1,0,[],,['51388'],[0.6149325966835022],['description']
序言的拼音,['52336'],[],merged,3,0,[],,"['51388', '51377', '51381']","[0.6149325966835022, 0.6045607328414917, 0.5959863066673279]","['description', 'description', 'description']"
应该反义词是什么,['52336'],[],merged,1,0,[],,['51388'],[0.7274349927902222],['title_description']
应该反义词是什么,['52336'],[],merged,3,0,[],,"['51388', '51386', '51381']","[0.7274349927902222, 0.6992271542549133, 0.6586104035377502]","['title_description', 'title_description', 'title_description']"
异曲同工的近义词,['52336'],[],merged,1,0,[],,['51387'],[0.547539234161377],['title_description']
异曲同工的近义词,['52336'],[],merged,3,0,[],,"['51387', '51386', '51381']","[0.547539234161377, 0.5429832935333252, 0.5364080667495728]","['title_description', 'title_description', 'title_description']"
弹劾的读音,['52336'],[],merged,1,1,['52336'],1.0,['52336'],[0.4828067421913147],['title_description']
弹劾的读音,['52336'],[],merged,3,1,['52336'],1.0,"['52336', '51388', '52523']","[0.4828067421913147, 0.4716074466705322, 0.467252254486084]","['title_description', 'title_description', 'description']"
当之无愧拼音,['52336'],[],merged,1,1,['52336'],1.0,['52336'],[0.5641359090805054],['title_description']
当之无愧拼音,['52336'],[],merged,3,1,['52336'],1.0,"['52336', '51388', '51386']","[0.5641359090805054, 0.5485175848007202, 0.5000957250595093]","['title_description', 'title_description', 'title_description']"
御寒的拼音,['52336'],[],merged,1,0,[],,['51388'],[0.5852891206741333],['description']
御寒的拼音,['52336'],[],merged,3,0,[],,"['51388', '51381', '51377']","[0.5852891206741333, 0.5621469616889954, 0.5532695651054382]","['description', 'title_description', 'description']"
心愿的拼音,['52336'],[],merged,1,0,[],,['51388'],[0.6030838489532471],['description']
心愿的拼音,['52336'],[],merged,3,0,[],,"['51388', '51381', '51386']","[0.6030838489532471, 0.5930028557777405, 0.5513454675674438]","['description', 'title_description', 'title_description']"
怀古伤今的拼音,['52336'],[],merged,1,0,[],,['51377'],[0.5324838161468506],['title_description']
怀古伤今的拼音,['52336'],[],merged,3,1,['52336'],3.0,"['51377', '51388', '52336']","[0.5324838161468506, 0.516582727432251, 0.5006223917007446]","['title_description', 'description', 'title_description']"
怎么读音,['52336'],[],merged,1,0,[],,['51381'],[0.6443142890930176],['title_description']
怎么读音,['52336'],[],merged,3,0,[],,"['51381', '51388', '51377']","[0.6443142890930176, 0.6384256482124329, 0.6082033514976501]","['title_description', 'description', 'description']"
急忙的近义词,['52336'],[],merged,1,0,[],,['51386'],[0.5405565500259399],['title_description']
急忙的近义词,['52336'],[],merged,3,1,['52336'],3.0,"['51386', '51388', '52336']","[0.5405565500259399, 0.5324146151542664, 0.5198072195053101]","['title_description', 'title_description', 'title_description']"
恍惚的拼音,['52336'],[],merged,1,0,[],,['51381'],[0.5652629137039185],['title_description']
恍惚的拼音,['52336'],[],merged,3,0,[],,"['51381', '51388', '51382']","[0.5652629137039185, 0.563010573387146, 0.5315160751342773]","['title_description', 'description', 'title_description']"
恍然大悟的反义词,['52336'],[],merged,1,0,[],,['51388'],[0.5091828107833862],['title_description']
恍然大悟的反义词,['52336'],[],merged,3,1,['52336'],2.0,"['51388', '52336', '51386']","[0.5091828107833862, 0.5064963102340698, 0.48874807357788086]","['title_description', 'title_description', 'title_description']"
恳切的恳的意思,['52336'],[],merged,1,0,[],,['51388'],[0.5282326936721802],['title_description']
恳切的恳的意思,['52336'],[],merged,3,1,['52336'],2.0,"['51388', '52336', '51386']","[0.5282326936721802, 0.5123616456985474, 0.5111165046691895]","['title_description', 'title_description', 'title_description']"
悠久的拼音,['52336'],[],merged,1,0,[],,['51388'],[0.6064493060112],['description']
悠久的拼音,['52336'],[],merged,3,0,[],,"['51388', '51381', '51382']","[0.6064493060112, 0.5907347798347473, 0.5706945657730103]","['description', 'description', 'description']"
扁鹊怎么读,['52336'],[],merged,1,0,[],,['52524'],[0.47655898332595825],['description']
扁鹊怎么读,['52336'],[],merged,3,0,[],,"['52524', '51388', '51377']","[0.47655898332595825, 0.4660511016845703, 0.4583742618560791]","['description', 'title_description', 'description']"
扯着的拼音,['52336'],[],merged,1,0,[],,['51381'],[0.557799220085144],['description']
扯着的拼音,['52336'],[],merged,3,0,[],,"['51381', '51388', '51382']","[0.557799220085144, 0.5540260076522827, 0.5410033464431763]","['description', 'description', 'description']"
把手的拼音,['52336'],[],merged,1,0,[],,['51388'],[0.5847226977348328],['description']
把手的拼音,['52336'],[],merged,3,0,[],,"['51388', '51381', '51382']","[0.5847226977348328, 0.5625361204147339, 0.5516664981842041]","['description', 'description', 'title_description']"
抛却的拼音,['52336'],[],merged,1,0,[],,['51388'],[0.5567747950553894],['description']
抛却的拼音,['52336'],[],merged,3,0,[],,"['51388', '51381', '51382']","[0.5567747950553894, 0.5345074534416199, 0.5316003561019897]","['description', 'description', 'description']"
抨击的拼音,['52336'],[],merged,1,0,[],,['51388'],[0.5776383280754089],['description']
抨击的拼音,['52336'],[],merged,3,0,[],,"['51388', '51381', '51382']","[0.5776383280754089, 0.5230011940002441, 0.5188553929328918]","['description', 'title_description', 'description']"
掩盖的近义词,['52336'],[],merged,1,0,[],,['51386'],[0.521933376789093],['title_description']
掩盖的近义词,['52336'],[],merged,3,1,['52336'],3.0,"['51386', '51388', '52336']","[0.521933376789093, 0.517087459564209, 0.49331364035606384]","['title_description', 'title_description', 'title_description']"
旖旎怎么读,['52336'],[],merged,1,0,[],,['51388'],[0.4949818253517151],['description']
旖旎怎么读,['52336'],[],merged,3,1,['52336'],3.0,"['51388', '51386', '52336']","[0.4949818253517151, 0.49375617504119873, 0.4807744324207306]","['description', 'title_description', 'title_description']"
无知近义词,['52336'],[],merged,1,0,[],,['51388'],[0.5695663690567017],['title_description']
无知近义词,['52336'],[],merged,3,1,['52336'],3.0,"['51388', '51386', '52336']","[0.5695663690567017, 0.5605000257492065, 0.5371478199958801]","['title_description', 'title_description', 'description']"
日臻的拼音,['52336'],[],merged,1,0,[],,['51388'],[0.5885394811630249],['description']
日臻的拼音,['52336'],[],merged,3,0,[],,"['51388', '51382', '51381']","[0.5885394811630249, 0.5644781589508057, 0.563217043876648]","['description', 'description', 'title_description']"
昏暗的近义词,['52336'],[],merged,1,0,[],,['51386'],[0.531353771686554],['title_description']
昏暗的近义词,['52336'],[],merged,3,1,['52336'],3.0,"['51386', '51388', '52336']","[0.531353771686554, 0.5204702615737915, 0.4960283637046814]","['title_description', 'title_description', 'title_description']"
昱皓的拼音,['52336'],[],merged,1,0,[],,['51381'],[0.6057738065719604],['title_description']
昱皓的拼音,['52336'],[],merged,3,0,[],,"['51381', '51388', '51382']","[0.6057738065719604, 0.5800512433052063, 0.5797603130340576]","['title_description', 'description', 'title_description']"
晶莹的拼音,['52336'],[],merged,1,0,[],,['51388'],[0.5664699077606201],['description']
晶莹的拼音,['52336'],[],merged,3,0,[],,"['51388', '51381', '51382']","[0.5664699077606201, 0.5579097270965576, 0.5398877859115601]","['description', 'title_description', 'description']"
暄妍怎么读,['52336'],[],merged,1,0,[],,['51377'],[0.5226514339447021],['description']
暄妍怎么读,['52336'],[],merged,3,0,[],,"['51377', '51388', '51381']","[0.5226514339447021, 0.5216331481933594, 0.5206986665725708]","['description', 'description', 'title_description']"
有恃无恐的读音,['52336'],[],merged,1,1,['52336'],1.0,['52336'],[0.4954970180988312],['title_description']
有恃无恐的读音,['52336'],[],merged,3,1,['52336'],1.0,"['52336', '51388', '52523']","[0.4954970180988312, 0.4741622805595398, 0.46890056133270264]","['title_description', 'title_description', 'description']"
李存勖读音,['52336'],[],merged,1,0,[],,['52524'],[0.5100294351577759],['description']
李存勖读音,['52336'],[],merged,3,0,[],,"['52524', '52523', '51377']","[0.5100294351577759, 0.5013106465339661, 0.48861393332481384]","['description', 'description', 'description']"
标准的拼音,['52336'],[],merged,1,0,[],,['51388'],[0.6693552732467651],['description']
标准的拼音,['52336'],[],merged,3,0,[],,"['51388', '51381', '51382']","[0.6693552732467651, 0.6517229080200195, 0.6298648118972778]","['description', 'title_description', 'title_description']"
栖息读音,['52336'],[],merged,1,0,[],,['51388'],[0.5143187046051025],['description']
栖息读音,['52336'],[],merged,3,1,['52336'],2.0,"['51388', '52336', '51381']","[0.5143187046051025, 0.49549704790115356, 0.4943128824234009]","['description', 'title_description', 'title_description']"
梦想的拼音,['52336'],[],merged,1,0,[],,['51388'],[0.5589224100112915],['description']
梦想的拼音,['52336'],[],merged,3,0,[],,"['51388', '51381', '51377']","[0.5589224100112915, 0.5417722463607788, 0.5197819471359253]","['description', 'title_description', 'description']"
棒棒糖的拼音,['52336'],[],merged,1,0,[],,['51388'],[0.527934193611145],['description']
棒棒糖的拼音,['52336'],[],merged,3,0,[],,"['51388', '51381', '51382']","[0.527934193611145, 0.5033921003341675, 0.48773133754730225]","['description', 'description', 'description']"
欢快拼音,['52336'],[],merged,1,0,[],,['51381'],[0.5261713266372681],['description']
欢快拼音,['52336'],[],merged,3,0,[],,"['51381', '51382', '51388']","[0.5261713266372681, 0.5017473697662354, 0.5009651780128479]","['description', 'description', 'description']"
殷殷的读音,['52336'],[],merged,1,0,[],,['51381'],[0.5624503493309021],['description']
殷殷的读音,['52336'],[],merged,3,1,['52336'],3.0,"['51381', '51388', '52336']","[0.5624503493309021, 0.5515385866165161, 0.5310332179069519]","['description', 'description', 'description']"
氯化钠的拼音,['52336'],[],merged,1,0,[],,['51381'],[0.5162883400917053],['title_description']
氯化钠的拼音,['52336'],[],merged,3,0,[],,"['51381', '51388', '51382']","[0.5162883400917053, 0.5102306008338928, 0.47331225872039795]","['title_description', 'description', 'title_description']"
水流的拼音,['52336'],[],merged,1,0,[],,['51388'],[0.5938196182250977],['description']
水流的拼音,['52336'],[],merged,3,0,[],,"['51388', '51381', '51382']","[0.5938196182250977, 0.5830248594284058, 0.5750598907470703]","['description', 'title_description', 'title_description']"
水牛的拼音,['52336'],[],merged,1,0,[],,['51388'],[0.5492477416992188],['description']
水牛的拼音,['52336'],[],merged,3,0,[],,"['51388', '51381', '51382']","[0.5492477416992188, 0.5303177237510681, 0.5267279148101807]","['description', 'title_description', 'description']"
注意拼音怎么写,['52336'],[],merged,1,0,[],,['51381'],[0.7175251841545105],['title_description']
注意拼音怎么写,['52336'],[],merged,3,0,[],,"['51381', '51388', '51382']","[0.7175251841545105, 0.7122349739074707, 0.6862346529960632]","['title_description', 'description', 'title_description']"
洽浃怎么读,['52336'],[],merged,1,1,['52336'],1.0,['52336'],[0.49898475408554077],['title_description']
洽浃怎么读,['52336'],[],merged,3,1,['52336'],1.0,"['52336', '51388', '51386']","[0.49898475408554077, 0.4749709665775299, 0.46879124641418457]","['title_description', 'title_description', 'title_description']"
浣熊怎么读,['52336'],[],merged,1,0,[],,['51388'],[0.47650831937789917],['description']
浣熊怎么读,['52336'],[],merged,3,0,[],,"['51388', '51381', '52523']","[0.47650831937789917, 0.47442907094955444, 0.4519922435283661]","['description', 'title_description', 'description']"
渑池的读音,['52336'],[],merged,1,0,[],,['51381'],[0.48961707949638367],['description']
渑池的读音,['52336'],[],merged,3,0,[],,"['51381', '51388', '51382']","[0.48961707949638367, 0.4828692078590393, 0.48105672001838684]","['description', 'description', 'description']"
温暖的反义词,['52336'],[],merged,1,0,[],,['51386'],[0.5120947360992432],['title_description']
温暖的反义词,['52336'],[],merged,3,1,['52336'],3.0,"['51386', '51388', '52336']","[0.5120947360992432, 0.5106269121170044, 0.46993374824523926]","['title_description', 'title_description', 'title_description']"
灯光的拼音,['52336'],[],merged,1,0,[],,['51388'],[0.5772824287414551],['description']
灯光的拼音,['52336'],[],merged,3,0,[],,"['51388', '51381', '51377']","[0.5772824287414551, 0.5595055818557739, 0.540856659412384]","['description', 'title_description', 'description']"
炽热的近义词,['52336'],[],merged,1,0,[],,['51386'],[0.5344489812850952],['title_description']
炽热的近义词,['52336'],[],merged,3,1,['52336'],2.0,"['51386', '52336', '51388']","[0.5344489812850952, 0.5174413323402405, 0.5165383815765381]","['title_description', 'title_description', 'title_description']"
燕子窠怎么读,['52336'],[],merged,1,0,[],,['51388'],[0.47470366954803467],['title_description']
燕子窠怎么读,['52336'],[],merged,3,0,[],,"['51388', '51382', '51381']","[0.47470366954803467, 0.4734683036804199, 0.4618418216705322]","['title_description', 'description', 'description']"
猰貐怎么读,['52336'],[],merged,1,0,[],,['51388'],[0.47668978571891785],['description']
猰貐怎么读,['52336'],[],merged,3,0,[],,"['51388', '52524', '51381']","[0.47668978571891785, 0.4667952358722687, 0.46618637442588806]","['description', 'description', 'title_description']"
率先垂范的拼音,['52336'],[],merged,1,0,[],,['51388'],[0.5172301530838013],['description']
率先垂范的拼音,['52336'],[],merged,3,0,[],,"['51388', '51382', '51386']","[0.5172301530838013, 0.5113494396209717, 0.48203766345977783]","['description', 'title_description', 'title_description']"
球鞋的拼音,['52336'],[],merged,1,0,[],,['51388'],[0.5644247531890869],['description']
球鞋的拼音,['52336'],[],merged,3,0,[],,"['51388', '51381', '51377']","[0.5644247531890869, 0.548907995223999, 0.5407674312591553]","['description', 'title_description', 'description']"
甘庶的读音,['52336'],[],merged,1,0,[],,['51381'],[0.5423623919487],['description']
甘庶的读音,['52336'],[],merged,3,0,[],,"['51381', '52524', '51377']","[0.5423623919487, 0.5228399634361267, 0.518555760383606]","['description', 'description', 'description']"
生肖的拼音,['52336'],[],merged,1,0,[],,['51381'],[0.6514344215393066],['title_description']
生肖的拼音,['52336'],[],merged,3,0,[],,"['51381', '51388', '51377']","[0.6514344215393066, 0.6426621675491333, 0.6002637147903442]","['title_description', 'description', 'description']"
白术的拼音,['52336'],[],merged,1,0,[],,['51388'],[0.546748697757721],['description']
白术的拼音,['52336'],[],merged,3,0,[],,"['51388', '51381', '51377']","[0.546748697757721, 0.5291264653205872, 0.5255516767501831]","['description', 'title_description', 'description']"
磕磕绊绊的拼音,['52336'],[],merged,1,0,[],,['51382'],[0.5443739891052246],['description']
磕磕绊绊的拼音,['52336'],[],merged,3,0,[],,"['51382', '51388', '51381']","[0.5443739891052246, 0.5356103181838989, 0.5351763963699341]","['description', 'description', 'description']"
稽首怎么读音,['52336'],[],merged,1,0,[],,['51382'],[0.4941865801811218],['description']
稽首怎么读音,['52336'],[],merged,3,0,[],,"['51382', '51377', '51381']","[0.4941865801811218, 0.48638349771499634, 0.48415273427963257]","['description', 'description', 'description']"
竹子的拼音,['52336'],[],merged,1,0,[],,['51388'],[0.5646427869796753],['description']
竹子的拼音,['52336'],[],merged,3,0,[],,"['51388', '51381', '51382']","[0.5646427869796753, 0.5554201602935791, 0.5392559170722961]","['description', 'description', 'description']"
篆刻怎么读,['52336'],[],merged,1,0,[],,['52524'],[0.5067172050476074],['description']
篆刻怎么读,['52336'],[],merged,3,1,['52336'],2.0,"['52524', '52336', '51382']","[0.5067172050476074, 0.4766254425048828, 0.46951985359191895]","['description', 'title_description', 'description']"
籁籁的拼音,['52336'],[],merged,1,0,[],,['51377'],[0.5370309948921204],['description']
籁籁的拼音,['52336'],[],merged,3,0,[],,"['51377', '51388', '51381']","[0.5370309948921204, 0.5289185047149658, 0.5213627219200134]","['description', 'description', 'description']"
精美的近义词有哪些,['52336'],[],merged,1,0,[],,['51386'],[0.6341148614883423],['title_description']
精美的近义词有哪些,['52336'],[],merged,3,0,[],,"['51386', '51388', '51387']","[0.6341148614883423, 0.5830075144767761, 0.5773330330848694]","['title_description', 'title_description', 'title_description']"
绠短汲深的拼音,['52336'],[],merged,1,0,[],,['51388'],[0.5303715467453003],['description']
绠短汲深的拼音,['52336'],[],merged,3,1,['52336'],2.0,"['51388', '52336', '51382']","[0.5303715467453003, 0.5114625692367554, 0.5113381147384644]","['description', 'title_description', 'description']"
维艰的拼音,['52336'],[],merged,1,0,[],,['51388'],[0.5715738534927368],['description']
维艰的拼音,['52336'],[],merged,3,0,[],,"['51388', '51382', '51381']","[0.5715738534927368, 0.5363380908966064, 0.5280604362487793]","['description', 'description', 'title_description']"
罢黜怎么读,['52336'],[],merged,1,1,['52336'],1.0,['52336'],[0.5080080032348633],['title_description']
罢黜怎么读,['52336'],[],merged,3,1,['52336'],1.0,"['52336', '51388', '52523']","[0.5080080032348633, 0.4976164698600769, 0.495537668466568]","['title_description', 'title_description', 'description']"
罪孽的拼音,['52336'],[],merged,1,0,[],,['51388'],[0.5415879487991333],['description']
罪孽的拼音,['52336'],[],merged,3,0,[],,"['51388', '51381', '51382']","[0.5415879487991333, 0.5260443687438965, 0.5060008764266968]","['description', 'title_description', 'title_description']"
翎韵怎么读,['52336'],[],merged,1,0,[],,['51377'],[0.5642476677894592],['description']
翎韵怎么读,['52336'],[],merged,3,0,[],,"['51377', '51381', '51388']","[0.5642476677894592, 0.5622382164001465, 0.550582766532898]","['description', 'description', 'description']"
翔栩怎么读,['52336'],[],merged,1,0,[],,['51381'],[0.5051938891410828],['title_description']
翔栩怎么读,['52336'],[],merged,3,0,[],,"['51381', '51382', '51388']","[0.5051938891410828, 0.4962981939315796, 0.49283045530319214]","['title_description', 'description', 'description']"
舜驱的拼音,['52336'],[],merged,1,0,[],,['51381'],[0.5729252099990845],['title_description']
舜驱的拼音,['52336'],[],merged,3,0,[],,"['51381', '51388', '51377']","[0.5729252099990845, 0.5704197883605957, 0.5628926753997803]","['title_description', 'description', 'description']"
舟舸怎么读,['52336'],[],merged,1,0,[],,['52524'],[0.5002719163894653],['description']
舟舸怎么读,['52336'],[],merged,3,1,['52336'],2.0,"['52524', '52336', '51388']","[0.5002719163894653, 0.4952051043510437, 0.49244433641433716]","['description', 'title_description', 'title_description']"
艰难的近义词有哪些,['52336'],[],merged,1,0,[],,['51386'],[0.5699278116226196],['title_description']
艰难的近义词有哪些,['52336'],[],merged,3,1,['52336'],3.0,"['51386', '51388', '52336']","[0.5699278116226196, 0.5512456893920898, 0.5150344371795654]","['title_description', 'title_description', 'title_description']"
色利内荏怎么读,['52336'],[],merged,1,0,[],,['51388'],[0.4858524203300476],['title_description']
色利内荏怎么读,['52336'],[],merged,3,1,['52336'],2.0,"['51388', '52336', '51386']","[0.4858524203300476, 0.47988656163215637, 0.47284066677093506]","['title_description', 'title_description', 'title_description']"
节奏的拼音,['52336'],[],merged,1,0,[],,['51388'],[0.5635958909988403],['description']
节奏的拼音,['52336'],[],merged,3,0,[],,"['51388', '51377', '51381']","[0.5635958909988403, 0.5564150214195251, 0.5517181158065796]","['description', 'description', 'description']"
著述怎么读,['52336'],[],merged,1,0,[],,['52524'],[0.5351245999336243],['description']
著述怎么读,['52336'],[],merged,3,1,['52336'],2.0,"['52524', '52336', '51377']","[0.5351245999336243, 0.4852924346923828, 0.47945865988731384]","['description', 'title_description', 'description']"
薄荷的拼音,['52336'],[],merged,1,0,[],,['51388'],[0.5433968305587769],['description']
薄荷的拼音,['52336'],[],merged,3,0,[],,"['51388', '51381', '51382']","[0.5433968305587769, 0.5406267642974854, 0.5211572051048279]","['description', 'description', 'description']"
蝉联的拼音,['52336'],[],merged,1,0,[],,['51388'],[0.5406136512756348],['description']
蝉联的拼音,['52336'],[],merged,3,1,['52336'],3.0,"['51388', '51381', '52336']","[0.5406136512756348, 0.5330542325973511, 0.518060028553009]","['description', 'title_description', 'title_description']"
螫虫怎么读音是什么,['52336'],[],merged,1,0,[],,['51388'],[0.48877236247062683],['title_description']
螫虫怎么读音是什么,['52336'],[],merged,3,1,['52336'],2.0,"['51388', '52336', '51381']","[0.48877236247062683, 0.48805877566337585, 0.47104960680007935]","['title_description', 'title_description', 'title_description']"
裙袂怎么读,['52336'],[],merged,1,0,[],,['52523'],[0.46803948283195496],['description']
裙袂怎么读,['52336'],[],merged,3,0,[],,"['52523', '52524', '51382']","[0.46803948283195496, 0.4597522020339966, 0.4588647484779358]","['description', 'description', 'description']"
覆辙的读音,['52336'],[],merged,1,0,[],,['51388'],[0.48139286041259766],['title_description']
覆辙的读音,['52336'],[],merged,3,1,['52336'],2.0,"['51388', '52336', '52524']","[0.48139286041259766, 0.47377511858940125, 0.4687633514404297]","['title_description', 'title_description', 'description']"
觉醒拼音,['52336'],[],merged,1,0,[],,['51388'],[0.5804927349090576],['description']
觉醒拼音,['52336'],[],merged,3,0,[],,"['51388', '51381', '51377']","[0.5804927349090576, 0.5776501893997192, 0.5469558835029602]","['description', 'title_description', 'description']"
解铃还须系铃人读音,['52336'],[],merged,1,0,[],,['51377'],[0.5124930739402771],['description']
解铃还须系铃人读音,['52336'],[],merged,3,0,[],,"['51377', '52524', '52523']","[0.5124930739402771, 0.4954950213432312, 0.49344873428344727]","['description', 'description', 'description']"
讨论的拼音,['52336'],[],merged,1,0,[],,['51388'],[0.6450886726379395],['description']
讨论的拼音,['52336'],[],merged,3,0,[],,"['51388', '51381', '51377']","[0.6450886726379395, 0.6214677095413208, 0.5928350687026978]","['description', 'title_description', 'description']"
诬蔑怎么读,['52336'],[],merged,1,0,[],,['51388'],[0.49188563227653503],['title_description']
诬蔑怎么读,['52336'],[],merged,3,1,['52336'],2.0,"['51388', '52336', '51386']","[0.49188563227653503, 0.4696893095970154, 0.466697633266449]","['title_description', 'title_description', 'description']"
调停的拼音,['52336'],[],merged,1,0,[],,['51388'],[0.5975593328475952],['description']
调停的拼音,['52336'],[],merged,3,0,[],,"['51388', '51381', '51382']","[0.5975593328475952, 0.5745118856430054, 0.5698336362838745]","['description', 'description', 'description']"
谎话的拼音,['52336'],[],merged,1,0,[],,['51388'],[0.5749281048774719],['description']
谎话的拼音,['52336'],[],merged,3,1,['52336'],3.0,"['51388', '51381', '52336']","[0.5749281048774719, 0.544437050819397, 0.5355250835418701]","['description', 'title_description', 'description']"
谤讟怎么读音,['52336'],[],merged,1,0,[],,['52523'],[0.54180908203125],['description']
谤讟怎么读音,['52336'],[],merged,3,1,['52336'],3.0,"['52523', '51388', '52336']","[0.54180908203125, 0.5362323522567749, 0.5282713770866394]","['description', 'title_description', 'description']"
责骂的近义词,['52336'],[],merged,1,0,[],,['51388'],[0.5363562107086182],['title_description']
责骂的近义词,['52336'],[],merged,3,1,['52336'],3.0,"['51388', '51386', '52336']","[0.5363562107086182, 0.5339885950088501, 0.5042514801025391]","['title_description', 'title_description', 'title_description']"
贾思勰怎么读,['52336'],[],merged,1,0,[],,['52524'],[0.4761698246002197],['description']
贾思勰怎么读,['52336'],[],merged,3,0,[],,"['52524', '51323', '51381']","[0.4761698246002197, 0.45983055233955383, 0.4587581157684326]","['description', 'title_description', 'title_description']"
赵匡胤读音,['52336'],[],merged,1,0,[],,['51381'],[0.5085424184799194],['description']
赵匡胤读音,['52336'],[],merged,3,0,[],,"['51381', '52524', '51377']","[0.5085424184799194, 0.48586663603782654, 0.48233023285865784]","['description', 'description', 'description']"
踌躇的拼音,['52336'],[],merged,1,0,[],,['51388'],[0.5433375835418701],['description']
踌躇的拼音,['52336'],[],merged,3,0,[],,"['51388', '51381', '51382']","[0.5433375835418701, 0.5248003005981445, 0.5192674398422241]","['description', 'title_description', 'title_description']"
踟蹰怎么读音,['52336'],[],merged,1,1,['52336'],1.0,['52336'],[0.5015507340431213],['title_description']
踟蹰怎么读音,['52336'],[],merged,3,1,['52336'],1.0,"['52336', '51388', '51382']","[0.5015507340431213, 0.48328325152397156, 0.48085638880729675]","['title_description', 'title_description', 'description']"
辚辚的拼音,['52336'],[],merged,1,0,[],,['51388'],[0.5279232859611511],['description']
辚辚的拼音,['52336'],[],merged,3,0,[],,"['51388', '51377', '51381']","[0.5279232859611511, 0.5256367325782776, 0.5190238952636719]","['description', 'description', 'description']"
辱没怎么读,['52336'],[],merged,1,1,['52336'],1.0,['52336'],[0.4978530704975128],['title_description']
辱没怎么读,['52336'],[],merged,3,1,['52336'],1.0,"['52336', '52523', '51388']","[0.4978530704975128, 0.49748072028160095, 0.49406445026397705]","['title_description', 'description', 'title_description']"
遒劲怎么读,['52336'],[],merged,1,0,[],,['51382'],[0.48232465982437134],['description']
遒劲怎么读,['52336'],[],merged,3,1,['52336'],3.0,"['51382', '51388', '52336']","[0.48232465982437134, 0.46814286708831787, 0.46535220742225647]","['description', 'title_description', 'title_description']"
那么的拼音,['52336'],[],merged,1,0,[],,['51388'],[0.6813499927520752],['description']
那么的拼音,['52336'],[],merged,3,0,[],,"['51388', '51381', '51382']","[0.6813499927520752, 0.669975221157074, 0.6375625133514404]","['description', 'title_description', 'title_description']"
鄯善读音怎么读,['52336'],[],merged,1,0,[],,['51381'],[0.48785704374313354],['title_description']
鄯善读音怎么读,['52336'],[],merged,3,0,[],,"['51381', '51377', '52524']","[0.48785704374313354, 0.4783433675765991, 0.47735047340393066]","['title_description', 'description', 'description']"
金枝玉叶的近义词,['52336'],[],merged,1,0,[],,['51386'],[0.4969401955604553],['title_description']
金枝玉叶的近义词,['52336'],[],merged,3,0,[],,"['51386', '51387', '51388']","[0.4969401955604553, 0.49419209361076355, 0.48119431734085083]","['title_description', 'title_description', 'title_description']"
钅镌刻的拼音,['52336'],[],merged,1,0,[],,['51388'],[0.539821982383728],['description']
钅镌刻的拼音,['52336'],[],merged,3,0,[],,"['51388', '51381', '51382']","[0.539821982383728, 0.530727744102478, 0.5165748596191406]","['description', 'title_description', 'title_description']"
镶嵌怎么读呀,['52336'],[],merged,1,0,[],,['51388'],[0.5081692934036255],['description']
镶嵌怎么读呀,['52336'],[],merged,3,1,['52336'],3.0,"['51388', '51381', '52336']","[0.5081692934036255, 0.5006318092346191, 0.4914896488189697]","['description', 'title_description', 'title_description']"
陡峭的拼音,['52336'],[],merged,1,0,[],,['51388'],[0.5642520189285278],['description']
陡峭的拼音,['52336'],[],merged,3,0,[],,"['51388', '51382', '51381']","[0.5642520189285278, 0.5516402721405029, 0.5423615574836731]","['description', 'description', 'description']"
隔壁的拼音,['52336'],[],merged,1,0,[],,['51388'],[0.5976097583770752],['description']
隔壁的拼音,['52336'],[],merged,3,0,[],,"['51388', '51381', '51377']","[0.5976097583770752, 0.5928187370300293, 0.5524704456329346]","['description', 'description', 'description']"
雪花的拼音,['52336'],[],merged,1,0,[],,['51381'],[0.5176206827163696],['description']
雪花的拼音,['52336'],[],merged,3,0,[],,"['51381', '51388', '51377']","[0.5176206827163696, 0.5130435824394226, 0.5057263374328613]","['description', 'description', 'description']"
风貌的近义词,['52336'],[],merged,1,0,[],,['51386'],[0.5445700287818909],['title_description']
风貌的近义词,['52336'],[],merged,3,0,[],,"['51386', '51388', '51381']","[0.5445700287818909, 0.5360206365585327, 0.514772355556488]","['title_description', 'title_description', 'title_description']"
驱车的拼音,['52336'],[],merged,1,0,[],,['51388'],[0.5433183908462524],['description']
驱车的拼音,['52336'],[],merged,3,0,[],,"['51388', '51381', '51382']","[0.5433183908462524, 0.5232999324798584, 0.5132638216018677]","['description', 'title_description', 'title_description']"
鸩酒怎么读,['52336'],[],merged,1,0,[],,['52524'],[0.48216792941093445],['description']
鸩酒怎么读,['52336'],[],merged,3,1,['52336'],3.0,"['52524', '51377', '52336']","[0.48216792941093445, 0.478259801864624, 0.4721963107585907]","['description', 'description', 'description']"
鼓浪屿读音,['52336'],[],merged,1,0,[],,['52523'],[0.4788094758987427],['description']
鼓浪屿读音,['52336'],[],merged,3,0,[],,"['52523', '51381', '51377']","[0.4788094758987427, 0.4590189456939697, 0.4540647864341736]","['description', 'description', 'description']"
《出塞》拼音版,['52336'],[],title_description,1,0,[],,['51377'],[0.595225989818573],['title_description']
《出塞》拼音版,['52336'],[],title_description,3,0,[],,"['51377', '51376', '51378']","[0.595225989818573, 0.5436568260192871, 0.5064781904220581]","['title_description', 'title_description', 'title_description']"
个头的拼音,['52336'],[],title_description,1,0,[],,['51388'],[0.6082916259765625],['title_description']
个头的拼音,['52336'],[],title_description,3,0,[],,"['51388', '51381', '51382']","[0.6082916259765625, 0.6046354174613953, 0.5829442143440247]","['title_description', 'title_description', 'title_description']"
乐于助人的近义词,['52336'],[],title_description,1,0,[],,['51386'],[0.5438929796218872],['title_description']
乐于助人的近义词,['52336'],[],title_description,3,1,['52336'],2.0,"['51386', '52336', '51388']","[0.5438929796218872, 0.5182024836540222, 0.5138874650001526]","['title_description', 'title_description', 'title_description']"
京东拼音怎么拼写,['52336'],[],title_description,1,0,[],,['51388'],[0.6290943622589111],['title_description']
京东拼音怎么拼写,['52336'],[],title_description,3,0,[],,"['51388', '51381', '51382']","[0.6290943622589111, 0.6175169944763184, 0.6043811440467834]","['title_description', 'title_description', 'title_description']"
仔细的反义词是什么,['52336'],[],title_description,1,0,[],,['51386'],[0.6026198267936707],['title_description']
仔细的反义词是什么,['52336'],[],title_description,3,1,['52336'],3.0,"['51386', '51388', '52336']","[0.6026198267936707, 0.5991856455802917, 0.5500688552856445]","['title_description', 'title_description', 'title_description']"
伦巴的拼音,['52336'],[],title_description,1,0,[],,['51388'],[0.5342956185340881],['title_description']
伦巴的拼音,['52336'],[],title_description,3,0,[],,"['51388', '51381', '51382']","[0.5342956185340881, 0.5271057486534119, 0.5045657753944397]","['title_description', 'title_description', 'title_description']"
何必的近义词,['52336'],[],title_description,1,0,[],,['51386'],[0.564021110534668],['title_description']
何必的近义词,['52336'],[],title_description,3,0,[],,"['51386', '51388', '51381']","[0.564021110534668, 0.5230292081832886, 0.506982684135437]","['title_description', 'title_description', 'title_description']"
作茧自缚读音,['52336'],[],title_description,1,1,['52336'],1.0,['52336'],[0.4692215621471405],['title_description']
作茧自缚读音,['52336'],[],title_description,3,1,['52336'],1.0,"['52336', '51388', '51381']","[0.4692215621471405, 0.4560219943523407, 0.44363832473754883]","['title_description', 'title_description', 'title_description']"
便宜拼音,['52336'],[],title_description,1,0,[],,['51388'],[0.5674717426300049],['title_description']
便宜拼音,['52336'],[],title_description,3,0,[],,"['51388', '51381', '47272']","[0.5674717426300049, 0.54769366979599, 0.5459082126617432]","['title_description', 'title_description', 'title_description']"
信赖的近义词,['52336'],[],title_description,1,0,[],,['51386'],[0.5391279458999634],['title_description']
信赖的近义词,['52336'],[],title_description,3,0,[],,"['51386', '51388', '51381']","[0.5391279458999634, 0.5195699334144592, 0.5073700547218323]","['title_description', 'title_description', 'title_description']"
停当怎么读,['52336'],[],title_description,1,0,[],,['51388'],[0.5061405301094055],['title_description']
停当怎么读,['52336'],[],title_description,3,1,['52336'],2.0,"['51388', '52336', '51382']","[0.5061405301094055, 0.4816306233406067, 0.48130935430526733]","['title_description', 'title_description', 'title_description']"
先人的拼音,['52336'],[],title_description,1,0,[],,['51381'],[0.5649315118789673],['title_description']
先人的拼音,['52336'],[],title_description,3,0,[],,"['51381', '51388', '51382']","[0.5649315118789673, 0.5621968507766724, 0.5354055166244507]","['title_description', 'title_description', 'title_description']"
其实繁体字,['52336'],[],title_description,1,0,[],,['51382'],[0.6406552791595459],['title_description']
其实繁体字,['52336'],[],title_description,3,0,[],,"['51382', '51381', '51388']","[0.6406552791595459, 0.6337555050849915, 0.6120091080665588]","['title_description', 'title_description', 'title_description']"
军人的拼音,['52336'],[],title_description,1,0,[],,['51381'],[0.5333847403526306],['title_description']
军人的拼音,['52336'],[],title_description,3,0,[],,"['51381', '51388', '51382']","[0.5333847403526306, 0.5325111746788025, 0.5009775757789612]","['title_description', 'title_description', 'title_description']"
加工拼音,['52336'],[],title_description,1,0,[],,['51381'],[0.7407869696617126],['title_description']
加工拼音,['52336'],[],title_description,3,0,[],,"['51381', '51388', '51382']","[0.7407869696617126, 0.7404860258102417, 0.7069041132926941]","['title_description', 'title_description', 'title_description']"
动画的拼音,['52336'],[],title_description,1,0,[],,['51388'],[0.6223075985908508],['title_description']
动画的拼音,['52336'],[],title_description,3,0,[],,"['51388', '51381', '51382']","[0.6223075985908508, 0.6021257638931274, 0.5910320281982422]","['title_description', 'title_description', 'title_description']"
匝道怎么读,['52336'],[],title_description,1,1,['52336'],1.0,['52336'],[0.4718400835990906],['title_description']
匝道怎么读,['52336'],[],title_description,3,1,['52336'],1.0,"['52336', '51388', '51382']","[0.4718400835990906, 0.47069400548934937, 0.4602644443511963]","['title_description', 'title_description', 'title_description']"
卢昱晓怎么读,['52336'],[],title_description,1,0,[],,['51381'],[0.4587070345878601],['title_description']
卢昱晓怎么读,['52336'],[],title_description,3,1,['52336'],3.0,"['51381', '51388', '52336']","[0.4587070345878601, 0.4578755497932434, 0.4447503685951233]","['title_description', 'title_description', 'title_description']"
可以近义词是什么,['52336'],[],title_description,1,0,[],,['51388'],[0.7065324187278748],['title_description']
可以近义词是什么,['52336'],[],title_description,3,0,[],,"['51388', '51386', '51381']","[0.7065324187278748, 0.6934188604354858, 0.6785967946052551]","['title_description', 'title_description', 'title_description']"
君珠怎么读音是什么读,['52336'],[],title_description,1,0,[],,['51381'],[0.507995069026947],['title_description']
君珠怎么读音是什么读,['52336'],[],title_description,3,0,[],,"['51381', '51388', '51382']","[0.507995069026947, 0.48812299966812134, 0.46924811601638794]","['title_description', 'title_description', 'title_description']"
呢称的读音,['52336'],[],title_description,1,0,[],,['51381'],[0.5040966272354126],['title_description']
呢称的读音,['52336'],[],title_description,3,1,['52336'],3.0,"['51381', '51388', '52336']","[0.5040966272354126, 0.49849531054496765, 0.47403860092163086]","['title_description', 'title_description', 'title_description']"
呲牙的拼音,['52336'],[],title_description,1,0,[],,['51388'],[0.511732816696167],['title_description']
呲牙的拼音,['52336'],[],title_description,3,0,[],,"['51388', '51381', '51382']","[0.511732816696167, 0.48265203833580017, 0.4708371162414551]","['title_description', 'title_description', 'title_description']"
咒语的拼音,['52336'],[],title_description,1,0,[],,['51388'],[0.5841900110244751],['title_description']
咒语的拼音,['52336'],[],title_description,3,0,[],,"['51388', '51381', '51382']","[0.5841900110244751, 0.5707950592041016, 0.5449274778366089]","['title_description', 'title_description', 'title_description']"
嗔怒的拼音,['52336'],[],title_description,1,0,[],,['51388'],[0.5260964035987854],['title_description']
嗔怒的拼音,['52336'],[],title_description,3,1,['52336'],3.0,"['51388', '51381', '52336']","[0.5260964035987854, 0.5014750957489014, 0.4999483525753021]","['title_description', 'title_description', 'title_description']"
嘤嘤成韵的拼音,['52336'],[],title_description,1,0,[],,['51381'],[0.5520167350769043],['title_description']
嘤嘤成韵的拼音,['52336'],[],title_description,3,0,[],,"['51381', '51388', '51377']","[0.5520167350769043, 0.535641074180603, 0.5247204899787903]","['title_description', 'title_description', 'title_description']"
处境的拼音,['52336'],[],title_description,1,0,[],,['51388'],[0.5575056076049805],['title_description']
处境的拼音,['52336'],[],title_description,3,1,['52336'],3.0,"['51388', '51381', '52336']","[0.5575056076049805, 0.528789758682251, 0.5269943475723267]","['title_description', 'title_description', 'title_description']"
安心的近义词,['52336'],[],title_description,1,0,[],,['51386'],[0.5128189325332642],['title_description']
安心的近义词,['52336'],[],title_description,3,1,['52336'],3.0,"['51386', '51388', '52336']","[0.5128189325332642, 0.5019902586936951, 0.4988531768321991]","['title_description', 'title_description', 'title_description']"
寂寞的拼音,['52336'],[],title_description,1,0,[],,['51388'],[0.5646048784255981],['title_description']
寂寞的拼音,['52336'],[],title_description,3,0,[],,"['51388', '51381', '51386']","[0.5646048784255981, 0.560859739780426, 0.5173403024673462]","['title_description', 'title_description', 'title_description']"
寤生怎么读,['52336'],[],title_description,1,0,[],,['51388'],[0.4722796082496643],['title_description']
寤生怎么读,['52336'],[],title_description,3,1,['52336'],3.0,"['51388', '51381', '52336']","[0.4722796082496643, 0.4659656286239624, 0.4521549344062805]","['title_description', 'title_description', 'title_description']"
崩裂怎么读,['52336'],[],title_description,1,0,[],,['52523'],[0.46388736367225647],['title_description']
崩裂怎么读,['52336'],[],title_description,3,1,['52336'],3.0,"['52523', '51388', '52336']","[0.46388736367225647, 0.4613761305809021, 0.4473881125450134]","['title_description', 'title_description', 'title_description']"
干谒诗怎么读音,['52336'],[],title_description,1,0,[],,['51377'],[0.552228569984436],['title_description']
干谒诗怎么读音,['52336'],[],title_description,3,0,[],,"['51377', '51376', '52524']","[0.552228569984436, 0.5445135831832886, 0.5442553162574768]","['title_description', 'title_description', 'title_description']"
序言的拼音,['52336'],[],title_description,1,0,[],,['51388'],[0.6073578000068665],['title_description']
序言的拼音,['52336'],[],title_description,3,0,[],,"['51388', '51381', '51382']","[0.6073578000068665, 0.5952436923980713, 0.5823653936386108]","['title_description', 'title_description', 'title_description']"
应该反义词是什么,['52336'],[],title_description,1,0,[],,['51388'],[0.7274349927902222],['title_description']
应该反义词是什么,['52336'],[],title_description,3,0,[],,"['51388', '51386', '51381']","[0.7274349927902222, 0.6992271542549133, 0.6586104035377502]","['title_description', 'title_description', 'title_description']"
异曲同工的近义词,['52336'],[],title_description,1,0,[],,['51387'],[0.547539234161377],['title_description']
异曲同工的近义词,['52336'],[],title_description,3,0,[],,"['51387', '51386', '51381']","[0.547539234161377, 0.5429832935333252, 0.5364080667495728]","['title_description', 'title_description', 'title_description']"
弹劾的读音,['52336'],[],title_description,1,1,['52336'],1.0,['52336'],[0.4828067421913147],['title_description']
弹劾的读音,['52336'],[],title_description,3,1,['52336'],1.0,"['52336', '51388', '52523']","[0.4828067421913147, 0.4716074466705322, 0.4586450457572937]","['title_description', 'title_description', 'title_description']"
当之无愧拼音,['52336'],[],title_description,1,1,['52336'],1.0,['52336'],[0.5641359090805054],['title_description']
当之无愧拼音,['52336'],[],title_description,3,1,['52336'],1.0,"['52336', '51388', '51386']","[0.5641359090805054, 0.5485175848007202, 0.5000957250595093]","['title_description', 'title_description', 'title_description']"
御寒的拼音,['52336'],[],title_description,1,0,[],,['51388'],[0.5817275047302246],['title_description']
御寒的拼音,['52336'],[],title_description,3,0,[],,"['51388', '51381', '51382']","[0.5817275047302246, 0.5621469616889954, 0.5383375883102417]","['title_description', 'title_description', 'title_description']"
心愿的拼音,['52336'],[],title_description,1,0,[],,['51388'],[0.5977668166160583],['title_description']
心愿的拼音,['52336'],[],title_description,3,0,[],,"['51388', '51381', '51386']","[0.5977668166160583, 0.5930028557777405, 0.5513454675674438]","['title_description', 'title_description', 'title_description']"
怀古伤今的拼音,['52336'],[],title_description,1,0,[],,['51377'],[0.5324838161468506],['title_description']
怀古伤今的拼音,['52336'],[],title_description,3,1,['52336'],3.0,"['51377', '51388', '52336']","[0.5324838161468506, 0.5145379304885864, 0.5006223917007446]","['title_description', 'title_description', 'title_description']"
怎么读音,['52336'],[],title_description,1,0,[],,['51381'],[0.6443142890930176],['title_description']
怎么读音,['52336'],[],title_description,3,0,[],,"['51381', '51388', '51382']","[0.6443142890930176, 0.636789083480835, 0.5974996089935303]","['title_description', 'title_description', 'title_description']"
急忙的近义词,['52336'],[],title_description,1,0,[],,['51386'],[0.5405565500259399],['title_description']
急忙的近义词,['52336'],[],title_description,3,1,['52336'],3.0,"['51386', '51388', '52336']","[0.5405565500259399, 0.5324146151542664, 0.5198072195053101]","['title_description', 'title_description', 'title_description']"
恍惚的拼音,['52336'],[],title_description,1,0,[],,['51381'],[0.5652629137039185],['title_description']
恍惚的拼音,['52336'],[],title_description,3,0,[],,"['51381', '51388', '51382']","[0.5652629137039185, 0.5592285394668579, 0.5315160751342773]","['title_description', 'title_description', 'title_description']"
恍然大悟的反义词,['52336'],[],title_description,1,0,[],,['51388'],[0.5091828107833862],['title_description']
恍然大悟的反义词,['52336'],[],title_description,3,1,['52336'],2.0,"['51388', '52336', '51386']","[0.5091828107833862, 0.5064963102340698, 0.48874807357788086]","['title_description', 'title_description', 'title_description']"
恳切的恳的意思,['52336'],[],title_description,1,0,[],,['51388'],[0.5282326936721802],['title_description']
恳切的恳的意思,['52336'],[],title_description,3,1,['52336'],2.0,"['51388', '52336', '51386']","[0.5282326936721802, 0.5123616456985474, 0.5111165046691895]","['title_description', 'title_description', 'title_description']"
悠久的拼音,['52336'],[],title_description,1,0,[],,['51388'],[0.5969943404197693],['title_description']
悠久的拼音,['52336'],[],title_description,3,0,[],,"['51388', '51381', '51382']","[0.5969943404197693, 0.5860995054244995, 0.5622391700744629]","['title_description', 'title_description', 'title_description']"
扁鹊怎么读,['52336'],[],title_description,1,0,[],,['51388'],[0.4660511016845703],['title_description']
扁鹊怎么读,['52336'],[],title_description,3,0,[],,"['51388', '51381', '51382']","[0.4660511016845703, 0.4573632776737213, 0.4446726441383362]","['title_description', 'title_description', 'title_description']"
扯着的拼音,['52336'],[],title_description,1,0,[],,['51381'],[0.5545253753662109],['title_description']
扯着的拼音,['52336'],[],title_description,3,0,[],,"['51381', '51388', '51382']","[0.5545253753662109, 0.5509806871414185, 0.5350017547607422]","['title_description', 'title_description', 'title_description']"
把手的拼音,['52336'],[],title_description,1,0,[],,['51388'],[0.5790122747421265],['title_description']
把手的拼音,['52336'],[],title_description,3,0,[],,"['51388', '51381', '51382']","[0.5790122747421265, 0.5617074966430664, 0.5516664981842041]","['title_description', 'title_description', 'title_description']"
抛却的拼音,['52336'],[],title_description,1,0,[],,['51388'],[0.5520460605621338],['title_description']
抛却的拼音,['52336'],[],title_description,3,0,[],,"['51388', '51381', '51382']","[0.5520460605621338, 0.5340203642845154, 0.5199676752090454]","['title_description', 'title_description', 'title_description']"
抨击的拼音,['52336'],[],title_description,1,0,[],,['51388'],[0.5747894048690796],['title_description']
抨击的拼音,['52336'],[],title_description,3,0,[],,"['51388', '51381', '51382']","[0.5747894048690796, 0.5230011940002441, 0.5081017017364502]","['title_description', 'title_description', 'title_description']"
掩盖的近义词,['52336'],[],title_description,1,0,[],,['51386'],[0.521933376789093],['title_description']
掩盖的近义词,['52336'],[],title_description,3,1,['52336'],3.0,"['51386', '51388', '52336']","[0.521933376789093, 0.517087459564209, 0.49331364035606384]","['title_description', 'title_description', 'title_description']"
旖旎怎么读,['52336'],[],title_description,1,0,[],,['51388'],[0.4940450191497803],['title_description']
旖旎怎么读,['52336'],[],title_description,3,1,['52336'],3.0,"['51388', '51386', '52336']","[0.4940450191497803, 0.49375617504119873, 0.4807744324207306]","['title_description', 'title_description', 'title_description']"
无知近义词,['52336'],[],title_description,1,0,[],,['51388'],[0.5695663690567017],['title_description']
无知近义词,['52336'],[],title_description,3,0,[],,"['51388', '51386', '51381']","[0.5695663690567017, 0.5605000257492065, 0.5334307551383972]","['title_description', 'title_description', 'title_description']"
日臻的拼音,['52336'],[],title_description,1,0,[],,['51388'],[0.5854315757751465],['title_description']
日臻的拼音,['52336'],[],title_description,3,0,[],,"['51388', '51381', '51382']","[0.5854315757751465, 0.563217043876648, 0.5607474446296692]","['title_description', 'title_description', 'title_description']"
昏暗的近义词,['52336'],[],title_description,1,0,[],,['51386'],[0.531353771686554],['title_description']
昏暗的近义词,['52336'],[],title_description,3,1,['52336'],3.0,"['51386', '51388', '52336']","[0.531353771686554, 0.5204702615737915, 0.4960283637046814]","['title_description', 'title_description', 'title_description']"
昱皓的拼音,['52336'],[],title_description,1,0,[],,['51381'],[0.6057738065719604],['title_description']
昱皓的拼音,['52336'],[],title_description,3,0,[],,"['51381', '51382', '51388']","[0.6057738065719604, 0.5797603130340576, 0.5741288661956787]","['title_description', 'title_description', 'title_description']"
晶莹的拼音,['52336'],[],title_description,1,0,[],,['51388'],[0.5602473020553589],['title_description']
晶莹的拼音,['52336'],[],title_description,3,0,[],,"['51388', '51381', '51382']","[0.5602473020553589, 0.5579097270965576, 0.5343127250671387]","['title_description', 'title_description', 'title_description']"
暄妍怎么读,['52336'],[],title_description,1,0,[],,['51381'],[0.5206986665725708],['title_description']
暄妍怎么读,['52336'],[],title_description,3,1,['52336'],3.0,"['51381', '51388', '52336']","[0.5206986665725708, 0.5192649960517883, 0.4927322268486023]","['title_description', 'title_description', 'title_description']"
有恃无恐的读音,['52336'],[],title_description,1,1,['52336'],1.0,['52336'],[0.4954970180988312],['title_description']
有恃无恐的读音,['52336'],[],title_description,3,1,['52336'],1.0,"['52336', '51388', '51381']","[0.4954970180988312, 0.4741622805595398, 0.4673895239830017]","['title_description', 'title_description', 'title_description']"
李存勖读音,['52336'],[],title_description,1,1,['52336'],1.0,['52336'],[0.4776800274848938],['title_description']
李存勖读音,['52336'],[],title_description,3,1,['52336'],1.0,"['52336', '51381', '52523']","[0.4776800274848938, 0.46924999356269836, 0.46674108505249023]","['title_description', 'title_description', 'title_description']"
标准的拼音,['52336'],[],title_description,1,0,[],,['51388'],[0.6599805355072021],['title_description']
标准的拼音,['52336'],[],title_description,3,0,[],,"['51388', '51381', '51382']","[0.6599805355072021, 0.6517229080200195, 0.6298648118972778]","['title_description', 'title_description', 'title_description']"
栖息读音,['52336'],[],title_description,1,0,[],,['51388'],[0.5127673149108887],['title_description']
栖息读音,['52336'],[],title_description,3,1,['52336'],2.0,"['51388', '52336', '51381']","[0.5127673149108887, 0.49549704790115356, 0.4943128824234009]","['title_description', 'title_description', 'title_description']"
梦想的拼音,['52336'],[],title_description,1,0,[],,['51388'],[0.5486366152763367],['title_description']
梦想的拼音,['52336'],[],title_description,3,0,[],,"['51388', '51381', '51386']","[0.5486366152763367, 0.5417722463607788, 0.5052558183670044]","['title_description', 'title_description', 'title_description']"
棒棒糖的拼音,['52336'],[],title_description,1,0,[],,['51388'],[0.5220192670822144],['title_description']
棒棒糖的拼音,['52336'],[],title_description,3,0,[],,"['51388', '51381', '51382']","[0.5220192670822144, 0.4975590407848358, 0.48248451948165894]","['title_description', 'title_description', 'title_description']"
欢快拼音,['52336'],[],title_description,1,0,[],,['51381'],[0.50937420129776],['title_description']
欢快拼音,['52336'],[],title_description,3,0,[],,"['51381', '51388', '51382']","[0.50937420129776, 0.4956708550453186, 0.4941442608833313]","['title_description', 'title_description', 'title_description']"
殷殷的读音,['52336'],[],title_description,1,0,[],,['51381'],[0.5591669082641602],['title_description']
殷殷的读音,['52336'],[],title_description,3,0,[],,"['51381', '51388', '51382']","[0.5591669082641602, 0.5432286858558655, 0.5073391199111938]","['title_description', 'title_description', 'title_description']"
氯化钠的拼音,['52336'],[],title_description,1,0,[],,['51381'],[0.5162883400917053],['title_description']
氯化钠的拼音,['52336'],[],title_description,3,0,[],,"['51381', '51388', '51382']","[0.5162883400917053, 0.5064176917076111, 0.47331225872039795]","['title_description', 'title_description', 'title_description']"
水流的拼音,['52336'],[],title_description,1,0,[],,['51388'],[0.588417112827301],['title_description']
水流的拼音,['52336'],[],title_description,3,0,[],,"['51388', '51381', '51382']","[0.588417112827301, 0.5830248594284058, 0.5750598907470703]","['title_description', 'title_description', 'title_description']"
水牛的拼音,['52336'],[],title_description,1,0,[],,['51388'],[0.5441595315933228],['title_description']
水牛的拼音,['52336'],[],title_description,3,0,[],,"['51388', '51381', '51382']","[0.5441595315933228, 0.5303177237510681, 0.5206976532936096]","['title_description', 'title_description', 'title_description']"
注意拼音怎么写,['52336'],[],title_description,1,0,[],,['51381'],[0.7175251841545105],['title_description']
注意拼音怎么写,['52336'],[],title_description,3,0,[],,"['51381', '51388', '51382']","[0.7175251841545105, 0.7105494737625122, 0.6862346529960632]","['title_description', 'title_description', 'title_description']"
洽浃怎么读,['52336'],[],title_description,1,1,['52336'],1.0,['52336'],[0.49898475408554077],['title_description']
洽浃怎么读,['52336'],[],title_description,3,1,['52336'],1.0,"['52336', '51388', '51386']","[0.49898475408554077, 0.4749709665775299, 0.46879124641418457]","['title_description', 'title_description', 'title_description']"
浣熊怎么读,['52336'],[],title_description,1,0,[],,['51381'],[0.47442907094955444],['title_description']
浣熊怎么读,['52336'],[],title_description,3,1,['52336'],3.0,"['51381', '51388', '52336']","[0.47442907094955444, 0.474140465259552, 0.45156580209732056]","['title_description', 'title_description', 'title_description']"
渑池的读音,['52336'],[],title_description,1,0,[],,['51381'],[0.4804905652999878],['title_description']
渑池的读音,['52336'],[],title_description,3,0,[],,"['51381', '51388', '51377']","[0.4804905652999878, 0.4800589680671692, 0.4756697416305542]","['title_description', 'title_description', 'title_description']"
温暖的反义词,['52336'],[],title_description,1,0,[],,['51386'],[0.5120947360992432],['title_description']
温暖的反义词,['52336'],[],title_description,3,1,['52336'],3.0,"['51386', '51388', '52336']","[0.5120947360992432, 0.5106269121170044, 0.46993374824523926]","['title_description', 'title_description', 'title_description']"
灯光的拼音,['52336'],[],title_description,1,0,[],,['51388'],[0.5730067491531372],['title_description']
灯光的拼音,['52336'],[],title_description,3,0,[],,"['51388', '51381', '51382']","[0.5730067491531372, 0.5595055818557739, 0.5358188152313232]","['title_description', 'title_description', 'title_description']"
炽热的近义词,['52336'],[],title_description,1,0,[],,['51386'],[0.5344489812850952],['title_description']
炽热的近义词,['52336'],[],title_description,3,1,['52336'],2.0,"['51386', '52336', '51388']","[0.5344489812850952, 0.5174413323402405, 0.5165383815765381]","['title_description', 'title_description', 'title_description']"
燕子窠怎么读,['52336'],[],title_description,1,0,[],,['51388'],[0.47470366954803467],['title_description']
燕子窠怎么读,['52336'],[],title_description,3,0,[],,"['51388', '51382', '51381']","[0.47470366954803467, 0.466062068939209, 0.4602906405925751]","['title_description', 'title_description', 'title_description']"
猰貐怎么读,['52336'],[],title_description,1,0,[],,['51388'],[0.47588062286376953],['title_description']
猰貐怎么读,['52336'],[],title_description,3,1,['52336'],3.0,"['51388', '51381', '52336']","[0.47588062286376953, 0.46618637442588806, 0.45314672589302063]","['title_description', 'title_description', 'title_description']"
率先垂范的拼音,['52336'],[],title_description,1,0,[],,['51388'],[0.5135408639907837],['title_description']
率先垂范的拼音,['52336'],[],title_description,3,0,[],,"['51388', '51382', '51386']","[0.5135408639907837, 0.5113494396209717, 0.48203766345977783]","['title_description', 'title_description', 'title_description']"
球鞋的拼音,['52336'],[],title_description,1,0,[],,['51388'],[0.5576826333999634],['title_description']
球鞋的拼音,['52336'],[],title_description,3,0,[],,"['51388', '51381', '51382']","[0.5576826333999634, 0.548907995223999, 0.5175319314002991]","['title_description', 'title_description', 'title_description']"
甘庶的读音,['52336'],[],title_description,1,0,[],,['51381'],[0.5379266738891602],['title_description']
甘庶的读音,['52336'],[],title_description,3,0,[],,"['51381', '51388', '51382']","[0.5379266738891602, 0.5116044282913208, 0.5027004480361938]","['title_description', 'title_description', 'title_description']"
生肖的拼音,['52336'],[],title_description,1,0,[],,['51381'],[0.6514344215393066],['title_description']
生肖的拼音,['52336'],[],title_description,3,0,[],,"['51381', '51388', '51382']","[0.6514344215393066, 0.6302585601806641, 0.597151517868042]","['title_description', 'title_description', 'title_description']"
白术的拼音,['52336'],[],title_description,1,0,[],,['51388'],[0.5406854152679443],['title_description']
白术的拼音,['52336'],[],title_description,3,0,[],,"['51388', '51381', '51382']","[0.5406854152679443, 0.5291264653205872, 0.519230842590332]","['title_description', 'title_description', 'title_description']"
磕磕绊绊的拼音,['52336'],[],title_description,1,0,[],,['51382'],[0.539800763130188],['title_description']
磕磕绊绊的拼音,['52336'],[],title_description,3,0,[],,"['51382', '51388', '51381']","[0.539800763130188, 0.5322239398956299, 0.5281722545623779]","['title_description', 'title_description', 'title_description']"
稽首怎么读音,['52336'],[],title_description,1,0,[],,['51382'],[0.4909077286720276],['title_description']
稽首怎么读音,['52336'],[],title_description,3,0,[],,"['51382', '51388', '51381']","[0.4909077286720276, 0.4834865629673004, 0.47874170541763306]","['title_description', 'title_description', 'title_description']"
竹子的拼音,['52336'],[],title_description,1,0,[],,['51388'],[0.559996485710144],['title_description']
竹子的拼音,['52336'],[],title_description,3,0,[],,"['51388', '51381', '51382']","[0.559996485710144, 0.5546817779541016, 0.5386331081390381]","['title_description', 'title_description', 'title_description']"
篆刻怎么读,['52336'],[],title_description,1,1,['52336'],1.0,['52336'],[0.4766254425048828],['title_description']
篆刻怎么读,['52336'],[],title_description,3,1,['52336'],1.0,"['52336', '52524', '51382']","[0.4766254425048828, 0.47038015723228455, 0.4668339490890503]","['title_description', 'title_description', 'title_description']"
籁籁的拼音,['52336'],[],title_description,1,0,[],,['51388'],[0.5233519077301025],['title_description']
籁籁的拼音,['52336'],[],title_description,3,0,[],,"['51388', '51381', '51377']","[0.5233519077301025, 0.5212427377700806, 0.5027073621749878]","['title_description', 'title_description', 'title_description']"
精美的近义词有哪些,['52336'],[],title_description,1,0,[],,['51386'],[0.6341148614883423],['title_description']
精美的近义词有哪些,['52336'],[],title_description,3,0,[],,"['51386', '51388', '51387']","[0.6341148614883423, 0.5830075144767761, 0.5773330330848694]","['title_description', 'title_description', 'title_description']"
绠短汲深的拼音,['52336'],[],title_description,1,0,[],,['51388'],[0.5301034450531006],['title_description']
绠短汲深的拼音,['52336'],[],title_description,3,1,['52336'],2.0,"['51388', '52336', '51381']","[0.5301034450531006, 0.5114625692367554, 0.5056968331336975]","['title_description', 'title_description', 'title_description']"
维艰的拼音,['52336'],[],title_description,1,0,[],,['51388'],[0.565163254737854],['title_description']
维艰的拼音,['52336'],[],title_description,3,0,[],,"['51388', '51382', '51381']","[0.565163254737854, 0.5323863625526428, 0.5280604362487793]","['title_description', 'title_description', 'title_description']"
罢黜怎么读,['52336'],[],title_description,1,1,['52336'],1.0,['52336'],[0.5080080032348633],['title_description']
罢黜怎么读,['52336'],[],title_description,3,1,['52336'],1.0,"['52336', '51388', '52523']","[0.5080080032348633, 0.4976164698600769, 0.489518404006958]","['title_description', 'title_description', 'title_description']"
罪孽的拼音,['52336'],[],title_description,1,0,[],,['51388'],[0.537987232208252],['title_description']
罪孽的拼音,['52336'],[],title_description,3,0,[],,"['51388', '51381', '51382']","[0.537987232208252, 0.5260443687438965, 0.5060008764266968]","['title_description', 'title_description', 'title_description']"
翎韵怎么读,['52336'],[],title_description,1,0,[],,['51381'],[0.5566962957382202],['title_description']
翎韵怎么读,['52336'],[],title_description,3,0,[],,"['51381', '51388', '51382']","[0.5566962957382202, 0.5435683727264404, 0.535881519317627]","['title_description', 'title_description', 'title_description']"
翔栩怎么读,['52336'],[],title_description,1,0,[],,['51381'],[0.5051938891410828],['title_description']
翔栩怎么读,['52336'],[],title_description,3,0,[],,"['51381', '51382', '51388']","[0.5051938891410828, 0.4933638572692871, 0.4888274371623993]","['title_description', 'title_description', 'title_description']"
舜驱的拼音,['52336'],[],title_description,1,0,[],,['51381'],[0.5729252099990845],['title_description']
舜驱的拼音,['52336'],[],title_description,3,0,[],,"['51381', '51388', '51382']","[0.5729252099990845, 0.5642694234848022, 0.5448378324508667]","['title_description', 'title_description', 'title_description']"
舟舸怎么读,['52336'],[],title_description,1,1,['52336'],1.0,['52336'],[0.4952051043510437],['title_description']
舟舸怎么读,['52336'],[],title_description,3,1,['52336'],1.0,"['52336', '51388', '51382']","[0.4952051043510437, 0.49244433641433716, 0.4907766580581665]","['title_description', 'title_description', 'title_description']"
艰难的近义词有哪些,['52336'],[],title_description,1,0,[],,['51386'],[0.5699278116226196],['title_description']
艰难的近义词有哪些,['52336'],[],title_description,3,1,['52336'],3.0,"['51386', '51388', '52336']","[0.5699278116226196, 0.5512456893920898, 0.5150344371795654]","['title_description', 'title_description', 'title_description']"
色利内荏怎么读,['52336'],[],title_description,1,0,[],,['51388'],[0.4858524203300476],['title_description']
色利内荏怎么读,['52336'],[],title_description,3,1,['52336'],2.0,"['51388', '52336', '51386']","[0.4858524203300476, 0.47988656163215637, 0.47284066677093506]","['title_description', 'title_description', 'title_description']"
节奏的拼音,['52336'],[],title_description,1,0,[],,['51388'],[0.5564318895339966],['title_description']
节奏的拼音,['52336'],[],title_description,3,0,[],,"['51388', '51381', '51382']","[0.5564318895339966, 0.5495429039001465, 0.5353308916091919]","['title_description', 'title_description', 'title_description']"
著述怎么读,['52336'],[],title_description,1,1,['52336'],1.0,['52336'],[0.4852924346923828],['title_description']
著述怎么读,['52336'],[],title_description,3,1,['52336'],1.0,"['52336', '52524', '51382']","[0.4852924346923828, 0.4735346734523773, 0.46065932512283325]","['title_description', 'title_description', 'title_description']"
薄荷的拼音,['52336'],[],title_description,1,0,[],,['51381'],[0.5390747785568237],['title_description']
薄荷的拼音,['52336'],[],title_description,3,0,[],,"['51381', '51388', '51382']","[0.5390747785568237, 0.538174033164978, 0.5144780874252319]","['title_description', 'title_description', 'title_description']"
蝉联的拼音,['52336'],[],title_description,1,0,[],,['51388'],[0.5357286930084229],['title_description']
蝉联的拼音,['52336'],[],title_description,3,1,['52336'],3.0,"['51388', '51381', '52336']","[0.5357286930084229, 0.5330542325973511, 0.518060028553009]","['title_description', 'title_description', 'title_description']"
螫虫怎么读音是什么,['52336'],[],title_description,1,0,[],,['51388'],[0.48877236247062683],['title_description']
螫虫怎么读音是什么,['52336'],[],title_description,3,1,['52336'],2.0,"['51388', '52336', '51381']","[0.48877236247062683, 0.48805877566337585, 0.47104960680007935]","['title_description', 'title_description', 'title_description']"
裙袂怎么读,['52336'],[],title_description,1,0,[],,['52523'],[0.45787447690963745],['title_description']
裙袂怎么读,['52336'],[],title_description,3,0,[],,"['52523', '51388', '51382']","[0.45787447690963745, 0.45594170689582825, 0.4557887017726898]","['title_description', 'title_description', 'title_description']"
覆辙的读音,['52336'],[],title_description,1,0,[],,['51388'],[0.48139286041259766],['title_description']
覆辙的读音,['52336'],[],title_description,3,1,['52336'],2.0,"['51388', '52336', '51382']","[0.48139286041259766, 0.47377511858940125, 0.46135199069976807]","['title_description', 'title_description', 'title_description']"
觉醒拼音,['52336'],[],title_description,1,0,[],,['51388'],[0.5778310298919678],['title_description']
觉醒拼音,['52336'],[],title_description,3,0,[],,"['51388', '51381', '51382']","[0.5778310298919678, 0.5776501893997192, 0.5409022569656372]","['title_description', 'title_description', 'title_description']"
解铃还须系铃人读音,['52336'],[],title_description,1,0,[],,['51377'],[0.5033127665519714],['title_description']
解铃还须系铃人读音,['52336'],[],title_description,3,1,['52336'],3.0,"['51377', '51381', '52336']","[0.5033127665519714, 0.4902992248535156, 0.484591007232666]","['title_description', 'title_description', 'title_description']"
讨论的拼音,['52336'],[],title_description,1,0,[],,['51388'],[0.6406229734420776],['title_description']
讨论的拼音,['52336'],[],title_description,3,0,[],,"['51388', '51381', '51382']","[0.6406229734420776, 0.6214677095413208, 0.5844194889068604]","['title_description', 'title_description', 'title_description']"
诬蔑怎么读,['52336'],[],title_description,1,0,[],,['51388'],[0.49188563227653503],['title_description']
诬蔑怎么读,['52336'],[],title_description,3,1,['52336'],2.0,"['51388', '52336', '51386']","[0.49188563227653503, 0.4696893095970154, 0.4661461114883423]","['title_description', 'title_description', 'title_description']"
调停的拼音,['52336'],[],title_description,1,0,[],,['51388'],[0.5927750468254089],['title_description']
调停的拼音,['52336'],[],title_description,3,0,[],,"['51388', '51381', '51382']","[0.5927750468254089, 0.5689542293548584, 0.5597437620162964]","['title_description', 'title_description', 'title_description']"
谎话的拼音,['52336'],[],title_description,1,0,[],,['51388'],[0.569872260093689],['title_description']
谎话的拼音,['52336'],[],title_description,3,1,['52336'],3.0,"['51388', '51381', '52336']","[0.569872260093689, 0.544437050819397, 0.5333075523376465]","['title_description', 'title_description', 'title_description']"
谤讟怎么读音,['52336'],[],title_description,1,0,[],,['51388'],[0.5362323522567749],['title_description']
谤讟怎么读音,['52336'],[],title_description,3,1,['52336'],3.0,"['51388', '52523', '52336']","[0.5362323522567749, 0.5261066555976868, 0.5215469002723694]","['title_description', 'title_description', 'title_description']"
责骂的近义词,['52336'],[],title_description,1,0,[],,['51388'],[0.5363562107086182],['title_description']
责骂的近义词,['52336'],[],title_description,3,1,['52336'],3.0,"['51388', '51386', '52336']","[0.5363562107086182, 0.5339885950088501, 0.5042514801025391]","['title_description', 'title_description', 'title_description']"
贾思勰怎么读,['52336'],[],title_description,1,0,[],,['51323'],[0.45983055233955383],['title_description']
贾思勰怎么读,['52336'],[],title_description,3,0,[],,"['51323', '51381', '51388']","[0.45983055233955383, 0.4587581157684326, 0.4537360668182373]","['title_description', 'title_description', 'title_description']"
赵匡胤读音,['52336'],[],title_description,1,0,[],,['51381'],[0.5057908296585083],['title_description']
赵匡胤读音,['52336'],[],title_description,3,1,['52336'],2.0,"['51381', '52336', '51388']","[0.5057908296585083, 0.4769584536552429, 0.4668964445590973]","['title_description', 'title_description', 'title_description']"
踌躇的拼音,['52336'],[],title_description,1,0,[],,['51388'],[0.5407859086990356],['title_description']
踌躇的拼音,['52336'],[],title_description,3,0,[],,"['51388', '51381', '51382']","[0.5407859086990356, 0.5248003005981445, 0.5192674398422241]","['title_description', 'title_description', 'title_description']"
踟蹰怎么读音,['52336'],[],title_description,1,1,['52336'],1.0,['52336'],[0.5015507340431213],['title_description']
踟蹰怎么读音,['52336'],[],title_description,3,1,['52336'],1.0,"['52336', '51388', '51381']","[0.5015507340431213, 0.48328325152397156, 0.47229519486427307]","['title_description', 'title_description', 'title_description']"
辚辚的拼音,['52336'],[],title_description,1,0,[],,['51388'],[0.5195342898368835],['title_description']
辚辚的拼音,['52336'],[],title_description,3,0,[],,"['51388', '51381', '51382']","[0.5195342898368835, 0.513096809387207, 0.4930909276008606]","['title_description', 'title_description', 'title_description']"
辱没怎么读,['52336'],[],title_description,1,1,['52336'],1.0,['52336'],[0.4978530704975128],['title_description']
辱没怎么读,['52336'],[],title_description,3,1,['52336'],1.0,"['52336', '51388', '52523']","[0.4978530704975128, 0.49406445026397705, 0.4760490655899048]","['title_description', 'title_description', 'title_description']"
遒劲怎么读,['52336'],[],title_description,1,0,[],,['51382'],[0.47615399956703186],['title_description']
遒劲怎么读,['52336'],[],title_description,3,1,['52336'],3.0,"['51382', '51388', '52336']","[0.47615399956703186, 0.46814286708831787, 0.46535220742225647]","['title_description', 'title_description', 'title_description']"
那么的拼音,['52336'],[],title_description,1,0,[],,['51388'],[0.6741268038749695],['title_description']
那么的拼音,['52336'],[],title_description,3,0,[],,"['51388', '51381', '51382']","[0.6741268038749695, 0.669975221157074, 0.6375625133514404]","['title_description', 'title_description', 'title_description']"
鄯善读音怎么读,['52336'],[],title_description,1,0,[],,['51381'],[0.48785704374313354],['title_description']
鄯善读音怎么读,['52336'],[],title_description,3,1,['52336'],3.0,"['51381', '51388', '52336']","[0.48785704374313354, 0.4695358872413635, 0.4560787081718445]","['title_description', 'title_description', 'title_description']"
金枝玉叶的近义词,['52336'],[],title_description,1,0,[],,['51386'],[0.4969401955604553],['title_description']
金枝玉叶的近义词,['52336'],[],title_description,3,0,[],,"['51386', '51387', '51388']","[0.4969401955604553, 0.49419209361076355, 0.48119431734085083]","['title_description', 'title_description', 'title_description']"
钅镌刻的拼音,['52336'],[],title_description,1,0,[],,['51388'],[0.5338449478149414],['title_description']
钅镌刻的拼音,['52336'],[],title_description,3,0,[],,"['51388', '51381', '51382']","[0.5338449478149414, 0.530727744102478, 0.5165748596191406]","['title_description', 'title_description', 'title_description']"
镶嵌怎么读呀,['52336'],[],title_description,1,0,[],,['51388'],[0.5046632289886475],['title_description']
镶嵌怎么读呀,['52336'],[],title_description,3,1,['52336'],3.0,"['51388', '51381', '52336']","[0.5046632289886475, 0.5006318092346191, 0.4914896488189697]","['title_description', 'title_description', 'title_description']"
陡峭的拼音,['52336'],[],title_description,1,0,[],,['51388'],[0.5606727600097656],['title_description']
陡峭的拼音,['52336'],[],title_description,3,0,[],,"['51388', '51382', '51381']","[0.5606727600097656, 0.5390526652336121, 0.5346155166625977]","['title_description', 'title_description', 'title_description']"
隔壁的拼音,['52336'],[],title_description,1,0,[],,['51388'],[0.5880919694900513],['title_description']
隔壁的拼音,['52336'],[],title_description,3,0,[],,"['51388', '51381', '51377']","[0.5880919694900513, 0.586774468421936, 0.5415065288543701]","['title_description', 'title_description', 'title_description']"
雪花的拼音,['52336'],[],title_description,1,0,[],,['51381'],[0.5160251259803772],['title_description']
雪花的拼音,['52336'],[],title_description,3,0,[],,"['51381', '51388', '51382']","[0.5160251259803772, 0.5058915615081787, 0.4865821599960327]","['title_description', 'title_description', 'title_description']"
风貌的近义词,['52336'],[],title_description,1,0,[],,['51386'],[0.5445700287818909],['title_description']
风貌的近义词,['52336'],[],title_description,3,0,[],,"['51386', '51388', '51381']","[0.5445700287818909, 0.5360206365585327, 0.514772355556488]","['title_description', 'title_description', 'title_description']"
驱车的拼音,['52336'],[],title_description,1,0,[],,['51388'],[0.5382086038589478],['title_description']
驱车的拼音,['52336'],[],title_description,3,0,[],,"['51388', '51381', '51382']","[0.5382086038589478, 0.5232999324798584, 0.5132638216018677]","['title_description', 'title_description', 'title_description']"
鸩酒怎么读,['52336'],[],title_description,1,1,['52336'],1.0,['52336'],[0.4640572667121887],['title_description']
鸩酒怎么读,['52336'],[],title_description,3,1,['52336'],1.0,"['52336', '51388', '51381']","[0.4640572667121887, 0.4572175145149231, 0.4520735740661621]","['title_description', 'title_description', 'title_description']"
鼓浪屿读音,['52336'],[],title_description,1,0,[],,['52523'],[0.46913158893585205],['title_description']
鼓浪屿读音,['52336'],[],title_description,3,0,[],,"['52523', '51381', '51388']","[0.46913158893585205, 0.45494991540908813, 0.4483059346675873]","['title_description', 'title_description', 'title_description']"
