query,gold_ids,missing_gold_ids,view,k,pass_at_k,hit_ids,first_hit_rank,recall_ids,recall_scores,recall_views
上海三菱电梯有限公司,['50731'],[],description,1,0,[],,['5881'],[0.46565183997154236],['description']
上海三菱电梯有限公司,['50731'],[],description,3,0,[],,"['5881', '5012', '51457']","[0.46565183997154236, 0.4174773097038269, 0.4040430188179016]","['description', 'description', 'description']"
上海新华泰医院,['50731'],[],description,1,0,[],,['39537'],[0.4512437582015991],['description']
上海新华泰医院,['50731'],[],description,3,0,[],,"['39537', '47198', '5917']","[0.4512437582015991, 0.4371163547039032, 0.4079442620277405]","['description', 'description', 'description']"
上海海桓科技有限公司,['50731'],[],description,1,0,[],,['28128'],[0.5102794170379639],['description']
上海海桓科技有限公司,['50731'],[],description,3,1,['50731'],2.0,"['28128', '50731', '28126']","[0.5102794170379639, 0.5102794170379639, 0.5102794170379639]","['description', 'description', 'description']"
东莞市金瀚达科技有限公司,['50731'],[],description,1,0,[],,['5881'],[0.4761391878128052],['description']
东莞市金瀚达科技有限公司,['50731'],[],description,3,0,[],,"['5881', '51457', '28126']","[0.4761391878128052, 0.4523972272872925, 0.44520992040634155]","['description', 'description', 'description']"
中合益检测技术有限公司,['50731'],[],description,1,0,[],,['51457'],[0.4830555319786072],['description']
中合益检测技术有限公司,['50731'],[],description,3,0,[],,"['51457', '28128', '28126']","[0.4830555319786072, 0.477680504322052, 0.477680504322052]","['description', 'description', 'description']"
中商建投建设有限公司,['50731'],[],description,1,0,[],,['28128'],[0.5013848543167114],['description']
中商建投建设有限公司,['50731'],[],description,3,1,['50731'],2.0,"['28128', '50731', '28126']","[0.5013848543167114, 0.5013848543167114, 0.5013848543167114]","['description', 'description', 'description']"
中国信息协会,['50731'],[],description,1,0,[],,['51457'],[0.4986891746520996],['description']
中国信息协会,['50731'],[],description,3,0,[],,"['51457', '60293', '28126']","[0.4986891746520996, 0.47481441497802734, 0.4746285080909729]","['description', 'description', 'description']"
中国华冶科工集团有限公司,['50731'],[],description,1,0,[],,['51457'],[0.44010692834854126],['description']
中国华冶科工集团有限公司,['50731'],[],description,3,0,[],,"['51457', '28128', '28126']","[0.44010692834854126, 0.4299718141555786, 0.4299718141555786]","['description', 'description', 'description']"
中国广播电视社会组织联合会,['50731'],[],description,1,0,[],,['60293'],[0.3798098564147949],['description']
中国广播电视社会组织联合会,['50731'],[],description,3,0,[],,"['60293', '51275', '51323']","[0.3798098564147949, 0.370893657207489, 0.36403465270996094]","['description', 'description', 'description']"
中电建新能源集团股份有限公司,['50731'],[],description,1,0,[],,['51457'],[0.46089673042297363],['description']
中电建新能源集团股份有限公司,['50731'],[],description,3,0,[],,"['51457', '28128', '28126']","[0.46089673042297363, 0.43983083963394165, 0.43983083963394165]","['description', 'description', 'description']"
中科华创国际工程设计顾问集团有限公司,['50731'],[],description,1,0,[],,['51457'],[0.4615994691848755],['description']
中科华创国际工程设计顾问集团有限公司,['50731'],[],description,3,0,[],,"['51457', '39537', '47242']","[0.4615994691848755, 0.46146899461746216, 0.4409942626953125]","['description', 'description', 'description']"
中运国际物流有限公司,['50731'],[],description,1,0,[],,['47198'],[0.4834873676300049],['description']
中运国际物流有限公司,['50731'],[],description,3,0,[],,"['47198', '51457', '28126']","[0.4834873676300049, 0.46245265007019043, 0.4505561590194702]","['description', 'description', 'description']"
临沧晨翔商贸有限公司,['50731'],[],description,1,0,[],,['5544'],[0.44421595335006714],['description']
临沧晨翔商贸有限公司,['50731'],[],description,3,0,[],,"['5544', '5359', '47198']","[0.44421595335006714, 0.4441324472427368, 0.44304358959198]","['description', 'description', 'description']"
云南汇能科技有限公司,['50731'],[],description,1,0,[],,['51457'],[0.4675709009170532],['description']
云南汇能科技有限公司,['50731'],[],description,3,0,[],,"['51457', '28128', '28126']","[0.4675709009170532, 0.46337074041366577, 0.46337074041366577]","['description', 'description', 'description']"
余姚新希望金属制品有限公司,['50731'],[],description,1,0,[],,['5359'],[0.39612898230552673],['description']
余姚新希望金属制品有限公司,['50731'],[],description,3,0,[],,"['5359', '5881', '51457']","[0.39612898230552673, 0.36904609203338623, 0.36376461386680603]","['description', 'description', 'description']"
佛山市智饪科技有限公司,['50731'],[],description,1,0,[],,['5881'],[0.45058560371398926],['description']
佛山市智饪科技有限公司,['50731'],[],description,3,0,[],,"['5881', '47272', '28128']","[0.45058560371398926, 0.4405636489391327, 0.40740421414375305]","['description', 'description', 'description']"
信达财产保险股份有限公司,['50731'],[],description,1,0,[],,['51457'],[0.5092615485191345],['description']
信达财产保险股份有限公司,['50731'],[],description,3,0,[],,"['51457', '47198', '5273']","[0.5092615485191345, 0.4922361373901367, 0.47274482250213623]","['description', 'description', 'description']"
兴泰和商业集团有限公司,['50731'],[],description,1,0,[],,['51457'],[0.48651671409606934],['description']
兴泰和商业集团有限公司,['50731'],[],description,3,0,[],,"['51457', '28128', '28126']","[0.48651671409606934, 0.47226640582084656, 0.47226640582084656]","['description', 'description', 'description']"
北京信合智汇科技有限公司,['50731'],[],description,1,0,[],,['51457'],[0.5440565347671509],['description']
北京信合智汇科技有限公司,['50731'],[],description,3,0,[],,"['51457', '28128', '28126']","[0.5440565347671509, 0.5400464534759521, 0.5400464534759521]","['description', 'description', 'description']"
北京国咨律师事务所,['50731'],[],description,1,0,[],,['51474'],[0.6559751033782959],['description']
北京国咨律师事务所,['50731'],[],description,3,0,[],,"['51474', '47198', '28128']","[0.6559751033782959, 0.4607730507850647, 0.449679434299469]","['description', 'description', 'description']"
北京德恒乾坤医疗器械有限公司,['50731'],[],description,1,0,[],,['28128'],[0.46849894523620605],['description']
北京德恒乾坤医疗器械有限公司,['50731'],[],description,3,1,['50731'],2.0,"['28128', '50731', '28126']","[0.46849894523620605, 0.46849894523620605, 0.46849894523620605]","['description', 'description', 'description']"
北京控股集团有限公司,['50731'],[],description,1,0,[],,['47242'],[0.5096952319145203],['description']
北京控股集团有限公司,['50731'],[],description,3,1,['50731'],2.0,"['47242', '50731', '28128']","[0.5096952319145203, 0.4586922526359558, 0.4586922526359558]","['description', 'description', 'description']"
北京瑞科航科技有限公司,['50731'],[],description,1,0,[],,['47242'],[0.5212384462356567],['description']
北京瑞科航科技有限公司,['50731'],[],description,3,1,['50731'],2.0,"['47242', '50731', '28128']","[0.5212384462356567, 0.47168272733688354, 0.47168272733688354]","['description', 'description', 'description']"
北京璀璨星空文化发展有限公司,['50731'],[],description,1,0,[],,['28128'],[0.44341832399368286],['description']
北京璀璨星空文化发展有限公司,['50731'],[],description,3,1,['50731'],2.0,"['28128', '50731', '28126']","[0.44341832399368286, 0.44341832399368286, 0.44341832399368286]","['description', 'description', 'description']"
北海国发川山生物股份有限公司,['50731'],[],description,1,0,[],,['28128'],[0.44039738178253174],['description']
北海国发川山生物股份有限公司,['50731'],[],description,3,1,['50731'],2.0,"['28128', '50731', '28126']","[0.44039738178253174, 0.44039738178253174, 0.44039738178253174]","['description', 'description', 'description']"
华星动力(江苏)有限公司,['50731'],[],description,1,0,[],,['5881'],[0.47541844844818115],['description']
华星动力(江苏)有限公司,['50731'],[],description,3,0,[],,"['5881', '51457', '28126']","[0.47541844844818115, 0.4565413296222687, 0.44070565700531006]","['description', 'description', 'description']"
南京中科煜宸激光技术有限公司,['50731'],[],description,1,0,[],,['39537'],[0.4401029944419861],['description']
南京中科煜宸激光技术有限公司,['50731'],[],description,3,0,[],,"['39537', '47242', '28128']","[0.4401029944419861, 0.43290942907333374, 0.4323559105396271]","['description', 'description', 'description']"
南京锦创科技股份有限公司,['50731'],[],description,1,0,[],,['51457'],[0.5149827003479004],['description']
南京锦创科技股份有限公司,['50731'],[],description,3,0,[],,"['51457', '28128', '28126']","[0.5149827003479004, 0.5015448927879333, 0.5015448927879333]","['description', 'description', 'description']"
南宁华美医疗美容医院,['50731'],[],description,1,0,[],,['47198'],[0.3960252106189728],['description']
南宁华美医疗美容医院,['50731'],[],description,3,0,[],,"['47198', '47272', '39537']","[0.3960252106189728, 0.37177836894989014, 0.3711460530757904]","['description', 'description', 'description']"
南方智算(深圳)科技有限公司,['50731'],[],description,1,0,[],,['51457'],[0.5196616649627686],['description']
南方智算(深圳)科技有限公司,['50731'],[],description,3,0,[],,"['51457', '47198', '28126']","[0.5196616649627686, 0.5028815269470215, 0.5013551712036133]","['description', 'description', 'description']"
厦门维发股份有限公司,['50731'],[],description,1,0,[],,['51457'],[0.46187537908554077],['description']
厦门维发股份有限公司,['50731'],[],description,3,0,[],,"['51457', '28128', '28126']","[0.46187537908554077, 0.4447711706161499, 0.4447711706161499]","['description', 'description', 'description']"
四川省中医药高等专科学校,['50731'],[],description,1,0,[],,['39537'],[0.5865781903266907],['description']
四川省中医药高等专科学校,['50731'],[],description,3,0,[],,"['39537', '51129', '4551']","[0.5865781903266907, 0.4852713346481323, 0.46325764060020447]","['description', 'description', 'description']"
四川蜀轩律师事务所,['50731'],[],description,1,0,[],,['51474'],[0.5878182649612427],['description']
四川蜀轩律师事务所,['50731'],[],description,3,0,[],,"['51474', '47198', '28128']","[0.5878182649612427, 0.4685346186161041, 0.4478825628757477]","['description', 'description', 'description']"
四川鑫中佑科技有限公司,['50731'],[],description,1,0,[],,['28128'],[0.468229204416275],['description']
四川鑫中佑科技有限公司,['50731'],[],description,3,1,['50731'],2.0,"['28128', '50731', '28126']","[0.468229204416275, 0.468229204416275, 0.468229204416275]","['description', 'description', 'description']"
四川鑫鼎建筑工程有限公司,['50731'],[],description,1,0,[],,['28128'],[0.44942164421081543],['description']
四川鑫鼎建筑工程有限公司,['50731'],[],description,3,1,['50731'],2.0,"['28128', '50731', '28126']","[0.44942164421081543, 0.44942164421081543, 0.44942164421081543]","['description', 'description', 'description']"
国能榆林化工有限公司,['50731'],[],description,1,0,[],,['51457'],[0.42270687222480774],['description']
国能榆林化工有限公司,['50731'],[],description,3,0,[],,"['51457', '28128', '28126']","[0.42270687222480774, 0.4138328433036804, 0.4138328433036804]","['description', 'description', 'description']"
奥飞娱乐股份有限公司,['50731'],[],description,1,0,[],,['28128'],[0.41713055968284607],['description']
奥飞娱乐股份有限公司,['50731'],[],description,3,1,['50731'],2.0,"['28128', '50731', '28126']","[0.41713055968284607, 0.41713055968284607, 0.41713055968284607]","['description', 'description', 'description']"
宁夏诺辰建筑工程有限公司,['50731'],[],description,1,0,[],,['51457'],[0.43632224202156067],['description']
宁夏诺辰建筑工程有限公司,['50731'],[],description,3,0,[],,"['51457', '28128', '28126']","[0.43632224202156067, 0.41696006059646606, 0.41696006059646606]","['description', 'description', 'description']"
宁波东海工业有限公司,['50731'],[],description,1,0,[],,['5881'],[0.4459688663482666],['description']
宁波东海工业有限公司,['50731'],[],description,3,1,['50731'],2.0,"['5881', '50731', '28128']","[0.4459688663482666, 0.4331895709037781, 0.4331895709037781]","['description', 'description', 'description']"
宁波卓维服饰有限公司,['50731'],[],description,1,0,[],,['47198'],[0.4260439872741699],['description']
宁波卓维服饰有限公司,['50731'],[],description,3,0,[],,"['47198', '51457', '28126']","[0.4260439872741699, 0.42395538091659546, 0.42229336500167847]","['description', 'description', 'description']"
安徽浩丰实业有限公司,['50731'],[],description,1,0,[],,['51457'],[0.44070249795913696],['description']
安徽浩丰实业有限公司,['50731'],[],description,3,0,[],,"['51457', '28128', '28126']","[0.44070249795913696, 0.4212786555290222, 0.4212786555290222]","['description', 'description', 'description']"
山东信安建设有限公司,['50731'],[],description,1,0,[],,['51457'],[0.4638826251029968],['description']
山东信安建设有限公司,['50731'],[],description,3,0,[],,"['51457', '28128', '28126']","[0.4638826251029968, 0.4454769492149353, 0.4454769492149353]","['description', 'description', 'description']"
山东科宇能源有限公司,['50731'],[],description,1,0,[],,['39537'],[0.41611582040786743],['description']
山东科宇能源有限公司,['50731'],[],description,3,0,[],,"['39537', '51457', '47198']","[0.41611582040786743, 0.4127653241157532, 0.41013073921203613]","['description', 'description', 'description']"
山东职业学院,['50731'],[],description,1,0,[],,['39537'],[0.6095080375671387],['description']
山东职业学院,['50731'],[],description,3,0,[],,"['39537', '4551', '51129']","[0.6095080375671387, 0.5070724487304688, 0.5019298791885376]","['description', 'description', 'description']"
山东金钻金属制品有限公司,['50731'],[],description,1,0,[],,['5359'],[0.4374051094055176],['description']
山东金钻金属制品有限公司,['50731'],[],description,3,0,[],,"['5359', '51590', '47198']","[0.4374051094055176, 0.41899949312210083, 0.4061163067817688]","['description', 'description', 'description']"
山西华源科创有限公司,['50731'],[],description,1,0,[],,['51457'],[0.4561552405357361],['description']
山西华源科创有限公司,['50731'],[],description,3,0,[],,"['51457', '28128', '28126']","[0.4561552405357361, 0.44949251413345337, 0.44949251413345337]","['description', 'description', 'description']"
广东中源农业发展有限公司,['50731'],[],description,1,0,[],,['51457'],[0.4351639151573181],['description']
广东中源农业发展有限公司,['50731'],[],description,3,0,[],,"['51457', '28128', '28126']","[0.4351639151573181, 0.4307711124420166, 0.4307711124420166]","['description', 'description', 'description']"
广东珠江电缆有限公司,['50731'],[],description,1,0,[],,['5881'],[0.4219989478588104],['description']
广东珠江电缆有限公司,['50731'],[],description,3,0,[],,"['5881', '51457', '28126']","[0.4219989478588104, 0.39773011207580566, 0.39691609144210815]","['description', 'description', 'description']"
广东省律师协会,['50731'],[],description,1,0,[],,['51474'],[0.5662002563476562],['description']
广东省律师协会,['50731'],[],description,3,0,[],,"['51474', '47198', '51457']","[0.5662002563476562, 0.4374602437019348, 0.42879799008369446]","['description', 'description', 'description']"
广东财贸职业学院,['50731'],[],description,1,0,[],,['39537'],[0.6080529689788818],['description']
广东财贸职业学院,['50731'],[],description,3,0,[],,"['39537', '4551', '60293']","[0.6080529689788818, 0.5032064318656921, 0.492734432220459]","['description', 'description', 'description']"
广州众粤驰汽车服务有限公司,['50731'],[],description,1,0,[],,['47198'],[0.4830065667629242],['description']
广州众粤驰汽车服务有限公司,['50731'],[],description,3,0,[],,"['47198', '5819', '50574']","[0.4830065667629242, 0.4496462941169739, 0.4321761131286621]","['description', 'description', 'description']"
广州华新商贸有限公司,['50731'],[],description,1,0,[],,['47198'],[0.4498710036277771],['description']
广州华新商贸有限公司,['50731'],[],description,3,1,['50731'],2.0,"['47198', '50731', '28128']","[0.4498710036277771, 0.4384649097919464, 0.4384649097919464]","['description', 'description', 'description']"
广州市广盛餐饮管理有限公司,['50731'],[],description,1,0,[],,['47272'],[0.46734336018562317],['description']
广州市广盛餐饮管理有限公司,['50731'],[],description,3,0,[],,"['47272', '47198', '28128']","[0.46734336018562317, 0.44757193326950073, 0.41342440247535706]","['description', 'description', 'description']"
广州粤合科技有限公司,['50731'],[],description,1,0,[],,['51457'],[0.501136302947998],['description']
广州粤合科技有限公司,['50731'],[],description,3,0,[],,"['51457', '28128', '28126']","[0.501136302947998, 0.5010762810707092, 0.5010762810707092]","['description', 'description', 'description']"
广西华晨科技有限公司,['50731'],[],description,1,0,[],,['51457'],[0.4553322196006775],['description']
广西华晨科技有限公司,['50731'],[],description,3,0,[],,"['51457', '28128', '28126']","[0.4553322196006775, 0.453945517539978, 0.453945517539978]","['description', 'description', 'description']"
广西协创机械有限公司,['50731'],[],description,1,0,[],,['5881'],[0.3777366280555725],['description']
广西协创机械有限公司,['50731'],[],description,3,0,[],,"['5881', '51457', '39537']","[0.3777366280555725, 0.3686161935329437, 0.36291196942329407]","['description', 'description', 'description']"
延安丰华建筑工程有限公司,['50731'],[],description,1,0,[],,['51457'],[0.43932926654815674],['description']
延安丰华建筑工程有限公司,['50731'],[],description,3,0,[],,"['51457', '28128', '28126']","[0.43932926654815674, 0.4231865406036377, 0.4231865406036377]","['description', 'description', 'description']"
张家港禾源机械科技有限公司,['50731'],[],description,1,0,[],,['5881'],[0.3959693908691406],['description']
张家港禾源机械科技有限公司,['50731'],[],description,3,0,[],,"['5881', '5359', '39537']","[0.3959693908691406, 0.38764485716819763, 0.3832889795303345]","['description', 'description', 'description']"
恒华数字科技集团有限公司,['50731'],[],description,1,0,[],,['51457'],[0.48897552490234375],['description']
恒华数字科技集团有限公司,['50731'],[],description,3,0,[],,"['51457', '28128', '28126']","[0.48897552490234375, 0.4591367244720459, 0.4591367244720459]","['description', 'description', 'description']"
成都市人力资源管理有限公司,['50731'],[],description,1,0,[],,['51457'],[0.5295446515083313],['description']
成都市人力资源管理有限公司,['50731'],[],description,3,0,[],,"['51457', '28128', '28126']","[0.5295446515083313, 0.4789981245994568, 0.4789981245994568]","['description', 'description', 'description']"
扬州汇裕达贸易有限公司,['50731'],[],description,1,0,[],,['5359'],[0.41466712951660156],['description']
扬州汇裕达贸易有限公司,['50731'],[],description,3,0,[],,"['5359', '47198', '5544']","[0.41466712951660156, 0.39094531536102295, 0.3841473460197449]","['description', 'description', 'description']"
文山星瑞农业发展有限公司,['50731'],[],description,1,0,[],,['51457'],[0.43851613998413086],['description']
文山星瑞农业发展有限公司,['50731'],[],description,3,0,[],,"['51457', '28128', '28126']","[0.43851613998413086, 0.42176553606987, 0.42176553606987]","['description', 'description', 'description']"
新疆恒睿建设工程有限公司,['50731'],[],description,1,0,[],,['51457'],[0.4558674097061157],['description']
新疆恒睿建设工程有限公司,['50731'],[],description,3,0,[],,"['51457', '28128', '28126']","[0.4558674097061157, 0.44286879897117615, 0.44286879897117615]","['description', 'description', 'description']"
新达泵阀股份有限公司,['50731'],[],description,1,0,[],,['5881'],[0.4481077492237091],['description']
新达泵阀股份有限公司,['50731'],[],description,3,0,[],,"['5881', '51457', '47198']","[0.4481077492237091, 0.3983798027038574, 0.3945307731628418]","['description', 'description', 'description']"
无锡瑞进智能工程有限公司,['50731'],[],description,1,0,[],,['5881'],[0.45460107922554016],['description']
无锡瑞进智能工程有限公司,['50731'],[],description,3,0,[],,"['5881', '51457', '28126']","[0.45460107922554016, 0.43931981921195984, 0.42614442110061646]","['description', 'description', 'description']"
昆山浩兴电子科技有限公司,['50731'],[],description,1,0,[],,['51457'],[0.4806152284145355],['description']
昆山浩兴电子科技有限公司,['50731'],[],description,3,0,[],,"['51457', '5881', '28126']","[0.4806152284145355, 0.4716064929962158, 0.46147584915161133]","['description', 'description', 'description']"
昆明首康医院,['50731'],[],description,1,0,[],,['47198'],[0.41481447219848633],['description']
昆明首康医院,['50731'],[],description,3,0,[],,"['47198', '39537', '51129']","[0.41481447219848633, 0.41404351592063904, 0.36109524965286255]","['description', 'description', 'description']"
晋中帕乔利会计服务有限公司,['50731'],[],description,1,0,[],,['28128'],[0.44064587354660034],['description']
晋中帕乔利会计服务有限公司,['50731'],[],description,3,1,['50731'],2.0,"['28128', '50731', '28126']","[0.44064587354660034, 0.44064587354660034, 0.44064587354660034]","['description', 'description', 'description']"
杭州潇韵科技有限公司,['50731'],[],description,1,0,[],,['51457'],[0.490835964679718],['description']
杭州潇韵科技有限公司,['50731'],[],description,3,0,[],,"['51457', '28128', '28126']","[0.490835964679718, 0.47950834035873413, 0.47950834035873413]","['description', 'description', 'description']"
柯拉思利工业科技(上海)有限公司,['50731'],[],description,1,0,[],,['5881'],[0.5494130849838257],['description']
柯拉思利工业科技(上海)有限公司,['50731'],[],description,3,0,[],,"['5881', '51457', '5882']","[0.5494130849838257, 0.44246596097946167, 0.4395290017127991]","['description', 'description', 'description']"
株洲盛辉科技有限公司,['50731'],[],description,1,0,[],,['28128'],[0.4423912763595581],['description']
株洲盛辉科技有限公司,['50731'],[],description,3,1,['50731'],2.0,"['28128', '50731', '28126']","[0.4423912763595581, 0.4423912763595581, 0.4423912763595581]","['description', 'description', 'description']"
江苏双沟酒业股份有限公司,['50731'],[],description,1,0,[],,['28128'],[0.38417449593544006],['description']
江苏双沟酒业股份有限公司,['50731'],[],description,3,1,['50731'],2.0,"['28128', '50731', '28126']","[0.38417449593544006, 0.38417449593544006, 0.38417449593544006]","['description', 'description', 'description']"
江苏帝华酒店有限公司,['50731'],[],description,1,0,[],,['50133'],[0.47671112418174744],['description']
江苏帝华酒店有限公司,['50731'],[],description,3,0,[],,"['50133', '50192', '47198']","[0.47671112418174744, 0.44624730944633484, 0.43002891540527344]","['description', 'description', 'description']"
江苏海兴化工有限公司,['50731'],[],description,1,0,[],,['51457'],[0.44929516315460205],['description']
江苏海兴化工有限公司,['50731'],[],description,3,0,[],,"['51457', '28128', '28126']","[0.44929516315460205, 0.4487454891204834, 0.4487454891204834]","['description', 'description', 'description']"
江苏盛惟智造科技有限公司,['50731'],[],description,1,0,[],,['51457'],[0.4688456058502197],['description']
江苏盛惟智造科技有限公司,['50731'],[],description,3,0,[],,"['51457', '28128', '28126']","[0.4688456058502197, 0.46796363592147827, 0.46796363592147827]","['description', 'description', 'description']"
江苏鑫达建设工程有限公司,['50731'],[],description,1,0,[],,['51457'],[0.4656928777694702],['description']
江苏鑫达建设工程有限公司,['50731'],[],description,3,0,[],,"['51457', '28128', '28126']","[0.4656928777694702, 0.45385441184043884, 0.45385441184043884]","['description', 'description', 'description']"
江西华创新材有限公司,['50731'],[],description,1,0,[],,['51457'],[0.45661038160324097],['description']
江西华创新材有限公司,['50731'],[],description,3,0,[],,"['51457', '28128', '28126']","[0.45661038160324097, 0.4551636576652527, 0.4551636576652527]","['description', 'description', 'description']"
沈阳兴齐眼科医院,['50731'],[],description,1,0,[],,['39537'],[0.42304301261901855],['description']
沈阳兴齐眼科医院,['50731'],[],description,3,0,[],,"['39537', '47198', '51129']","[0.42304301261901855, 0.3948524296283722, 0.38481175899505615]","['description', 'description', 'description']"
沈阳芯达科技有限公司,['50731'],[],description,1,0,[],,['51457'],[0.46093547344207764],['description']
沈阳芯达科技有限公司,['50731'],[],description,3,0,[],,"['51457', '47198', '39537']","[0.46093547344207764, 0.4407583475112915, 0.43437880277633667]","['description', 'description', 'description']"
沧州盛伟建筑工程有限公司,['50731'],[],description,1,0,[],,['28128'],[0.43195366859436035],['description']
沧州盛伟建筑工程有限公司,['50731'],[],description,3,1,['50731'],2.0,"['28128', '50731', '28126']","[0.43195366859436035, 0.43195366859436035, 0.43195366859436035]","['description', 'description', 'description']"
河北恒业建筑工程有限公司,['50731'],[],description,1,0,[],,['28128'],[0.4432978332042694],['description']
河北恒业建筑工程有限公司,['50731'],[],description,3,1,['50731'],2.0,"['28128', '50731', '28126']","[0.4432978332042694, 0.4432978332042694, 0.4432978332042694]","['description', 'description', 'description']"
河南卓越实业有限公司,['50731'],[],description,1,0,[],,['51457'],[0.42979896068573],['description']
河南卓越实业有限公司,['50731'],[],description,3,0,[],,"['51457', '28128', '28126']","[0.42979896068573, 0.42979273200035095, 0.42979273200035095]","['description', 'description', 'description']"
河南新太行电源股份有限公司,['50731'],[],description,1,0,[],,['51457'],[0.40076014399528503],['description']
河南新太行电源股份有限公司,['50731'],[],description,3,0,[],,"['51457', '39537', '47198']","[0.40076014399528503, 0.38882601261138916, 0.3853915333747864]","['description', 'description', 'description']"
河南晟徽教育科技有限公司,['50731'],[],description,1,0,[],,['39537'],[0.5008305311203003],['description']
河南晟徽教育科技有限公司,['50731'],[],description,3,0,[],,"['39537', '5273', '5917']","[0.5008305311203003, 0.48250812292099, 0.4789840579032898]","['description', 'description', 'description']"
河南豫财汇农科技有限公司,['50731'],[],description,1,0,[],,['28128'],[0.4658621549606323],['description']
河南豫财汇农科技有限公司,['50731'],[],description,3,1,['50731'],2.0,"['28128', '50731', '28126']","[0.4658621549606323, 0.4658621549606323, 0.4658621549606323]","['description', 'description', 'description']"
济南清源环保科技有限公司,['50731'],[],description,1,0,[],,['39537'],[0.42289549112319946],['description']
济南清源环保科技有限公司,['50731'],[],description,3,1,['50731'],2.0,"['39537', '50731', '28128']","[0.42289549112319946, 0.40758436918258667, 0.40758436918258667]","['description', 'description', 'description']"
济南青桔到家保洁服务有限公司,['50731'],[],description,1,0,[],,['47198'],[0.4682132601737976],['description']
济南青桔到家保洁服务有限公司,['50731'],[],description,3,0,[],,"['47198', '5778', '28128']","[0.4682132601737976, 0.4439545273780823, 0.4408116936683655]","['description', 'description', 'description']"
浙江万宏控股有限公司,['50731'],[],description,1,0,[],,['51457'],[0.4614133834838867],['description']
浙江万宏控股有限公司,['50731'],[],description,3,0,[],,"['51457', '28128', '28126']","[0.4614133834838867, 0.45985639095306396, 0.45985639095306396]","['description', 'description', 'description']"
浙江业管家物业服务有限公司,['50731'],[],description,1,0,[],,['28128'],[0.44272294640541077],['description']
浙江业管家物业服务有限公司,['50731'],[],description,3,1,['50731'],2.0,"['28128', '50731', '28126']","[0.44272294640541077, 0.44272294640541077, 0.44272294640541077]","['description', 'description', 'description']"
浙江华瑞航空制造有限公司,['50731'],[],description,1,0,[],,['39537'],[0.44409555196762085],['description']
浙江华瑞航空制造有限公司,['50731'],[],description,3,0,[],,"['39537', '51457', '47242']","[0.44409555196762085, 0.41077184677124023, 0.4059920310974121]","['description', 'description', 'description']"
海南鑫奕实业有限公司,['50731'],[],description,1,0,[],,['51457'],[0.4477041959762573],['description']
海南鑫奕实业有限公司,['50731'],[],description,3,0,[],,"['51457', '28128', '28126']","[0.4477041959762573, 0.4469115734100342, 0.4469115734100342]","['description', 'description', 'description']"
海南锦益物业管理有限公司,['50731'],[],description,1,0,[],,['47198'],[0.41569480299949646],['description']
海南锦益物业管理有限公司,['50731'],[],description,3,0,[],,"['47198', '51457', '39537']","[0.41569480299949646, 0.379678875207901, 0.37392476201057434]","['description', 'description', 'description']"
深圳前海微众银行股份有限公司电话,['50731'],[],description,1,0,[],,['47198'],[0.5911911725997925],['description']
深圳前海微众银行股份有限公司电话,['50731'],[],description,3,0,[],,"['47198', '51457', '5273']","[0.5911911725997925, 0.5468055009841919, 0.5407617092132568]","['description', 'description', 'description']"
深圳华鑫科技有限公司,['50731'],[],description,1,0,[],,['51457'],[0.49825799465179443],['description']
深圳华鑫科技有限公司,['50731'],[],description,3,0,[],,"['51457', '28128', '28126']","[0.49825799465179443, 0.489348828792572, 0.489348828792572]","['description', 'description', 'description']"
深圳南山浙里宴餐饮管理有限公司,['50731'],[],description,1,0,[],,['47272'],[0.5101439952850342],['description']
深圳南山浙里宴餐饮管理有限公司,['50731'],[],description,3,0,[],,"['47272', '47198', '5012']","[0.5101439952850342, 0.47699183225631714, 0.42118024826049805]","['description', 'description', 'description']"
深圳市科元电气技术有限公司,['50731'],[],description,1,0,[],,['5881'],[0.46684083342552185],['description']
深圳市科元电气技术有限公司,['50731'],[],description,3,0,[],,"['5881', '51457', '28126']","[0.46684083342552185, 0.4224807620048523, 0.41086941957473755]","['description', 'description', 'description']"
湖北宜馨医养服务有限公司,['50731'],[],description,1,0,[],,['51457'],[0.4385073184967041],['description']
湖北宜馨医养服务有限公司,['50731'],[],description,3,0,[],,"['51457', '28128', '28126']","[0.4385073184967041, 0.422845721244812, 0.422845721244812]","['description', 'description', 'description']"
湖北恒惠建筑工程有限公司,['50731'],[],description,1,0,[],,['28128'],[0.45765405893325806],['description']
湖北恒惠建筑工程有限公司,['50731'],[],description,3,1,['50731'],2.0,"['28128', '50731', '28126']","[0.45765405893325806, 0.45765405893325806, 0.45765405893325806]","['description', 'description', 'description']"
湖北省科技工程技工学校,['50731'],[],description,1,0,[],,['39537'],[0.5523380041122437],['description']
湖北省科技工程技工学校,['50731'],[],description,3,0,[],,"['39537', '51129', '4551']","[0.5523380041122437, 0.45442238450050354, 0.4436752200126648]","['description', 'description', 'description']"
湖南尚上市政建设开发有限公司,['50731'],[],description,1,0,[],,['51457'],[0.4464360475540161],['description']
湖南尚上市政建设开发有限公司,['50731'],[],description,3,0,[],,"['51457', '28128', '28126']","[0.4464360475540161, 0.42853331565856934, 0.42853331565856934]","['description', 'description', 'description']"
湖南湘迪科技有限公司,['50731'],[],description,1,0,[],,['51457'],[0.5059359073638916],['description']
湖南湘迪科技有限公司,['50731'],[],description,3,0,[],,"['51457', '28128', '28126']","[0.5059359073638916, 0.4920179545879364, 0.4920179545879364]","['description', 'description', 'description']"
湖州嘉亨实业有限公司,['50731'],[],description,1,0,[],,['51457'],[0.4209544062614441],['description']
湖州嘉亨实业有限公司,['50731'],[],description,3,0,[],,"['51457', '28128', '28126']","[0.4209544062614441, 0.415912389755249, 0.415912389755249]","['description', 'description', 'description']"
湖州辉煌钢结构彩板工程有限公司,['50731'],[],description,1,0,[],,['5359'],[0.4125334620475769],['description']
湖州辉煌钢结构彩板工程有限公司,['50731'],[],description,3,0,[],,"['5359', '47272', '47198']","[0.4125334620475769, 0.3547631502151489, 0.345567524433136]","['description', 'description', 'description']"
珠海珠玻电子材料有限公司,['50731'],[],description,1,0,[],,['51457'],[0.431514173746109],['description']
珠海珠玻电子材料有限公司,['50731'],[],description,3,0,[],,"['51457', '47242', '28126']","[0.431514173746109, 0.42466431856155396, 0.4213658571243286]","['description', 'description', 'description']"
甘肃朝华建设工程有限公司,['50731'],[],description,1,0,[],,['28128'],[0.41937533020973206],['description']
甘肃朝华建设工程有限公司,['50731'],[],description,3,1,['50731'],2.0,"['28128', '50731', '28126']","[0.41937533020973206, 0.41937533020973206, 0.41937533020973206]","['description', 'description', 'description']"
益而益集团有限公司,['50731'],[],description,1,0,[],,['51457'],[0.5212593078613281],['description']
益而益集团有限公司,['50731'],[],description,3,0,[],,"['51457', '28128', '28126']","[0.5212593078613281, 0.5103124380111694, 0.5103124380111694]","['description', 'description', 'description']"
盖州市归州镇海畔旅游服务部,['50731'],[],description,1,0,[],,['5671'],[0.38747721910476685],['description']
盖州市归州镇海畔旅游服务部,['50731'],[],description,3,0,[],,"['5671', '47198', '5359']","[0.38747721910476685, 0.3856545090675354, 0.3599531948566437]","['description', 'description', 'description']"
石家庄若翔商贸有限公司,['50731'],[],description,1,0,[],,['28128'],[0.4062970280647278],['description']
石家庄若翔商贸有限公司,['50731'],[],description,3,1,['50731'],2.0,"['28128', '50731', '28126']","[0.4062970280647278, 0.4062970280647278, 0.4062970280647278]","['description', 'description', 'description']"
福建恒天建设工程有限公司,['50731'],[],description,1,0,[],,['51457'],[0.41747236251831055],['description']
福建恒天建设工程有限公司,['50731'],[],description,3,0,[],,"['51457', '28128', '28126']","[0.41747236251831055, 0.40973615646362305, 0.40973615646362305]","['description', 'description', 'description']"
精效悬浮(苏州)科技有限公司官网,['50731'],[],description,1,0,[],,['5881'],[0.4333055019378662],['description']
精效悬浮(苏州)科技有限公司官网,['50731'],[],description,3,0,[],,"['5881', '5882', '5544']","[0.4333055019378662, 0.4021022617816925, 0.40169835090637207]","['description', 'description', 'description']"
苏州煜炘安科技有限公司,['50731'],[],description,1,0,[],,['51457'],[0.4799825847148895],['description']
苏州煜炘安科技有限公司,['50731'],[],description,3,0,[],,"['51457', '28128', '28126']","[0.4799825847148895, 0.47764506936073303, 0.47764506936073303]","['description', 'description', 'description']"
苏美达股份有限公司简介,['50731'],[],description,1,0,[],,['51457'],[0.4841516613960266],['description']
苏美达股份有限公司简介,['50731'],[],description,3,0,[],,"['51457', '5881', '28126']","[0.4841516613960266, 0.4685896635055542, 0.44889506697654724]","['description', 'description', 'description']"
苏萨食品有限公司,['50731'],[],description,1,0,[],,['47272'],[0.45856907963752747],['description']
苏萨食品有限公司,['50731'],[],description,3,0,[],,"['47272', '47198', '5881']","[0.45856907963752747, 0.4453781247138977, 0.43840792775154114]","['description', 'description', 'description']"
菏泽市巨丰新能源有限公司,['50731'],[],description,1,0,[],,['5359'],[0.41828981041908264],['description']
菏泽市巨丰新能源有限公司,['50731'],[],description,3,0,[],,"['5359', '51457', '47198']","[0.41828981041908264, 0.40430474281311035, 0.4008028507232666]","['description', 'description', 'description']"
萧县皖龙建安有限公司,['50731'],[],description,1,0,[],,['51457'],[0.4174024760723114],['description']
萧县皖龙建安有限公司,['50731'],[],description,3,0,[],,"['51457', '28128', '28126']","[0.4174024760723114, 0.3813815712928772, 0.3813815712928772]","['description', 'description', 'description']"
蜂网投资有限公司,['50731'],[],description,1,0,[],,['28128'],[0.5266276597976685],['description']
蜂网投资有限公司,['50731'],[],description,3,1,['50731'],2.0,"['28128', '50731', '28126']","[0.5266276597976685, 0.5266276597976685, 0.5266276597976685]","['description', 'description', 'description']"
西安尚达建筑工程有限公司,['50731'],[],description,1,0,[],,['51457'],[0.462483286857605],['description']
西安尚达建筑工程有限公司,['50731'],[],description,3,0,[],,"['51457', '28128', '28126']","[0.462483286857605, 0.44641074538230896, 0.44641074538230896]","['description', 'description', 'description']"
西昌华腾新材料制造有限公司,['50731'],[],description,1,0,[],,['28128'],[0.4233696758747101],['description']
西昌华腾新材料制造有限公司,['50731'],[],description,3,1,['50731'],2.0,"['28128', '50731', '28126']","[0.4233696758747101, 0.4233696758747101, 0.4233696758747101]","['description', 'description', 'description']"
贵州鑫盛实业发展有限公司,['50731'],[],description,1,0,[],,['28128'],[0.41420844197273254],['description']
贵州鑫盛实业发展有限公司,['50731'],[],description,3,1,['50731'],2.0,"['28128', '50731', '28126']","[0.41420844197273254, 0.41420844197273254, 0.41420844197273254]","['description', 'description', 'description']"
邯郸市林语物业服务有限公司,['50731'],[],description,1,0,[],,['51457'],[0.41792625188827515],['description']
邯郸市林语物业服务有限公司,['50731'],[],description,3,0,[],,"['51457', '47198', '5012']","[0.41792625188827515, 0.4171198010444641, 0.39845865964889526]","['description', 'description', 'description']"
重庆华赫科技有限公司,['50731'],[],description,1,0,[],,['51457'],[0.47485387325286865],['description']
重庆华赫科技有限公司,['50731'],[],description,3,0,[],,"['51457', '28128', '28126']","[0.47485387325286865, 0.47398948669433594, 0.47398948669433594]","['description', 'description', 'description']"
重庆欣时达生物技术有限公司,['50731'],[],description,1,0,[],,['28128'],[0.4532298445701599],['description']
重庆欣时达生物技术有限公司,['50731'],[],description,3,1,['50731'],2.0,"['28128', '50731', '28126']","[0.4532298445701599, 0.4532298445701599, 0.4532298445701599]","['description', 'description', 'description']"
鑫源汽车有限公司,['50731'],[],description,1,0,[],,['5271'],[0.4833623766899109],['description']
鑫源汽车有限公司,['50731'],[],description,3,0,[],,"['5271', '51457', '5819']","[0.4833623766899109, 0.4683700203895569, 0.44866055250167847]","['description', 'description', 'description']"
长春万联易达供应链有限公司,['50731'],[],description,1,0,[],,['47198'],[0.4654041528701782],['description']
长春万联易达供应链有限公司,['50731'],[],description,3,0,[],,"['47198', '51457', '28126']","[0.4654041528701782, 0.45564937591552734, 0.45448189973831177]","['description', 'description', 'description']"
阳江市嘉竑工贸有限公司,['50731'],[],description,1,0,[],,['5359'],[0.3977753520011902],['description']
阳江市嘉竑工贸有限公司,['50731'],[],description,3,0,[],,"['5359', '5881', '51457']","[0.3977753520011902, 0.3958098292350769, 0.3762667179107666]","['description', 'description', 'description']"
陕西鑫洋博诚科技有限公司,['50731'],[],description,1,0,[],,['51457'],[0.47411811351776123],['description']
陕西鑫洋博诚科技有限公司,['50731'],[],description,3,0,[],,"['51457', '28128', '28126']","[0.47411811351776123, 0.4685397148132324, 0.4685397148132324]","['description', 'description', 'description']"
陕西龙腾盛康农业发展有限责任公司,['50731'],[],description,1,0,[],,['51457'],[0.39195579290390015],['description']
陕西龙腾盛康农业发展有限责任公司,['50731'],[],description,3,0,[],,"['51457', '28128', '28126']","[0.39195579290390015, 0.38901472091674805, 0.38901472091674805]","['description', 'description', 'description']"
青岛吉若湉文化传媒有限公司,['50731'],[],description,1,0,[],,['28128'],[0.4394513666629791],['description']
青岛吉若湉文化传媒有限公司,['50731'],[],description,3,1,['50731'],2.0,"['28128', '50731', '28126']","[0.4394513666629791, 0.4394513666629791, 0.4394513666629791]","['description', 'description', 'description']"
青岛海源实业有限公司,['50731'],[],description,1,0,[],,['28128'],[0.434565007686615],['description']
青岛海源实业有限公司,['50731'],[],description,3,1,['50731'],2.0,"['28128', '50731', '28126']","[0.434565007686615, 0.434565007686615, 0.434565007686615]","['description', 'description', 'description']"
马鞍山钢铁有限公司,['50731'],[],description,1,0,[],,['47198'],[0.42484229803085327],['description']
马鞍山钢铁有限公司,['50731'],[],description,3,0,[],,"['47198', '39537', '51457']","[0.42484229803085327, 0.41974684596061707, 0.414018452167511]","['description', 'description', 'description']"
黑龙江城鑫建筑工程有限公司,['50731'],[],description,1,0,[],,['51457'],[0.4225059151649475],['description']
黑龙江城鑫建筑工程有限公司,['50731'],[],description,3,0,[],,"['51457', '28128', '28126']","[0.4225059151649475, 0.40363627672195435, 0.40363627672195435]","['description', 'description', 'description']"
鼎科医疗技术(苏州)有限公司,['50731'],[],description,1,0,[],,['5881'],[0.48625773191452026],['description']
鼎科医疗技术(苏州)有限公司,['50731'],[],description,3,0,[],,"['5881', '51457', '28126']","[0.48625773191452026, 0.4370371699333191, 0.41893523931503296]","['description', 'description', 'description']"
齐鲁制药有限公司,['50731'],[],description,1,0,[],,['47198'],[0.42023465037345886],['description']
齐鲁制药有限公司,['50731'],[],description,3,0,[],,"['47198', '51457', '39537']","[0.42023465037345886, 0.41838395595550537, 0.4085766673088074]","['description', 'description', 'description']"
上海三菱电梯有限公司,['50731'],[],merged,1,0,[],,['5881'],[0.46565183997154236],['description']
上海三菱电梯有限公司,['50731'],[],merged,3,1,['50731'],3.0,"['5881', '47242', '50731']","[0.46565183997154236, 0.42853063344955444, 0.4258953928947449]","['description', 'title_description', 'title_description']"
上海新华泰医院,['50731'],[],merged,1,0,[],,['39537'],[0.4512437582015991],['description']
上海新华泰医院,['50731'],[],merged,3,0,[],,"['39537', '47198', '47266']","[0.4512437582015991, 0.4371163547039032, 0.4251708984375]","['description', 'description', 'title_description']"
上海海桓科技有限公司,['50731'],[],merged,1,0,[],,['60265'],[0.534375786781311],['title_description']
上海海桓科技有限公司,['50731'],[],merged,3,1,['50731'],2.0,"['60265', '50731', '28126']","[0.534375786781311, 0.5259544849395752, 0.5102794170379639]","['title_description', 'title_description', 'description']"
东莞市金瀚达科技有限公司,['50731'],[],merged,1,0,[],,['5881'],[0.4761391878128052],['description']
东莞市金瀚达科技有限公司,['50731'],[],merged,3,1,['50731'],3.0,"['5881', '60265', '50731']","[0.4761391878128052, 0.47521156072616577, 0.47458168864250183]","['description', 'title_description', 'title_description']"
中合益检测技术有限公司,['50731'],[],merged,1,0,[],,['60265'],[0.5250722169876099],['title_description']
中合益检测技术有限公司,['50731'],[],merged,3,1,['50731'],2.0,"['60265', '50731', '51457']","[0.5250722169876099, 0.48618972301483154, 0.4830555319786072]","['title_description', 'title_description', 'description']"
中商建投建设有限公司,['50731'],[],merged,1,0,[],,['60265'],[0.5157269239425659],['title_description']
中商建投建设有限公司,['50731'],[],merged,3,0,[],,"['60265', '28126', '28128']","[0.5157269239425659, 0.5013848543167114, 0.5013848543167114]","['title_description', 'description', 'description']"
中国信息协会,['50731'],[],merged,1,0,[],,['60265'],[0.51454758644104],['title_description']
中国信息协会,['50731'],[],merged,3,0,[],,"['60265', '51457', '60293']","[0.51454758644104, 0.4986891746520996, 0.4776732921600342]","['title_description', 'description', 'title_description']"
中国华冶科工集团有限公司,['50731'],[],merged,1,0,[],,['60265'],[0.45869964361190796],['title_description']
中国华冶科工集团有限公司,['50731'],[],merged,3,1,['50731'],3.0,"['60265', '51457', '50731']","[0.45869964361190796, 0.44010692834854126, 0.4350825548171997]","['title_description', 'description', 'title_description']"
中国广播电视社会组织联合会,['50731'],[],merged,1,0,[],,['51275'],[0.43219465017318726],['title_description']
中国广播电视社会组织联合会,['50731'],[],merged,3,0,[],,"['51275', '60293', '60265']","[0.43219465017318726, 0.38105714321136475, 0.3723071217536926]","['title_description', 'title_description', 'title_description']"
中电建新能源集团股份有限公司,['50731'],[],merged,1,0,[],,['60265'],[0.481282114982605],['title_description']
中电建新能源集团股份有限公司,['50731'],[],merged,3,1,['50731'],2.0,"['60265', '50731', '51457']","[0.481282114982605, 0.47418588399887085, 0.46089673042297363]","['title_description', 'title_description', 'description']"
中科华创国际工程设计顾问集团有限公司,['50731'],[],merged,1,0,[],,['60265'],[0.48203903436660767],['title_description']
中科华创国际工程设计顾问集团有限公司,['50731'],[],merged,3,1,['50731'],3.0,"['60265', '47242', '50731']","[0.48203903436660767, 0.4726725220680237, 0.4693622589111328]","['title_description', 'title_description', 'title_description']"
中运国际物流有限公司,['50731'],[],merged,1,0,[],,['47198'],[0.4834873676300049],['description']
中运国际物流有限公司,['50731'],[],merged,3,0,[],,"['47198', '60265', '47266']","[0.4834873676300049, 0.4790523946285248, 0.47745025157928467]","['description', 'title_description', 'title_description']"
临沧晨翔商贸有限公司,['50731'],[],merged,1,0,[],,['28128'],[0.44521135091781616],['title_description']
临沧晨翔商贸有限公司,['50731'],[],merged,3,0,[],,"['28128', '5544', '5359']","[0.44521135091781616, 0.44421595335006714, 0.4441324472427368]","['title_description', 'description', 'description']"
云南汇能科技有限公司,['50731'],[],merged,1,0,[],,['60265'],[0.49538731575012207],['title_description']
云南汇能科技有限公司,['50731'],[],merged,3,1,['50731'],2.0,"['60265', '50731', '28128']","[0.49538731575012207, 0.4826379418373108, 0.4721449017524719]","['title_description', 'title_description', 'title_description']"
余姚新希望金属制品有限公司,['50731'],[],merged,1,1,['50731'],1.0,['50731'],[0.4213460683822632],['title_description']
余姚新希望金属制品有限公司,['50731'],[],merged,3,1,['50731'],1.0,"['50731', '5359', '60265']","[0.4213460683822632, 0.39612898230552673, 0.3792722225189209]","['title_description', 'description', 'title_description']"
佛山市智饪科技有限公司,['50731'],[],merged,1,0,[],,['47272'],[0.4713872969150543],['title_description']
佛山市智饪科技有限公司,['50731'],[],merged,3,1,['50731'],3.0,"['47272', '5881', '50731']","[0.4713872969150543, 0.4683496057987213, 0.46727001667022705]","['title_description', 'title_description', 'title_description']"
信达财产保险股份有限公司,['50731'],[],merged,1,0,[],,['60265'],[0.5226409435272217],['title_description']
信达财产保险股份有限公司,['50731'],[],merged,3,0,[],,"['60265', '51457', '47198']","[0.5226409435272217, 0.5092615485191345, 0.4922361373901367]","['title_description', 'description', 'description']"
兴泰和商业集团有限公司,['50731'],[],merged,1,0,[],,['60265'],[0.500449001789093],['title_description']
兴泰和商业集团有限公司,['50731'],[],merged,3,1,['50731'],2.0,"['60265', '50731', '51457']","[0.500449001789093, 0.489940345287323, 0.48651671409606934]","['title_description', 'title_description', 'description']"
北京信合智汇科技有限公司,['50731'],[],merged,1,0,[],,['60265'],[0.5795878171920776],['title_description']
北京信合智汇科技有限公司,['50731'],[],merged,3,0,[],,"['60265', '51457', '47242']","[0.5795878171920776, 0.5440565347671509, 0.5405884981155396]","['title_description', 'description', 'title_description']"
北京国咨律师事务所,['50731'],[],merged,1,0,[],,['51474'],[0.6559751033782959],['description']
北京国咨律师事务所,['50731'],[],merged,3,0,[],,"['51474', '47242', '47198']","[0.6559751033782959, 0.46198412775993347, 0.4607730507850647]","['description', 'title_description', 'description']"
北京德恒乾坤医疗器械有限公司,['50731'],[],merged,1,0,[],,['60265'],[0.4762395918369293],['title_description']
北京德恒乾坤医疗器械有限公司,['50731'],[],merged,3,0,[],,"['60265', '47242', '28126']","[0.4762395918369293, 0.47563862800598145, 0.46849894523620605]","['title_description', 'title_description', 'description']"
北京控股集团有限公司,['50731'],[],merged,1,0,[],,['47242'],[0.529352068901062],['title_description']
北京控股集团有限公司,['50731'],[],merged,3,0,[],,"['47242', '47266', '60265']","[0.529352068901062, 0.4886026978492737, 0.4864175319671631]","['title_description', 'title_description', 'title_description']"
北京瑞科航科技有限公司,['50731'],[],merged,1,0,[],,['47242'],[0.5441045165061951],['title_description']
北京瑞科航科技有限公司,['50731'],[],merged,3,0,[],,"['47242', '60265', '28126']","[0.5441045165061951, 0.4954332113265991, 0.47168272733688354]","['title_description', 'title_description', 'description']"
北京璀璨星空文化发展有限公司,['50731'],[],merged,1,0,[],,['60265'],[0.4629323184490204],['title_description']
北京璀璨星空文化发展有限公司,['50731'],[],merged,3,1,['50731'],3.0,"['60265', '47242', '50731']","[0.4629323184490204, 0.4566442668437958, 0.4551008939743042]","['title_description', 'title_description', 'title_description']"
北海国发川山生物股份有限公司,['50731'],[],merged,1,0,[],,['47272'],[0.4593743681907654],['title_description']
北海国发川山生物股份有限公司,['50731'],[],merged,3,0,[],,"['47272', '60265', '47242']","[0.4593743681907654, 0.45139551162719727, 0.4430697560310364]","['title_description', 'title_description', 'title_description']"
华星动力(江苏)有限公司,['50731'],[],merged,1,1,['50731'],1.0,['50731'],[0.4846365451812744],['title_description']
华星动力(江苏)有限公司,['50731'],[],merged,3,1,['50731'],1.0,"['50731', '5881', '60265']","[0.4846365451812744, 0.47541844844818115, 0.46121054887771606]","['title_description', 'description', 'title_description']"
南京中科煜宸激光技术有限公司,['50731'],[],merged,1,0,[],,['47242'],[0.47125232219696045],['title_description']
南京中科煜宸激光技术有限公司,['50731'],[],merged,3,1,['50731'],2.0,"['47242', '50731', '60265']","[0.47125232219696045, 0.465834379196167, 0.4614313840866089]","['title_description', 'title_description', 'title_description']"
南京锦创科技股份有限公司,['50731'],[],merged,1,1,['50731'],1.0,['50731'],[0.5273078680038452],['title_description']
南京锦创科技股份有限公司,['50731'],[],merged,3,1,['50731'],1.0,"['50731', '47242', '60265']","[0.5273078680038452, 0.5237292051315308, 0.5213017463684082]","['title_description', 'title_description', 'title_description']"
南宁华美医疗美容医院,['50731'],[],merged,1,0,[],,['47198'],[0.3960252106189728],['description']
南宁华美医疗美容医院,['50731'],[],merged,3,0,[],,"['47198', '47272', '47242']","[0.3960252106189728, 0.3914443850517273, 0.38422900438308716]","['description', 'title_description', 'title_description']"
南方智算(深圳)科技有限公司,['50731'],[],merged,1,1,['50731'],1.0,['50731'],[0.54166579246521],['title_description']
南方智算(深圳)科技有限公司,['50731'],[],merged,3,1,['50731'],1.0,"['50731', '60265', '47242']","[0.54166579246521, 0.5359295606613159, 0.5323019623756409]","['title_description', 'title_description', 'title_description']"
厦门维发股份有限公司,['50731'],[],merged,1,0,[],,['60265'],[0.47227317094802856],['title_description']
厦门维发股份有限公司,['50731'],[],merged,3,1,['50731'],2.0,"['60265', '50731', '51457']","[0.47227317094802856, 0.4675295948982239, 0.46187537908554077]","['title_description', 'title_description', 'description']"
四川省中医药高等专科学校,['50731'],[],merged,1,0,[],,['39537'],[0.5865781903266907],['description']
四川省中医药高等专科学校,['50731'],[],merged,3,0,[],,"['39537', '51129', '4551']","[0.5865781903266907, 0.4852713346481323, 0.46325764060020447]","['description', 'description', 'description']"
四川蜀轩律师事务所,['50731'],[],merged,1,0,[],,['51474'],[0.5878182649612427],['description']
四川蜀轩律师事务所,['50731'],[],merged,3,0,[],,"['51474', '47198', '28126']","[0.5878182649612427, 0.4685346186161041, 0.4478825628757477]","['description', 'description', 'description']"
四川鑫中佑科技有限公司,['50731'],[],merged,1,1,['50731'],1.0,['50731'],[0.48601722717285156],['title_description']
四川鑫中佑科技有限公司,['50731'],[],merged,3,1,['50731'],1.0,"['50731', '60265', '47272']","[0.48601722717285156, 0.48139336705207825, 0.47313499450683594]","['title_description', 'title_description', 'title_description']"
四川鑫鼎建筑工程有限公司,['50731'],[],merged,1,0,[],,['60265'],[0.46137452125549316],['title_description']
四川鑫鼎建筑工程有限公司,['50731'],[],merged,3,1,['50731'],2.0,"['60265', '50731', '28126']","[0.46137452125549316, 0.460405170917511, 0.44942164421081543]","['title_description', 'title_description', 'description']"
国能榆林化工有限公司,['50731'],[],merged,1,0,[],,['60265'],[0.4498535096645355],['title_description']
国能榆林化工有限公司,['50731'],[],merged,3,1,['50731'],3.0,"['60265', '47242', '50731']","[0.4498535096645355, 0.4316680431365967, 0.42906081676483154]","['title_description', 'title_description', 'title_description']"
奥飞娱乐股份有限公司,['50731'],[],merged,1,1,['50731'],1.0,['50731'],[0.4567362666130066],['title_description']
奥飞娱乐股份有限公司,['50731'],[],merged,3,1,['50731'],1.0,"['50731', '28128', '28126']","[0.4567362666130066, 0.4465499520301819, 0.4355599582195282]","['title_description', 'title_description', 'title_description']"
宁夏诺辰建筑工程有限公司,['50731'],[],merged,1,1,['50731'],1.0,['50731'],[0.45322227478027344],['title_description']
宁夏诺辰建筑工程有限公司,['50731'],[],merged,3,1,['50731'],1.0,"['50731', '60265', '28128']","[0.45322227478027344, 0.45054197311401367, 0.4367308020591736]","['title_description', 'title_description', 'title_description']"
宁波东海工业有限公司,['50731'],[],merged,1,1,['50731'],1.0,['50731'],[0.4755946099758148],['title_description']
宁波东海工业有限公司,['50731'],[],merged,3,1,['50731'],1.0,"['50731', '60265', '47242']","[0.4755946099758148, 0.46263882517814636, 0.4588834345340729]","['title_description', 'title_description', 'title_description']"
宁波卓维服饰有限公司,['50731'],[],merged,1,1,['50731'],1.0,['50731'],[0.471713662147522],['title_description']
宁波卓维服饰有限公司,['50731'],[],merged,3,1,['50731'],1.0,"['50731', '60265', '28128']","[0.471713662147522, 0.45499300956726074, 0.4454411268234253]","['title_description', 'title_description', 'title_description']"
安徽浩丰实业有限公司,['50731'],[],merged,1,0,[],,['60265'],[0.4512189030647278],['title_description']
安徽浩丰实业有限公司,['50731'],[],merged,3,1,['50731'],2.0,"['60265', '50731', '51457']","[0.4512189030647278, 0.44857102632522583, 0.44070249795913696]","['title_description', 'title_description', 'description']"
山东信安建设有限公司,['50731'],[],merged,1,0,[],,['60265'],[0.4878369867801666],['title_description']
山东信安建设有限公司,['50731'],[],merged,3,1,['50731'],3.0,"['60265', '51457', '50731']","[0.4878369867801666, 0.4638826251029968, 0.4589381814002991]","['title_description', 'description', 'title_description']"
山东科宇能源有限公司,['50731'],[],merged,1,0,[],,['60265'],[0.44369250535964966],['title_description']
山东科宇能源有限公司,['50731'],[],merged,3,1,['50731'],3.0,"['60265', '47242', '50731']","[0.44369250535964966, 0.4355638325214386, 0.4288427531719208]","['title_description', 'title_description', 'title_description']"
山东职业学院,['50731'],[],merged,1,0,[],,['39537'],[0.6095080375671387],['description']
山东职业学院,['50731'],[],merged,3,0,[],,"['39537', '4551', '51129']","[0.6095080375671387, 0.5070724487304688, 0.5019298791885376]","['description', 'description', 'description']"
山东金钻金属制品有限公司,['50731'],[],merged,1,0,[],,['51590'],[0.444097638130188],['title_description']
山东金钻金属制品有限公司,['50731'],[],merged,3,0,[],,"['51590', '5359', '28128']","[0.444097638130188, 0.4374051094055176, 0.4319683909416199]","['title_description', 'description', 'title_description']"
山西华源科创有限公司,['50731'],[],merged,1,1,['50731'],1.0,['50731'],[0.4657256007194519],['title_description']
山西华源科创有限公司,['50731'],[],merged,3,1,['50731'],1.0,"['50731', '60265', '47242']","[0.4657256007194519, 0.46468496322631836, 0.45660972595214844]","['title_description', 'title_description', 'title_description']"
广东中源农业发展有限公司,['50731'],[],merged,1,0,[],,['60265'],[0.4385954737663269],['title_description']
广东中源农业发展有限公司,['50731'],[],merged,3,0,[],,"['60265', '51457', '28126']","[0.4385954737663269, 0.4351639151573181, 0.4307711124420166]","['title_description', 'description', 'description']"
广东珠江电缆有限公司,['50731'],[],merged,1,0,[],,['5881'],[0.431870698928833],['title_description']
广东珠江电缆有限公司,['50731'],[],merged,3,1,['50731'],2.0,"['5881', '50731', '60265']","[0.431870698928833, 0.4245469570159912, 0.42071905732154846]","['title_description', 'title_description', 'title_description']"
广东省律师协会,['50731'],[],merged,1,0,[],,['51474'],[0.5662002563476562],['description']
广东省律师协会,['50731'],[],merged,3,0,[],,"['51474', '47198', '60265']","[0.5662002563476562, 0.4374602437019348, 0.4316568970680237]","['description', 'description', 'title_description']"
广东财贸职业学院,['50731'],[],merged,1,0,[],,['39537'],[0.6080529689788818],['description']
广东财贸职业学院,['50731'],[],merged,3,0,[],,"['39537', '4551', '60293']","[0.6080529689788818, 0.5032064318656921, 0.492734432220459]","['description', 'description', 'description']"
广州众粤驰汽车服务有限公司,['50731'],[],merged,1,0,[],,['47198'],[0.4830065667629242],['description']
广州众粤驰汽车服务有限公司,['50731'],[],merged,3,0,[],,"['47198', '5819', '47242']","[0.4830065667629242, 0.4496462941169739, 0.44160008430480957]","['description', 'description', 'title_description']"
广州华新商贸有限公司,['50731'],[],merged,1,1,['50731'],1.0,['50731'],[0.460121214389801],['title_description']
广州华新商贸有限公司,['50731'],[],merged,3,1,['50731'],1.0,"['50731', '47198', '28126']","[0.460121214389801, 0.4498710036277771, 0.4384649097919464]","['title_description', 'description', 'description']"
广州市广盛餐饮管理有限公司,['50731'],[],merged,1,0,[],,['47272'],[0.49773991107940674],['title_description']
广州市广盛餐饮管理有限公司,['50731'],[],merged,3,0,[],,"['47272', '47198', '47242']","[0.49773991107940674, 0.44757193326950073, 0.4233343005180359]","['title_description', 'description', 'title_description']"
广州粤合科技有限公司,['50731'],[],merged,1,0,[],,['60265'],[0.5211601853370667],['title_description']
广州粤合科技有限公司,['50731'],[],merged,3,1,['50731'],2.0,"['60265', '50731', '47242']","[0.5211601853370667, 0.5083515048027039, 0.5026966333389282]","['title_description', 'title_description', 'title_description']"
广西华晨科技有限公司,['50731'],[],merged,1,1,['50731'],1.0,['50731'],[0.4785577058792114],['title_description']
广西华晨科技有限公司,['50731'],[],merged,3,1,['50731'],1.0,"['50731', '47242', '60265']","[0.4785577058792114, 0.466305136680603, 0.461760938167572]","['title_description', 'title_description', 'title_description']"
广西协创机械有限公司,['50731'],[],merged,1,1,['50731'],1.0,['50731'],[0.39811718463897705],['title_description']
广西协创机械有限公司,['50731'],[],merged,3,1,['50731'],1.0,"['50731', '47242', '60265']","[0.39811718463897705, 0.3865649104118347, 0.3865317106246948]","['title_description', 'title_description', 'title_description']"
延安丰华建筑工程有限公司,['50731'],[],merged,1,0,[],,['60265'],[0.4526704251766205],['title_description']
延安丰华建筑工程有限公司,['50731'],[],merged,3,1,['50731'],3.0,"['60265', '51457', '50731']","[0.4526704251766205, 0.43932926654815674, 0.42526111006736755]","['title_description', 'description', 'title_description']"
张家港禾源机械科技有限公司,['50731'],[],merged,1,0,[],,['5881'],[0.40597808361053467],['title_description']
张家港禾源机械科技有限公司,['50731'],[],merged,3,0,[],,"['5881', '5359', '60265']","[0.40597808361053467, 0.38764485716819763, 0.3849813938140869]","['title_description', 'description', 'title_description']"
恒华数字科技集团有限公司,['50731'],[],merged,1,0,[],,['60265'],[0.5118281841278076],['title_description']
恒华数字科技集团有限公司,['50731'],[],merged,3,1,['50731'],2.0,"['60265', '50731', '28128']","[0.5118281841278076, 0.4920274615287781, 0.49088984727859497]","['title_description', 'title_description', 'title_description']"
成都市人力资源管理有限公司,['50731'],[],merged,1,0,[],,['51457'],[0.5295446515083313],['description']
成都市人力资源管理有限公司,['50731'],[],merged,3,1,['50731'],3.0,"['51457', '60265', '50731']","[0.5295446515083313, 0.5111461877822876, 0.48242998123168945]","['description', 'title_description', 'title_description']"
扬州汇裕达贸易有限公司,['50731'],[],merged,1,0,[],,['5359'],[0.41466712951660156],['description']
扬州汇裕达贸易有限公司,['50731'],[],merged,3,1,['50731'],3.0,"['5359', '60265', '50731']","[0.41466712951660156, 0.4144226312637329, 0.3944184184074402]","['description', 'title_description', 'title_description']"
文山星瑞农业发展有限公司,['50731'],[],merged,1,1,['50731'],1.0,['50731'],[0.440701961517334],['title_description']
文山星瑞农业发展有限公司,['50731'],[],merged,3,1,['50731'],1.0,"['50731', '51457', '60265']","[0.440701961517334, 0.43851613998413086, 0.4265592098236084]","['title_description', 'description', 'title_description']"
新疆恒睿建设工程有限公司,['50731'],[],merged,1,1,['50731'],1.0,['50731'],[0.5043585300445557],['title_description']
新疆恒睿建设工程有限公司,['50731'],[],merged,3,1,['50731'],1.0,"['50731', '28128', '60265']","[0.5043585300445557, 0.475350558757782, 0.4736904799938202]","['title_description', 'title_description', 'title_description']"
新达泵阀股份有限公司,['50731'],[],merged,1,0,[],,['5881'],[0.465083509683609],['title_description']
新达泵阀股份有限公司,['50731'],[],merged,3,1,['50731'],2.0,"['5881', '50731', '28128']","[0.465083509683609, 0.44973668456077576, 0.43717315793037415]","['title_description', 'title_description', 'title_description']"
无锡瑞进智能工程有限公司,['50731'],[],merged,1,1,['50731'],1.0,['50731'],[0.49416080117225647],['title_description']
无锡瑞进智能工程有限公司,['50731'],[],merged,3,1,['50731'],1.0,"['50731', '47242', '5881']","[0.49416080117225647, 0.4582098126411438, 0.45460107922554016]","['title_description', 'title_description', 'description']"
昆山浩兴电子科技有限公司,['50731'],[],merged,1,0,[],,['47242'],[0.4908300042152405],['title_description']
昆山浩兴电子科技有限公司,['50731'],[],merged,3,1,['50731'],2.0,"['47242', '50731', '51457']","[0.4908300042152405, 0.4898461401462555, 0.4806152284145355]","['title_description', 'title_description', 'description']"
昆明首康医院,['50731'],[],merged,1,0,[],,['47198'],[0.41481447219848633],['description']
昆明首康医院,['50731'],[],merged,3,0,[],,"['47198', '39537', '47242']","[0.41481447219848633, 0.41404351592063904, 0.41317835450172424]","['description', 'description', 'title_description']"
晋中帕乔利会计服务有限公司,['50731'],[],merged,1,1,['50731'],1.0,['50731'],[0.4500731825828552],['title_description']
晋中帕乔利会计服务有限公司,['50731'],[],merged,3,1,['50731'],1.0,"['50731', '60265', '28126']","[0.4500731825828552, 0.4476293921470642, 0.44064587354660034]","['title_description', 'title_description', 'description']"
杭州潇韵科技有限公司,['50731'],[],merged,1,1,['50731'],1.0,['50731'],[0.5366276502609253],['title_description']
杭州潇韵科技有限公司,['50731'],[],merged,3,1,['50731'],1.0,"['50731', '28128', '28126']","[0.5366276502609253, 0.5195629596710205, 0.514100193977356]","['title_description', 'title_description', 'title_description']"
柯拉思利工业科技(上海)有限公司,['50731'],[],merged,1,0,[],,['5881'],[0.5494130849838257],['description']
柯拉思利工业科技(上海)有限公司,['50731'],[],merged,3,1,['50731'],2.0,"['5881', '50731', '60265']","[0.5494130849838257, 0.4744032323360443, 0.4705010652542114]","['description', 'title_description', 'title_description']"
株洲盛辉科技有限公司,['50731'],[],merged,1,1,['50731'],1.0,['50731'],[0.4769176244735718],['title_description']
株洲盛辉科技有限公司,['50731'],[],merged,3,1,['50731'],1.0,"['50731', '60265', '28128']","[0.4769176244735718, 0.46739864349365234, 0.4555867910385132]","['title_description', 'title_description', 'title_description']"
江苏双沟酒业股份有限公司,['50731'],[],merged,1,0,[],,['60265'],[0.3962967097759247],['title_description']
江苏双沟酒业股份有限公司,['50731'],[],merged,3,0,[],,"['60265', '47272', '28126']","[0.3962967097759247, 0.3921213746070862, 0.38417449593544006]","['title_description', 'title_description', 'description']"
江苏帝华酒店有限公司,['50731'],[],merged,1,0,[],,['50133'],[0.47671112418174744],['description']
江苏帝华酒店有限公司,['50731'],[],merged,3,0,[],,"['50133', '5671', '47272']","[0.47671112418174744, 0.45233049988746643, 0.44874584674835205]","['description', 'title_description', 'title_description']"
江苏海兴化工有限公司,['50731'],[],merged,1,1,['50731'],1.0,['50731'],[0.4646742641925812],['title_description']
江苏海兴化工有限公司,['50731'],[],merged,3,1,['50731'],1.0,"['50731', '60265', '51457']","[0.4646742641925812, 0.4622175693511963, 0.44929516315460205]","['title_description', 'title_description', 'description']"
江苏盛惟智造科技有限公司,['50731'],[],merged,1,1,['50731'],1.0,['50731'],[0.502440333366394],['title_description']
江苏盛惟智造科技有限公司,['50731'],[],merged,3,1,['50731'],1.0,"['50731', '60265', '47242']","[0.502440333366394, 0.4820884168148041, 0.4703598618507385]","['title_description', 'title_description', 'title_description']"
江苏鑫达建设工程有限公司,['50731'],[],merged,1,0,[],,['60265'],[0.47306472063064575],['title_description']
江苏鑫达建设工程有限公司,['50731'],[],merged,3,1,['50731'],3.0,"['60265', '51457', '50731']","[0.47306472063064575, 0.4656928777694702, 0.45947620272636414]","['title_description', 'description', 'title_description']"
江西华创新材有限公司,['50731'],[],merged,1,1,['50731'],1.0,['50731'],[0.5169346332550049],['title_description']
江西华创新材有限公司,['50731'],[],merged,3,1,['50731'],1.0,"['50731', '60265', '28128']","[0.5169346332550049, 0.481681764125824, 0.4778789281845093]","['title_description', 'title_description', 'title_description']"
沈阳兴齐眼科医院,['50731'],[],merged,1,0,[],,['39537'],[0.42304301261901855],['description']
沈阳兴齐眼科医院,['50731'],[],merged,3,0,[],,"['39537', '47242', '47198']","[0.42304301261901855, 0.3978000283241272, 0.3948524296283722]","['description', 'title_description', 'description']"
沈阳芯达科技有限公司,['50731'],[],merged,1,0,[],,['60265'],[0.4805399775505066],['title_description']
沈阳芯达科技有限公司,['50731'],[],merged,3,0,[],,"['60265', '47242', '51457']","[0.4805399775505066, 0.4623374342918396, 0.46093547344207764]","['title_description', 'title_description', 'description']"
沧州盛伟建筑工程有限公司,['50731'],[],merged,1,0,[],,['60265'],[0.44536441564559937],['title_description']
沧州盛伟建筑工程有限公司,['50731'],[],merged,3,1,['50731'],2.0,"['60265', '50731', '28126']","[0.44536441564559937, 0.4392271041870117, 0.43195366859436035]","['title_description', 'title_description', 'description']"
河北恒业建筑工程有限公司,['50731'],[],merged,1,0,[],,['60265'],[0.4527685046195984],['title_description']
河北恒业建筑工程有限公司,['50731'],[],merged,3,0,[],,"['60265', '28126', '28128']","[0.4527685046195984, 0.4432978332042694, 0.4432978332042694]","['title_description', 'description', 'description']"
河南卓越实业有限公司,['50731'],[],merged,1,0,[],,['28128'],[0.46264344453811646],['title_description']
河南卓越实业有限公司,['50731'],[],merged,3,1,['50731'],3.0,"['28128', '60265', '50731']","[0.46264344453811646, 0.4590213894844055, 0.45763668417930603]","['title_description', 'title_description', 'title_description']"
河南新太行电源股份有限公司,['50731'],[],merged,1,1,['50731'],1.0,['50731'],[0.4332025945186615],['title_description']
河南新太行电源股份有限公司,['50731'],[],merged,3,1,['50731'],1.0,"['50731', '60265', '28128']","[0.4332025945186615, 0.4195895791053772, 0.4077005982398987]","['title_description', 'title_description', 'title_description']"
河南晟徽教育科技有限公司,['50731'],[],merged,1,0,[],,['39537'],[0.5008305311203003],['description']
河南晟徽教育科技有限公司,['50731'],[],merged,3,0,[],,"['39537', '5273', '5917']","[0.5008305311203003, 0.48250812292099, 0.4789840579032898]","['description', 'description', 'description']"
河南豫财汇农科技有限公司,['50731'],[],merged,1,0,[],,['60265'],[0.48980239033699036],['title_description']
河南豫财汇农科技有限公司,['50731'],[],merged,3,1,['50731'],2.0,"['60265', '50731', '28128']","[0.48980239033699036, 0.47818103432655334, 0.46735620498657227]","['title_description', 'title_description', 'title_description']"
济南清源环保科技有限公司,['50731'],[],merged,1,1,['50731'],1.0,['50731'],[0.42897891998291016],['title_description']
济南清源环保科技有限公司,['50731'],[],merged,3,1,['50731'],1.0,"['50731', '60265', '47242']","[0.42897891998291016, 0.428491473197937, 0.4229791760444641]","['title_description', 'title_description', 'title_description']"
济南青桔到家保洁服务有限公司,['50731'],[],merged,1,0,[],,['5778'],[0.47624844312667847],['title_description']
济南青桔到家保洁服务有限公司,['50731'],[],merged,3,0,[],,"['5778', '47198', '28128']","[0.47624844312667847, 0.4682132601737976, 0.4561896026134491]","['title_description', 'description', 'title_description']"
浙江万宏控股有限公司,['50731'],[],merged,1,1,['50731'],1.0,['50731'],[0.5181407928466797],['title_description']
浙江万宏控股有限公司,['50731'],[],merged,3,1,['50731'],1.0,"['50731', '28128', '60265']","[0.5181407928466797, 0.4925067722797394, 0.48979452252388]","['title_description', 'title_description', 'title_description']"
浙江业管家物业服务有限公司,['50731'],[],merged,1,1,['50731'],1.0,['50731'],[0.49336543679237366],['title_description']
浙江业管家物业服务有限公司,['50731'],[],merged,3,1,['50731'],1.0,"['50731', '28126', '28128']","[0.49336543679237366, 0.4781438708305359, 0.4775233864784241]","['title_description', 'title_description', 'title_description']"
浙江华瑞航空制造有限公司,['50731'],[],merged,1,1,['50731'],1.0,['50731'],[0.4508726894855499],['title_description']
浙江华瑞航空制造有限公司,['50731'],[],merged,3,1,['50731'],1.0,"['50731', '28128', '39537']","[0.4508726894855499, 0.44797056913375854, 0.44409555196762085]","['title_description', 'title_description', 'description']"
海南鑫奕实业有限公司,['50731'],[],merged,1,1,['50731'],1.0,['50731'],[0.464682012796402],['title_description']
海南鑫奕实业有限公司,['50731'],[],merged,3,1,['50731'],1.0,"['50731', '51457', '28126']","[0.464682012796402, 0.4477041959762573, 0.4469115734100342]","['title_description', 'description', 'description']"
海南锦益物业管理有限公司,['50731'],[],merged,1,0,[],,['47198'],[0.41569480299949646],['description']
海南锦益物业管理有限公司,['50731'],[],merged,3,0,[],,"['47198', '47272', '47242']","[0.41569480299949646, 0.3930846154689789, 0.3903428912162781]","['description', 'title_description', 'title_description']"
深圳前海微众银行股份有限公司电话,['50731'],[],merged,1,0,[],,['47198'],[0.5911911725997925],['description']
深圳前海微众银行股份有限公司电话,['50731'],[],merged,3,0,[],,"['47198', '61111', '51457']","[0.5911911725997925, 0.5685065984725952, 0.5468055009841919]","['description', 'title_description', 'description']"
深圳华鑫科技有限公司,['50731'],[],merged,1,0,[],,['60265'],[0.5010642409324646],['title_description']
深圳华鑫科技有限公司,['50731'],[],merged,3,1,['50731'],3.0,"['60265', '51457', '50731']","[0.5010642409324646, 0.49825799465179443, 0.49769675731658936]","['title_description', 'description', 'title_description']"
深圳南山浙里宴餐饮管理有限公司,['50731'],[],merged,1,0,[],,['47272'],[0.5434122085571289],['title_description']
深圳南山浙里宴餐饮管理有限公司,['50731'],[],merged,3,1,['50731'],3.0,"['47272', '47198', '50731']","[0.5434122085571289, 0.47699183225631714, 0.444501668214798]","['title_description', 'description', 'title_description']"
深圳市科元电气技术有限公司,['50731'],[],merged,1,0,[],,['5881'],[0.46684083342552185],['description']
深圳市科元电气技术有限公司,['50731'],[],merged,3,0,[],,"['5881', '47242', '60265']","[0.46684083342552185, 0.44233736395835876, 0.43699920177459717]","['description', 'title_description', 'title_description']"
湖北宜馨医养服务有限公司,['50731'],[],merged,1,1,['50731'],1.0,['50731'],[0.4599943459033966],['title_description']
湖北宜馨医养服务有限公司,['50731'],[],merged,3,1,['50731'],1.0,"['50731', '51457', '60265']","[0.4599943459033966, 0.4385073184967041, 0.42535194754600525]","['title_description', 'description', 'title_description']"
湖北恒惠建筑工程有限公司,['50731'],[],merged,1,0,[],,['60265'],[0.46320322155952454],['title_description']
湖北恒惠建筑工程有限公司,['50731'],[],merged,3,0,[],,"['60265', '28126', '28128']","[0.46320322155952454, 0.45765405893325806, 0.45765405893325806]","['title_description', 'description', 'description']"
湖北省科技工程技工学校,['50731'],[],merged,1,0,[],,['39537'],[0.5523380041122437],['description']
湖北省科技工程技工学校,['50731'],[],merged,3,0,[],,"['39537', '51129', '4551']","[0.5523380041122437, 0.45442238450050354, 0.4436752200126648]","['description', 'description', 'description']"
湖南尚上市政建设开发有限公司,['50731'],[],merged,1,0,[],,['60265'],[0.4517132639884949],['title_description']
湖南尚上市政建设开发有限公司,['50731'],[],merged,3,0,[],,"['60265', '51457', '28126']","[0.4517132639884949, 0.4464360475540161, 0.42853331565856934]","['title_description', 'description', 'description']"
湖南湘迪科技有限公司,['50731'],[],merged,1,0,[],,['60265'],[0.5077175498008728],['title_description']
湖南湘迪科技有限公司,['50731'],[],merged,3,1,['50731'],3.0,"['60265', '51457', '50731']","[0.5077175498008728, 0.5059359073638916, 0.5000581741333008]","['title_description', 'description', 'title_description']"
湖州嘉亨实业有限公司,['50731'],[],merged,1,1,['50731'],1.0,['50731'],[0.4595091938972473],['title_description']
湖州嘉亨实业有限公司,['50731'],[],merged,3,1,['50731'],1.0,"['50731', '47272', '28128']","[0.4595091938972473, 0.44528669118881226, 0.44364821910858154]","['title_description', 'title_description', 'title_description']"
湖州辉煌钢结构彩板工程有限公司,['50731'],[],merged,1,0,[],,['5359'],[0.4125334620475769],['description']
湖州辉煌钢结构彩板工程有限公司,['50731'],[],merged,3,1,['50731'],3.0,"['5359', '28128', '50731']","[0.4125334620475769, 0.39105141162872314, 0.3817603588104248]","['description', 'title_description', 'title_description']"
珠海珠玻电子材料有限公司,['50731'],[],merged,1,1,['50731'],1.0,['50731'],[0.46659499406814575],['title_description']
珠海珠玻电子材料有限公司,['50731'],[],merged,3,1,['50731'],1.0,"['50731', '60265', '47242']","[0.46659499406814575, 0.45243269205093384, 0.4513764977455139]","['title_description', 'title_description', 'title_description']"
甘肃朝华建设工程有限公司,['50731'],[],merged,1,0,[],,['60265'],[0.44012701511383057],['title_description']
甘肃朝华建设工程有限公司,['50731'],[],merged,3,1,['50731'],2.0,"['60265', '50731', '47242']","[0.44012701511383057, 0.42484936118125916, 0.42483794689178467]","['title_description', 'title_description', 'title_description']"
益而益集团有限公司,['50731'],[],merged,1,0,[],,['60265'],[0.5421536564826965],['title_description']
益而益集团有限公司,['50731'],[],merged,3,1,['50731'],2.0,"['60265', '50731', '51457']","[0.5421536564826965, 0.5214439034461975, 0.5212593078613281]","['title_description', 'title_description', 'description']"
盖州市归州镇海畔旅游服务部,['50731'],[],merged,1,0,[],,['5671'],[0.41738957166671753],['title_description']
盖州市归州镇海畔旅游服务部,['50731'],[],merged,3,0,[],,"['5671', '47198', '47272']","[0.41738957166671753, 0.3856545090675354, 0.3809012174606323]","['title_description', 'description', 'title_description']"
石家庄若翔商贸有限公司,['50731'],[],merged,1,1,['50731'],1.0,['50731'],[0.42875176668167114],['title_description']
石家庄若翔商贸有限公司,['50731'],[],merged,3,1,['50731'],1.0,"['50731', '28128', '60265']","[0.42875176668167114, 0.41801026463508606, 0.4165838360786438]","['title_description', 'title_description', 'title_description']"
福建恒天建设工程有限公司,['50731'],[],merged,1,0,[],,['60265'],[0.4377892017364502],['title_description']
福建恒天建设工程有限公司,['50731'],[],merged,3,1,['50731'],2.0,"['60265', '50731', '51457']","[0.4377892017364502, 0.4250560402870178, 0.41747236251831055]","['title_description', 'title_description', 'description']"
精效悬浮(苏州)科技有限公司官网,['50731'],[],merged,1,0,[],,['28128'],[0.4415299892425537],['title_description']
精效悬浮(苏州)科技有限公司官网,['50731'],[],merged,3,1,['50731'],3.0,"['28128', '5881', '50731']","[0.4415299892425537, 0.4333055019378662, 0.4323502779006958]","['title_description', 'description', 'title_description']"
苏州煜炘安科技有限公司,['50731'],[],merged,1,0,[],,['60265'],[0.5051469206809998],['title_description']
苏州煜炘安科技有限公司,['50731'],[],merged,3,1,['50731'],2.0,"['60265', '50731', '47242']","[0.5051469206809998, 0.500695526599884, 0.4844510853290558]","['title_description', 'title_description', 'title_description']"
苏美达股份有限公司简介,['50731'],[],merged,1,0,[],,['51457'],[0.4841516613960266],['description']
苏美达股份有限公司简介,['50731'],[],merged,3,0,[],,"['51457', '60265', '5881']","[0.4841516613960266, 0.4784546494483948, 0.4685896635055542]","['description', 'title_description', 'description']"
苏萨食品有限公司,['50731'],[],merged,1,0,[],,['47272'],[0.4978928864002228],['title_description']
苏萨食品有限公司,['50731'],[],merged,3,1,['50731'],3.0,"['47272', '60265', '50731']","[0.4978928864002228, 0.462950736284256, 0.45836085081100464]","['title_description', 'title_description', 'title_description']"
菏泽市巨丰新能源有限公司,['50731'],[],merged,1,0,[],,['60265'],[0.4264599084854126],['title_description']
菏泽市巨丰新能源有限公司,['50731'],[],merged,3,0,[],,"['60265', '28128', '5359']","[0.4264599084854126, 0.41959697008132935, 0.41828981041908264]","['title_description', 'title_description', 'description']"
萧县皖龙建安有限公司,['50731'],[],merged,1,1,['50731'],1.0,['50731'],[0.4202529788017273],['title_description']
萧县皖龙建安有限公司,['50731'],[],merged,3,1,['50731'],1.0,"['50731', '51457', '60265']","[0.4202529788017273, 0.4174024760723114, 0.4105750322341919]","['title_description', 'description', 'title_description']"
蜂网投资有限公司,['50731'],[],merged,1,1,['50731'],1.0,['50731'],[0.5628114938735962],['title_description']
蜂网投资有限公司,['50731'],[],merged,3,1,['50731'],1.0,"['50731', '60265', '47242']","[0.5628114938735962, 0.5614814162254333, 0.5425719022750854]","['title_description', 'title_description', 'title_description']"
西安尚达建筑工程有限公司,['50731'],[],merged,1,0,[],,['60265'],[0.47268468141555786],['title_description']
西安尚达建筑工程有限公司,['50731'],[],merged,3,1,['50731'],2.0,"['60265', '50731', '51457']","[0.47268468141555786, 0.4668003022670746, 0.462483286857605]","['title_description', 'title_description', 'description']"
西昌华腾新材料制造有限公司,['50731'],[],merged,1,1,['50731'],1.0,['50731'],[0.47426337003707886],['title_description']
西昌华腾新材料制造有限公司,['50731'],[],merged,3,1,['50731'],1.0,"['50731', '60265', '28128']","[0.47426337003707886, 0.4482009708881378, 0.43441450595855713]","['title_description', 'title_description', 'title_description']"
贵州鑫盛实业发展有限公司,['50731'],[],merged,1,1,['50731'],1.0,['50731'],[0.43620410561561584],['title_description']
贵州鑫盛实业发展有限公司,['50731'],[],merged,3,1,['50731'],1.0,"['50731', '28128', '60265']","[0.43620410561561584, 0.4241212010383606, 0.42181578278541565]","['title_description', 'title_description', 'title_description']"
邯郸市林语物业服务有限公司,['50731'],[],merged,1,0,[],,['28128'],[0.4316706657409668],['title_description']
邯郸市林语物业服务有限公司,['50731'],[],merged,3,1,['50731'],2.0,"['28128', '50731', '28126']","[0.4316706657409668, 0.4294240474700928, 0.4239625334739685]","['title_description', 'title_description', 'title_description']"
重庆华赫科技有限公司,['50731'],[],merged,1,1,['50731'],1.0,['50731'],[0.4964430630207062],['title_description']
重庆华赫科技有限公司,['50731'],[],merged,3,1,['50731'],1.0,"['50731', '60265', '51457']","[0.4964430630207062, 0.49551236629486084, 0.47485387325286865]","['title_description', 'title_description', 'description']"
重庆欣时达生物技术有限公司,['50731'],[],merged,1,1,['50731'],1.0,['50731'],[0.48639193177223206],['title_description']
重庆欣时达生物技术有限公司,['50731'],[],merged,3,1,['50731'],1.0,"['50731', '60265', '28128']","[0.48639193177223206, 0.47053295373916626, 0.45332205295562744]","['title_description', 'title_description', 'title_description']"
鑫源汽车有限公司,['50731'],[],merged,1,0,[],,['5271'],[0.4833623766899109],['description']
鑫源汽车有限公司,['50731'],[],merged,3,0,[],,"['5271', '60265', '51457']","[0.4833623766899109, 0.47000640630722046, 0.4683700203895569]","['description', 'title_description', 'description']"
长春万联易达供应链有限公司,['50731'],[],merged,1,0,[],,['60265'],[0.5055481195449829],['title_description']
长春万联易达供应链有限公司,['50731'],[],merged,3,1,['50731'],2.0,"['60265', '50731', '47198']","[0.5055481195449829, 0.4794023633003235, 0.4654041528701782]","['title_description', 'title_description', 'description']"
阳江市嘉竑工贸有限公司,['50731'],[],merged,1,0,[],,['5881'],[0.4168696403503418],['title_description']
阳江市嘉竑工贸有限公司,['50731'],[],merged,3,1,['50731'],3.0,"['5881', '5359', '50731']","[0.4168696403503418, 0.3977753520011902, 0.3789536952972412]","['title_description', 'description', 'title_description']"
陕西鑫洋博诚科技有限公司,['50731'],[],merged,1,0,[],,['60265'],[0.4813661277294159],['title_description']
陕西鑫洋博诚科技有限公司,['50731'],[],merged,3,1,['50731'],2.0,"['60265', '50731', '51457']","[0.4813661277294159, 0.4745345115661621, 0.47411811351776123]","['title_description', 'title_description', 'description']"
陕西龙腾盛康农业发展有限责任公司,['50731'],[],merged,1,0,[],,['47272'],[0.4129592180252075],['title_description']
陕西龙腾盛康农业发展有限责任公司,['50731'],[],merged,3,0,[],,"['47272', '60265', '47242']","[0.4129592180252075, 0.4018869698047638, 0.40062642097473145]","['title_description', 'title_description', 'title_description']"
青岛吉若湉文化传媒有限公司,['50731'],[],merged,1,1,['50731'],1.0,['50731'],[0.449028342962265],['title_description']
青岛吉若湉文化传媒有限公司,['50731'],[],merged,3,1,['50731'],1.0,"['50731', '28128', '28126']","[0.449028342962265, 0.44408923387527466, 0.4394513666629791]","['title_description', 'title_description', 'description']"
青岛海源实业有限公司,['50731'],[],merged,1,0,[],,['60265'],[0.45067083835601807],['title_description']
青岛海源实业有限公司,['50731'],[],merged,3,1,['50731'],2.0,"['60265', '50731', '28128']","[0.45067083835601807, 0.443972110748291, 0.43622225522994995]","['title_description', 'title_description', 'title_description']"
马鞍山钢铁有限公司,['50731'],[],merged,1,0,[],,['50926'],[0.4353371262550354],['title_description']
马鞍山钢铁有限公司,['50731'],[],merged,3,0,[],,"['50926', '47242', '47198']","[0.4353371262550354, 0.4350639581680298, 0.42484229803085327]","['title_description', 'title_description', 'description']"
黑龙江城鑫建筑工程有限公司,['50731'],[],merged,1,0,[],,['60265'],[0.44952741265296936],['title_description']
黑龙江城鑫建筑工程有限公司,['50731'],[],merged,3,1,['50731'],3.0,"['60265', '51457', '50731']","[0.44952741265296936, 0.4225059151649475, 0.42228755354881287]","['title_description', 'description', 'title_description']"
鼎科医疗技术(苏州)有限公司,['50731'],[],merged,1,0,[],,['5881'],[0.48625773191452026],['description']
鼎科医疗技术(苏州)有限公司,['50731'],[],merged,3,1,['50731'],3.0,"['5881', '60265', '50731']","[0.48625773191452026, 0.4585545063018799, 0.45106127858161926]","['description', 'title_description', 'title_description']"
齐鲁制药有限公司,['50731'],[],merged,1,0,[],,['28128'],[0.44894444942474365],['title_description']
齐鲁制药有限公司,['50731'],[],merged,3,1,['50731'],2.0,"['28128', '50731', '60265']","[0.44894444942474365, 0.44798439741134644, 0.4357501268386841]","['title_description', 'title_description', 'title_description']"
上海三菱电梯有限公司,['50731'],[],title_description,1,0,[],,['5881'],[0.46256834268569946],['title_description']
上海三菱电梯有限公司,['50731'],[],title_description,3,1,['50731'],3.0,"['5881', '47242', '50731']","[0.46256834268569946, 0.42853063344955444, 0.4258953928947449]","['title_description', 'title_description', 'title_description']"
上海新华泰医院,['50731'],[],title_description,1,0,[],,['47266'],[0.4251708984375],['title_description']
上海新华泰医院,['50731'],[],title_description,3,0,[],,"['47266', '47242', '5671']","[0.4251708984375, 0.4204978346824646, 0.4187657833099365]","['title_description', 'title_description', 'title_description']"
上海海桓科技有限公司,['50731'],[],title_description,1,0,[],,['60265'],[0.534375786781311],['title_description']
上海海桓科技有限公司,['50731'],[],title_description,3,1,['50731'],2.0,"['60265', '50731', '47242']","[0.534375786781311, 0.5259544849395752, 0.5041766166687012]","['title_description', 'title_description', 'title_description']"
东莞市金瀚达科技有限公司,['50731'],[],title_description,1,0,[],,['5881'],[0.47569215297698975],['title_description']
东莞市金瀚达科技有限公司,['50731'],[],title_description,3,1,['50731'],3.0,"['5881', '60265', '50731']","[0.47569215297698975, 0.47521156072616577, 0.47458168864250183]","['title_description', 'title_description', 'title_description']"
中合益检测技术有限公司,['50731'],[],title_description,1,0,[],,['60265'],[0.5250722169876099],['title_description']
中合益检测技术有限公司,['50731'],[],title_description,3,1,['50731'],2.0,"['60265', '50731', '47242']","[0.5250722169876099, 0.48618972301483154, 0.4828334152698517]","['title_description', 'title_description', 'title_description']"
中商建投建设有限公司,['50731'],[],title_description,1,0,[],,['60265'],[0.5157269239425659],['title_description']
中商建投建设有限公司,['50731'],[],title_description,3,1,['50731'],2.0,"['60265', '50731', '28128']","[0.5157269239425659, 0.48872464895248413, 0.46511977910995483]","['title_description', 'title_description', 'title_description']"
中国信息协会,['50731'],[],title_description,1,0,[],,['60265'],[0.51454758644104],['title_description']
中国信息协会,['50731'],[],title_description,3,1,['50731'],3.0,"['60265', '60293', '50731']","[0.51454758644104, 0.4776732921600342, 0.47518521547317505]","['title_description', 'title_description', 'title_description']"
中国华冶科工集团有限公司,['50731'],[],title_description,1,0,[],,['60265'],[0.45869964361190796],['title_description']
中国华冶科工集团有限公司,['50731'],[],title_description,3,1,['50731'],2.0,"['60265', '50731', '47242']","[0.45869964361190796, 0.4350825548171997, 0.4235682487487793]","['title_description', 'title_description', 'title_description']"
中国广播电视社会组织联合会,['50731'],[],title_description,1,0,[],,['51275'],[0.43219465017318726],['title_description']
中国广播电视社会组织联合会,['50731'],[],title_description,3,0,[],,"['51275', '60293', '60265']","[0.43219465017318726, 0.38105714321136475, 0.3723071217536926]","['title_description', 'title_description', 'title_description']"
中电建新能源集团股份有限公司,['50731'],[],title_description,1,0,[],,['60265'],[0.481282114982605],['title_description']
中电建新能源集团股份有限公司,['50731'],[],title_description,3,1,['50731'],2.0,"['60265', '50731', '28128']","[0.481282114982605, 0.47418588399887085, 0.44911882281303406]","['title_description', 'title_description', 'title_description']"
中科华创国际工程设计顾问集团有限公司,['50731'],[],title_description,1,0,[],,['60265'],[0.48203903436660767],['title_description']
中科华创国际工程设计顾问集团有限公司,['50731'],[],title_description,3,1,['50731'],3.0,"['60265', '47242', '50731']","[0.48203903436660767, 0.4726725220680237, 0.4693622589111328]","['title_description', 'title_description', 'title_description']"
中运国际物流有限公司,['50731'],[],title_description,1,0,[],,['60265'],[0.4790523946285248],['title_description']
中运国际物流有限公司,['50731'],[],title_description,3,0,[],,"['60265', '47266', '47242']","[0.4790523946285248, 0.47745025157928467, 0.46557557582855225]","['title_description', 'title_description', 'title_description']"
临沧晨翔商贸有限公司,['50731'],[],title_description,1,0,[],,['28128'],[0.44521135091781616],['title_description']
临沧晨翔商贸有限公司,['50731'],[],title_description,3,0,[],,"['28128', '60265', '5359']","[0.44521135091781616, 0.43039214611053467, 0.42936205863952637]","['title_description', 'title_description', 'title_description']"
云南汇能科技有限公司,['50731'],[],title_description,1,0,[],,['60265'],[0.49538731575012207],['title_description']
云南汇能科技有限公司,['50731'],[],title_description,3,1,['50731'],2.0,"['60265', '50731', '28128']","[0.49538731575012207, 0.4826379418373108, 0.4721449017524719]","['title_description', 'title_description', 'title_description']"
余姚新希望金属制品有限公司,['50731'],[],title_description,1,1,['50731'],1.0,['50731'],[0.4213460683822632],['title_description']
余姚新希望金属制品有限公司,['50731'],[],title_description,3,1,['50731'],1.0,"['50731', '5359', '60265']","[0.4213460683822632, 0.3845181465148926, 0.3792722225189209]","['title_description', 'title_description', 'title_description']"
佛山市智饪科技有限公司,['50731'],[],title_description,1,0,[],,['47272'],[0.4713872969150543],['title_description']
佛山市智饪科技有限公司,['50731'],[],title_description,3,1,['50731'],3.0,"['47272', '5881', '50731']","[0.4713872969150543, 0.4683496057987213, 0.46727001667022705]","['title_description', 'title_description', 'title_description']"
信达财产保险股份有限公司,['50731'],[],title_description,1,0,[],,['60265'],[0.5226409435272217],['title_description']
信达财产保险股份有限公司,['50731'],[],title_description,3,0,[],,"['60265', '61111', '28128']","[0.5226409435272217, 0.48349255323410034, 0.4806472063064575]","['title_description', 'title_description', 'title_description']"
兴泰和商业集团有限公司,['50731'],[],title_description,1,0,[],,['60265'],[0.500449001789093],['title_description']
兴泰和商业集团有限公司,['50731'],[],title_description,3,1,['50731'],2.0,"['60265', '50731', '28128']","[0.500449001789093, 0.489940345287323, 0.4791090786457062]","['title_description', 'title_description', 'title_description']"
北京信合智汇科技有限公司,['50731'],[],title_description,1,0,[],,['60265'],[0.5795878171920776],['title_description']
北京信合智汇科技有限公司,['50731'],[],title_description,3,1,['50731'],3.0,"['60265', '47242', '50731']","[0.5795878171920776, 0.5405884981155396, 0.5311403870582581]","['title_description', 'title_description', 'title_description']"
北京国咨律师事务所,['50731'],[],title_description,1,0,[],,['51474'],[0.5632575154304504],['title_description']
北京国咨律师事务所,['50731'],[],title_description,3,0,[],,"['51474', '47242', '60265']","[0.5632575154304504, 0.46198412775993347, 0.4517456889152527]","['title_description', 'title_description', 'title_description']"
北京德恒乾坤医疗器械有限公司,['50731'],[],title_description,1,0,[],,['60265'],[0.4762395918369293],['title_description']
北京德恒乾坤医疗器械有限公司,['50731'],[],title_description,3,1,['50731'],3.0,"['60265', '47242', '50731']","[0.4762395918369293, 0.47563862800598145, 0.46386656165122986]","['title_description', 'title_description', 'title_description']"
北京控股集团有限公司,['50731'],[],title_description,1,0,[],,['47242'],[0.529352068901062],['title_description']
北京控股集团有限公司,['50731'],[],title_description,3,0,[],,"['47242', '47266', '60265']","[0.529352068901062, 0.4886026978492737, 0.4864175319671631]","['title_description', 'title_description', 'title_description']"
北京瑞科航科技有限公司,['50731'],[],title_description,1,0,[],,['47242'],[0.5441045165061951],['title_description']
北京瑞科航科技有限公司,['50731'],[],title_description,3,1,['50731'],3.0,"['47242', '60265', '50731']","[0.5441045165061951, 0.4954332113265991, 0.4653460681438446]","['title_description', 'title_description', 'title_description']"
北京璀璨星空文化发展有限公司,['50731'],[],title_description,1,0,[],,['60265'],[0.4629323184490204],['title_description']
北京璀璨星空文化发展有限公司,['50731'],[],title_description,3,1,['50731'],3.0,"['60265', '47242', '50731']","[0.4629323184490204, 0.4566442668437958, 0.4551008939743042]","['title_description', 'title_description', 'title_description']"
北海国发川山生物股份有限公司,['50731'],[],title_description,1,0,[],,['47272'],[0.4593743681907654],['title_description']
北海国发川山生物股份有限公司,['50731'],[],title_description,3,0,[],,"['47272', '60265', '47242']","[0.4593743681907654, 0.45139551162719727, 0.4430697560310364]","['title_description', 'title_description', 'title_description']"
华星动力(江苏)有限公司,['50731'],[],title_description,1,1,['50731'],1.0,['50731'],[0.4846365451812744],['title_description']
华星动力(江苏)有限公司,['50731'],[],title_description,3,1,['50731'],1.0,"['50731', '5881', '60265']","[0.4846365451812744, 0.47181642055511475, 0.46121054887771606]","['title_description', 'title_description', 'title_description']"
南京中科煜宸激光技术有限公司,['50731'],[],title_description,1,0,[],,['47242'],[0.47125232219696045],['title_description']
南京中科煜宸激光技术有限公司,['50731'],[],title_description,3,1,['50731'],2.0,"['47242', '50731', '60265']","[0.47125232219696045, 0.465834379196167, 0.4614313840866089]","['title_description', 'title_description', 'title_description']"
南京锦创科技股份有限公司,['50731'],[],title_description,1,1,['50731'],1.0,['50731'],[0.5273078680038452],['title_description']
南京锦创科技股份有限公司,['50731'],[],title_description,3,1,['50731'],1.0,"['50731', '47242', '60265']","[0.5273078680038452, 0.5237292051315308, 0.5213017463684082]","['title_description', 'title_description', 'title_description']"
南宁华美医疗美容医院,['50731'],[],title_description,1,0,[],,['47272'],[0.3914443850517273],['title_description']
南宁华美医疗美容医院,['50731'],[],title_description,3,0,[],,"['47272', '47242', '5917']","[0.3914443850517273, 0.38422900438308716, 0.36237847805023193]","['title_description', 'title_description', 'title_description']"
南方智算(深圳)科技有限公司,['50731'],[],title_description,1,1,['50731'],1.0,['50731'],[0.54166579246521],['title_description']
南方智算(深圳)科技有限公司,['50731'],[],title_description,3,1,['50731'],1.0,"['50731', '60265', '47242']","[0.54166579246521, 0.5359295606613159, 0.5323019623756409]","['title_description', 'title_description', 'title_description']"
厦门维发股份有限公司,['50731'],[],title_description,1,0,[],,['60265'],[0.47227317094802856],['title_description']
厦门维发股份有限公司,['50731'],[],title_description,3,1,['50731'],2.0,"['60265', '50731', '47242']","[0.47227317094802856, 0.4675295948982239, 0.4366943836212158]","['title_description', 'title_description', 'title_description']"
四川省中医药高等专科学校,['50731'],[],title_description,1,0,[],,['39537'],[0.4866359531879425],['title_description']
四川省中医药高等专科学校,['50731'],[],title_description,3,0,[],,"['39537', '52364', '51129']","[0.4866359531879425, 0.46023792028427124, 0.4504165053367615]","['title_description', 'title_description', 'title_description']"
四川蜀轩律师事务所,['50731'],[],title_description,1,0,[],,['51474'],[0.5070080161094666],['title_description']
四川蜀轩律师事务所,['50731'],[],title_description,3,0,[],,"['51474', '47272', '60265']","[0.5070080161094666, 0.44294190406799316, 0.438579797744751]","['title_description', 'title_description', 'title_description']"
四川鑫中佑科技有限公司,['50731'],[],title_description,1,1,['50731'],1.0,['50731'],[0.48601722717285156],['title_description']
四川鑫中佑科技有限公司,['50731'],[],title_description,3,1,['50731'],1.0,"['50731', '60265', '47272']","[0.48601722717285156, 0.48139336705207825, 0.47313499450683594]","['title_description', 'title_description', 'title_description']"
四川鑫鼎建筑工程有限公司,['50731'],[],title_description,1,0,[],,['60265'],[0.46137452125549316],['title_description']
四川鑫鼎建筑工程有限公司,['50731'],[],title_description,3,1,['50731'],2.0,"['60265', '50731', '47272']","[0.46137452125549316, 0.460405170917511, 0.43202459812164307]","['title_description', 'title_description', 'title_description']"
国能榆林化工有限公司,['50731'],[],title_description,1,0,[],,['60265'],[0.4498535096645355],['title_description']
国能榆林化工有限公司,['50731'],[],title_description,3,1,['50731'],3.0,"['60265', '47242', '50731']","[0.4498535096645355, 0.4316680431365967, 0.42906081676483154]","['title_description', 'title_description', 'title_description']"
奥飞娱乐股份有限公司,['50731'],[],title_description,1,1,['50731'],1.0,['50731'],[0.4567362666130066],['title_description']
奥飞娱乐股份有限公司,['50731'],[],title_description,3,1,['50731'],1.0,"['50731', '28128', '28126']","[0.4567362666130066, 0.4465499520301819, 0.4355599582195282]","['title_description', 'title_description', 'title_description']"
宁夏诺辰建筑工程有限公司,['50731'],[],title_description,1,1,['50731'],1.0,['50731'],[0.45322227478027344],['title_description']
宁夏诺辰建筑工程有限公司,['50731'],[],title_description,3,1,['50731'],1.0,"['50731', '60265', '28128']","[0.45322227478027344, 0.45054197311401367, 0.4367308020591736]","['title_description', 'title_description', 'title_description']"
宁波东海工业有限公司,['50731'],[],title_description,1,1,['50731'],1.0,['50731'],[0.4755946099758148],['title_description']
宁波东海工业有限公司,['50731'],[],title_description,3,1,['50731'],1.0,"['50731', '60265', '47242']","[0.4755946099758148, 0.46263882517814636, 0.4588834345340729]","['title_description', 'title_description', 'title_description']"
宁波卓维服饰有限公司,['50731'],[],title_description,1,1,['50731'],1.0,['50731'],[0.471713662147522],['title_description']
宁波卓维服饰有限公司,['50731'],[],title_description,3,1,['50731'],1.0,"['50731', '60265', '28128']","[0.471713662147522, 0.45499300956726074, 0.4454411268234253]","['title_description', 'title_description', 'title_description']"
安徽浩丰实业有限公司,['50731'],[],title_description,1,0,[],,['60265'],[0.4512189030647278],['title_description']
安徽浩丰实业有限公司,['50731'],[],title_description,3,1,['50731'],2.0,"['60265', '50731', '28128']","[0.4512189030647278, 0.44857102632522583, 0.44045761227607727]","['title_description', 'title_description', 'title_description']"
山东信安建设有限公司,['50731'],[],title_description,1,0,[],,['60265'],[0.4878369867801666],['title_description']
山东信安建设有限公司,['50731'],[],title_description,3,1,['50731'],2.0,"['60265', '50731', '28128']","[0.4878369867801666, 0.4589381814002991, 0.45028311014175415]","['title_description', 'title_description', 'title_description']"
山东科宇能源有限公司,['50731'],[],title_description,1,0,[],,['60265'],[0.44369250535964966],['title_description']
山东科宇能源有限公司,['50731'],[],title_description,3,1,['50731'],3.0,"['60265', '47242', '50731']","[0.44369250535964966, 0.4355638325214386, 0.4288427531719208]","['title_description', 'title_description', 'title_description']"
山东职业学院,['50731'],[],title_description,1,0,[],,['39537'],[0.5225127935409546],['title_description']
山东职业学院,['50731'],[],title_description,3,0,[],,"['39537', '52364', '4551']","[0.5225127935409546, 0.48830023407936096, 0.4854658842086792]","['title_description', 'title_description', 'title_description']"
山东金钻金属制品有限公司,['50731'],[],title_description,1,0,[],,['51590'],[0.444097638130188],['title_description']
山东金钻金属制品有限公司,['50731'],[],title_description,3,0,[],,"['51590', '28128', '5359']","[0.444097638130188, 0.4319683909416199, 0.42750346660614014]","['title_description', 'title_description', 'title_description']"
山西华源科创有限公司,['50731'],[],title_description,1,1,['50731'],1.0,['50731'],[0.4657256007194519],['title_description']
山西华源科创有限公司,['50731'],[],title_description,3,1,['50731'],1.0,"['50731', '60265', '47242']","[0.4657256007194519, 0.46468496322631836, 0.45660972595214844]","['title_description', 'title_description', 'title_description']"
广东中源农业发展有限公司,['50731'],[],title_description,1,0,[],,['60265'],[0.4385954737663269],['title_description']
广东中源农业发展有限公司,['50731'],[],title_description,3,1,['50731'],2.0,"['60265', '50731', '47272']","[0.4385954737663269, 0.43041545152664185, 0.4205997586250305]","['title_description', 'title_description', 'title_description']"
广东珠江电缆有限公司,['50731'],[],title_description,1,0,[],,['5881'],[0.431870698928833],['title_description']
广东珠江电缆有限公司,['50731'],[],title_description,3,1,['50731'],2.0,"['5881', '50731', '60265']","[0.431870698928833, 0.4245469570159912, 0.42071905732154846]","['title_description', 'title_description', 'title_description']"
广东省律师协会,['50731'],[],title_description,1,0,[],,['51474'],[0.516298770904541],['title_description']
广东省律师协会,['50731'],[],title_description,3,0,[],,"['51474', '60265', '47242']","[0.516298770904541, 0.4316568970680237, 0.4244951009750366]","['title_description', 'title_description', 'title_description']"
广东财贸职业学院,['50731'],[],title_description,1,0,[],,['39537'],[0.5207802057266235],['title_description']
广东财贸职业学院,['50731'],[],title_description,3,0,[],,"['39537', '52364', '60293']","[0.5207802057266235, 0.4852946996688843, 0.48012375831604004]","['title_description', 'title_description', 'title_description']"
广州众粤驰汽车服务有限公司,['50731'],[],title_description,1,0,[],,['47242'],[0.44160008430480957],['title_description']
广州众粤驰汽车服务有限公司,['50731'],[],title_description,3,0,[],,"['47242', '47190', '5819']","[0.44160008430480957, 0.4353019595146179, 0.431729257106781]","['title_description', 'title_description', 'title_description']"
广州华新商贸有限公司,['50731'],[],title_description,1,1,['50731'],1.0,['50731'],[0.460121214389801],['title_description']
广州华新商贸有限公司,['50731'],[],title_description,3,1,['50731'],1.0,"['50731', '47272', '60265']","[0.460121214389801, 0.437472939491272, 0.431160032749176]","['title_description', 'title_description', 'title_description']"
广州市广盛餐饮管理有限公司,['50731'],[],title_description,1,0,[],,['47272'],[0.49773991107940674],['title_description']
广州市广盛餐饮管理有限公司,['50731'],[],title_description,3,1,['50731'],3.0,"['47272', '47242', '50731']","[0.49773991107940674, 0.4233343005180359, 0.4128757119178772]","['title_description', 'title_description', 'title_description']"
广州粤合科技有限公司,['50731'],[],title_description,1,0,[],,['60265'],[0.5211601853370667],['title_description']
广州粤合科技有限公司,['50731'],[],title_description,3,1,['50731'],2.0,"['60265', '50731', '47242']","[0.5211601853370667, 0.5083515048027039, 0.5026966333389282]","['title_description', 'title_description', 'title_description']"
广西华晨科技有限公司,['50731'],[],title_description,1,1,['50731'],1.0,['50731'],[0.4785577058792114],['title_description']
广西华晨科技有限公司,['50731'],[],title_description,3,1,['50731'],1.0,"['50731', '47242', '60265']","[0.4785577058792114, 0.466305136680603, 0.461760938167572]","['title_description', 'title_description', 'title_description']"
广西协创机械有限公司,['50731'],[],title_description,1,1,['50731'],1.0,['50731'],[0.39811718463897705],['title_description']
广西协创机械有限公司,['50731'],[],title_description,3,1,['50731'],1.0,"['50731', '47242', '60265']","[0.39811718463897705, 0.3865649104118347, 0.3865317106246948]","['title_description', 'title_description', 'title_description']"
延安丰华建筑工程有限公司,['50731'],[],title_description,1,0,[],,['60265'],[0.4526704251766205],['title_description']
延安丰华建筑工程有限公司,['50731'],[],title_description,3,1,['50731'],2.0,"['60265', '50731', '28128']","[0.4526704251766205, 0.42526111006736755, 0.41042399406433105]","['title_description', 'title_description', 'title_description']"
张家港禾源机械科技有限公司,['50731'],[],title_description,1,0,[],,['5881'],[0.40597808361053467],['title_description']
张家港禾源机械科技有限公司,['50731'],[],title_description,3,0,[],,"['5881', '5359', '60265']","[0.40597808361053467, 0.3860061764717102, 0.3849813938140869]","['title_description', 'title_description', 'title_description']"
恒华数字科技集团有限公司,['50731'],[],title_description,1,0,[],,['60265'],[0.5118281841278076],['title_description']
恒华数字科技集团有限公司,['50731'],[],title_description,3,1,['50731'],2.0,"['60265', '50731', '28128']","[0.5118281841278076, 0.4920274615287781, 0.49088984727859497]","['title_description', 'title_description', 'title_description']"
成都市人力资源管理有限公司,['50731'],[],title_description,1,0,[],,['60265'],[0.5111461877822876],['title_description']
成都市人力资源管理有限公司,['50731'],[],title_description,3,1,['50731'],2.0,"['60265', '50731', '28128']","[0.5111461877822876, 0.48242998123168945, 0.45633113384246826]","['title_description', 'title_description', 'title_description']"
扬州汇裕达贸易有限公司,['50731'],[],title_description,1,0,[],,['60265'],[0.4144226312637329],['title_description']
扬州汇裕达贸易有限公司,['50731'],[],title_description,3,1,['50731'],3.0,"['60265', '5359', '50731']","[0.4144226312637329, 0.4077419638633728, 0.3944184184074402]","['title_description', 'title_description', 'title_description']"
文山星瑞农业发展有限公司,['50731'],[],title_description,1,1,['50731'],1.0,['50731'],[0.440701961517334],['title_description']
文山星瑞农业发展有限公司,['50731'],[],title_description,3,1,['50731'],1.0,"['50731', '60265', '28128']","[0.440701961517334, 0.4265592098236084, 0.42035865783691406]","['title_description', 'title_description', 'title_description']"
新疆恒睿建设工程有限公司,['50731'],[],title_description,1,1,['50731'],1.0,['50731'],[0.5043585300445557],['title_description']
新疆恒睿建设工程有限公司,['50731'],[],title_description,3,1,['50731'],1.0,"['50731', '28128', '60265']","[0.5043585300445557, 0.475350558757782, 0.4736904799938202]","['title_description', 'title_description', 'title_description']"
新达泵阀股份有限公司,['50731'],[],title_description,1,0,[],,['5881'],[0.465083509683609],['title_description']
新达泵阀股份有限公司,['50731'],[],title_description,3,1,['50731'],2.0,"['5881', '50731', '28128']","[0.465083509683609, 0.44973668456077576, 0.43717315793037415]","['title_description', 'title_description', 'title_description']"
无锡瑞进智能工程有限公司,['50731'],[],title_description,1,1,['50731'],1.0,['50731'],[0.49416080117225647],['title_description']
无锡瑞进智能工程有限公司,['50731'],[],title_description,3,1,['50731'],1.0,"['50731', '47242', '60265']","[0.49416080117225647, 0.4582098126411438, 0.4459855556488037]","['title_description', 'title_description', 'title_description']"
昆山浩兴电子科技有限公司,['50731'],[],title_description,1,0,[],,['47242'],[0.4908300042152405],['title_description']
昆山浩兴电子科技有限公司,['50731'],[],title_description,3,1,['50731'],2.0,"['47242', '50731', '60265']","[0.4908300042152405, 0.4898461401462555, 0.4747563302516937]","['title_description', 'title_description', 'title_description']"
昆明首康医院,['50731'],[],title_description,1,0,[],,['47242'],[0.41317835450172424],['title_description']
昆明首康医院,['50731'],[],title_description,3,0,[],,"['47242', '5671', '39537']","[0.41317835450172424, 0.3991647958755493, 0.3958480954170227]","['title_description', 'title_description', 'title_description']"
晋中帕乔利会计服务有限公司,['50731'],[],title_description,1,1,['50731'],1.0,['50731'],[0.4500731825828552],['title_description']
晋中帕乔利会计服务有限公司,['50731'],[],title_description,3,1,['50731'],1.0,"['50731', '60265', '28128']","[0.4500731825828552, 0.4476293921470642, 0.4360315501689911]","['title_description', 'title_description', 'title_description']"
杭州潇韵科技有限公司,['50731'],[],title_description,1,1,['50731'],1.0,['50731'],[0.5366276502609253],['title_description']
杭州潇韵科技有限公司,['50731'],[],title_description,3,1,['50731'],1.0,"['50731', '28128', '28126']","[0.5366276502609253, 0.5195629596710205, 0.514100193977356]","['title_description', 'title_description', 'title_description']"
柯拉思利工业科技(上海)有限公司,['50731'],[],title_description,1,0,[],,['5881'],[0.5478420257568359],['title_description']
柯拉思利工业科技(上海)有限公司,['50731'],[],title_description,3,1,['50731'],2.0,"['5881', '50731', '60265']","[0.5478420257568359, 0.4744032323360443, 0.4705010652542114]","['title_description', 'title_description', 'title_description']"
株洲盛辉科技有限公司,['50731'],[],title_description,1,1,['50731'],1.0,['50731'],[0.4769176244735718],['title_description']
株洲盛辉科技有限公司,['50731'],[],title_description,3,1,['50731'],1.0,"['50731', '60265', '28128']","[0.4769176244735718, 0.46739864349365234, 0.4555867910385132]","['title_description', 'title_description', 'title_description']"
江苏双沟酒业股份有限公司,['50731'],[],title_description,1,0,[],,['60265'],[0.3962967097759247],['title_description']
江苏双沟酒业股份有限公司,['50731'],[],title_description,3,1,['50731'],3.0,"['60265', '47272', '50731']","[0.3962967097759247, 0.3921213746070862, 0.38250184059143066]","['title_description', 'title_description', 'title_description']"
江苏帝华酒店有限公司,['50731'],[],title_description,1,0,[],,['5671'],[0.45233049988746643],['title_description']
江苏帝华酒店有限公司,['50731'],[],title_description,3,0,[],,"['5671', '50133', '47272']","[0.45233049988746643, 0.4497928023338318, 0.44874584674835205]","['title_description', 'title_description', 'title_description']"
江苏海兴化工有限公司,['50731'],[],title_description,1,1,['50731'],1.0,['50731'],[0.4646742641925812],['title_description']
江苏海兴化工有限公司,['50731'],[],title_description,3,1,['50731'],1.0,"['50731', '60265', '28128']","[0.4646742641925812, 0.4622175693511963, 0.4404293894767761]","['title_description', 'title_description', 'title_description']"
江苏盛惟智造科技有限公司,['50731'],[],title_description,1,1,['50731'],1.0,['50731'],[0.502440333366394],['title_description']
江苏盛惟智造科技有限公司,['50731'],[],title_description,3,1,['50731'],1.0,"['50731', '60265', '47242']","[0.502440333366394, 0.4820884168148041, 0.4703598618507385]","['title_description', 'title_description', 'title_description']"
江苏鑫达建设工程有限公司,['50731'],[],title_description,1,0,[],,['60265'],[0.47306472063064575],['title_description']
江苏鑫达建设工程有限公司,['50731'],[],title_description,3,1,['50731'],2.0,"['60265', '50731', '47242']","[0.47306472063064575, 0.45947620272636414, 0.44160401821136475]","['title_description', 'title_description', 'title_description']"
江西华创新材有限公司,['50731'],[],title_description,1,1,['50731'],1.0,['50731'],[0.5169346332550049],['title_description']
江西华创新材有限公司,['50731'],[],title_description,3,1,['50731'],1.0,"['50731', '60265', '28128']","[0.5169346332550049, 0.481681764125824, 0.4778789281845093]","['title_description', 'title_description', 'title_description']"
沈阳兴齐眼科医院,['50731'],[],title_description,1,0,[],,['47242'],[0.3978000283241272],['title_description']
沈阳兴齐眼科医院,['50731'],[],title_description,3,0,[],,"['47242', '5671', '39537']","[0.3978000283241272, 0.391041100025177, 0.3723475933074951]","['title_description', 'title_description', 'title_description']"
沈阳芯达科技有限公司,['50731'],[],title_description,1,0,[],,['60265'],[0.4805399775505066],['title_description']
沈阳芯达科技有限公司,['50731'],[],title_description,3,1,['50731'],3.0,"['60265', '47242', '50731']","[0.4805399775505066, 0.4623374342918396, 0.4571814239025116]","['title_description', 'title_description', 'title_description']"
沧州盛伟建筑工程有限公司,['50731'],[],title_description,1,0,[],,['60265'],[0.44536441564559937],['title_description']
沧州盛伟建筑工程有限公司,['50731'],[],title_description,3,1,['50731'],2.0,"['60265', '50731', '28128']","[0.44536441564559937, 0.4392271041870117, 0.42178305983543396]","['title_description', 'title_description', 'title_description']"
河北恒业建筑工程有限公司,['50731'],[],title_description,1,0,[],,['60265'],[0.4527685046195984],['title_description']
河北恒业建筑工程有限公司,['50731'],[],title_description,3,1,['50731'],3.0,"['60265', '28128', '50731']","[0.4527685046195984, 0.436056911945343, 0.43234729766845703]","['title_description', 'title_description', 'title_description']"
河南卓越实业有限公司,['50731'],[],title_description,1,0,[],,['28128'],[0.46264344453811646],['title_description']
河南卓越实业有限公司,['50731'],[],title_description,3,1,['50731'],3.0,"['28128', '60265', '50731']","[0.46264344453811646, 0.4590213894844055, 0.45763668417930603]","['title_description', 'title_description', 'title_description']"
河南新太行电源股份有限公司,['50731'],[],title_description,1,1,['50731'],1.0,['50731'],[0.4332025945186615],['title_description']
河南新太行电源股份有限公司,['50731'],[],title_description,3,1,['50731'],1.0,"['50731', '60265', '28128']","[0.4332025945186615, 0.4195895791053772, 0.4077005982398987]","['title_description', 'title_description', 'title_description']"
河南晟徽教育科技有限公司,['50731'],[],title_description,1,0,[],,['39537'],[0.4765309989452362],['title_description']
河南晟徽教育科技有限公司,['50731'],[],title_description,3,0,[],,"['39537', '5917', '5273']","[0.4765309989452362, 0.4719460606575012, 0.46941938996315]","['title_description', 'title_description', 'title_description']"
河南豫财汇农科技有限公司,['50731'],[],title_description,1,0,[],,['60265'],[0.48980239033699036],['title_description']
河南豫财汇农科技有限公司,['50731'],[],title_description,3,1,['50731'],2.0,"['60265', '50731', '28128']","[0.48980239033699036, 0.47818103432655334, 0.46735620498657227]","['title_description', 'title_description', 'title_description']"
济南清源环保科技有限公司,['50731'],[],title_description,1,1,['50731'],1.0,['50731'],[0.42897891998291016],['title_description']
济南清源环保科技有限公司,['50731'],[],title_description,3,1,['50731'],1.0,"['50731', '60265', '47242']","[0.42897891998291016, 0.428491473197937, 0.4229791760444641]","['title_description', 'title_description', 'title_description']"
济南青桔到家保洁服务有限公司,['50731'],[],title_description,1,0,[],,['5778'],[0.47624844312667847],['title_description']
济南青桔到家保洁服务有限公司,['50731'],[],title_description,3,1,['50731'],3.0,"['5778', '28128', '50731']","[0.47624844312667847, 0.4561896026134491, 0.44895339012145996]","['title_description', 'title_description', 'title_description']"
浙江万宏控股有限公司,['50731'],[],title_description,1,1,['50731'],1.0,['50731'],[0.5181407928466797],['title_description']
浙江万宏控股有限公司,['50731'],[],title_description,3,1,['50731'],1.0,"['50731', '28128', '60265']","[0.5181407928466797, 0.4925067722797394, 0.48979452252388]","['title_description', 'title_description', 'title_description']"
浙江业管家物业服务有限公司,['50731'],[],title_description,1,1,['50731'],1.0,['50731'],[0.49336543679237366],['title_description']
浙江业管家物业服务有限公司,['50731'],[],title_description,3,1,['50731'],1.0,"['50731', '28126', '28128']","[0.49336543679237366, 0.4781438708305359, 0.4775233864784241]","['title_description', 'title_description', 'title_description']"
浙江华瑞航空制造有限公司,['50731'],[],title_description,1,1,['50731'],1.0,['50731'],[0.4508726894855499],['title_description']
浙江华瑞航空制造有限公司,['50731'],[],title_description,3,1,['50731'],1.0,"['50731', '28128', '60265']","[0.4508726894855499, 0.44797056913375854, 0.4370307922363281]","['title_description', 'title_description', 'title_description']"
海南鑫奕实业有限公司,['50731'],[],title_description,1,1,['50731'],1.0,['50731'],[0.464682012796402],['title_description']
海南鑫奕实业有限公司,['50731'],[],title_description,3,1,['50731'],1.0,"['50731', '60265', '47272']","[0.464682012796402, 0.4455924928188324, 0.4449780583381653]","['title_description', 'title_description', 'title_description']"
海南锦益物业管理有限公司,['50731'],[],title_description,1,0,[],,['47272'],[0.3930846154689789],['title_description']
海南锦益物业管理有限公司,['50731'],[],title_description,3,0,[],,"['47272', '47242', '60265']","[0.3930846154689789, 0.3903428912162781, 0.3896830379962921]","['title_description', 'title_description', 'title_description']"
深圳前海微众银行股份有限公司电话,['50731'],[],title_description,1,0,[],,['61111'],[0.5685065984725952],['title_description']
深圳前海微众银行股份有限公司电话,['50731'],[],title_description,3,0,[],,"['61111', '47198', '60265']","[0.5685065984725952, 0.5498573780059814, 0.5409731864929199]","['title_description', 'title_description', 'title_description']"
深圳华鑫科技有限公司,['50731'],[],title_description,1,0,[],,['60265'],[0.5010642409324646],['title_description']
深圳华鑫科技有限公司,['50731'],[],title_description,3,1,['50731'],2.0,"['60265', '50731', '47242']","[0.5010642409324646, 0.49769675731658936, 0.4701159596443176]","['title_description', 'title_description', 'title_description']"
深圳南山浙里宴餐饮管理有限公司,['50731'],[],title_description,1,0,[],,['47272'],[0.5434122085571289],['title_description']
深圳南山浙里宴餐饮管理有限公司,['50731'],[],title_description,3,1,['50731'],2.0,"['47272', '50731', '47242']","[0.5434122085571289, 0.444501668214798, 0.44428735971450806]","['title_description', 'title_description', 'title_description']"
深圳市科元电气技术有限公司,['50731'],[],title_description,1,0,[],,['5881'],[0.45439600944519043],['title_description']
深圳市科元电气技术有限公司,['50731'],[],title_description,3,0,[],,"['5881', '47242', '60265']","[0.45439600944519043, 0.44233736395835876, 0.43699920177459717]","['title_description', 'title_description', 'title_description']"
湖北宜馨医养服务有限公司,['50731'],[],title_description,1,1,['50731'],1.0,['50731'],[0.4599943459033966],['title_description']
湖北宜馨医养服务有限公司,['50731'],[],title_description,3,1,['50731'],1.0,"['50731', '60265', '28128']","[0.4599943459033966, 0.42535194754600525, 0.41780808568000793]","['title_description', 'title_description', 'title_description']"
湖北恒惠建筑工程有限公司,['50731'],[],title_description,1,0,[],,['60265'],[0.46320322155952454],['title_description']
湖北恒惠建筑工程有限公司,['50731'],[],title_description,3,1,['50731'],2.0,"['60265', '50731', '47272']","[0.46320322155952454, 0.4531136751174927, 0.43510353565216064]","['title_description', 'title_description', 'title_description']"
湖北省科技工程技工学校,['50731'],[],title_description,1,0,[],,['39537'],[0.45201462507247925],['title_description']
湖北省科技工程技工学校,['50731'],[],title_description,3,0,[],,"['39537', '52364', '4551']","[0.45201462507247925, 0.43686243891716003, 0.42955857515335083]","['title_description', 'title_description', 'title_description']"
湖南尚上市政建设开发有限公司,['50731'],[],title_description,1,0,[],,['60265'],[0.4517132639884949],['title_description']
湖南尚上市政建设开发有限公司,['50731'],[],title_description,3,1,['50731'],2.0,"['60265', '50731', '47272']","[0.4517132639884949, 0.42353224754333496, 0.41966402530670166]","['title_description', 'title_description', 'title_description']"
湖南湘迪科技有限公司,['50731'],[],title_description,1,0,[],,['60265'],[0.5077175498008728],['title_description']
湖南湘迪科技有限公司,['50731'],[],title_description,3,1,['50731'],2.0,"['60265', '50731', '28128']","[0.5077175498008728, 0.5000581741333008, 0.4784252643585205]","['title_description', 'title_description', 'title_description']"
湖州嘉亨实业有限公司,['50731'],[],title_description,1,1,['50731'],1.0,['50731'],[0.4595091938972473],['title_description']
湖州嘉亨实业有限公司,['50731'],[],title_description,3,1,['50731'],1.0,"['50731', '47272', '28128']","[0.4595091938972473, 0.44528669118881226, 0.44364821910858154]","['title_description', 'title_description', 'title_description']"
湖州辉煌钢结构彩板工程有限公司,['50731'],[],title_description,1,0,[],,['5359'],[0.39977818727493286],['title_description']
湖州辉煌钢结构彩板工程有限公司,['50731'],[],title_description,3,1,['50731'],3.0,"['5359', '28128', '50731']","[0.39977818727493286, 0.39105141162872314, 0.3817603588104248]","['title_description', 'title_description', 'title_description']"
珠海珠玻电子材料有限公司,['50731'],[],title_description,1,1,['50731'],1.0,['50731'],[0.46659499406814575],['title_description']
珠海珠玻电子材料有限公司,['50731'],[],title_description,3,1,['50731'],1.0,"['50731', '60265', '47242']","[0.46659499406814575, 0.45243269205093384, 0.4513764977455139]","['title_description', 'title_description', 'title_description']"
甘肃朝华建设工程有限公司,['50731'],[],title_description,1,0,[],,['60265'],[0.44012701511383057],['title_description']
甘肃朝华建设工程有限公司,['50731'],[],title_description,3,1,['50731'],2.0,"['60265', '50731', '47242']","[0.44012701511383057, 0.42484936118125916, 0.42483794689178467]","['title_description', 'title_description', 'title_description']"
益而益集团有限公司,['50731'],[],title_description,1,0,[],,['60265'],[0.5421536564826965],['title_description']
益而益集团有限公司,['50731'],[],title_description,3,1,['50731'],2.0,"['60265', '50731', '28128']","[0.5421536564826965, 0.5214439034461975, 0.5064572095870972]","['title_description', 'title_description', 'title_description']"
盖州市归州镇海畔旅游服务部,['50731'],[],title_description,1,0,[],,['5671'],[0.41738957166671753],['title_description']
盖州市归州镇海畔旅游服务部,['50731'],[],title_description,3,0,[],,"['5671', '47272', '47242']","[0.41738957166671753, 0.3809012174606323, 0.3584181070327759]","['title_description', 'title_description', 'title_description']"
石家庄若翔商贸有限公司,['50731'],[],title_description,1,1,['50731'],1.0,['50731'],[0.42875176668167114],['title_description']
石家庄若翔商贸有限公司,['50731'],[],title_description,3,1,['50731'],1.0,"['50731', '28128', '60265']","[0.42875176668167114, 0.41801026463508606, 0.4165838360786438]","['title_description', 'title_description', 'title_description']"
福建恒天建设工程有限公司,['50731'],[],title_description,1,0,[],,['60265'],[0.4377892017364502],['title_description']
福建恒天建设工程有限公司,['50731'],[],title_description,3,1,['50731'],2.0,"['60265', '50731', '28128']","[0.4377892017364502, 0.4250560402870178, 0.4098278284072876]","['title_description', 'title_description', 'title_description']"
精效悬浮(苏州)科技有限公司官网,['50731'],[],title_description,1,0,[],,['28128'],[0.4415299892425537],['title_description']
精效悬浮(苏州)科技有限公司官网,['50731'],[],title_description,3,1,['50731'],2.0,"['28128', '50731', '5881']","[0.4415299892425537, 0.4323502779006958, 0.42659106850624084]","['title_description', 'title_description', 'title_description']"
苏州煜炘安科技有限公司,['50731'],[],title_description,1,0,[],,['60265'],[0.5051469206809998],['title_description']
苏州煜炘安科技有限公司,['50731'],[],title_description,3,1,['50731'],2.0,"['60265', '50731', '47242']","[0.5051469206809998, 0.500695526599884, 0.4844510853290558]","['title_description', 'title_description', 'title_description']"
苏美达股份有限公司简介,['50731'],[],title_description,1,0,[],,['60265'],[0.4784546494483948],['title_description']
苏美达股份有限公司简介,['50731'],[],title_description,3,1,['50731'],3.0,"['60265', '5881', '50731']","[0.4784546494483948, 0.46478375792503357, 0.4547483026981354]","['title_description', 'title_description', 'title_description']"
苏萨食品有限公司,['50731'],[],title_description,1,0,[],,['47272'],[0.4978928864002228],['title_description']
苏萨食品有限公司,['50731'],[],title_description,3,1,['50731'],3.0,"['47272', '60265', '50731']","[0.4978928864002228, 0.462950736284256, 0.45836085081100464]","['title_description', 'title_description', 'title_description']"
菏泽市巨丰新能源有限公司,['50731'],[],title_description,1,0,[],,['60265'],[0.4264599084854126],['title_description']
菏泽市巨丰新能源有限公司,['50731'],[],title_description,3,1,['50731'],3.0,"['60265', '28128', '50731']","[0.4264599084854126, 0.41959697008132935, 0.4113519787788391]","['title_description', 'title_description', 'title_description']"
萧县皖龙建安有限公司,['50731'],[],title_description,1,1,['50731'],1.0,['50731'],[0.4202529788017273],['title_description']
萧县皖龙建安有限公司,['50731'],[],title_description,3,1,['50731'],1.0,"['50731', '60265', '28126']","[0.4202529788017273, 0.4105750322341919, 0.4001724421977997]","['title_description', 'title_description', 'title_description']"
蜂网投资有限公司,['50731'],[],title_description,1,1,['50731'],1.0,['50731'],[0.5628114938735962],['title_description']
蜂网投资有限公司,['50731'],[],title_description,3,1,['50731'],1.0,"['50731', '60265', '47242']","[0.5628114938735962, 0.5614814162254333, 0.5425719022750854]","['title_description', 'title_description', 'title_description']"
西安尚达建筑工程有限公司,['50731'],[],title_description,1,0,[],,['60265'],[0.47268468141555786],['title_description']
西安尚达建筑工程有限公司,['50731'],[],title_description,3,1,['50731'],2.0,"['60265', '50731', '47242']","[0.47268468141555786, 0.4668003022670746, 0.45197010040283203]","['title_description', 'title_description', 'title_description']"
西昌华腾新材料制造有限公司,['50731'],[],title_description,1,1,['50731'],1.0,['50731'],[0.47426337003707886],['title_description']
西昌华腾新材料制造有限公司,['50731'],[],title_description,3,1,['50731'],1.0,"['50731', '60265', '28128']","[0.47426337003707886, 0.4482009708881378, 0.43441450595855713]","['title_description', 'title_description', 'title_description']"
贵州鑫盛实业发展有限公司,['50731'],[],title_description,1,1,['50731'],1.0,['50731'],[0.43620410561561584],['title_description']
贵州鑫盛实业发展有限公司,['50731'],[],title_description,3,1,['50731'],1.0,"['50731', '28128', '60265']","[0.43620410561561584, 0.4241212010383606, 0.42181578278541565]","['title_description', 'title_description', 'title_description']"
邯郸市林语物业服务有限公司,['50731'],[],title_description,1,0,[],,['28128'],[0.4316706657409668],['title_description']
邯郸市林语物业服务有限公司,['50731'],[],title_description,3,1,['50731'],2.0,"['28128', '50731', '28126']","[0.4316706657409668, 0.4294240474700928, 0.4239625334739685]","['title_description', 'title_description', 'title_description']"
重庆华赫科技有限公司,['50731'],[],title_description,1,1,['50731'],1.0,['50731'],[0.4964430630207062],['title_description']
重庆华赫科技有限公司,['50731'],[],title_description,3,1,['50731'],1.0,"['50731', '60265', '28128']","[0.4964430630207062, 0.49551236629486084, 0.46810221672058105]","['title_description', 'title_description', 'title_description']"
重庆欣时达生物技术有限公司,['50731'],[],title_description,1,1,['50731'],1.0,['50731'],[0.48639193177223206],['title_description']
重庆欣时达生物技术有限公司,['50731'],[],title_description,3,1,['50731'],1.0,"['50731', '60265', '28128']","[0.48639193177223206, 0.47053295373916626, 0.45332205295562744]","['title_description', 'title_description', 'title_description']"
鑫源汽车有限公司,['50731'],[],title_description,1,0,[],,['5271'],[0.47761982679367065],['title_description']
鑫源汽车有限公司,['50731'],[],title_description,3,1,['50731'],3.0,"['5271', '60265', '50731']","[0.47761982679367065, 0.47000640630722046, 0.46781766414642334]","['title_description', 'title_description', 'title_description']"
长春万联易达供应链有限公司,['50731'],[],title_description,1,0,[],,['60265'],[0.5055481195449829],['title_description']
长春万联易达供应链有限公司,['50731'],[],title_description,3,1,['50731'],2.0,"['60265', '50731', '28128']","[0.5055481195449829, 0.4794023633003235, 0.4620085656642914]","['title_description', 'title_description', 'title_description']"
阳江市嘉竑工贸有限公司,['50731'],[],title_description,1,0,[],,['5881'],[0.4168696403503418],['title_description']
阳江市嘉竑工贸有限公司,['50731'],[],title_description,3,1,['50731'],3.0,"['5881', '5359', '50731']","[0.4168696403503418, 0.38962462544441223, 0.3789536952972412]","['title_description', 'title_description', 'title_description']"
陕西鑫洋博诚科技有限公司,['50731'],[],title_description,1,0,[],,['60265'],[0.4813661277294159],['title_description']
陕西鑫洋博诚科技有限公司,['50731'],[],title_description,3,1,['50731'],2.0,"['60265', '50731', '47242']","[0.4813661277294159, 0.4745345115661621, 0.4677749574184418]","['title_description', 'title_description', 'title_description']"
陕西龙腾盛康农业发展有限责任公司,['50731'],[],title_description,1,0,[],,['47272'],[0.4129592180252075],['title_description']
陕西龙腾盛康农业发展有限责任公司,['50731'],[],title_description,3,0,[],,"['47272', '60265', '47242']","[0.4129592180252075, 0.4018869698047638, 0.40062642097473145]","['title_description', 'title_description', 'title_description']"
青岛吉若湉文化传媒有限公司,['50731'],[],title_description,1,1,['50731'],1.0,['50731'],[0.449028342962265],['title_description']
青岛吉若湉文化传媒有限公司,['50731'],[],title_description,3,1,['50731'],1.0,"['50731', '28128', '60265']","[0.449028342962265, 0.44408923387527466, 0.43507319688796997]","['title_description', 'title_description', 'title_description']"
青岛海源实业有限公司,['50731'],[],title_description,1,0,[],,['60265'],[0.45067083835601807],['title_description']
青岛海源实业有限公司,['50731'],[],title_description,3,1,['50731'],2.0,"['60265', '50731', '28128']","[0.45067083835601807, 0.443972110748291, 0.43622225522994995]","['title_description', 'title_description', 'title_description']"
马鞍山钢铁有限公司,['50731'],[],title_description,1,0,[],,['50926'],[0.4353371262550354],['title_description']
马鞍山钢铁有限公司,['50731'],[],title_description,3,0,[],,"['50926', '47242', '60265']","[0.4353371262550354, 0.4350639581680298, 0.42388916015625]","['title_description', 'title_description', 'title_description']"
黑龙江城鑫建筑工程有限公司,['50731'],[],title_description,1,0,[],,['60265'],[0.44952741265296936],['title_description']
黑龙江城鑫建筑工程有限公司,['50731'],[],title_description,3,1,['50731'],2.0,"['60265', '50731', '28128']","[0.44952741265296936, 0.42228755354881287, 0.4044014811515808]","['title_description', 'title_description', 'title_description']"
鼎科医疗技术(苏州)有限公司,['50731'],[],title_description,1,0,[],,['5881'],[0.47503334283828735],['title_description']
鼎科医疗技术(苏州)有限公司,['50731'],[],title_description,3,1,['50731'],3.0,"['5881', '60265', '50731']","[0.47503334283828735, 0.4585545063018799, 0.45106127858161926]","['title_description', 'title_description', 'title_description']"
齐鲁制药有限公司,['50731'],[],title_description,1,0,[],,['28128'],[0.44894444942474365],['title_description']
齐鲁制药有限公司,['50731'],[],title_description,3,1,['50731'],2.0,"['28128', '50731', '60265']","[0.44894444942474365, 0.44798439741134644, 0.4357501268386841]","['title_description', 'title_description', 'title_description']"
