query,gold_ids,missing_gold_ids,view,k,pass_at_k,hit_ids,first_hit_rank,recall_ids,recall_scores,recall_views
ai培训最厉害三个机构,['60293'],[],description,1,0,[],,['5917'],[0.5339434146881104],['description']
ai培训最厉害三个机构,['60293'],[],description,3,1,['60293'],3.0,"['5917', '5273', '60293']","[0.5339434146881104, 0.4720826745033264, 0.4667269289493561]","['description', 'description', 'description']"
ai智能培训,['60293'],[],description,1,1,['60293'],1.0,['60293'],[0.5346505641937256],['description']
ai智能培训,['60293'],[],description,3,1,['60293'],1.0,"['60293', '5917', '60977']","[0.5346505641937256, 0.4871606230735779, 0.47613659501075745]","['description', 'description', 'description']"
alevel课程,['60293'],[],description,1,1,['60293'],1.0,['60293'],[0.5500134229660034],['description']
alevel课程,['60293'],[],description,3,1,['60293'],1.0,"['60293', '5917', '85']","[0.5500134229660034, 0.5300326347351074, 0.47603562474250793]","['description', 'description', 'description']"
plc编程培训,['60293'],[],description,1,1,['60293'],1.0,['60293'],[0.4902522563934326],['description']
plc编程培训,['60293'],[],description,3,1,['60293'],1.0,"['60293', '5917', '47198']","[0.4902522563934326, 0.4466497600078583, 0.4063224792480469]","['description', 'description', 'description']"
一新驾校,['60293'],[],description,1,0,[],,['5917'],[0.4737737774848938],['description']
一新驾校,['60293'],[],description,3,1,['60293'],3.0,"['5917', '39537', '60293']","[0.4737737774848938, 0.4101105332374573, 0.40725743770599365]","['description', 'description', 'description']"
上sat培训机构,['60293'],[],description,1,0,[],,['5917'],[0.6111088395118713],['description']
上sat培训机构,['60293'],[],description,3,1,['60293'],3.0,"['5917', '5273', '60293']","[0.6111088395118713, 0.5295515060424805, 0.5121723413467407]","['description', 'description', 'description']"
东方时尚驾校,['60293'],[],description,1,0,[],,['5917'],[0.42043018341064453],['description']
东方时尚驾校,['60293'],[],description,3,1,['60293'],2.0,"['5917', '60293', '39537']","[0.42043018341064453, 0.41815823316574097, 0.40086686611175537]","['description', 'description', 'description']"
中山初三复读学校推荐,['60293'],[],description,1,0,[],,['39537'],[0.4334339499473572],['description']
中山初三复读学校推荐,['60293'],[],description,3,0,[],,"['39537', '5917', '47198']","[0.4334339499473572, 0.41382408142089844, 0.3946295976638794]","['description', 'description', 'description']"
中山区小学生暑期素描美术培训班地址,['60293'],[],description,1,0,[],,['39537'],[0.3578171133995056],['description']
中山区小学生暑期素描美术培训班地址,['60293'],[],description,3,0,[],,"['39537', '5917', '47198']","[0.3578171133995056, 0.3462548851966858, 0.3345975875854492]","['description', 'description', 'description']"
丹棱有哪些驾校,['60293'],[],description,1,0,[],,['39537'],[0.4531673192977905],['description']
丹棱有哪些驾校,['60293'],[],description,3,0,[],,"['39537', '47198', '5917']","[0.4531673192977905, 0.4439380466938019, 0.4368414580821991]","['description', 'description', 'description']"
五年级训练,['60293'],[],description,1,0,[],,['51381'],[0.5586116909980774],['description']
五年级训练,['60293'],[],description,3,0,[],,"['51381', '51388', '51382']","[0.5586116909980774, 0.557745099067688, 0.5240097045898438]","['description', 'description', 'description']"
低压电工证,['60293'],[],description,1,1,['60293'],1.0,['60293'],[0.514163613319397],['description']
低压电工证,['60293'],[],description,3,1,['60293'],1.0,"['60293', '5778', '60338']","[0.514163613319397, 0.405762255191803, 0.3997299373149872]","['description', 'description', 'description']"
做面食在哪里培训好,['60293'],[],description,1,0,[],,['47198'],[0.477946937084198],['description']
做面食在哪里培训好,['60293'],[],description,3,1,['60293'],2.0,"['47198', '60293', '5917']","[0.477946937084198, 0.4713047444820404, 0.46731430292129517]","['description', 'description', 'description']"
儿童语言训练,['60293'],[],description,1,0,[],,['51381'],[0.45301151275634766],['description']
儿童语言训练,['60293'],[],description,3,0,[],,"['51381', '5917', '51386']","[0.45301151275634766, 0.4393761157989502, 0.4303327798843384]","['description', 'description', 'description']"
全国教师资格证,['60293'],[],description,1,1,['60293'],1.0,['60293'],[0.59952712059021],['description']
全国教师资格证,['60293'],[],description,3,1,['60293'],1.0,"['60293', '5273', '4551']","[0.59952712059021, 0.488672137260437, 0.4694823920726776]","['description', 'description', 'description']"
兰州留学机构有哪些,['60293'],[],description,1,0,[],,['5917'],[0.6070762872695923],['description']
兰州留学机构有哪些,['60293'],[],description,3,0,[],,"['5917', '39537', '52364']","[0.6070762872695923, 0.5295122861862183, 0.5049556493759155]","['description', 'description', 'description']"
初三复读学校有哪些,['60293'],[],description,1,0,[],,['39537'],[0.5397526025772095],['description']
初三复读学校有哪些,['60293'],[],description,3,0,[],,"['39537', '52364', '5917']","[0.5397526025772095, 0.48733752965927124, 0.4864284098148346]","['description', 'description', 'description']"
初中生补课机构哪个好,['60293'],[],description,1,0,[],,['5917'],[0.5136977434158325],['description']
初中生补课机构哪个好,['60293'],[],description,3,1,['60293'],3.0,"['5917', '5273', '60293']","[0.5136977434158325, 0.5132867097854614, 0.46332865953445435]","['description', 'description', 'description']"
初学画画,['60293'],[],description,1,0,[],,['51382'],[0.4357672333717346],['description']
初学画画,['60293'],[],description,3,0,[],,"['51382', '51388', '51381']","[0.4357672333717346, 0.4354173243045807, 0.42874032258987427]","['description', 'description', 'description']"
剪辑培训,['60293'],[],description,1,1,['60293'],1.0,['60293'],[0.4531933665275574],['description']
剪辑培训,['60293'],[],description,3,1,['60293'],1.0,"['60293', '52524', '5273']","[0.4531933665275574, 0.3995981812477112, 0.39577844738960266]","['description', 'description', 'description']"
北大研修班,['60293'],[],description,1,1,['60293'],1.0,['60293'],[0.4748358726501465],['description']
北大研修班,['60293'],[],description,3,1,['60293'],1.0,"['60293', '39537', '5273']","[0.4748358726501465, 0.472231924533844, 0.4708064794540405]","['description', 'description', 'description']"
医学考研辅导班,['60293'],[],description,1,1,['60293'],1.0,['60293'],[0.4540684223175049],['description']
医学考研辅导班,['60293'],[],description,3,1,['60293'],1.0,"['60293', '5273', '39537']","[0.4540684223175049, 0.3923550248146057, 0.38179412484169006]","['description', 'description', 'description']"
单招培训机构,['60293'],[],description,1,0,[],,['39537'],[0.5202909708023071],['description']
单招培训机构,['60293'],[],description,3,0,[],,"['39537', '5917', '5273']","[0.5202909708023071, 0.5013463497161865, 0.49896126985549927]","['description', 'description', 'description']"
南京驾校,['60293'],[],description,1,0,[],,['5917'],[0.5287449359893799],['description']
南京驾校,['60293'],[],description,3,0,[],,"['5917', '47198', '39537']","[0.5287449359893799, 0.4845852553844452, 0.48289167881011963]","['description', 'description', 'description']"
南京高中暑假英语集训班,['60293'],[],description,1,0,[],,['5917'],[0.4535669684410095],['description']
南京高中暑假英语集训班,['60293'],[],description,3,0,[],,"['5917', '62172', '85']","[0.4535669684410095, 0.3705930709838867, 0.3704288899898529]","['description', 'description', 'description']"
合肥皖建职业培训学校,['60293'],[],description,1,1,['60293'],1.0,['60293'],[0.4915744662284851],['description']
合肥皖建职业培训学校,['60293'],[],description,3,1,['60293'],1.0,"['60293', '39537', '5917']","[0.4915744662284851, 0.47444623708724976, 0.4604625701904297]","['description', 'description', 'description']"
吴忠附近有哪些驾校比较好,['60293'],[],description,1,0,[],,['5917'],[0.5045194625854492],['description']
吴忠附近有哪些驾校比较好,['60293'],[],description,3,0,[],,"['5917', '47198', '39537']","[0.5045194625854492, 0.478654146194458, 0.4604843258857727]","['description', 'description', 'description']"
哪里化妆学校好,['60293'],[],description,1,0,[],,['39537'],[0.5396736264228821],['description']
哪里化妆学校好,['60293'],[],description,3,0,[],,"['39537', '5917', '52364']","[0.5396736264228821, 0.48445865511894226, 0.449868768453598]","['description', 'description', 'description']"
哪里有学小吃技术,['60293'],[],description,1,0,[],,['39537'],[0.45968759059906006],['description']
哪里有学小吃技术,['60293'],[],description,3,0,[],,"['39537', '47198', '47272']","[0.45968759059906006, 0.44726669788360596, 0.43466874957084656]","['description', 'description', 'description']"
哪里有考电工证,['60293'],[],description,1,1,['60293'],1.0,['60293'],[0.5506736636161804],['description']
哪里有考电工证,['60293'],[],description,3,1,['60293'],1.0,"['60293', '47198', '39537']","[0.5506736636161804, 0.4828207492828369, 0.46015483140945435]","['description', 'description', 'description']"
地理生物哪家机构好,['60293'],[],description,1,0,[],,['5917'],[0.562436580657959],['description']
地理生物哪家机构好,['60293'],[],description,3,0,[],,"['5917', '39537', '52364']","[0.562436580657959, 0.5277308225631714, 0.5082414746284485]","['description', 'description', 'description']"
大兴区有做油画丙烯画培训的提高机构吗,['60293'],[],description,1,0,[],,['5917'],[0.4399923086166382],['description']
大兴区有做油画丙烯画培训的提高机构吗,['60293'],[],description,3,0,[],,"['5917', '39537', '5273']","[0.4399923086166382, 0.39020246267318726, 0.3795706629753113]","['description', 'description', 'description']"
天津新东方学校地址在哪里,['60293'],[],description,1,0,[],,['5917'],[0.5811842679977417],['description']
天津新东方学校地址在哪里,['60293'],[],description,3,0,[],,"['5917', '39537', '47198']","[0.5811842679977417, 0.49916937947273254, 0.47210144996643066]","['description', 'description', 'description']"
天津水饺培训,['60293'],[],description,1,0,[],,['5917'],[0.31019383668899536],['description']
天津水饺培训,['60293'],[],description,3,0,[],,"['5917', '60872', '47272']","[0.31019383668899536, 0.2794082760810852, 0.2763250768184662]","['description', 'description', 'description']"
太原中考复读学校推荐,['60293'],[],description,1,0,[],,['39537'],[0.4312015473842621],['description']
太原中考复读学校推荐,['60293'],[],description,3,0,[],,"['39537', '52364', '5917']","[0.4312015473842621, 0.4047915041446686, 0.3930460810661316]","['description', 'description', 'description']"
太原优路教育培训机构,['60293'],[],description,1,0,[],,['5917'],[0.5034974813461304],['description']
太原优路教育培训机构,['60293'],[],description,3,1,['60293'],2.0,"['5917', '60293', '39537']","[0.5034974813461304, 0.477255254983902, 0.471504807472229]","['description', 'description', 'description']"
奥林,['60293'],[],description,1,0,[],,['51377'],[0.4910227358341217],['description']
奥林,['60293'],[],description,3,0,[],,"['51377', '51323', '51388']","[0.4910227358341217, 0.47000306844711304, 0.46473026275634766]","['description', 'description', 'description']"
学会计,['60293'],[],description,1,1,['60293'],1.0,['60293'],[0.5565769076347351],['description']
学会计,['60293'],[],description,3,1,['60293'],1.0,"['60293', '267', '51323']","[0.5565769076347351, 0.5361460447311401, 0.5356202125549316]","['description', 'description', 'description']"
学大教育,['60293'],[],description,1,0,[],,['5917'],[0.5934349894523621],['description']
学大教育,['60293'],[],description,3,1,['60293'],3.0,"['5917', '5273', '60293']","[0.5934349894523621, 0.5877957344055176, 0.5700119733810425]","['description', 'description', 'description']"
学汽修技术去哪里学比较好,['60293'],[],description,1,0,[],,['39537'],[0.45165908336639404],['description']
学汽修技术去哪里学比较好,['60293'],[],description,3,0,[],,"['39537', '50574', '5819']","[0.45165908336639404, 0.434431254863739, 0.42869675159454346]","['description', 'description', 'description']"
学编程,['60293'],[],description,1,1,['60293'],1.0,['60293'],[0.5437564849853516],['description']
学编程,['60293'],[],description,3,1,['60293'],1.0,"['60293', '51388', '51381']","[0.5437564849853516, 0.4926784038543701, 0.4886823296546936]","['description', 'description', 'description']"
学英语,['60293'],[],description,1,0,[],,['85'],[0.6531152129173279],['description']
学英语,['60293'],[],description,3,0,[],,"['85', '62172', '50143']","[0.6531152129173279, 0.6303015351295471, 0.6238846778869629]","['description', 'description', 'description']"
小吃培训,['60293'],[],description,1,1,['60293'],1.0,['60293'],[0.4467204809188843],['description']
小吃培训,['60293'],[],description,3,1,['60293'],1.0,"['60293', '47272', '5917']","[0.4467204809188843, 0.4161854088306427, 0.41045549511909485]","['description', 'description', 'description']"
少儿教育,['60293'],[],description,1,0,[],,['5273'],[0.5126559138298035],['description']
少儿教育,['60293'],[],description,3,0,[],,"['5273', '51381', '52524']","[0.5126559138298035, 0.48572343587875366, 0.46556615829467773]","['description', 'description', 'description']"
山东骏大职业培训学校,['60293'],[],description,1,0,[],,['39537'],[0.5240647792816162],['description']
山东骏大职业培训学校,['60293'],[],description,3,1,['60293'],2.0,"['39537', '60293', '5917']","[0.5240647792816162, 0.4986461400985718, 0.4886358976364136]","['description', 'description', 'description']"
幼儿托管班,['60293'],[],description,1,0,[],,['5273'],[0.41319942474365234],['description']
幼儿托管班,['60293'],[],description,3,0,[],,"['5273', '5917', '47198']","[0.41319942474365234, 0.39213019609451294, 0.38343745470046997]","['description', 'description', 'description']"
广东番禺南方电网培训机构地址,['60293'],[],description,1,0,[],,['5917'],[0.4817420542240143],['description']
广东番禺南方电网培训机构地址,['60293'],[],description,3,0,[],,"['5917', '39537', '47198']","[0.4817420542240143, 0.4750320315361023, 0.47012659907341003]","['description', 'description', 'description']"
广顺通驾校,['60293'],[],description,1,0,[],,['5917'],[0.48283523321151733],['description']
广顺通驾校,['60293'],[],description,3,1,['60293'],3.0,"['5917', '39537', '60293']","[0.48283523321151733, 0.4707963466644287, 0.43928682804107666]","['description', 'description', 'description']"
建模培训,['60293'],[],description,1,1,['60293'],1.0,['60293'],[0.5334744453430176],['description']
建模培训,['60293'],[],description,3,1,['60293'],1.0,"['60293', '5917', '5273']","[0.5334744453430176, 0.48662614822387695, 0.4523734450340271]","['description', 'description', 'description']"
徐州新东方教育培训机构,['60293'],[],description,1,0,[],,['5917'],[0.5264109969139099],['description']
徐州新东方教育培训机构,['60293'],[],description,3,0,[],,"['5917', '5273', '39537']","[0.5264109969139099, 0.47321179509162903, 0.4428118169307709]","['description', 'description', 'description']"
心理咨询师培训,['60293'],[],description,1,1,['60293'],1.0,['60293'],[0.5061149597167969],['description']
心理咨询师培训,['60293'],[],description,3,1,['60293'],1.0,"['60293', '51474', '5917']","[0.5061149597167969, 0.44513922929763794, 0.4171205163002014]","['description', 'description', 'description']"
成都复读学校哪家好,['60293'],[],description,1,0,[],,['39537'],[0.4978010654449463],['description']
成都复读学校哪家好,['60293'],[],description,3,0,[],,"['39537', '52364', '5917']","[0.4978010654449463, 0.4727267920970917, 0.44142401218414307]","['description', 'description', 'description']"
战狼夏令营,['60293'],[],description,1,0,[],,['5671'],[0.2798011004924774],['description']
战狼夏令营,['60293'],[],description,3,0,[],,"['5671', '267', '5550']","[0.2798011004924774, 0.2684856951236725, 0.2680782079696655]","['description', 'description', 'description']"
打烧饼去哪里学,['60293'],[],description,1,0,[],,['47198'],[0.42702382802963257],['description']
打烧饼去哪里学,['60293'],[],description,3,1,['60293'],3.0,"['47198', '39537', '60293']","[0.42702382802963257, 0.39169275760650635, 0.3660157322883606]","['description', 'description', 'description']"
执业药师培训,['60293'],[],description,1,1,['60293'],1.0,['60293'],[0.5602157115936279],['description']
执业药师培训,['60293'],[],description,3,1,['60293'],1.0,"['60293', '5917', '51388']","[0.5602157115936279, 0.42243438959121704, 0.3976132273674011]","['description', 'description', 'description']"
护理培训机构有哪些,['60293'],[],description,1,0,[],,['5917'],[0.5619591474533081],['description']
护理培训机构有哪些,['60293'],[],description,3,1,['60293'],2.0,"['5917', '60293', '5273']","[0.5619591474533081, 0.5500141978263855, 0.538243293762207]","['description', 'description', 'description']"
教师资格证,['60293'],[],description,1,1,['60293'],1.0,['60293'],[0.6721268892288208],['description']
教师资格证,['60293'],[],description,3,1,['60293'],1.0,"['60293', '5273', '5917']","[0.6721268892288208, 0.5449453592300415, 0.5082004070281982]","['description', 'description', 'description']"
教育培训机构有哪些,['60293'],[],description,1,0,[],,['5273'],[0.6473569869995117],['description']
教育培训机构有哪些,['60293'],[],description,3,1,['60293'],3.0,"['5273', '5917', '60293']","[0.6473569869995117, 0.6240260004997253, 0.5785901546478271]","['description', 'description', 'description']"
数学思维训练,['60293'],[],description,1,0,[],,['51044'],[0.4770149290561676],['description']
数学思维训练,['60293'],[],description,3,0,[],,"['51044', '51323', '51388']","[0.4770149290561676, 0.4151343107223511, 0.40329426527023315]","['description', 'description', 'description']"
数控编程培训,['60293'],[],description,1,1,['60293'],1.0,['60293'],[0.45295026898384094],['description']
数控编程培训,['60293'],[],description,3,1,['60293'],1.0,"['60293', '5917', '5273']","[0.45295026898384094, 0.40908458828926086, 0.3980349898338318]","['description', 'description', 'description']"
新东方培训机构,['60293'],[],description,1,0,[],,['5917'],[0.6727936267852783],['description']
新东方培训机构,['60293'],[],description,3,0,[],,"['5917', '5273', '39537']","[0.6727936267852783, 0.5604274272918701, 0.5338306427001953]","['description', 'description', 'description']"
新东方有考编课程吗,['60293'],[],description,1,1,['60293'],1.0,['60293'],[0.5725444555282593],['description']
新东方有考编课程吗,['60293'],[],description,3,1,['60293'],1.0,"['60293', '5917', '5273']","[0.5725444555282593, 0.539199948310852, 0.4681401252746582]","['description', 'description', 'description']"
新东方校区地址,['60293'],[],description,1,0,[],,['5917'],[0.6698288917541504],['description']
新东方校区地址,['60293'],[],description,3,0,[],,"['5917', '39537', '47198']","[0.6698288917541504, 0.5791725516319275, 0.5567886829376221]","['description', 'description', 'description']"
新华学校,['60293'],[],description,1,0,[],,['39537'],[0.5871078968048096],['description']
新华学校,['60293'],[],description,3,0,[],,"['39537', '5917', '5273']","[0.5871078968048096, 0.5376394987106323, 0.5198225975036621]","['description', 'description', 'description']"
无锡优路教育培训机构地址在哪里,['60293'],[],description,1,0,[],,['5917'],[0.5606703758239746],['description']
无锡优路教育培训机构地址在哪里,['60293'],[],description,3,0,[],,"['5917', '39537', '47198']","[0.5606703758239746, 0.5076130032539368, 0.49580854177474976]","['description', 'description', 'description']"
无锡市新吴区人工智能培训机构,['60293'],[],description,1,0,[],,['5917'],[0.47347015142440796],['description']
无锡市新吴区人工智能培训机构,['60293'],[],description,3,0,[],,"['5917', '39537', '5273']","[0.47347015142440796, 0.4366709291934967, 0.42218881845474243]","['description', 'description', 'description']"
暑期夏令营,['60293'],[],description,1,0,[],,['5671'],[0.4121442437171936],['description']
暑期夏令营,['60293'],[],description,3,0,[],,"['5671', '39537', '5601']","[0.4121442437171936, 0.409719318151474, 0.4049023389816284]","['description', 'description', 'description']"
曲靖平面设计培训班,['60293'],[],description,1,1,['60293'],1.0,['60293'],[0.42917007207870483],['description']
曲靖平面设计培训班,['60293'],[],description,3,1,['60293'],1.0,"['60293', '5917', '39537']","[0.42917007207870483, 0.42334988713264465, 0.40163367986679077]","['description', 'description', 'description']"
本溪市驾校,['60293'],[],description,1,0,[],,['5917'],[0.41680118441581726],['description']
本溪市驾校,['60293'],[],description,3,0,[],,"['5917', '39537', '60874']","[0.41680118441581726, 0.4004100561141968, 0.38389477133750916]","['description', 'description', 'description']"
株洲摩托车驾校在哪,['60293'],[],description,1,0,[],,['5917'],[0.44102513790130615],['description']
株洲摩托车驾校在哪,['60293'],[],description,3,0,[],,"['5917', '39537', '47198']","[0.44102513790130615, 0.43816620111465454, 0.399091899394989]","['description', 'description', 'description']"
武汉普思教育培训学校,['60293'],[],description,1,0,[],,['39537'],[0.5125956535339355],['description']
武汉普思教育培训学校,['60293'],[],description,3,1,['60293'],3.0,"['39537', '5917', '60293']","[0.5125956535339355, 0.502301037311554, 0.48036837577819824]","['description', 'description', 'description']"
江安县叉车培训机构,['60293'],[],description,1,0,[],,['5917'],[0.37170252203941345],['description']
江安县叉车培训机构,['60293'],[],description,3,1,['60293'],2.0,"['5917', '60293', '5273']","[0.37170252203941345, 0.35907942056655884, 0.3461608290672302]","['description', 'description', 'description']"
注册安全师,['60293'],[],description,1,1,['60293'],1.0,['60293'],[0.5418756008148193],['description']
注册安全师,['60293'],[],description,3,1,['60293'],1.0,"['60293', '51474', '51457']","[0.5418756008148193, 0.44863784313201904, 0.4184495806694031]","['description', 'description', 'description']"
洛阳考研辅导机构哪家好,['60293'],[],description,1,0,[],,['5917'],[0.5056837797164917],['description']
洛阳考研辅导机构哪家好,['60293'],[],description,3,0,[],,"['5917', '39537', '52364']","[0.5056837797164917, 0.4714924395084381, 0.45817965269088745]","['description', 'description', 'description']"
济南乐艺画室,['60293'],[],description,1,0,[],,['39537'],[0.39531826972961426],['description']
济南乐艺画室,['60293'],[],description,3,0,[],,"['39537', '5917', '5273']","[0.39531826972961426, 0.37414926290512085, 0.3425805866718292]","['description', 'description', 'description']"
济南新东方培训学校,['60293'],[],description,1,0,[],,['5917'],[0.581815242767334],['description']
济南新东方培训学校,['60293'],[],description,3,0,[],,"['5917', '39537', '5273']","[0.581815242767334, 0.502400815486908, 0.4745166301727295]","['description', 'description', 'description']"
济南考研机构招数学专业老师,['60293'],[],description,1,0,[],,['39537'],[0.46917998790740967],['description']
济南考研机构招数学专业老师,['60293'],[],description,3,0,[],,"['39537', '5273', '5917']","[0.46917998790740967, 0.4582265019416809, 0.42527949810028076]","['description', 'description', 'description']"
消防设施操作员培训,['60293'],[],description,1,1,['60293'],1.0,['60293'],[0.4506682753562927],['description']
消防设施操作员培训,['60293'],[],description,3,1,['60293'],1.0,"['60293', '5917', '39537']","[0.4506682753562927, 0.3655666708946228, 0.3489697575569153]","['description', 'description', 'description']"
深圳哪里有学习ai使用的地方,['60293'],[],description,1,0,[],,['47198'],[0.4796419143676758],['description']
深圳哪里有学习ai使用的地方,['60293'],[],description,3,0,[],,"['47198', '5917', '39537']","[0.4796419143676758, 0.4639143645763397, 0.46325427293777466]","['description', 'description', 'description']"
溧水数控车床培训,['60293'],[],description,1,1,['60293'],1.0,['60293'],[0.3888973593711853],['description']
溧水数控车床培训,['60293'],[],description,3,1,['60293'],1.0,"['60293', '5917', '5273']","[0.3888973593711853, 0.3842766284942627, 0.37736746668815613]","['description', 'description', 'description']"
焊工培训学校哪里好,['60293'],[],description,1,0,[],,['39537'],[0.5059686899185181],['description']
焊工培训学校哪里好,['60293'],[],description,3,1,['60293'],2.0,"['39537', '60293', '5917']","[0.5059686899185181, 0.46739745140075684, 0.46552157402038574]","['description', 'description', 'description']"
焊工操作证,['60293'],[],description,1,1,['60293'],1.0,['60293'],[0.5026007890701294],['description']
焊工操作证,['60293'],[],description,3,1,['60293'],1.0,"['60293', '267', '51712']","[0.5026007890701294, 0.421286940574646, 0.40918970108032227]","['description', 'description', 'description']"
现在留学去哪个国家好,['60293'],[],description,1,0,[],,['5917'],[0.5277827978134155],['description']
现在留学去哪个国家好,['60293'],[],description,3,0,[],,"['5917', '39537', '52364']","[0.5277827978134155, 0.49458009004592896, 0.4873163104057312]","['description', 'description', 'description']"
生煎包哪里学的正宗,['60293'],[],description,1,0,[],,['39537'],[0.3499019145965576],['description']
生煎包哪里学的正宗,['60293'],[],description,3,0,[],,"['39537', '47198', '5917']","[0.3499019145965576, 0.3434922695159912, 0.34210342168807983]","['description', 'description', 'description']"
电工培训,['60293'],[],description,1,1,['60293'],1.0,['60293'],[0.511343777179718],['description']
电工培训,['60293'],[],description,3,1,['60293'],1.0,"['60293', '5917', '5273']","[0.511343777179718, 0.4216381311416626, 0.4035074710845947]","['description', 'description', 'description']"
电脑培训学校,['60293'],[],description,1,0,[],,['39537'],[0.4620107412338257],['description']
电脑培训学校,['60293'],[],description,3,1,['60293'],3.0,"['39537', '5917', '60293']","[0.4620107412338257, 0.4534546434879303, 0.4325419068336487]","['description', 'description', 'description']"
留学 咨询,['60293'],[],description,1,0,[],,['5917'],[0.6070336103439331],['description']
留学 咨询,['60293'],[],description,3,1,['60293'],2.0,"['5917', '60293', '39537']","[0.6070336103439331, 0.5979433059692383, 0.5620084404945374]","['description', 'description', 'description']"
番禺市桥英语成人培训班地址,['60293'],[],description,1,0,[],,['5917'],[0.485148161649704],['description']
番禺市桥英语成人培训班地址,['60293'],[],description,3,1,['60293'],3.0,"['5917', '47198', '60293']","[0.485148161649704, 0.42065972089767456, 0.3960626423358917]","['description', 'description', 'description']"
盐城江消消防培训学校地址在哪里,['60293'],[],description,1,0,[],,['39537'],[0.45601969957351685],['description']
盐城江消消防培训学校地址在哪里,['60293'],[],description,3,1,['60293'],3.0,"['39537', '5917', '60293']","[0.45601969957351685, 0.448585569858551, 0.4002440273761749]","['description', 'description', 'description']"
短视频运营,['60293'],[],description,1,0,[],,['60977'],[0.4334823787212372],['description']
短视频运营,['60293'],[],description,3,0,[],,"['60977', '5778', '47272']","[0.4334823787212372, 0.40964433550834656, 0.4024026691913605]","['description', 'description', 'description']"
石家庄理发学校哪家好,['60293'],[],description,1,0,[],,['39537'],[0.4393460750579834],['description']
石家庄理发学校哪家好,['60293'],[],description,3,0,[],,"['39537', '51129', '5917']","[0.4393460750579834, 0.390616238117218, 0.3858252167701721]","['description', 'description', 'description']"
研途考研集训营在哪,['60293'],[],description,1,0,[],,['5917'],[0.5445172786712646],['description']
研途考研集训营在哪,['60293'],[],description,3,1,['60293'],3.0,"['5917', '39537', '60293']","[0.5445172786712646, 0.5336076021194458, 0.5149511098861694]","['description', 'description', 'description']"
福州高三复读学校,['60293'],[],description,1,0,[],,['39537'],[0.42655208706855774],['description']
福州高三复读学校,['60293'],[],description,3,0,[],,"['39537', '5917', '52364']","[0.42655208706855774, 0.3613254427909851, 0.34863436222076416]","['description', 'description', 'description']"
美容美发培训学校,['60293'],[],description,1,0,[],,['5917'],[0.42544394731521606],['description']
美容美发培训学校,['60293'],[],description,3,1,['60293'],3.0,"['5917', '39537', '60293']","[0.42544394731521606, 0.4232032299041748, 0.37743690609931946]","['description', 'description', 'description']"
美术培训,['60293'],[],description,1,0,[],,['5917'],[0.4530521631240845],['description']
美术培训,['60293'],[],description,3,1,['60293'],2.0,"['5917', '60293', '5273']","[0.4530521631240845, 0.4307418465614319, 0.4091668725013733]","['description', 'description', 'description']"
考研机构哪家好,['60293'],[],description,1,0,[],,['5917'],[0.6132863163948059],['description']
考研机构哪家好,['60293'],[],description,3,0,[],,"['5917', '5273', '52364']","[0.6132863163948059, 0.6040170192718506, 0.5859590172767639]","['description', 'description', 'description']"
肠粉培训,['60293'],[],description,1,0,[],,['5917'],[0.35254812240600586],['description']
肠粉培训,['60293'],[],description,3,1,['60293'],3.0,"['5917', '47272', '60293']","[0.35254812240600586, 0.34895646572113037, 0.341915488243103]","['description', 'description', 'description']"
育婴师,['60293'],[],description,1,1,['60293'],1.0,['60293'],[0.46043452620506287],['description']
育婴师,['60293'],[],description,3,1,['60293'],1.0,"['60293', '5273', '51474']","[0.46043452620506287, 0.42912793159484863, 0.42317432165145874]","['description', 'description', 'description']"
艺术留学,['60293'],[],description,1,0,[],,['5917'],[0.5094892382621765],['description']
艺术留学,['60293'],[],description,3,0,[],,"['5917', '4551', '39537']","[0.5094892382621765, 0.49026453495025635, 0.47185665369033813]","['description', 'description', 'description']"
艺考集训班,['60293'],[],description,1,1,['60293'],1.0,['60293'],[0.5064572691917419],['description']
艺考集训班,['60293'],[],description,3,1,['60293'],1.0,"['60293', '5917', '5273']","[0.5064572691917419, 0.4924411177635193, 0.4896767735481262]","['description', 'description', 'description']"
苏州哪里学摩托车驾驶证,['60293'],[],description,1,0,[],,['5917'],[0.3885866701602936],['description']
苏州哪里学摩托车驾驶证,['60293'],[],description,3,0,[],,"['5917', '47198', '39537']","[0.3885866701602936, 0.38802170753479004, 0.378291517496109]","['description', 'description', 'description']"
英孚英语,['60293'],[],description,1,0,[],,['5917'],[0.6106901168823242],['description']
英孚英语,['60293'],[],description,3,0,[],,"['5917', '85', '50143']","[0.6106901168823242, 0.5655503869056702, 0.5588093400001526]","['description', 'description', 'description']"
英语培训,['60293'],[],description,1,0,[],,['5917'],[0.5806249380111694],['description']
英语培训,['60293'],[],description,3,0,[],,"['5917', '62172', '85']","[0.5806249380111694, 0.5774779915809631, 0.5626090168952942]","['description', 'description', 'description']"
蛋糕培训,['60293'],[],description,1,1,['60293'],1.0,['60293'],[0.458221435546875],['description']
蛋糕培训,['60293'],[],description,3,1,['60293'],1.0,"['60293', '5917', '5273']","[0.458221435546875, 0.4139882028102875, 0.37714728713035583]","['description', 'description', 'description']"
衡水桃城区有哪些编程培训机构,['60293'],[],description,1,0,[],,['5917'],[0.47799721360206604],['description']
衡水桃城区有哪些编程培训机构,['60293'],[],description,3,0,[],,"['5917', '39537', '5273']","[0.47799721360206604, 0.46257781982421875, 0.46227049827575684]","['description', 'description', 'description']"
西安新东方烹饪学校,['60293'],[],description,1,0,[],,['39537'],[0.47220152616500854],['description']
西安新东方烹饪学校,['60293'],[],description,3,0,[],,"['39537', '5917', '47272']","[0.47220152616500854, 0.43605461716651917, 0.4119880199432373]","['description', 'description', 'description']"
西点培训,['60293'],[],description,1,1,['60293'],1.0,['60293'],[0.4729463458061218],['description']
西点培训,['60293'],[],description,3,1,['60293'],1.0,"['60293', '5917', '47198']","[0.4729463458061218, 0.4587785005569458, 0.4430176913738251]","['description', 'description', 'description']"
训练营,['60293'],[],description,1,0,[],,['5550'],[0.5122010707855225],['description']
训练营,['60293'],[],description,3,1,['60293'],2.0,"['5550', '60293', '5671']","[0.5122010707855225, 0.49729618430137634, 0.4837055802345276]","['description', 'description', 'description']"
设计师,['60293'],[],description,1,0,[],,['51377'],[0.45863717794418335],['description']
设计师,['60293'],[],description,3,0,[],,"['51377', '50393', '51474']","[0.45863717794418335, 0.4552881717681885, 0.4458341598510742]","['description', 'description', 'description']"
课外辅导一对一,['60293'],[],description,1,1,['60293'],1.0,['60293'],[0.5222682356834412],['description']
课外辅导一对一,['60293'],[],description,3,1,['60293'],1.0,"['60293', '5917', '5273']","[0.5222682356834412, 0.5078086256980896, 0.48668575286865234]","['description', 'description', 'description']"
课程培训班,['60293'],[],description,1,1,['60293'],1.0,['60293'],[0.6475251913070679],['description']
课程培训班,['60293'],[],description,3,1,['60293'],1.0,"['60293', '5917', '5273']","[0.6475251913070679, 0.5743833780288696, 0.5459994077682495]","['description', 'description', 'description']"
贵阳公安联考培训机构,['60293'],[],description,1,1,['60293'],1.0,['60293'],[0.4150715470314026],['description']
贵阳公安联考培训机构,['60293'],[],description,3,1,['60293'],1.0,"['60293', '5917', '39537']","[0.4150715470314026, 0.38130325078964233, 0.3784199059009552]","['description', 'description', 'description']"
那里有无人机培训班,['60293'],[],description,1,0,[],,['5917'],[0.5115374326705933],['description']
那里有无人机培训班,['60293'],[],description,3,1,['60293'],2.0,"['5917', '60293', '39537']","[0.5115374326705933, 0.5016217231750488, 0.49544042348861694]","['description', 'description', 'description']"
郑州小升初冲刺班哪个好,['60293'],[],description,1,0,[],,['39537'],[0.4302592873573303],['description']
郑州小升初冲刺班哪个好,['60293'],[],description,3,0,[],,"['39537', '5273', '5917']","[0.4302592873573303, 0.4188433289527893, 0.4083183705806732]","['description', 'description', 'description']"
郑州市四禾美术学校,['60293'],[],description,1,0,[],,['39537'],[0.495195209980011],['description']
郑州市四禾美术学校,['60293'],[],description,3,0,[],,"['39537', '5917', '51129']","[0.495195209980011, 0.4354110360145569, 0.413831502199173]","['description', 'description', 'description']"
重庆渝中区巴蜀职业培训学校,['60293'],[],description,1,0,[],,['39537'],[0.4853276014328003],['description']
重庆渝中区巴蜀职业培训学校,['60293'],[],description,3,1,['60293'],2.0,"['39537', '60293', '5917']","[0.4853276014328003, 0.4576699137687683, 0.43535345792770386]","['description', 'description', 'description']"
量化交易培训哪个机构好,['60293'],[],description,1,0,[],,['5917'],[0.5007615089416504],['description']
量化交易培训哪个机构好,['60293'],[],description,3,1,['60293'],3.0,"['5917', '5273', '60293']","[0.5007615089416504, 0.479971706867218, 0.47712498903274536]","['description', 'description', 'description']"
锦骏驾校,['60293'],[],description,1,0,[],,['5917'],[0.4993489980697632],['description']
锦骏驾校,['60293'],[],description,3,1,['60293'],3.0,"['5917', '39537', '60293']","[0.4993489980697632, 0.46810388565063477, 0.4610581398010254]","['description', 'description', 'description']"
长春市粉笔考公培训机构在哪,['60293'],[],description,1,0,[],,['5917'],[0.45497453212738037],['description']
长春市粉笔考公培训机构在哪,['60293'],[],description,3,1,['60293'],2.0,"['5917', '60293', '47198']","[0.45497453212738037, 0.44991534948349, 0.44101813435554504]","['description', 'description', 'description']"
长沙哪个驾校口碑最好,['60293'],[],description,1,0,[],,['5819'],[0.4736933410167694],['description']
长沙哪个驾校口碑最好,['60293'],[],description,3,0,[],,"['5819', '5917', '50574']","[0.4736933410167694, 0.45532411336898804, 0.441101610660553]","['description', 'description', 'description']"
附近哪里有英语辅导班,['60293'],[],description,1,0,[],,['5917'],[0.5832581520080566],['description']
附近哪里有英语辅导班,['60293'],[],description,3,0,[],,"['5917', '62172', '50143']","[0.5832581520080566, 0.5085948705673218, 0.5026293992996216]","['description', 'description', 'description']"
附近培训计算机二级的机构在哪里,['60293'],[],description,1,0,[],,['5917'],[0.5220426321029663],['description']
附近培训计算机二级的机构在哪里,['60293'],[],description,3,0,[],,"['5917', '47198', '39537']","[0.5220426321029663, 0.48757800459861755, 0.48691967129707336]","['description', 'description', 'description']"
附近学叉车证的地方,['60293'],[],description,1,1,['60293'],1.0,['60293'],[0.5362845063209534],['description']
附近学叉车证的地方,['60293'],[],description,3,1,['60293'],1.0,"['60293', '47198', '5917']","[0.5362845063209534, 0.5123714208602905, 0.4880729019641876]","['description', 'description', 'description']"
附近的游泳培训班,['60293'],[],description,1,0,[],,['5917'],[0.5221014618873596],['description']
附近的游泳培训班,['60293'],[],description,3,0,[],,"['5917', '47198', '39537']","[0.5221014618873596, 0.4972514808177948, 0.46880805492401123]","['description', 'description', 'description']"
附近的美术培训班,['60293'],[],description,1,0,[],,['5917'],[0.5194048881530762],['description']
附近的美术培训班,['60293'],[],description,3,0,[],,"['5917', '47198', '39537']","[0.5194048881530762, 0.4926450848579407, 0.47449350357055664]","['description', 'description', 'description']"
附近的高中补习班,['60293'],[],description,1,0,[],,['39537'],[0.5491371750831604],['description']
附近的高中补习班,['60293'],[],description,3,0,[],,"['39537', '5917', '47198']","[0.5491371750831604, 0.5455261468887329, 0.5221585035324097]","['description', 'description', 'description']"
附近考公培训机构,['60293'],[],description,1,0,[],,['5917'],[0.590996265411377],['description']
附近考公培训机构,['60293'],[],description,3,1,['60293'],2.0,"['5917', '60293', '47198']","[0.590996265411377, 0.5849641561508179, 0.5323129892349243]","['description', 'description', 'description']"
附近驾校在哪里,['60293'],[],description,1,0,[],,['5917'],[0.5846261978149414],['description']
附近驾校在哪里,['60293'],[],description,3,0,[],,"['5917', '47198', '39537']","[0.5846261978149414, 0.575248122215271, 0.5460798740386963]","['description', 'description', 'description']"
零基础健身,['60293'],[],description,1,0,[],,['5550'],[0.3738344609737396],['description']
零基础健身,['60293'],[],description,3,1,['60293'],3.0,"['5550', '60338', '60293']","[0.3738344609737396, 0.3449411392211914, 0.3356771767139435]","['description', 'description', 'description']"
青少年特训学校,['60293'],[],description,1,0,[],,['39537'],[0.44429612159729004],['description']
青少年特训学校,['60293'],[],description,3,0,[],,"['39537', '5917', '5273']","[0.44429612159729004, 0.41566163301467896, 0.40979689359664917]","['description', 'description', 'description']"
高智远驾校,['60293'],[],description,1,0,[],,['5917'],[0.4283405542373657],['description']
高智远驾校,['60293'],[],description,3,1,['60293'],3.0,"['5917', '39537', '60293']","[0.4283405542373657, 0.42344796657562256, 0.39214056730270386]","['description', 'description', 'description']"
高考机构,['60293'],[],description,1,0,[],,['5273'],[0.6376636028289795],['description']
高考机构,['60293'],[],description,3,0,[],,"['5273', '5917', '4551']","[0.6376636028289795, 0.6360644698143005, 0.6324831247329712]","['description', 'description', 'description']"
黄埔军事夏令营,['60293'],[],description,1,0,[],,['39537'],[0.39348334074020386],['description']
黄埔军事夏令营,['60293'],[],description,3,0,[],,"['39537', '4551', '5671']","[0.39348334074020386, 0.3747883439064026, 0.3675764799118042]","['description', 'description', 'description']"
ai培训最厉害三个机构,['60293'],[],merged,1,0,[],,['5917'],[0.5339434146881104],['description']
ai培训最厉害三个机构,['60293'],[],merged,3,0,[],,"['5917', '5273', '47242']","[0.5339434146881104, 0.5211901068687439, 0.47060322761535645]","['description', 'title_description', 'title_description']"
ai智能培训,['60293'],[],merged,1,1,['60293'],1.0,['60293'],[0.5346505641937256],['description']
ai智能培训,['60293'],[],merged,3,1,['60293'],1.0,"['60293', '50731', '47242']","[0.5346505641937256, 0.5218006372451782, 0.5150599479675293]","['description', 'title_description', 'title_description']"
alevel课程,['60293'],[],merged,1,1,['60293'],1.0,['60293'],[0.5500134229660034],['description']
alevel课程,['60293'],[],merged,3,1,['60293'],1.0,"['60293', '5917', '85']","[0.5500134229660034, 0.5300326347351074, 0.48634961247444153]","['description', 'description', 'title_description']"
plc编程培训,['60293'],[],merged,1,1,['60293'],1.0,['60293'],[0.4902522563934326],['description']
plc编程培训,['60293'],[],merged,3,1,['60293'],1.0,"['60293', '5917', '5273']","[0.4902522563934326, 0.4466497600078583, 0.440331369638443]","['description', 'description', 'title_description']"
一新驾校,['60293'],[],merged,1,0,[],,['5917'],[0.49039584398269653],['title_description']
一新驾校,['60293'],[],merged,3,1,['60293'],3.0,"['5917', '61111', '60293']","[0.49039584398269653, 0.4279700517654419, 0.42259207367897034]","['title_description', 'title_description', 'title_description']"
上sat培训机构,['60293'],[],merged,1,0,[],,['5917'],[0.6111088395118713],['description']
上sat培训机构,['60293'],[],merged,3,1,['60293'],3.0,"['5917', '5273', '60293']","[0.6111088395118713, 0.5524725914001465, 0.5121723413467407]","['description', 'title_description', 'description']"
东方时尚驾校,['60293'],[],merged,1,1,['60293'],1.0,['60293'],[0.4238656759262085],['title_description']
东方时尚驾校,['60293'],[],merged,3,1,['60293'],1.0,"['60293', '5917', '47190']","[0.4238656759262085, 0.42043018341064453, 0.4035007357597351]","['title_description', 'description', 'title_description']"
中山初三复读学校推荐,['60293'],[],merged,1,0,[],,['39537'],[0.4334339499473572],['description']
中山初三复读学校推荐,['60293'],[],merged,3,0,[],,"['39537', '5917', '47198']","[0.4334339499473572, 0.41382408142089844, 0.3946295976638794]","['description', 'description', 'description']"
中山区小学生暑期素描美术培训班地址,['60293'],[],merged,1,0,[],,['39537'],[0.3578171133995056],['description']
中山区小学生暑期素描美术培训班地址,['60293'],[],merged,3,0,[],,"['39537', '5917', '5671']","[0.3578171133995056, 0.34924575686454773, 0.3449508547782898]","['description', 'title_description', 'title_description']"
丹棱有哪些驾校,['60293'],[],merged,1,0,[],,['39537'],[0.4531673192977905],['description']
丹棱有哪些驾校,['60293'],[],merged,3,0,[],,"['39537', '47198', '5917']","[0.4531673192977905, 0.4439380466938019, 0.4368414580821991]","['description', 'description', 'description']"
五年级训练,['60293'],[],merged,1,0,[],,['51381'],[0.5586116909980774],['description']
五年级训练,['60293'],[],merged,3,0,[],,"['51381', '51388', '51382']","[0.5586116909980774, 0.557745099067688, 0.5393004417419434]","['description', 'description', 'title_description']"
低压电工证,['60293'],[],merged,1,1,['60293'],1.0,['60293'],[0.5283657312393188],['title_description']
低压电工证,['60293'],[],merged,3,1,['60293'],1.0,"['60293', '51474', '5778']","[0.5283657312393188, 0.40941062569618225, 0.408573716878891]","['title_description', 'title_description', 'title_description']"
做面食在哪里培训好,['60293'],[],merged,1,0,[],,['47198'],[0.477946937084198],['description']
做面食在哪里培训好,['60293'],[],merged,3,1,['60293'],3.0,"['47198', '47272', '60293']","[0.477946937084198, 0.475826233625412, 0.4713047444820404]","['description', 'title_description', 'description']"
儿童语言训练,['60293'],[],merged,1,0,[],,['51381'],[0.45301151275634766],['description']
儿童语言训练,['60293'],[],merged,3,0,[],,"['51381', '23', '51386']","[0.45301151275634766, 0.45262351632118225, 0.44175583124160767]","['description', 'title_description', 'title_description']"
全国教师资格证,['60293'],[],merged,1,1,['60293'],1.0,['60293'],[0.622215747833252],['title_description']
全国教师资格证,['60293'],[],merged,3,1,['60293'],1.0,"['60293', '5273', '4551']","[0.622215747833252, 0.488672137260437, 0.4694823920726776]","['title_description', 'description', 'description']"
兰州留学机构有哪些,['60293'],[],merged,1,0,[],,['5917'],[0.6070762872695923],['description']
兰州留学机构有哪些,['60293'],[],merged,3,0,[],,"['5917', '39537', '5273']","[0.6070762872695923, 0.5295122861862183, 0.5081644058227539]","['description', 'description', 'title_description']"
初三复读学校有哪些,['60293'],[],merged,1,0,[],,['39537'],[0.5397526025772095],['description']
初三复读学校有哪些,['60293'],[],merged,3,0,[],,"['39537', '52364', '5917']","[0.5397526025772095, 0.48733752965927124, 0.4864284098148346]","['description', 'description', 'description']"
初中生补课机构哪个好,['60293'],[],merged,1,0,[],,['5273'],[0.5443658232688904],['title_description']
初中生补课机构哪个好,['60293'],[],merged,3,1,['60293'],3.0,"['5273', '5917', '60293']","[0.5443658232688904, 0.5136977434158325, 0.46332865953445435]","['title_description', 'description', 'description']"
初学画画,['60293'],[],merged,1,0,[],,['51382'],[0.44003933668136597],['title_description']
初学画画,['60293'],[],merged,3,0,[],,"['51382', '51388', '51381']","[0.44003933668136597, 0.4354173243045807, 0.42874032258987427]","['title_description', 'description', 'description']"
剪辑培训,['60293'],[],merged,1,1,['60293'],1.0,['60293'],[0.4531933665275574],['description']
剪辑培训,['60293'],[],merged,3,1,['60293'],1.0,"['60293', '5273', '52524']","[0.4531933665275574, 0.425159752368927, 0.41740933060646057]","['description', 'title_description', 'title_description']"
北大研修班,['60293'],[],merged,1,0,[],,['39537'],[0.4865690767765045],['title_description']
北大研修班,['60293'],[],merged,3,1,['60293'],2.0,"['39537', '60293', '47242']","[0.4865690767765045, 0.48164448142051697, 0.47127535939216614]","['title_description', 'title_description', 'title_description']"
医学考研辅导班,['60293'],[],merged,1,1,['60293'],1.0,['60293'],[0.45877933502197266],['title_description']
医学考研辅导班,['60293'],[],merged,3,1,['60293'],1.0,"['60293', '39537', '5273']","[0.45877933502197266, 0.4136812686920166, 0.4000842571258545]","['title_description', 'title_description', 'title_description']"
单招培训机构,['60293'],[],merged,1,0,[],,['39537'],[0.5202909708023071],['description']
单招培训机构,['60293'],[],merged,3,0,[],,"['39537', '5273', '5917']","[0.5202909708023071, 0.5119842290878296, 0.5013463497161865]","['description', 'title_description', 'description']"
南京驾校,['60293'],[],merged,1,0,[],,['5917'],[0.5287449359893799],['description']
南京驾校,['60293'],[],merged,3,1,['60293'],3.0,"['5917', '47190', '60293']","[0.5287449359893799, 0.5064185857772827, 0.4867871403694153]","['description', 'title_description', 'title_description']"
南京高中暑假英语集训班,['60293'],[],merged,1,0,[],,['5917'],[0.4535669684410095],['description']
南京高中暑假英语集训班,['60293'],[],merged,3,0,[],,"['5917', '39537', '50143']","[0.4535669684410095, 0.3730771243572235, 0.3730049729347229]","['description', 'title_description', 'title_description']"
合肥皖建职业培训学校,['60293'],[],merged,1,1,['60293'],1.0,['60293'],[0.49518996477127075],['title_description']
合肥皖建职业培训学校,['60293'],[],merged,3,1,['60293'],1.0,"['60293', '39537', '5917']","[0.49518996477127075, 0.47444623708724976, 0.4615219533443451]","['title_description', 'description', 'title_description']"
吴忠附近有哪些驾校比较好,['60293'],[],merged,1,0,[],,['5917'],[0.5052893161773682],['title_description']
吴忠附近有哪些驾校比较好,['60293'],[],merged,3,0,[],,"['5917', '47198', '39537']","[0.5052893161773682, 0.478654146194458, 0.4604843258857727]","['title_description', 'description', 'description']"
哪里化妆学校好,['60293'],[],merged,1,0,[],,['39537'],[0.5396736264228821],['description']
哪里化妆学校好,['60293'],[],merged,3,0,[],,"['39537', '5917', '52364']","[0.5396736264228821, 0.48445865511894226, 0.45077669620513916]","['description', 'description', 'title_description']"
哪里有学小吃技术,['60293'],[],merged,1,0,[],,['47272'],[0.46135446429252625],['title_description']
哪里有学小吃技术,['60293'],[],merged,3,0,[],,"['47272', '39537', '47198']","[0.46135446429252625, 0.45968759059906006, 0.44726669788360596]","['title_description', 'description', 'description']"
哪里有考电工证,['60293'],[],merged,1,1,['60293'],1.0,['60293'],[0.5668286681175232],['title_description']
哪里有考电工证,['60293'],[],merged,3,1,['60293'],1.0,"['60293', '47198', '39537']","[0.5668286681175232, 0.4828207492828369, 0.46015483140945435]","['title_description', 'description', 'description']"
地理生物哪家机构好,['60293'],[],merged,1,0,[],,['5917'],[0.562436580657959],['description']
地理生物哪家机构好,['60293'],[],merged,3,0,[],,"['5917', '39537', '52364']","[0.562436580657959, 0.5277308225631714, 0.5149414539337158]","['description', 'description', 'title_description']"
大兴区有做油画丙烯画培训的提高机构吗,['60293'],[],merged,1,0,[],,['5917'],[0.45113405585289],['title_description']
大兴区有做油画丙烯画培训的提高机构吗,['60293'],[],merged,3,0,[],,"['5917', '5273', '39537']","[0.45113405585289, 0.40282613039016724, 0.39020246267318726]","['title_description', 'title_description', 'description']"
天津新东方学校地址在哪里,['60293'],[],merged,1,0,[],,['5917'],[0.5811842679977417],['description']
天津新东方学校地址在哪里,['60293'],[],merged,3,0,[],,"['5917', '39537', '47198']","[0.5811842679977417, 0.49916937947273254, 0.47210144996643066]","['description', 'description', 'description']"
天津水饺培训,['60293'],[],merged,1,0,[],,['60872'],[0.3128402829170227],['title_description']
天津水饺培训,['60293'],[],merged,3,0,[],,"['60872', '5917', '47266']","[0.3128402829170227, 0.31019383668899536, 0.29534637928009033]","['title_description', 'description', 'title_description']"
太原中考复读学校推荐,['60293'],[],merged,1,0,[],,['39537'],[0.4312015473842621],['description']
太原中考复读学校推荐,['60293'],[],merged,3,0,[],,"['39537', '52364', '5917']","[0.4312015473842621, 0.41340160369873047, 0.3930460810661316]","['description', 'title_description', 'description']"
太原优路教育培训机构,['60293'],[],merged,1,0,[],,['5917'],[0.5034974813461304],['description']
太原优路教育培训机构,['60293'],[],merged,3,1,['60293'],2.0,"['5917', '60293', '39537']","[0.5034974813461304, 0.477255254983902, 0.471504807472229]","['description', 'description', 'description']"
奥林,['60293'],[],merged,1,0,[],,['23'],[0.5484987497329712],['title_description']
奥林,['60293'],[],merged,3,0,[],,"['23', '85', '51377']","[0.5484987497329712, 0.521660566329956, 0.4910227358341217]","['title_description', 'title_description', 'description']"
学会计,['60293'],[],merged,1,0,[],,['51044'],[0.568623423576355],['title_description']
学会计,['60293'],[],merged,3,1,['60293'],2.0,"['51044', '60293', '61111']","[0.568623423576355, 0.5565769076347351, 0.5564623475074768]","['title_description', 'description', 'title_description']"
学大教育,['60293'],[],merged,1,0,[],,['5917'],[0.5934349894523621],['description']
学大教育,['60293'],[],merged,3,1,['60293'],3.0,"['5917', '5273', '60293']","[0.5934349894523621, 0.5877957344055176, 0.5700119733810425]","['description', 'description', 'description']"
学汽修技术去哪里学比较好,['60293'],[],merged,1,0,[],,['39537'],[0.45165908336639404],['description']
学汽修技术去哪里学比较好,['60293'],[],merged,3,0,[],,"['39537', '50574', '5819']","[0.45165908336639404, 0.434431254863739, 0.42869675159454346]","['description', 'description', 'description']"
学编程,['60293'],[],merged,1,1,['60293'],1.0,['60293'],[0.5437564849853516],['description']
学编程,['60293'],[],merged,3,1,['60293'],1.0,"['60293', '51044', '51381']","[0.5437564849853516, 0.5204795598983765, 0.4947749078273773]","['description', 'title_description', 'title_description']"
学英语,['60293'],[],merged,1,0,[],,['85'],[0.6531152129173279],['description']
学英语,['60293'],[],merged,3,0,[],,"['85', '62172', '50143']","[0.6531152129173279, 0.6303015351295471, 0.6238846778869629]","['description', 'description', 'description']"
小吃培训,['60293'],[],merged,1,0,[],,['47272'],[0.451688289642334],['title_description']
小吃培训,['60293'],[],merged,3,1,['60293'],2.0,"['47272', '60293', '5917']","[0.451688289642334, 0.4467204809188843, 0.41045549511909485]","['title_description', 'description', 'description']"
少儿教育,['60293'],[],merged,1,0,[],,['5273'],[0.5126559138298035],['description']
少儿教育,['60293'],[],merged,3,0,[],,"['5273', '51381', '52524']","[0.5126559138298035, 0.48572343587875366, 0.46556615829467773]","['description', 'description', 'description']"
山东骏大职业培训学校,['60293'],[],merged,1,0,[],,['39537'],[0.5240647792816162],['description']
山东骏大职业培训学校,['60293'],[],merged,3,1,['60293'],2.0,"['39537', '60293', '5917']","[0.5240647792816162, 0.4986461400985718, 0.4886358976364136]","['description', 'description', 'description']"
幼儿托管班,['60293'],[],merged,1,0,[],,['5273'],[0.429625928401947],['title_description']
幼儿托管班,['60293'],[],merged,3,0,[],,"['5273', '5671', '5917']","[0.429625928401947, 0.39973050355911255, 0.39213019609451294]","['title_description', 'title_description', 'description']"
广东番禺南方电网培训机构地址,['60293'],[],merged,1,0,[],,['5917'],[0.4907262921333313],['title_description']
广东番禺南方电网培训机构地址,['60293'],[],merged,3,0,[],,"['5917', '39537', '47198']","[0.4907262921333313, 0.4750320315361023, 0.47012659907341003]","['title_description', 'description', 'description']"
广顺通驾校,['60293'],[],merged,1,0,[],,['5917'],[0.48283523321151733],['description']
广顺通驾校,['60293'],[],merged,3,0,[],,"['5917', '39537', '47190']","[0.48283523321151733, 0.4707963466644287, 0.4613719582557678]","['description', 'description', 'title_description']"
建模培训,['60293'],[],merged,1,1,['60293'],1.0,['60293'],[0.5334744453430176],['description']
建模培训,['60293'],[],merged,3,1,['60293'],1.0,"['60293', '47242', '5917']","[0.5334744453430176, 0.489656537771225, 0.48662614822387695]","['description', 'title_description', 'description']"
徐州新东方教育培训机构,['60293'],[],merged,1,0,[],,['5917'],[0.5409782528877258],['title_description']
徐州新东方教育培训机构,['60293'],[],merged,3,0,[],,"['5917', '5273', '39537']","[0.5409782528877258, 0.481832891702652, 0.4428118169307709]","['title_description', 'title_description', 'description']"
心理咨询师培训,['60293'],[],merged,1,1,['60293'],1.0,['60293'],[0.5095589756965637],['title_description']
心理咨询师培训,['60293'],[],merged,3,1,['60293'],1.0,"['60293', '51474', '5917']","[0.5095589756965637, 0.44513922929763794, 0.4171205163002014]","['title_description', 'description', 'description']"
成都复读学校哪家好,['60293'],[],merged,1,0,[],,['39537'],[0.4978010654449463],['description']
成都复读学校哪家好,['60293'],[],merged,3,0,[],,"['39537', '52364', '5917']","[0.4978010654449463, 0.4739116430282593, 0.44142401218414307]","['description', 'title_description', 'description']"
战狼夏令营,['60293'],[],merged,1,0,[],,['5671'],[0.28989261388778687],['title_description']
战狼夏令营,['60293'],[],merged,3,0,[],,"['5671', '51323', '267']","[0.28989261388778687, 0.26971435546875, 0.2684856951236725]","['title_description', 'title_description', 'description']"
打烧饼去哪里学,['60293'],[],merged,1,0,[],,['47198'],[0.42702382802963257],['description']
打烧饼去哪里学,['60293'],[],merged,3,0,[],,"['47198', '39537', '5671']","[0.42702382802963257, 0.39169275760650635, 0.38004767894744873]","['description', 'description', 'title_description']"
执业药师培训,['60293'],[],merged,1,1,['60293'],1.0,['60293'],[0.5613310933113098],['title_description']
执业药师培训,['60293'],[],merged,3,1,['60293'],1.0,"['60293', '5917', '47266']","[0.5613310933113098, 0.42243438959121704, 0.40942156314849854]","['title_description', 'description', 'title_description']"
护理培训机构有哪些,['60293'],[],merged,1,0,[],,['5273'],[0.5772411823272705],['title_description']
护理培训机构有哪些,['60293'],[],merged,3,1,['60293'],3.0,"['5273', '5917', '60293']","[0.5772411823272705, 0.5619591474533081, 0.5509045720100403]","['title_description', 'description', 'title_description']"
教师资格证,['60293'],[],merged,1,1,['60293'],1.0,['60293'],[0.689795196056366],['title_description']
教师资格证,['60293'],[],merged,3,1,['60293'],1.0,"['60293', '5273', '5917']","[0.689795196056366, 0.5449453592300415, 0.5082004070281982]","['title_description', 'description', 'description']"
教育培训机构有哪些,['60293'],[],merged,1,0,[],,['5273'],[0.6741052269935608],['title_description']
教育培训机构有哪些,['60293'],[],merged,3,1,['60293'],3.0,"['5273', '5917', '60293']","[0.6741052269935608, 0.6240260004997253, 0.5785901546478271]","['title_description', 'description', 'description']"
数学思维训练,['60293'],[],merged,1,0,[],,['51044'],[0.5029784440994263],['title_description']
数学思维训练,['60293'],[],merged,3,0,[],,"['51044', '51323', '51382']","[0.5029784440994263, 0.4151343107223511, 0.4098709225654602]","['title_description', 'description', 'title_description']"
数控编程培训,['60293'],[],merged,1,1,['60293'],1.0,['60293'],[0.45295026898384094],['description']
数控编程培训,['60293'],[],merged,3,1,['60293'],1.0,"['60293', '5273', '51044']","[0.45295026898384094, 0.42911452054977417, 0.4169422388076782]","['description', 'title_description', 'title_description']"
新东方培训机构,['60293'],[],merged,1,0,[],,['5917'],[0.6727936267852783],['description']
新东方培训机构,['60293'],[],merged,3,0,[],,"['5917', '5273', '39537']","[0.6727936267852783, 0.5699968934059143, 0.5338306427001953]","['description', 'title_description', 'description']"
新东方有考编课程吗,['60293'],[],merged,1,1,['60293'],1.0,['60293'],[0.5725444555282593],['description']
新东方有考编课程吗,['60293'],[],merged,3,1,['60293'],1.0,"['60293', '5917', '5273']","[0.5725444555282593, 0.539199948310852, 0.5028682351112366]","['description', 'description', 'title_description']"
新东方校区地址,['60293'],[],merged,1,0,[],,['5917'],[0.6698288917541504],['description']
新东方校区地址,['60293'],[],merged,3,0,[],,"['5917', '39537', '47198']","[0.6698288917541504, 0.5791725516319275, 0.5567886829376221]","['description', 'description', 'description']"
新华学校,['60293'],[],merged,1,0,[],,['39537'],[0.5871078968048096],['description']
新华学校,['60293'],[],merged,3,0,[],,"['39537', '5917', '5273']","[0.5871078968048096, 0.5376394987106323, 0.5198225975036621]","['description', 'description', 'description']"
无锡优路教育培训机构地址在哪里,['60293'],[],merged,1,0,[],,['5917'],[0.5606703758239746],['description']
无锡优路教育培训机构地址在哪里,['60293'],[],merged,3,0,[],,"['5917', '39537', '5273']","[0.5606703758239746, 0.5076130032539368, 0.49943214654922485]","['description', 'description', 'title_description']"
无锡市新吴区人工智能培训机构,['60293'],[],merged,1,0,[],,['5917'],[0.49045708775520325],['title_description']
无锡市新吴区人工智能培训机构,['60293'],[],merged,3,0,[],,"['5917', '50731', '5273']","[0.49045708775520325, 0.45566725730895996, 0.44746166467666626]","['title_description', 'title_description', 'title_description']"
暑期夏令营,['60293'],[],merged,1,0,[],,['5671'],[0.41470152139663696],['title_description']
暑期夏令营,['60293'],[],merged,3,0,[],,"['5671', '39537', '51323']","[0.41470152139663696, 0.409719318151474, 0.4090951085090637]","['title_description', 'description', 'title_description']"
曲靖平面设计培训班,['60293'],[],merged,1,1,['60293'],1.0,['60293'],[0.4339240491390228],['title_description']
曲靖平面设计培训班,['60293'],[],merged,3,1,['60293'],1.0,"['60293', '5917', '5273']","[0.4339240491390228, 0.42334988713264465, 0.41605693101882935]","['title_description', 'description', 'title_description']"
本溪市驾校,['60293'],[],merged,1,0,[],,['5917'],[0.41680118441581726],['description']
本溪市驾校,['60293'],[],merged,3,0,[],,"['5917', '60874', '39537']","[0.41680118441581726, 0.4094353914260864, 0.4004100561141968]","['description', 'title_description', 'description']"
株洲摩托车驾校在哪,['60293'],[],merged,1,0,[],,['5917'],[0.44102513790130615],['description']
株洲摩托车驾校在哪,['60293'],[],merged,3,1,['60293'],3.0,"['5917', '39537', '60293']","[0.44102513790130615, 0.43816620111465454, 0.40897509455680847]","['description', 'description', 'title_description']"
武汉普思教育培训学校,['60293'],[],merged,1,0,[],,['39537'],[0.5125956535339355],['description']
武汉普思教育培训学校,['60293'],[],merged,3,0,[],,"['39537', '5917', '5273']","[0.5125956535339355, 0.502301037311554, 0.4835174083709717]","['description', 'description', 'title_description']"
江安县叉车培训机构,['60293'],[],merged,1,0,[],,['5917'],[0.37170252203941345],['description']
江安县叉车培训机构,['60293'],[],merged,3,1,['60293'],3.0,"['5917', '5273', '60293']","[0.37170252203941345, 0.3653843402862549, 0.36520159244537354]","['description', 'title_description', 'title_description']"
注册安全师,['60293'],[],merged,1,1,['60293'],1.0,['60293'],[0.5641960501670837],['title_description']
注册安全师,['60293'],[],merged,3,1,['60293'],1.0,"['60293', '51474', '60265']","[0.5641960501670837, 0.44863784313201904, 0.43115007877349854]","['title_description', 'description', 'title_description']"
洛阳考研辅导机构哪家好,['60293'],[],merged,1,0,[],,['5917'],[0.5056837797164917],['description']
洛阳考研辅导机构哪家好,['60293'],[],merged,3,0,[],,"['5917', '52364', '39537']","[0.5056837797164917, 0.4737066626548767, 0.4714924395084381]","['description', 'title_description', 'description']"
济南乐艺画室,['60293'],[],merged,1,0,[],,['39537'],[0.39531826972961426],['description']
济南乐艺画室,['60293'],[],merged,3,0,[],,"['39537', '5917', '4551']","[0.39531826972961426, 0.37414926290512085, 0.3619895577430725]","['description', 'description', 'title_description']"
济南新东方培训学校,['60293'],[],merged,1,0,[],,['5917'],[0.581815242767334],['description']
济南新东方培训学校,['60293'],[],merged,3,0,[],,"['5917', '39537', '5273']","[0.581815242767334, 0.502400815486908, 0.47571098804473877]","['description', 'description', 'title_description']"
济南考研机构招数学专业老师,['60293'],[],merged,1,0,[],,['39537'],[0.46917998790740967],['description']
济南考研机构招数学专业老师,['60293'],[],merged,3,0,[],,"['39537', '5273', '52364']","[0.46917998790740967, 0.4582265019416809, 0.45257648825645447]","['description', 'description', 'title_description']"
消防设施操作员培训,['60293'],[],merged,1,1,['60293'],1.0,['60293'],[0.45678308606147766],['title_description']
消防设施操作员培训,['60293'],[],merged,3,1,['60293'],1.0,"['60293', '5273', '5917']","[0.45678308606147766, 0.3701097369194031, 0.3655666708946228]","['title_description', 'title_description', 'description']"
深圳哪里有学习ai使用的地方,['60293'],[],merged,1,0,[],,['47242'],[0.491360068321228],['title_description']
深圳哪里有学习ai使用的地方,['60293'],[],merged,3,0,[],,"['47242', '47198', '50731']","[0.491360068321228, 0.4796419143676758, 0.4655493199825287]","['title_description', 'description', 'title_description']"
溧水数控车床培训,['60293'],[],merged,1,0,[],,['5273'],[0.39123645424842834],['title_description']
溧水数控车床培训,['60293'],[],merged,3,1,['60293'],2.0,"['5273', '60293', '5917']","[0.39123645424842834, 0.3888973593711853, 0.3853926658630371]","['title_description', 'description', 'title_description']"
焊工培训学校哪里好,['60293'],[],merged,1,0,[],,['39537'],[0.5059686899185181],['description']
焊工培训学校哪里好,['60293'],[],merged,3,1,['60293'],2.0,"['39537', '60293', '5917']","[0.5059686899185181, 0.46739745140075684, 0.46552157402038574]","['description', 'description', 'description']"
焊工操作证,['60293'],[],merged,1,1,['60293'],1.0,['60293'],[0.5260976552963257],['title_description']
焊工操作证,['60293'],[],merged,3,1,['60293'],1.0,"['60293', '267', '51044']","[0.5260976552963257, 0.4383033215999603, 0.410818874835968]","['title_description', 'title_description', 'title_description']"
现在留学去哪个国家好,['60293'],[],merged,1,0,[],,['5917'],[0.5277827978134155],['description']
现在留学去哪个国家好,['60293'],[],merged,3,0,[],,"['5917', '39537', '52364']","[0.5277827978134155, 0.49458009004592896, 0.49273139238357544]","['description', 'description', 'title_description']"
生煎包哪里学的正宗,['60293'],[],merged,1,0,[],,['47272'],[0.35423678159713745],['title_description']
生煎包哪里学的正宗,['60293'],[],merged,3,0,[],,"['47272', '39537', '47198']","[0.35423678159713745, 0.3499019145965576, 0.3434922695159912]","['title_description', 'description', 'description']"
电工培训,['60293'],[],merged,1,1,['60293'],1.0,['60293'],[0.511343777179718],['description']
电工培训,['60293'],[],merged,3,1,['60293'],1.0,"['60293', '5273', '5917']","[0.511343777179718, 0.43320804834365845, 0.4216381311416626]","['description', 'title_description', 'description']"
电脑培训学校,['60293'],[],merged,1,0,[],,['39537'],[0.4620107412338257],['description']
电脑培训学校,['60293'],[],merged,3,0,[],,"['39537', '5273', '5917']","[0.4620107412338257, 0.46060436964035034, 0.4534546434879303]","['description', 'title_description', 'description']"
留学 咨询,['60293'],[],merged,1,0,[],,['5917'],[0.6070336103439331],['description']
留学 咨询,['60293'],[],merged,3,1,['60293'],2.0,"['5917', '60293', '39537']","[0.6070336103439331, 0.5979433059692383, 0.5620084404945374]","['description', 'description', 'description']"
番禺市桥英语成人培训班地址,['60293'],[],merged,1,0,[],,['5917'],[0.485148161649704],['description']
番禺市桥英语成人培训班地址,['60293'],[],merged,3,1,['60293'],3.0,"['5917', '47198', '60293']","[0.485148161649704, 0.42065972089767456, 0.3960626423358917]","['description', 'description', 'description']"
盐城江消消防培训学校地址在哪里,['60293'],[],merged,1,0,[],,['39537'],[0.45601969957351685],['description']
盐城江消消防培训学校地址在哪里,['60293'],[],merged,3,1,['60293'],3.0,"['39537', '5917', '60293']","[0.45601969957351685, 0.448585569858551, 0.4071912467479706]","['description', 'description', 'title_description']"
短视频运营,['60293'],[],merged,1,0,[],,['51275'],[0.4818352460861206],['title_description']
短视频运营,['60293'],[],merged,3,0,[],,"['51275', '60977', '47272']","[0.4818352460861206, 0.4340243935585022, 0.4288824200630188]","['title_description', 'title_description', 'title_description']"
石家庄理发学校哪家好,['60293'],[],merged,1,0,[],,['39537'],[0.4393460750579834],['description']
石家庄理发学校哪家好,['60293'],[],merged,3,0,[],,"['39537', '5917', '51129']","[0.4393460750579834, 0.3917074501514435, 0.390616238117218]","['description', 'title_description', 'description']"
研途考研集训营在哪,['60293'],[],merged,1,0,[],,['5917'],[0.5445172786712646],['description']
研途考研集训营在哪,['60293'],[],merged,3,1,['60293'],3.0,"['5917', '39537', '60293']","[0.5445172786712646, 0.5336076021194458, 0.5149511098861694]","['description', 'description', 'description']"
福州高三复读学校,['60293'],[],merged,1,0,[],,['39537'],[0.42655208706855774],['description']
福州高三复读学校,['60293'],[],merged,3,0,[],,"['39537', '52364', '5917']","[0.42655208706855774, 0.3742307424545288, 0.3613254427909851]","['description', 'title_description', 'description']"
美容美发培训学校,['60293'],[],merged,1,0,[],,['5917'],[0.42544394731521606],['description']
美容美发培训学校,['60293'],[],merged,3,0,[],,"['5917', '39537', '5273']","[0.42544394731521606, 0.4232032299041748, 0.40109091997146606]","['description', 'description', 'title_description']"
美术培训,['60293'],[],merged,1,0,[],,['5917'],[0.4530521631240845],['description']
美术培训,['60293'],[],merged,3,1,['60293'],3.0,"['5917', '5273', '60293']","[0.4530521631240845, 0.44250231981277466, 0.4307418465614319]","['description', 'title_description', 'description']"
考研机构哪家好,['60293'],[],merged,1,0,[],,['5273'],[0.633734941482544],['title_description']
考研机构哪家好,['60293'],[],merged,3,0,[],,"['5273', '5917', '52364']","[0.633734941482544, 0.6132863163948059, 0.5859590172767639]","['title_description', 'description', 'description']"
肠粉培训,['60293'],[],merged,1,0,[],,['47272'],[0.3753225803375244],['title_description']
肠粉培训,['60293'],[],merged,3,1,['60293'],3.0,"['47272', '5917', '60293']","[0.3753225803375244, 0.357453316450119, 0.341915488243103]","['title_description', 'title_description', 'description']"
育婴师,['60293'],[],merged,1,1,['60293'],1.0,['60293'],[0.4605611562728882],['title_description']
育婴师,['60293'],[],merged,3,1,['60293'],1.0,"['60293', '5273', '51474']","[0.4605611562728882, 0.43481945991516113, 0.42317432165145874]","['title_description', 'title_description', 'description']"
艺术留学,['60293'],[],merged,1,0,[],,['5917'],[0.5094892382621765],['description']
艺术留学,['60293'],[],merged,3,0,[],,"['5917', '4551', '39537']","[0.5094892382621765, 0.49026453495025635, 0.47185665369033813]","['description', 'description', 'description']"
艺考集训班,['60293'],[],merged,1,1,['60293'],1.0,['60293'],[0.5194993615150452],['title_description']
艺考集训班,['60293'],[],merged,3,1,['60293'],1.0,"['60293', '5273', '5917']","[0.5194993615150452, 0.498117595911026, 0.4924411177635193]","['title_description', 'title_description', 'description']"
苏州哪里学摩托车驾驶证,['60293'],[],merged,1,0,[],,['5917'],[0.3885866701602936],['description']
苏州哪里学摩托车驾驶证,['60293'],[],merged,3,1,['60293'],3.0,"['5917', '47198', '60293']","[0.3885866701602936, 0.38802170753479004, 0.3800022006034851]","['description', 'description', 'title_description']"
英孚英语,['60293'],[],merged,1,0,[],,['5917'],[0.6106901168823242],['description']
英孚英语,['60293'],[],merged,3,0,[],,"['5917', '85', '50143']","[0.6106901168823242, 0.5655503869056702, 0.5588093400001526]","['description', 'description', 'description']"
英语培训,['60293'],[],merged,1,0,[],,['5917'],[0.5806249380111694],['description']
英语培训,['60293'],[],merged,3,0,[],,"['5917', '62172', '85']","[0.5806249380111694, 0.5774779915809631, 0.5626090168952942]","['description', 'description', 'description']"
蛋糕培训,['60293'],[],merged,1,1,['60293'],1.0,['60293'],[0.458221435546875],['description']
蛋糕培训,['60293'],[],merged,3,1,['60293'],1.0,"['60293', '5917', '5273']","[0.458221435546875, 0.4139882028102875, 0.4110345244407654]","['description', 'description', 'title_description']"
衡水桃城区有哪些编程培训机构,['60293'],[],merged,1,0,[],,['5917'],[0.4884690046310425],['title_description']
衡水桃城区有哪些编程培训机构,['60293'],[],merged,3,0,[],,"['5917', '5273', '39537']","[0.4884690046310425, 0.47774410247802734, 0.46257781982421875]","['title_description', 'title_description', 'description']"
西安新东方烹饪学校,['60293'],[],merged,1,0,[],,['39537'],[0.47220152616500854],['description']
西安新东方烹饪学校,['60293'],[],merged,3,0,[],,"['39537', '5917', '47272']","[0.47220152616500854, 0.4430961608886719, 0.42964476346969604]","['description', 'title_description', 'title_description']"
西点培训,['60293'],[],merged,1,1,['60293'],1.0,['60293'],[0.4729463458061218],['description']
西点培训,['60293'],[],merged,3,1,['60293'],1.0,"['60293', '5917', '47198']","[0.4729463458061218, 0.4587785005569458, 0.4430176913738251]","['description', 'description', 'description']"
训练营,['60293'],[],merged,1,0,[],,['5550'],[0.5122010707855225],['description']
训练营,['60293'],[],merged,3,1,['60293'],2.0,"['5550', '60293', '51275']","[0.5122010707855225, 0.49729618430137634, 0.49274498224258423]","['description', 'description', 'title_description']"
设计师,['60293'],[],merged,1,0,[],,['51377'],[0.45863717794418335],['description']
设计师,['60293'],[],merged,3,0,[],,"['51377', '50393', '5144']","[0.45863717794418335, 0.4552881717681885, 0.44815969467163086]","['description', 'description', 'title_description']"
课外辅导一对一,['60293'],[],merged,1,1,['60293'],1.0,['60293'],[0.5222682356834412],['description']
课外辅导一对一,['60293'],[],merged,3,1,['60293'],1.0,"['60293', '5273', '5917']","[0.5222682356834412, 0.5134509205818176, 0.5078086256980896]","['description', 'title_description', 'description']"
课程培训班,['60293'],[],merged,1,1,['60293'],1.0,['60293'],[0.6475251913070679],['description']
课程培训班,['60293'],[],merged,3,1,['60293'],1.0,"['60293', '5273', '5917']","[0.6475251913070679, 0.5958117246627808, 0.5743833780288696]","['description', 'title_description', 'description']"
贵阳公安联考培训机构,['60293'],[],merged,1,1,['60293'],1.0,['60293'],[0.41936564445495605],['title_description']
贵阳公安联考培训机构,['60293'],[],merged,3,1,['60293'],1.0,"['60293', '5917', '39537']","[0.41936564445495605, 0.3916177749633789, 0.3825073838233948]","['title_description', 'title_description', 'title_description']"
那里有无人机培训班,['60293'],[],merged,1,0,[],,['5917'],[0.5115374326705933],['description']
那里有无人机培训班,['60293'],[],merged,3,1,['60293'],2.0,"['5917', '60293', '39537']","[0.5115374326705933, 0.5016217231750488, 0.49544042348861694]","['description', 'description', 'description']"
郑州小升初冲刺班哪个好,['60293'],[],merged,1,0,[],,['39537'],[0.4385727047920227],['title_description']
郑州小升初冲刺班哪个好,['60293'],[],merged,3,0,[],,"['39537', '5273', '5917']","[0.4385727047920227, 0.42464640736579895, 0.4083183705806732]","['title_description', 'title_description', 'description']"
郑州市四禾美术学校,['60293'],[],merged,1,0,[],,['39537'],[0.495195209980011],['description']
郑州市四禾美术学校,['60293'],[],merged,3,0,[],,"['39537', '5917', '51129']","[0.495195209980011, 0.4354110360145569, 0.413831502199173]","['description', 'description', 'description']"
重庆渝中区巴蜀职业培训学校,['60293'],[],merged,1,0,[],,['39537'],[0.4853276014328003],['description']
重庆渝中区巴蜀职业培训学校,['60293'],[],merged,3,1,['60293'],2.0,"['39537', '60293', '5917']","[0.4853276014328003, 0.4603097140789032, 0.43535345792770386]","['description', 'title_description', 'description']"
量化交易培训哪个机构好,['60293'],[],merged,1,0,[],,['5273'],[0.5222958326339722],['title_description']
量化交易培训哪个机构好,['60293'],[],merged,3,1,['60293'],3.0,"['5273', '5917', '60293']","[0.5222958326339722, 0.5007615089416504, 0.47712498903274536]","['title_description', 'description', 'description']"
锦骏驾校,['60293'],[],merged,1,0,[],,['5917'],[0.4993489980697632],['description']
锦骏驾校,['60293'],[],merged,3,1,['60293'],2.0,"['5917', '60293', '39537']","[0.4993489980697632, 0.470223605632782, 0.46810388565063477]","['description', 'title_description', 'description']"
长春市粉笔考公培训机构在哪,['60293'],[],merged,1,0,[],,['5917'],[0.46351075172424316],['title_description']
长春市粉笔考公培训机构在哪,['60293'],[],merged,3,1,['60293'],2.0,"['5917', '60293', '47198']","[0.46351075172424316, 0.45771002769470215, 0.44101813435554504]","['title_description', 'title_description', 'description']"
长沙哪个驾校口碑最好,['60293'],[],merged,1,0,[],,['5819'],[0.48891884088516235],['title_description']
长沙哪个驾校口碑最好,['60293'],[],merged,3,0,[],,"['5819', '5917', '50574']","[0.48891884088516235, 0.4555903673171997, 0.441101610660553]","['title_description', 'title_description', 'description']"
附近哪里有英语辅导班,['60293'],[],merged,1,0,[],,['5917'],[0.5832581520080566],['description']
附近哪里有英语辅导班,['60293'],[],merged,3,0,[],,"['5917', '62172', '50143']","[0.5832581520080566, 0.5085948705673218, 0.5037751197814941]","['description', 'description', 'title_description']"
附近培训计算机二级的机构在哪里,['60293'],[],merged,1,0,[],,['5917'],[0.5220426321029663],['description']
附近培训计算机二级的机构在哪里,['60293'],[],merged,3,0,[],,"['5917', '47198', '39537']","[0.5220426321029663, 0.48757800459861755, 0.48691967129707336]","['description', 'description', 'description']"
附近学叉车证的地方,['60293'],[],merged,1,1,['60293'],1.0,['60293'],[0.5480159521102905],['title_description']
附近学叉车证的地方,['60293'],[],merged,3,1,['60293'],1.0,"['60293', '47198', '5917']","[0.5480159521102905, 0.5123714208602905, 0.4880729019641876]","['title_description', 'description', 'description']"
附近的游泳培训班,['60293'],[],merged,1,0,[],,['5917'],[0.5221014618873596],['description']
附近的游泳培训班,['60293'],[],merged,3,0,[],,"['5917', '47198', '39537']","[0.5221014618873596, 0.4972514808177948, 0.46880805492401123]","['description', 'description', 'description']"
附近的美术培训班,['60293'],[],merged,1,0,[],,['5917'],[0.5194048881530762],['description']
附近的美术培训班,['60293'],[],merged,3,0,[],,"['5917', '47198', '39537']","[0.5194048881530762, 0.4926450848579407, 0.47449350357055664]","['description', 'description', 'description']"
附近的高中补习班,['60293'],[],merged,1,0,[],,['39537'],[0.5491371750831604],['description']
附近的高中补习班,['60293'],[],merged,3,0,[],,"['39537', '5917', '47198']","[0.5491371750831604, 0.5455261468887329, 0.5221585035324097]","['description', 'description', 'description']"
附近考公培训机构,['60293'],[],merged,1,0,[],,['5917'],[0.590996265411377],['description']
附近考公培训机构,['60293'],[],merged,3,1,['60293'],2.0,"['5917', '60293', '47198']","[0.590996265411377, 0.5849641561508179, 0.5323129892349243]","['description', 'description', 'description']"
附近驾校在哪里,['60293'],[],merged,1,0,[],,['5917'],[0.5846261978149414],['description']
附近驾校在哪里,['60293'],[],merged,3,0,[],,"['5917', '47198', '39537']","[0.5846261978149414, 0.575248122215271, 0.5460798740386963]","['description', 'description', 'description']"
零基础健身,['60293'],[],merged,1,0,[],,['61111'],[0.37897011637687683],['title_description']
零基础健身,['60293'],[],merged,3,0,[],,"['61111', '5550', '5601']","[0.37897011637687683, 0.3738344609737396, 0.37130093574523926]","['title_description', 'description', 'title_description']"
青少年特训学校,['60293'],[],merged,1,0,[],,['39537'],[0.44429612159729004],['description']
青少年特训学校,['60293'],[],merged,3,0,[],,"['39537', '5917', '5273']","[0.44429612159729004, 0.41566163301467896, 0.41422849893569946]","['description', 'description', 'title_description']"
高智远驾校,['60293'],[],merged,1,0,[],,['5917'],[0.4283405542373657],['description']
高智远驾校,['60293'],[],merged,3,0,[],,"['5917', '39537', '60874']","[0.4283405542373657, 0.42344796657562256, 0.40755772590637207]","['description', 'description', 'title_description']"
高考机构,['60293'],[],merged,1,0,[],,['5273'],[0.6406246423721313],['title_description']
高考机构,['60293'],[],merged,3,0,[],,"['5273', '5917', '4551']","[0.6406246423721313, 0.6360644698143005, 0.6324831247329712]","['title_description', 'description', 'description']"
黄埔军事夏令营,['60293'],[],merged,1,0,[],,['39537'],[0.39348334074020386],['description']
黄埔军事夏令营,['60293'],[],merged,3,0,[],,"['39537', '5671', '4551']","[0.39348334074020386, 0.37741291522979736, 0.3747883439064026]","['description', 'title_description', 'description']"
ai培训最厉害三个机构,['60293'],[],title_description,1,0,[],,['5917'],[0.52796471118927],['title_description']
ai培训最厉害三个机构,['60293'],[],title_description,3,0,[],,"['5917', '5273', '47242']","[0.52796471118927, 0.5211901068687439, 0.47060322761535645]","['title_description', 'title_description', 'title_description']"
ai智能培训,['60293'],[],title_description,1,0,[],,['50731'],[0.5218006372451782],['title_description']
ai智能培训,['60293'],[],title_description,3,1,['60293'],2.0,"['50731', '60293', '47242']","[0.5218006372451782, 0.520434558391571, 0.5150599479675293]","['title_description', 'title_description', 'title_description']"
alevel课程,['60293'],[],title_description,1,1,['60293'],1.0,['60293'],[0.5355368852615356],['title_description']
alevel课程,['60293'],[],title_description,3,1,['60293'],1.0,"['60293', '85', '51712']","[0.5355368852615356, 0.48634961247444153, 0.4732725918292999]","['title_description', 'title_description', 'title_description']"
plc编程培训,['60293'],[],title_description,1,1,['60293'],1.0,['60293'],[0.4671618640422821],['title_description']
plc编程培训,['60293'],[],title_description,3,1,['60293'],1.0,"['60293', '5273', '5917']","[0.4671618640422821, 0.440331369638443, 0.4392753839492798]","['title_description', 'title_description', 'title_description']"
一新驾校,['60293'],[],title_description,1,0,[],,['5917'],[0.49039584398269653],['title_description']
一新驾校,['60293'],[],title_description,3,1,['60293'],3.0,"['5917', '61111', '60293']","[0.49039584398269653, 0.4279700517654419, 0.42259207367897034]","['title_description', 'title_description', 'title_description']"
上sat培训机构,['60293'],[],title_description,1,0,[],,['5917'],[0.5810040235519409],['title_description']
上sat培训机构,['60293'],[],title_description,3,1,['60293'],3.0,"['5917', '5273', '60293']","[0.5810040235519409, 0.5524725914001465, 0.5071393251419067]","['title_description', 'title_description', 'title_description']"
东方时尚驾校,['60293'],[],title_description,1,1,['60293'],1.0,['60293'],[0.4238656759262085],['title_description']
东方时尚驾校,['60293'],[],title_description,3,1,['60293'],1.0,"['60293', '5917', '47190']","[0.4238656759262085, 0.4065753221511841, 0.4035007357597351]","['title_description', 'title_description', 'title_description']"
中山初三复读学校推荐,['60293'],[],title_description,1,0,[],,['39537'],[0.39881983399391174],['title_description']
中山初三复读学校推荐,['60293'],[],title_description,3,0,[],,"['39537', '5917', '52364']","[0.39881983399391174, 0.3955257833003998, 0.393916517496109]","['title_description', 'title_description', 'title_description']"
中山区小学生暑期素描美术培训班地址,['60293'],[],title_description,1,0,[],,['5917'],[0.34924575686454773],['title_description']
中山区小学生暑期素描美术培训班地址,['60293'],[],title_description,3,0,[],,"['5917', '5671', '5273']","[0.34924575686454773, 0.3449508547782898, 0.32396334409713745]","['title_description', 'title_description', 'title_description']"
丹棱有哪些驾校,['60293'],[],title_description,1,0,[],,['5917'],[0.42985665798187256],['title_description']
丹棱有哪些驾校,['60293'],[],title_description,3,1,['60293'],2.0,"['5917', '60293', '39537']","[0.42985665798187256, 0.42350026965141296, 0.422130823135376]","['title_description', 'title_description', 'title_description']"
五年级训练,['60293'],[],title_description,1,0,[],,['51388'],[0.5537488460540771],['title_description']
五年级训练,['60293'],[],title_description,3,0,[],,"['51388', '51381', '51382']","[0.5537488460540771, 0.5465341210365295, 0.5393004417419434]","['title_description', 'title_description', 'title_description']"
低压电工证,['60293'],[],title_description,1,1,['60293'],1.0,['60293'],[0.5283657312393188],['title_description']
低压电工证,['60293'],[],title_description,3,1,['60293'],1.0,"['60293', '51474', '5778']","[0.5283657312393188, 0.40941062569618225, 0.408573716878891]","['title_description', 'title_description', 'title_description']"
做面食在哪里培训好,['60293'],[],title_description,1,0,[],,['47272'],[0.475826233625412],['title_description']
做面食在哪里培训好,['60293'],[],title_description,3,1,['60293'],2.0,"['47272', '60293', '5917']","[0.475826233625412, 0.4649914801120758, 0.4593035876750946]","['title_description', 'title_description', 'title_description']"
儿童语言训练,['60293'],[],title_description,1,0,[],,['23'],[0.45262351632118225],['title_description']
儿童语言训练,['60293'],[],title_description,3,0,[],,"['23', '51381', '51386']","[0.45262351632118225, 0.44589924812316895, 0.44175583124160767]","['title_description', 'title_description', 'title_description']"
全国教师资格证,['60293'],[],title_description,1,1,['60293'],1.0,['60293'],[0.622215747833252],['title_description']
全国教师资格证,['60293'],[],title_description,3,1,['60293'],1.0,"['60293', '5273', '39537']","[0.622215747833252, 0.4578304886817932, 0.45109373331069946]","['title_description', 'title_description', 'title_description']"
兰州留学机构有哪些,['60293'],[],title_description,1,0,[],,['5917'],[0.5898752212524414],['title_description']
兰州留学机构有哪些,['60293'],[],title_description,3,0,[],,"['5917', '5273', '39537']","[0.5898752212524414, 0.5081644058227539, 0.5023324489593506]","['title_description', 'title_description', 'title_description']"
初三复读学校有哪些,['60293'],[],title_description,1,0,[],,['39537'],[0.4962277114391327],['title_description']
初三复读学校有哪些,['60293'],[],title_description,3,0,[],,"['39537', '52364', '5273']","[0.4962277114391327, 0.4728073477745056, 0.4645807147026062]","['title_description', 'title_description', 'title_description']"
初中生补课机构哪个好,['60293'],[],title_description,1,0,[],,['5273'],[0.5443658232688904],['title_description']
初中生补课机构哪个好,['60293'],[],title_description,3,1,['60293'],3.0,"['5273', '5917', '60293']","[0.5443658232688904, 0.49687591195106506, 0.4551157057285309]","['title_description', 'title_description', 'title_description']"
初学画画,['60293'],[],title_description,1,0,[],,['51382'],[0.44003933668136597],['title_description']
初学画画,['60293'],[],title_description,3,0,[],,"['51382', '51388', '51381']","[0.44003933668136597, 0.42684417963027954, 0.4194169342517853]","['title_description', 'title_description', 'title_description']"
剪辑培训,['60293'],[],title_description,1,1,['60293'],1.0,['60293'],[0.44565653800964355],['title_description']
剪辑培训,['60293'],[],title_description,3,1,['60293'],1.0,"['60293', '5273', '52524']","[0.44565653800964355, 0.425159752368927, 0.41740933060646057]","['title_description', 'title_description', 'title_description']"
北大研修班,['60293'],[],title_description,1,0,[],,['39537'],[0.4865690767765045],['title_description']
北大研修班,['60293'],[],title_description,3,1,['60293'],2.0,"['39537', '60293', '47242']","[0.4865690767765045, 0.48164448142051697, 0.47127535939216614]","['title_description', 'title_description', 'title_description']"
医学考研辅导班,['60293'],[],title_description,1,1,['60293'],1.0,['60293'],[0.45877933502197266],['title_description']
医学考研辅导班,['60293'],[],title_description,3,1,['60293'],1.0,"['60293', '39537', '5273']","[0.45877933502197266, 0.4136812686920166, 0.4000842571258545]","['title_description', 'title_description', 'title_description']"
单招培训机构,['60293'],[],title_description,1,0,[],,['5273'],[0.5119842290878296],['title_description']
单招培训机构,['60293'],[],title_description,3,1,['60293'],3.0,"['5273', '5917', '60293']","[0.5119842290878296, 0.5006662011146545, 0.4974270164966583]","['title_description', 'title_description', 'title_description']"
南京驾校,['60293'],[],title_description,1,0,[],,['5917'],[0.5222504734992981],['title_description']
南京驾校,['60293'],[],title_description,3,1,['60293'],3.0,"['5917', '47190', '60293']","[0.5222504734992981, 0.5064185857772827, 0.4867871403694153]","['title_description', 'title_description', 'title_description']"
南京高中暑假英语集训班,['60293'],[],title_description,1,0,[],,['5917'],[0.43378275632858276],['title_description']
南京高中暑假英语集训班,['60293'],[],title_description,3,0,[],,"['5917', '39537', '50143']","[0.43378275632858276, 0.3730771243572235, 0.3730049729347229]","['title_description', 'title_description', 'title_description']"
合肥皖建职业培训学校,['60293'],[],title_description,1,1,['60293'],1.0,['60293'],[0.49518996477127075],['title_description']
合肥皖建职业培训学校,['60293'],[],title_description,3,1,['60293'],1.0,"['60293', '5917', '5273']","[0.49518996477127075, 0.4615219533443451, 0.43765056133270264]","['title_description', 'title_description', 'title_description']"
吴忠附近有哪些驾校比较好,['60293'],[],title_description,1,0,[],,['5917'],[0.5052893161773682],['title_description']
吴忠附近有哪些驾校比较好,['60293'],[],title_description,3,0,[],,"['5917', '47190', '39537']","[0.5052893161773682, 0.4308227300643921, 0.42844483256340027]","['title_description', 'title_description', 'title_description']"
哪里化妆学校好,['60293'],[],title_description,1,0,[],,['5917'],[0.47725361585617065],['title_description']
哪里化妆学校好,['60293'],[],title_description,3,0,[],,"['5917', '39537', '52364']","[0.47725361585617065, 0.4540973901748657, 0.45077669620513916]","['title_description', 'title_description', 'title_description']"
哪里有学小吃技术,['60293'],[],title_description,1,0,[],,['47272'],[0.46135446429252625],['title_description']
哪里有学小吃技术,['60293'],[],title_description,3,1,['60293'],3.0,"['47272', '47198', '60293']","[0.46135446429252625, 0.40677496790885925, 0.3968363106250763]","['title_description', 'title_description', 'title_description']"
哪里有考电工证,['60293'],[],title_description,1,1,['60293'],1.0,['60293'],[0.5668286681175232],['title_description']
哪里有考电工证,['60293'],[],title_description,3,1,['60293'],1.0,"['60293', '5671', '47242']","[0.5668286681175232, 0.4434979259967804, 0.4430694580078125]","['title_description', 'title_description', 'title_description']"
地理生物哪家机构好,['60293'],[],title_description,1,0,[],,['5917'],[0.5486077070236206],['title_description']
地理生物哪家机构好,['60293'],[],title_description,3,0,[],,"['5917', '52364', '5273']","[0.5486077070236206, 0.5149414539337158, 0.5009092092514038]","['title_description', 'title_description', 'title_description']"
大兴区有做油画丙烯画培训的提高机构吗,['60293'],[],title_description,1,0,[],,['5917'],[0.45113405585289],['title_description']
大兴区有做油画丙烯画培训的提高机构吗,['60293'],[],title_description,3,0,[],,"['5917', '5273', '52364']","[0.45113405585289, 0.40282613039016724, 0.3594026565551758]","['title_description', 'title_description', 'title_description']"
天津新东方学校地址在哪里,['60293'],[],title_description,1,0,[],,['5917'],[0.5724673271179199],['title_description']
天津新东方学校地址在哪里,['60293'],[],title_description,3,0,[],,"['5917', '47242', '39537']","[0.5724673271179199, 0.44427478313446045, 0.43725067377090454]","['title_description', 'title_description', 'title_description']"
天津水饺培训,['60293'],[],title_description,1,0,[],,['60872'],[0.3128402829170227],['title_description']
天津水饺培训,['60293'],[],title_description,3,0,[],,"['60872', '5917', '47266']","[0.3128402829170227, 0.3087698221206665, 0.29534637928009033]","['title_description', 'title_description', 'title_description']"
太原中考复读学校推荐,['60293'],[],title_description,1,0,[],,['52364'],[0.41340160369873047],['title_description']
太原中考复读学校推荐,['60293'],[],title_description,3,0,[],,"['52364', '39537', '47242']","[0.41340160369873047, 0.40326592326164246, 0.37518441677093506]","['title_description', 'title_description', 'title_description']"
太原优路教育培训机构,['60293'],[],title_description,1,0,[],,['5917'],[0.4904213845729828],['title_description']
太原优路教育培训机构,['60293'],[],title_description,3,1,['60293'],2.0,"['5917', '60293', '5273']","[0.4904213845729828, 0.47603166103363037, 0.46484386920928955]","['title_description', 'title_description', 'title_description']"
奥林,['60293'],[],title_description,1,0,[],,['23'],[0.5484987497329712],['title_description']
奥林,['60293'],[],title_description,3,0,[],,"['23', '85', '47242']","[0.5484987497329712, 0.521660566329956, 0.46833664178848267]","['title_description', 'title_description', 'title_description']"
学会计,['60293'],[],title_description,1,0,[],,['51044'],[0.568623423576355],['title_description']
学会计,['60293'],[],title_description,3,1,['60293'],3.0,"['51044', '61111', '60293']","[0.568623423576355, 0.5564623475074768, 0.552264928817749]","['title_description', 'title_description', 'title_description']"
学大教育,['60293'],[],title_description,1,0,[],,['5273'],[0.5863250494003296],['title_description']
学大教育,['60293'],[],title_description,3,1,['60293'],2.0,"['5273', '60293', '5917']","[0.5863250494003296, 0.5619060397148132, 0.5525224208831787]","['title_description', 'title_description', 'title_description']"
学汽修技术去哪里学比较好,['60293'],[],title_description,1,0,[],,['5819'],[0.410774290561676],['title_description']
学汽修技术去哪里学比较好,['60293'],[],title_description,3,1,['60293'],2.0,"['5819', '60293', '5917']","[0.410774290561676, 0.4093571901321411, 0.40587514638900757]","['title_description', 'title_description', 'title_description']"
学编程,['60293'],[],title_description,1,1,['60293'],1.0,['60293'],[0.5290536880493164],['title_description']
学编程,['60293'],[],title_description,3,1,['60293'],1.0,"['60293', '51044', '51381']","[0.5290536880493164, 0.5204795598983765, 0.4947749078273773]","['title_description', 'title_description', 'title_description']"
学英语,['60293'],[],title_description,1,0,[],,['50143'],[0.6165835857391357],['title_description']
学英语,['60293'],[],title_description,3,0,[],,"['50143', '51388', '85']","[0.6165835857391357, 0.5754818916320801, 0.5590793490409851]","['title_description', 'title_description', 'title_description']"
小吃培训,['60293'],[],title_description,1,0,[],,['47272'],[0.451688289642334],['title_description']
小吃培训,['60293'],[],title_description,3,1,['60293'],2.0,"['47272', '60293', '5917']","[0.451688289642334, 0.4382632374763489, 0.40557053685188293]","['title_description', 'title_description', 'title_description']"
少儿教育,['60293'],[],title_description,1,0,[],,['5273'],[0.49963635206222534],['title_description']
少儿教育,['60293'],[],title_description,3,0,[],,"['5273', '51381', '51382']","[0.49963635206222534, 0.4748097062110901, 0.4587952494621277]","['title_description', 'title_description', 'title_description']"
山东骏大职业培训学校,['60293'],[],title_description,1,1,['60293'],1.0,['60293'],[0.49306613206863403],['title_description']
山东骏大职业培训学校,['60293'],[],title_description,3,1,['60293'],1.0,"['60293', '5273', '5917']","[0.49306613206863403, 0.4809192419052124, 0.48081713914871216]","['title_description', 'title_description', 'title_description']"
幼儿托管班,['60293'],[],title_description,1,0,[],,['5273'],[0.429625928401947],['title_description']
幼儿托管班,['60293'],[],title_description,3,0,[],,"['5273', '5671', '5917']","[0.429625928401947, 0.39973050355911255, 0.38165783882141113]","['title_description', 'title_description', 'title_description']"
广东番禺南方电网培训机构地址,['60293'],[],title_description,1,0,[],,['5917'],[0.4907262921333313],['title_description']
广东番禺南方电网培训机构地址,['60293'],[],title_description,3,1,['60293'],2.0,"['5917', '60293', '47242']","[0.4907262921333313, 0.4535268545150757, 0.4501393139362335]","['title_description', 'title_description', 'title_description']"
广顺通驾校,['60293'],[],title_description,1,0,[],,['5917'],[0.47025159001350403],['title_description']
广顺通驾校,['60293'],[],title_description,3,0,[],,"['5917', '47190', '60874']","[0.47025159001350403, 0.4613719582557678, 0.4529838263988495]","['title_description', 'title_description', 'title_description']"
建模培训,['60293'],[],title_description,1,1,['60293'],1.0,['60293'],[0.5226120352745056],['title_description']
建模培训,['60293'],[],title_description,3,1,['60293'],1.0,"['60293', '47242', '5273']","[0.5226120352745056, 0.489656537771225, 0.4838711619377136]","['title_description', 'title_description', 'title_description']"
徐州新东方教育培训机构,['60293'],[],title_description,1,0,[],,['5917'],[0.5409782528877258],['title_description']
徐州新东方教育培训机构,['60293'],[],title_description,3,1,['60293'],3.0,"['5917', '5273', '60293']","[0.5409782528877258, 0.481832891702652, 0.43591466546058655]","['title_description', 'title_description', 'title_description']"
心理咨询师培训,['60293'],[],title_description,1,1,['60293'],1.0,['60293'],[0.5095589756965637],['title_description']
心理咨询师培训,['60293'],[],title_description,3,1,['60293'],1.0,"['60293', '51474', '5273']","[0.5095589756965637, 0.4224790930747986, 0.4053593575954437]","['title_description', 'title_description', 'title_description']"
成都复读学校哪家好,['60293'],[],title_description,1,0,[],,['52364'],[0.4739116430282593],['title_description']
成都复读学校哪家好,['60293'],[],title_description,3,0,[],,"['52364', '39537', '5917']","[0.4739116430282593, 0.4534167945384979, 0.42326369881629944]","['title_description', 'title_description', 'title_description']"
战狼夏令营,['60293'],[],title_description,1,0,[],,['5671'],[0.28989261388778687],['title_description']
战狼夏令营,['60293'],[],title_description,3,0,[],,"['5671', '51323', '51275']","[0.28989261388778687, 0.26971435546875, 0.268130362033844]","['title_description', 'title_description', 'title_description']"
打烧饼去哪里学,['60293'],[],title_description,1,0,[],,['47198'],[0.3813632130622864],['title_description']
打烧饼去哪里学,['60293'],[],title_description,3,0,[],,"['47198', '5671', '47272']","[0.3813632130622864, 0.38004767894744873, 0.3769769072532654]","['title_description', 'title_description', 'title_description']"
执业药师培训,['60293'],[],title_description,1,1,['60293'],1.0,['60293'],[0.5613310933113098],['title_description']
执业药师培训,['60293'],[],title_description,3,1,['60293'],1.0,"['60293', '47266', '5273']","[0.5613310933113098, 0.40942156314849854, 0.40448904037475586]","['title_description', 'title_description', 'title_description']"
护理培训机构有哪些,['60293'],[],title_description,1,0,[],,['5273'],[0.5772411823272705],['title_description']
护理培训机构有哪些,['60293'],[],title_description,3,1,['60293'],3.0,"['5273', '5917', '60293']","[0.5772411823272705, 0.5566139221191406, 0.5509045720100403]","['title_description', 'title_description', 'title_description']"
教师资格证,['60293'],[],title_description,1,1,['60293'],1.0,['60293'],[0.689795196056366],['title_description']
教师资格证,['60293'],[],title_description,3,1,['60293'],1.0,"['60293', '5273', '51381']","[0.689795196056366, 0.5125669240951538, 0.49582189321517944]","['title_description', 'title_description', 'title_description']"
教育培训机构有哪些,['60293'],[],title_description,1,0,[],,['5273'],[0.6741052269935608],['title_description']
教育培训机构有哪些,['60293'],[],title_description,3,1,['60293'],3.0,"['5273', '5917', '60293']","[0.6741052269935608, 0.6114215850830078, 0.5732155442237854]","['title_description', 'title_description', 'title_description']"
数学思维训练,['60293'],[],title_description,1,0,[],,['51044'],[0.5029784440994263],['title_description']
数学思维训练,['60293'],[],title_description,3,0,[],,"['51044', '51323', '51382']","[0.5029784440994263, 0.4110061824321747, 0.4098709225654602]","['title_description', 'title_description', 'title_description']"
数控编程培训,['60293'],[],title_description,1,1,['60293'],1.0,['60293'],[0.4418247938156128],['title_description']
数控编程培训,['60293'],[],title_description,3,1,['60293'],1.0,"['60293', '5273', '51044']","[0.4418247938156128, 0.42911452054977417, 0.4169422388076782]","['title_description', 'title_description', 'title_description']"
新东方培训机构,['60293'],[],title_description,1,0,[],,['5917'],[0.6601893305778503],['title_description']
新东方培训机构,['60293'],[],title_description,3,1,['60293'],3.0,"['5917', '5273', '60293']","[0.6601893305778503, 0.5699968934059143, 0.5025341510772705]","['title_description', 'title_description', 'title_description']"
新东方有考编课程吗,['60293'],[],title_description,1,1,['60293'],1.0,['60293'],[0.5650045871734619],['title_description']
新东方有考编课程吗,['60293'],[],title_description,3,1,['60293'],1.0,"['60293', '5917', '5273']","[0.5650045871734619, 0.5182607769966125, 0.5028682351112366]","['title_description', 'title_description', 'title_description']"
新东方校区地址,['60293'],[],title_description,1,0,[],,['5917'],[0.6507822275161743],['title_description']
新东方校区地址,['60293'],[],title_description,3,0,[],,"['5917', '47242', '39537']","[0.6507822275161743, 0.5329536199569702, 0.5157465934753418]","['title_description', 'title_description', 'title_description']"
新华学校,['60293'],[],title_description,1,0,[],,['5917'],[0.5261468291282654],['title_description']
新华学校,['60293'],[],title_description,3,0,[],,"['5917', '39537', '61111']","[0.5261468291282654, 0.5246500968933105, 0.4822588562965393]","['title_description', 'title_description', 'title_description']"
无锡优路教育培训机构地址在哪里,['60293'],[],title_description,1,0,[],,['5917'],[0.549651026725769],['title_description']
无锡优路教育培训机构地址在哪里,['60293'],[],title_description,3,0,[],,"['5917', '5273', '47190']","[0.549651026725769, 0.49943214654922485, 0.4824250638484955]","['title_description', 'title_description', 'title_description']"
无锡市新吴区人工智能培训机构,['60293'],[],title_description,1,0,[],,['5917'],[0.49045708775520325],['title_description']
无锡市新吴区人工智能培训机构,['60293'],[],title_description,3,0,[],,"['5917', '50731', '5273']","[0.49045708775520325, 0.45566725730895996, 0.44746166467666626]","['title_description', 'title_description', 'title_description']"
暑期夏令营,['60293'],[],title_description,1,0,[],,['5671'],[0.41470152139663696],['title_description']
暑期夏令营,['60293'],[],title_description,3,0,[],,"['5671', '51323', '5601']","[0.41470152139663696, 0.4090951085090637, 0.3980156183242798]","['title_description', 'title_description', 'title_description']"
曲靖平面设计培训班,['60293'],[],title_description,1,1,['60293'],1.0,['60293'],[0.4339240491390228],['title_description']
曲靖平面设计培训班,['60293'],[],title_description,3,1,['60293'],1.0,"['60293', '5917', '5273']","[0.4339240491390228, 0.416950523853302, 0.41605693101882935]","['title_description', 'title_description', 'title_description']"
本溪市驾校,['60293'],[],title_description,1,0,[],,['5917'],[0.4111359119415283],['title_description']
本溪市驾校,['60293'],[],title_description,3,0,[],,"['5917', '60874', '47242']","[0.4111359119415283, 0.4094353914260864, 0.38119441270828247]","['title_description', 'title_description', 'title_description']"
株洲摩托车驾校在哪,['60293'],[],title_description,1,0,[],,['5917'],[0.43351835012435913],['title_description']
株洲摩托车驾校在哪,['60293'],[],title_description,3,1,['60293'],2.0,"['5917', '60293', '39537']","[0.43351835012435913, 0.40897509455680847, 0.38983476161956787]","['title_description', 'title_description', 'title_description']"
武汉普思教育培训学校,['60293'],[],title_description,1,0,[],,['5917'],[0.50217205286026],['title_description']
武汉普思教育培训学校,['60293'],[],title_description,3,1,['60293'],3.0,"['5917', '5273', '60293']","[0.50217205286026, 0.4835174083709717, 0.478161096572876]","['title_description', 'title_description', 'title_description']"
江安县叉车培训机构,['60293'],[],title_description,1,0,[],,['5917'],[0.36877578496932983],['title_description']
江安县叉车培训机构,['60293'],[],title_description,3,1,['60293'],3.0,"['5917', '5273', '60293']","[0.36877578496932983, 0.3653843402862549, 0.36520159244537354]","['title_description', 'title_description', 'title_description']"
注册安全师,['60293'],[],title_description,1,1,['60293'],1.0,['60293'],[0.5641960501670837],['title_description']
注册安全师,['60293'],[],title_description,3,1,['60293'],1.0,"['60293', '51474', '60265']","[0.5641960501670837, 0.4322742223739624, 0.43115007877349854]","['title_description', 'title_description', 'title_description']"
洛阳考研辅导机构哪家好,['60293'],[],title_description,1,0,[],,['5917'],[0.49944233894348145],['title_description']
洛阳考研辅导机构哪家好,['60293'],[],title_description,3,0,[],,"['5917', '52364', '39537']","[0.49944233894348145, 0.4737066626548767, 0.4506151080131531]","['title_description', 'title_description', 'title_description']"
济南乐艺画室,['60293'],[],title_description,1,0,[],,['39537'],[0.3697633445262909],['title_description']
济南乐艺画室,['60293'],[],title_description,3,0,[],,"['39537', '5917', '4551']","[0.3697633445262909, 0.36438798904418945, 0.3619895577430725]","['title_description', 'title_description', 'title_description']"
济南新东方培训学校,['60293'],[],title_description,1,0,[],,['5917'],[0.5785571932792664],['title_description']
济南新东方培训学校,['60293'],[],title_description,3,0,[],,"['5917', '5273', '39537']","[0.5785571932792664, 0.47571098804473877, 0.4677010774612427]","['title_description', 'title_description', 'title_description']"
济南考研机构招数学专业老师,['60293'],[],title_description,1,0,[],,['39537'],[0.4612077474594116],['title_description']
济南考研机构招数学专业老师,['60293'],[],title_description,3,0,[],,"['39537', '5273', '52364']","[0.4612077474594116, 0.455991268157959, 0.45257648825645447]","['title_description', 'title_description', 'title_description']"
消防设施操作员培训,['60293'],[],title_description,1,1,['60293'],1.0,['60293'],[0.45678308606147766],['title_description']
消防设施操作员培训,['60293'],[],title_description,3,1,['60293'],1.0,"['60293', '5273', '5917']","[0.45678308606147766, 0.3701097369194031, 0.36496949195861816]","['title_description', 'title_description', 'title_description']"
深圳哪里有学习ai使用的地方,['60293'],[],title_description,1,0,[],,['47242'],[0.491360068321228],['title_description']
深圳哪里有学习ai使用的地方,['60293'],[],title_description,3,0,[],,"['47242', '50731', '5917']","[0.491360068321228, 0.4655493199825287, 0.4595039486885071]","['title_description', 'title_description', 'title_description']"
溧水数控车床培训,['60293'],[],title_description,1,0,[],,['5273'],[0.39123645424842834],['title_description']
溧水数控车床培训,['60293'],[],title_description,3,1,['60293'],2.0,"['5273', '60293', '5917']","[0.39123645424842834, 0.3886066973209381, 0.3853926658630371]","['title_description', 'title_description', 'title_description']"
焊工培训学校哪里好,['60293'],[],title_description,1,1,['60293'],1.0,['60293'],[0.45288944244384766],['title_description']
焊工培训学校哪里好,['60293'],[],title_description,3,1,['60293'],1.0,"['60293', '5917', '39537']","[0.45288944244384766, 0.4509037733078003, 0.41345542669296265]","['title_description', 'title_description', 'title_description']"
焊工操作证,['60293'],[],title_description,1,1,['60293'],1.0,['60293'],[0.5260976552963257],['title_description']
焊工操作证,['60293'],[],title_description,3,1,['60293'],1.0,"['60293', '267', '51044']","[0.5260976552963257, 0.4383033215999603, 0.410818874835968]","['title_description', 'title_description', 'title_description']"
现在留学去哪个国家好,['60293'],[],title_description,1,0,[],,['5917'],[0.49749743938446045],['title_description']
现在留学去哪个国家好,['60293'],[],title_description,3,0,[],,"['5917', '52364', '62106']","[0.49749743938446045, 0.49273139238357544, 0.46221262216567993]","['title_description', 'title_description', 'title_description']"
生煎包哪里学的正宗,['60293'],[],title_description,1,0,[],,['47272'],[0.35423678159713745],['title_description']
生煎包哪里学的正宗,['60293'],[],title_description,3,0,[],,"['47272', '5917', '51388']","[0.35423678159713745, 0.3363478481769562, 0.32635408639907837]","['title_description', 'title_description', 'title_description']"
电工培训,['60293'],[],title_description,1,1,['60293'],1.0,['60293'],[0.49642619490623474],['title_description']
电工培训,['60293'],[],title_description,3,1,['60293'],1.0,"['60293', '5273', '47266']","[0.49642619490623474, 0.43320804834365845, 0.42030811309814453]","['title_description', 'title_description', 'title_description']"
电脑培训学校,['60293'],[],title_description,1,0,[],,['5273'],[0.46060436964035034],['title_description']
电脑培训学校,['60293'],[],title_description,3,1,['60293'],3.0,"['5273', '5917', '60293']","[0.46060436964035034, 0.4450376331806183, 0.42081964015960693]","['title_description', 'title_description', 'title_description']"
留学 咨询,['60293'],[],title_description,1,1,['60293'],1.0,['60293'],[0.5878027677536011],['title_description']
留学 咨询,['60293'],[],title_description,3,1,['60293'],1.0,"['60293', '5917', '52364']","[0.5878027677536011, 0.5510814189910889, 0.518494725227356]","['title_description', 'title_description', 'title_description']"
番禺市桥英语成人培训班地址,['60293'],[],title_description,1,0,[],,['5917'],[0.4703880250453949],['title_description']
番禺市桥英语成人培训班地址,['60293'],[],title_description,3,1,['60293'],2.0,"['5917', '60293', '47198']","[0.4703880250453949, 0.39150211215019226, 0.38570165634155273]","['title_description', 'title_description', 'title_description']"
盐城江消消防培训学校地址在哪里,['60293'],[],title_description,1,0,[],,['5917'],[0.4427260756492615],['title_description']
盐城江消消防培训学校地址在哪里,['60293'],[],title_description,3,1,['60293'],2.0,"['5917', '60293', '39537']","[0.4427260756492615, 0.4071912467479706, 0.3937057852745056]","['title_description', 'title_description', 'title_description']"
短视频运营,['60293'],[],title_description,1,0,[],,['51275'],[0.4818352460861206],['title_description']
短视频运营,['60293'],[],title_description,3,0,[],,"['51275', '60977', '47272']","[0.4818352460861206, 0.4340243935585022, 0.4288824200630188]","['title_description', 'title_description', 'title_description']"
石家庄理发学校哪家好,['60293'],[],title_description,1,0,[],,['39537'],[0.3984920382499695],['title_description']
石家庄理发学校哪家好,['60293'],[],title_description,3,0,[],,"['39537', '5917', '52364']","[0.3984920382499695, 0.3917074501514435, 0.390183687210083]","['title_description', 'title_description', 'title_description']"
研途考研集训营在哪,['60293'],[],title_description,1,0,[],,['5917'],[0.527227520942688],['title_description']
研途考研集训营在哪,['60293'],[],title_description,3,1,['60293'],2.0,"['5917', '60293', '39537']","[0.527227520942688, 0.5084711909294128, 0.5082775950431824]","['title_description', 'title_description', 'title_description']"
福州高三复读学校,['60293'],[],title_description,1,0,[],,['39537'],[0.40744149684906006],['title_description']
福州高三复读学校,['60293'],[],title_description,3,0,[],,"['39537', '52364', '5273']","[0.40744149684906006, 0.3742307424545288, 0.35003432631492615]","['title_description', 'title_description', 'title_description']"
美容美发培训学校,['60293'],[],title_description,1,0,[],,['5917'],[0.4125927686691284],['title_description']
美容美发培训学校,['60293'],[],title_description,3,0,[],,"['5917', '5273', '39537']","[0.4125927686691284, 0.40109091997146606, 0.3743080496788025]","['title_description', 'title_description', 'title_description']"
美术培训,['60293'],[],title_description,1,0,[],,['5273'],[0.44250231981277466],['title_description']
美术培训,['60293'],[],title_description,3,1,['60293'],2.0,"['5273', '60293', '5917']","[0.44250231981277466, 0.4279807507991791, 0.4278056025505066]","['title_description', 'title_description', 'title_description']"
考研机构哪家好,['60293'],[],title_description,1,0,[],,['5273'],[0.633734941482544],['title_description']
考研机构哪家好,['60293'],[],title_description,3,1,['60293'],3.0,"['5273', '5917', '60293']","[0.633734941482544, 0.5998508930206299, 0.5665602684020996]","['title_description', 'title_description', 'title_description']"
肠粉培训,['60293'],[],title_description,1,0,[],,['47272'],[0.3753225803375244],['title_description']
肠粉培训,['60293'],[],title_description,3,1,['60293'],3.0,"['47272', '5917', '60293']","[0.3753225803375244, 0.357453316450119, 0.3412674069404602]","['title_description', 'title_description', 'title_description']"
育婴师,['60293'],[],title_description,1,1,['60293'],1.0,['60293'],[0.4605611562728882],['title_description']
育婴师,['60293'],[],title_description,3,1,['60293'],1.0,"['60293', '5273', '51474']","[0.4605611562728882, 0.43481945991516113, 0.40191489458084106]","['title_description', 'title_description', 'title_description']"
艺术留学,['60293'],[],title_description,1,0,[],,['4551'],[0.48382046818733215],['title_description']
艺术留学,['60293'],[],title_description,3,1,['60293'],2.0,"['4551', '60293', '5917']","[0.48382046818733215, 0.4631841778755188, 0.4621509611606598]","['title_description', 'title_description', 'title_description']"
艺考集训班,['60293'],[],title_description,1,1,['60293'],1.0,['60293'],[0.5194993615150452],['title_description']
艺考集训班,['60293'],[],title_description,3,1,['60293'],1.0,"['60293', '5273', '39537']","[0.5194993615150452, 0.498117595911026, 0.48780107498168945]","['title_description', 'title_description', 'title_description']"
苏州哪里学摩托车驾驶证,['60293'],[],title_description,1,1,['60293'],1.0,['60293'],[0.3800022006034851],['title_description']
苏州哪里学摩托车驾驶证,['60293'],[],title_description,3,1,['60293'],1.0,"['60293', '5917', '47190']","[0.3800022006034851, 0.3747101426124573, 0.3477766215801239]","['title_description', 'title_description', 'title_description']"
英孚英语,['60293'],[],title_description,1,0,[],,['5917'],[0.5510792136192322],['title_description']
英孚英语,['60293'],[],title_description,3,0,[],,"['5917', '50143', '85']","[0.5510792136192322, 0.5458809733390808, 0.5119222402572632]","['title_description', 'title_description', 'title_description']"
英语培训,['60293'],[],title_description,1,0,[],,['50143'],[0.535496175289154],['title_description']
英语培训,['60293'],[],title_description,3,0,[],,"['50143', '5917', '62172']","[0.535496175289154, 0.5190505385398865, 0.5021530389785767]","['title_description', 'title_description', 'title_description']"
蛋糕培训,['60293'],[],title_description,1,1,['60293'],1.0,['60293'],[0.4539492130279541],['title_description']
蛋糕培训,['60293'],[],title_description,3,1,['60293'],1.0,"['60293', '5273', '5917']","[0.4539492130279541, 0.4110345244407654, 0.397787481546402]","['title_description', 'title_description', 'title_description']"
衡水桃城区有哪些编程培训机构,['60293'],[],title_description,1,0,[],,['5917'],[0.4884690046310425],['title_description']
衡水桃城区有哪些编程培训机构,['60293'],[],title_description,3,0,[],,"['5917', '5273', '39537']","[0.4884690046310425, 0.47774410247802734, 0.42633432149887085]","['title_description', 'title_description', 'title_description']"
西安新东方烹饪学校,['60293'],[],title_description,1,0,[],,['5917'],[0.4430961608886719],['title_description']
西安新东方烹饪学校,['60293'],[],title_description,3,0,[],,"['5917', '47272', '52364']","[0.4430961608886719, 0.42964476346969604, 0.40983885526657104]","['title_description', 'title_description', 'title_description']"
西点培训,['60293'],[],title_description,1,1,['60293'],1.0,['60293'],[0.46535050868988037],['title_description']
西点培训,['60293'],[],title_description,3,1,['60293'],1.0,"['60293', '5917', '47272']","[0.46535050868988037, 0.44904085993766785, 0.4384527802467346]","['title_description', 'title_description', 'title_description']"
训练营,['60293'],[],title_description,1,0,[],,['51275'],[0.49274498224258423],['title_description']
训练营,['60293'],[],title_description,3,1,['60293'],3.0,"['51275', '5671', '60293']","[0.49274498224258423, 0.4904177784919739, 0.48993873596191406]","['title_description', 'title_description', 'title_description']"
设计师,['60293'],[],title_description,1,0,[],,['5144'],[0.44815969467163086],['title_description']
设计师,['60293'],[],title_description,3,0,[],,"['5144', '60977', '51044']","[0.44815969467163086, 0.43540847301483154, 0.4333450198173523]","['title_description', 'title_description', 'title_description']"
课外辅导一对一,['60293'],[],title_description,1,1,['60293'],1.0,['60293'],[0.5172533392906189],['title_description']
课外辅导一对一,['60293'],[],title_description,3,1,['60293'],1.0,"['60293', '5273', '5917']","[0.5172533392906189, 0.5134509205818176, 0.47387832403182983]","['title_description', 'title_description', 'title_description']"
课程培训班,['60293'],[],title_description,1,1,['60293'],1.0,['60293'],[0.6419997215270996],['title_description']
课程培训班,['60293'],[],title_description,3,1,['60293'],1.0,"['60293', '5273', '5917']","[0.6419997215270996, 0.5958117246627808, 0.541129469871521]","['title_description', 'title_description', 'title_description']"
贵阳公安联考培训机构,['60293'],[],title_description,1,1,['60293'],1.0,['60293'],[0.41936564445495605],['title_description']
贵阳公安联考培训机构,['60293'],[],title_description,3,1,['60293'],1.0,"['60293', '5917', '39537']","[0.41936564445495605, 0.3916177749633789, 0.3825073838233948]","['title_description', 'title_description', 'title_description']"
那里有无人机培训班,['60293'],[],title_description,1,0,[],,['5917'],[0.503902792930603],['title_description']
那里有无人机培训班,['60293'],[],title_description,3,1,['60293'],2.0,"['5917', '60293', '47242']","[0.503902792930603, 0.4970358610153198, 0.48046624660491943]","['title_description', 'title_description', 'title_description']"
郑州小升初冲刺班哪个好,['60293'],[],title_description,1,0,[],,['39537'],[0.4385727047920227],['title_description']
郑州小升初冲刺班哪个好,['60293'],[],title_description,3,0,[],,"['39537', '5273', '5917']","[0.4385727047920227, 0.42464640736579895, 0.40510353446006775]","['title_description', 'title_description', 'title_description']"
郑州市四禾美术学校,['60293'],[],title_description,1,0,[],,['39537'],[0.44292858242988586],['title_description']
郑州市四禾美术学校,['60293'],[],title_description,3,0,[],,"['39537', '5917', '52364']","[0.44292858242988586, 0.4283406734466553, 0.3963834047317505]","['title_description', 'title_description', 'title_description']"
重庆渝中区巴蜀职业培训学校,['60293'],[],title_description,1,1,['60293'],1.0,['60293'],[0.4603097140789032],['title_description']
重庆渝中区巴蜀职业培训学校,['60293'],[],title_description,3,1,['60293'],1.0,"['60293', '5917', '5273']","[0.4603097140789032, 0.42998403310775757, 0.4184589982032776]","['title_description', 'title_description', 'title_description']"
量化交易培训哪个机构好,['60293'],[],title_description,1,0,[],,['5273'],[0.5222958326339722],['title_description']
量化交易培训哪个机构好,['60293'],[],title_description,3,1,['60293'],3.0,"['5273', '5917', '60293']","[0.5222958326339722, 0.5001159906387329, 0.4720727205276489]","['title_description', 'title_description', 'title_description']"
锦骏驾校,['60293'],[],title_description,1,0,[],,['5917'],[0.48368823528289795],['title_description']
锦骏驾校,['60293'],[],title_description,3,1,['60293'],2.0,"['5917', '60293', '47190']","[0.48368823528289795, 0.470223605632782, 0.4670172929763794]","['title_description', 'title_description', 'title_description']"
长春市粉笔考公培训机构在哪,['60293'],[],title_description,1,0,[],,['5917'],[0.46351075172424316],['title_description']
长春市粉笔考公培训机构在哪,['60293'],[],title_description,3,1,['60293'],2.0,"['5917', '60293', '39537']","[0.46351075172424316, 0.45771002769470215, 0.43128523230552673]","['title_description', 'title_description', 'title_description']"
长沙哪个驾校口碑最好,['60293'],[],title_description,1,0,[],,['5819'],[0.48891884088516235],['title_description']
长沙哪个驾校口碑最好,['60293'],[],title_description,3,0,[],,"['5819', '5917', '50574']","[0.48891884088516235, 0.4555903673171997, 0.424781858921051]","['title_description', 'title_description', 'title_description']"
附近哪里有英语辅导班,['60293'],[],title_description,1,0,[],,['5917'],[0.5440386533737183],['title_description']
附近哪里有英语辅导班,['60293'],[],title_description,3,0,[],,"['5917', '50143', '5273']","[0.5440386533737183, 0.5037751197814941, 0.47231537103652954]","['title_description', 'title_description', 'title_description']"
附近培训计算机二级的机构在哪里,['60293'],[],title_description,1,0,[],,['5917'],[0.5095734596252441],['title_description']
附近培训计算机二级的机构在哪里,['60293'],[],title_description,3,1,['60293'],3.0,"['5917', '5273', '60293']","[0.5095734596252441, 0.4855756163597107, 0.4827134907245636]","['title_description', 'title_description', 'title_description']"
附近学叉车证的地方,['60293'],[],title_description,1,1,['60293'],1.0,['60293'],[0.5480159521102905],['title_description']
附近学叉车证的地方,['60293'],[],title_description,3,1,['60293'],1.0,"['60293', '5917', '47198']","[0.5480159521102905, 0.4795132875442505, 0.4428960680961609]","['title_description', 'title_description', 'title_description']"
附近的游泳培训班,['60293'],[],title_description,1,0,[],,['5917'],[0.5173725485801697],['title_description']
附近的游泳培训班,['60293'],[],title_description,3,0,[],,"['5917', '5273', '47242']","[0.5173725485801697, 0.46757054328918457, 0.4603768587112427]","['title_description', 'title_description', 'title_description']"
附近的美术培训班,['60293'],[],title_description,1,0,[],,['5917'],[0.5042892694473267],['title_description']
附近的美术培训班,['60293'],[],title_description,3,0,[],,"['5917', '47190', '47242']","[0.5042892694473267, 0.455355703830719, 0.45442524552345276]","['title_description', 'title_description', 'title_description']"
附近的高中补习班,['60293'],[],title_description,1,0,[],,['5917'],[0.5178741216659546],['title_description']
附近的高中补习班,['60293'],[],title_description,3,0,[],,"['5917', '5273', '39537']","[0.5178741216659546, 0.5053635835647583, 0.5020260810852051]","['title_description', 'title_description', 'title_description']"
附近考公培训机构,['60293'],[],title_description,1,1,['60293'],1.0,['60293'],[0.5843350887298584],['title_description']
附近考公培训机构,['60293'],[],title_description,3,1,['60293'],1.0,"['60293', '5917', '5273']","[0.5843350887298584, 0.5744601488113403, 0.5151715278625488]","['title_description', 'title_description', 'title_description']"
附近驾校在哪里,['60293'],[],title_description,1,0,[],,['5917'],[0.5658106207847595],['title_description']
附近驾校在哪里,['60293'],[],title_description,3,1,['60293'],2.0,"['5917', '60293', '47190']","[0.5658106207847595, 0.5424846410751343, 0.5356689691543579]","['title_description', 'title_description', 'title_description']"
零基础健身,['60293'],[],title_description,1,0,[],,['61111'],[0.37897011637687683],['title_description']
零基础健身,['60293'],[],title_description,3,0,[],,"['61111', '5601', '5550']","[0.37897011637687683, 0.37130093574523926, 0.35948342084884644]","['title_description', 'title_description', 'title_description']"
青少年特训学校,['60293'],[],title_description,1,0,[],,['5273'],[0.41422849893569946],['title_description']
青少年特训学校,['60293'],[],title_description,3,0,[],,"['5273', '39537', '5917']","[0.41422849893569946, 0.4066477119922638, 0.3975277841091156]","['title_description', 'title_description', 'title_description']"
高智远驾校,['60293'],[],title_description,1,0,[],,['5917'],[0.4256402850151062],['title_description']
高智远驾校,['60293'],[],title_description,3,1,['60293'],3.0,"['5917', '60874', '60293']","[0.4256402850151062, 0.40755772590637207, 0.40242528915405273]","['title_description', 'title_description', 'title_description']"
高考机构,['60293'],[],title_description,1,0,[],,['5273'],[0.6406246423721313],['title_description']
高考机构,['60293'],[],title_description,3,1,['60293'],2.0,"['5273', '60293', '5917']","[0.6406246423721313, 0.6130361557006836, 0.5949820280075073]","['title_description', 'title_description', 'title_description']"
黄埔军事夏令营,['60293'],[],title_description,1,0,[],,['5671'],[0.37741291522979736],['title_description']
黄埔军事夏令营,['60293'],[],title_description,3,0,[],,"['5671', '4551', '39537']","[0.37741291522979736, 0.37104007601737976, 0.37080687284469604]","['title_description', 'title_description', 'title_description']"
