query,gold_ids,missing_gold_ids,view,k,pass_at_k,hit_ids,first_hit_rank,recall_ids,recall_scores,recall_views
',['50143'],[],description,1,0,[],,['51388'],[0.5595174431800842],['description']
',['50143'],[],description,3,0,[],,"['51388', '85', '23']","[0.5595174431800842, 0.5588485598564148, 0.5389033555984497]","['description', 'description', 'description']"
7.5千克英语怎么念,['50143'],[],description,1,0,[],,['62172'],[0.5038943290710449],['description']
7.5千克英语怎么念,['50143'],[],description,3,1,['50143'],3.0,"['62172', '85', '50143']","[0.5038943290710449, 0.5019534826278687, 0.4891461133956909]","['description', 'description', 'description']"
7:50用英语怎么说,['50143'],[],description,1,0,[],,['85'],[0.5272445678710938],['description']
7:50用英语怎么说,['50143'],[],description,3,1,['50143'],3.0,"['85', '62172', '50143']","[0.5272445678710938, 0.5213366746902466, 0.5182219743728638]","['description', 'description', 'description']"
a tummy ache,['50143'],[],description,1,0,[],,['51377'],[0.4115406572818756],['description']
a tummy ache,['50143'],[],description,3,0,[],,"['51377', '51388', '85']","[0.4115406572818756, 0.40972983837127686, 0.3935471177101135]","['description', 'description', 'description']"
abult,['50143'],[],description,1,0,[],,['51323'],[0.5037081837654114],['description']
abult,['50143'],[],description,3,0,[],,"['51323', '51388', '60977']","[0.5037081837654114, 0.4988532066345215, 0.48459041118621826]","['description', 'description', 'description']"
albinisim,['50143'],[],description,1,0,[],,['51388'],[0.4399054944515228],['description']
albinisim,['50143'],[],description,3,0,[],,"['51388', '51323', '85']","[0.4399054944515228, 0.41635945439338684, 0.41359710693359375]","['description', 'description', 'description']"
auard,['50143'],[],description,1,0,[],,['51323'],[0.5039639472961426],['description']
auard,['50143'],[],description,3,0,[],,"['51323', '51377', '51388']","[0.5039639472961426, 0.502137303352356, 0.49458301067352295]","['description', 'description', 'description']"
balbr是什么意思,['50143'],[],description,1,0,[],,['51388'],[0.5696008205413818],['description']
balbr是什么意思,['50143'],[],description,3,0,[],,"['51388', '85', '62172']","[0.5696008205413818, 0.5564764142036438, 0.532899022102356]","['description', 'description', 'description']"
bare body oil massage,['50143'],[],description,1,0,[],,['60977'],[0.38602516055107117],['description']
bare body oil massage,['50143'],[],description,3,0,[],,"['60977', '5671', '51377']","[0.38602516055107117, 0.3770948648452759, 0.3679565191268921]","['description', 'description', 'description']"
big out,['50143'],[],description,1,0,[],,['51323'],[0.5462198257446289],['description']
big out,['50143'],[],description,3,0,[],,"['51323', '60977', '51388']","[0.5462198257446289, 0.4936144948005676, 0.4885152280330658]","['description', 'description', 'description']"
btb是什么意思,['50143'],[],description,1,0,[],,['51388'],[0.5368974804878235],['description']
btb是什么意思,['50143'],[],description,3,0,[],,"['51388', '36607', '85']","[0.5368974804878235, 0.4900805950164795, 0.4868939518928528]","['description', 'description', 'description']"
builder建筑工人英语怎么说,['50143'],[],description,1,0,[],,['62172'],[0.5079101920127869],['description']
builder建筑工人英语怎么说,['50143'],[],description,3,1,['50143'],2.0,"['62172', '50143', '85']","[0.5079101920127869, 0.5035292506217957, 0.5031986832618713]","['description', 'description', 'description']"
clourful,['50143'],[],description,1,0,[],,['51388'],[0.542265772819519],['description']
clourful,['50143'],[],description,3,0,[],,"['51388', '60977', '85']","[0.542265772819519, 0.5336275100708008, 0.5323154926300049]","['description', 'description', 'description']"
cosnova,['50143'],[],description,1,0,[],,['60977'],[0.5204528570175171],['description']
cosnova,['50143'],[],description,3,0,[],,"['60977', '51323', '51388']","[0.5204528570175171, 0.5181341171264648, 0.4962347447872162]","['description', 'description', 'description']"
crear,['50143'],[],description,1,0,[],,['60977'],[0.5288374423980713],['description']
crear,['50143'],[],description,3,0,[],,"['60977', '51388', '51323']","[0.5288374423980713, 0.5223278999328613, 0.5165891647338867]","['description', 'description', 'description']"
creo怎么读音,['50143'],[],description,1,0,[],,['51388'],[0.49133986234664917],['description']
creo怎么读音,['50143'],[],description,3,0,[],,"['51388', '52336', '85']","[0.49133986234664917, 0.46501463651657104, 0.4580234885215759]","['description', 'description', 'description']"
cries aloud,['50143'],[],description,1,0,[],,['23'],[0.4549562335014343],['description']
cries aloud,['50143'],[],description,3,0,[],,"['23', '51323', '51377']","[0.4549562335014343, 0.4297567903995514, 0.4261206388473511]","['description', 'description', 'description']"
dis count,['50143'],[],description,1,0,[],,['5671'],[0.5527557730674744],['description']
dis count,['50143'],[],description,3,0,[],,"['5671', '60977', '50192']","[0.5527557730674744, 0.5457305908203125, 0.5158364772796631]","['description', 'description', 'description']"
dogs and people,['50143'],[],description,1,0,[],,['47242'],[0.41992056369781494],['description']
dogs and people,['50143'],[],description,3,0,[],,"['47242', '5671', '60977']","[0.41992056369781494, 0.4100366234779358, 0.40290769934654236]","['description', 'description', 'description']"
eat for,['50143'],[],description,1,0,[],,['47272'],[0.5198639631271362],['description']
eat for,['50143'],[],description,3,0,[],,"['47272', '5601', '51323']","[0.5198639631271362, 0.5000278949737549, 0.4912418723106384]","['description', 'description', 'description']"
ea的发音,['50143'],[],description,1,0,[],,['51388'],[0.5185376405715942],['description']
ea的发音,['50143'],[],description,3,0,[],,"['51388', '85', '62172']","[0.5185376405715942, 0.5130188465118408, 0.5038815140724182]","['description', 'description', 'description']"
engi,['50143'],[],description,1,0,[],,['85'],[0.5303938984870911],['description']
engi,['50143'],[],description,3,1,['50143'],2.0,"['85', '50143', '51044']","[0.5303938984870911, 0.5243211984634399, 0.5182350873947144]","['description', 'description', 'description']"
exceotional,['50143'],[],description,1,0,[],,['85'],[0.5164072513580322],['description']
exceotional,['50143'],[],description,3,1,['50143'],2.0,"['85', '50143', '51388']","[0.5164072513580322, 0.5006763935089111, 0.49301451444625854]","['description', 'description', 'description']"
express ourselves怎么读,['50143'],[],description,1,0,[],,['62172'],[0.539421558380127],['description']
express ourselves怎么读,['50143'],[],description,3,1,['50143'],3.0,"['62172', '85', '50143']","[0.539421558380127, 0.528999924659729, 0.5276830792427063]","['description', 'description', 'description']"
facing difficulties,['50143'],[],description,1,0,[],,['60977'],[0.46371641755104065],['description']
facing difficulties,['50143'],[],description,3,0,[],,"['60977', '60293', '51388']","[0.46371641755104065, 0.44233882427215576, 0.4401399791240692]","['description', 'description', 'description']"
"first name,mistake,country,same怎么读",['50143'],[],description,1,0,[],,['51381'],[0.476990282535553],['description']
"first name,mistake,country,same怎么读",['50143'],[],description,3,1,['50143'],2.0,"['51381', '50143', '85']","[0.476990282535553, 0.46030619740486145, 0.45862650871276855]","['description', 'description', 'description']"
get more interest,['50143'],[],description,1,0,[],,['60977'],[0.5002245306968689],['description']
get more interest,['50143'],[],description,3,0,[],,"['60977', '62106', '85']","[0.5002245306968689, 0.49250441789627075, 0.49212902784347534]","['description', 'description', 'description']"
glaciertails怎么读,['50143'],[],description,1,0,[],,['85'],[0.4640481472015381],['description']
glaciertails怎么读,['50143'],[],description,3,0,[],,"['85', '62172', '51323']","[0.4640481472015381, 0.44344621896743774, 0.4415867328643799]","['description', 'description', 'description']"
gl表示什么意思,['50143'],[],description,1,0,[],,['51388'],[0.5248070955276489],['description']
gl表示什么意思,['50143'],[],description,3,0,[],,"['51388', '85', '51386']","[0.5248070955276489, 0.5010305643081665, 0.4855342507362366]","['description', 'description', 'description']"
gnrh,['50143'],[],description,1,0,[],,['51388'],[0.49044498801231384],['description']
gnrh,['50143'],[],description,3,0,[],,"['51388', '51323', '51381']","[0.49044498801231384, 0.48424893617630005, 0.4749043583869934]","['description', 'description', 'description']"
guest greeting pine怎么读,['50143'],[],description,1,0,[],,['51388'],[0.48564404249191284],['description']
guest greeting pine怎么读,['50143'],[],description,3,0,[],,"['51388', '51377', '5671']","[0.48564404249191284, 0.4751971960067749, 0.4501360356807709]","['description', 'description', 'description']"
gymn,['50143'],[],description,1,0,[],,['51388'],[0.5183531641960144],['description']
gymn,['50143'],[],description,3,0,[],,"['51388', '51377', '51323']","[0.5183531641960144, 0.5121899843215942, 0.5054692625999451]","['description', 'description', 'description']"
have rest,['50143'],[],description,1,0,[],,['5601'],[0.5562773942947388],['description']
have rest,['50143'],[],description,3,0,[],,"['5601', '5671', '51323']","[0.5562773942947388, 0.5098639726638794, 0.46921616792678833]","['description', 'description', 'description']"
hurse,['50143'],[],description,1,0,[],,['51388'],[0.5013999938964844],['description']
hurse,['50143'],[],description,3,0,[],,"['51388', '51377', '5601']","[0.5013999938964844, 0.4873763620853424, 0.48180651664733887]","['description', 'description', 'description']"
i see a bird,['50143'],[],description,1,0,[],,['51388'],[0.45759376883506775],['description']
i see a bird,['50143'],[],description,3,0,[],,"['51388', '85', '47242']","[0.45759376883506775, 0.44916975498199463, 0.4484993815422058]","['description', 'description', 'description']"
ieg,['50143'],[],description,1,0,[],,['51388'],[0.531301736831665],['description']
ieg,['50143'],[],description,3,0,[],,"['51388', '85', '5601']","[0.531301736831665, 0.5297425985336304, 0.5278688669204712]","['description', 'description', 'description']"
it can keep us safe,['50143'],[],description,1,0,[],,['60977'],[0.47457176446914673],['description']
it can keep us safe,['50143'],[],description,3,0,[],,"['60977', '5671', '85']","[0.47457176446914673, 0.44256407022476196, 0.4373735189437866]","['description', 'description', 'description']"
keeo of the grass,['50143'],[],description,1,0,[],,['51377'],[0.5367003679275513],['description']
keeo of the grass,['50143'],[],description,3,0,[],,"['51377', '51323', '51388']","[0.5367003679275513, 0.5342626571655273, 0.5159835815429688]","['description', 'description', 'description']"
morgan stanley & co.international plc. 翻译,['50143'],[],description,1,0,[],,['5432'],[0.39743781089782715],['description']
morgan stanley & co.international plc. 翻译,['50143'],[],description,3,0,[],,"['5432', '62172', '5428']","[0.39743781089782715, 0.3814857602119446, 0.378521591424942]","['description', 'description', 'description']"
passageabout是什么意思,['50143'],[],description,1,0,[],,['51388'],[0.560531735420227],['description']
passageabout是什么意思,['50143'],[],description,3,0,[],,"['51388', '85', '51386']","[0.560531735420227, 0.5535664558410645, 0.5453514456748962]","['description', 'description', 'description']"
peaches are great,['50143'],[],description,1,0,[],,['60977'],[0.48147329688072205],['description']
peaches are great,['50143'],[],description,3,0,[],,"['60977', '51388', '51377']","[0.48147329688072205, 0.4627167582511902, 0.4420337378978729]","['description', 'description', 'description']"
point of embarkation,['50143'],[],description,1,0,[],,['5671'],[0.5440986156463623],['description']
point of embarkation,['50143'],[],description,3,0,[],,"['5671', '47198', '62106']","[0.5440986156463623, 0.5150977373123169, 0.5100184082984924]","['description', 'description', 'description']"
point to your eyes翻译成中文,['50143'],[],description,1,0,[],,['85'],[0.5183480978012085],['description']
point to your eyes翻译成中文,['50143'],[],description,3,0,[],,"['85', '62172', '47198']","[0.5183480978012085, 0.5066667795181274, 0.4963778853416443]","['description', 'description', 'description']"
postive翻译成中文,['50143'],[],description,1,0,[],,['51388'],[0.640381395816803],['description']
postive翻译成中文,['50143'],[],description,3,0,[],,"['51388', '85', '62172']","[0.640381395816803, 0.6322448253631592, 0.6088241934776306]","['description', 'description', 'description']"
productor,['50143'],[],description,1,0,[],,['60977'],[0.515076756477356],['description']
productor,['50143'],[],description,3,0,[],,"['60977', '51377', '5144']","[0.515076756477356, 0.48649510741233826, 0.4835049510002136]","['description', 'description', 'description']"
ps格栅英语,['50143'],[],description,1,0,[],,['85'],[0.44822588562965393],['description']
ps格栅英语,['50143'],[],description,3,1,['50143'],3.0,"['85', '62172', '50143']","[0.44822588562965393, 0.4439278244972229, 0.4414072632789612]","['description', 'description', 'description']"
purpose fuels passion什么意思,['50143'],[],description,1,0,[],,['85'],[0.45520997047424316],['description']
purpose fuels passion什么意思,['50143'],[],description,3,1,['50143'],3.0,"['85', '51388', '50143']","[0.45520997047424316, 0.4528169631958008, 0.44186440110206604]","['description', 'description', 'description']"
put. on,['50143'],[],description,1,0,[],,['60977'],[0.5306709408760071],['description']
put. on,['50143'],[],description,3,0,[],,"['60977', '51388', '51377']","[0.5306709408760071, 0.5010626912117004, 0.4854380190372467]","['description', 'description', 'description']"
puty,['50143'],[],description,1,0,[],,['51388'],[0.480044960975647],['description']
puty,['50143'],[],description,3,0,[],,"['51388', '60977', '51044']","[0.480044960975647, 0.46115636825561523, 0.4551420509815216]","['description', 'description', 'description']"
schooland,['50143'],[],description,1,0,[],,['60293'],[0.5549081563949585],['description']
schooland,['50143'],[],description,3,0,[],,"['60293', '5917', '4551']","[0.5549081563949585, 0.5327132940292358, 0.525883674621582]","['description', 'description', 'description']"
smallowed,['50143'],[],description,1,0,[],,['51388'],[0.49296581745147705],['description']
smallowed,['50143'],[],description,3,0,[],,"['51388', '23', '85']","[0.49296581745147705, 0.4890953600406647, 0.4848710298538208]","['description', 'description', 'description']"
sundae time是什么意思,['50143'],[],description,1,0,[],,['85'],[0.4761822819709778],['description']
sundae time是什么意思,['50143'],[],description,3,0,[],,"['85', '51388', '62172']","[0.4761822819709778, 0.46416792273521423, 0.4562763273715973]","['description', 'description', 'description']"
the finely made puppets,['50143'],[],description,1,0,[],,['51377'],[0.4840809404850006],['description']
the finely made puppets,['50143'],[],description,3,0,[],,"['51377', '51388', '60977']","[0.4840809404850006, 0.4801253378391266, 0.4681885540485382]","['description', 'description', 'description']"
the shock band,['50143'],[],description,1,0,[],,['60977'],[0.49449771642684937],['description']
the shock band,['50143'],[],description,3,0,[],,"['60977', '51377', '51388']","[0.49449771642684937, 0.4818190932273865, 0.4734218418598175]","['description', 'description', 'description']"
there is no material realization.怎么翻译,['50143'],[],description,1,0,[],,['62172'],[0.49499285221099854],['description']
there is no material realization.怎么翻译,['50143'],[],description,3,0,[],,"['62172', '85', '51388']","[0.49499285221099854, 0.49474215507507324, 0.4660177230834961]","['description', 'description', 'description']"
this bracelet is on sale at a special price. it costs 260 euros.,['50143'],[],description,1,0,[],,['60977'],[0.4822768270969391],['description']
this bracelet is on sale at a special price. it costs 260 euros.,['50143'],[],description,3,0,[],,"['60977', '50760', '51590']","[0.4822768270969391, 0.45680946111679077, 0.45025762915611267]","['description', 'description', 'description']"
to g,['50143'],[],description,1,0,[],,['51323'],[0.5523812770843506],['description']
to g,['50143'],[],description,3,0,[],,"['51323', '85', '23']","[0.5523812770843506, 0.5511856079101562, 0.5508893132209778]","['description', 'description', 'description']"
towords怎么读,['50143'],[],description,1,0,[],,['85'],[0.592848539352417],['description']
towords怎么读,['50143'],[],description,3,0,[],,"['85', '51388', '51386']","[0.592848539352417, 0.5838500261306763, 0.5694094896316528]","['description', 'description', 'description']"
tu youyou kept researching artemisinin despite repeated failures,['50143'],[],description,1,0,[],,['51377'],[0.4550366699695587],['description']
tu youyou kept researching artemisinin despite repeated failures,['50143'],[],description,3,0,[],,"['51377', '51388', '51323']","[0.4550366699695587, 0.44751647114753723, 0.4384150505065918]","['description', 'description', 'description']"
unitl,['50143'],[],description,1,0,[],,['51044'],[0.549614429473877],['description']
unitl,['50143'],[],description,3,0,[],,"['51044', '51323', '85']","[0.549614429473877, 0.5491149425506592, 0.5350781083106995]","['description', 'description', 'description']"
views on language翻译,['50143'],[],description,1,0,[],,['62172'],[0.6044070720672607],['description']
views on language翻译,['50143'],[],description,3,0,[],,"['62172', '85', '23']","[0.6044070720672607, 0.5884133577346802, 0.5614983439445496]","['description', 'description', 'description']"
w00f怎么读,['50143'],[],description,1,0,[],,['85'],[0.47025519609451294],['description']
w00f怎么读,['50143'],[],description,3,0,[],,"['85', '62172', '23']","[0.47025519609451294, 0.457236111164093, 0.45165887475013733]","['description', 'description', 'description']"
what you,['50143'],[],description,1,0,[],,['51388'],[0.5347604155540466],['description']
what you,['50143'],[],description,3,0,[],,"['51388', '85', '51377']","[0.5347604155540466, 0.5163080096244812, 0.512604832649231]","['description', 'description', 'description']"
zanming jong怎么读,['50143'],[],description,1,0,[],,['51388'],[0.4944537878036499],['description']
zanming jong怎么读,['50143'],[],description,3,0,[],,"['51388', '51381', '51377']","[0.4944537878036499, 0.48965024948120117, 0.48028552532196045]","['description', 'description', 'description']"
“金顺铁“韩语怎么读,['50143'],[],description,1,0,[],,['51388'],[0.40889525413513184],['description']
“金顺铁“韩语怎么读,['50143'],[],description,3,0,[],,"['51388', '51381', '52523']","[0.40889525413513184, 0.4086303114891052, 0.4033435583114624]","['description', 'description', 'description']"
これ,['50143'],[],description,1,0,[],,['51377'],[0.5847132205963135],['description']
これ,['50143'],[],description,3,0,[],,"['51377', '51388', '62206']","[0.5847132205963135, 0.5526105761528015, 0.5518971681594849]","['description', 'description', 'description']"
っ 翻译,['50143'],[],description,1,0,[],,['51388'],[0.7045759558677673],['description']
っ 翻译,['50143'],[],description,3,0,[],,"['51388', '85', '51377']","[0.7045759558677673, 0.6693198680877686, 0.6602611541748047]","['description', 'description', 'description']"
で,['50143'],[],description,1,0,[],,['51388'],[0.5844011902809143],['description']
で,['50143'],[],description,3,0,[],,"['51388', '51377', '5601']","[0.5844011902809143, 0.57443767786026, 0.5641071796417236]","['description', 'description', 'description']"
の什么意思,['50143'],[],description,1,0,[],,['51388'],[0.6400253772735596],['description']
の什么意思,['50143'],[],description,3,0,[],,"['51388', '52336', '51377']","[0.6400253772735596, 0.6003153324127197, 0.5737150311470032]","['description', 'description', 'description']"
やだ,['50143'],[],description,1,0,[],,['51388'],[0.5065150260925293],['description']
やだ,['50143'],[],description,3,0,[],,"['51388', '51377', '5601']","[0.5065150260925293, 0.49014365673065186, 0.48627787828445435]","['description', 'description', 'description']"
一些水果用英语怎么说,['50143'],[],description,1,0,[],,['85'],[0.5190131664276123],['description']
一些水果用英语怎么说,['50143'],[],description,3,1,['50143'],3.0,"['85', '62172', '50143']","[0.5190131664276123, 0.5147566795349121, 0.49825319647789]","['description', 'description', 'description']"
一切皆有可能的英文怎么说,['50143'],[],description,1,0,[],,['85'],[0.504470705986023],['description']
一切皆有可能的英文怎么说,['50143'],[],description,3,1,['50143'],2.0,"['85', '50143', '62172']","[0.504470705986023, 0.49362629652023315, 0.4845576882362366]","['description', 'description', 'description']"
不能大声吵闹的英文,['50143'],[],description,1,0,[],,['62172'],[0.4631285071372986],['description']
不能大声吵闹的英文,['50143'],[],description,3,1,['50143'],3.0,"['62172', '85', '50143']","[0.4631285071372986, 0.45504796504974365, 0.45196956396102905]","['description', 'description', 'description']"
不要忘记英文,['50143'],[],description,1,0,[],,['85'],[0.6141266226768494],['description']
不要忘记英文,['50143'],[],description,3,1,['50143'],3.0,"['85', '62172', '50143']","[0.6141266226768494, 0.5705932974815369, 0.5667370557785034]","['description', 'description', 'description']"
今天的天气很好英语怎么说,['50143'],[],description,1,0,[],,['62172'],[0.4977830648422241],['description']
今天的天气很好英语怎么说,['50143'],[],description,3,1,['50143'],3.0,"['62172', '85', '50143']","[0.4977830648422241, 0.49673980474472046, 0.47352683544158936]","['description', 'description', 'description']"
令人激动的英语单词,['50143'],[],description,1,1,['50143'],1.0,['50143'],[0.5539543628692627],['description']
令人激动的英语单词,['50143'],[],description,3,1,['50143'],1.0,"['50143', '85', '62172']","[0.5539543628692627, 0.5531293153762817, 0.5395803451538086]","['description', 'description', 'description']"
以…为职业英文怎么读,['50143'],[],description,1,0,[],,['85'],[0.5273222923278809],['description']
以…为职业英文怎么读,['50143'],[],description,3,1,['50143'],3.0,"['85', '62172', '50143']","[0.5273222923278809, 0.5243473649024963, 0.5076549649238586]","['description', 'description', 'description']"
会日语吗日语怎么说,['50143'],[],description,1,0,[],,['51388'],[0.4616951644420624],['description']
会日语吗日语怎么说,['50143'],[],description,3,0,[],,"['51388', '51381', '51323']","[0.4616951644420624, 0.443966269493103, 0.4399879574775696]","['description', 'description', 'description']"
你可以利用课余时间参加书法研习班英语,['50143'],[],description,1,0,[],,['85'],[0.5024313926696777],['description']
你可以利用课余时间参加书法研习班英语,['50143'],[],description,3,1,['50143'],3.0,"['85', '62172', '50143']","[0.5024313926696777, 0.5011153817176819, 0.49709320068359375]","['description', 'description', 'description']"
你给我好好的英文,['50143'],[],description,1,0,[],,['85'],[0.5608460903167725],['description']
你给我好好的英文,['50143'],[],description,3,1,['50143'],3.0,"['85', '62172', '50143']","[0.5608460903167725, 0.54726243019104, 0.5278767347335815]","['description', 'description', 'description']"
做薯条的英文,['50143'],[],description,1,0,[],,['85'],[0.4973943829536438],['description']
做薯条的英文,['50143'],[],description,3,0,[],,"['85', '62172', '51388']","[0.4973943829536438, 0.4894145429134369, 0.4691244959831238]","['description', 'description', 'description']"
健康的有益健康的英文怎么读,['50143'],[],description,1,0,[],,['85'],[0.5073703527450562],['description']
健康的有益健康的英文怎么读,['50143'],[],description,3,1,['50143'],3.0,"['85', '62172', '50143']","[0.5073703527450562, 0.5040194392204285, 0.4916538894176483]","['description', 'description', 'description']"
出售卖英语怎么说,['50143'],[],description,1,0,[],,['85'],[0.5584874153137207],['description']
出售卖英语怎么说,['50143'],[],description,3,1,['50143'],3.0,"['85', '62172', '50143']","[0.5584874153137207, 0.5565147995948792, 0.5380948185920715]","['description', 'description', 'description']"
制作墙报的英文,['50143'],[],description,1,0,[],,['85'],[0.49228718876838684],['description']
制作墙报的英文,['50143'],[],description,3,1,['50143'],2.0,"['85', '50143', '62172']","[0.49228718876838684, 0.4862075448036194, 0.47320860624313354]","['description', 'description', 'description']"
制作海报英语怎么说,['50143'],[],description,1,0,[],,['85'],[0.5366952419281006],['description']
制作海报英语怎么说,['50143'],[],description,3,1,['50143'],3.0,"['85', '62172', '50143']","[0.5366952419281006, 0.5226210355758667, 0.5171263217926025]","['description', 'description', 'description']"
千米公里的英语怎么讲,['50143'],[],description,1,0,[],,['85'],[0.5160478353500366],['description']
千米公里的英语怎么讲,['50143'],[],description,3,1,['50143'],3.0,"['85', '62172', '50143']","[0.5160478353500366, 0.508411705493927, 0.49761518836021423]","['description', 'description', 'description']"
参观旅行英文怎么说,['50143'],[],description,1,0,[],,['85'],[0.5671161413192749],['description']
参观旅行英文怎么说,['50143'],[],description,3,0,[],,"['85', '62172', '5671']","[0.5671161413192749, 0.5639962553977966, 0.5397169589996338]","['description', 'description', 'description']"
可以日语怎么说,['50143'],[],description,1,0,[],,['51388'],[0.5298336744308472],['description']
可以日语怎么说,['50143'],[],description,3,0,[],,"['51388', '51323', '51386']","[0.5298336744308472, 0.5047343969345093, 0.5021327137947083]","['description', 'description', 'description']"
可以用韩语怎么说,['50143'],[],description,1,0,[],,['51388'],[0.5255688428878784],['description']
可以用韩语怎么说,['50143'],[],description,3,0,[],,"['51388', '85', '62172']","[0.5255688428878784, 0.5209953188896179, 0.5209857821464539]","['description', 'description', 'description']"
告诉我用英语怎么说,['50143'],[],description,1,0,[],,['85'],[0.6814507246017456],['description']
告诉我用英语怎么说,['50143'],[],description,3,1,['50143'],3.0,"['85', '62172', '50143']","[0.6814507246017456, 0.6785035133361816, 0.637253999710083]","['description', 'description', 'description']"
哦哈哟学妹日语,['50143'],[],description,1,0,[],,['5917'],[0.3449680805206299],['description']
哦哈哟学妹日语,['50143'],[],description,3,0,[],,"['5917', '51381', '5601']","[0.3449680805206299, 0.31185632944107056, 0.3037893772125244]","['description', 'description', 'description']"
哦船长我的船长用英语怎么说呢,['50143'],[],description,1,0,[],,['62172'],[0.4360710382461548],['description']
哦船长我的船长用英语怎么说呢,['50143'],[],description,3,1,['50143'],3.0,"['62172', '85', '50143']","[0.4360710382461548, 0.4219968318939209, 0.4164518117904663]","['description', 'description', 'description']"
喝牛奶用英语怎么说,['50143'],[],description,1,0,[],,['62172'],[0.510405421257019],['description']
喝牛奶用英语怎么说,['50143'],[],description,3,1,['50143'],3.0,"['62172', '85', '50143']","[0.510405421257019, 0.5090546607971191, 0.47833573818206787]","['description', 'description', 'description']"
回答正确的英语怎么说,['50143'],[],description,1,0,[],,['85'],[0.5664297342300415],['description']
回答正确的英语怎么说,['50143'],[],description,3,1,['50143'],2.0,"['85', '50143', '62172']","[0.5664297342300415, 0.5610926747322083, 0.5575451850891113]","['description', 'description', 'description']"
因为不好听 用英语,['50143'],[],description,1,0,[],,['62172'],[0.51636803150177],['description']
因为不好听 用英语,['50143'],[],description,3,1,['50143'],3.0,"['62172', '85', '50143']","[0.51636803150177, 0.49468469619750977, 0.4932718276977539]","['description', 'description', 'description']"
在上周我们学习了一篇新的课文用英语怎么说,['50143'],[],description,1,1,['50143'],1.0,['50143'],[0.4961394667625427],['description']
在上周我们学习了一篇新的课文用英语怎么说,['50143'],[],description,3,1,['50143'],1.0,"['50143', '85', '62172']","[0.4961394667625427, 0.49424123764038086, 0.49148857593536377]","['description', 'description', 'description']"
声音响声的英文,['50143'],[],description,1,0,[],,['85'],[0.5561171770095825],['description']
声音响声的英文,['50143'],[],description,3,1,['50143'],3.0,"['85', '62172', '50143']","[0.5561171770095825, 0.5505129098892212, 0.5392508506774902]","['description', 'description', 'description']"
外国人写的英文,['50143'],[],description,1,0,[],,['62172'],[0.4963963031768799],['description']
外国人写的英文,['50143'],[],description,3,1,['50143'],3.0,"['62172', '85', '50143']","[0.4963963031768799, 0.4946730136871338, 0.48260819911956787]","['description', 'description', 'description']"
天菜的英文,['50143'],[],description,1,0,[],,['85'],[0.5139387249946594],['description']
天菜的英文,['50143'],[],description,3,0,[],,"['85', '62172', '51388']","[0.5139387249946594, 0.5033770799636841, 0.4672234058380127]","['description', 'description', 'description']"
它是宜人的英文,['50143'],[],description,1,0,[],,['62172'],[0.5684710741043091],['description']
它是宜人的英文,['50143'],[],description,3,1,['50143'],3.0,"['62172', '85', '50143']","[0.5684710741043091, 0.5605603456497192, 0.5294229984283447]","['description', 'description', 'description']"
快地英语怎么说,['50143'],[],description,1,0,[],,['62172'],[0.5851872563362122],['description']
快地英语怎么说,['50143'],[],description,3,1,['50143'],3.0,"['62172', '85', '50143']","[0.5851872563362122, 0.5761042833328247, 0.5606465339660645]","['description', 'description', 'description']"
恋脚英文怎么说,['50143'],[],description,1,0,[],,['62172'],[0.5436387062072754],['description']
恋脚英文怎么说,['50143'],[],description,3,1,['50143'],3.0,"['62172', '85', '50143']","[0.5436387062072754, 0.5269584059715271, 0.5037088394165039]","['description', 'description', 'description']"
我去翻译英语,['50143'],[],description,1,0,[],,['62172'],[0.6505863666534424],['description']
我去翻译英语,['50143'],[],description,3,0,[],,"['62172', '85', '23']","[0.6505863666534424, 0.6495544910430908, 0.5939549207687378]","['description', 'description', 'description']"
我喜欢你翻译,['50143'],[],description,1,0,[],,['62172'],[0.505359947681427],['description']
我喜欢你翻译,['50143'],[],description,3,0,[],,"['62172', '85', '51377']","[0.505359947681427, 0.4974777102470398, 0.488788902759552]","['description', 'description', 'description']"
我想吃用英语怎么说,['50143'],[],description,1,0,[],,['85'],[0.5752267837524414],['description']
我想吃用英语怎么说,['50143'],[],description,3,1,['50143'],3.0,"['85', '62172', '50143']","[0.5752267837524414, 0.5672630667686462, 0.5438556671142578]","['description', 'description', 'description']"
我操你妈的英语,['50143'],[],description,1,0,[],,['62172'],[0.4997369050979614],['description']
我操你妈的英语,['50143'],[],description,3,1,['50143'],3.0,"['62172', '85', '50143']","[0.4997369050979614, 0.4830347001552582, 0.4677801728248596]","['description', 'description', 'description']"
我的刀盾英语怎么说呢,['50143'],[],description,1,0,[],,['85'],[0.5371458530426025],['description']
我的刀盾英语怎么说呢,['50143'],[],description,3,1,['50143'],3.0,"['85', '62172', '50143']","[0.5371458530426025, 0.5331960916519165, 0.5157199501991272]","['description', 'description', 'description']"
我要的英文,['50143'],[],description,1,0,[],,['85'],[0.6314853429794312],['description']
我要的英文,['50143'],[],description,3,0,[],,"['85', '62172', '51388']","[0.6314853429794312, 0.6144224405288696, 0.5992323160171509]","['description', 'description', 'description']"
我要睡觉了英语是什么,['50143'],[],description,1,0,[],,['62172'],[0.5083735585212708],['description']
我要睡觉了英语是什么,['50143'],[],description,3,1,['50143'],3.0,"['62172', '85', '50143']","[0.5083735585212708, 0.5039916038513184, 0.48531293869018555]","['description', 'description', 'description']"
打扫一下用英语怎么说,['50143'],[],description,1,0,[],,['85'],[0.5280041098594666],['description']
打扫一下用英语怎么说,['50143'],[],description,3,1,['50143'],3.0,"['85', '62172', '50143']","[0.5280041098594666, 0.520395040512085, 0.4921771287918091]","['description', 'description', 'description']"
提手把手的英文,['50143'],[],description,1,0,[],,['85'],[0.5701540112495422],['description']
提手把手的英文,['50143'],[],description,3,1,['50143'],3.0,"['85', '62172', '50143']","[0.5701540112495422, 0.5601811408996582, 0.5360362529754639]","['description', 'description', 'description']"
时间的日语,['50143'],[],description,1,0,[],,['51323'],[0.5634525418281555],['description']
时间的日语,['50143'],[],description,3,0,[],,"['51323', '5601', '51388']","[0.5634525418281555, 0.5261731743812561, 0.4981197416782379]","['description', 'description', 'description']"
有没有英语怎么读,['50143'],[],description,1,0,[],,['85'],[0.632095456123352],['description']
有没有英语怎么读,['50143'],[],description,3,1,['50143'],3.0,"['85', '62172', '50143']","[0.632095456123352, 0.6284588575363159, 0.6054887771606445]","['description', 'description', 'description']"
欢迎再来用英语怎么说,['50143'],[],description,1,0,[],,['85'],[0.50704026222229],['description']
欢迎再来用英语怎么说,['50143'],[],description,3,1,['50143'],3.0,"['85', '62172', '50143']","[0.50704026222229, 0.5055814981460571, 0.5027742981910706]","['description', 'description', 'description']"
死装哥的英文,['50143'],[],description,1,0,[],,['85'],[0.4913758635520935],['description']
死装哥的英文,['50143'],[],description,3,1,['50143'],3.0,"['85', '62172', '50143']","[0.4913758635520935, 0.4736779034137726, 0.461891770362854]","['description', 'description', 'description']"
泉奈的日语怎么说,['50143'],[],description,1,0,[],,['51388'],[0.4595140814781189],['description']
泉奈的日语怎么说,['50143'],[],description,3,0,[],,"['51388', '51377', '51381']","[0.4595140814781189, 0.45428135991096497, 0.4408998191356659]","['description', 'description', 'description']"
洋葱炒蛋英语怎么说,['50143'],[],description,1,0,[],,['62172'],[0.5054479241371155],['description']
洋葱炒蛋英语怎么说,['50143'],[],description,3,1,['50143'],3.0,"['62172', '85', '50143']","[0.5054479241371155, 0.4978806972503662, 0.46043860912323]","['description', 'description', 'description']"
漂亮的短发用英语怎么说,['50143'],[],description,1,0,[],,['85'],[0.5175414085388184],['description']
漂亮的短发用英语怎么说,['50143'],[],description,3,1,['50143'],3.0,"['85', '62172', '50143']","[0.5175414085388184, 0.5095316171646118, 0.5049517154693604]","['description', 'description', 'description']"
用电脑英语,['50143'],[],description,1,0,[],,['85'],[0.5885205864906311],['description']
用电脑英语,['50143'],[],description,3,1,['50143'],3.0,"['85', '62172', '50143']","[0.5885205864906311, 0.5755385160446167, 0.5583968162536621]","['description', 'description', 'description']"
白水鉴心的英文,['50143'],[],description,1,0,[],,['62172'],[0.45854875445365906],['description']
白水鉴心的英文,['50143'],[],description,3,0,[],,"['62172', '85', '51388']","[0.45854875445365906, 0.45235714316368103, 0.4399149417877197]","['description', 'description', 'description']"
百达翡丽的英文怎么读,['50143'],[],description,1,0,[],,['51388'],[0.45490771532058716],['description']
百达翡丽的英文怎么读,['50143'],[],description,3,0,[],,"['51388', '85', '62172']","[0.45490771532058716, 0.4509894847869873, 0.4476664066314697]","['description', 'description', 'description']"
的 日语,['50143'],[],description,1,0,[],,['51388'],[0.5108392834663391],['description']
的 日语,['50143'],[],description,3,0,[],,"['51388', '51323', '5601']","[0.5108392834663391, 0.4987371265888214, 0.48553407192230225]","['description', 'description', 'description']"
看牙医的英文,['50143'],[],description,1,0,[],,['62172'],[0.48231855034828186],['description']
看牙医的英文,['50143'],[],description,3,0,[],,"['62172', '85', '51388']","[0.48231855034828186, 0.48125189542770386, 0.44811901450157166]","['description', 'description', 'description']"
聪明的有智慧的英语怎么说,['50143'],[],description,1,0,[],,['62172'],[0.5547305345535278],['description']
聪明的有智慧的英语怎么说,['50143'],[],description,3,1,['50143'],3.0,"['62172', '85', '50143']","[0.5547305345535278, 0.5447436571121216, 0.5260890126228333]","['description', 'description', 'description']"
英语5小时,['50143'],[],description,1,0,[],,['85'],[0.5250371694564819],['description']
英语5小时,['50143'],[],description,3,1,['50143'],3.0,"['85', '62172', '50143']","[0.5250371694564819, 0.5221849679946899, 0.5111503005027771]","['description', 'description', 'description']"
跟随自己的心英文,['50143'],[],description,1,0,[],,['62172'],[0.46343281865119934],['description']
跟随自己的心英文,['50143'],[],description,3,1,['50143'],3.0,"['62172', '85', '50143']","[0.46343281865119934, 0.4558316469192505, 0.4341166615486145]","['description', 'description', 'description']"
这些是她的新鞋子英文,['50143'],[],description,1,0,[],,['85'],[0.48535314202308655],['description']
这些是她的新鞋子英文,['50143'],[],description,3,1,['50143'],3.0,"['85', '62172', '50143']","[0.48535314202308655, 0.4764953851699829, 0.4665060043334961]","['description', 'description', 'description']"
这是哪里用英语怎么说,['50143'],[],description,1,0,[],,['51388'],[0.5384511947631836],['description']
这是哪里用英语怎么说,['50143'],[],description,3,0,[],,"['51388', '62172', '85']","[0.5384511947631836, 0.5361495614051819, 0.535275399684906]","['description', 'description', 'description']"
这是我朋友英文翻译,['50143'],[],description,1,0,[],,['85'],[0.5806068181991577],['description']
这是我朋友英文翻译,['50143'],[],description,3,0,[],,"['85', '62172', '23']","[0.5806068181991577, 0.5699291229248047, 0.5386135578155518]","['description', 'description', 'description']"
那只猴子正在做什么英语怎么写,['50143'],[],description,1,0,[],,['85'],[0.45247170329093933],['description']
那只猴子正在做什么英语怎么写,['50143'],[],description,3,1,['50143'],2.0,"['85', '50143', '62172']","[0.45247170329093933, 0.43769168853759766, 0.4373212456703186]","['description', 'description', 'description']"
那国人英语怎么说,['50143'],[],description,1,0,[],,['85'],[0.5194169878959656],['description']
那国人英语怎么说,['50143'],[],description,3,1,['50143'],3.0,"['85', '62172', '50143']","[0.5194169878959656, 0.5152220726013184, 0.504938006401062]","['description', 'description', 'description']"
静音播放 翻译,['50143'],[],description,1,0,[],,['23'],[0.5679262280464172],['description']
静音播放 翻译,['50143'],[],description,3,0,[],,"['23', '62172', '52524']","[0.5679262280464172, 0.5528814792633057, 0.5507609844207764]","['description', 'description', 'description']"
骂我的英文,['50143'],[],description,1,0,[],,['62172'],[0.517976701259613],['description']
骂我的英文,['50143'],[],description,3,1,['50143'],3.0,"['62172', '85', '50143']","[0.517976701259613, 0.5058982968330383, 0.4891837239265442]","['description', 'description', 'description']"
',['50143'],[],merged,1,0,[],,['51388'],[0.5595174431800842],['description']
',['50143'],[],merged,3,0,[],,"['51388', '85', '23']","[0.5595174431800842, 0.5588485598564148, 0.5464826822280884]","['description', 'description', 'title_description']"
7.5千克英语怎么念,['50143'],[],merged,1,1,['50143'],1.0,['50143'],[0.5135089159011841],['title_description']
7.5千克英语怎么念,['50143'],[],merged,3,1,['50143'],1.0,"['50143', '62172', '85']","[0.5135089159011841, 0.5038943290710449, 0.5019534826278687]","['title_description', 'description', 'description']"
7:50用英语怎么说,['50143'],[],merged,1,0,[],,['85'],[0.5272445678710938],['description']
7:50用英语怎么说,['50143'],[],merged,3,1,['50143'],3.0,"['85', '62172', '50143']","[0.5272445678710938, 0.5213366746902466, 0.5182219743728638]","['description', 'description', 'description']"
a tummy ache,['50143'],[],merged,1,0,[],,['23'],[0.4215267300605774],['title_description']
a tummy ache,['50143'],[],merged,3,0,[],,"['23', '51377', '51388']","[0.4215267300605774, 0.4115406572818756, 0.40972983837127686]","['title_description', 'description', 'description']"
abult,['50143'],[],merged,1,0,[],,['23'],[0.6028027534484863],['title_description']
abult,['50143'],[],merged,3,0,[],,"['23', '85', '51323']","[0.6028027534484863, 0.5930206775665283, 0.5037081837654114]","['title_description', 'title_description', 'description']"
albinisim,['50143'],[],merged,1,0,[],,['23'],[0.5201795101165771],['title_description']
albinisim,['50143'],[],merged,3,0,[],,"['23', '85', '51457']","[0.5201795101165771, 0.5151184797286987, 0.442016065120697]","['title_description', 'title_description', 'title_description']"
auard,['50143'],[],merged,1,0,[],,['23'],[0.5771167278289795],['title_description']
auard,['50143'],[],merged,3,0,[],,"['23', '85', '51323']","[0.5771167278289795, 0.5546786189079285, 0.5039639472961426]","['title_description', 'title_description', 'description']"
balbr是什么意思,['50143'],[],merged,1,0,[],,['51388'],[0.5696008205413818],['description']
balbr是什么意思,['50143'],[],merged,3,0,[],,"['51388', '85', '62172']","[0.5696008205413818, 0.557433545589447, 0.532899022102356]","['description', 'title_description', 'description']"
bare body oil massage,['50143'],[],merged,1,0,[],,['23'],[0.4057025611400604],['title_description']
bare body oil massage,['50143'],[],merged,3,0,[],,"['23', '60977', '51275']","[0.4057025611400604, 0.38997650146484375, 0.3833981156349182]","['title_description', 'title_description', 'title_description']"
big out,['50143'],[],merged,1,0,[],,['51323'],[0.5462198257446289],['description']
big out,['50143'],[],merged,3,0,[],,"['51323', '60977', '51388']","[0.5462198257446289, 0.501766562461853, 0.4885152280330658]","['description', 'title_description', 'description']"
btb是什么意思,['50143'],[],merged,1,0,[],,['51388'],[0.5368974804878235],['description']
btb是什么意思,['50143'],[],merged,3,0,[],,"['51388', '60977', '36607']","[0.5368974804878235, 0.4953572750091553, 0.4900805950164795]","['description', 'title_description', 'description']"
builder建筑工人英语怎么说,['50143'],[],merged,1,0,[],,['62172'],[0.5079101920127869],['description']
builder建筑工人英语怎么说,['50143'],[],merged,3,1,['50143'],2.0,"['62172', '50143', '85']","[0.5079101920127869, 0.5035292506217957, 0.5031986832618713]","['description', 'description', 'description']"
clourful,['50143'],[],merged,1,0,[],,['51388'],[0.542265772819519],['description']
clourful,['50143'],[],merged,3,0,[],,"['51388', '60977', '23']","[0.542265772819519, 0.5374029874801636, 0.5368413925170898]","['description', 'title_description', 'title_description']"
cosnova,['50143'],[],merged,1,0,[],,['60977'],[0.5278815627098083],['title_description']
cosnova,['50143'],[],merged,3,0,[],,"['60977', '51323', '51044']","[0.5278815627098083, 0.5181341171264648, 0.5176808834075928]","['title_description', 'description', 'title_description']"
crear,['50143'],[],merged,1,0,[],,['51044'],[0.5574288964271545],['title_description']
crear,['50143'],[],merged,3,0,[],,"['51044', '61111', '60977']","[0.5574288964271545, 0.5463709831237793, 0.5303694009780884]","['title_description', 'title_description', 'title_description']"
creo怎么读音,['50143'],[],merged,1,0,[],,['51388'],[0.49133986234664917],['description']
creo怎么读音,['50143'],[],merged,3,0,[],,"['51388', '52336', '51386']","[0.49133986234664917, 0.46501463651657104, 0.46483227610588074]","['description', 'description', 'title_description']"
cries aloud,['50143'],[],merged,1,0,[],,['23'],[0.4622093439102173],['title_description']
cries aloud,['50143'],[],merged,3,0,[],,"['23', '85', '51323']","[0.4622093439102173, 0.43808552622795105, 0.4297567903995514]","['title_description', 'title_description', 'description']"
dis count,['50143'],[],merged,1,0,[],,['60977'],[0.5664697885513306],['title_description']
dis count,['50143'],[],merged,3,0,[],,"['60977', '5671', '51044']","[0.5664697885513306, 0.5527557730674744, 0.517217755317688]","['title_description', 'description', 'title_description']"
dogs and people,['50143'],[],merged,1,0,[],,['47242'],[0.4488062560558319],['title_description']
dogs and people,['50143'],[],merged,3,0,[],,"['47242', '5671', '60977']","[0.4488062560558319, 0.4100366234779358, 0.4046822488307953]","['title_description', 'description', 'title_description']"
eat for,['50143'],[],merged,1,0,[],,['47272'],[0.52362060546875],['title_description']
eat for,['50143'],[],merged,3,0,[],,"['47272', '5601', '51323']","[0.52362060546875, 0.5000278949737549, 0.4912418723106384]","['title_description', 'description', 'description']"
ea的发音,['50143'],[],merged,1,0,[],,['51388'],[0.5185376405715942],['description']
ea的发音,['50143'],[],merged,3,0,[],,"['51388', '85', '23']","[0.5185376405715942, 0.5130188465118408, 0.51177978515625]","['description', 'description', 'title_description']"
engi,['50143'],[],merged,1,0,[],,['85'],[0.5303938984870911],['description']
engi,['50143'],[],merged,3,1,['50143'],2.0,"['85', '50143', '51044']","[0.5303938984870911, 0.5243211984634399, 0.5182350873947144]","['description', 'description', 'description']"
exceotional,['50143'],[],merged,1,0,[],,['85'],[0.5164072513580322],['description']
exceotional,['50143'],[],merged,3,1,['50143'],2.0,"['85', '50143', '51388']","[0.5164072513580322, 0.5006763935089111, 0.49301451444625854]","['description', 'description', 'description']"
express ourselves怎么读,['50143'],[],merged,1,0,[],,['62172'],[0.539421558380127],['description']
express ourselves怎么读,['50143'],[],merged,3,1,['50143'],3.0,"['62172', '85', '50143']","[0.539421558380127, 0.528999924659729, 0.5276830792427063]","['description', 'description', 'description']"
facing difficulties,['50143'],[],merged,1,0,[],,['60977'],[0.471576064825058],['title_description']
facing difficulties,['50143'],[],merged,3,0,[],,"['60977', '60293', '51388']","[0.471576064825058, 0.44233882427215576, 0.4401399791240692]","['title_description', 'description', 'description']"
"first name,mistake,country,same怎么读",['50143'],[],merged,1,0,[],,['51381'],[0.476990282535553],['description']
"first name,mistake,country,same怎么读",['50143'],[],merged,3,1,['50143'],2.0,"['51381', '50143', '85']","[0.476990282535553, 0.46030619740486145, 0.45862650871276855]","['description', 'description', 'description']"
get more interest,['50143'],[],merged,1,0,[],,['60977'],[0.5066269636154175],['title_description']
get more interest,['50143'],[],merged,3,0,[],,"['60977', '62106', '47242']","[0.5066269636154175, 0.4965079426765442, 0.49305403232574463]","['title_description', 'title_description', 'title_description']"
glaciertails怎么读,['50143'],[],merged,1,0,[],,['85'],[0.4640481472015381],['description']
glaciertails怎么读,['50143'],[],merged,3,0,[],,"['85', '23', '62172']","[0.4640481472015381, 0.4555659294128418, 0.44344621896743774]","['description', 'title_description', 'description']"
gl表示什么意思,['50143'],[],merged,1,0,[],,['51388'],[0.5250862836837769],['title_description']
gl表示什么意思,['50143'],[],merged,3,0,[],,"['51388', '51386', '85']","[0.5250862836837769, 0.5063651204109192, 0.5010305643081665]","['title_description', 'title_description', 'description']"
gnrh,['50143'],[],merged,1,0,[],,['51388'],[0.49044498801231384],['description']
gnrh,['50143'],[],merged,3,0,[],,"['51388', '51381', '51323']","[0.49044498801231384, 0.4870210587978363, 0.48424893617630005]","['description', 'title_description', 'description']"
guest greeting pine怎么读,['50143'],[],merged,1,0,[],,['51388'],[0.48564404249191284],['description']
guest greeting pine怎么读,['50143'],[],merged,3,0,[],,"['51388', '51377', '23']","[0.48564404249191284, 0.4751971960067749, 0.45449769496917725]","['description', 'description', 'title_description']"
gymn,['50143'],[],merged,1,0,[],,['51388'],[0.5183531641960144],['description']
gymn,['50143'],[],merged,3,0,[],,"['51388', '51377', '23']","[0.5183531641960144, 0.5121899843215942, 0.5101062059402466]","['description', 'description', 'title_description']"
have rest,['50143'],[],merged,1,0,[],,['5601'],[0.5562773942947388],['description']
have rest,['50143'],[],merged,3,0,[],,"['5601', '5671', '51275']","[0.5562773942947388, 0.5098639726638794, 0.47123199701309204]","['description', 'description', 'title_description']"
hurse,['50143'],[],merged,1,0,[],,['23'],[0.5309358239173889],['title_description']
hurse,['50143'],[],merged,3,0,[],,"['23', '51388', '85']","[0.5309358239173889, 0.5013999938964844, 0.5004158616065979]","['title_description', 'description', 'title_description']"
i see a bird,['50143'],[],merged,1,0,[],,['60868'],[0.4798470139503479],['title_description']
i see a bird,['50143'],[],merged,3,0,[],,"['60868', '47242', '51388']","[0.4798470139503479, 0.46722280979156494, 0.45759376883506775]","['title_description', 'title_description', 'description']"
ieg,['50143'],[],merged,1,0,[],,['51388'],[0.531301736831665],['description']
ieg,['50143'],[],merged,3,0,[],,"['51388', '85', '5601']","[0.531301736831665, 0.5297425985336304, 0.5278688669204712]","['description', 'description', 'description']"
it can keep us safe,['50143'],[],merged,1,0,[],,['60977'],[0.47494107484817505],['title_description']
it can keep us safe,['50143'],[],merged,3,0,[],,"['60977', '47190', '23']","[0.47494107484817505, 0.4581015110015869, 0.446641206741333]","['title_description', 'title_description', 'title_description']"
keeo of the grass,['50143'],[],merged,1,0,[],,['51377'],[0.5367003679275513],['description']
keeo of the grass,['50143'],[],merged,3,0,[],,"['51377', '51323', '23']","[0.5367003679275513, 0.5342626571655273, 0.5237644910812378]","['description', 'description', 'title_description']"
morgan stanley & co.international plc. 翻译,['50143'],[],merged,1,0,[],,['50160'],[0.41548600792884827],['title_description']
morgan stanley & co.international plc. 翻译,['50143'],[],merged,3,0,[],,"['50160', '5432', '50926']","[0.41548600792884827, 0.39743781089782715, 0.38208797574043274]","['title_description', 'description', 'title_description']"
passageabout是什么意思,['50143'],[],merged,1,0,[],,['51388'],[0.5633891820907593],['title_description']
passageabout是什么意思,['50143'],[],merged,3,0,[],,"['51388', '85', '51386']","[0.5633891820907593, 0.5535664558410645, 0.5453514456748962]","['title_description', 'description', 'description']"
peaches are great,['50143'],[],merged,1,0,[],,['60977'],[0.4895384907722473],['title_description']
peaches are great,['50143'],[],merged,3,0,[],,"['60977', '51388', '51377']","[0.4895384907722473, 0.4627167582511902, 0.4420337378978729]","['title_description', 'description', 'description']"
point of embarkation,['50143'],[],merged,1,0,[],,['60868'],[0.5851725935935974],['title_description']
point of embarkation,['50143'],[],merged,3,0,[],,"['60868', '47266', '60872']","[0.5851725935935974, 0.5520430207252502, 0.5467391014099121]","['title_description', 'title_description', 'title_description']"
point to your eyes翻译成中文,['50143'],[],merged,1,0,[],,['85'],[0.5183480978012085],['description']
point to your eyes翻译成中文,['50143'],[],merged,3,0,[],,"['85', '62172', '23']","[0.5183480978012085, 0.5066667795181274, 0.5019495487213135]","['description', 'description', 'title_description']"
postive翻译成中文,['50143'],[],merged,1,0,[],,['51388'],[0.640381395816803],['description']
postive翻译成中文,['50143'],[],merged,3,0,[],,"['51388', '85', '62172']","[0.640381395816803, 0.6322448253631592, 0.6088241934776306]","['description', 'description', 'description']"
productor,['50143'],[],merged,1,0,[],,['60977'],[0.5205612778663635],['title_description']
productor,['50143'],[],merged,3,0,[],,"['60977', '51377', '5144']","[0.5205612778663635, 0.48649510741233826, 0.4835049510002136]","['title_description', 'description', 'description']"
ps格栅英语,['50143'],[],merged,1,0,[],,['85'],[0.44822588562965393],['description']
ps格栅英语,['50143'],[],merged,3,1,['50143'],3.0,"['85', '62172', '50143']","[0.44822588562965393, 0.4439278244972229, 0.4414072632789612]","['description', 'description', 'description']"
purpose fuels passion什么意思,['50143'],[],merged,1,0,[],,['85'],[0.45520997047424316],['description']
purpose fuels passion什么意思,['50143'],[],merged,3,1,['50143'],3.0,"['85', '51388', '50143']","[0.45520997047424316, 0.4528169631958008, 0.4431362450122833]","['description', 'description', 'title_description']"
put. on,['50143'],[],merged,1,0,[],,['60977'],[0.5355995893478394],['title_description']
put. on,['50143'],[],merged,3,0,[],,"['60977', '51388', '23']","[0.5355995893478394, 0.5010626912117004, 0.49388253688812256]","['title_description', 'description', 'title_description']"
puty,['50143'],[],merged,1,0,[],,['51388'],[0.480044960975647],['description']
puty,['50143'],[],merged,3,0,[],,"['51388', '60977', '51044']","[0.480044960975647, 0.47006529569625854, 0.45829522609710693]","['description', 'title_description', 'title_description']"
schooland,['50143'],[],merged,1,0,[],,['60293'],[0.5549081563949585],['description']
schooland,['50143'],[],merged,3,0,[],,"['60293', '5917', '4551']","[0.5549081563949585, 0.5327132940292358, 0.525883674621582]","['description', 'description', 'description']"
smallowed,['50143'],[],merged,1,0,[],,['23'],[0.4999883472919464],['title_description']
smallowed,['50143'],[],merged,3,0,[],,"['23', '85', '51388']","[0.4999883472919464, 0.4968000054359436, 0.49296581745147705]","['title_description', 'title_description', 'description']"
sundae time是什么意思,['50143'],[],merged,1,0,[],,['85'],[0.4761822819709778],['description']
sundae time是什么意思,['50143'],[],merged,3,0,[],,"['85', '51388', '62172']","[0.4761822819709778, 0.46416792273521423, 0.4562763273715973]","['description', 'description', 'description']"
the finely made puppets,['50143'],[],merged,1,0,[],,['23'],[0.5162887573242188],['title_description']
the finely made puppets,['50143'],[],merged,3,0,[],,"['23', '51377', '51388']","[0.5162887573242188, 0.4840809404850006, 0.4801253378391266]","['title_description', 'description', 'description']"
the shock band,['50143'],[],merged,1,0,[],,['23'],[0.5050938129425049],['title_description']
the shock band,['50143'],[],merged,3,0,[],,"['23', '60977', '51377']","[0.5050938129425049, 0.5014521479606628, 0.4818190932273865]","['title_description', 'title_description', 'description']"
there is no material realization.怎么翻译,['50143'],[],merged,1,0,[],,['62172'],[0.49499285221099854],['description']
there is no material realization.怎么翻译,['50143'],[],merged,3,0,[],,"['62172', '85', '23']","[0.49499285221099854, 0.49474215507507324, 0.4677931070327759]","['description', 'description', 'title_description']"
this bracelet is on sale at a special price. it costs 260 euros.,['50143'],[],merged,1,0,[],,['60977'],[0.49269935488700867],['title_description']
this bracelet is on sale at a special price. it costs 260 euros.,['50143'],[],merged,3,0,[],,"['60977', '51590', '50760']","[0.49269935488700867, 0.45904335379600525, 0.45680946111679077]","['title_description', 'title_description', 'description']"
to g,['50143'],[],merged,1,0,[],,['47190'],[0.5669040083885193],['title_description']
to g,['50143'],[],merged,3,0,[],,"['47190', '51323', '85']","[0.5669040083885193, 0.5523812770843506, 0.5511856079101562]","['title_description', 'description', 'description']"
towords怎么读,['50143'],[],merged,1,0,[],,['85'],[0.592848539352417],['description']
towords怎么读,['50143'],[],merged,3,0,[],,"['85', '51388', '51386']","[0.592848539352417, 0.5838840007781982, 0.5730904936790466]","['description', 'title_description', 'title_description']"
tu youyou kept researching artemisinin despite repeated failures,['50143'],[],merged,1,0,[],,['51377'],[0.4550366699695587],['description']
tu youyou kept researching artemisinin despite repeated failures,['50143'],[],merged,3,0,[],,"['51377', '51388', '23']","[0.4550366699695587, 0.44751647114753723, 0.4469048082828522]","['description', 'description', 'title_description']"
unitl,['50143'],[],merged,1,0,[],,['51044'],[0.5597638487815857],['title_description']
unitl,['50143'],[],merged,3,0,[],,"['51044', '51323', '85']","[0.5597638487815857, 0.5491149425506592, 0.5350781083106995]","['title_description', 'description', 'description']"
views on language翻译,['50143'],[],merged,1,0,[],,['62172'],[0.6044070720672607],['description']
views on language翻译,['50143'],[],merged,3,0,[],,"['62172', '85', '23']","[0.6044070720672607, 0.5884133577346802, 0.5614983439445496]","['description', 'description', 'description']"
w00f怎么读,['50143'],[],merged,1,0,[],,['85'],[0.47025519609451294],['description']
w00f怎么读,['50143'],[],merged,3,0,[],,"['85', '62172', '23']","[0.47025519609451294, 0.457236111164093, 0.45165887475013733]","['description', 'description', 'description']"
what you,['50143'],[],merged,1,0,[],,['51388'],[0.5347604155540466],['description']
what you,['50143'],[],merged,3,0,[],,"['51388', '60977', '85']","[0.5347604155540466, 0.5204321146011353, 0.5163080096244812]","['description', 'title_description', 'description']"
zanming jong怎么读,['50143'],[],merged,1,0,[],,['51388'],[0.4944537878036499],['description']
zanming jong怎么读,['50143'],[],merged,3,0,[],,"['51388', '51381', '51377']","[0.4944537878036499, 0.48965024948120117, 0.48028552532196045]","['description', 'description', 'description']"
“金顺铁“韩语怎么读,['50143'],[],merged,1,0,[],,['51381'],[0.4135095477104187],['title_description']
“金顺铁“韩语怎么读,['50143'],[],merged,3,0,[],,"['51381', '23', '51388']","[0.4135095477104187, 0.41028520464897156, 0.40889525413513184]","['title_description', 'title_description', 'description']"
これ,['50143'],[],merged,1,0,[],,['51377'],[0.5847132205963135],['description']
これ,['50143'],[],merged,3,0,[],,"['51377', '51388', '62206']","[0.5847132205963135, 0.5526105761528015, 0.5518971681594849]","['description', 'description', 'description']"
っ 翻译,['50143'],[],merged,1,0,[],,['51388'],[0.7045759558677673],['description']
っ 翻译,['50143'],[],merged,3,0,[],,"['51388', '85', '51377']","[0.7045759558677673, 0.6693198680877686, 0.6602611541748047]","['description', 'description', 'description']"
で,['50143'],[],merged,1,0,[],,['51388'],[0.5844011902809143],['description']
で,['50143'],[],merged,3,0,[],,"['51388', '51377', '5601']","[0.5844011902809143, 0.57443767786026, 0.5641071796417236]","['description', 'description', 'description']"
の什么意思,['50143'],[],merged,1,0,[],,['51388'],[0.6400253772735596],['description']
の什么意思,['50143'],[],merged,3,0,[],,"['51388', '52336', '51381']","[0.6400253772735596, 0.6003153324127197, 0.5816185474395752]","['description', 'description', 'title_description']"
やだ,['50143'],[],merged,1,0,[],,['51388'],[0.5065150260925293],['description']
やだ,['50143'],[],merged,3,0,[],,"['51388', '51377', '5601']","[0.5065150260925293, 0.49014365673065186, 0.48627787828445435]","['description', 'description', 'description']"
一些水果用英语怎么说,['50143'],[],merged,1,0,[],,['85'],[0.5190131664276123],['description']
一些水果用英语怎么说,['50143'],[],merged,3,1,['50143'],3.0,"['85', '62172', '50143']","[0.5190131664276123, 0.5147566795349121, 0.5048778057098389]","['description', 'description', 'title_description']"
一切皆有可能的英文怎么说,['50143'],[],merged,1,0,[],,['85'],[0.504470705986023],['description']
一切皆有可能的英文怎么说,['50143'],[],merged,3,1,['50143'],2.0,"['85', '50143', '23']","[0.504470705986023, 0.49362629652023315, 0.4852478504180908]","['description', 'description', 'title_description']"
不能大声吵闹的英文,['50143'],[],merged,1,0,[],,['62172'],[0.4631285071372986],['description']
不能大声吵闹的英文,['50143'],[],merged,3,1,['50143'],3.0,"['62172', '85', '50143']","[0.4631285071372986, 0.45504796504974365, 0.45196956396102905]","['description', 'description', 'description']"
不要忘记英文,['50143'],[],merged,1,0,[],,['85'],[0.6141266226768494],['description']
不要忘记英文,['50143'],[],merged,3,1,['50143'],3.0,"['85', '62172', '50143']","[0.6141266226768494, 0.5705932974815369, 0.5667370557785034]","['description', 'description', 'description']"
今天的天气很好英语怎么说,['50143'],[],merged,1,0,[],,['4999'],[0.5014640688896179],['title_description']
今天的天气很好英语怎么说,['50143'],[],merged,3,0,[],,"['4999', '62172', '85']","[0.5014640688896179, 0.4977830648422241, 0.49673980474472046]","['title_description', 'description', 'description']"
令人激动的英语单词,['50143'],[],merged,1,1,['50143'],1.0,['50143'],[0.5819746255874634],['title_description']
令人激动的英语单词,['50143'],[],merged,3,1,['50143'],1.0,"['50143', '85', '62172']","[0.5819746255874634, 0.5531293153762817, 0.5395803451538086]","['title_description', 'description', 'description']"
以…为职业英文怎么读,['50143'],[],merged,1,0,[],,['85'],[0.5273222923278809],['description']
以…为职业英文怎么读,['50143'],[],merged,3,1,['50143'],3.0,"['85', '62172', '50143']","[0.5273222923278809, 0.5243473649024963, 0.5076549649238586]","['description', 'description', 'description']"
会日语吗日语怎么说,['50143'],[],merged,1,0,[],,['51386'],[0.46457022428512573],['title_description']
会日语吗日语怎么说,['50143'],[],merged,3,0,[],,"['51386', '51388', '51381']","[0.46457022428512573, 0.4616951644420624, 0.4608379602432251]","['title_description', 'description', 'title_description']"
你可以利用课余时间参加书法研习班英语,['50143'],[],merged,1,0,[],,['85'],[0.5024313926696777],['description']
你可以利用课余时间参加书法研习班英语,['50143'],[],merged,3,1,['50143'],3.0,"['85', '62172', '50143']","[0.5024313926696777, 0.5011153817176819, 0.4995324909687042]","['description', 'description', 'title_description']"
你给我好好的英文,['50143'],[],merged,1,0,[],,['85'],[0.5608460903167725],['description']
你给我好好的英文,['50143'],[],merged,3,1,['50143'],3.0,"['85', '62172', '50143']","[0.5608460903167725, 0.54726243019104, 0.5278767347335815]","['description', 'description', 'description']"
做薯条的英文,['50143'],[],merged,1,0,[],,['85'],[0.4973943829536438],['description']
做薯条的英文,['50143'],[],merged,3,1,['50143'],3.0,"['85', '62172', '50143']","[0.4973943829536438, 0.4894145429134369, 0.47626686096191406]","['description', 'description', 'title_description']"
健康的有益健康的英文怎么读,['50143'],[],merged,1,0,[],,['85'],[0.5073703527450562],['description']
健康的有益健康的英文怎么读,['50143'],[],merged,3,1,['50143'],3.0,"['85', '62172', '50143']","[0.5073703527450562, 0.5040194392204285, 0.4939287304878235]","['description', 'description', 'title_description']"
出售卖英语怎么说,['50143'],[],merged,1,0,[],,['85'],[0.5584874153137207],['description']
出售卖英语怎么说,['50143'],[],merged,3,1,['50143'],3.0,"['85', '62172', '50143']","[0.5584874153137207, 0.5565147995948792, 0.5380948185920715]","['description', 'description', 'description']"
制作墙报的英文,['50143'],[],merged,1,0,[],,['85'],[0.49228718876838684],['description']
制作墙报的英文,['50143'],[],merged,3,1,['50143'],2.0,"['85', '50143', '62172']","[0.49228718876838684, 0.4862075448036194, 0.47320860624313354]","['description', 'description', 'description']"
制作海报英语怎么说,['50143'],[],merged,1,0,[],,['85'],[0.5366952419281006],['description']
制作海报英语怎么说,['50143'],[],merged,3,1,['50143'],3.0,"['85', '62172', '50143']","[0.5366952419281006, 0.5226210355758667, 0.5171263217926025]","['description', 'description', 'description']"
千米公里的英语怎么讲,['50143'],[],merged,1,1,['50143'],1.0,['50143'],[0.5326775908470154],['title_description']
千米公里的英语怎么讲,['50143'],[],merged,3,1,['50143'],1.0,"['50143', '85', '62172']","[0.5326775908470154, 0.5160478353500366, 0.508411705493927]","['title_description', 'description', 'description']"
参观旅行英文怎么说,['50143'],[],merged,1,0,[],,['85'],[0.5671161413192749],['description']
参观旅行英文怎么说,['50143'],[],merged,3,0,[],,"['85', '62172', '5671']","[0.5671161413192749, 0.5639962553977966, 0.5477350950241089]","['description', 'description', 'title_description']"
可以日语怎么说,['50143'],[],merged,1,0,[],,['51388'],[0.5298336744308472],['description']
可以日语怎么说,['50143'],[],merged,3,0,[],,"['51388', '51386', '51381']","[0.5298336744308472, 0.5251960158348083, 0.517168402671814]","['description', 'title_description', 'title_description']"
可以用韩语怎么说,['50143'],[],merged,1,0,[],,['23'],[0.5367717146873474],['title_description']
可以用韩语怎么说,['50143'],[],merged,3,0,[],,"['23', '51388', '51386']","[0.5367717146873474, 0.5255688428878784, 0.5227324962615967]","['title_description', 'description', 'title_description']"
告诉我用英语怎么说,['50143'],[],merged,1,0,[],,['85'],[0.6814507246017456],['description']
告诉我用英语怎么说,['50143'],[],merged,3,1,['50143'],3.0,"['85', '62172', '50143']","[0.6814507246017456, 0.6785035133361816, 0.637253999710083]","['description', 'description', 'description']"
哦哈哟学妹日语,['50143'],[],merged,1,0,[],,['5917'],[0.3449680805206299],['description']
哦哈哟学妹日语,['50143'],[],merged,3,0,[],,"['5917', '52336', '5601']","[0.3449680805206299, 0.3146926760673523, 0.31396543979644775]","['description', 'title_description', 'title_description']"
哦船长我的船长用英语怎么说呢,['50143'],[],merged,1,0,[],,['62172'],[0.4360710382461548],['description']
哦船长我的船长用英语怎么说呢,['50143'],[],merged,3,0,[],,"['62172', '85', '23']","[0.4360710382461548, 0.4219968318939209, 0.41658031940460205]","['description', 'description', 'title_description']"
喝牛奶用英语怎么说,['50143'],[],merged,1,0,[],,['62172'],[0.510405421257019],['description']
喝牛奶用英语怎么说,['50143'],[],merged,3,1,['50143'],3.0,"['62172', '85', '50143']","[0.510405421257019, 0.5090546607971191, 0.47833573818206787]","['description', 'description', 'description']"
回答正确的英语怎么说,['50143'],[],merged,1,0,[],,['85'],[0.5664297342300415],['description']
回答正确的英语怎么说,['50143'],[],merged,3,1,['50143'],2.0,"['85', '50143', '62172']","[0.5664297342300415, 0.5621098279953003, 0.5575451850891113]","['description', 'title_description', 'description']"
因为不好听 用英语,['50143'],[],merged,1,0,[],,['62172'],[0.51636803150177],['description']
因为不好听 用英语,['50143'],[],merged,3,1,['50143'],3.0,"['62172', '85', '50143']","[0.51636803150177, 0.49468469619750977, 0.4932718276977539]","['description', 'description', 'description']"
在上周我们学习了一篇新的课文用英语怎么说,['50143'],[],merged,1,1,['50143'],1.0,['50143'],[0.5040138959884644],['title_description']
在上周我们学习了一篇新的课文用英语怎么说,['50143'],[],merged,3,1,['50143'],1.0,"['50143', '85', '62172']","[0.5040138959884644, 0.49424123764038086, 0.49148857593536377]","['title_description', 'description', 'description']"
声音响声的英文,['50143'],[],merged,1,0,[],,['85'],[0.5561171770095825],['description']
声音响声的英文,['50143'],[],merged,3,1,['50143'],3.0,"['85', '62172', '50143']","[0.5561171770095825, 0.5505129098892212, 0.5392508506774902]","['description', 'description', 'description']"
外国人写的英文,['50143'],[],merged,1,0,[],,['62172'],[0.4963963031768799],['description']
外国人写的英文,['50143'],[],merged,3,1,['50143'],3.0,"['62172', '85', '50143']","[0.4963963031768799, 0.4946730136871338, 0.48260819911956787]","['description', 'description', 'description']"
天菜的英文,['50143'],[],merged,1,0,[],,['85'],[0.5139387249946594],['description']
天菜的英文,['50143'],[],merged,3,0,[],,"['85', '62172', '23']","[0.5139387249946594, 0.5033770799636841, 0.4808221459388733]","['description', 'description', 'title_description']"
它是宜人的英文,['50143'],[],merged,1,0,[],,['62172'],[0.5684710741043091],['description']
它是宜人的英文,['50143'],[],merged,3,1,['50143'],3.0,"['62172', '85', '50143']","[0.5684710741043091, 0.5605603456497192, 0.5294229984283447]","['description', 'description', 'description']"
快地英语怎么说,['50143'],[],merged,1,0,[],,['62172'],[0.5851872563362122],['description']
快地英语怎么说,['50143'],[],merged,3,1,['50143'],3.0,"['62172', '85', '50143']","[0.5851872563362122, 0.5761042833328247, 0.5606465339660645]","['description', 'description', 'description']"
恋脚英文怎么说,['50143'],[],merged,1,0,[],,['62172'],[0.5436387062072754],['description']
恋脚英文怎么说,['50143'],[],merged,3,1,['50143'],3.0,"['62172', '85', '50143']","[0.5436387062072754, 0.5269584059715271, 0.5037088394165039]","['description', 'description', 'description']"
我去翻译英语,['50143'],[],merged,1,0,[],,['62172'],[0.6505863666534424],['description']
我去翻译英语,['50143'],[],merged,3,0,[],,"['62172', '85', '23']","[0.6505863666534424, 0.6495544910430908, 0.5979671478271484]","['description', 'description', 'title_description']"
我喜欢你翻译,['50143'],[],merged,1,0,[],,['23'],[0.521034300327301],['title_description']
我喜欢你翻译,['50143'],[],merged,3,0,[],,"['23', '62172', '85']","[0.521034300327301, 0.505359947681427, 0.4974777102470398]","['title_description', 'description', 'description']"
我想吃用英语怎么说,['50143'],[],merged,1,0,[],,['85'],[0.5752267837524414],['description']
我想吃用英语怎么说,['50143'],[],merged,3,1,['50143'],3.0,"['85', '62172', '50143']","[0.5752267837524414, 0.5672630667686462, 0.5438556671142578]","['description', 'description', 'description']"
我操你妈的英语,['50143'],[],merged,1,0,[],,['62172'],[0.4997369050979614],['description']
我操你妈的英语,['50143'],[],merged,3,1,['50143'],3.0,"['62172', '85', '50143']","[0.4997369050979614, 0.4830347001552582, 0.47083646059036255]","['description', 'description', 'title_description']"
我的刀盾英语怎么说呢,['50143'],[],merged,1,0,[],,['85'],[0.5371458530426025],['description']
我的刀盾英语怎么说呢,['50143'],[],merged,3,1,['50143'],3.0,"['85', '62172', '50143']","[0.5371458530426025, 0.5331960916519165, 0.5246111154556274]","['description', 'description', 'title_description']"
我要的英文,['50143'],[],merged,1,0,[],,['85'],[0.6314853429794312],['description']
我要的英文,['50143'],[],merged,3,0,[],,"['85', '62172', '51388']","[0.6314853429794312, 0.6144224405288696, 0.5992323160171509]","['description', 'description', 'description']"
我要睡觉了英语是什么,['50143'],[],merged,1,0,[],,['62172'],[0.5083735585212708],['description']
我要睡觉了英语是什么,['50143'],[],merged,3,1,['50143'],3.0,"['62172', '85', '50143']","[0.5083735585212708, 0.5039916038513184, 0.4892217516899109]","['description', 'description', 'title_description']"
打扫一下用英语怎么说,['50143'],[],merged,1,0,[],,['85'],[0.5280041098594666],['description']
打扫一下用英语怎么说,['50143'],[],merged,3,1,['50143'],3.0,"['85', '62172', '50143']","[0.5280041098594666, 0.520395040512085, 0.4921771287918091]","['description', 'description', 'description']"
提手把手的英文,['50143'],[],merged,1,0,[],,['85'],[0.5701540112495422],['description']
提手把手的英文,['50143'],[],merged,3,1,['50143'],3.0,"['85', '62172', '50143']","[0.5701540112495422, 0.5601811408996582, 0.5360362529754639]","['description', 'description', 'description']"
时间的日语,['50143'],[],merged,1,0,[],,['51323'],[0.5634525418281555],['description']
时间的日语,['50143'],[],merged,3,0,[],,"['51323', '5601', '61111']","[0.5634525418281555, 0.5261731743812561, 0.5158738493919373]","['description', 'description', 'title_description']"
有没有英语怎么读,['50143'],[],merged,1,0,[],,['85'],[0.632095456123352],['description']
有没有英语怎么读,['50143'],[],merged,3,1,['50143'],3.0,"['85', '62172', '50143']","[0.632095456123352, 0.6284588575363159, 0.6054887771606445]","['description', 'description', 'description']"
欢迎再来用英语怎么说,['50143'],[],merged,1,0,[],,['85'],[0.50704026222229],['description']
欢迎再来用英语怎么说,['50143'],[],merged,3,1,['50143'],3.0,"['85', '62172', '50143']","[0.50704026222229, 0.5055814981460571, 0.5027742981910706]","['description', 'description', 'description']"
死装哥的英文,['50143'],[],merged,1,0,[],,['85'],[0.4913758635520935],['description']
死装哥的英文,['50143'],[],merged,3,1,['50143'],3.0,"['85', '62172', '50143']","[0.4913758635520935, 0.4736779034137726, 0.46364831924438477]","['description', 'description', 'title_description']"
泉奈的日语怎么说,['50143'],[],merged,1,0,[],,['23'],[0.4839092493057251],['title_description']
泉奈的日语怎么说,['50143'],[],merged,3,0,[],,"['23', '51388', '51381']","[0.4839092493057251, 0.4595140814781189, 0.45473846793174744]","['title_description', 'description', 'title_description']"
洋葱炒蛋英语怎么说,['50143'],[],merged,1,0,[],,['62172'],[0.5054479241371155],['description']
洋葱炒蛋英语怎么说,['50143'],[],merged,3,0,[],,"['62172', '85', '23']","[0.5054479241371155, 0.4978806972503662, 0.46377435326576233]","['description', 'description', 'title_description']"
漂亮的短发用英语怎么说,['50143'],[],merged,1,0,[],,['85'],[0.5175414085388184],['description']
漂亮的短发用英语怎么说,['50143'],[],merged,3,1,['50143'],3.0,"['85', '62172', '50143']","[0.5175414085388184, 0.5095316171646118, 0.5049517154693604]","['description', 'description', 'description']"
用电脑英语,['50143'],[],merged,1,0,[],,['85'],[0.5885205864906311],['description']
用电脑英语,['50143'],[],merged,3,1,['50143'],3.0,"['85', '62172', '50143']","[0.5885205864906311, 0.5755385160446167, 0.5614842772483826]","['description', 'description', 'title_description']"
白水鉴心的英文,['50143'],[],merged,1,0,[],,['62172'],[0.45854875445365906],['description']
白水鉴心的英文,['50143'],[],merged,3,0,[],,"['62172', '85', '23']","[0.45854875445365906, 0.45366066694259644, 0.4421268701553345]","['description', 'title_description', 'title_description']"
百达翡丽的英文怎么读,['50143'],[],merged,1,0,[],,['51388'],[0.45490771532058716],['description']
百达翡丽的英文怎么读,['50143'],[],merged,3,0,[],,"['51388', '85', '62172']","[0.45490771532058716, 0.4509894847869873, 0.4476664066314697]","['description', 'description', 'description']"
的 日语,['50143'],[],merged,1,0,[],,['51388'],[0.5108392834663391],['description']
的 日语,['50143'],[],merged,3,0,[],,"['51388', '51323', '51386']","[0.5108392834663391, 0.4987371265888214, 0.4955555200576782]","['description', 'description', 'title_description']"
看牙医的英文,['50143'],[],merged,1,0,[],,['62172'],[0.48231855034828186],['description']
看牙医的英文,['50143'],[],merged,3,0,[],,"['62172', '85', '23']","[0.48231855034828186, 0.48125189542770386, 0.4602932929992676]","['description', 'description', 'title_description']"
聪明的有智慧的英语怎么说,['50143'],[],merged,1,0,[],,['62172'],[0.5547305345535278],['description']
聪明的有智慧的英语怎么说,['50143'],[],merged,3,1,['50143'],3.0,"['62172', '85', '50143']","[0.5547305345535278, 0.5447436571121216, 0.5415487289428711]","['description', 'description', 'title_description']"
英语5小时,['50143'],[],merged,1,0,[],,['85'],[0.5250371694564819],['description']
英语5小时,['50143'],[],merged,3,1,['50143'],3.0,"['85', '62172', '50143']","[0.5250371694564819, 0.5221849679946899, 0.5111503005027771]","['description', 'description', 'description']"
跟随自己的心英文,['50143'],[],merged,1,0,[],,['62172'],[0.46343281865119934],['description']
跟随自己的心英文,['50143'],[],merged,3,0,[],,"['62172', '85', '23']","[0.46343281865119934, 0.4558316469192505, 0.4461847245693207]","['description', 'description', 'title_description']"
这些是她的新鞋子英文,['50143'],[],merged,1,0,[],,['85'],[0.48535314202308655],['description']
这些是她的新鞋子英文,['50143'],[],merged,3,1,['50143'],3.0,"['85', '62172', '50143']","[0.48535314202308655, 0.4764953851699829, 0.4665060043334961]","['description', 'description', 'description']"
这是哪里用英语怎么说,['50143'],[],merged,1,0,[],,['51388'],[0.5384511947631836],['description']
这是哪里用英语怎么说,['50143'],[],merged,3,0,[],,"['51388', '62172', '85']","[0.5384511947631836, 0.5361495614051819, 0.535275399684906]","['description', 'description', 'description']"
这是我朋友英文翻译,['50143'],[],merged,1,0,[],,['85'],[0.5806068181991577],['description']
这是我朋友英文翻译,['50143'],[],merged,3,0,[],,"['85', '62172', '23']","[0.5806068181991577, 0.5699291229248047, 0.5484925508499146]","['description', 'description', 'title_description']"
那只猴子正在做什么英语怎么写,['50143'],[],merged,1,0,[],,['23'],[0.47292691469192505],['title_description']
那只猴子正在做什么英语怎么写,['50143'],[],merged,3,1,['50143'],3.0,"['23', '85', '50143']","[0.47292691469192505, 0.4567055106163025, 0.4500371217727661]","['title_description', 'title_description', 'title_description']"
那国人英语怎么说,['50143'],[],merged,1,0,[],,['85'],[0.5194169878959656],['description']
那国人英语怎么说,['50143'],[],merged,3,1,['50143'],3.0,"['85', '62172', '50143']","[0.5194169878959656, 0.5152220726013184, 0.504938006401062]","['description', 'description', 'description']"
静音播放 翻译,['50143'],[],merged,1,0,[],,['23'],[0.5679262280464172],['description']
静音播放 翻译,['50143'],[],merged,3,0,[],,"['23', '51275', '62172']","[0.5679262280464172, 0.5568296909332275, 0.5528814792633057]","['description', 'title_description', 'description']"
骂我的英文,['50143'],[],merged,1,0,[],,['62172'],[0.517976701259613],['description']
骂我的英文,['50143'],[],merged,3,1,['50143'],3.0,"['62172', '85', '50143']","[0.517976701259613, 0.5058982968330383, 0.4891837239265442]","['description', 'description', 'description']"
',['50143'],[],title_description,1,0,[],,['85'],[0.5513888597488403],['title_description']
',['50143'],[],title_description,3,0,[],,"['85', '23', '51388']","[0.5513888597488403, 0.5464826822280884, 0.5444735884666443]","['title_description', 'title_description', 'title_description']"
7.5千克英语怎么念,['50143'],[],title_description,1,1,['50143'],1.0,['50143'],[0.5135089159011841],['title_description']
7.5千克英语怎么念,['50143'],[],title_description,3,1,['50143'],1.0,"['50143', '85', '51388']","[0.5135089159011841, 0.4663102328777313, 0.4602537751197815]","['title_description', 'title_description', 'title_description']"
7:50用英语怎么说,['50143'],[],title_description,1,1,['50143'],1.0,['50143'],[0.5171516537666321],['title_description']
7:50用英语怎么说,['50143'],[],title_description,3,1,['50143'],1.0,"['50143', '85', '51388']","[0.5171516537666321, 0.4726351499557495, 0.4718400239944458]","['title_description', 'title_description', 'title_description']"
a tummy ache,['50143'],[],title_description,1,0,[],,['23'],[0.4215267300605774],['title_description']
a tummy ache,['50143'],[],title_description,3,0,[],,"['23', '85', '51388']","[0.4215267300605774, 0.3949514925479889, 0.3938032388687134]","['title_description', 'title_description', 'title_description']"
abult,['50143'],[],title_description,1,0,[],,['23'],[0.6028027534484863],['title_description']
abult,['50143'],[],title_description,3,0,[],,"['23', '85', '51323']","[0.6028027534484863, 0.5930206775665283, 0.5012762546539307]","['title_description', 'title_description', 'title_description']"
albinisim,['50143'],[],title_description,1,0,[],,['23'],[0.5201795101165771],['title_description']
albinisim,['50143'],[],title_description,3,0,[],,"['23', '85', '51457']","[0.5201795101165771, 0.5151184797286987, 0.442016065120697]","['title_description', 'title_description', 'title_description']"
auard,['50143'],[],title_description,1,0,[],,['23'],[0.5771167278289795],['title_description']
auard,['50143'],[],title_description,3,0,[],,"['23', '85', '51388']","[0.5771167278289795, 0.5546786189079285, 0.48242005705833435]","['title_description', 'title_description', 'title_description']"
balbr是什么意思,['50143'],[],title_description,1,0,[],,['51388'],[0.5685036182403564],['title_description']
balbr是什么意思,['50143'],[],title_description,3,0,[],,"['51388', '85', '51386']","[0.5685036182403564, 0.557433545589447, 0.527747392654419]","['title_description', 'title_description', 'title_description']"
bare body oil massage,['50143'],[],title_description,1,0,[],,['23'],[0.4057025611400604],['title_description']
bare body oil massage,['50143'],[],title_description,3,0,[],,"['23', '60977', '51275']","[0.4057025611400604, 0.38997650146484375, 0.3833981156349182]","['title_description', 'title_description', 'title_description']"
big out,['50143'],[],title_description,1,0,[],,['60977'],[0.501766562461853],['title_description']
big out,['50143'],[],title_description,3,0,[],,"['60977', '47242', '47190']","[0.501766562461853, 0.4824496805667877, 0.4810442328453064]","['title_description', 'title_description', 'title_description']"
btb是什么意思,['50143'],[],title_description,1,0,[],,['51388'],[0.5296988487243652],['title_description']
btb是什么意思,['50143'],[],title_description,3,0,[],,"['51388', '60977', '51381']","[0.5296988487243652, 0.4953572750091553, 0.4812178909778595]","['title_description', 'title_description', 'title_description']"
builder建筑工人英语怎么说,['50143'],[],title_description,1,1,['50143'],1.0,['50143'],[0.49543148279190063],['title_description']
builder建筑工人英语怎么说,['50143'],[],title_description,3,1,['50143'],1.0,"['50143', '85', '23']","[0.49543148279190063, 0.48481494188308716, 0.46507614850997925]","['title_description', 'title_description', 'title_description']"
clourful,['50143'],[],title_description,1,0,[],,['60977'],[0.5374029874801636],['title_description']
clourful,['50143'],[],title_description,3,0,[],,"['60977', '23', '51388']","[0.5374029874801636, 0.5368413925170898, 0.5265781283378601]","['title_description', 'title_description', 'title_description']"
cosnova,['50143'],[],title_description,1,0,[],,['60977'],[0.5278815627098083],['title_description']
cosnova,['50143'],[],title_description,3,0,[],,"['60977', '51044', '61111']","[0.5278815627098083, 0.5176808834075928, 0.4945858418941498]","['title_description', 'title_description', 'title_description']"
crear,['50143'],[],title_description,1,0,[],,['51044'],[0.5574288964271545],['title_description']
crear,['50143'],[],title_description,3,0,[],,"['51044', '61111', '60977']","[0.5574288964271545, 0.5463709831237793, 0.5303694009780884]","['title_description', 'title_description', 'title_description']"
creo怎么读音,['50143'],[],title_description,1,0,[],,['51388'],[0.4843575358390808],['title_description']
creo怎么读音,['50143'],[],title_description,3,0,[],,"['51388', '51386', '52336']","[0.4843575358390808, 0.46483227610588074, 0.461183100938797]","['title_description', 'title_description', 'title_description']"
cries aloud,['50143'],[],title_description,1,0,[],,['23'],[0.4622093439102173],['title_description']
cries aloud,['50143'],[],title_description,3,0,[],,"['23', '85', '51388']","[0.4622093439102173, 0.43808552622795105, 0.40526050329208374]","['title_description', 'title_description', 'title_description']"
dis count,['50143'],[],title_description,1,0,[],,['60977'],[0.5664697885513306],['title_description']
dis count,['50143'],[],title_description,3,0,[],,"['60977', '51044', '5671']","[0.5664697885513306, 0.517217755317688, 0.5051742792129517]","['title_description', 'title_description', 'title_description']"
dogs and people,['50143'],[],title_description,1,0,[],,['47242'],[0.4488062560558319],['title_description']
dogs and people,['50143'],[],title_description,3,0,[],,"['47242', '60977', '47190']","[0.4488062560558319, 0.4046822488307953, 0.40299439430236816]","['title_description', 'title_description', 'title_description']"
eat for,['50143'],[],title_description,1,0,[],,['47272'],[0.52362060546875],['title_description']
eat for,['50143'],[],title_description,3,0,[],,"['47272', '23', '85']","[0.52362060546875, 0.4781959652900696, 0.47467121481895447]","['title_description', 'title_description', 'title_description']"
ea的发音,['50143'],[],title_description,1,0,[],,['51388'],[0.5154764652252197],['title_description']
ea的发音,['50143'],[],title_description,3,1,['50143'],3.0,"['51388', '23', '50143']","[0.5154764652252197, 0.51177978515625, 0.506663978099823]","['title_description', 'title_description', 'title_description']"
engi,['50143'],[],title_description,1,0,[],,['85'],[0.5132464170455933],['title_description']
engi,['50143'],[],title_description,3,0,[],,"['85', '23', '51044']","[0.5132464170455933, 0.5125395059585571, 0.5113970041275024]","['title_description', 'title_description', 'title_description']"
exceotional,['50143'],[],title_description,1,0,[],,['85'],[0.49436503648757935],['title_description']
exceotional,['50143'],[],title_description,3,1,['50143'],2.0,"['85', '50143', '51388']","[0.49436503648757935, 0.4808944761753082, 0.4808743894100189]","['title_description', 'title_description', 'title_description']"
express ourselves怎么读,['50143'],[],title_description,1,1,['50143'],1.0,['50143'],[0.5120448470115662],['title_description']
express ourselves怎么读,['50143'],[],title_description,3,1,['50143'],1.0,"['50143', '51386', '85']","[0.5120448470115662, 0.47729790210723877, 0.47196850180625916]","['title_description', 'title_description', 'title_description']"
facing difficulties,['50143'],[],title_description,1,0,[],,['60977'],[0.471576064825058],['title_description']
facing difficulties,['50143'],[],title_description,3,0,[],,"['60977', '51044', '51388']","[0.471576064825058, 0.43471407890319824, 0.4294455945491791]","['title_description', 'title_description', 'title_description']"
"first name,mistake,country,same怎么读",['50143'],[],title_description,1,0,[],,['51381'],[0.4697500467300415],['title_description']
"first name,mistake,country,same怎么读",['50143'],[],title_description,3,1,['50143'],3.0,"['51381', '51388', '50143']","[0.4697500467300415, 0.4480360150337219, 0.4449734687805176]","['title_description', 'title_description', 'title_description']"
get more interest,['50143'],[],title_description,1,0,[],,['60977'],[0.5066269636154175],['title_description']
get more interest,['50143'],[],title_description,3,0,[],,"['60977', '62106', '47242']","[0.5066269636154175, 0.4965079426765442, 0.49305403232574463]","['title_description', 'title_description', 'title_description']"
glaciertails怎么读,['50143'],[],title_description,1,0,[],,['23'],[0.4555659294128418],['title_description']
glaciertails怎么读,['50143'],[],title_description,3,1,['50143'],3.0,"['23', '85', '50143']","[0.4555659294128418, 0.4488755464553833, 0.43126553297042847]","['title_description', 'title_description', 'title_description']"
gl表示什么意思,['50143'],[],title_description,1,0,[],,['51388'],[0.5250862836837769],['title_description']
gl表示什么意思,['50143'],[],title_description,3,0,[],,"['51388', '51386', '52336']","[0.5250862836837769, 0.5063651204109192, 0.48743027448654175]","['title_description', 'title_description', 'title_description']"
gnrh,['50143'],[],title_description,1,0,[],,['51381'],[0.4870210587978363],['title_description']
gnrh,['50143'],[],title_description,3,0,[],,"['51381', '51388', '85']","[0.4870210587978363, 0.47368913888931274, 0.47228920459747314]","['title_description', 'title_description', 'title_description']"
guest greeting pine怎么读,['50143'],[],title_description,1,0,[],,['51388'],[0.4776015281677246],['title_description']
guest greeting pine怎么读,['50143'],[],title_description,3,0,[],,"['51388', '23', '51386']","[0.4776015281677246, 0.45449769496917725, 0.45273634791374207]","['title_description', 'title_description', 'title_description']"
gymn,['50143'],[],title_description,1,0,[],,['23'],[0.5101062059402466],['title_description']
gymn,['50143'],[],title_description,3,0,[],,"['23', '51388', '85']","[0.5101062059402466, 0.5029110312461853, 0.49059146642684937]","['title_description', 'title_description', 'title_description']"
have rest,['50143'],[],title_description,1,0,[],,['5601'],[0.5132274031639099],['title_description']
have rest,['50143'],[],title_description,3,0,[],,"['5601', '5671', '51275']","[0.5132274031639099, 0.4816862940788269, 0.47123199701309204]","['title_description', 'title_description', 'title_description']"
hurse,['50143'],[],title_description,1,0,[],,['23'],[0.5309358239173889],['title_description']
hurse,['50143'],[],title_description,3,0,[],,"['23', '85', '51388']","[0.5309358239173889, 0.5004158616065979, 0.4818592965602875]","['title_description', 'title_description', 'title_description']"
i see a bird,['50143'],[],title_description,1,0,[],,['60868'],[0.4798470139503479],['title_description']
i see a bird,['50143'],[],title_description,3,0,[],,"['60868', '47242', '23']","[0.4798470139503479, 0.46722280979156494, 0.45054933428764343]","['title_description', 'title_description', 'title_description']"
ieg,['50143'],[],title_description,1,0,[],,['60977'],[0.514238715171814],['title_description']
ieg,['50143'],[],title_description,3,0,[],,"['60977', '85', '51388']","[0.514238715171814, 0.5131219625473022, 0.5125164985656738]","['title_description', 'title_description', 'title_description']"
it can keep us safe,['50143'],[],title_description,1,0,[],,['60977'],[0.47494107484817505],['title_description']
it can keep us safe,['50143'],[],title_description,3,0,[],,"['60977', '47190', '23']","[0.47494107484817505, 0.4581015110015869, 0.446641206741333]","['title_description', 'title_description', 'title_description']"
keeo of the grass,['50143'],[],title_description,1,0,[],,['23'],[0.5237644910812378],['title_description']
keeo of the grass,['50143'],[],title_description,3,0,[],,"['23', '47242', '85']","[0.5237644910812378, 0.5013982653617859, 0.4996437430381775]","['title_description', 'title_description', 'title_description']"
morgan stanley & co.international plc. 翻译,['50143'],[],title_description,1,0,[],,['50160'],[0.41548600792884827],['title_description']
morgan stanley & co.international plc. 翻译,['50143'],[],title_description,3,0,[],,"['50160', '5432', '50926']","[0.41548600792884827, 0.3904764652252197, 0.38208797574043274]","['title_description', 'title_description', 'title_description']"
passageabout是什么意思,['50143'],[],title_description,1,0,[],,['51388'],[0.5633891820907593],['title_description']
passageabout是什么意思,['50143'],[],title_description,3,1,['50143'],2.0,"['51388', '50143', '51386']","[0.5633891820907593, 0.5419466495513916, 0.5383267998695374]","['title_description', 'title_description', 'title_description']"
peaches are great,['50143'],[],title_description,1,0,[],,['60977'],[0.4895384907722473],['title_description']
peaches are great,['50143'],[],title_description,3,0,[],,"['60977', '51388', '23']","[0.4895384907722473, 0.442656934261322, 0.44016945362091064]","['title_description', 'title_description', 'title_description']"
point of embarkation,['50143'],[],title_description,1,0,[],,['60868'],[0.5851725935935974],['title_description']
point of embarkation,['50143'],[],title_description,3,0,[],,"['60868', '47266', '60872']","[0.5851725935935974, 0.5520430207252502, 0.5467391014099121]","['title_description', 'title_description', 'title_description']"
point to your eyes翻译成中文,['50143'],[],title_description,1,0,[],,['23'],[0.5019495487213135],['title_description']
point to your eyes翻译成中文,['50143'],[],title_description,3,0,[],,"['23', '85', '51388']","[0.5019495487213135, 0.49988728761672974, 0.48358702659606934]","['title_description', 'title_description', 'title_description']"
postive翻译成中文,['50143'],[],title_description,1,0,[],,['51388'],[0.6336003541946411],['title_description']
postive翻译成中文,['50143'],[],title_description,3,0,[],,"['51388', '85', '51386']","[0.6336003541946411, 0.6025367975234985, 0.5933494567871094]","['title_description', 'title_description', 'title_description']"
productor,['50143'],[],title_description,1,0,[],,['60977'],[0.5205612778663635],['title_description']
productor,['50143'],[],title_description,3,0,[],,"['60977', '23', '51044']","[0.5205612778663635, 0.4758140444755554, 0.47441619634628296]","['title_description', 'title_description', 'title_description']"
ps格栅英语,['50143'],[],title_description,1,1,['50143'],1.0,['50143'],[0.4395756125450134],['title_description']
ps格栅英语,['50143'],[],title_description,3,1,['50143'],1.0,"['50143', '85', '62172']","[0.4395756125450134, 0.42791372537612915, 0.4273792803287506]","['title_description', 'title_description', 'title_description']"
purpose fuels passion什么意思,['50143'],[],title_description,1,0,[],,['51388'],[0.44545435905456543],['title_description']
purpose fuels passion什么意思,['50143'],[],title_description,3,1,['50143'],2.0,"['51388', '50143', '51386']","[0.44545435905456543, 0.4431362450122833, 0.4408387839794159]","['title_description', 'title_description', 'title_description']"
put. on,['50143'],[],title_description,1,0,[],,['60977'],[0.5355995893478394],['title_description']
put. on,['50143'],[],title_description,3,0,[],,"['60977', '23', '62106']","[0.5355995893478394, 0.49388253688812256, 0.4853600263595581]","['title_description', 'title_description', 'title_description']"
puty,['50143'],[],title_description,1,0,[],,['60977'],[0.47006529569625854],['title_description']
puty,['50143'],[],title_description,3,0,[],,"['60977', '51388', '51044']","[0.47006529569625854, 0.4635361433029175, 0.45829522609710693]","['title_description', 'title_description', 'title_description']"
schooland,['50143'],[],title_description,1,0,[],,['60293'],[0.5172626972198486],['title_description']
schooland,['50143'],[],title_description,3,0,[],,"['60293', '51381', '47242']","[0.5172626972198486, 0.5076636672019958, 0.5067165493965149]","['title_description', 'title_description', 'title_description']"
smallowed,['50143'],[],title_description,1,0,[],,['23'],[0.4999883472919464],['title_description']
smallowed,['50143'],[],title_description,3,0,[],,"['23', '85', '60977']","[0.4999883472919464, 0.4968000054359436, 0.4887468218803406]","['title_description', 'title_description', 'title_description']"
sundae time是什么意思,['50143'],[],title_description,1,0,[],,['51388'],[0.4584120512008667],['title_description']
sundae time是什么意思,['50143'],[],title_description,3,0,[],,"['51388', '85', '51386']","[0.4584120512008667, 0.45203468203544617, 0.4471917152404785]","['title_description', 'title_description', 'title_description']"
the finely made puppets,['50143'],[],title_description,1,0,[],,['23'],[0.5162887573242188],['title_description']
the finely made puppets,['50143'],[],title_description,3,0,[],,"['23', '60977', '85']","[0.5162887573242188, 0.47328224778175354, 0.4679056406021118]","['title_description', 'title_description', 'title_description']"
the shock band,['50143'],[],title_description,1,0,[],,['23'],[0.5050938129425049],['title_description']
the shock band,['50143'],[],title_description,3,0,[],,"['23', '60977', '85']","[0.5050938129425049, 0.5014521479606628, 0.47797077894210815]","['title_description', 'title_description', 'title_description']"
there is no material realization.怎么翻译,['50143'],[],title_description,1,0,[],,['85'],[0.47811123728752136],['title_description']
there is no material realization.怎么翻译,['50143'],[],title_description,3,0,[],,"['85', '62172', '23']","[0.47811123728752136, 0.4688917100429535, 0.4677931070327759]","['title_description', 'title_description', 'title_description']"
this bracelet is on sale at a special price. it costs 260 euros.,['50143'],[],title_description,1,0,[],,['60977'],[0.49269935488700867],['title_description']
this bracelet is on sale at a special price. it costs 260 euros.,['50143'],[],title_description,3,0,[],,"['60977', '51590', '62016']","[0.49269935488700867, 0.45904335379600525, 0.4331589341163635]","['title_description', 'title_description', 'title_description']"
to g,['50143'],[],title_description,1,0,[],,['47190'],[0.5669040083885193],['title_description']
to g,['50143'],[],title_description,3,0,[],,"['47190', '62106', '47266']","[0.5669040083885193, 0.5494108200073242, 0.5415018796920776]","['title_description', 'title_description', 'title_description']"
towords怎么读,['50143'],[],title_description,1,0,[],,['51388'],[0.5838840007781982],['title_description']
towords怎么读,['50143'],[],title_description,3,1,['50143'],3.0,"['51388', '51386', '50143']","[0.5838840007781982, 0.5730904936790466, 0.5588060617446899]","['title_description', 'title_description', 'title_description']"
tu youyou kept researching artemisinin despite repeated failures,['50143'],[],title_description,1,0,[],,['23'],[0.4469048082828522],['title_description']
tu youyou kept researching artemisinin despite repeated failures,['50143'],[],title_description,3,0,[],,"['23', '267', '51388']","[0.4469048082828522, 0.43597525358200073, 0.4355891942977905]","['title_description', 'title_description', 'title_description']"
unitl,['50143'],[],title_description,1,0,[],,['51044'],[0.5597638487815857],['title_description']
unitl,['50143'],[],title_description,3,0,[],,"['51044', '60977', '5293']","[0.5597638487815857, 0.520789384841919, 0.5134565234184265]","['title_description', 'title_description', 'title_description']"
views on language翻译,['50143'],[],title_description,1,0,[],,['62172'],[0.5617175102233887],['title_description']
views on language翻译,['50143'],[],title_description,3,0,[],,"['62172', '85', '23']","[0.5617175102233887, 0.5408181548118591, 0.5341328978538513]","['title_description', 'title_description', 'title_description']"
w00f怎么读,['50143'],[],title_description,1,0,[],,['51388'],[0.4480641782283783],['title_description']
w00f怎么读,['50143'],[],title_description,3,1,['50143'],2.0,"['51388', '50143', '85']","[0.4480641782283783, 0.4401895999908447, 0.43718719482421875]","['title_description', 'title_description', 'title_description']"
what you,['50143'],[],title_description,1,0,[],,['51388'],[0.53166663646698],['title_description']
what you,['50143'],[],title_description,3,0,[],,"['51388', '60977', '267']","[0.53166663646698, 0.5204321146011353, 0.5116623640060425]","['title_description', 'title_description', 'title_description']"
zanming jong怎么读,['50143'],[],title_description,1,0,[],,['51381'],[0.48932382464408875],['title_description']
zanming jong怎么读,['50143'],[],title_description,3,0,[],,"['51381', '51388', '51382']","[0.48932382464408875, 0.4884321689605713, 0.47484809160232544]","['title_description', 'title_description', 'title_description']"
“金顺铁“韩语怎么读,['50143'],[],title_description,1,0,[],,['51381'],[0.4135095477104187],['title_description']
“金顺铁“韩语怎么读,['50143'],[],title_description,3,0,[],,"['51381', '23', '51382']","[0.4135095477104187, 0.41028520464897156, 0.40742096304893494]","['title_description', 'title_description', 'title_description']"
これ,['50143'],[],title_description,1,0,[],,['23'],[0.5422649383544922],['title_description']
これ,['50143'],[],title_description,3,0,[],,"['23', '62206', '51388']","[0.5422649383544922, 0.5347898006439209, 0.5323028564453125]","['title_description', 'title_description', 'title_description']"
っ 翻译,['50143'],[],title_description,1,0,[],,['51388'],[0.6920040249824524],['title_description']
っ 翻译,['50143'],[],title_description,3,0,[],,"['51388', '23', '51381']","[0.6920040249824524, 0.6555414795875549, 0.644292950630188]","['title_description', 'title_description', 'title_description']"
で,['50143'],[],title_description,1,0,[],,['51388'],[0.5676554441452026],['title_description']
で,['50143'],[],title_description,3,0,[],,"['51388', '23', '60977']","[0.5676554441452026, 0.5528879761695862, 0.548404335975647]","['title_description', 'title_description', 'title_description']"
の什么意思,['50143'],[],title_description,1,0,[],,['51388'],[0.6370762586593628],['title_description']
の什么意思,['50143'],[],title_description,3,0,[],,"['51388', '52336', '51381']","[0.6370762586593628, 0.5866426229476929, 0.5816185474395752]","['title_description', 'title_description', 'title_description']"
やだ,['50143'],[],title_description,1,0,[],,['51388'],[0.4918997585773468],['title_description']
やだ,['50143'],[],title_description,3,0,[],,"['51388', '23', '51381']","[0.4918997585773468, 0.48507994413375854, 0.4661110043525696]","['title_description', 'title_description', 'title_description']"
一些水果用英语怎么说,['50143'],[],title_description,1,1,['50143'],1.0,['50143'],[0.5048778057098389],['title_description']
一些水果用英语怎么说,['50143'],[],title_description,3,1,['50143'],1.0,"['50143', '23', '85']","[0.5048778057098389, 0.48502999544143677, 0.482308566570282]","['title_description', 'title_description', 'title_description']"
一切皆有可能的英文怎么说,['50143'],[],title_description,1,0,[],,['85'],[0.48790422081947327],['title_description']
一切皆有可能的英文怎么说,['50143'],[],title_description,3,1,['50143'],2.0,"['85', '50143', '23']","[0.48790422081947327, 0.4876862168312073, 0.4852478504180908]","['title_description', 'title_description', 'title_description']"
不能大声吵闹的英文,['50143'],[],title_description,1,1,['50143'],1.0,['50143'],[0.4378487467765808],['title_description']
不能大声吵闹的英文,['50143'],[],title_description,3,1,['50143'],1.0,"['50143', '23', '85']","[0.4378487467765808, 0.4355309009552002, 0.43097782135009766]","['title_description', 'title_description', 'title_description']"
不要忘记英文,['50143'],[],title_description,1,1,['50143'],1.0,['50143'],[0.5634684562683105],['title_description']
不要忘记英文,['50143'],[],title_description,3,1,['50143'],1.0,"['50143', '85', '51388']","[0.5634684562683105, 0.5441182851791382, 0.5397909283638]","['title_description', 'title_description', 'title_description']"
今天的天气很好英语怎么说,['50143'],[],title_description,1,0,[],,['4999'],[0.5014640688896179],['title_description']
今天的天气很好英语怎么说,['50143'],[],title_description,3,1,['50143'],3.0,"['4999', '4982', '50143']","[0.5014640688896179, 0.4789504408836365, 0.4753909111022949]","['title_description', 'title_description', 'title_description']"
令人激动的英语单词,['50143'],[],title_description,1,1,['50143'],1.0,['50143'],[0.5819746255874634],['title_description']
令人激动的英语单词,['50143'],[],title_description,3,1,['50143'],1.0,"['50143', '85', '51386']","[0.5819746255874634, 0.510773241519928, 0.4762832224369049]","['title_description', 'title_description', 'title_description']"
以…为职业英文怎么读,['50143'],[],title_description,1,1,['50143'],1.0,['50143'],[0.5040735006332397],['title_description']
以…为职业英文怎么读,['50143'],[],title_description,3,1,['50143'],1.0,"['50143', '85', '62172']","[0.5040735006332397, 0.47519922256469727, 0.4679900109767914]","['title_description', 'title_description', 'title_description']"
会日语吗日语怎么说,['50143'],[],title_description,1,0,[],,['51386'],[0.46457022428512573],['title_description']
会日语吗日语怎么说,['50143'],[],title_description,3,0,[],,"['51386', '51381', '51388']","[0.46457022428512573, 0.4608379602432251, 0.45676207542419434]","['title_description', 'title_description', 'title_description']"
你可以利用课余时间参加书法研习班英语,['50143'],[],title_description,1,1,['50143'],1.0,['50143'],[0.4995324909687042],['title_description']
你可以利用课余时间参加书法研习班英语,['50143'],[],title_description,3,1,['50143'],1.0,"['50143', '62172', '51382']","[0.4995324909687042, 0.47302478551864624, 0.46491169929504395]","['title_description', 'title_description', 'title_description']"
你给我好好的英文,['50143'],[],title_description,1,0,[],,['85'],[0.5124601125717163],['title_description']
你给我好好的英文,['50143'],[],title_description,3,1,['50143'],2.0,"['85', '50143', '23']","[0.5124601125717163, 0.5091253519058228, 0.49900174140930176]","['title_description', 'title_description', 'title_description']"
做薯条的英文,['50143'],[],title_description,1,1,['50143'],1.0,['50143'],[0.47626686096191406],['title_description']
做薯条的英文,['50143'],[],title_description,3,1,['50143'],1.0,"['50143', '23', '85']","[0.47626686096191406, 0.4680894613265991, 0.4595700204372406]","['title_description', 'title_description', 'title_description']"
健康的有益健康的英文怎么读,['50143'],[],title_description,1,1,['50143'],1.0,['50143'],[0.4939287304878235],['title_description']
健康的有益健康的英文怎么读,['50143'],[],title_description,3,1,['50143'],1.0,"['50143', '51388', '51386']","[0.4939287304878235, 0.45848679542541504, 0.4538397192955017]","['title_description', 'title_description', 'title_description']"
出售卖英语怎么说,['50143'],[],title_description,1,0,[],,['85'],[0.5292338728904724],['title_description']
出售卖英语怎么说,['50143'],[],title_description,3,1,['50143'],2.0,"['85', '50143', '23']","[0.5292338728904724, 0.5255857706069946, 0.5144888758659363]","['title_description', 'title_description', 'title_description']"
制作墙报的英文,['50143'],[],title_description,1,1,['50143'],1.0,['50143'],[0.4829873740673065],['title_description']
制作墙报的英文,['50143'],[],title_description,3,1,['50143'],1.0,"['50143', '267', '85']","[0.4829873740673065, 0.45237594842910767, 0.4479103088378906]","['title_description', 'title_description', 'title_description']"
制作海报英语怎么说,['50143'],[],title_description,1,1,['50143'],1.0,['50143'],[0.5122874975204468],['title_description']
制作海报英语怎么说,['50143'],[],title_description,3,1,['50143'],1.0,"['50143', '51388', '85']","[0.5122874975204468, 0.4944308400154114, 0.4908931851387024]","['title_description', 'title_description', 'title_description']"
千米公里的英语怎么讲,['50143'],[],title_description,1,1,['50143'],1.0,['50143'],[0.5326775908470154],['title_description']
千米公里的英语怎么讲,['50143'],[],title_description,3,1,['50143'],1.0,"['50143', '62172', '85']","[0.5326775908470154, 0.4676387310028076, 0.4647444188594818]","['title_description', 'title_description', 'title_description']"
参观旅行英文怎么说,['50143'],[],title_description,1,0,[],,['5671'],[0.5477350950241089],['title_description']
参观旅行英文怎么说,['50143'],[],title_description,3,1,['50143'],3.0,"['5671', '62106', '50143']","[0.5477350950241089, 0.5334904193878174, 0.508911669254303]","['title_description', 'title_description', 'title_description']"
可以日语怎么说,['50143'],[],title_description,1,0,[],,['51386'],[0.5251960158348083],['title_description']
可以日语怎么说,['50143'],[],title_description,3,0,[],,"['51386', '51388', '51381']","[0.5251960158348083, 0.5245957374572754, 0.517168402671814]","['title_description', 'title_description', 'title_description']"
可以用韩语怎么说,['50143'],[],title_description,1,0,[],,['23'],[0.5367717146873474],['title_description']
可以用韩语怎么说,['50143'],[],title_description,3,0,[],,"['23', '51386', '51388']","[0.5367717146873474, 0.5227324962615967, 0.5216771364212036]","['title_description', 'title_description', 'title_description']"
告诉我用英语怎么说,['50143'],[],title_description,1,1,['50143'],1.0,['50143'],[0.6248803734779358],['title_description']
告诉我用英语怎么说,['50143'],[],title_description,3,1,['50143'],1.0,"['50143', '85', '62172']","[0.6248803734779358, 0.6205326318740845, 0.6151719093322754]","['title_description', 'title_description', 'title_description']"
哦哈哟学妹日语,['50143'],[],title_description,1,0,[],,['5917'],[0.33718034625053406],['title_description']
哦哈哟学妹日语,['50143'],[],title_description,3,0,[],,"['5917', '52336', '5601']","[0.33718034625053406, 0.3146926760673523, 0.31396543979644775]","['title_description', 'title_description', 'title_description']"
哦船长我的船长用英语怎么说呢,['50143'],[],title_description,1,0,[],,['62172'],[0.43109387159347534],['title_description']
哦船长我的船长用英语怎么说呢,['50143'],[],title_description,3,1,['50143'],3.0,"['62172', '23', '50143']","[0.43109387159347534, 0.41658031940460205, 0.4160054326057434]","['title_description', 'title_description', 'title_description']"
喝牛奶用英语怎么说,['50143'],[],title_description,1,1,['50143'],1.0,['50143'],[0.47531986236572266],['title_description']
喝牛奶用英语怎么说,['50143'],[],title_description,3,1,['50143'],1.0,"['50143', '85', '62172']","[0.47531986236572266, 0.47020742297172546, 0.46505245566368103]","['title_description', 'title_description', 'title_description']"
回答正确的英语怎么说,['50143'],[],title_description,1,1,['50143'],1.0,['50143'],[0.5621098279953003],['title_description']
回答正确的英语怎么说,['50143'],[],title_description,3,1,['50143'],1.0,"['50143', '51388', '85']","[0.5621098279953003, 0.5313851237297058, 0.49972832202911377]","['title_description', 'title_description', 'title_description']"
因为不好听 用英语,['50143'],[],title_description,1,1,['50143'],1.0,['50143'],[0.48327207565307617],['title_description']
因为不好听 用英语,['50143'],[],title_description,3,1,['50143'],1.0,"['50143', '62172', '51388']","[0.48327207565307617, 0.45625993609428406, 0.43919581174850464]","['title_description', 'title_description', 'title_description']"
在上周我们学习了一篇新的课文用英语怎么说,['50143'],[],title_description,1,1,['50143'],1.0,['50143'],[0.5040138959884644],['title_description']
在上周我们学习了一篇新的课文用英语怎么说,['50143'],[],title_description,3,1,['50143'],1.0,"['50143', '62172', '85']","[0.5040138959884644, 0.44895702600479126, 0.4450903832912445]","['title_description', 'title_description', 'title_description']"
声音响声的英文,['50143'],[],title_description,1,1,['50143'],1.0,['50143'],[0.5314712524414062],['title_description']
声音响声的英文,['50143'],[],title_description,3,1,['50143'],1.0,"['50143', '51388', '23']","[0.5314712524414062, 0.5224360823631287, 0.4980752468109131]","['title_description', 'title_description', 'title_description']"
外国人写的英文,['50143'],[],title_description,1,1,['50143'],1.0,['50143'],[0.4750576615333557],['title_description']
外国人写的英文,['50143'],[],title_description,3,1,['50143'],1.0,"['50143', '85', '51388']","[0.4750576615333557, 0.4497348964214325, 0.44344547390937805]","['title_description', 'title_description', 'title_description']"
天菜的英文,['50143'],[],title_description,1,0,[],,['85'],[0.49583858251571655],['title_description']
天菜的英文,['50143'],[],title_description,3,0,[],,"['85', '62172', '23']","[0.49583858251571655, 0.4855370819568634, 0.4808221459388733]","['title_description', 'title_description', 'title_description']"
它是宜人的英文,['50143'],[],title_description,1,0,[],,['85'],[0.5344956517219543],['title_description']
它是宜人的英文,['50143'],[],title_description,3,1,['50143'],3.0,"['85', '62172', '50143']","[0.5344956517219543, 0.5283796787261963, 0.5219519138336182]","['title_description', 'title_description', 'title_description']"
快地英语怎么说,['50143'],[],title_description,1,1,['50143'],1.0,['50143'],[0.5528066158294678],['title_description']
快地英语怎么说,['50143'],[],title_description,3,1,['50143'],1.0,"['50143', '62172', '85']","[0.5528066158294678, 0.551952600479126, 0.5306329131126404]","['title_description', 'title_description', 'title_description']"
恋脚英文怎么说,['50143'],[],title_description,1,0,[],,['62172'],[0.49030348658561707],['title_description']
恋脚英文怎么说,['50143'],[],title_description,3,0,[],,"['62172', '85', '23']","[0.49030348658561707, 0.4891996383666992, 0.48268237709999084]","['title_description', 'title_description', 'title_description']"
我去翻译英语,['50143'],[],title_description,1,0,[],,['62172'],[0.6029543876647949],['title_description']
我去翻译英语,['50143'],[],title_description,3,0,[],,"['62172', '23', '85']","[0.6029543876647949, 0.5979671478271484, 0.5917671918869019]","['title_description', 'title_description', 'title_description']"
我喜欢你翻译,['50143'],[],title_description,1,0,[],,['23'],[0.521034300327301],['title_description']
我喜欢你翻译,['50143'],[],title_description,3,0,[],,"['23', '85', '62172']","[0.521034300327301, 0.4938424229621887, 0.49259376525878906]","['title_description', 'title_description', 'title_description']"
我想吃用英语怎么说,['50143'],[],title_description,1,1,['50143'],1.0,['50143'],[0.5325081944465637],['title_description']
我想吃用英语怎么说,['50143'],[],title_description,3,1,['50143'],1.0,"['50143', '51388', '23']","[0.5325081944465637, 0.5318987965583801, 0.5234778523445129]","['title_description', 'title_description', 'title_description']"
我操你妈的英语,['50143'],[],title_description,1,1,['50143'],1.0,['50143'],[0.47083646059036255],['title_description']
我操你妈的英语,['50143'],[],title_description,3,1,['50143'],1.0,"['50143', '62172', '85']","[0.47083646059036255, 0.4646203815937042, 0.42680639028549194]","['title_description', 'title_description', 'title_description']"
我的刀盾英语怎么说呢,['50143'],[],title_description,1,0,[],,['85'],[0.5288125276565552],['title_description']
我的刀盾英语怎么说呢,['50143'],[],title_description,3,1,['50143'],2.0,"['85', '50143', '23']","[0.5288125276565552, 0.5246111154556274, 0.5182914137840271]","['title_description', 'title_description', 'title_description']"
我要的英文,['50143'],[],title_description,1,0,[],,['51388'],[0.5951329469680786],['title_description']
我要的英文,['50143'],[],title_description,3,0,[],,"['51388', '51381', '51386']","[0.5951329469680786, 0.5814474821090698, 0.5803448557853699]","['title_description', 'title_description', 'title_description']"
我要睡觉了英语是什么,['50143'],[],title_description,1,1,['50143'],1.0,['50143'],[0.4892217516899109],['title_description']
我要睡觉了英语是什么,['50143'],[],title_description,3,1,['50143'],1.0,"['50143', '23', '85']","[0.4892217516899109, 0.47070786356925964, 0.4642965793609619]","['title_description', 'title_description', 'title_description']"
打扫一下用英语怎么说,['50143'],[],title_description,1,0,[],,['85'],[0.49100005626678467],['title_description']
打扫一下用英语怎么说,['50143'],[],title_description,3,1,['50143'],3.0,"['85', '23', '50143']","[0.49100005626678467, 0.4889782667160034, 0.488828182220459]","['title_description', 'title_description', 'title_description']"
提手把手的英文,['50143'],[],title_description,1,0,[],,['85'],[0.5250582695007324],['title_description']
提手把手的英文,['50143'],[],title_description,3,1,['50143'],2.0,"['85', '50143', '51388']","[0.5250582695007324, 0.523090660572052, 0.5207406282424927]","['title_description', 'title_description', 'title_description']"
时间的日语,['50143'],[],title_description,1,0,[],,['51323'],[0.5239776968955994],['title_description']
时间的日语,['50143'],[],title_description,3,0,[],,"['51323', '5601', '61111']","[0.5239776968955994, 0.5201196074485779, 0.5158738493919373]","['title_description', 'title_description', 'title_description']"
有没有英语怎么读,['50143'],[],title_description,1,1,['50143'],1.0,['50143'],[0.6008746027946472],['title_description']
有没有英语怎么读,['50143'],[],title_description,3,1,['50143'],1.0,"['50143', '51388', '51381']","[0.6008746027946472, 0.5946894288063049, 0.5792218446731567]","['title_description', 'title_description', 'title_description']"
欢迎再来用英语怎么说,['50143'],[],title_description,1,1,['50143'],1.0,['50143'],[0.49705761671066284],['title_description']
欢迎再来用英语怎么说,['50143'],[],title_description,3,1,['50143'],1.0,"['50143', '51386', '51388']","[0.49705761671066284, 0.4676956236362457, 0.4666197896003723]","['title_description', 'title_description', 'title_description']"
死装哥的英文,['50143'],[],title_description,1,0,[],,['85'],[0.47012683749198914],['title_description']
死装哥的英文,['50143'],[],title_description,3,1,['50143'],2.0,"['85', '50143', '23']","[0.47012683749198914, 0.46364831924438477, 0.4520002007484436]","['title_description', 'title_description', 'title_description']"
泉奈的日语怎么说,['50143'],[],title_description,1,0,[],,['23'],[0.4839092493057251],['title_description']
泉奈的日语怎么说,['50143'],[],title_description,3,0,[],,"['23', '51388', '51381']","[0.4839092493057251, 0.45657646656036377, 0.45473846793174744]","['title_description', 'title_description', 'title_description']"
洋葱炒蛋英语怎么说,['50143'],[],title_description,1,0,[],,['85'],[0.4725773334503174],['title_description']
洋葱炒蛋英语怎么说,['50143'],[],title_description,3,0,[],,"['85', '23', '62172']","[0.4725773334503174, 0.46377435326576233, 0.45605331659317017]","['title_description', 'title_description', 'title_description']"
漂亮的短发用英语怎么说,['50143'],[],title_description,1,1,['50143'],1.0,['50143'],[0.5042102336883545],['title_description']
漂亮的短发用英语怎么说,['50143'],[],title_description,3,1,['50143'],1.0,"['50143', '85', '23']","[0.5042102336883545, 0.47718724608421326, 0.47376328706741333]","['title_description', 'title_description', 'title_description']"
用电脑英语,['50143'],[],title_description,1,1,['50143'],1.0,['50143'],[0.5614842772483826],['title_description']
用电脑英语,['50143'],[],title_description,3,1,['50143'],1.0,"['50143', '51388', '85']","[0.5614842772483826, 0.5484646558761597, 0.5305435657501221]","['title_description', 'title_description', 'title_description']"
白水鉴心的英文,['50143'],[],title_description,1,0,[],,['85'],[0.45366066694259644],['title_description']
白水鉴心的英文,['50143'],[],title_description,3,0,[],,"['85', '23', '51388']","[0.45366066694259644, 0.4421268701553345, 0.44203364849090576]","['title_description', 'title_description', 'title_description']"
百达翡丽的英文怎么读,['50143'],[],title_description,1,0,[],,['51388'],[0.44822418689727783],['title_description']
百达翡丽的英文怎么读,['50143'],[],title_description,3,0,[],,"['51388', '23', '85']","[0.44822418689727783, 0.43953895568847656, 0.4345245957374573]","['title_description', 'title_description', 'title_description']"
的 日语,['50143'],[],title_description,1,0,[],,['51388'],[0.5033028721809387],['title_description']
的 日语,['50143'],[],title_description,3,0,[],,"['51388', '51386', '51381']","[0.5033028721809387, 0.4955555200576782, 0.4933677911758423]","['title_description', 'title_description', 'title_description']"
看牙医的英文,['50143'],[],title_description,1,0,[],,['23'],[0.4602932929992676],['title_description']
看牙医的英文,['50143'],[],title_description,3,0,[],,"['23', '85', '51388']","[0.4602932929992676, 0.45083707571029663, 0.44592130184173584]","['title_description', 'title_description', 'title_description']"
聪明的有智慧的英语怎么说,['50143'],[],title_description,1,1,['50143'],1.0,['50143'],[0.5415487289428711],['title_description']
聪明的有智慧的英语怎么说,['50143'],[],title_description,3,1,['50143'],1.0,"['50143', '62172', '85']","[0.5415487289428711, 0.5117956399917603, 0.504061222076416]","['title_description', 'title_description', 'title_description']"
英语5小时,['50143'],[],title_description,1,1,['50143'],1.0,['50143'],[0.5090774297714233],['title_description']
英语5小时,['50143'],[],title_description,3,1,['50143'],1.0,"['50143', '85', '23']","[0.5090774297714233, 0.4636825919151306, 0.43670833110809326]","['title_description', 'title_description', 'title_description']"
跟随自己的心英文,['50143'],[],title_description,1,0,[],,['23'],[0.4461847245693207],['title_description']
跟随自己的心英文,['50143'],[],title_description,3,0,[],,"['23', '85', '62172']","[0.4461847245693207, 0.4424145817756653, 0.4241654872894287]","['title_description', 'title_description', 'title_description']"
这些是她的新鞋子英文,['50143'],[],title_description,1,0,[],,['85'],[0.4827374815940857],['title_description']
这些是她的新鞋子英文,['50143'],[],title_description,3,1,['50143'],2.0,"['85', '50143', '23']","[0.4827374815940857, 0.4580850899219513, 0.4505144953727722]","['title_description', 'title_description', 'title_description']"
这是哪里用英语怎么说,['50143'],[],title_description,1,0,[],,['51388'],[0.5350876450538635],['title_description']
这是哪里用英语怎么说,['50143'],[],title_description,3,1,['50143'],2.0,"['51388', '50143', '47242']","[0.5350876450538635, 0.5149588584899902, 0.5141424536705017]","['title_description', 'title_description', 'title_description']"
这是我朋友英文翻译,['50143'],[],title_description,1,0,[],,['23'],[0.5484925508499146],['title_description']
这是我朋友英文翻译,['50143'],[],title_description,3,0,[],,"['23', '85', '62172']","[0.5484925508499146, 0.5341377258300781, 0.5266154408454895]","['title_description', 'title_description', 'title_description']"
那只猴子正在做什么英语怎么写,['50143'],[],title_description,1,0,[],,['23'],[0.47292691469192505],['title_description']
那只猴子正在做什么英语怎么写,['50143'],[],title_description,3,1,['50143'],3.0,"['23', '85', '50143']","[0.47292691469192505, 0.4567055106163025, 0.4500371217727661]","['title_description', 'title_description', 'title_description']"
那国人英语怎么说,['50143'],[],title_description,1,1,['50143'],1.0,['50143'],[0.5020484924316406],['title_description']
那国人英语怎么说,['50143'],[],title_description,3,1,['50143'],1.0,"['50143', '85', '23']","[0.5020484924316406, 0.491849422454834, 0.49017298221588135]","['title_description', 'title_description', 'title_description']"
静音播放 翻译,['50143'],[],title_description,1,0,[],,['23'],[0.5629773139953613],['title_description']
静音播放 翻译,['50143'],[],title_description,3,0,[],,"['23', '51275', '85']","[0.5629773139953613, 0.5568296909332275, 0.5250711441040039]","['title_description', 'title_description', 'title_description']"
骂我的英文,['50143'],[],title_description,1,1,['50143'],1.0,['50143'],[0.4746711850166321],['title_description']
骂我的英文,['50143'],[],title_description,3,1,['50143'],1.0,"['50143', '62172', '85']","[0.4746711850166321, 0.4742734432220459, 0.4608646333217621]","['title_description', 'title_description', 'title_description']"
