query,gold_ids,missing_gold_ids,view,k,pass_at_k,hit_ids,first_hit_rank,recall_ids,recall_scores,recall_views
3060显卡,['60338'],[],description,1,0,[],,['60977'],[0.4754938781261444],['description']
3060显卡,['60338'],[],description,3,0,[],,"['60977', '5550', '5778']","[0.4754938781261444, 0.46968239545822144, 0.44600024819374084]","['description', 'description', 'description']"
dyson官网,['60338'],[],description,1,0,[],,['5881'],[0.5151308178901672],['description']
dyson官网,['60338'],[],description,3,0,[],,"['5881', '60977', '5271']","[0.5151308178901672, 0.49027445912361145, 0.47521355748176575]","['description', 'description', 'description']"
gazpacho,['60338'],[],description,1,0,[],,['51323'],[0.4702330231666565],['description']
gazpacho,['60338'],[],description,3,0,[],,"['51323', '47272', '51377']","[0.4702330231666565, 0.46393054723739624, 0.45236068964004517]","['description', 'description', 'description']"
i5-13400f,['60338'],[],description,1,0,[],,['60977'],[0.52815842628479],['description']
i5-13400f,['60338'],[],description,3,0,[],,"['60977', '51044', '51388']","[0.52815842628479, 0.46701279282569885, 0.44952529668807983]","['description', 'description', 'description']"
ipad pro,['60338'],[],description,1,0,[],,['60977'],[0.5520567893981934],['description']
ipad pro,['60338'],[],description,3,0,[],,"['60977', '51388', '85']","[0.5520567893981934, 0.4732707738876343, 0.4617103934288025]","['description', 'description', 'description']"
kita,['60338'],[],description,1,0,[],,['51323'],[0.5923899412155151],['description']
kita,['60338'],[],description,3,0,[],,"['51323', '51388', '23']","[0.5923899412155151, 0.586797833442688, 0.5817172527313232]","['description', 'description', 'description']"
oppo,['60338'],[],description,1,0,[],,['60977'],[0.5952122211456299],['description']
oppo,['60338'],[],description,3,0,[],,"['60977', '51388', '60540']","[0.5952122211456299, 0.49527251720428467, 0.48968440294265747]","['description', 'description', 'description']"
reno8pro,['60338'],[],description,1,0,[],,['60977'],[0.5423152446746826],['description']
reno8pro,['60338'],[],description,3,0,[],,"['60977', '60540', '5271']","[0.5423152446746826, 0.45585277676582336, 0.4457027316093445]","['description', 'description', 'description']"
sansui音响多少钱,['60338'],[],description,1,0,[],,['5881'],[0.46615341305732727],['description']
sansui音响多少钱,['60338'],[],description,3,1,['60338'],2.0,"['5881', '60338', '60540']","[0.46615341305732727, 0.43574368953704834, 0.42732590436935425]","['description', 'description', 'description']"
vivo y500 pro,['60338'],[],description,1,0,[],,['60977'],[0.541721761226654],['description']
vivo y500 pro,['60338'],[],description,3,0,[],,"['60977', '5271', '51388']","[0.541721761226654, 0.506591260433197, 0.4767404794692993]","['description', 'description', 'description']"
x7手机,['60338'],[],description,1,0,[],,['60540'],[0.5077835917472839],['description']
x7手机,['60338'],[],description,3,1,['60338'],2.0,"['60540', '60338', '60977']","[0.5077835917472839, 0.47482672333717346, 0.4731138348579407]","['description', 'description', 'description']"
xbox xsx,['60338'],[],description,1,0,[],,['60977'],[0.5048508644104004],['description']
xbox xsx,['60338'],[],description,3,0,[],,"['60977', '4526', '51323']","[0.5048508644104004, 0.43933674693107605, 0.43606042861938477]","['description', 'description', 'description']"
三星s26,['60338'],[],description,1,0,[],,['60540'],[0.4608604907989502],['description']
三星s26,['60338'],[],description,3,0,[],,"['60540', '60977', '51323']","[0.4608604907989502, 0.454279363155365, 0.40964511036872864]","['description', 'description', 'description']"
三鹿,['60338'],[],description,1,0,[],,['5881'],[0.47429540753364563],['description']
三鹿,['60338'],[],description,3,0,[],,"['5881', '47272', '60977']","[0.47429540753364563, 0.46792617440223694, 0.4640907645225525]","['description', 'description', 'description']"
不锈钢价格,['60338'],[],description,1,0,[],,['51590'],[0.5696694254875183],['description']
不锈钢价格,['60338'],[],description,3,0,[],,"['51590', '51088', '51255']","[0.5696694254875183, 0.5224525332450867, 0.5119723081588745]","['description', 'description', 'description']"
东方树叶多少钱一瓶,['60338'],[],description,1,0,[],,['61800'],[0.42314761877059937],['description']
东方树叶多少钱一瓶,['60338'],[],description,3,1,['60338'],3.0,"['61800', '5544', '60338']","[0.42314761877059937, 0.4117143750190735, 0.39549294114112854]","['description', 'description', 'description']"
丝袜,['60338'],[],description,1,0,[],,['51377'],[0.4454892575740814],['description']
丝袜,['60338'],[],description,3,0,[],,"['51377', '60977', '51388']","[0.4454892575740814, 0.43098193407058716, 0.4268697202205658]","['description', 'description', 'description']"
九阳豆浆机价格,['60338'],[],description,1,0,[],,['5881'],[0.37845200300216675],['description']
九阳豆浆机价格,['60338'],[],description,3,1,['60338'],3.0,"['5881', '5544', '60338']","[0.37845200300216675, 0.3716451823711395, 0.369878888130188]","['description', 'description', 'description']"
书桌,['60338'],[],description,1,0,[],,['267'],[0.4859326481819153],['description']
书桌,['60338'],[],description,3,0,[],,"['267', '51388', '51712']","[0.4859326481819153, 0.46985483169555664, 0.4682110548019409]","['description', 'description', 'description']"
人参多少钱一斤,['60338'],[],description,1,0,[],,['51590'],[0.4971335530281067],['description']
人参多少钱一斤,['60338'],[],description,3,1,['60338'],2.0,"['51590', '60338', '61800']","[0.4971335530281067, 0.48657017946243286, 0.46557724475860596]","['description', 'description', 'description']"
佳能相机,['60338'],[],description,1,0,[],,['5881'],[0.4772390127182007],['description']
佳能相机,['60338'],[],description,3,0,[],,"['5881', '60977', '5544']","[0.4772390127182007, 0.4545825123786926, 0.4312276244163513]","['description', 'description', 'description']"
克罗心,['60338'],[],description,1,0,[],,['5881'],[0.48403459787368774],['description']
克罗心,['60338'],[],description,3,0,[],,"['5881', '60977', '5882']","[0.48403459787368774, 0.44585007429122925, 0.43192893266677856]","['description', 'description', 'description']"
内衣内衣,['60338'],[],description,1,0,[],,['60977'],[0.45387160778045654],['description']
内衣内衣,['60338'],[],description,3,0,[],,"['60977', '51388', '51377']","[0.45387160778045654, 0.4155786633491516, 0.40782424807548523]","['description', 'description', 'description']"
冰格,['60338'],[],description,1,0,[],,['51323'],[0.49027788639068604],['description']
冰格,['60338'],[],description,3,0,[],,"['51323', '5601', '47272']","[0.49027788639068604, 0.4565630257129669, 0.45557326078414917]","['description', 'description', 'description']"
凉席垫子,['60338'],[],description,1,1,['60338'],1.0,['60338'],[0.2706413269042969],['description']
凉席垫子,['60338'],[],description,3,1,['60338'],1.0,"['60338', '47272', '51387']","[0.2706413269042969, 0.2498427927494049, 0.23866231739521027]","['description', 'description', 'description']"
劳力士官网,['60338'],[],description,1,0,[],,['51590'],[0.445884644985199],['description']
劳力士官网,['60338'],[],description,3,0,[],,"['51590', '5012', '60977']","[0.445884644985199, 0.42667776346206665, 0.4216255843639374]","['description', 'description', 'description']"
包包多少钱,['60338'],[],description,1,1,['60338'],1.0,['60338'],[0.6251239776611328],['description']
包包多少钱,['60338'],[],description,3,1,['60338'],1.0,"['60338', '60540', '60977']","[0.6251239776611328, 0.5725091695785522, 0.5436633825302124]","['description', 'description', 'description']"
华为mate60pro,['60338'],[],description,1,0,[],,['60540'],[0.49393969774246216],['description']
华为mate60pro,['60338'],[],description,3,0,[],,"['60540', '60977', '47198']","[0.49393969774246216, 0.46403855085372925, 0.43506157398223877]","['description', 'description', 'description']"
华为平板,['60338'],[],description,1,0,[],,['60540'],[0.42499226331710815],['description']
华为平板,['60338'],[],description,3,0,[],,"['60540', '60977', '47272']","[0.42499226331710815, 0.42136478424072266, 0.3994585871696472]","['description', 'description', 'description']"
卫浴品牌,['60338'],[],description,1,0,[],,['5881'],[0.5524630546569824],['description']
卫浴品牌,['60338'],[],description,3,0,[],,"['5881', '5882', '60977']","[0.5524630546569824, 0.4515942931175232, 0.43728774785995483]","['description', 'description', 'description']"
名表价格,['60338'],[],description,1,0,[],,['51590'],[0.5887798070907593],['description']
名表价格,['60338'],[],description,3,1,['60338'],2.0,"['51590', '60338', '60540']","[0.5887798070907593, 0.56727135181427, 0.5333700776100159]","['description', 'description', 'description']"
咖啡,['60338'],[],description,1,0,[],,['47272'],[0.4796539843082428],['description']
咖啡,['60338'],[],description,3,0,[],,"['47272', '5544', '60977']","[0.4796539843082428, 0.4542023539543152, 0.4495423436164856]","['description', 'description', 'description']"
大米价格,['60338'],[],description,1,0,[],,['51590'],[0.5387852191925049],['description']
大米价格,['60338'],[],description,3,1,['60338'],2.0,"['51590', '60338', '51255']","[0.5387852191925049, 0.5364902019500732, 0.5018503069877625]","['description', 'description', 'description']"
太阳能灯价格,['60338'],[],description,1,1,['60338'],1.0,['60338'],[0.416495144367218],['description']
太阳能灯价格,['60338'],[],description,3,1,['60338'],1.0,"['60338', '51590', '5544']","[0.416495144367218, 0.38906610012054443, 0.3870605230331421]","['description', 'description', 'description']"
奥克斯,['60338'],[],description,1,0,[],,['5881'],[0.5400196313858032],['description']
奥克斯,['60338'],[],description,3,0,[],,"['5881', '60977', '5271']","[0.5400196313858032, 0.5052459239959717, 0.46322405338287354]","['description', 'description', 'description']"
女士三角裤冰丝,['60338'],[],description,1,0,[],,['60977'],[0.2028292864561081],['description']
女士三角裤冰丝,['60338'],[],description,3,1,['60338'],3.0,"['60977', '51377', '60338']","[0.2028292864561081, 0.1983681619167328, 0.19284653663635254]","['description', 'description', 'description']"
女生开档裤,['60338'],[],description,1,0,[],,['60977'],[0.34475982189178467],['description']
女生开档裤,['60338'],[],description,3,0,[],,"['60977', '51377', '51381']","[0.34475982189178467, 0.3292565643787384, 0.3207232356071472]","['description', 'description', 'description']"
婵壳多少钱一斤,['60338'],[],description,1,1,['60338'],1.0,['60338'],[0.45143434405326843],['description']
婵壳多少钱一斤,['60338'],[],description,3,1,['60338'],1.0,"['60338', '51590', '61800']","[0.45143434405326843, 0.40511009097099304, 0.3955399692058563]","['description', 'description', 'description']"
富士官网,['60338'],[],description,1,0,[],,['60977'],[0.4784620404243469],['description']
富士官网,['60338'],[],description,3,0,[],,"['60977', '5544', '5881']","[0.4784620404243469, 0.444705069065094, 0.4438088536262512]","['description', 'description', 'description']"
小龙王槟榔,['60338'],[],description,1,0,[],,['47272'],[0.3695174753665924],['description']
小龙王槟榔,['60338'],[],description,3,0,[],,"['47272', '61800', '51388']","[0.3695174753665924, 0.3584147095680237, 0.33823472261428833]","['description', 'description', 'description']"
山水音响,['60338'],[],description,1,0,[],,['5179'],[0.44485223293304443],['description']
山水音响,['60338'],[],description,3,0,[],,"['5179', '62248', '51377']","[0.44485223293304443, 0.44354599714279175, 0.43564796447753906]","['description', 'description', 'description']"
庆养元葡萄籽多少钱,['60338'],[],description,1,1,['60338'],1.0,['60338'],[0.4454038143157959],['description']
庆养元葡萄籽多少钱,['60338'],[],description,3,1,['60338'],1.0,"['60338', '51590', '5544']","[0.4454038143157959, 0.40831056237220764, 0.38294970989227295]","['description', 'description', 'description']"
情趣玩具,['60338'],[],description,1,0,[],,['60977'],[0.4195801913738251],['description']
情趣玩具,['60338'],[],description,3,0,[],,"['60977', '62248', '5179']","[0.4195801913738251, 0.3950890898704529, 0.3927200436592102]","['description', 'description', 'description']"
惠普打印机,['60338'],[],description,1,0,[],,['5881'],[0.43392235040664673],['description']
惠普打印机,['60338'],[],description,3,0,[],,"['5881', '5544', '60977']","[0.43392235040664673, 0.4302266836166382, 0.4179800748825073]","['description', 'description', 'description']"
手办,['60338'],[],description,1,0,[],,['47272'],[0.4748104214668274],['description']
手办,['60338'],[],description,3,0,[],,"['47272', '51388', '51377']","[0.4748104214668274, 0.4744987487792969, 0.4705164134502411]","['description', 'description', 'description']"
手动开窗器,['60338'],[],description,1,0,[],,['5671'],[0.3911362290382385],['description']
手动开窗器,['60338'],[],description,3,0,[],,"['5671', '51712', '267']","[0.3911362290382385, 0.36528000235557556, 0.36184126138687134]","['description', 'description', 'description']"
折叠电动车,['60338'],[],description,1,0,[],,['5271'],[0.5387697815895081],['description']
折叠电动车,['60338'],[],description,3,0,[],,"['5271', '60977', '47190']","[0.5387697815895081, 0.4847681522369385, 0.46959733963012695]","['description', 'description', 'description']"
探测仪,['60338'],[],description,1,0,[],,['5544'],[0.4757882058620453],['description']
探测仪,['60338'],[],description,3,0,[],,"['5544', '60977', '47198']","[0.4757882058620453, 0.4428699314594269, 0.42599010467529297]","['description', 'description', 'description']"
支竹,['60338'],[],description,1,0,[],,['51377'],[0.5062403678894043],['description']
支竹,['60338'],[],description,3,0,[],,"['51377', '51323', '51388']","[0.5062403678894043, 0.4969910979270935, 0.4917648732662201]","['description', 'description', 'description']"
方便面,['60338'],[],description,1,0,[],,['47272'],[0.5107643604278564],['description']
方便面,['60338'],[],description,3,0,[],,"['47272', '51323', '60977']","[0.5107643604278564, 0.40698254108428955, 0.4044329524040222]","['description', 'description', 'description']"
旗舰店官方店女装,['60338'],[],description,1,0,[],,['60977'],[0.4008564054965973],['description']
旗舰店官方店女装,['60338'],[],description,3,1,['60338'],3.0,"['60977', '5012', '60338']","[0.4008564054965973, 0.38956427574157715, 0.3769012689590454]","['description', 'description', 'description']"
无线路由器,['60338'],[],description,1,0,[],,['60977'],[0.41832369565963745],['description']
无线路由器,['60338'],[],description,3,0,[],,"['60977', '47198', '47272']","[0.41832369565963745, 0.40690499544143677, 0.40111908316612244]","['description', 'description', 'description']"
杭州特产,['60338'],[],description,1,0,[],,['47272'],[0.4240970015525818],['description']
杭州特产,['60338'],[],description,3,0,[],,"['47272', '5671', '50192']","[0.4240970015525818, 0.4190983772277832, 0.4000719487667084]","['description', 'description', 'description']"
杯子,['60338'],[],description,1,0,[],,['51377'],[0.47355952858924866],['description']
杯子,['60338'],[],description,3,0,[],,"['51377', '51388', '60977']","[0.47355952858924866, 0.46992027759552, 0.460188090801239]","['description', 'description', 'description']"
松下多少钱,['60338'],[],description,1,1,['60338'],1.0,['60338'],[0.5849618315696716],['description']
松下多少钱,['60338'],[],description,3,1,['60338'],1.0,"['60338', '60540', '5881']","[0.5849618315696716, 0.549054741859436, 0.494274377822876]","['description', 'description', 'description']"
松针油多少钱一瓶,['60338'],[],description,1,1,['60338'],1.0,['60338'],[0.43262889981269836],['description']
松针油多少钱一瓶,['60338'],[],description,3,1,['60338'],1.0,"['60338', '61800', '51590']","[0.43262889981269836, 0.41802239418029785, 0.3862640857696533]","['description', 'description', 'description']"
柴鱼,['60338'],[],description,1,0,[],,['47272'],[0.5129231214523315],['description']
柴鱼,['60338'],[],description,3,0,[],,"['47272', '51323', '51388']","[0.5129231214523315, 0.500379204750061, 0.4820675849914551]","['description', 'description', 'description']"
橱柜门,['60338'],[],description,1,0,[],,['5881'],[0.434642493724823],['description']
橱柜门,['60338'],[],description,3,0,[],,"['5881', '60977', '5103']","[0.434642493724823, 0.3944051265716553, 0.3865818381309509]","['description', 'description', 'description']"
比基尼泳衣,['60338'],[],description,1,0,[],,['60977'],[0.43681764602661133],['description']
比基尼泳衣,['60338'],[],description,3,0,[],,"['60977', '51388', '51323']","[0.43681764602661133, 0.407809317111969, 0.38885927200317383]","['description', 'description', 'description']"
水手服套装,['60338'],[],description,1,0,[],,['51388'],[0.39848315715789795],['description']
水手服套装,['60338'],[],description,3,0,[],,"['51388', '51381', '51377']","[0.39848315715789795, 0.39235720038414, 0.38745176792144775]","['description', 'description', 'description']"
沙发床,['60338'],[],description,1,0,[],,['60977'],[0.41573622822761536],['description']
沙发床,['60338'],[],description,3,0,[],,"['60977', '50133', '47272']","[0.41573622822761536, 0.407370388507843, 0.4037203788757324]","['description', 'description', 'description']"
洗发水,['60338'],[],description,1,0,[],,['60977'],[0.4554424583911896],['description']
洗发水,['60338'],[],description,3,0,[],,"['60977', '51388', '51377']","[0.4554424583911896, 0.4158092737197876, 0.4058119058609009]","['description', 'description', 'description']"
浪琴表,['60338'],[],description,1,0,[],,['5881'],[0.44808560609817505],['description']
浪琴表,['60338'],[],description,3,0,[],,"['5881', '51323', '47272']","[0.44808560609817505, 0.4466215968132019, 0.4414230287075043]","['description', 'description', 'description']"
海军衫短袖,['60338'],[],description,1,0,[],,['5550'],[0.29321181774139404],['description']
海军衫短袖,['60338'],[],description,3,0,[],,"['5550', '4551', '47272']","[0.29321181774139404, 0.2853390574455261, 0.28464964032173157]","['description', 'description', 'description']"
海澜之家男装官网旗舰店,['60338'],[],description,1,0,[],,['47272'],[0.341799259185791],['description']
海澜之家男装官网旗舰店,['60338'],[],description,3,0,[],,"['47272', '5881', '50133']","[0.341799259185791, 0.3104310631752014, 0.2931835651397705]","['description', 'description', 'description']"
瓶装水,['60338'],[],description,1,0,[],,['60977'],[0.43221551179885864],['description']
瓶装水,['60338'],[],description,3,0,[],,"['60977', '47272', '5544']","[0.43221551179885864, 0.40787220001220703, 0.3996245265007019]","['description', 'description', 'description']"
甜茶,['60338'],[],description,1,0,[],,['5544'],[0.46674153208732605],['description']
甜茶,['60338'],[],description,3,0,[],,"['5544', '51377', '47272']","[0.46674153208732605, 0.44800323247909546, 0.42037129402160645]","['description', 'description', 'description']"
甲鱼钩,['60338'],[],description,1,0,[],,['51323'],[0.4727311134338379],['description']
甲鱼钩,['60338'],[],description,3,0,[],,"['51323', '51388', '51377']","[0.4727311134338379, 0.4600582718849182, 0.4546032249927521]","['description', 'description', 'description']"
电燃气灶多少钱一台,['60338'],[],description,1,1,['60338'],1.0,['60338'],[0.4170127809047699],['description']
电燃气灶多少钱一台,['60338'],[],description,3,1,['60338'],1.0,"['60338', '60540', '5881']","[0.4170127809047699, 0.3755866289138794, 0.3701058328151703]","['description', 'description', 'description']"
男士衬衫60到70岁,['60338'],[],description,1,0,[],,['60977'],[0.30819833278656006],['description']
男士衬衫60到70岁,['60338'],[],description,3,0,[],,"['60977', '51323', '5881']","[0.30819833278656006, 0.2976694703102112, 0.2950651943683624]","['description', 'description', 'description']"
男生三角裤,['60338'],[],description,1,0,[],,['60977'],[0.391897976398468],['description']
男生三角裤,['60338'],[],description,3,0,[],,"['60977', '51381', '51388']","[0.391897976398468, 0.35820651054382324, 0.35092246532440186]","['description', 'description', 'description']"
百草膏,['60338'],[],description,1,0,[],,['5544'],[0.3206440508365631],['description']
百草膏,['60338'],[],description,3,0,[],,"['5544', '47272', '51378']","[0.3206440508365631, 0.2924923002719879, 0.2902940511703491]","['description', 'description', 'description']"
真五帝钱的价钱大概是多少一套,['60338'],[],description,1,0,[],,['51590'],[0.47036680579185486],['description']
真五帝钱的价钱大概是多少一套,['60338'],[],description,3,1,['60338'],2.0,"['51590', '60338', '51323']","[0.47036680579185486, 0.4377284646034241, 0.4155803322792053]","['description', 'description', 'description']"
空调挡风罩,['60338'],[],description,1,0,[],,['5881'],[0.27679604291915894],['description']
空调挡风罩,['60338'],[],description,3,0,[],,"['5881', '5819', '5359']","[0.27679604291915894, 0.2600176930427551, 0.2537970244884491]","['description', 'description', 'description']"
空调遥控器,['60338'],[],description,1,0,[],,['5881'],[0.39079171419143677],['description']
空调遥控器,['60338'],[],description,3,0,[],,"['5881', '60977', '4982']","[0.39079171419143677, 0.371893972158432, 0.3557039201259613]","['description', 'description', 'description']"
竹荪价格,['60338'],[],description,1,1,['60338'],1.0,['60338'],[0.45181795954704285],['description']
竹荪价格,['60338'],[],description,3,1,['60338'],1.0,"['60338', '61800', '51590']","[0.45181795954704285, 0.43067777156829834, 0.40037477016448975]","['description', 'description', 'description']"
紫玉,['60338'],[],description,1,0,[],,['51377'],[0.5407970547676086],['description']
紫玉,['60338'],[],description,3,0,[],,"['51377', '51388', '51378']","[0.5407970547676086, 0.5047799944877625, 0.49137812852859497]","['description', 'description', 'description']"
绿茶一箱多少瓶,['60338'],[],description,1,0,[],,['5544'],[0.4171715974807739],['description']
绿茶一箱多少瓶,['60338'],[],description,3,0,[],,"['5544', '61800', '51323']","[0.4171715974807739, 0.37525248527526855, 0.3584909439086914]","['description', 'description', 'description']"
罩衣,['60338'],[],description,1,0,[],,['51377'],[0.4470697045326233],['description']
罩衣,['60338'],[],description,3,0,[],,"['51377', '51323', '51388']","[0.4470697045326233, 0.43646880984306335, 0.42751675844192505]","['description', 'description', 'description']"
美心木门,['60338'],[],description,1,0,[],,['5881'],[0.3908601403236389],['description']
美心木门,['60338'],[],description,3,0,[],,"['5881', '47272', '5012']","[0.3908601403236389, 0.35502633452415466, 0.34357064962387085]","['description', 'description', 'description']"
美甲款式,['60338'],[],description,1,0,[],,['60977'],[0.4108806252479553],['description']
美甲款式,['60338'],[],description,3,0,[],,"['60977', '5179', '5544']","[0.4108806252479553, 0.388688862323761, 0.38660988211631775]","['description', 'description', 'description']"
美的空调,['60338'],[],description,1,0,[],,['5881'],[0.472229540348053],['description']
美的空调,['60338'],[],description,3,0,[],,"['5881', '60977', '5544']","[0.472229540348053, 0.44380325078964233, 0.4229038655757904]","['description', 'description', 'description']"
羽毛球价格,['60338'],[],description,1,1,['60338'],1.0,['60338'],[0.43108609318733215],['description']
羽毛球价格,['60338'],[],description,3,1,['60338'],1.0,"['60338', '60977', '5671']","[0.43108609318733215, 0.42987072467803955, 0.42975279688835144]","['description', 'description', 'description']"
羽织服饰,['60338'],[],description,1,0,[],,['51377'],[0.39479780197143555],['description']
羽织服饰,['60338'],[],description,3,0,[],,"['51377', '51323', '51388']","[0.39479780197143555, 0.3819330334663391, 0.37446677684783936]","['description', 'description', 'description']"
耳机,['60338'],[],description,1,0,[],,['60977'],[0.47930821776390076],['description']
耳机,['60338'],[],description,3,0,[],,"['60977', '51377', '62248']","[0.47930821776390076, 0.477195143699646, 0.4740816652774811]","['description', 'description', 'description']"
联想笔记本,['60338'],[],description,1,0,[],,['60977'],[0.4668450951576233],['description']
联想笔记本,['60338'],[],description,3,0,[],,"['60977', '51388', '5881']","[0.4668450951576233, 0.43117424845695496, 0.4228149652481079]","['description', 'description', 'description']"
胶布,['60338'],[],description,1,0,[],,['60977'],[0.41109541058540344],['description']
胶布,['60338'],[],description,3,0,[],,"['60977', '51323', '51388']","[0.41109541058540344, 0.3999653160572052, 0.3995230793952942]","['description', 'description', 'description']"
胸罩大,['60338'],[],description,1,0,[],,['51323'],[0.4600870609283447],['description']
胸罩大,['60338'],[],description,3,0,[],,"['51323', '60977', '47272']","[0.4600870609283447, 0.4453519582748413, 0.4033399224281311]","['description', 'description', 'description']"
自行车建议买三个牌子,['60338'],[],description,1,0,[],,['60977'],[0.6367752552032471],['description']
自行车建议买三个牌子,['60338'],[],description,3,0,[],,"['60977', '5881', '60540']","[0.6367752552032471, 0.5940905809402466, 0.5742529630661011]","['description', 'description', 'description']"
舒服佳,['60338'],[],description,1,0,[],,['5881'],[0.5106133818626404],['description']
舒服佳,['60338'],[],description,3,0,[],,"['5881', '60977', '5882']","[0.5106133818626404, 0.47409874200820923, 0.45380985736846924]","['description', 'description', 'description']"
芭蒂娜,['60338'],[],description,1,0,[],,['51388'],[0.5103439092636108],['description']
芭蒂娜,['60338'],[],description,3,0,[],,"['51388', '51377', '60977']","[0.5103439092636108, 0.5074875354766846, 0.47783589363098145]","['description', 'description', 'description']"
苏泊尔高压锅配件,['60338'],[],description,1,0,[],,['5881'],[0.2403460144996643],['description']
苏泊尔高压锅配件,['60338'],[],description,3,0,[],,"['5881', '47272', '5544']","[0.2403460144996643, 0.22108809649944305, 0.21094346046447754]","['description', 'description', 'description']"
苹果多少钱,['60338'],[],description,1,1,['60338'],1.0,['60338'],[0.6097139120101929],['description']
苹果多少钱,['60338'],[],description,3,1,['60338'],1.0,"['60338', '60540', '47198']","[0.6097139120101929, 0.5988863706588745, 0.5291632413864136]","['description', 'description', 'description']"
苹果手机壳,['60338'],[],description,1,0,[],,['60540'],[0.3879566192626953],['description']
苹果手机壳,['60338'],[],description,3,0,[],,"['60540', '5012', '60977']","[0.3879566192626953, 0.37450945377349854, 0.35374125838279724]","['description', 'description', 'description']"
苹果手表,['60338'],[],description,1,0,[],,['60977'],[0.48830920457839966],['description']
苹果手表,['60338'],[],description,3,0,[],,"['60977', '5012', '60540']","[0.48830920457839966, 0.4762699007987976, 0.46450307965278625]","['description', 'description', 'description']"
茗茶多少钱一斤,['60338'],[],description,1,0,[],,['5544'],[0.4752529561519623],['description']
茗茶多少钱一斤,['60338'],[],description,3,1,['60338'],2.0,"['5544', '60338', '61800']","[0.4752529561519623, 0.444632351398468, 0.42910236120224]","['description', 'description', 'description']"
荣耀magic v,['60338'],[],description,1,0,[],,['60977'],[0.44760504364967346],['description']
荣耀magic v,['60338'],[],description,3,0,[],,"['60977', '60540', '47272']","[0.44760504364967346, 0.4436621367931366, 0.40926510095596313]","['description', 'description', 'description']"
荣耀x80价格,['60338'],[],description,1,1,['60338'],1.0,['60338'],[0.5283544063568115],['description']
荣耀x80价格,['60338'],[],description,3,1,['60338'],1.0,"['60338', '4526', '60540']","[0.5283544063568115, 0.48982706665992737, 0.4844866991043091]","['description', 'description', 'description']"
荣耀官网,['60338'],[],description,1,0,[],,['47272'],[0.5250140428543091],['description']
荣耀官网,['60338'],[],description,3,0,[],,"['47272', '60977', '5550']","[0.5250140428543091, 0.5049668550491333, 0.49062782526016235]","['description', 'description', 'description']"
荣耀平板8上市时间和价格,['60338'],[],description,1,0,[],,['60540'],[0.45789599418640137],['description']
荣耀平板8上市时间和价格,['60338'],[],description,3,1,['60338'],2.0,"['60540', '60338', '51590']","[0.45789599418640137, 0.4446702003479004, 0.43539291620254517]","['description', 'description', 'description']"
菜籽油多少钱一斤,['60338'],[],description,1,1,['60338'],1.0,['60338'],[0.46705394983291626],['description']
菜籽油多少钱一斤,['60338'],[],description,3,1,['60338'],1.0,"['60338', '51590', '60540']","[0.46705394983291626, 0.43343397974967957, 0.39663025736808777]","['description', 'description', 'description']"
蒂芙尼官网,['60338'],[],description,1,0,[],,['60977'],[0.43468576669692993],['description']
蒂芙尼官网,['60338'],[],description,3,0,[],,"['60977', '51590', '5012']","[0.43468576669692993, 0.4286744296550751, 0.4277045428752899]","['description', 'description', 'description']"
蔡司官网,['60338'],[],description,1,0,[],,['5881'],[0.5190167427062988],['description']
蔡司官网,['60338'],[],description,3,0,[],,"['5881', '60977', '5544']","[0.5190167427062988, 0.480771005153656, 0.4506661891937256]","['description', 'description', 'description']"
蕾丝内衣,['60338'],[],description,1,0,[],,['60977'],[0.35050228238105774],['description']
蕾丝内衣,['60338'],[],description,3,0,[],,"['60977', '5143', '51377']","[0.35050228238105774, 0.3201216459274292, 0.31510284543037415]","['description', 'description', 'description']"
蕾丝连体衣,['60338'],[],description,1,0,[],,['51377'],[0.2981644868850708],['description']
蕾丝连体衣,['60338'],[],description,3,0,[],,"['51377', '60977', '62248']","[0.2981644868850708, 0.29345524311065674, 0.29022735357284546]","['description', 'description', 'description']"
蜂胶,['60338'],[],description,1,0,[],,['5544'],[0.41555890440940857],['description']
蜂胶,['60338'],[],description,3,0,[],,"['5544', '60977', '47272']","[0.41555890440940857, 0.412969172000885, 0.4042900800704956]","['description', 'description', 'description']"
衣服牌子,['60338'],[],description,1,0,[],,['60977'],[0.5267053842544556],['description']
衣服牌子,['60338'],[],description,3,0,[],,"['60977', '5882', '5881']","[0.5267053842544556, 0.5101479291915894, 0.5082241892814636]","['description', 'description', 'description']"
西门子官网,['60338'],[],description,1,0,[],,['5881'],[0.5899623036384583],['description']
西门子官网,['60338'],[],description,3,0,[],,"['5881', '60977', '5012']","[0.5899623036384583, 0.45114874839782715, 0.447648823261261]","['description', 'description', 'description']"
诸酒多少钱一瓶,['60338'],[],description,1,1,['60338'],1.0,['60338'],[0.5507223606109619],['description']
诸酒多少钱一瓶,['60338'],[],description,3,1,['60338'],1.0,"['60338', '61800', '51590']","[0.5507223606109619, 0.4847733974456787, 0.4644268751144409]","['description', 'description', 'description']"
豆,['60338'],[],description,1,0,[],,['51323'],[0.5419954657554626],['description']
豆,['60338'],[],description,3,0,[],,"['51323', '51388', '51377']","[0.5419954657554626, 0.5214276313781738, 0.515675961971283]","['description', 'description', 'description']"
豆酱,['60338'],[],description,1,0,[],,['47272'],[0.45875275135040283],['description']
豆酱,['60338'],[],description,3,0,[],,"['47272', '51323', '51377']","[0.45875275135040283, 0.4510214328765869, 0.4271327555179596]","['description', 'description', 'description']"
跷跷板,['60338'],[],description,1,0,[],,['51388'],[0.43919122219085693],['description']
跷跷板,['60338'],[],description,3,0,[],,"['51388', '51381', '51377']","[0.43919122219085693, 0.4308065176010132, 0.42253005504608154]","['description', 'description', 'description']"
逸新空气净化器,['60338'],[],description,1,0,[],,['5881'],[0.3788272738456726],['description']
逸新空气净化器,['60338'],[],description,3,0,[],,"['5881', '60977', '50192']","[0.3788272738456726, 0.3378760516643524, 0.33710652589797974]","['description', 'description', 'description']"
遮阳板,['60338'],[],description,1,0,[],,['5359'],[0.41420722007751465],['description']
遮阳板,['60338'],[],description,3,0,[],,"['5359', '5819', '60977']","[0.41420722007751465, 0.4023025929927826, 0.4012027382850647]","['description', 'description', 'description']"
遮阳网,['60338'],[],description,1,0,[],,['5359'],[0.3679751753807068],['description']
遮阳网,['60338'],[],description,3,0,[],,"['5359', '5671', '5544']","[0.3679751753807068, 0.34073278307914734, 0.32797369360923767]","['description', 'description', 'description']"
野山菌,['60338'],[],description,1,0,[],,['47272'],[0.43564093112945557],['description']
野山菌,['60338'],[],description,3,0,[],,"['47272', '5671', '51377']","[0.43564093112945557, 0.42686811089515686, 0.4058258533477783]","['description', 'description', 'description']"
金川啤酒,['60338'],[],description,1,0,[],,['51590'],[0.4483821988105774],['description']
金川啤酒,['60338'],[],description,3,0,[],,"['51590', '47272', '51323']","[0.4483821988105774, 0.40616169571876526, 0.38805896043777466]","['description', 'description', 'description']"
金珍珠多少钱一颗,['60338'],[],description,1,0,[],,['51590'],[0.5652894973754883],['description']
金珍珠多少钱一颗,['60338'],[],description,3,1,['60338'],2.0,"['51590', '60338', '51088']","[0.5652894973754883, 0.503907322883606, 0.458445280790329]","['description', 'description', 'description']"
金葫芦,['60338'],[],description,1,0,[],,['51590'],[0.4782189428806305],['description']
金葫芦,['60338'],[],description,3,0,[],,"['51590', '51088', '51323']","[0.4782189428806305, 0.43583258986473083, 0.434266597032547]","['description', 'description', 'description']"
钓鱼杆,['60338'],[],description,1,0,[],,['51388'],[0.40141820907592773],['description']
钓鱼杆,['60338'],[],description,3,0,[],,"['51388', '51377', '60977']","[0.40141820907592773, 0.3999708890914917, 0.38844022154808044]","['description', 'description', 'description']"
钳,['60338'],[],description,1,0,[],,['51388'],[0.5435851812362671],['description']
钳,['60338'],[],description,3,0,[],,"['51388', '51323', '51381']","[0.5435851812362671, 0.526911735534668, 0.5114039778709412]","['description', 'description', 'description']"
银币,['60338'],[],description,1,0,[],,['51590'],[0.5117928981781006],['description']
银币,['60338'],[],description,3,0,[],,"['51590', '51323', '51088']","[0.5117928981781006, 0.4844629764556885, 0.47514110803604126]","['description', 'description', 'description']"
防水台,['60338'],[],description,1,0,[],,['5671'],[0.4685788154602051],['description']
防水台,['60338'],[],description,3,0,[],,"['5671', '60977', '47272']","[0.4685788154602051, 0.45395520329475403, 0.44097110629081726]","['description', 'description', 'description']"
雅迪电动车价格,['60338'],[],description,1,0,[],,['5271'],[0.5371188521385193],['description']
雅迪电动车价格,['60338'],[],description,3,1,['60338'],2.0,"['5271', '60338', '50760']","[0.5371188521385193, 0.48181334137916565, 0.4390474557876587]","['description', 'description', 'description']"
鞋子价格,['60338'],[],description,1,1,['60338'],1.0,['60338'],[0.5187909603118896],['description']
鞋子价格,['60338'],[],description,3,1,['60338'],1.0,"['60338', '60977', '60540']","[0.5187909603118896, 0.5144408941268921, 0.4643580913543701]","['description', 'description', 'description']"
风扇,['60338'],[],description,1,0,[],,['60977'],[0.44267258048057556],['description']
风扇,['60338'],[],description,3,0,[],,"['60977', '51388', '51323']","[0.44267258048057556, 0.42393162846565247, 0.4104653298854828]","['description', 'description', 'description']"
驼奶粉的价格多少钱一罐,['60338'],[],description,1,1,['60338'],1.0,['60338'],[0.411613404750824],['description']
驼奶粉的价格多少钱一罐,['60338'],[],description,3,1,['60338'],1.0,"['60338', '61800', '5544']","[0.411613404750824, 0.38508284091949463, 0.3803917169570923]","['description', 'description', 'description']"
高叉连体丁字泳衣,['60338'],[],description,1,0,[],,['51381'],[0.22695791721343994],['description']
高叉连体丁字泳衣,['60338'],[],description,3,0,[],,"['51381', '51382', '51388']","[0.22695791721343994, 0.22683455049991608, 0.2188698649406433]","['description', 'description', 'description']"
鬼子姜,['60338'],[],description,1,0,[],,['51323'],[0.3863110840320587],['description']
鬼子姜,['60338'],[],description,3,0,[],,"['51323', '51377', '5601']","[0.3863110840320587, 0.3774898052215576, 0.37681448459625244]","['description', 'description', 'description']"
鱼缸多少钱一个,['60338'],[],description,1,1,['60338'],1.0,['60338'],[0.46895572543144226],['description']
鱼缸多少钱一个,['60338'],[],description,3,1,['60338'],1.0,"['60338', '60540', '51590']","[0.46895572543144226, 0.4211678206920624, 0.38419604301452637]","['description', 'description', 'description']"
鱼饲料,['60338'],[],description,1,0,[],,['47272'],[0.4226498603820801],['description']
鱼饲料,['60338'],[],description,3,0,[],,"['47272', '51388', '60977']","[0.4226498603820801, 0.4050410985946655, 0.39245402812957764]","['description', 'description', 'description']"
鲮鱼多少钱一斤,['60338'],[],description,1,1,['60338'],1.0,['60338'],[0.4308125078678131],['description']
鲮鱼多少钱一斤,['60338'],[],description,3,1,['60338'],1.0,"['60338', '51590', '51088']","[0.4308125078678131, 0.41178813576698303, 0.40476763248443604]","['description', 'description', 'description']"
龙谕12葡萄酒多少钱一瓶,['60338'],[],description,1,0,[],,['61800'],[0.3814477026462555],['description']
龙谕12葡萄酒多少钱一瓶,['60338'],[],description,3,1,['60338'],2.0,"['61800', '60338', '51323']","[0.3814477026462555, 0.3679024875164032, 0.3377971649169922]","['description', 'description', 'description']"
3060显卡,['60338'],[],merged,1,0,[],,['51044'],[0.5216552019119263],['title_description']
3060显卡,['60338'],[],merged,3,0,[],,"['51044', '60977', '61111']","[0.5216552019119263, 0.4945870041847229, 0.48737210035324097]","['title_description', 'title_description', 'title_description']"
dyson官网,['60338'],[],merged,1,0,[],,['5881'],[0.5151308178901672],['description']
dyson官网,['60338'],[],merged,3,0,[],,"['5881', '60977', '5271']","[0.5151308178901672, 0.5019190311431885, 0.47521355748176575]","['description', 'title_description', 'description']"
gazpacho,['60338'],[],merged,1,0,[],,['51323'],[0.4702330231666565],['description']
gazpacho,['60338'],[],merged,3,0,[],,"['51323', '47272', '23']","[0.4702330231666565, 0.46393054723739624, 0.456831157207489]","['description', 'description', 'title_description']"
i5-13400f,['60338'],[],merged,1,0,[],,['60977'],[0.5411228537559509],['title_description']
i5-13400f,['60338'],[],merged,3,0,[],,"['60977', '51044', '60868']","[0.5411228537559509, 0.48934459686279297, 0.4684543013572693]","['title_description', 'title_description', 'title_description']"
ipad pro,['60338'],[],merged,1,0,[],,['60977'],[0.5550644397735596],['title_description']
ipad pro,['60338'],[],merged,3,0,[],,"['60977', '51044', '85']","[0.5550644397735596, 0.48218685388565063, 0.4749504327774048]","['title_description', 'title_description', 'title_description']"
kita,['60338'],[],merged,1,0,[],,['23'],[0.5930660963058472],['title_description']
kita,['60338'],[],merged,3,0,[],,"['23', '51323', '51388']","[0.5930660963058472, 0.5923899412155151, 0.586797833442688]","['title_description', 'description', 'description']"
oppo,['60338'],[],merged,1,0,[],,['60977'],[0.602771520614624],['title_description']
oppo,['60338'],[],merged,3,0,[],,"['60977', '51388', '60540']","[0.602771520614624, 0.49527251720428467, 0.48968440294265747]","['title_description', 'description', 'description']"
reno8pro,['60338'],[],merged,1,0,[],,['60977'],[0.5496811866760254],['title_description']
reno8pro,['60338'],[],merged,3,0,[],,"['60977', '47190', '60540']","[0.5496811866760254, 0.4577798843383789, 0.45585277676582336]","['title_description', 'title_description', 'description']"
sansui音响多少钱,['60338'],[],merged,1,0,[],,['5881'],[0.46615341305732727],['description']
sansui音响多少钱,['60338'],[],merged,3,1,['60338'],2.0,"['5881', '60338', '62248']","[0.46615341305732727, 0.43574368953704834, 0.43176180124282837]","['description', 'description', 'title_description']"
vivo y500 pro,['60338'],[],merged,1,0,[],,['60977'],[0.5460036993026733],['title_description']
vivo y500 pro,['60338'],[],merged,3,0,[],,"['60977', '5271', '51388']","[0.5460036993026733, 0.506591260433197, 0.4767404794692993]","['title_description', 'description', 'description']"
x7手机,['60338'],[],merged,1,0,[],,['60540'],[0.5077835917472839],['description']
x7手机,['60338'],[],merged,3,1,['60338'],3.0,"['60540', '60977', '60338']","[0.5077835917472839, 0.48815757036209106, 0.47482672333717346]","['description', 'title_description', 'description']"
xbox xsx,['60338'],[],merged,1,0,[],,['60977'],[0.5098207592964172],['title_description']
xbox xsx,['60338'],[],merged,3,0,[],,"['60977', '51275', '60868']","[0.5098207592964172, 0.469308078289032, 0.43953806161880493]","['title_description', 'title_description', 'title_description']"
三星s26,['60338'],[],merged,1,0,[],,['60977'],[0.4639778137207031],['title_description']
三星s26,['60338'],[],merged,3,0,[],,"['60977', '60540', '61111']","[0.4639778137207031, 0.4608604907989502, 0.42080268263816833]","['title_description', 'description', 'title_description']"
三鹿,['60338'],[],merged,1,0,[],,['47272'],[0.5006435513496399],['title_description']
三鹿,['60338'],[],merged,3,0,[],,"['47272', '60977', '47242']","[0.5006435513496399, 0.4933292865753174, 0.4774792194366455]","['title_description', 'title_description', 'title_description']"
不锈钢价格,['60338'],[],merged,1,0,[],,['51590'],[0.5712839365005493],['title_description']
不锈钢价格,['60338'],[],merged,3,0,[],,"['51590', '51088', '51255']","[0.5712839365005493, 0.5224525332450867, 0.5119723081588745]","['title_description', 'description', 'description']"
东方树叶多少钱一瓶,['60338'],[],merged,1,0,[],,['61800'],[0.42829644680023193],['title_description']
东方树叶多少钱一瓶,['60338'],[],merged,3,0,[],,"['61800', '5544', '60540']","[0.42829644680023193, 0.4117143750190735, 0.4004988968372345]","['title_description', 'description', 'title_description']"
丝袜,['60338'],[],merged,1,0,[],,['51377'],[0.4454892575740814],['description']
丝袜,['60338'],[],merged,3,0,[],,"['51377', '60977', '47272']","[0.4454892575740814, 0.4442794919013977, 0.4352405369281769]","['description', 'title_description', 'title_description']"
九阳豆浆机价格,['60338'],[],merged,1,0,[],,['5881'],[0.3855372667312622],['title_description']
九阳豆浆机价格,['60338'],[],merged,3,0,[],,"['5881', '60540', '5544']","[0.3855372667312622, 0.3736114203929901, 0.3716451823711395]","['title_description', 'title_description', 'description']"
书桌,['60338'],[],merged,1,0,[],,['267'],[0.4998840391635895],['title_description']
书桌,['60338'],[],merged,3,0,[],,"['267', '51382', '51388']","[0.4998840391635895, 0.48457497358322144, 0.46985483169555664]","['title_description', 'title_description', 'description']"
人参多少钱一斤,['60338'],[],merged,1,0,[],,['51590'],[0.4971335530281067],['description']
人参多少钱一斤,['60338'],[],merged,3,1,['60338'],3.0,"['51590', '60540', '60338']","[0.4971335530281067, 0.4913625419139862, 0.48657017946243286]","['description', 'title_description', 'description']"
佳能相机,['60338'],[],merged,1,0,[],,['5881'],[0.4772390127182007],['description']
佳能相机,['60338'],[],merged,3,0,[],,"['5881', '60977', '5544']","[0.4772390127182007, 0.4640948176383972, 0.4312276244163513]","['description', 'title_description', 'description']"
克罗心,['60338'],[],merged,1,0,[],,['5881'],[0.48403459787368774],['description']
克罗心,['60338'],[],merged,3,0,[],,"['5881', '60977', '5882']","[0.48403459787368774, 0.46266138553619385, 0.43192893266677856]","['description', 'title_description', 'description']"
内衣内衣,['60338'],[],merged,1,0,[],,['60977'],[0.462655246257782],['title_description']
内衣内衣,['60338'],[],merged,3,0,[],,"['60977', '47272', '51388']","[0.462655246257782, 0.4160309433937073, 0.4155786633491516]","['title_description', 'title_description', 'description']"
冰格,['60338'],[],merged,1,0,[],,['51323'],[0.4905399680137634],['title_description']
冰格,['60338'],[],merged,3,0,[],,"['51323', '47272', '61111']","[0.4905399680137634, 0.48854416608810425, 0.4607112407684326]","['title_description', 'title_description', 'title_description']"
凉席垫子,['60338'],[],merged,1,1,['60338'],1.0,['60338'],[0.2706413269042969],['description']
凉席垫子,['60338'],[],merged,3,1,['60338'],1.0,"['60338', '47272', '51323']","[0.2706413269042969, 0.2588728368282318, 0.24357876181602478]","['description', 'title_description', 'title_description']"
劳力士官网,['60338'],[],merged,1,0,[],,['51590'],[0.445884644985199],['description']
劳力士官网,['60338'],[],merged,3,0,[],,"['51590', '60977', '5601']","[0.445884644985199, 0.43559253215789795, 0.4310523271560669]","['description', 'title_description', 'title_description']"
包包多少钱,['60338'],[],merged,1,1,['60338'],1.0,['60338'],[0.6251239776611328],['description']
包包多少钱,['60338'],[],merged,3,1,['60338'],1.0,"['60338', '60540', '60977']","[0.6251239776611328, 0.5878279209136963, 0.5802207589149475]","['description', 'title_description', 'title_description']"
华为mate60pro,['60338'],[],merged,1,0,[],,['60540'],[0.49393969774246216],['description']
华为mate60pro,['60338'],[],merged,3,0,[],,"['60540', '60977', '47272']","[0.49393969774246216, 0.4835004210472107, 0.4666723608970642]","['description', 'title_description', 'title_description']"
华为平板,['60338'],[],merged,1,0,[],,['60977'],[0.4371036887168884],['title_description']
华为平板,['60338'],[],merged,3,0,[],,"['60977', '60540', '47272']","[0.4371036887168884, 0.42499226331710815, 0.42368030548095703]","['title_description', 'description', 'title_description']"
卫浴品牌,['60338'],[],merged,1,0,[],,['5881'],[0.5678318738937378],['title_description']
卫浴品牌,['60338'],[],merged,3,0,[],,"['5881', '60977', '47272']","[0.5678318738937378, 0.45773765444755554, 0.4573429524898529]","['title_description', 'title_description', 'title_description']"
名表价格,['60338'],[],merged,1,0,[],,['51590'],[0.6044876575469971],['title_description']
名表价格,['60338'],[],merged,3,1,['60338'],3.0,"['51590', '60540', '60338']","[0.6044876575469971, 0.5867559313774109, 0.56727135181427]","['title_description', 'title_description', 'description']"
咖啡,['60338'],[],merged,1,0,[],,['47272'],[0.5108159780502319],['title_description']
咖啡,['60338'],[],merged,3,0,[],,"['47272', '60977', '5544']","[0.5108159780502319, 0.470365434885025, 0.4542023539543152]","['title_description', 'title_description', 'description']"
大米价格,['60338'],[],merged,1,0,[],,['51590'],[0.5387852191925049],['description']
大米价格,['60338'],[],merged,3,1,['60338'],2.0,"['51590', '60338', '50926']","[0.5387852191925049, 0.5364902019500732, 0.5244861841201782]","['description', 'description', 'title_description']"
太阳能灯价格,['60338'],[],merged,1,1,['60338'],1.0,['60338'],[0.416495144367218],['description']
太阳能灯价格,['60338'],[],merged,3,1,['60338'],1.0,"['60338', '60540', '51590']","[0.416495144367218, 0.40240198373794556, 0.3968369960784912]","['description', 'title_description', 'title_description']"
奥克斯,['60338'],[],merged,1,0,[],,['5881'],[0.5484811067581177],['title_description']
奥克斯,['60338'],[],merged,3,0,[],,"['5881', '60977', '5271']","[0.5484811067581177, 0.524844765663147, 0.46322405338287354]","['title_description', 'title_description', 'description']"
女士三角裤冰丝,['60338'],[],merged,1,0,[],,['60872'],[0.2099127322435379],['title_description']
女士三角裤冰丝,['60338'],[],merged,3,0,[],,"['60872', '60977', '47266']","[0.2099127322435379, 0.205572247505188, 0.20087680220603943]","['title_description', 'title_description', 'title_description']"
女生开档裤,['60338'],[],merged,1,0,[],,['60977'],[0.3503725528717041],['title_description']
女生开档裤,['60338'],[],merged,3,0,[],,"['60977', '51377', '51386']","[0.3503725528717041, 0.3292565643787384, 0.32843777537345886]","['title_description', 'description', 'title_description']"
婵壳多少钱一斤,['60338'],[],merged,1,1,['60338'],1.0,['60338'],[0.45143434405326843],['description']
婵壳多少钱一斤,['60338'],[],merged,3,1,['60338'],1.0,"['60338', '51590', '5432']","[0.45143434405326843, 0.4092482030391693, 0.40572813153266907]","['description', 'title_description', 'title_description']"
富士官网,['60338'],[],merged,1,0,[],,['60977'],[0.4821752905845642],['title_description']
富士官网,['60338'],[],merged,3,0,[],,"['60977', '5544', '5881']","[0.4821752905845642, 0.444705069065094, 0.4438088536262512]","['title_description', 'description', 'description']"
小龙王槟榔,['60338'],[],merged,1,0,[],,['47272'],[0.38697826862335205],['title_description']
小龙王槟榔,['60338'],[],merged,3,0,[],,"['47272', '61800', '23']","[0.38697826862335205, 0.3584147095680237, 0.3581033945083618]","['title_description', 'description', 'title_description']"
山水音响,['60338'],[],merged,1,0,[],,['62248'],[0.4477767050266266],['title_description']
山水音响,['60338'],[],merged,3,0,[],,"['62248', '5179', '51377']","[0.4477767050266266, 0.44485223293304443, 0.43564796447753906]","['title_description', 'description', 'description']"
庆养元葡萄籽多少钱,['60338'],[],merged,1,1,['60338'],1.0,['60338'],[0.4454038143157959],['description']
庆养元葡萄籽多少钱,['60338'],[],merged,3,1,['60338'],1.0,"['60338', '51590', '60977']","[0.4454038143157959, 0.42252475023269653, 0.38976049423217773]","['description', 'title_description', 'title_description']"
情趣玩具,['60338'],[],merged,1,0,[],,['60977'],[0.42273828387260437],['title_description']
情趣玩具,['60338'],[],merged,3,0,[],,"['60977', '51275', '51386']","[0.42273828387260437, 0.4189338684082031, 0.39757239818573]","['title_description', 'title_description', 'title_description']"
惠普打印机,['60338'],[],merged,1,0,[],,['60977'],[0.43655499815940857],['title_description']
惠普打印机,['60338'],[],merged,3,0,[],,"['60977', '5881', '5544']","[0.43655499815940857, 0.43392235040664673, 0.4302266836166382]","['title_description', 'description', 'description']"
手办,['60338'],[],merged,1,0,[],,['47272'],[0.5007880330085754],['title_description']
手办,['60338'],[],merged,3,0,[],,"['47272', '60977', '51275']","[0.5007880330085754, 0.48692312836647034, 0.4810559153556824]","['title_description', 'title_description', 'title_description']"
手动开窗器,['60338'],[],merged,1,0,[],,['5671'],[0.4035036265850067],['title_description']
手动开窗器,['60338'],[],merged,3,0,[],,"['5671', '51044', '51457']","[0.4035036265850067, 0.3828456401824951, 0.3679755926132202]","['title_description', 'title_description', 'title_description']"
折叠电动车,['60338'],[],merged,1,0,[],,['5271'],[0.5387697815895081],['description']
折叠电动车,['60338'],[],merged,3,0,[],,"['5271', '47190', '47266']","[0.5387697815895081, 0.5226360559463501, 0.5140407085418701]","['description', 'title_description', 'title_description']"
探测仪,['60338'],[],merged,1,0,[],,['5544'],[0.4757882058620453],['description']
探测仪,['60338'],[],merged,3,0,[],,"['5544', '60977', '47242']","[0.4757882058620453, 0.4566855728626251, 0.44374072551727295]","['description', 'title_description', 'title_description']"
支竹,['60338'],[],merged,1,0,[],,['51377'],[0.5062403678894043],['description']
支竹,['60338'],[],merged,3,0,[],,"['51377', '47272', '51323']","[0.5062403678894043, 0.5060064792633057, 0.4969910979270935]","['description', 'title_description', 'description']"
方便面,['60338'],[],merged,1,0,[],,['47272'],[0.5338343381881714],['title_description']
方便面,['60338'],[],merged,3,0,[],,"['47272', '60977', '51323']","[0.5338343381881714, 0.4263750910758972, 0.40698254108428955]","['title_description', 'title_description', 'description']"
旗舰店官方店女装,['60338'],[],merged,1,0,[],,['60977'],[0.4088963270187378],['title_description']
旗舰店官方店女装,['60338'],[],merged,3,0,[],,"['60977', '47272', '5012']","[0.4088963270187378, 0.39337635040283203, 0.38956427574157715]","['title_description', 'title_description', 'description']"
无线路由器,['60338'],[],merged,1,0,[],,['47266'],[0.43659478425979614],['title_description']
无线路由器,['60338'],[],merged,3,0,[],,"['47266', '60977', '47190']","[0.43659478425979614, 0.43405407667160034, 0.42994576692581177]","['title_description', 'title_description', 'title_description']"
杭州特产,['60338'],[],merged,1,0,[],,['47272'],[0.45315688848495483],['title_description']
杭州特产,['60338'],[],merged,3,0,[],,"['47272', '62106', '62306']","[0.45315688848495483, 0.45237061381340027, 0.44488897919654846]","['title_description', 'title_description', 'title_description']"
杯子,['60338'],[],merged,1,0,[],,['47272'],[0.4800279438495636],['title_description']
杯子,['60338'],[],merged,3,0,[],,"['47272', '60977', '51377']","[0.4800279438495636, 0.47851336002349854, 0.47355952858924866]","['title_description', 'title_description', 'description']"
松下多少钱,['60338'],[],merged,1,1,['60338'],1.0,['60338'],[0.5849618315696716],['description']
松下多少钱,['60338'],[],merged,3,1,['60338'],1.0,"['60338', '60540', '51590']","[0.5849618315696716, 0.5672188997268677, 0.5017135739326477]","['description', 'title_description', 'title_description']"
松针油多少钱一瓶,['60338'],[],merged,1,1,['60338'],1.0,['60338'],[0.43262889981269836],['description']
松针油多少钱一瓶,['60338'],[],merged,3,1,['60338'],1.0,"['60338', '61800', '51590']","[0.43262889981269836, 0.41802239418029785, 0.39070287346839905]","['description', 'description', 'title_description']"
柴鱼,['60338'],[],merged,1,0,[],,['47272'],[0.5365350246429443],['title_description']
柴鱼,['60338'],[],merged,3,0,[],,"['47272', '51323', '51388']","[0.5365350246429443, 0.500379204750061, 0.4820675849914551]","['title_description', 'description', 'description']"
橱柜门,['60338'],[],merged,1,0,[],,['5881'],[0.4464627504348755],['title_description']
橱柜门,['60338'],[],merged,3,0,[],,"['5881', '47272', '60977']","[0.4464627504348755, 0.4139859080314636, 0.41143834590911865]","['title_description', 'title_description', 'title_description']"
比基尼泳衣,['60338'],[],merged,1,0,[],,['60977'],[0.4445422291755676],['title_description']
比基尼泳衣,['60338'],[],merged,3,0,[],,"['60977', '51388', '47272']","[0.4445422291755676, 0.407809317111969, 0.4052029848098755]","['title_description', 'description', 'title_description']"
水手服套装,['60338'],[],merged,1,0,[],,['47272'],[0.40112411975860596],['title_description']
水手服套装,['60338'],[],merged,3,0,[],,"['47272', '51388', '51275']","[0.40112411975860596, 0.39848315715789795, 0.3969930410385132]","['title_description', 'description', 'title_description']"
沙发床,['60338'],[],merged,1,0,[],,['47272'],[0.43256163597106934],['title_description']
沙发床,['60338'],[],merged,3,0,[],,"['47272', '60977', '50133']","[0.43256163597106934, 0.42835533618927, 0.407370388507843]","['title_description', 'title_description', 'description']"
洗发水,['60338'],[],merged,1,0,[],,['60977'],[0.47520095109939575],['title_description']
洗发水,['60338'],[],merged,3,0,[],,"['60977', '47272', '51388']","[0.47520095109939575, 0.4227502644062042, 0.4158092737197876]","['title_description', 'title_description', 'description']"
浪琴表,['60338'],[],merged,1,0,[],,['60977'],[0.4565177261829376],['title_description']
浪琴表,['60338'],[],merged,3,0,[],,"['60977', '5881', '47272']","[0.4565177261829376, 0.45021912455558777, 0.44980090856552124]","['title_description', 'title_description', 'title_description']"
海军衫短袖,['60338'],[],merged,1,0,[],,['47272'],[0.30123376846313477],['title_description']
海军衫短袖,['60338'],[],merged,3,0,[],,"['47272', '51275', '5550']","[0.30123376846313477, 0.29392048716545105, 0.29321181774139404]","['title_description', 'title_description', 'description']"
海澜之家男装官网旗舰店,['60338'],[],merged,1,0,[],,['47272'],[0.36325228214263916],['title_description']
海澜之家男装官网旗舰店,['60338'],[],merged,3,0,[],,"['47272', '5881', '60977']","[0.36325228214263916, 0.3243900537490845, 0.2954161763191223]","['title_description', 'title_description', 'title_description']"
瓶装水,['60338'],[],merged,1,0,[],,['60977'],[0.4471725821495056],['title_description']
瓶装水,['60338'],[],merged,3,0,[],,"['60977', '47272', '5671']","[0.4471725821495056, 0.43476128578186035, 0.4073765277862549]","['title_description', 'title_description', 'title_description']"
甜茶,['60338'],[],merged,1,0,[],,['5544'],[0.46674153208732605],['description']
甜茶,['60338'],[],merged,3,0,[],,"['5544', '47272', '51377']","[0.46674153208732605, 0.4506998658180237, 0.44800323247909546]","['description', 'title_description', 'description']"
甲鱼钩,['60338'],[],merged,1,0,[],,['51323'],[0.4727311134338379],['description']
甲鱼钩,['60338'],[],merged,3,0,[],,"['51323', '51381', '51388']","[0.4727311134338379, 0.4604434072971344, 0.4600582718849182]","['description', 'title_description', 'description']"
电燃气灶多少钱一台,['60338'],[],merged,1,1,['60338'],1.0,['60338'],[0.4170127809047699],['description']
电燃气灶多少钱一台,['60338'],[],merged,3,1,['60338'],1.0,"['60338', '60540', '5881']","[0.4170127809047699, 0.39214396476745605, 0.38369736075401306]","['description', 'title_description', 'title_description']"
男士衬衫60到70岁,['60338'],[],merged,1,0,[],,['60977'],[0.32192081212997437],['title_description']
男士衬衫60到70岁,['60338'],[],merged,3,0,[],,"['60977', '51381', '51323']","[0.32192081212997437, 0.29824015498161316, 0.2976694703102112]","['title_description', 'title_description', 'description']"
男生三角裤,['60338'],[],merged,1,0,[],,['60977'],[0.40039926767349243],['title_description']
男生三角裤,['60338'],[],merged,3,0,[],,"['60977', '51381', '23']","[0.40039926767349243, 0.35862189531326294, 0.3568499684333801]","['title_description', 'title_description', 'title_description']"
百草膏,['60338'],[],merged,1,0,[],,['5544'],[0.3206440508365631],['description']
百草膏,['60338'],[],merged,3,0,[],,"['5544', '47272', '51323']","[0.3206440508365631, 0.3166983723640442, 0.29446935653686523]","['description', 'title_description', 'title_description']"
真五帝钱的价钱大概是多少一套,['60338'],[],merged,1,0,[],,['51590'],[0.4762837290763855],['title_description']
真五帝钱的价钱大概是多少一套,['60338'],[],merged,3,1,['60338'],2.0,"['51590', '60338', '51323']","[0.4762837290763855, 0.4377284646034241, 0.4155803322792053]","['title_description', 'description', 'description']"
空调挡风罩,['60338'],[],merged,1,0,[],,['5881'],[0.29778382182121277],['title_description']
空调挡风罩,['60338'],[],merged,3,0,[],,"['5881', '5819', '5359']","[0.29778382182121277, 0.2600176930427551, 0.2537970244884491]","['title_description', 'description', 'description']"
空调遥控器,['60338'],[],merged,1,0,[],,['5881'],[0.4022696018218994],['title_description']
空调遥控器,['60338'],[],merged,3,0,[],,"['5881', '51275', '60977']","[0.4022696018218994, 0.38552042841911316, 0.38051775097846985]","['title_description', 'title_description', 'title_description']"
竹荪价格,['60338'],[],merged,1,1,['60338'],1.0,['60338'],[0.45181795954704285],['description']
竹荪价格,['60338'],[],merged,3,1,['60338'],1.0,"['60338', '61800', '47272']","[0.45181795954704285, 0.431182861328125, 0.43109485507011414]","['description', 'title_description', 'title_description']"
紫玉,['60338'],[],merged,1,0,[],,['51377'],[0.5407970547676086],['description']
紫玉,['60338'],[],merged,3,0,[],,"['51377', '51388', '51381']","[0.5407970547676086, 0.5047799944877625, 0.49609535932540894]","['description', 'description', 'title_description']"
绿茶一箱多少瓶,['60338'],[],merged,1,0,[],,['5544'],[0.4171715974807739],['description']
绿茶一箱多少瓶,['60338'],[],merged,3,0,[],,"['5544', '61800', '60977']","[0.4171715974807739, 0.37525248527526855, 0.3620362877845764]","['description', 'description', 'title_description']"
罩衣,['60338'],[],merged,1,0,[],,['51377'],[0.4470697045326233],['description']
罩衣,['60338'],[],merged,3,0,[],,"['51377', '51323', '23']","[0.4470697045326233, 0.43646880984306335, 0.42771878838539124]","['description', 'description', 'title_description']"
美心木门,['60338'],[],merged,1,0,[],,['5881'],[0.3908601403236389],['description']
美心木门,['60338'],[],merged,3,0,[],,"['5881', '47272', '5671']","[0.3908601403236389, 0.3728075623512268, 0.345642626285553]","['description', 'title_description', 'title_description']"
美甲款式,['60338'],[],merged,1,0,[],,['60977'],[0.4207267165184021],['title_description']
美甲款式,['60338'],[],merged,3,0,[],,"['60977', '47272', '51387']","[0.4207267165184021, 0.4018441438674927, 0.39860543608665466]","['title_description', 'title_description', 'title_description']"
美的空调,['60338'],[],merged,1,0,[],,['5881'],[0.47809767723083496],['title_description']
美的空调,['60338'],[],merged,3,0,[],,"['5881', '60977', '47272']","[0.47809767723083496, 0.4574885964393616, 0.4296315312385559]","['title_description', 'title_description', 'title_description']"
羽毛球价格,['60338'],[],merged,1,0,[],,['60977'],[0.4552367329597473],['title_description']
羽毛球价格,['60338'],[],merged,3,0,[],,"['60977', '5671', '47272']","[0.4552367329597473, 0.43747031688690186, 0.43359363079071045]","['title_description', 'title_description', 'title_description']"
羽织服饰,['60338'],[],merged,1,0,[],,['51377'],[0.39479780197143555],['description']
羽织服饰,['60338'],[],merged,3,0,[],,"['51377', '51381', '51323']","[0.39479780197143555, 0.3870753049850464, 0.3819330334663391]","['description', 'title_description', 'description']"
耳机,['60338'],[],merged,1,0,[],,['60977'],[0.4919757843017578],['title_description']
耳机,['60338'],[],merged,3,0,[],,"['60977', '62248', '51377']","[0.4919757843017578, 0.47743552923202515, 0.477195143699646]","['title_description', 'title_description', 'description']"
联想笔记本,['60338'],[],merged,1,0,[],,['60977'],[0.4813390374183655],['title_description']
联想笔记本,['60338'],[],merged,3,0,[],,"['60977', '51388', '51381']","[0.4813390374183655, 0.43117424845695496, 0.4260237216949463]","['title_description', 'description', 'title_description']"
胶布,['60338'],[],merged,1,0,[],,['60977'],[0.43194347620010376],['title_description']
胶布,['60338'],[],merged,3,0,[],,"['60977', '5671', '61111']","[0.43194347620010376, 0.4072686731815338, 0.4036301076412201]","['title_description', 'title_description', 'title_description']"
胸罩大,['60338'],[],merged,1,0,[],,['51323'],[0.4600870609283447],['description']
胸罩大,['60338'],[],merged,3,0,[],,"['51323', '60977', '47272']","[0.4600870609283447, 0.4593084454536438, 0.42594683170318604]","['description', 'title_description', 'title_description']"
自行车建议买三个牌子,['60338'],[],merged,1,0,[],,['60977'],[0.6594060659408569],['title_description']
自行车建议买三个牌子,['60338'],[],merged,3,0,[],,"['60977', '5881', '60540']","[0.6594060659408569, 0.5940905809402466, 0.5742529630661011]","['title_description', 'description', 'description']"
舒服佳,['60338'],[],merged,1,0,[],,['5881'],[0.5316040515899658],['title_description']
舒服佳,['60338'],[],merged,3,0,[],,"['5881', '60977', '5882']","[0.5316040515899658, 0.4924522042274475, 0.45380985736846924]","['title_description', 'title_description', 'description']"
芭蒂娜,['60338'],[],merged,1,0,[],,['23'],[0.5872790813446045],['title_description']
芭蒂娜,['60338'],[],merged,3,0,[],,"['23', '85', '51388']","[0.5872790813446045, 0.5339155197143555, 0.5103439092636108]","['title_description', 'title_description', 'description']"
苏泊尔高压锅配件,['60338'],[],merged,1,0,[],,['5881'],[0.26644080877304077],['title_description']
苏泊尔高压锅配件,['60338'],[],merged,3,1,['60338'],3.0,"['5881', '47272', '60338']","[0.26644080877304077, 0.23717957735061646, 0.2276766002178192]","['title_description', 'title_description', 'title_description']"
苹果多少钱,['60338'],[],merged,1,0,[],,['60540'],[0.6113879084587097],['title_description']
苹果多少钱,['60338'],[],merged,3,1,['60338'],2.0,"['60540', '60338', '60977']","[0.6113879084587097, 0.6097139120101929, 0.5391607880592346]","['title_description', 'description', 'title_description']"
苹果手机壳,['60338'],[],merged,1,0,[],,['60540'],[0.3879566192626953],['description']
苹果手机壳,['60338'],[],merged,3,0,[],,"['60540', '5012', '60977']","[0.3879566192626953, 0.3785055875778198, 0.3604288101196289]","['description', 'title_description', 'title_description']"
苹果手表,['60338'],[],merged,1,0,[],,['60977'],[0.49847790598869324],['title_description']
苹果手表,['60338'],[],merged,3,0,[],,"['60977', '5012', '60540']","[0.49847790598869324, 0.4762699007987976, 0.46450307965278625]","['title_description', 'description', 'description']"
茗茶多少钱一斤,['60338'],[],merged,1,0,[],,['5544'],[0.4752529561519623],['description']
茗茶多少钱一斤,['60338'],[],merged,3,1,['60338'],2.0,"['5544', '60338', '61800']","[0.4752529561519623, 0.444632351398468, 0.43569764494895935]","['description', 'description', 'title_description']"
荣耀magic v,['60338'],[],merged,1,0,[],,['60977'],[0.45623505115509033],['title_description']
荣耀magic v,['60338'],[],merged,3,0,[],,"['60977', '60540', '47272']","[0.45623505115509033, 0.4436621367931366, 0.43410933017730713]","['title_description', 'description', 'title_description']"
荣耀x80价格,['60338'],[],merged,1,1,['60338'],1.0,['60338'],[0.5283544063568115],['description']
荣耀x80价格,['60338'],[],merged,3,1,['60338'],1.0,"['60338', '4526', '60540']","[0.5283544063568115, 0.5077463388442993, 0.49727481603622437]","['description', 'title_description', 'title_description']"
荣耀官网,['60338'],[],merged,1,0,[],,['47272'],[0.5548401474952698],['title_description']
荣耀官网,['60338'],[],merged,3,0,[],,"['47272', '60977', '5550']","[0.5548401474952698, 0.5271991491317749, 0.49062782526016235]","['title_description', 'title_description', 'description']"
荣耀平板8上市时间和价格,['60338'],[],merged,1,0,[],,['60540'],[0.4842292070388794],['title_description']
荣耀平板8上市时间和价格,['60338'],[],merged,3,1,['60338'],3.0,"['60540', '51590', '60338']","[0.4842292070388794, 0.46037960052490234, 0.4446702003479004]","['title_description', 'title_description', 'description']"
菜籽油多少钱一斤,['60338'],[],merged,1,1,['60338'],1.0,['60338'],[0.46705394983291626],['description']
菜籽油多少钱一斤,['60338'],[],merged,3,1,['60338'],1.0,"['60338', '51590', '60540']","[0.46705394983291626, 0.43643492460250854, 0.4277460277080536]","['description', 'title_description', 'title_description']"
蒂芙尼官网,['60338'],[],merged,1,0,[],,['60977'],[0.439994215965271],['title_description']
蒂芙尼官网,['60338'],[],merged,3,0,[],,"['60977', '51590', '5012']","[0.439994215965271, 0.4286744296550751, 0.4277045428752899]","['title_description', 'description', 'description']"
蔡司官网,['60338'],[],merged,1,0,[],,['5881'],[0.5190167427062988],['description']
蔡司官网,['60338'],[],merged,3,0,[],,"['5881', '60977', '50731']","[0.5190167427062988, 0.49640387296676636, 0.4537590742111206]","['description', 'title_description', 'title_description']"
蕾丝内衣,['60338'],[],merged,1,0,[],,['60977'],[0.35914063453674316],['title_description']
蕾丝内衣,['60338'],[],merged,3,0,[],,"['60977', '47272', '5143']","[0.35914063453674316, 0.32597213983535767, 0.3251315951347351]","['title_description', 'title_description', 'title_description']"
蕾丝连体衣,['60338'],[],merged,1,0,[],,['23'],[0.3086022734642029],['title_description']
蕾丝连体衣,['60338'],[],merged,3,0,[],,"['23', '51387', '51377']","[0.3086022734642029, 0.3037570118904114, 0.2981644868850708]","['title_description', 'title_description', 'description']"
蜂胶,['60338'],[],merged,1,0,[],,['47272'],[0.43687188625335693],['title_description']
蜂胶,['60338'],[],merged,3,0,[],,"['47272', '60977', '5544']","[0.43687188625335693, 0.43378275632858276, 0.41555890440940857]","['title_description', 'title_description', 'description']"
衣服牌子,['60338'],[],merged,1,0,[],,['60977'],[0.548493504524231],['title_description']
衣服牌子,['60338'],[],merged,3,0,[],,"['60977', '5882', '5881']","[0.548493504524231, 0.5101479291915894, 0.5082241892814636]","['title_description', 'description', 'description']"
西门子官网,['60338'],[],merged,1,0,[],,['5881'],[0.5899623036384583],['description']
西门子官网,['60338'],[],merged,3,0,[],,"['5881', '50731', '60977']","[0.5899623036384583, 0.49175164103507996, 0.4669206738471985]","['description', 'title_description', 'title_description']"
诸酒多少钱一瓶,['60338'],[],merged,1,1,['60338'],1.0,['60338'],[0.5507223606109619],['description']
诸酒多少钱一瓶,['60338'],[],merged,3,1,['60338'],1.0,"['60338', '61800', '60540']","[0.5507223606109619, 0.4847733974456787, 0.4668606221675873]","['description', 'description', 'title_description']"
豆,['60338'],[],merged,1,0,[],,['51323'],[0.5419954657554626],['description']
豆,['60338'],[],merged,3,0,[],,"['51323', '51388', '51377']","[0.5419954657554626, 0.5214276313781738, 0.515675961971283]","['description', 'description', 'description']"
豆酱,['60338'],[],merged,1,0,[],,['47272'],[0.4860974848270416],['title_description']
豆酱,['60338'],[],merged,3,0,[],,"['47272', '51323', '51381']","[0.4860974848270416, 0.4510214328765869, 0.4275750517845154]","['title_description', 'description', 'title_description']"
跷跷板,['60338'],[],merged,1,0,[],,['51388'],[0.43919122219085693],['description']
跷跷板,['60338'],[],merged,3,0,[],,"['51388', '47272', '51381']","[0.43919122219085693, 0.4329475164413452, 0.4308065176010132]","['description', 'title_description', 'description']"
逸新空气净化器,['60338'],[],merged,1,0,[],,['5881'],[0.39938443899154663],['title_description']
逸新空气净化器,['60338'],[],merged,3,0,[],,"['5881', '50731', '60977']","[0.39938443899154663, 0.3729473948478699, 0.34878459572792053]","['title_description', 'title_description', 'title_description']"
遮阳板,['60338'],[],merged,1,0,[],,['5359'],[0.41420722007751465],['description']
遮阳板,['60338'],[],merged,3,0,[],,"['5359', '60977', '5819']","[0.41420722007751465, 0.41266030073165894, 0.4023025929927826]","['description', 'title_description', 'description']"
遮阳网,['60338'],[],merged,1,0,[],,['5359'],[0.3679751753807068],['description']
遮阳网,['60338'],[],merged,3,0,[],,"['5359', '5671', '51323']","[0.3679751753807068, 0.34970343112945557, 0.3366679847240448]","['description', 'title_description', 'title_description']"
野山菌,['60338'],[],merged,1,0,[],,['47272'],[0.4530930817127228],['title_description']
野山菌,['60338'],[],merged,3,0,[],,"['47272', '5671', '51377']","[0.4530930817127228, 0.42686811089515686, 0.4058258533477783]","['title_description', 'description', 'description']"
金川啤酒,['60338'],[],merged,1,0,[],,['51590'],[0.44994011521339417],['title_description']
金川啤酒,['60338'],[],merged,3,0,[],,"['51590', '47272', '5881']","[0.44994011521339417, 0.44054314494132996, 0.3888498544692993]","['title_description', 'title_description', 'title_description']"
金珍珠多少钱一颗,['60338'],[],merged,1,0,[],,['51590'],[0.5655274391174316],['title_description']
金珍珠多少钱一颗,['60338'],[],merged,3,1,['60338'],2.0,"['51590', '60338', '36607']","[0.5655274391174316, 0.503907322883606, 0.4584653079509735]","['title_description', 'description', 'title_description']"
金葫芦,['60338'],[],merged,1,0,[],,['51590'],[0.4886040687561035],['title_description']
金葫芦,['60338'],[],merged,3,0,[],,"['51590', '51323', '51381']","[0.4886040687561035, 0.4451487064361572, 0.439109206199646]","['title_description', 'title_description', 'title_description']"
钓鱼杆,['60338'],[],merged,1,0,[],,['60977'],[0.40181341767311096],['title_description']
钓鱼杆,['60338'],[],merged,3,0,[],,"['60977', '51388', '51377']","[0.40181341767311096, 0.40141820907592773, 0.3999708890914917]","['title_description', 'description', 'description']"
钳,['60338'],[],merged,1,0,[],,['51388'],[0.5435851812362671],['description']
钳,['60338'],[],merged,3,0,[],,"['51388', '51323', '51381']","[0.5435851812362671, 0.526911735534668, 0.5217256546020508]","['description', 'description', 'title_description']"
银币,['60338'],[],merged,1,0,[],,['51590'],[0.5490920543670654],['title_description']
银币,['60338'],[],merged,3,0,[],,"['51590', '51323', '51088']","[0.5490920543670654, 0.4844629764556885, 0.47514110803604126]","['title_description', 'description', 'description']"
防水台,['60338'],[],merged,1,0,[],,['5671'],[0.4702279567718506],['title_description']
防水台,['60338'],[],merged,3,0,[],,"['5671', '60977', '47272']","[0.4702279567718506, 0.46648523211479187, 0.4566590189933777]","['title_description', 'title_description', 'title_description']"
雅迪电动车价格,['60338'],[],merged,1,0,[],,['5271'],[0.5371188521385193],['description']
雅迪电动车价格,['60338'],[],merged,3,1,['60338'],2.0,"['5271', '60338', '60540']","[0.5371188521385193, 0.48181334137916565, 0.4575257897377014]","['description', 'description', 'title_description']"
鞋子价格,['60338'],[],merged,1,0,[],,['60977'],[0.5401114225387573],['title_description']
鞋子价格,['60338'],[],merged,3,1,['60338'],2.0,"['60977', '60338', '47272']","[0.5401114225387573, 0.5187909603118896, 0.49035197496414185]","['title_description', 'description', 'title_description']"
风扇,['60338'],[],merged,1,0,[],,['60977'],[0.45402663946151733],['title_description']
风扇,['60338'],[],merged,3,0,[],,"['60977', '51044', '51388']","[0.45402663946151733, 0.42615312337875366, 0.42393162846565247]","['title_description', 'title_description', 'description']"
驼奶粉的价格多少钱一罐,['60338'],[],merged,1,1,['60338'],1.0,['60338'],[0.411613404750824],['description']
驼奶粉的价格多少钱一罐,['60338'],[],merged,3,1,['60338'],1.0,"['60338', '60977', '61800']","[0.411613404750824, 0.3908155560493469, 0.38508284091949463]","['description', 'title_description', 'description']"
高叉连体丁字泳衣,['60338'],[],merged,1,0,[],,['51381'],[0.23422515392303467],['title_description']
高叉连体丁字泳衣,['60338'],[],merged,3,0,[],,"['51381', '51382', '51387']","[0.23422515392303467, 0.2281867414712906, 0.22012092173099518]","['title_description', 'title_description', 'title_description']"
鬼子姜,['60338'],[],merged,1,0,[],,['51323'],[0.3863110840320587],['description']
鬼子姜,['60338'],[],merged,3,0,[],,"['51323', '51377', '61111']","[0.3863110840320587, 0.3774898052215576, 0.3772967755794525]","['description', 'description', 'title_description']"
鱼缸多少钱一个,['60338'],[],merged,1,1,['60338'],1.0,['60338'],[0.46895572543144226],['description']
鱼缸多少钱一个,['60338'],[],merged,3,1,['60338'],1.0,"['60338', '60540', '61800']","[0.46895572543144226, 0.4338803291320801, 0.3913816809654236]","['description', 'title_description', 'title_description']"
鱼饲料,['60338'],[],merged,1,0,[],,['47272'],[0.4518914222717285],['title_description']
鱼饲料,['60338'],[],merged,3,0,[],,"['47272', '60977', '51388']","[0.4518914222717285, 0.40822404623031616, 0.4050410985946655]","['title_description', 'title_description', 'description']"
鲮鱼多少钱一斤,['60338'],[],merged,1,1,['60338'],1.0,['60338'],[0.4308125078678131],['description']
鲮鱼多少钱一斤,['60338'],[],merged,3,1,['60338'],1.0,"['60338', '51590', '51088']","[0.4308125078678131, 0.41178813576698303, 0.40476763248443604]","['description', 'description', 'description']"
龙谕12葡萄酒多少钱一瓶,['60338'],[],merged,1,0,[],,['61800'],[0.3814477026462555],['description']
龙谕12葡萄酒多少钱一瓶,['60338'],[],merged,3,1,['60338'],2.0,"['61800', '60338', '51590']","[0.3814477026462555, 0.3679024875164032, 0.33980655670166016]","['description', 'description', 'title_description']"
3060显卡,['60338'],[],title_description,1,0,[],,['51044'],[0.5216552019119263],['title_description']
3060显卡,['60338'],[],title_description,3,0,[],,"['51044', '60977', '61111']","[0.5216552019119263, 0.4945870041847229, 0.48737210035324097]","['title_description', 'title_description', 'title_description']"
dyson官网,['60338'],[],title_description,1,0,[],,['5881'],[0.5132609605789185],['title_description']
dyson官网,['60338'],[],title_description,3,0,[],,"['5881', '60977', '47242']","[0.5132609605789185, 0.5019190311431885, 0.4628419280052185]","['title_description', 'title_description', 'title_description']"
gazpacho,['60338'],[],title_description,1,0,[],,['47272'],[0.46389174461364746],['title_description']
gazpacho,['60338'],[],title_description,3,0,[],,"['47272', '23', '60977']","[0.46389174461364746, 0.456831157207489, 0.44339698553085327]","['title_description', 'title_description', 'title_description']"
i5-13400f,['60338'],[],title_description,1,0,[],,['60977'],[0.5411228537559509],['title_description']
i5-13400f,['60338'],[],title_description,3,0,[],,"['60977', '51044', '60868']","[0.5411228537559509, 0.48934459686279297, 0.4684543013572693]","['title_description', 'title_description', 'title_description']"
ipad pro,['60338'],[],title_description,1,0,[],,['60977'],[0.5550644397735596],['title_description']
ipad pro,['60338'],[],title_description,3,0,[],,"['60977', '51044', '85']","[0.5550644397735596, 0.48218685388565063, 0.4749504327774048]","['title_description', 'title_description', 'title_description']"
kita,['60338'],[],title_description,1,0,[],,['23'],[0.5930660963058472],['title_description']
kita,['60338'],[],title_description,3,0,[],,"['23', '47190', '85']","[0.5930660963058472, 0.5731439590454102, 0.5709420442581177]","['title_description', 'title_description', 'title_description']"
oppo,['60338'],[],title_description,1,0,[],,['60977'],[0.602771520614624],['title_description']
oppo,['60338'],[],title_description,3,0,[],,"['60977', '47242', '51388']","[0.602771520614624, 0.47979825735092163, 0.4790520668029785]","['title_description', 'title_description', 'title_description']"
reno8pro,['60338'],[],title_description,1,0,[],,['60977'],[0.5496811866760254],['title_description']
reno8pro,['60338'],[],title_description,3,0,[],,"['60977', '47190', '47242']","[0.5496811866760254, 0.4577798843383789, 0.4493486285209656]","['title_description', 'title_description', 'title_description']"
sansui音响多少钱,['60338'],[],title_description,1,0,[],,['5881'],[0.44912952184677124],['title_description']
sansui音响多少钱,['60338'],[],title_description,3,0,[],,"['5881', '62248', '60540']","[0.44912952184677124, 0.43176180124282837, 0.42640846967697144]","['title_description', 'title_description', 'title_description']"
vivo y500 pro,['60338'],[],title_description,1,0,[],,['60977'],[0.5460036993026733],['title_description']
vivo y500 pro,['60338'],[],title_description,3,0,[],,"['60977', '51388', '51044']","[0.5460036993026733, 0.4561591148376465, 0.4458676874637604]","['title_description', 'title_description', 'title_description']"
x7手机,['60338'],[],title_description,1,0,[],,['60977'],[0.48815757036209106],['title_description']
x7手机,['60338'],[],title_description,3,0,[],,"['60977', '60540', '61111']","[0.48815757036209106, 0.4660438299179077, 0.4438242018222809]","['title_description', 'title_description', 'title_description']"
xbox xsx,['60338'],[],title_description,1,0,[],,['60977'],[0.5098207592964172],['title_description']
xbox xsx,['60338'],[],title_description,3,0,[],,"['60977', '51275', '60868']","[0.5098207592964172, 0.469308078289032, 0.43953806161880493]","['title_description', 'title_description', 'title_description']"
三星s26,['60338'],[],title_description,1,0,[],,['60977'],[0.4639778137207031],['title_description']
三星s26,['60338'],[],title_description,3,0,[],,"['60977', '60540', '61111']","[0.4639778137207031, 0.43007856607437134, 0.42080268263816833]","['title_description', 'title_description', 'title_description']"
三鹿,['60338'],[],title_description,1,0,[],,['47272'],[0.5006435513496399],['title_description']
三鹿,['60338'],[],title_description,3,0,[],,"['47272', '60977', '47242']","[0.5006435513496399, 0.4933292865753174, 0.4774792194366455]","['title_description', 'title_description', 'title_description']"
不锈钢价格,['60338'],[],title_description,1,0,[],,['51590'],[0.5712839365005493],['title_description']
不锈钢价格,['60338'],[],title_description,3,0,[],,"['51590', '51255', '51088']","[0.5712839365005493, 0.505903959274292, 0.501243531703949]","['title_description', 'title_description', 'title_description']"
东方树叶多少钱一瓶,['60338'],[],title_description,1,0,[],,['61800'],[0.42829644680023193],['title_description']
东方树叶多少钱一瓶,['60338'],[],title_description,3,0,[],,"['61800', '60540', '5544']","[0.42829644680023193, 0.4004988968372345, 0.38936108350753784]","['title_description', 'title_description', 'title_description']"
丝袜,['60338'],[],title_description,1,0,[],,['60977'],[0.4442794919013977],['title_description']
丝袜,['60338'],[],title_description,3,0,[],,"['60977', '47272', '51275']","[0.4442794919013977, 0.4352405369281769, 0.4352239966392517]","['title_description', 'title_description', 'title_description']"
九阳豆浆机价格,['60338'],[],title_description,1,0,[],,['5881'],[0.3855372667312622],['title_description']
九阳豆浆机价格,['60338'],[],title_description,3,0,[],,"['5881', '60540', '5544']","[0.3855372667312622, 0.3736114203929901, 0.3566519320011139]","['title_description', 'title_description', 'title_description']"
书桌,['60338'],[],title_description,1,0,[],,['267'],[0.4998840391635895],['title_description']
书桌,['60338'],[],title_description,3,0,[],,"['267', '51382', '51388']","[0.4998840391635895, 0.48457497358322144, 0.4689685106277466]","['title_description', 'title_description', 'title_description']"
人参多少钱一斤,['60338'],[],title_description,1,0,[],,['51590'],[0.491483211517334],['title_description']
人参多少钱一斤,['60338'],[],title_description,3,0,[],,"['51590', '60540', '61800']","[0.491483211517334, 0.4913625419139862, 0.4711987376213074]","['title_description', 'title_description', 'title_description']"
佳能相机,['60338'],[],title_description,1,0,[],,['5881'],[0.46833741664886475],['title_description']
佳能相机,['60338'],[],title_description,3,0,[],,"['5881', '60977', '61111']","[0.46833741664886475, 0.4640948176383972, 0.4147528409957886]","['title_description', 'title_description', 'title_description']"
克罗心,['60338'],[],title_description,1,0,[],,['5881'],[0.4822055399417877],['title_description']
克罗心,['60338'],[],title_description,3,0,[],,"['5881', '60977', '61111']","[0.4822055399417877, 0.46266138553619385, 0.40558648109436035]","['title_description', 'title_description', 'title_description']"
内衣内衣,['60338'],[],title_description,1,0,[],,['60977'],[0.462655246257782],['title_description']
内衣内衣,['60338'],[],title_description,3,0,[],,"['60977', '47272', '51386']","[0.462655246257782, 0.4160309433937073, 0.4142478108406067]","['title_description', 'title_description', 'title_description']"
冰格,['60338'],[],title_description,1,0,[],,['51323'],[0.4905399680137634],['title_description']
冰格,['60338'],[],title_description,3,0,[],,"['51323', '47272', '61111']","[0.4905399680137634, 0.48854416608810425, 0.4607112407684326]","['title_description', 'title_description', 'title_description']"
凉席垫子,['60338'],[],title_description,1,0,[],,['47272'],[0.2588728368282318],['title_description']
凉席垫子,['60338'],[],title_description,3,0,[],,"['47272', '51323', '60977']","[0.2588728368282318, 0.24357876181602478, 0.24004383385181427]","['title_description', 'title_description', 'title_description']"
劳力士官网,['60338'],[],title_description,1,0,[],,['51590'],[0.4455829858779907],['title_description']
劳力士官网,['60338'],[],title_description,3,0,[],,"['51590', '60977', '5601']","[0.4455829858779907, 0.43559253215789795, 0.4310523271560669]","['title_description', 'title_description', 'title_description']"
包包多少钱,['60338'],[],title_description,1,0,[],,['60540'],[0.5878279209136963],['title_description']
包包多少钱,['60338'],[],title_description,3,1,['60338'],3.0,"['60540', '60977', '60338']","[0.5878279209136963, 0.5802207589149475, 0.5594488382339478]","['title_description', 'title_description', 'title_description']"
华为mate60pro,['60338'],[],title_description,1,0,[],,['60977'],[0.4835004210472107],['title_description']
华为mate60pro,['60338'],[],title_description,3,0,[],,"['60977', '47272', '60540']","[0.4835004210472107, 0.4666723608970642, 0.4573096036911011]","['title_description', 'title_description', 'title_description']"
华为平板,['60338'],[],title_description,1,0,[],,['60977'],[0.4371036887168884],['title_description']
华为平板,['60338'],[],title_description,3,0,[],,"['60977', '47272', '60540']","[0.4371036887168884, 0.42368030548095703, 0.4210565686225891]","['title_description', 'title_description', 'title_description']"
卫浴品牌,['60338'],[],title_description,1,0,[],,['5881'],[0.5678318738937378],['title_description']
卫浴品牌,['60338'],[],title_description,3,0,[],,"['5881', '60977', '47272']","[0.5678318738937378, 0.45773765444755554, 0.4573429524898529]","['title_description', 'title_description', 'title_description']"
名表价格,['60338'],[],title_description,1,0,[],,['51590'],[0.6044876575469971],['title_description']
名表价格,['60338'],[],title_description,3,0,[],,"['51590', '60540', '61800']","[0.6044876575469971, 0.5867559313774109, 0.539177417755127]","['title_description', 'title_description', 'title_description']"
咖啡,['60338'],[],title_description,1,0,[],,['47272'],[0.5108159780502319],['title_description']
咖啡,['60338'],[],title_description,3,0,[],,"['47272', '60977', '5544']","[0.5108159780502319, 0.470365434885025, 0.43862730264663696]","['title_description', 'title_description', 'title_description']"
大米价格,['60338'],[],title_description,1,0,[],,['51590'],[0.5360831022262573],['title_description']
大米价格,['60338'],[],title_description,3,0,[],,"['51590', '50926', '51255']","[0.5360831022262573, 0.5244861841201782, 0.5069707036018372]","['title_description', 'title_description', 'title_description']"
太阳能灯价格,['60338'],[],title_description,1,0,[],,['60540'],[0.40240198373794556],['title_description']
太阳能灯价格,['60338'],[],title_description,3,1,['60338'],3.0,"['60540', '51590', '60338']","[0.40240198373794556, 0.3968369960784912, 0.3930456340312958]","['title_description', 'title_description', 'title_description']"
奥克斯,['60338'],[],title_description,1,0,[],,['5881'],[0.5484811067581177],['title_description']
奥克斯,['60338'],[],title_description,3,0,[],,"['5881', '60977', '47242']","[0.5484811067581177, 0.524844765663147, 0.4619843065738678]","['title_description', 'title_description', 'title_description']"
女士三角裤冰丝,['60338'],[],title_description,1,0,[],,['60872'],[0.2099127322435379],['title_description']
女士三角裤冰丝,['60338'],[],title_description,3,0,[],,"['60872', '60977', '47266']","[0.2099127322435379, 0.205572247505188, 0.20087680220603943]","['title_description', 'title_description', 'title_description']"
女生开档裤,['60338'],[],title_description,1,0,[],,['60977'],[0.3503725528717041],['title_description']
女生开档裤,['60338'],[],title_description,3,0,[],,"['60977', '51386', '47242']","[0.3503725528717041, 0.32843777537345886, 0.32497525215148926]","['title_description', 'title_description', 'title_description']"
婵壳多少钱一斤,['60338'],[],title_description,1,0,[],,['51590'],[0.4092482030391693],['title_description']
婵壳多少钱一斤,['60338'],[],title_description,3,0,[],,"['51590', '5432', '61800']","[0.4092482030391693, 0.40572813153266907, 0.40072205662727356]","['title_description', 'title_description', 'title_description']"
富士官网,['60338'],[],title_description,1,0,[],,['60977'],[0.4821752905845642],['title_description']
富士官网,['60338'],[],title_description,3,0,[],,"['60977', '47242', '5544']","[0.4821752905845642, 0.4265074133872986, 0.42564553022384644]","['title_description', 'title_description', 'title_description']"
小龙王槟榔,['60338'],[],title_description,1,0,[],,['47272'],[0.38697826862335205],['title_description']
小龙王槟榔,['60338'],[],title_description,3,0,[],,"['47272', '23', '85']","[0.38697826862335205, 0.3581033945083618, 0.34788307547569275]","['title_description', 'title_description', 'title_description']"
山水音响,['60338'],[],title_description,1,0,[],,['62248'],[0.4477767050266266],['title_description']
山水音响,['60338'],[],title_description,3,0,[],,"['62248', '5179', '62206']","[0.4477767050266266, 0.43264251947402954, 0.4249211847782135]","['title_description', 'title_description', 'title_description']"
庆养元葡萄籽多少钱,['60338'],[],title_description,1,0,[],,['51590'],[0.42252475023269653],['title_description']
庆养元葡萄籽多少钱,['60338'],[],title_description,3,1,['60338'],2.0,"['51590', '60338', '60977']","[0.42252475023269653, 0.40228432416915894, 0.38976049423217773]","['title_description', 'title_description', 'title_description']"
情趣玩具,['60338'],[],title_description,1,0,[],,['60977'],[0.42273828387260437],['title_description']
情趣玩具,['60338'],[],title_description,3,0,[],,"['60977', '51275', '51386']","[0.42273828387260437, 0.4189338684082031, 0.39757239818573]","['title_description', 'title_description', 'title_description']"
惠普打印机,['60338'],[],title_description,1,0,[],,['60977'],[0.43655499815940857],['title_description']
惠普打印机,['60338'],[],title_description,3,0,[],,"['60977', '5881', '5544']","[0.43655499815940857, 0.42683595418930054, 0.4171003997325897]","['title_description', 'title_description', 'title_description']"
手办,['60338'],[],title_description,1,0,[],,['47272'],[0.5007880330085754],['title_description']
手办,['60338'],[],title_description,3,0,[],,"['47272', '60977', '51275']","[0.5007880330085754, 0.48692312836647034, 0.4810559153556824]","['title_description', 'title_description', 'title_description']"
手动开窗器,['60338'],[],title_description,1,0,[],,['5671'],[0.4035036265850067],['title_description']
手动开窗器,['60338'],[],title_description,3,0,[],,"['5671', '51044', '51457']","[0.4035036265850067, 0.3828456401824951, 0.3679755926132202]","['title_description', 'title_description', 'title_description']"
折叠电动车,['60338'],[],title_description,1,0,[],,['47190'],[0.5226360559463501],['title_description']
折叠电动车,['60338'],[],title_description,3,0,[],,"['47190', '47266', '60977']","[0.5226360559463501, 0.5140407085418701, 0.49853992462158203]","['title_description', 'title_description', 'title_description']"
探测仪,['60338'],[],title_description,1,0,[],,['60977'],[0.4566855728626251],['title_description']
探测仪,['60338'],[],title_description,3,0,[],,"['60977', '47242', '51044']","[0.4566855728626251, 0.44374072551727295, 0.4409511685371399]","['title_description', 'title_description', 'title_description']"
支竹,['60338'],[],title_description,1,0,[],,['47272'],[0.5060064792633057],['title_description']
支竹,['60338'],[],title_description,3,0,[],,"['47272', '51388', '51381']","[0.5060064792633057, 0.4793333411216736, 0.47108444571495056]","['title_description', 'title_description', 'title_description']"
方便面,['60338'],[],title_description,1,0,[],,['47272'],[0.5338343381881714],['title_description']
方便面,['60338'],[],title_description,3,0,[],,"['47272', '60977', '51381']","[0.5338343381881714, 0.4263750910758972, 0.40103405714035034]","['title_description', 'title_description', 'title_description']"
旗舰店官方店女装,['60338'],[],title_description,1,0,[],,['60977'],[0.4088963270187378],['title_description']
旗舰店官方店女装,['60338'],[],title_description,3,0,[],,"['60977', '47272', '50731']","[0.4088963270187378, 0.39337635040283203, 0.3705923557281494]","['title_description', 'title_description', 'title_description']"
无线路由器,['60338'],[],title_description,1,0,[],,['47266'],[0.43659478425979614],['title_description']
无线路由器,['60338'],[],title_description,3,0,[],,"['47266', '60977', '47190']","[0.43659478425979614, 0.43405407667160034, 0.42994576692581177]","['title_description', 'title_description', 'title_description']"
杭州特产,['60338'],[],title_description,1,0,[],,['47272'],[0.45315688848495483],['title_description']
杭州特产,['60338'],[],title_description,3,0,[],,"['47272', '62106', '62306']","[0.45315688848495483, 0.45237061381340027, 0.44488897919654846]","['title_description', 'title_description', 'title_description']"
杯子,['60338'],[],title_description,1,0,[],,['47272'],[0.4800279438495636],['title_description']
杯子,['60338'],[],title_description,3,0,[],,"['47272', '60977', '51381']","[0.4800279438495636, 0.47851336002349854, 0.46472030878067017]","['title_description', 'title_description', 'title_description']"
松下多少钱,['60338'],[],title_description,1,0,[],,['60540'],[0.5672188997268677],['title_description']
松下多少钱,['60338'],[],title_description,3,1,['60338'],2.0,"['60540', '60338', '51590']","[0.5672188997268677, 0.5135434865951538, 0.5017135739326477]","['title_description', 'title_description', 'title_description']"
松针油多少钱一瓶,['60338'],[],title_description,1,0,[],,['61800'],[0.4152781367301941],['title_description']
松针油多少钱一瓶,['60338'],[],title_description,3,1,['60338'],2.0,"['61800', '60338', '51590']","[0.4152781367301941, 0.4130716025829315, 0.39070287346839905]","['title_description', 'title_description', 'title_description']"
柴鱼,['60338'],[],title_description,1,0,[],,['47272'],[0.5365350246429443],['title_description']
柴鱼,['60338'],[],title_description,3,0,[],,"['47272', '51381', '51388']","[0.5365350246429443, 0.4754639267921448, 0.46936434507369995]","['title_description', 'title_description', 'title_description']"
橱柜门,['60338'],[],title_description,1,0,[],,['5881'],[0.4464627504348755],['title_description']
橱柜门,['60338'],[],title_description,3,0,[],,"['5881', '47272', '60977']","[0.4464627504348755, 0.4139859080314636, 0.41143834590911865]","['title_description', 'title_description', 'title_description']"
比基尼泳衣,['60338'],[],title_description,1,0,[],,['60977'],[0.4445422291755676],['title_description']
比基尼泳衣,['60338'],[],title_description,3,0,[],,"['60977', '47272', '5671']","[0.4445422291755676, 0.4052029848098755, 0.4021146595478058]","['title_description', 'title_description', 'title_description']"
水手服套装,['60338'],[],title_description,1,0,[],,['47272'],[0.40112411975860596],['title_description']
水手服套装,['60338'],[],title_description,3,0,[],,"['47272', '51275', '51381']","[0.40112411975860596, 0.3969930410385132, 0.39652466773986816]","['title_description', 'title_description', 'title_description']"
沙发床,['60338'],[],title_description,1,0,[],,['47272'],[0.43256163597106934],['title_description']
沙发床,['60338'],[],title_description,3,0,[],,"['47272', '60977', '50192']","[0.43256163597106934, 0.42835533618927, 0.39008209109306335]","['title_description', 'title_description', 'title_description']"
洗发水,['60338'],[],title_description,1,0,[],,['60977'],[0.47520095109939575],['title_description']
洗发水,['60338'],[],title_description,3,0,[],,"['60977', '47272', '51381']","[0.47520095109939575, 0.4227502644062042, 0.40791332721710205]","['title_description', 'title_description', 'title_description']"
浪琴表,['60338'],[],title_description,1,0,[],,['60977'],[0.4565177261829376],['title_description']
浪琴表,['60338'],[],title_description,3,0,[],,"['60977', '5881', '47272']","[0.4565177261829376, 0.45021912455558777, 0.44980090856552124]","['title_description', 'title_description', 'title_description']"
海军衫短袖,['60338'],[],title_description,1,0,[],,['47272'],[0.30123376846313477],['title_description']
海军衫短袖,['60338'],[],title_description,3,0,[],,"['47272', '51275', '60977']","[0.30123376846313477, 0.29392048716545105, 0.2907567024230957]","['title_description', 'title_description', 'title_description']"
海澜之家男装官网旗舰店,['60338'],[],title_description,1,0,[],,['47272'],[0.36325228214263916],['title_description']
海澜之家男装官网旗舰店,['60338'],[],title_description,3,0,[],,"['47272', '5881', '60977']","[0.36325228214263916, 0.3243900537490845, 0.2954161763191223]","['title_description', 'title_description', 'title_description']"
瓶装水,['60338'],[],title_description,1,0,[],,['60977'],[0.4471725821495056],['title_description']
瓶装水,['60338'],[],title_description,3,0,[],,"['60977', '47272', '5671']","[0.4471725821495056, 0.43476128578186035, 0.4073765277862549]","['title_description', 'title_description', 'title_description']"
甜茶,['60338'],[],title_description,1,0,[],,['47272'],[0.4506998658180237],['title_description']
甜茶,['60338'],[],title_description,3,0,[],,"['47272', '5544', '23']","[0.4506998658180237, 0.43785905838012695, 0.4178285598754883]","['title_description', 'title_description', 'title_description']"
甲鱼钩,['60338'],[],title_description,1,0,[],,['51323'],[0.4700527787208557],['title_description']
甲鱼钩,['60338'],[],title_description,3,0,[],,"['51323', '51381', '51388']","[0.4700527787208557, 0.4604434072971344, 0.4536590576171875]","['title_description', 'title_description', 'title_description']"
电燃气灶多少钱一台,['60338'],[],title_description,1,0,[],,['60540'],[0.39214396476745605],['title_description']
电燃气灶多少钱一台,['60338'],[],title_description,3,0,[],,"['60540', '5881', '5544']","[0.39214396476745605, 0.38369736075401306, 0.36469975113868713]","['title_description', 'title_description', 'title_description']"
男士衬衫60到70岁,['60338'],[],title_description,1,0,[],,['60977'],[0.32192081212997437],['title_description']
男士衬衫60到70岁,['60338'],[],title_description,3,0,[],,"['60977', '51381', '50393']","[0.32192081212997437, 0.29824015498161316, 0.2938200831413269]","['title_description', 'title_description', 'title_description']"
男生三角裤,['60338'],[],title_description,1,0,[],,['60977'],[0.40039926767349243],['title_description']
男生三角裤,['60338'],[],title_description,3,0,[],,"['60977', '51381', '23']","[0.40039926767349243, 0.35862189531326294, 0.3568499684333801]","['title_description', 'title_description', 'title_description']"
百草膏,['60338'],[],title_description,1,0,[],,['47272'],[0.3166983723640442],['title_description']
百草膏,['60338'],[],title_description,3,0,[],,"['47272', '5544', '51323']","[0.3166983723640442, 0.3122248351573944, 0.29446935653686523]","['title_description', 'title_description', 'title_description']"
真五帝钱的价钱大概是多少一套,['60338'],[],title_description,1,0,[],,['51590'],[0.4762837290763855],['title_description']
真五帝钱的价钱大概是多少一套,['60338'],[],title_description,3,0,[],,"['51590', '51388', '51323']","[0.4762837290763855, 0.4074569642543793, 0.4026322364807129]","['title_description', 'title_description', 'title_description']"
空调挡风罩,['60338'],[],title_description,1,0,[],,['5881'],[0.29778382182121277],['title_description']
空调挡风罩,['60338'],[],title_description,3,0,[],,"['5881', '5819', '4982']","[0.29778382182121277, 0.25643855333328247, 0.2429431676864624]","['title_description', 'title_description', 'title_description']"
空调遥控器,['60338'],[],title_description,1,0,[],,['5881'],[0.4022696018218994],['title_description']
空调遥控器,['60338'],[],title_description,3,0,[],,"['5881', '51275', '60977']","[0.4022696018218994, 0.38552042841911316, 0.38051775097846985]","['title_description', 'title_description', 'title_description']"
竹荪价格,['60338'],[],title_description,1,1,['60338'],1.0,['60338'],[0.4478961229324341],['title_description']
竹荪价格,['60338'],[],title_description,3,1,['60338'],1.0,"['60338', '61800', '47272']","[0.4478961229324341, 0.431182861328125, 0.43109485507011414]","['title_description', 'title_description', 'title_description']"
紫玉,['60338'],[],title_description,1,0,[],,['51377'],[0.49681612849235535],['title_description']
紫玉,['60338'],[],title_description,3,0,[],,"['51377', '51381', '51388']","[0.49681612849235535, 0.49609535932540894, 0.4917090833187103]","['title_description', 'title_description', 'title_description']"
绿茶一箱多少瓶,['60338'],[],title_description,1,0,[],,['5544'],[0.40499335527420044],['title_description']
绿茶一箱多少瓶,['60338'],[],title_description,3,0,[],,"['5544', '61800', '60977']","[0.40499335527420044, 0.3734184503555298, 0.3620362877845764]","['title_description', 'title_description', 'title_description']"
罩衣,['60338'],[],title_description,1,0,[],,['23'],[0.42771878838539124],['title_description']
罩衣,['60338'],[],title_description,3,0,[],,"['23', '51323', '51388']","[0.42771878838539124, 0.4208392798900604, 0.4197878837585449]","['title_description', 'title_description', 'title_description']"
美心木门,['60338'],[],title_description,1,0,[],,['5881'],[0.37431108951568604],['title_description']
美心木门,['60338'],[],title_description,3,0,[],,"['5881', '47272', '5671']","[0.37431108951568604, 0.3728075623512268, 0.345642626285553]","['title_description', 'title_description', 'title_description']"
美甲款式,['60338'],[],title_description,1,0,[],,['60977'],[0.4207267165184021],['title_description']
美甲款式,['60338'],[],title_description,3,0,[],,"['60977', '47272', '51387']","[0.4207267165184021, 0.4018441438674927, 0.39860543608665466]","['title_description', 'title_description', 'title_description']"
美的空调,['60338'],[],title_description,1,0,[],,['5881'],[0.47809767723083496],['title_description']
美的空调,['60338'],[],title_description,3,0,[],,"['5881', '60977', '47272']","[0.47809767723083496, 0.4574885964393616, 0.4296315312385559]","['title_description', 'title_description', 'title_description']"
羽毛球价格,['60338'],[],title_description,1,0,[],,['60977'],[0.4552367329597473],['title_description']
羽毛球价格,['60338'],[],title_description,3,0,[],,"['60977', '5671', '47272']","[0.4552367329597473, 0.43747031688690186, 0.43359363079071045]","['title_description', 'title_description', 'title_description']"
羽织服饰,['60338'],[],title_description,1,0,[],,['51381'],[0.3870753049850464],['title_description']
羽织服饰,['60338'],[],title_description,3,0,[],,"['51381', '51382', '51323']","[0.3870753049850464, 0.3715967535972595, 0.36992669105529785]","['title_description', 'title_description', 'title_description']"
耳机,['60338'],[],title_description,1,0,[],,['60977'],[0.4919757843017578],['title_description']
耳机,['60338'],[],title_description,3,0,[],,"['60977', '62248', '51381']","[0.4919757843017578, 0.47743552923202515, 0.4613472819328308]","['title_description', 'title_description', 'title_description']"
联想笔记本,['60338'],[],title_description,1,0,[],,['60977'],[0.4813390374183655],['title_description']
联想笔记本,['60338'],[],title_description,3,0,[],,"['60977', '51381', '51388']","[0.4813390374183655, 0.4260237216949463, 0.42294302582740784]","['title_description', 'title_description', 'title_description']"
胶布,['60338'],[],title_description,1,0,[],,['60977'],[0.43194347620010376],['title_description']
胶布,['60338'],[],title_description,3,0,[],,"['60977', '5671', '61111']","[0.43194347620010376, 0.4072686731815338, 0.4036301076412201]","['title_description', 'title_description', 'title_description']"
胸罩大,['60338'],[],title_description,1,0,[],,['60977'],[0.4593084454536438],['title_description']
胸罩大,['60338'],[],title_description,3,0,[],,"['60977', '47272', '51323']","[0.4593084454536438, 0.42594683170318604, 0.41514039039611816]","['title_description', 'title_description', 'title_description']"
自行车建议买三个牌子,['60338'],[],title_description,1,0,[],,['60977'],[0.6594060659408569],['title_description']
自行车建议买三个牌子,['60338'],[],title_description,3,0,[],,"['60977', '5881', '5544']","[0.6594060659408569, 0.5668383240699768, 0.5477959513664246]","['title_description', 'title_description', 'title_description']"
舒服佳,['60338'],[],title_description,1,0,[],,['5881'],[0.5316040515899658],['title_description']
舒服佳,['60338'],[],title_description,3,0,[],,"['5881', '60977', '47272']","[0.5316040515899658, 0.4924522042274475, 0.43585413694381714]","['title_description', 'title_description', 'title_description']"
芭蒂娜,['60338'],[],title_description,1,0,[],,['23'],[0.5872790813446045],['title_description']
芭蒂娜,['60338'],[],title_description,3,0,[],,"['23', '85', '51388']","[0.5872790813446045, 0.5339155197143555, 0.49440276622772217]","['title_description', 'title_description', 'title_description']"
苏泊尔高压锅配件,['60338'],[],title_description,1,0,[],,['5881'],[0.26644080877304077],['title_description']
苏泊尔高压锅配件,['60338'],[],title_description,3,1,['60338'],3.0,"['5881', '47272', '60338']","[0.26644080877304077, 0.23717957735061646, 0.2276766002178192]","['title_description', 'title_description', 'title_description']"
苹果多少钱,['60338'],[],title_description,1,0,[],,['60540'],[0.6113879084587097],['title_description']
苹果多少钱,['60338'],[],title_description,3,1,['60338'],3.0,"['60540', '60977', '60338']","[0.6113879084587097, 0.5391607880592346, 0.5309943556785583]","['title_description', 'title_description', 'title_description']"
苹果手机壳,['60338'],[],title_description,1,0,[],,['5012'],[0.3785055875778198],['title_description']
苹果手机壳,['60338'],[],title_description,3,0,[],,"['5012', '60540', '60977']","[0.3785055875778198, 0.36894553899765015, 0.3604288101196289]","['title_description', 'title_description', 'title_description']"
苹果手表,['60338'],[],title_description,1,0,[],,['60977'],[0.49847790598869324],['title_description']
苹果手表,['60338'],[],title_description,3,0,[],,"['60977', '5012', '60540']","[0.49847790598869324, 0.44755569100379944, 0.4470526874065399]","['title_description', 'title_description', 'title_description']"
茗茶多少钱一斤,['60338'],[],title_description,1,0,[],,['5544'],[0.4416600465774536],['title_description']
茗茶多少钱一斤,['60338'],[],title_description,3,0,[],,"['5544', '61800', '51590']","[0.4416600465774536, 0.43569764494895935, 0.4265402853488922]","['title_description', 'title_description', 'title_description']"
荣耀magic v,['60338'],[],title_description,1,0,[],,['60977'],[0.45623505115509033],['title_description']
荣耀magic v,['60338'],[],title_description,3,0,[],,"['60977', '47272', '51275']","[0.45623505115509033, 0.43410933017730713, 0.4190044403076172]","['title_description', 'title_description', 'title_description']"
荣耀x80价格,['60338'],[],title_description,1,0,[],,['4526'],[0.5077463388442993],['title_description']
荣耀x80价格,['60338'],[],title_description,3,1,['60338'],3.0,"['4526', '60540', '60338']","[0.5077463388442993, 0.49727481603622437, 0.4457108974456787]","['title_description', 'title_description', 'title_description']"
荣耀官网,['60338'],[],title_description,1,0,[],,['47272'],[0.5548401474952698],['title_description']
荣耀官网,['60338'],[],title_description,3,0,[],,"['47272', '60977', '50731']","[0.5548401474952698, 0.5271991491317749, 0.49003511667251587]","['title_description', 'title_description', 'title_description']"
荣耀平板8上市时间和价格,['60338'],[],title_description,1,0,[],,['60540'],[0.4842292070388794],['title_description']
荣耀平板8上市时间和价格,['60338'],[],title_description,3,0,[],,"['60540', '51590', '60977']","[0.4842292070388794, 0.46037960052490234, 0.428612619638443]","['title_description', 'title_description', 'title_description']"
菜籽油多少钱一斤,['60338'],[],title_description,1,0,[],,['51590'],[0.43643492460250854],['title_description']
菜籽油多少钱一斤,['60338'],[],title_description,3,1,['60338'],3.0,"['51590', '60540', '60338']","[0.43643492460250854, 0.4277460277080536, 0.4232233762741089]","['title_description', 'title_description', 'title_description']"
蒂芙尼官网,['60338'],[],title_description,1,0,[],,['60977'],[0.439994215965271],['title_description']
蒂芙尼官网,['60338'],[],title_description,3,0,[],,"['60977', '51590', '5544']","[0.439994215965271, 0.4164074659347534, 0.4127815067768097]","['title_description', 'title_description', 'title_description']"
蔡司官网,['60338'],[],title_description,1,0,[],,['60977'],[0.49640387296676636],['title_description']
蔡司官网,['60338'],[],title_description,3,0,[],,"['60977', '5881', '50731']","[0.49640387296676636, 0.4847469925880432, 0.4537590742111206]","['title_description', 'title_description', 'title_description']"
蕾丝内衣,['60338'],[],title_description,1,0,[],,['60977'],[0.35914063453674316],['title_description']
蕾丝内衣,['60338'],[],title_description,3,0,[],,"['60977', '47272', '5143']","[0.35914063453674316, 0.32597213983535767, 0.3251315951347351]","['title_description', 'title_description', 'title_description']"
蕾丝连体衣,['60338'],[],title_description,1,0,[],,['23'],[0.3086022734642029],['title_description']
蕾丝连体衣,['60338'],[],title_description,3,0,[],,"['23', '51387', '60977']","[0.3086022734642029, 0.3037570118904114, 0.2971947491168976]","['title_description', 'title_description', 'title_description']"
蜂胶,['60338'],[],title_description,1,0,[],,['47272'],[0.43687188625335693],['title_description']
蜂胶,['60338'],[],title_description,3,0,[],,"['47272', '60977', '5544']","[0.43687188625335693, 0.43378275632858276, 0.4129562973976135]","['title_description', 'title_description', 'title_description']"
衣服牌子,['60338'],[],title_description,1,0,[],,['60977'],[0.548493504524231],['title_description']
衣服牌子,['60338'],[],title_description,3,0,[],,"['60977', '5881', '51381']","[0.548493504524231, 0.47775644063949585, 0.47410163283348083]","['title_description', 'title_description', 'title_description']"
西门子官网,['60338'],[],title_description,1,0,[],,['5881'],[0.5423177480697632],['title_description']
西门子官网,['60338'],[],title_description,3,0,[],,"['5881', '50731', '60977']","[0.5423177480697632, 0.49175164103507996, 0.4669206738471985]","['title_description', 'title_description', 'title_description']"
诸酒多少钱一瓶,['60338'],[],title_description,1,1,['60338'],1.0,['60338'],[0.4848597049713135],['title_description']
诸酒多少钱一瓶,['60338'],[],title_description,3,1,['60338'],1.0,"['60338', '61800', '60540']","[0.4848597049713135, 0.4827978014945984, 0.4668606221675873]","['title_description', 'title_description', 'title_description']"
豆,['60338'],[],title_description,1,0,[],,['51388'],[0.5090135931968689],['title_description']
豆,['60338'],[],title_description,3,0,[],,"['51388', '51381', '47272']","[0.5090135931968689, 0.5085017681121826, 0.5057368874549866]","['title_description', 'title_description', 'title_description']"
豆酱,['60338'],[],title_description,1,0,[],,['47272'],[0.4860974848270416],['title_description']
豆酱,['60338'],[],title_description,3,0,[],,"['47272', '51381', '51323']","[0.4860974848270416, 0.4275750517845154, 0.42290133237838745]","['title_description', 'title_description', 'title_description']"
跷跷板,['60338'],[],title_description,1,0,[],,['51388'],[0.43480491638183594],['title_description']
跷跷板,['60338'],[],title_description,3,0,[],,"['51388', '47272', '5671']","[0.43480491638183594, 0.4329475164413452, 0.42429280281066895]","['title_description', 'title_description', 'title_description']"
逸新空气净化器,['60338'],[],title_description,1,0,[],,['5881'],[0.39938443899154663],['title_description']
逸新空气净化器,['60338'],[],title_description,3,0,[],,"['5881', '50731', '60977']","[0.39938443899154663, 0.3729473948478699, 0.34878459572792053]","['title_description', 'title_description', 'title_description']"
遮阳板,['60338'],[],title_description,1,0,[],,['60977'],[0.41266030073165894],['title_description']
遮阳板,['60338'],[],title_description,3,0,[],,"['60977', '5671', '5359']","[0.41266030073165894, 0.4021483063697815, 0.4011947512626648]","['title_description', 'title_description', 'title_description']"
遮阳网,['60338'],[],title_description,1,0,[],,['5359'],[0.3555775284767151],['title_description']
遮阳网,['60338'],[],title_description,3,0,[],,"['5359', '5671', '51323']","[0.3555775284767151, 0.34970343112945557, 0.3366679847240448]","['title_description', 'title_description', 'title_description']"
野山菌,['60338'],[],title_description,1,0,[],,['47272'],[0.4530930817127228],['title_description']
野山菌,['60338'],[],title_description,3,0,[],,"['47272', '5671', '62106']","[0.4530930817127228, 0.4231914281845093, 0.3900512456893921]","['title_description', 'title_description', 'title_description']"
金川啤酒,['60338'],[],title_description,1,0,[],,['51590'],[0.44994011521339417],['title_description']
金川啤酒,['60338'],[],title_description,3,0,[],,"['51590', '47272', '5881']","[0.44994011521339417, 0.44054314494132996, 0.3888498544692993]","['title_description', 'title_description', 'title_description']"
金珍珠多少钱一颗,['60338'],[],title_description,1,0,[],,['51590'],[0.5655274391174316],['title_description']
金珍珠多少钱一颗,['60338'],[],title_description,3,0,[],,"['51590', '36607', '60540']","[0.5655274391174316, 0.4584653079509735, 0.4502159357070923]","['title_description', 'title_description', 'title_description']"
金葫芦,['60338'],[],title_description,1,0,[],,['51590'],[0.4886040687561035],['title_description']
金葫芦,['60338'],[],title_description,3,0,[],,"['51590', '51323', '51381']","[0.4886040687561035, 0.4451487064361572, 0.439109206199646]","['title_description', 'title_description', 'title_description']"
钓鱼杆,['60338'],[],title_description,1,0,[],,['60977'],[0.40181341767311096],['title_description']
钓鱼杆,['60338'],[],title_description,3,0,[],,"['60977', '51388', '5671']","[0.40181341767311096, 0.3951651453971863, 0.3889392614364624]","['title_description', 'title_description', 'title_description']"
钳,['60338'],[],title_description,1,0,[],,['51388'],[0.5356114506721497],['title_description']
钳,['60338'],[],title_description,3,0,[],,"['51388', '51381', '61111']","[0.5356114506721497, 0.5217256546020508, 0.5020539164543152]","['title_description', 'title_description', 'title_description']"
银币,['60338'],[],title_description,1,0,[],,['51590'],[0.5490920543670654],['title_description']
银币,['60338'],[],title_description,3,0,[],,"['51590', '51381', '51323']","[0.5490920543670654, 0.4606262445449829, 0.4571520686149597]","['title_description', 'title_description', 'title_description']"
防水台,['60338'],[],title_description,1,0,[],,['5671'],[0.4702279567718506],['title_description']
防水台,['60338'],[],title_description,3,0,[],,"['5671', '60977', '47272']","[0.4702279567718506, 0.46648523211479187, 0.4566590189933777]","['title_description', 'title_description', 'title_description']"
雅迪电动车价格,['60338'],[],title_description,1,0,[],,['5271'],[0.5127329230308533],['title_description']
雅迪电动车价格,['60338'],[],title_description,3,0,[],,"['5271', '60540', '60977']","[0.5127329230308533, 0.4575257897377014, 0.4370294511318207]","['title_description', 'title_description', 'title_description']"
鞋子价格,['60338'],[],title_description,1,0,[],,['60977'],[0.5401114225387573],['title_description']
鞋子价格,['60338'],[],title_description,3,1,['60338'],3.0,"['60977', '47272', '60338']","[0.5401114225387573, 0.49035197496414185, 0.4796401560306549]","['title_description', 'title_description', 'title_description']"
风扇,['60338'],[],title_description,1,0,[],,['60977'],[0.45402663946151733],['title_description']
风扇,['60338'],[],title_description,3,0,[],,"['60977', '51044', '47272']","[0.45402663946151733, 0.42615312337875366, 0.4178668260574341]","['title_description', 'title_description', 'title_description']"
驼奶粉的价格多少钱一罐,['60338'],[],title_description,1,0,[],,['60977'],[0.3908155560493469],['title_description']
驼奶粉的价格多少钱一罐,['60338'],[],title_description,3,1,['60338'],2.0,"['60977', '60338', '61800']","[0.3908155560493469, 0.38408583402633667, 0.38292163610458374]","['title_description', 'title_description', 'title_description']"
高叉连体丁字泳衣,['60338'],[],title_description,1,0,[],,['51381'],[0.23422515392303467],['title_description']
高叉连体丁字泳衣,['60338'],[],title_description,3,0,[],,"['51381', '51382', '51387']","[0.23422515392303467, 0.2281867414712906, 0.22012092173099518]","['title_description', 'title_description', 'title_description']"
鬼子姜,['60338'],[],title_description,1,0,[],,['51323'],[0.38250887393951416],['title_description']
鬼子姜,['60338'],[],title_description,3,0,[],,"['51323', '61111', '23']","[0.38250887393951416, 0.3772967755794525, 0.3739302158355713]","['title_description', 'title_description', 'title_description']"
鱼缸多少钱一个,['60338'],[],title_description,1,0,[],,['60540'],[0.4338803291320801],['title_description']
鱼缸多少钱一个,['60338'],[],title_description,3,1,['60338'],2.0,"['60540', '60338', '61800']","[0.4338803291320801, 0.3987225890159607, 0.3913816809654236]","['title_description', 'title_description', 'title_description']"
鱼饲料,['60338'],[],title_description,1,0,[],,['47272'],[0.4518914222717285],['title_description']
鱼饲料,['60338'],[],title_description,3,0,[],,"['47272', '60977', '51388']","[0.4518914222717285, 0.40822404623031616, 0.3950370252132416]","['title_description', 'title_description', 'title_description']"
鲮鱼多少钱一斤,['60338'],[],title_description,1,0,[],,['51590'],[0.39549458026885986],['title_description']
鲮鱼多少钱一斤,['60338'],[],title_description,3,0,[],,"['51590', '51255', '51088']","[0.39549458026885986, 0.3922744393348694, 0.3778423070907593]","['title_description', 'title_description', 'title_description']"
龙谕12葡萄酒多少钱一瓶,['60338'],[],title_description,1,0,[],,['61800'],[0.377296507358551],['title_description']
龙谕12葡萄酒多少钱一瓶,['60338'],[],title_description,3,1,['60338'],2.0,"['61800', '60338', '51590']","[0.377296507358551, 0.3470284640789032, 0.33980655670166016]","['title_description', 'title_description', 'title_description']"
