query,gold_ids,missing_gold_ids,view,k,pass_at_k,hit_ids,first_hit_rank,recall_ids,recall_scores,recall_views
串怎么读,['51386'],[],description,1,0,[],,['51381'],[0.5164533853530884],['description']
串怎么读,['51386'],[],description,3,0,[],,"['51381', '51382', '51388']","[0.5164533853530884, 0.5101633071899414, 0.5053298473358154]","['description', 'description', 'description']"
习怎么写,['51386'],[],description,1,0,[],,['51382'],[0.5400676727294922],['description']
习怎么写,['51386'],[],description,3,0,[],,"['51382', '51388', '51381']","[0.5400676727294922, 0.5369601249694824, 0.5241787433624268]","['description', 'description', 'description']"
了字怎么写,['51386'],[],description,1,0,[],,['51382'],[0.6329631805419922],['description']
了字怎么写,['51386'],[],description,3,0,[],,"['51382', '51381', '51388']","[0.6329631805419922, 0.6323716640472412, 0.5945528745651245]","['description', 'description', 'description']"
了有几个读音,['51386'],[],description,1,0,[],,['51388'],[0.6000410914421082],['description']
了有几个读音,['51386'],[],description,3,0,[],,"['51388', '51381', '51382']","[0.6000410914421082, 0.5875095725059509, 0.5816200971603394]","['description', 'description', 'description']"
仓字五笔怎么打,['51386'],[],description,1,0,[],,['51388'],[0.5571472644805908],['description']
仓字五笔怎么打,['51386'],[],description,3,0,[],,"['51388', '51381', '51382']","[0.5571472644805908, 0.5539585947990417, 0.5500612258911133]","['description', 'description', 'description']"
任的笔画顺序,['51386'],[],description,1,0,[],,['51382'],[0.5927516222000122],['description']
任的笔画顺序,['51386'],[],description,3,0,[],,"['51382', '51381', '51388']","[0.5927516222000122, 0.5674620866775513, 0.544873833656311]","['description', 'description', 'description']"
俐的拼音,['51386'],[],description,1,0,[],,['51388'],[0.6166189312934875],['description']
俐的拼音,['51386'],[],description,3,0,[],,"['51388', '51381', '51377']","[0.6166189312934875, 0.6149821281433105, 0.5899820923805237]","['description', 'description', 'description']"
儒拼音,['51386'],[],description,1,0,[],,['51388'],[0.6358200907707214],['description']
儒拼音,['51386'],[],description,3,0,[],,"['51388', '51381', '51382']","[0.6358200907707214, 0.635432243347168, 0.5869912505149841]","['description', 'description', 'description']"
儿的组词,['51386'],[],description,1,0,[],,['51382'],[0.5838432312011719],['description']
儿的组词,['51386'],[],description,3,0,[],,"['51382', '51381', '51388']","[0.5838432312011719, 0.5558550357818604, 0.5402038097381592]","['description', 'description', 'description']"
函的意思,['51386'],[],description,1,0,[],,['51388'],[0.5796431303024292],['description']
函的意思,['51386'],[],description,3,0,[],,"['51388', '51381', '51377']","[0.5796431303024292, 0.5386624336242676, 0.5333420038223267]","['description', 'description', 'description']"
则的拼音,['51386'],[],description,1,0,[],,['51388'],[0.6186683177947998],['description']
则的拼音,['51386'],[],description,3,0,[],,"['51388', '51381', '51382']","[0.6186683177947998, 0.5916444063186646, 0.5749015808105469]","['description', 'description', 'description']"
力笔画,['51386'],[],description,1,0,[],,['51382'],[0.5339766144752502],['description']
力笔画,['51386'],[],description,3,0,[],,"['51382', '51381', '51388']","[0.5339766144752502, 0.5279373526573181, 0.5279276967048645]","['description', 'description', 'description']"
劼怎么读,['51386'],[],description,1,0,[],,['51388'],[0.519588053226471],['description']
劼怎么读,['51386'],[],description,3,0,[],,"['51388', '52336', '51381']","[0.519588053226471, 0.5006809234619141, 0.5001569390296936]","['description', 'description', 'description']"
呈五行属什么,['51386'],[],description,1,0,[],,['51381'],[0.6171860694885254],['description']
呈五行属什么,['51386'],[],description,3,0,[],,"['51381', '51388', '51380']","[0.6171860694885254, 0.6102207899093628, 0.5763788819313049]","['description', 'description', 'description']"
咏字五行属什么,['51386'],[],description,1,0,[],,['51381'],[0.6131460666656494],['description']
咏字五行属什么,['51386'],[],description,3,0,[],,"['51381', '51382', '51388']","[0.6131460666656494, 0.5805706977844238, 0.5799548029899597]","['description', 'description', 'description']"
喝的笔画,['51386'],[],description,1,0,[],,['51382'],[0.5417172312736511],['description']
喝的笔画,['51386'],[],description,3,0,[],,"['51382', '51381', '51388']","[0.5417172312736511, 0.533170223236084, 0.5178107023239136]","['description', 'description', 'description']"
喾读什么,['51386'],[],description,1,0,[],,['51381'],[0.5280182361602783],['description']
喾读什么,['51386'],[],description,3,0,[],,"['51381', '52523', '51388']","[0.5280182361602783, 0.5191007852554321, 0.5179768800735474]","['description', 'description', 'description']"
嗯的读音,['51386'],[],description,1,0,[],,['51381'],[0.5740985870361328],['description']
嗯的读音,['51386'],[],description,3,0,[],,"['51381', '51388', '51377']","[0.5740985870361328, 0.5485470294952393, 0.5258798003196716]","['description', 'description', 'description']"
土的笔顺组词,['51386'],[],description,1,0,[],,['51382'],[0.6247096061706543],['description']
土的笔顺组词,['51386'],[],description,3,0,[],,"['51382', '51381', '51380']","[0.6247096061706543, 0.5702459216117859, 0.5537580847740173]","['description', 'description', 'description']"
在字五行属什么,['51386'],[],description,1,0,[],,['51381'],[0.6438273191452026],['description']
在字五行属什么,['51386'],[],description,3,0,[],,"['51381', '51380', '51388']","[0.6438273191452026, 0.6317276954650879, 0.6094194650650024]","['description', 'description', 'description']"
坏的笔画顺序,['51386'],[],description,1,0,[],,['51382'],[0.5574507117271423],['description']
坏的笔画顺序,['51386'],[],description,3,0,[],,"['51382', '51381', '51388']","[0.5574507117271423, 0.5215501189231873, 0.5188283920288086]","['description', 'description', 'description']"
垚这个字念什么,['51386'],[],description,1,0,[],,['51381'],[0.5420665144920349],['description']
垚这个字念什么,['51386'],[],description,3,0,[],,"['51381', '51388', '51382']","[0.5420665144920349, 0.5235545635223389, 0.518276572227478]","['description', 'description', 'description']"
垟怎么读,['51386'],[],description,1,0,[],,['51388'],[0.5278964042663574],['description']
垟怎么读,['51386'],[],description,3,0,[],,"['51388', '51382', '51381']","[0.5278964042663574, 0.5253647565841675, 0.5187345147132874]","['description', 'description', 'description']"
埭读音,['51386'],[],description,1,0,[],,['51388'],[0.5483644604682922],['description']
埭读音,['51386'],[],description,3,0,[],,"['51388', '51381', '51382']","[0.5483644604682922, 0.5236586332321167, 0.5192726850509644]","['description', 'description', 'description']"
埵的读音,['51386'],[],description,1,0,[],,['51381'],[0.5159648656845093],['description']
埵的读音,['51386'],[],description,3,0,[],,"['51381', '51388', '51382']","[0.5159648656845093, 0.5149339437484741, 0.5077896118164062]","['description', 'description', 'description']"
夙组词,['51386'],[],description,1,0,[],,['51382'],[0.5403109192848206],['description']
夙组词,['51386'],[],description,3,0,[],,"['51382', '51381', '51388']","[0.5403109192848206, 0.5177141427993774, 0.5138517618179321]","['description', 'description', 'description']"
妤读什么,['51386'],[],description,1,0,[],,['51381'],[0.5641354322433472],['description']
妤读什么,['51386'],[],description,3,0,[],,"['51381', '51388', '52524']","[0.5641354322433472, 0.5627127885818481, 0.5502707958221436]","['description', 'description', 'description']"
妥怎么读音,['51386'],[],description,1,0,[],,['51381'],[0.5280333757400513],['description']
妥怎么读音,['51386'],[],description,3,0,[],,"['51381', '51388', '51382']","[0.5280333757400513, 0.5249598622322083, 0.5241480469703674]","['description', 'description', 'description']"
字的繁体,['51386'],[],description,1,0,[],,['51382'],[0.6902257204055786],['description']
字的繁体,['51386'],[],description,3,0,[],,"['51382', '51388', '51381']","[0.6902257204055786, 0.6739525198936462, 0.6720485687255859]","['description', 'description', 'description']"
孜字五行属什么,['51386'],[],description,1,0,[],,['51381'],[0.5885300636291504],['description']
孜字五行属什么,['51386'],[],description,3,0,[],,"['51381', '51380', '51388']","[0.5885300636291504, 0.5711661577224731, 0.5629579424858093]","['description', 'description', 'description']"
守组词,['51386'],[],description,1,0,[],,['51382'],[0.5093522667884827],['description']
守组词,['51386'],[],description,3,0,[],,"['51382', '51388', '51381']","[0.5093522667884827, 0.5019233822822571, 0.49018192291259766]","['description', 'description', 'description']"
寒笔顺,['51386'],[],description,1,0,[],,['51382'],[0.5348074436187744],['description']
寒笔顺,['51386'],[],description,3,0,[],,"['51382', '51381', '51323']","[0.5348074436187744, 0.5115230679512024, 0.49965232610702515]","['description', 'description', 'description']"
尕读音怎么读,['51386'],[],description,1,0,[],,['51381'],[0.5059946775436401],['description']
尕读音怎么读,['51386'],[],description,3,0,[],,"['51381', '51388', '52524']","[0.5059946775436401, 0.49621671438217163, 0.4894404113292694]","['description', 'description', 'description']"
屵字怎么读,['51386'],[],description,1,0,[],,['51382'],[0.5263136625289917],['description']
屵字怎么读,['51386'],[],description,3,0,[],,"['51382', '51381', '51388']","[0.5263136625289917, 0.5248675346374512, 0.5204350352287292]","['description', 'description', 'description']"
已怎么读音,['51386'],[],description,1,0,[],,['51381'],[0.5889948606491089],['description']
已怎么读音,['51386'],[],description,3,0,[],,"['51381', '51388', '51382']","[0.5889948606491089, 0.587012529373169, 0.565467357635498]","['description', 'description', 'description']"
已能组什么词,['51386'],[],description,1,0,[],,['51382'],[0.6192270517349243],['description']
已能组什么词,['51386'],[],description,3,0,[],,"['51382', '51388', '51387']","[0.6192270517349243, 0.5915865898132324, 0.5867031812667847]","['description', 'description', 'description']"
弢字的意思,['51386'],[],description,1,0,[],,['51388'],[0.5743350982666016],['description']
弢字的意思,['51386'],[],description,3,0,[],,"['51388', '51382', '51381']","[0.5743350982666016, 0.5674836039543152, 0.5671094059944153]","['description', 'description', 'description']"
径组词,['51386'],[],description,1,0,[],,['51382'],[0.5469073057174683],['description']
径组词,['51386'],[],description,3,0,[],,"['51382', '51388', '51381']","[0.5469073057174683, 0.5323849320411682, 0.5070179104804993]","['description', 'description', 'description']"
忘的组词,['51386'],[],description,1,0,[],,['51382'],[0.5516824722290039],['description']
忘的组词,['51386'],[],description,3,0,[],,"['51382', '51388', '51381']","[0.5516824722290039, 0.5372635722160339, 0.520831823348999]","['description', 'description', 'description']"
急的笔顺,['51386'],[],description,1,0,[],,['51382'],[0.550685703754425],['description']
急的笔顺,['51386'],[],description,3,0,[],,"['51382', '51381', '51388']","[0.550685703754425, 0.5150253772735596, 0.5076523423194885]","['description', 'description', 'description']"
恩的读音,['51386'],[],description,1,0,[],,['51381'],[0.580521285533905],['description']
恩的读音,['51386'],[],description,3,0,[],,"['51381', '51388', '51382']","[0.580521285533905, 0.5665381550788879, 0.5476336479187012]","['description', 'description', 'description']"
悟的组词,['51386'],[],description,1,0,[],,['51382'],[0.5695304870605469],['description']
悟的组词,['51386'],[],description,3,0,[],,"['51382', '51388', '51381']","[0.5695304870605469, 0.5628291368484497, 0.5484486818313599]","['description', 'description', 'description']"
慌的组词,['51386'],[],description,1,0,[],,['51382'],[0.5407573580741882],['description']
慌的组词,['51386'],[],description,3,0,[],,"['51382', '51388', '51381']","[0.5407573580741882, 0.5099396705627441, 0.4988139271736145]","['description', 'description', 'description']"
憇怎么读,['51386'],[],description,1,0,[],,['51388'],[0.5176098346710205],['description']
憇怎么读,['51386'],[],description,3,0,[],,"['51388', '52336', '51381']","[0.5176098346710205, 0.5161349177360535, 0.5110235214233398]","['description', 'description', 'description']"
扶的读音,['51386'],[],description,1,0,[],,['51388'],[0.581424355506897],['description']
扶的读音,['51386'],[],description,3,0,[],,"['51388', '51381', '51382']","[0.581424355506897, 0.5734582543373108, 0.5535237193107605]","['description', 'description', 'description']"
承的笔顺,['51386'],[],description,1,0,[],,['51382'],[0.5692064762115479],['description']
承的笔顺,['51386'],[],description,3,0,[],,"['51382', '51381', '51388']","[0.5692064762115479, 0.5502325296401978, 0.5259661674499512]","['description', 'description', 'description']"
披的意思,['51386'],[],description,1,0,[],,['51388'],[0.616470992565155],['description']
披的意思,['51386'],[],description,3,0,[],,"['51388', '51381', '51382']","[0.616470992565155, 0.5546178221702576, 0.5518592000007629]","['description', 'description', 'description']"
拨的意思,['51386'],[],description,1,0,[],,['51388'],[0.6869945526123047],['description']
拨的意思,['51386'],[],description,3,0,[],,"['51388', '51381', '51382']","[0.6869945526123047, 0.6255691051483154, 0.6183286905288696]","['description', 'description', 'description']"
拾字五行属什么,['51386'],[],description,1,0,[],,['51381'],[0.6117058396339417],['description']
拾字五行属什么,['51386'],[],description,3,0,[],,"['51381', '51388', '51382']","[0.6117058396339417, 0.5967105627059937, 0.5863796472549438]","['description', 'description', 'description']"
揭怎么组词,['51386'],[],description,1,0,[],,['51382'],[0.5226799249649048],['description']
揭怎么组词,['51386'],[],description,3,1,['51386'],3.0,"['51382', '51388', '51386']","[0.5226799249649048, 0.5012720823287964, 0.5005435943603516]","['description', 'description', 'description']"
搭的拼音,['51386'],[],description,1,0,[],,['51381'],[0.5761920213699341],['description']
搭的拼音,['51386'],[],description,3,0,[],,"['51381', '51388', '51382']","[0.5761920213699341, 0.5701829195022583, 0.5551432967185974]","['description', 'description', 'description']"
摝怎么读,['51386'],[],description,1,0,[],,['51388'],[0.5091557502746582],['description']
摝怎么读,['51386'],[],description,3,0,[],,"['51388', '51382', '51381']","[0.5091557502746582, 0.5090063810348511, 0.5042769908905029]","['description', 'description', 'description']"
敦怎么读,['51386'],[],description,1,0,[],,['51388'],[0.49984151124954224],['description']
敦怎么读,['51386'],[],description,3,0,[],,"['51388', '51381', '51382']","[0.49984151124954224, 0.4989374876022339, 0.49077609181404114]","['description', 'description', 'description']"
数的笔画顺序正确写法,['51386'],[],description,1,0,[],,['51323'],[0.5513067841529846],['description']
数的笔画顺序正确写法,['51386'],[],description,3,0,[],,"['51323', '51382', '51381']","[0.5513067841529846, 0.5416018962860107, 0.4909810721874237]","['description', 'description', 'description']"
斐怎么读音,['51386'],[],description,1,0,[],,['51388'],[0.5713499188423157],['description']
斐怎么读音,['51386'],[],description,3,0,[],,"['51388', '51381', '51382']","[0.5713499188423157, 0.5414475202560425, 0.5413335561752319]","['description', 'description', 'description']"
昊什么意思,['51386'],[],description,1,0,[],,['51388'],[0.6014972925186157],['description']
昊什么意思,['51386'],[],description,3,0,[],,"['51388', '52336', '51381']","[0.6014972925186157, 0.5714784860610962, 0.5570656657218933]","['description', 'description', 'description']"
昕拼音,['51386'],[],description,1,0,[],,['51388'],[0.6407078504562378],['description']
昕拼音,['51386'],[],description,3,0,[],,"['51388', '51381', '51377']","[0.6407078504562378, 0.6281040906906128, 0.5877508521080017]","['description', 'description', 'description']"
朎怎么读,['51386'],[],description,1,0,[],,['51388'],[0.4904540777206421],['description']
朎怎么读,['51386'],[],description,3,0,[],,"['51388', '51382', '51381']","[0.4904540777206421, 0.48393964767456055, 0.4736212491989136]","['description', 'description', 'description']"
梡怎么读,['51386'],[],description,1,0,[],,['51388'],[0.5648114681243896],['description']
梡怎么读,['51386'],[],description,3,0,[],,"['51388', '51382', '51381']","[0.5648114681243896, 0.5349072813987732, 0.5279173254966736]","['description', 'description', 'description']"
棒的笔画,['51386'],[],description,1,0,[],,['51382'],[0.5333782434463501],['description']
棒的笔画,['51386'],[],description,3,0,[],,"['51382', '51388', '51380']","[0.5333782434463501, 0.5104253888130188, 0.49760890007019043]","['description', 'description', 'description']"
棕的拼音,['51386'],[],description,1,0,[],,['51388'],[0.5994603037834167],['description']
棕的拼音,['51386'],[],description,3,0,[],,"['51388', '51381', '51382']","[0.5994603037834167, 0.5855716466903687, 0.5501744747161865]","['description', 'description', 'description']"
楠怎么读,['51386'],[],description,1,0,[],,['51381'],[0.5394655466079712],['description']
楠怎么读,['51386'],[],description,3,0,[],,"['51381', '51388', '51382']","[0.5394655466079712, 0.5392773747444153, 0.5301228761672974]","['description', 'description', 'description']"
楸是什么意思,['51386'],[],description,1,0,[],,['51388'],[0.5652822256088257],['description']
楸是什么意思,['51386'],[],description,3,0,[],,"['51388', '52336', '51382']","[0.5652822256088257, 0.5272974371910095, 0.5254713296890259]","['description', 'description', 'description']"
榖的拼音,['51386'],[],description,1,0,[],,['51381'],[0.60514235496521],['description']
榖的拼音,['51386'],[],description,3,0,[],,"['51381', '51388', '51382']","[0.60514235496521, 0.5978553295135498, 0.5718457102775574]","['description', 'description', 'description']"
河字笔顺,['51386'],[],description,1,0,[],,['51382'],[0.5931284427642822],['description']
河字笔顺,['51386'],[],description,3,0,[],,"['51382', '51381', '51380']","[0.5931284427642822, 0.5669971704483032, 0.548387885093689]","['description', 'description', 'description']"
泠 组词,['51386'],[],description,1,0,[],,['51382'],[0.5247352719306946],['description']
泠 组词,['51386'],[],description,3,0,[],,"['51382', '51381', '51388']","[0.5247352719306946, 0.506913423538208, 0.4918252229690552]","['description', 'description', 'description']"
泯是什么意思,['51386'],[],description,1,0,[],,['51388'],[0.53519606590271],['description']
泯是什么意思,['51386'],[],description,3,0,[],,"['51388', '51382', '52336']","[0.53519606590271, 0.48580366373062134, 0.4850617051124573]","['description', 'description', 'description']"
洄字怎么读,['51386'],[],description,1,0,[],,['51381'],[0.5525500774383545],['description']
洄字怎么读,['51386'],[],description,3,0,[],,"['51381', '51382', '51388']","[0.5525500774383545, 0.5450972318649292, 0.5433526635169983]","['description', 'description', 'description']"
涵笔画,['51386'],[],description,1,0,[],,['51381'],[0.583419680595398],['description']
涵笔画,['51386'],[],description,3,0,[],,"['51381', '51382', '51388']","[0.583419680595398, 0.5759798288345337, 0.5708755254745483]","['description', 'description', 'description']"
溉的笔顺,['51386'],[],description,1,0,[],,['51382'],[0.555756151676178],['description']
溉的笔顺,['51386'],[],description,3,0,[],,"['51382', '51381', '51380']","[0.555756151676178, 0.5014278888702393, 0.49736928939819336]","['description', 'description', 'description']"
溥怎么读音,['51386'],[],description,1,0,[],,['51388'],[0.584696888923645],['description']
溥怎么读音,['51386'],[],description,3,0,[],,"['51388', '51381', '51382']","[0.584696888923645, 0.5840521454811096, 0.5702387094497681]","['description', 'description', 'description']"
澈怎么读音,['51386'],[],description,1,0,[],,['51381'],[0.5214282870292664],['description']
澈怎么读音,['51386'],[],description,3,0,[],,"['51381', '51388', '51382']","[0.5214282870292664, 0.5160331726074219, 0.5017455816268921]","['description', 'description', 'description']"
瀹字怎么读,['51386'],[],description,1,0,[],,['51381'],[0.5824353098869324],['description']
瀹字怎么读,['51386'],[],description,3,0,[],,"['51381', '51388', '51382']","[0.5824353098869324, 0.5689476728439331, 0.5681700706481934]","['description', 'description', 'description']"
炜怎么读,['51386'],[],description,1,0,[],,['51388'],[0.5576057434082031],['description']
炜怎么读,['51386'],[],description,3,0,[],,"['51388', '51381', '51382']","[0.5576057434082031, 0.5305175185203552, 0.5264548063278198]","['description', 'description', 'description']"
烅怎么读,['51386'],[],description,1,0,[],,['51388'],[0.5062788724899292],['description']
烅怎么读,['51386'],[],description,3,0,[],,"['51388', '52524', '51381']","[0.5062788724899292, 0.48026201128959656, 0.47997939586639404]","['description', 'description', 'description']"
烨字的意思,['51386'],[],description,1,0,[],,['51388'],[0.5945904850959778],['description']
烨字的意思,['51386'],[],description,3,0,[],,"['51388', '51380', '51382']","[0.5945904850959778, 0.574137806892395, 0.5620071887969971]","['description', 'description', 'description']"
燊字怎么读,['51386'],[],description,1,0,[],,['51381'],[0.5825555324554443],['description']
燊字怎么读,['51386'],[],description,3,0,[],,"['51381', '51388', '51382']","[0.5825555324554443, 0.5557332038879395, 0.5538930892944336]","['description', 'description', 'description']"
猷组词,['51386'],[],description,1,0,[],,['51382'],[0.5801987648010254],['description']
猷组词,['51386'],[],description,3,0,[],,"['51382', '51381', '51388']","[0.5801987648010254, 0.5682852268218994, 0.56183922290802]","['description', 'description', 'description']"
玺字五行属什么,['51386'],[],description,1,0,[],,['51381'],[0.555514931678772],['description']
玺字五行属什么,['51386'],[],description,3,0,[],,"['51381', '51388', '51380']","[0.555514931678772, 0.5487437844276428, 0.5372171401977539]","['description', 'description', 'description']"
瑛的意思,['51386'],[],description,1,0,[],,['51388'],[0.6304061412811279],['description']
瑛的意思,['51386'],[],description,3,0,[],,"['51388', '52336', '51381']","[0.6304061412811279, 0.6038202047348022, 0.5846490859985352]","['description', 'description', 'description']"
瑞字属于五行属什么,['51386'],[],description,1,0,[],,['51381'],[0.5221993923187256],['description']
瑞字属于五行属什么,['51386'],[],description,3,0,[],,"['51381', '51388', '51380']","[0.5221993923187256, 0.5162040591239929, 0.4944486916065216]","['description', 'description', 'description']"
瓣组词,['51386'],[],description,1,0,[],,['51388'],[0.5714856386184692],['description']
瓣组词,['51386'],[],description,3,0,[],,"['51388', '51382', '51381']","[0.5714856386184692, 0.5678005218505859, 0.5294128060340881]","['description', 'description', 'description']"
疒字旁怎么读,['51386'],[],description,1,0,[],,['51382'],[0.47095367312431335],['description']
疒字旁怎么读,['51386'],[],description,3,0,[],,"['51382', '51381', '51388']","[0.47095367312431335, 0.4673297107219696, 0.4556559920310974]","['description', 'description', 'description']"
的四字词语,['51386'],[],description,1,0,[],,['51387'],[0.61784827709198],['description']
的四字词语,['51386'],[],description,3,1,['51386'],2.0,"['51387', '51386', '51382']","[0.61784827709198, 0.5561681985855103, 0.5522288084030151]","['description', 'description', 'description']"
的多音字组词,['51386'],[],description,1,0,[],,['51382'],[0.7260884642601013],['description']
的多音字组词,['51386'],[],description,3,1,['51386'],3.0,"['51382', '51381', '51386']","[0.7260884642601013, 0.640770435333252, 0.6286827325820923]","['description', 'description', 'description']"
的拼音,['51386'],[],description,1,0,[],,['51388'],[0.7404969930648804],['description']
的拼音,['51386'],[],description,3,0,[],,"['51388', '51381', '51377']","[0.7404969930648804, 0.7310026288032532, 0.6759456992149353]","['description', 'description', 'description']"
的笔顺,['51386'],[],description,1,0,[],,['51382'],[0.6476736664772034],['description']
的笔顺,['51386'],[],description,3,0,[],,"['51382', '51381', '51388']","[0.6476736664772034, 0.5984981656074524, 0.5738192796707153]","['description', 'description', 'description']"
的组词,['51386'],[],description,1,0,[],,['51382'],[0.672189474105835],['description']
的组词,['51386'],[],description,3,0,[],,"['51382', '51381', '51388']","[0.672189474105835, 0.6236172914505005, 0.6196908950805664]","['description', 'description', 'description']"
的部首,['51386'],[],description,1,0,[],,['51381'],[0.637603759765625],['description']
的部首,['51386'],[],description,3,0,[],,"['51381', '51388', '51382']","[0.637603759765625, 0.6289211511611938, 0.6212039589881897]","['description', 'description', 'description']"
盛什么意思,['51386'],[],description,1,0,[],,['51388'],[0.6252727508544922],['description']
盛什么意思,['51386'],[],description,3,1,['51386'],3.0,"['51388', '52336', '51386']","[0.6252727508544922, 0.5982227325439453, 0.5676436424255371]","['description', 'description', 'description']"
着五笔怎么打,['51386'],[],description,1,0,[],,['51388'],[0.6191418766975403],['description']
着五笔怎么打,['51386'],[],description,3,0,[],,"['51388', '51381', '51382']","[0.6191418766975403, 0.5940954685211182, 0.582635223865509]","['description', 'description', 'description']"
祭怎么读,['51386'],[],description,1,0,[],,['51388'],[0.4684979319572449],['description']
祭怎么读,['51386'],[],description,3,0,[],,"['51388', '52524', '51323']","[0.4684979319572449, 0.4604209065437317, 0.45768290758132935]","['description', 'description', 'description']"
秾的意思,['51386'],[],description,1,0,[],,['51388'],[0.5533387660980225],['description']
秾的意思,['51386'],[],description,3,1,['51386'],3.0,"['51388', '52336', '51386']","[0.5533387660980225, 0.5392993092536926, 0.5267409682273865]","['description', 'description', 'description']"
究的拼音,['51386'],[],description,1,0,[],,['51388'],[0.6130551099777222],['description']
究的拼音,['51386'],[],description,3,0,[],,"['51388', '51381', '51377']","[0.6130551099777222, 0.5865304470062256, 0.5682367086410522]","['description', 'description', 'description']"
第是什么意思,['51386'],[],description,1,0,[],,['51388'],[0.6801035404205322],['description']
第是什么意思,['51386'],[],description,3,0,[],,"['51388', '52336', '51381']","[0.6801035404205322, 0.6214439868927002, 0.6111257076263428]","['description', 'description', 'description']"
綝怎么读,['51386'],[],description,1,0,[],,['51388'],[0.5110265612602234],['description']
綝怎么读,['51386'],[],description,3,0,[],,"['51388', '51381', '52524']","[0.5110265612602234, 0.5050473213195801, 0.4955468773841858]","['description', 'description', 'description']"
结几画,['51386'],[],description,1,0,[],,['51382'],[0.6142845153808594],['description']
结几画,['51386'],[],description,3,0,[],,"['51382', '51381', '51388']","[0.6142845153808594, 0.6082950830459595, 0.6072975993156433]","['description', 'description', 'description']"
缝的笔顺,['51386'],[],description,1,0,[],,['51382'],[0.5410034656524658],['description']
缝的笔顺,['51386'],[],description,3,0,[],,"['51382', '51381', '51388']","[0.5410034656524658, 0.5078579783439636, 0.4966028928756714]","['description', 'description', 'description']"
缪怎么读,['51386'],[],description,1,0,[],,['51388'],[0.5403059124946594],['description']
缪怎么读,['51386'],[],description,3,0,[],,"['51388', '51382', '51381']","[0.5403059124946594, 0.533812403678894, 0.5268841981887817]","['description', 'description', 'description']"
耶的组词,['51386'],[],description,1,0,[],,['51382'],[0.54462730884552],['description']
耶的组词,['51386'],[],description,3,1,['51386'],3.0,"['51382', '51388', '51386']","[0.54462730884552, 0.5269888639450073, 0.5238623023033142]","['description', 'description', 'description']"
聆怎么读,['51386'],[],description,1,0,[],,['52524'],[0.5113346576690674],['description']
聆怎么读,['51386'],[],description,3,0,[],,"['52524', '51381', '51388']","[0.5113346576690674, 0.5076152682304382, 0.5060417652130127]","['description', 'description', 'description']"
肝组词,['51386'],[],description,1,0,[],,['51382'],[0.5802031755447388],['description']
肝组词,['51386'],[],description,3,0,[],,"['51382', '51381', '51388']","[0.5802031755447388, 0.573257565498352, 0.5691116452217102]","['description', 'description', 'description']"
胤什么意思,['51386'],[],description,1,0,[],,['51388'],[0.6122057437896729],['description']
胤什么意思,['51386'],[],description,3,0,[],,"['51388', '52336', '51381']","[0.6122057437896729, 0.5922095775604248, 0.553766131401062]","['description', 'description', 'description']"
脏的笔顺,['51386'],[],description,1,0,[],,['51382'],[0.5231015086174011],['description']
脏的笔顺,['51386'],[],description,3,0,[],,"['51382', '51381', '51388']","[0.5231015086174011, 0.4894115924835205, 0.4825498163700104]","['description', 'description', 'description']"
脑的笔画,['51386'],[],description,1,0,[],,['51382'],[0.5249432325363159],['description']
脑的笔画,['51386'],[],description,3,0,[],,"['51382', '51380', '51381']","[0.5249432325363159, 0.48718658089637756, 0.4858343303203583]","['description', 'description', 'description']"
臭的拼音,['51386'],[],description,1,0,[],,['51388'],[0.5746555328369141],['description']
臭的拼音,['51386'],[],description,3,0,[],,"['51388', '51381', '51382']","[0.5746555328369141, 0.5676836371421814, 0.5265767574310303]","['description', 'description', 'description']"
艽的意思,['51386'],[],description,1,0,[],,['51388'],[0.5924691557884216],['description']
艽的意思,['51386'],[],description,3,0,[],,"['51388', '52336', '51381']","[0.5924691557884216, 0.5652913451194763, 0.5411447286605835]","['description', 'description', 'description']"
菉部首,['51386'],[],description,1,0,[],,['51382'],[0.5410265326499939],['description']
菉部首,['51386'],[],description,3,0,[],,"['51382', '51381', '51388']","[0.5410265326499939, 0.5385640859603882, 0.5324324369430542]","['description', 'description', 'description']"
萦的意思,['51386'],[],description,1,0,[],,['51388'],[0.5959997177124023],['description']
萦的意思,['51386'],[],description,3,0,[],,"['51388', '51381', '52336']","[0.5959997177124023, 0.5704880356788635, 0.5599644184112549]","['description', 'description', 'description']"
虔怎么读音,['51386'],[],description,1,0,[],,['51388'],[0.5068243741989136],['description']
虔怎么读音,['51386'],[],description,3,0,[],,"['51388', '51377', '51381']","[0.5068243741989136, 0.4925602674484253, 0.4815659523010254]","['description', 'description', 'description']"
螃笔顺,['51386'],[],description,1,0,[],,['51388'],[0.5420357584953308],['description']
螃笔顺,['51386'],[],description,3,0,[],,"['51388', '51382', '51381']","[0.5420357584953308, 0.5129942297935486, 0.5065418481826782]","['description', 'description', 'description']"
蠹的拼音,['51386'],[],description,1,0,[],,['51388'],[0.5697994232177734],['description']
蠹的拼音,['51386'],[],description,3,0,[],,"['51388', '51381', '51382']","[0.5697994232177734, 0.5374283790588379, 0.5259218215942383]","['description', 'description', 'description']"
谒怎么读音,['51386'],[],description,1,0,[],,['51388'],[0.512736976146698],['description']
谒怎么读音,['51386'],[],description,3,0,[],,"['51388', '51381', '52336']","[0.512736976146698, 0.48979252576828003, 0.4858158826828003]","['description', 'description', 'description']"
贼的笔顺,['51386'],[],description,1,0,[],,['51382'],[0.5083084106445312],['description']
贼的笔顺,['51386'],[],description,3,0,[],,"['51382', '51381', '51388']","[0.5083084106445312, 0.47047191858291626, 0.4630853831768036]","['description', 'description', 'description']"
这的反义词,['51386'],[],description,1,0,[],,['51388'],[0.6918138861656189],['description']
这的反义词,['51386'],[],description,3,1,['51386'],2.0,"['51388', '51386', '52336']","[0.6918138861656189, 0.6508159041404724, 0.6350564360618591]","['description', 'description', 'description']"
这读音,['51386'],[],description,1,0,[],,['51381'],[0.7122324705123901],['description']
这读音,['51386'],[],description,3,0,[],,"['51381', '51388', '51377']","[0.7122324705123901, 0.7046599388122559, 0.6803277730941772]","['description', 'description', 'description']"
邓组词,['51386'],[],description,1,0,[],,['51382'],[0.5634479522705078],['description']
邓组词,['51386'],[],description,3,0,[],,"['51382', '51381', '51388']","[0.5634479522705078, 0.5168894529342651, 0.5037234425544739]","['description', 'description', 'description']"
邵的拼音,['51386'],[],description,1,0,[],,['51381'],[0.5696351528167725],['description']
邵的拼音,['51386'],[],description,3,0,[],,"['51381', '51388', '51382']","[0.5696351528167725, 0.5564128160476685, 0.5441699028015137]","['description', 'description', 'description']"
邹的读音,['51386'],[],description,1,0,[],,['51381'],[0.5396546125411987],['description']
邹的读音,['51386'],[],description,3,0,[],,"['51381', '51388', '51382']","[0.5396546125411987, 0.5135273933410645, 0.5108309984207153]","['description', 'description', 'description']"
郡怎么读音,['51386'],[],description,1,0,[],,['51381'],[0.4999192953109741],['description']
郡怎么读音,['51386'],[],description,3,0,[],,"['51381', '52524', '51388']","[0.4999192953109741, 0.48021602630615234, 0.47774961590766907]","['description', 'description', 'description']"
鄂是怎么读,['51386'],[],description,1,0,[],,['51381'],[0.48962798714637756],['description']
鄂是怎么读,['51386'],[],description,3,0,[],,"['51381', '52524', '51388']","[0.48962798714637756, 0.4850539565086365, 0.48372507095336914]","['description', 'description', 'description']"
鍪的意思,['51386'],[],description,1,0,[],,['51388'],[0.5498597025871277],['description']
鍪的意思,['51386'],[],description,3,0,[],,"['51388', '52523', '52336']","[0.5498597025871277, 0.5338813066482544, 0.5221999287605286]","['description', 'description', 'description']"
钗的意思,['51386'],[],description,1,0,[],,['51388'],[0.5955231785774231],['description']
钗的意思,['51386'],[],description,3,0,[],,"['51388', '51381', '51377']","[0.5955231785774231, 0.5618162155151367, 0.555639922618866]","['description', 'description', 'description']"
闲的拼音,['51386'],[],description,1,0,[],,['51388'],[0.6209630966186523],['description']
闲的拼音,['51386'],[],description,3,0,[],,"['51388', '51381', '52336']","[0.6209630966186523, 0.5871526598930359, 0.5708238482475281]","['description', 'description', 'description']"
陉怎么读,['51386'],[],description,1,0,[],,['51388'],[0.49871349334716797],['description']
陉怎么读,['51386'],[],description,3,0,[],,"['51388', '51381', '52336']","[0.49871349334716797, 0.4918621778488159, 0.48621928691864014]","['description', 'description', 'description']"
霂的意思,['51386'],[],description,1,0,[],,['51388'],[0.5843985676765442],['description']
霂的意思,['51386'],[],description,3,0,[],,"['51388', '51381', '51382']","[0.5843985676765442, 0.5499475002288818, 0.5459250211715698]","['description', 'description', 'description']"
霖怎么读,['51386'],[],description,1,0,[],,['51381'],[0.5024303197860718],['description']
霖怎么读,['51386'],[],description,3,0,[],,"['51381', '51377', '51388']","[0.5024303197860718, 0.4997044801712036, 0.4993690550327301]","['description', 'description', 'description']"
靱怎么读,['51386'],[],description,1,0,[],,['51381'],[0.4885143041610718],['description']
靱怎么读,['51386'],[],description,3,0,[],,"['51381', '51388', '51382']","[0.4885143041610718, 0.4860817790031433, 0.48447149991989136]","['description', 'description', 'description']"
鞋组词,['51386'],[],description,1,0,[],,['51382'],[0.5319339632987976],['description']
鞋组词,['51386'],[],description,3,1,['51386'],3.0,"['51382', '51388', '51386']","[0.5319339632987976, 0.519831657409668, 0.5057996511459351]","['description', 'description', 'description']"
颦的意思,['51386'],[],description,1,0,[],,['51388'],[0.5775008797645569],['description']
颦的意思,['51386'],[],description,3,0,[],,"['51388', '52336', '51381']","[0.5775008797645569, 0.5260525345802307, 0.5207090973854065]","['description', 'description', 'description']"
鹳拼音,['51386'],[],description,1,0,[],,['51381'],[0.5652393698692322],['description']
鹳拼音,['51386'],[],description,3,0,[],,"['51381', '51388', '51377']","[0.5652393698692322, 0.553264319896698, 0.5335918664932251]","['description', 'description', 'description']"
麓的意思,['51386'],[],description,1,0,[],,['51388'],[0.6258072853088379],['description']
麓的意思,['51386'],[],description,3,0,[],,"['51388', '52336', '51381']","[0.6258072853088379, 0.5839576721191406, 0.5805416703224182]","['description', 'description', 'description']"
黍怎么读,['51386'],[],description,1,0,[],,['51381'],[0.5022937655448914],['description']
黍怎么读,['51386'],[],description,3,0,[],,"['51381', '51382', '51388']","[0.5022937655448914, 0.4946087598800659, 0.4919256865978241]","['description', 'description', 'description']"
串怎么读,['51386'],[],merged,1,0,[],,['51381'],[0.5169401168823242],['title_description']
串怎么读,['51386'],[],merged,3,0,[],,"['51381', '51382', '51388']","[0.5169401168823242, 0.5101633071899414, 0.5053298473358154]","['title_description', 'description', 'description']"
习怎么写,['51386'],[],merged,1,0,[],,['51382'],[0.5509859323501587],['title_description']
习怎么写,['51386'],[],merged,3,0,[],,"['51382', '51388', '51381']","[0.5509859323501587, 0.5369601249694824, 0.5276467800140381]","['title_description', 'description', 'title_description']"
了字怎么写,['51386'],[],merged,1,0,[],,['51382'],[0.6528482437133789],['title_description']
了字怎么写,['51386'],[],merged,3,0,[],,"['51382', '51381', '51388']","[0.6528482437133789, 0.6432250738143921, 0.5945528745651245]","['title_description', 'title_description', 'description']"
了有几个读音,['51386'],[],merged,1,0,[],,['51388'],[0.6008729934692383],['title_description']
了有几个读音,['51386'],[],merged,3,0,[],,"['51388', '51381', '51382']","[0.6008729934692383, 0.5896726846694946, 0.5816200971603394]","['title_description', 'title_description', 'description']"
仓字五笔怎么打,['51386'],[],merged,1,0,[],,['51382'],[0.5735331773757935],['title_description']
仓字五笔怎么打,['51386'],[],merged,3,0,[],,"['51382', '51381', '51388']","[0.5735331773757935, 0.5604677200317383, 0.5571472644805908]","['title_description', 'title_description', 'description']"
任的笔画顺序,['51386'],[],merged,1,0,[],,['51382'],[0.6101011037826538],['title_description']
任的笔画顺序,['51386'],[],merged,3,0,[],,"['51382', '51381', '51388']","[0.6101011037826538, 0.5719823837280273, 0.544873833656311]","['title_description', 'title_description', 'description']"
俐的拼音,['51386'],[],merged,1,0,[],,['51388'],[0.6166189312934875],['description']
俐的拼音,['51386'],[],merged,3,0,[],,"['51388', '51381', '51377']","[0.6166189312934875, 0.6149821281433105, 0.5899820923805237]","['description', 'description', 'description']"
儒拼音,['51386'],[],merged,1,0,[],,['51381'],[0.6520185470581055],['title_description']
儒拼音,['51386'],[],merged,3,0,[],,"['51381', '51388', '51382']","[0.6520185470581055, 0.6358200907707214, 0.6039605140686035]","['title_description', 'description', 'title_description']"
儿的组词,['51386'],[],merged,1,0,[],,['51382'],[0.5854285955429077],['title_description']
儿的组词,['51386'],[],merged,3,0,[],,"['51382', '51381', '51387']","[0.5854285955429077, 0.5605961084365845, 0.547966480255127]","['title_description', 'title_description', 'title_description']"
函的意思,['51386'],[],merged,1,0,[],,['51388'],[0.5796431303024292],['description']
函的意思,['51386'],[],merged,3,0,[],,"['51388', '51381', '51377']","[0.5796431303024292, 0.5579119920730591, 0.5333420038223267]","['description', 'title_description', 'description']"
则的拼音,['51386'],[],merged,1,0,[],,['51388'],[0.6186683177947998],['description']
则的拼音,['51386'],[],merged,3,0,[],,"['51388', '51381', '51382']","[0.6186683177947998, 0.5922079086303711, 0.5780202746391296]","['description', 'title_description', 'title_description']"
力笔画,['51386'],[],merged,1,0,[],,['51382'],[0.5508075952529907],['title_description']
力笔画,['51386'],[],merged,3,0,[],,"['51382', '51381', '51388']","[0.5508075952529907, 0.5296913385391235, 0.5279276967048645]","['title_description', 'title_description', 'description']"
劼怎么读,['51386'],[],merged,1,0,[],,['51388'],[0.519588053226471],['description']
劼怎么读,['51386'],[],merged,3,0,[],,"['51388', '51381', '52336']","[0.519588053226471, 0.506619930267334, 0.5054683685302734]","['description', 'title_description', 'title_description']"
呈五行属什么,['51386'],[],merged,1,0,[],,['51381'],[0.6362389922142029],['title_description']
呈五行属什么,['51386'],[],merged,3,0,[],,"['51381', '51388', '51382']","[0.6362389922142029, 0.6102207899093628, 0.5826818943023682]","['title_description', 'description', 'title_description']"
咏字五行属什么,['51386'],[],merged,1,0,[],,['51381'],[0.618742823600769],['title_description']
咏字五行属什么,['51386'],[],merged,3,0,[],,"['51381', '51382', '51388']","[0.618742823600769, 0.5882214307785034, 0.5799548029899597]","['title_description', 'title_description', 'description']"
喝的笔画,['51386'],[],merged,1,0,[],,['51382'],[0.5450738668441772],['title_description']
喝的笔画,['51386'],[],merged,3,0,[],,"['51382', '51381', '51388']","[0.5450738668441772, 0.533170223236084, 0.5178107023239136]","['title_description', 'description', 'description']"
喾读什么,['51386'],[],merged,1,0,[],,['51381'],[0.5320762991905212],['title_description']
喾读什么,['51386'],[],merged,3,0,[],,"['51381', '51388', '52523']","[0.5320762991905212, 0.5204461216926575, 0.5191007852554321]","['title_description', 'title_description', 'description']"
嗯的读音,['51386'],[],merged,1,0,[],,['51381'],[0.5740985870361328],['description']
嗯的读音,['51386'],[],merged,3,0,[],,"['51381', '51388', '51377']","[0.5740985870361328, 0.5485470294952393, 0.5258798003196716]","['description', 'description', 'description']"
土的笔顺组词,['51386'],[],merged,1,0,[],,['51382'],[0.6313479542732239],['title_description']
土的笔顺组词,['51386'],[],merged,3,0,[],,"['51382', '51381', '51380']","[0.6313479542732239, 0.5702459216117859, 0.5537580847740173]","['title_description', 'description', 'description']"
在字五行属什么,['51386'],[],merged,1,0,[],,['51381'],[0.6594635248184204],['title_description']
在字五行属什么,['51386'],[],merged,3,0,[],,"['51381', '51380', '51382']","[0.6594635248184204, 0.6317276954650879, 0.6174924969673157]","['title_description', 'description', 'title_description']"
坏的笔画顺序,['51386'],[],merged,1,0,[],,['51382'],[0.5704253911972046],['title_description']
坏的笔画顺序,['51386'],[],merged,3,0,[],,"['51382', '51381', '51388']","[0.5704253911972046, 0.5215501189231873, 0.5188283920288086]","['title_description', 'description', 'description']"
垚这个字念什么,['51386'],[],merged,1,0,[],,['51381'],[0.5487022399902344],['title_description']
垚这个字念什么,['51386'],[],merged,3,0,[],,"['51381', '51388', '51382']","[0.5487022399902344, 0.5235545635223389, 0.518276572227478]","['title_description', 'description', 'description']"
垟怎么读,['51386'],[],merged,1,0,[],,['51388'],[0.5278964042663574],['description']
垟怎么读,['51386'],[],merged,3,0,[],,"['51388', '51382', '51381']","[0.5278964042663574, 0.5253647565841675, 0.5191987752914429]","['description', 'description', 'title_description']"
埭读音,['51386'],[],merged,1,0,[],,['51388'],[0.5483644604682922],['description']
埭读音,['51386'],[],merged,3,0,[],,"['51388', '51381', '51382']","[0.5483644604682922, 0.5236586332321167, 0.5192726850509644]","['description', 'description', 'description']"
埵的读音,['51386'],[],merged,1,0,[],,['51381'],[0.5159648656845093],['description']
埵的读音,['51386'],[],merged,3,0,[],,"['51381', '51388', '51382']","[0.5159648656845093, 0.5149339437484741, 0.5077896118164062]","['description', 'description', 'description']"
夙组词,['51386'],[],merged,1,0,[],,['51382'],[0.5470330119132996],['title_description']
夙组词,['51386'],[],merged,3,0,[],,"['51382', '51381', '51388']","[0.5470330119132996, 0.5295199155807495, 0.5142044425010681]","['title_description', 'title_description', 'title_description']"
妤读什么,['51386'],[],merged,1,0,[],,['51381'],[0.5724643468856812],['title_description']
妤读什么,['51386'],[],merged,3,0,[],,"['51381', '51388', '52524']","[0.5724643468856812, 0.5627127885818481, 0.5502707958221436]","['title_description', 'description', 'description']"
妥怎么读音,['51386'],[],merged,1,0,[],,['51381'],[0.5280333757400513],['description']
妥怎么读音,['51386'],[],merged,3,0,[],,"['51381', '51388', '51382']","[0.5280333757400513, 0.5264930129051208, 0.5241480469703674]","['description', 'title_description', 'description']"
字的繁体,['51386'],[],merged,1,0,[],,['51382'],[0.7082163691520691],['title_description']
字的繁体,['51386'],[],merged,3,0,[],,"['51382', '51381', '51388']","[0.7082163691520691, 0.6919976472854614, 0.6739525198936462]","['title_description', 'title_description', 'description']"
孜字五行属什么,['51386'],[],merged,1,0,[],,['51381'],[0.6036674976348877],['title_description']
孜字五行属什么,['51386'],[],merged,3,0,[],,"['51381', '51382', '51380']","[0.6036674976348877, 0.5730546712875366, 0.5711661577224731]","['title_description', 'title_description', 'description']"
守组词,['51386'],[],merged,1,0,[],,['51382'],[0.5232632756233215],['title_description']
守组词,['51386'],[],merged,3,0,[],,"['51382', '51388', '51381']","[0.5232632756233215, 0.5024766325950623, 0.49632781744003296]","['title_description', 'title_description', 'title_description']"
寒笔顺,['51386'],[],merged,1,0,[],,['51382'],[0.5474116206169128],['title_description']
寒笔顺,['51386'],[],merged,3,0,[],,"['51382', '51381', '51323']","[0.5474116206169128, 0.5152215361595154, 0.49965232610702515]","['title_description', 'title_description', 'description']"
尕读音怎么读,['51386'],[],merged,1,0,[],,['51381'],[0.5062362551689148],['title_description']
尕读音怎么读,['51386'],[],merged,3,0,[],,"['51381', '51388', '52524']","[0.5062362551689148, 0.5006591081619263, 0.4894404113292694]","['title_description', 'title_description', 'description']"
屵字怎么读,['51386'],[],merged,1,0,[],,['51381'],[0.5284498929977417],['title_description']
屵字怎么读,['51386'],[],merged,3,0,[],,"['51381', '51382', '51388']","[0.5284498929977417, 0.5263136625289917, 0.5204350352287292]","['title_description', 'description', 'description']"
已怎么读音,['51386'],[],merged,1,0,[],,['51381'],[0.5949445962905884],['title_description']
已怎么读音,['51386'],[],merged,3,0,[],,"['51381', '51388', '52336']","[0.5949445962905884, 0.587012529373169, 0.5674130320549011]","['title_description', 'description', 'title_description']"
已能组什么词,['51386'],[],merged,1,0,[],,['51382'],[0.6259336471557617],['title_description']
已能组什么词,['51386'],[],merged,3,1,['51386'],3.0,"['51382', '51387', '51386']","[0.6259336471557617, 0.6152905225753784, 0.6003807783126831]","['title_description', 'title_description', 'title_description']"
弢字的意思,['51386'],[],merged,1,0,[],,['51381'],[0.5798300504684448],['title_description']
弢字的意思,['51386'],[],merged,3,0,[],,"['51381', '51388', '51382']","[0.5798300504684448, 0.5752668380737305, 0.570448637008667]","['title_description', 'title_description', 'title_description']"
径组词,['51386'],[],merged,1,0,[],,['51382'],[0.5485490560531616],['title_description']
径组词,['51386'],[],merged,3,0,[],,"['51382', '51388', '51381']","[0.5485490560531616, 0.5323849320411682, 0.5218403935432434]","['title_description', 'description', 'title_description']"
忘的组词,['51386'],[],merged,1,0,[],,['51382'],[0.5605582594871521],['title_description']
忘的组词,['51386'],[],merged,3,0,[],,"['51382', '51388', '51381']","[0.5605582594871521, 0.5432003140449524, 0.5341358184814453]","['title_description', 'title_description', 'title_description']"
急的笔顺,['51386'],[],merged,1,0,[],,['51382'],[0.558208703994751],['title_description']
急的笔顺,['51386'],[],merged,3,0,[],,"['51382', '51381', '51388']","[0.558208703994751, 0.5150253772735596, 0.5076523423194885]","['title_description', 'description', 'description']"
恩的读音,['51386'],[],merged,1,0,[],,['51381'],[0.580521285533905],['description']
恩的读音,['51386'],[],merged,3,0,[],,"['51381', '51388', '51382']","[0.580521285533905, 0.5665381550788879, 0.5476336479187012]","['description', 'description', 'description']"
悟的组词,['51386'],[],merged,1,0,[],,['51382'],[0.5810725092887878],['title_description']
悟的组词,['51386'],[],merged,3,0,[],,"['51382', '51388', '51381']","[0.5810725092887878, 0.567814826965332, 0.5607288479804993]","['title_description', 'title_description', 'title_description']"
慌的组词,['51386'],[],merged,1,0,[],,['51382'],[0.5499635934829712],['title_description']
慌的组词,['51386'],[],merged,3,0,[],,"['51382', '51381', '51388']","[0.5499635934829712, 0.514980673789978, 0.5131222009658813]","['title_description', 'title_description', 'title_description']"
憇怎么读,['51386'],[],merged,1,0,[],,['51388'],[0.5184407830238342],['title_description']
憇怎么读,['51386'],[],merged,3,0,[],,"['51388', '51381', '52336']","[0.5184407830238342, 0.5182453989982605, 0.5161349177360535]","['title_description', 'title_description', 'description']"
扶的读音,['51386'],[],merged,1,0,[],,['51388'],[0.581424355506897],['description']
扶的读音,['51386'],[],merged,3,0,[],,"['51388', '51381', '51382']","[0.581424355506897, 0.575924277305603, 0.5535237193107605]","['description', 'title_description', 'description']"
承的笔顺,['51386'],[],merged,1,0,[],,['51382'],[0.5820394158363342],['title_description']
承的笔顺,['51386'],[],merged,3,0,[],,"['51382', '51381', '51388']","[0.5820394158363342, 0.5502325296401978, 0.5259661674499512]","['title_description', 'description', 'description']"
披的意思,['51386'],[],merged,1,0,[],,['51388'],[0.616470992565155],['description']
披的意思,['51386'],[],merged,3,0,[],,"['51388', '51381', '51382']","[0.616470992565155, 0.5643069744110107, 0.5518592000007629]","['description', 'title_description', 'description']"
拨的意思,['51386'],[],merged,1,0,[],,['51388'],[0.6869945526123047],['description']
拨的意思,['51386'],[],merged,3,0,[],,"['51388', '51381', '51382']","[0.6869945526123047, 0.6428892612457275, 0.6233323812484741]","['description', 'title_description', 'title_description']"
拾字五行属什么,['51386'],[],merged,1,0,[],,['51381'],[0.6252266764640808],['title_description']
拾字五行属什么,['51386'],[],merged,3,0,[],,"['51381', '51388', '51382']","[0.6252266764640808, 0.5967105627059937, 0.5953757166862488]","['title_description', 'description', 'title_description']"
揭怎么组词,['51386'],[],merged,1,0,[],,['51382'],[0.5235768556594849],['title_description']
揭怎么组词,['51386'],[],merged,3,1,['51386'],3.0,"['51382', '51388', '51386']","[0.5235768556594849, 0.5131649971008301, 0.5108371376991272]","['title_description', 'title_description', 'title_description']"
搭的拼音,['51386'],[],merged,1,0,[],,['51381'],[0.5761920213699341],['description']
搭的拼音,['51386'],[],merged,3,0,[],,"['51381', '51388', '51382']","[0.5761920213699341, 0.5701829195022583, 0.5592415928840637]","['description', 'description', 'title_description']"
摝怎么读,['51386'],[],merged,1,0,[],,['51388'],[0.5091557502746582],['description']
摝怎么读,['51386'],[],merged,3,0,[],,"['51388', '51382', '51381']","[0.5091557502746582, 0.5090063810348511, 0.5059511661529541]","['description', 'description', 'title_description']"
敦怎么读,['51386'],[],merged,1,0,[],,['51388'],[0.49984151124954224],['description']
敦怎么读,['51386'],[],merged,3,0,[],,"['51388', '51381', '51382']","[0.49984151124954224, 0.4989374876022339, 0.49077609181404114]","['description', 'description', 'description']"
数的笔画顺序正确写法,['51386'],[],merged,1,0,[],,['51382'],[0.5580537915229797],['title_description']
数的笔画顺序正确写法,['51386'],[],merged,3,0,[],,"['51382', '51323', '51381']","[0.5580537915229797, 0.5513067841529846, 0.4909810721874237]","['title_description', 'description', 'description']"
斐怎么读音,['51386'],[],merged,1,0,[],,['51388'],[0.5713499188423157],['description']
斐怎么读音,['51386'],[],merged,3,0,[],,"['51388', '51381', '51382']","[0.5713499188423157, 0.5414475202560425, 0.5413335561752319]","['description', 'description', 'description']"
昊什么意思,['51386'],[],merged,1,0,[],,['51388'],[0.6034616231918335],['title_description']
昊什么意思,['51386'],[],merged,3,0,[],,"['51388', '52336', '51381']","[0.6034616231918335, 0.5836236476898193, 0.5802861452102661]","['title_description', 'title_description', 'title_description']"
昕拼音,['51386'],[],merged,1,0,[],,['51388'],[0.6407078504562378],['description']
昕拼音,['51386'],[],merged,3,0,[],,"['51388', '51381', '51377']","[0.6407078504562378, 0.6281040906906128, 0.5877508521080017]","['description', 'description', 'description']"
朎怎么读,['51386'],[],merged,1,0,[],,['51388'],[0.4904540777206421],['description']
朎怎么读,['51386'],[],merged,3,0,[],,"['51388', '51382', '51381']","[0.4904540777206421, 0.48393964767456055, 0.47964704036712646]","['description', 'description', 'title_description']"
梡怎么读,['51386'],[],merged,1,0,[],,['51388'],[0.5648114681243896],['description']
梡怎么读,['51386'],[],merged,3,0,[],,"['51388', '51381', '51382']","[0.5648114681243896, 0.5358808040618896, 0.5349072813987732]","['description', 'title_description', 'description']"
棒的笔画,['51386'],[],merged,1,0,[],,['51382'],[0.5441170334815979],['title_description']
棒的笔画,['51386'],[],merged,3,0,[],,"['51382', '51388', '51381']","[0.5441170334815979, 0.5104253888130188, 0.4976766109466553]","['title_description', 'description', 'title_description']"
棕的拼音,['51386'],[],merged,1,0,[],,['51388'],[0.5994603037834167],['description']
棕的拼音,['51386'],[],merged,3,0,[],,"['51388', '51381', '51382']","[0.5994603037834167, 0.5887202024459839, 0.5501744747161865]","['description', 'title_description', 'description']"
楠怎么读,['51386'],[],merged,1,0,[],,['51381'],[0.5463029742240906],['title_description']
楠怎么读,['51386'],[],merged,3,0,[],,"['51381', '51388', '51382']","[0.5463029742240906, 0.5392773747444153, 0.5301228761672974]","['title_description', 'description', 'description']"
楸是什么意思,['51386'],[],merged,1,0,[],,['51388'],[0.5697509050369263],['title_description']
楸是什么意思,['51386'],[],merged,3,0,[],,"['51388', '52336', '51382']","[0.5697509050369263, 0.5350502729415894, 0.5254713296890259]","['title_description', 'title_description', 'description']"
榖的拼音,['51386'],[],merged,1,0,[],,['51381'],[0.60514235496521],['description']
榖的拼音,['51386'],[],merged,3,0,[],,"['51381', '51388', '51382']","[0.60514235496521, 0.5978553295135498, 0.5725634694099426]","['description', 'description', 'title_description']"
河字笔顺,['51386'],[],merged,1,0,[],,['51382'],[0.6121131181716919],['title_description']
河字笔顺,['51386'],[],merged,3,0,[],,"['51382', '51381', '51380']","[0.6121131181716919, 0.5669971704483032, 0.548387885093689]","['title_description', 'description', 'description']"
泠 组词,['51386'],[],merged,1,0,[],,['51382'],[0.5247352719306946],['description']
泠 组词,['51386'],[],merged,3,0,[],,"['51382', '51381', '51388']","[0.5247352719306946, 0.5111785531044006, 0.4918252229690552]","['description', 'title_description', 'description']"
泯是什么意思,['51386'],[],merged,1,0,[],,['51388'],[0.5355568528175354],['title_description']
泯是什么意思,['51386'],[],merged,3,0,[],,"['51388', '51381', '52336']","[0.5355568528175354, 0.4949941635131836, 0.4913138747215271]","['title_description', 'title_description', 'title_description']"
洄字怎么读,['51386'],[],merged,1,0,[],,['51381'],[0.5623252391815186],['title_description']
洄字怎么读,['51386'],[],merged,3,0,[],,"['51381', '51382', '51388']","[0.5623252391815186, 0.5450972318649292, 0.5433526635169983]","['title_description', 'description', 'description']"
涵笔画,['51386'],[],merged,1,0,[],,['51382'],[0.5931201577186584],['title_description']
涵笔画,['51386'],[],merged,3,0,[],,"['51382', '51381', '51388']","[0.5931201577186584, 0.5929378271102905, 0.5708755254745483]","['title_description', 'title_description', 'description']"
溉的笔顺,['51386'],[],merged,1,0,[],,['51382'],[0.566788375377655],['title_description']
溉的笔顺,['51386'],[],merged,3,0,[],,"['51382', '51381', '51380']","[0.566788375377655, 0.5014278888702393, 0.49736928939819336]","['title_description', 'description', 'description']"
溥怎么读音,['51386'],[],merged,1,0,[],,['51388'],[0.584696888923645],['description']
溥怎么读音,['51386'],[],merged,3,0,[],,"['51388', '51381', '51382']","[0.584696888923645, 0.5840521454811096, 0.5702387094497681]","['description', 'description', 'description']"
澈怎么读音,['51386'],[],merged,1,0,[],,['51381'],[0.5258444547653198],['title_description']
澈怎么读音,['51386'],[],merged,3,0,[],,"['51381', '51388', '52336']","[0.5258444547653198, 0.5163008570671082, 0.5102656483650208]","['title_description', 'title_description', 'title_description']"
瀹字怎么读,['51386'],[],merged,1,0,[],,['51381'],[0.584962785243988],['title_description']
瀹字怎么读,['51386'],[],merged,3,0,[],,"['51381', '51388', '51382']","[0.584962785243988, 0.5689476728439331, 0.5681700706481934]","['title_description', 'description', 'description']"
炜怎么读,['51386'],[],merged,1,0,[],,['51388'],[0.5576057434082031],['description']
炜怎么读,['51386'],[],merged,3,0,[],,"['51388', '51381', '51382']","[0.5576057434082031, 0.5383768081665039, 0.5264548063278198]","['description', 'title_description', 'description']"
烅怎么读,['51386'],[],merged,1,0,[],,['51388'],[0.5062788724899292],['description']
烅怎么读,['51386'],[],merged,3,0,[],,"['51388', '51381', '52524']","[0.5062788724899292, 0.49595725536346436, 0.48026201128959656]","['description', 'title_description', 'description']"
烨字的意思,['51386'],[],merged,1,0,[],,['51388'],[0.5947954058647156],['title_description']
烨字的意思,['51386'],[],merged,3,0,[],,"['51388', '51381', '51380']","[0.5947954058647156, 0.5771654844284058, 0.574137806892395]","['title_description', 'title_description', 'description']"
燊字怎么读,['51386'],[],merged,1,0,[],,['51381'],[0.5893771052360535],['title_description']
燊字怎么读,['51386'],[],merged,3,0,[],,"['51381', '51388', '51382']","[0.5893771052360535, 0.5557332038879395, 0.5538930892944336]","['title_description', 'description', 'description']"
猷组词,['51386'],[],merged,1,0,[],,['51382'],[0.58809494972229],['title_description']
猷组词,['51386'],[],merged,3,0,[],,"['51382', '51381', '51388']","[0.58809494972229, 0.5760603547096252, 0.56183922290802]","['title_description', 'title_description', 'description']"
玺字五行属什么,['51386'],[],merged,1,0,[],,['51381'],[0.5715756416320801],['title_description']
玺字五行属什么,['51386'],[],merged,3,0,[],,"['51381', '51388', '51380']","[0.5715756416320801, 0.5487437844276428, 0.5372171401977539]","['title_description', 'description', 'description']"
瑛的意思,['51386'],[],merged,1,0,[],,['51388'],[0.6304061412811279],['description']
瑛的意思,['51386'],[],merged,3,0,[],,"['51388', '52336', '51381']","[0.6304061412811279, 0.6038202047348022, 0.5972172617912292]","['description', 'description', 'title_description']"
瑞字属于五行属什么,['51386'],[],merged,1,0,[],,['51381'],[0.5423126816749573],['title_description']
瑞字属于五行属什么,['51386'],[],merged,3,0,[],,"['51381', '51388', '51382']","[0.5423126816749573, 0.5162040591239929, 0.5022042989730835]","['title_description', 'description', 'title_description']"
瓣组词,['51386'],[],merged,1,0,[],,['51382'],[0.5780470967292786],['title_description']
瓣组词,['51386'],[],merged,3,0,[],,"['51382', '51388', '51381']","[0.5780470967292786, 0.5714856386184692, 0.540834903717041]","['title_description', 'description', 'title_description']"
疒字旁怎么读,['51386'],[],merged,1,0,[],,['51382'],[0.47095367312431335],['description']
疒字旁怎么读,['51386'],[],merged,3,0,[],,"['51382', '51381', '51388']","[0.47095367312431335, 0.4700522720813751, 0.4556559920310974]","['description', 'title_description', 'description']"
的四字词语,['51386'],[],merged,1,0,[],,['51387'],[0.6479685306549072],['title_description']
的四字词语,['51386'],[],merged,3,1,['51386'],2.0,"['51387', '51386', '52336']","[0.6479685306549072, 0.5726437568664551, 0.56462162733078]","['title_description', 'title_description', 'title_description']"
的多音字组词,['51386'],[],merged,1,0,[],,['51382'],[0.7260884642601013],['description']
的多音字组词,['51386'],[],merged,3,1,['51386'],3.0,"['51382', '51381', '51386']","[0.7260884642601013, 0.640770435333252, 0.6286827325820923]","['description', 'description', 'description']"
的拼音,['51386'],[],merged,1,0,[],,['51388'],[0.7404969930648804],['description']
的拼音,['51386'],[],merged,3,0,[],,"['51388', '51381', '51382']","[0.7404969930648804, 0.7310026288032532, 0.6809340715408325]","['description', 'description', 'title_description']"
的笔顺,['51386'],[],merged,1,0,[],,['51382'],[0.6642277240753174],['title_description']
的笔顺,['51386'],[],merged,3,0,[],,"['51382', '51381', '51388']","[0.6642277240753174, 0.5984981656074524, 0.5738192796707153]","['title_description', 'description', 'description']"
的组词,['51386'],[],merged,1,0,[],,['51382'],[0.6771560907363892],['title_description']
的组词,['51386'],[],merged,3,0,[],,"['51382', '51381', '51387']","[0.6771560907363892, 0.6298709511756897, 0.6275032758712769]","['title_description', 'title_description', 'title_description']"
的部首,['51386'],[],merged,1,0,[],,['51381'],[0.6479219198226929],['title_description']
的部首,['51386'],[],merged,3,0,[],,"['51381', '51382', '51388']","[0.6479219198226929, 0.6366100311279297, 0.6289211511611938]","['title_description', 'title_description', 'description']"
盛什么意思,['51386'],[],merged,1,0,[],,['51388'],[0.6252727508544922],['description']
盛什么意思,['51386'],[],merged,3,0,[],,"['51388', '52336', '51381']","[0.6252727508544922, 0.5982227325439453, 0.580579936504364]","['description', 'description', 'title_description']"
着五笔怎么打,['51386'],[],merged,1,0,[],,['51388'],[0.6191418766975403],['description']
着五笔怎么打,['51386'],[],merged,3,0,[],,"['51388', '51381', '51382']","[0.6191418766975403, 0.6004955768585205, 0.5989755988121033]","['description', 'title_description', 'title_description']"
祭怎么读,['51386'],[],merged,1,0,[],,['51388'],[0.4684979319572449],['description']
祭怎么读,['51386'],[],merged,3,0,[],,"['51388', '52524', '51323']","[0.4684979319572449, 0.4604209065437317, 0.45768290758132935]","['description', 'description', 'description']"
秾的意思,['51386'],[],merged,1,0,[],,['51388'],[0.5533387660980225],['description']
秾的意思,['51386'],[],merged,3,1,['51386'],3.0,"['51388', '52336', '51386']","[0.5533387660980225, 0.5392993092536926, 0.5302174091339111]","['description', 'description', 'title_description']"
究的拼音,['51386'],[],merged,1,0,[],,['51388'],[0.6130551099777222],['description']
究的拼音,['51386'],[],merged,3,0,[],,"['51388', '51381', '51377']","[0.6130551099777222, 0.5960620045661926, 0.5682367086410522]","['description', 'title_description', 'description']"
第是什么意思,['51386'],[],merged,1,0,[],,['51388'],[0.6801035404205322],['description']
第是什么意思,['51386'],[],merged,3,0,[],,"['51388', '51381', '52336']","[0.6801035404205322, 0.6344901323318481, 0.6214439868927002]","['description', 'title_description', 'description']"
綝怎么读,['51386'],[],merged,1,0,[],,['51388'],[0.5110265612602234],['description']
綝怎么读,['51386'],[],merged,3,0,[],,"['51388', '51381', '52524']","[0.5110265612602234, 0.510495662689209, 0.4955468773841858]","['description', 'title_description', 'description']"
结几画,['51386'],[],merged,1,0,[],,['51382'],[0.6269009113311768],['title_description']
结几画,['51386'],[],merged,3,0,[],,"['51382', '51381', '51388']","[0.6269009113311768, 0.6154465675354004, 0.6072975993156433]","['title_description', 'title_description', 'description']"
缝的笔顺,['51386'],[],merged,1,0,[],,['51382'],[0.5469061136245728],['title_description']
缝的笔顺,['51386'],[],merged,3,0,[],,"['51382', '51381', '51388']","[0.5469061136245728, 0.5078579783439636, 0.4966028928756714]","['title_description', 'description', 'description']"
缪怎么读,['51386'],[],merged,1,0,[],,['51388'],[0.5403059124946594],['description']
缪怎么读,['51386'],[],merged,3,0,[],,"['51388', '51382', '51381']","[0.5403059124946594, 0.533812403678894, 0.5270464420318604]","['description', 'description', 'title_description']"
耶的组词,['51386'],[],merged,1,0,[],,['51382'],[0.545202374458313],['title_description']
耶的组词,['51386'],[],merged,3,0,[],,"['51382', '51387', '51381']","[0.545202374458313, 0.5313327312469482, 0.5293130278587341]","['title_description', 'title_description', 'title_description']"
聆怎么读,['51386'],[],merged,1,0,[],,['52524'],[0.5113346576690674],['description']
聆怎么读,['51386'],[],merged,3,0,[],,"['52524', '51381', '51388']","[0.5113346576690674, 0.5076152682304382, 0.5060417652130127]","['description', 'description', 'description']"
肝组词,['51386'],[],merged,1,0,[],,['51382'],[0.5930429100990295],['title_description']
肝组词,['51386'],[],merged,3,0,[],,"['51382', '51381', '51388']","[0.5930429100990295, 0.5907212495803833, 0.5691116452217102]","['title_description', 'title_description', 'description']"
胤什么意思,['51386'],[],merged,1,0,[],,['51388'],[0.6122057437896729],['description']
胤什么意思,['51386'],[],merged,3,0,[],,"['51388', '52336', '51381']","[0.6122057437896729, 0.5922095775604248, 0.5728504061698914]","['description', 'description', 'title_description']"
脏的笔顺,['51386'],[],merged,1,0,[],,['51382'],[0.5352052450180054],['title_description']
脏的笔顺,['51386'],[],merged,3,0,[],,"['51382', '51381', '51388']","[0.5352052450180054, 0.4894115924835205, 0.4825498163700104]","['title_description', 'description', 'description']"
脑的笔画,['51386'],[],merged,1,0,[],,['51382'],[0.5355504155158997],['title_description']
脑的笔画,['51386'],[],merged,3,0,[],,"['51382', '51380', '51381']","[0.5355504155158997, 0.48718658089637756, 0.4858343303203583]","['title_description', 'description', 'description']"
臭的拼音,['51386'],[],merged,1,0,[],,['51388'],[0.5746555328369141],['description']
臭的拼音,['51386'],[],merged,3,0,[],,"['51388', '51381', '51382']","[0.5746555328369141, 0.57140052318573, 0.5265767574310303]","['description', 'title_description', 'description']"
艽的意思,['51386'],[],merged,1,0,[],,['51388'],[0.5956001877784729],['title_description']
艽的意思,['51386'],[],merged,3,0,[],,"['51388', '52336', '51381']","[0.5956001877784729, 0.5663944482803345, 0.5616424083709717]","['title_description', 'title_description', 'title_description']"
菉部首,['51386'],[],merged,1,0,[],,['51382'],[0.5541180372238159],['title_description']
菉部首,['51386'],[],merged,3,0,[],,"['51382', '51381', '51388']","[0.5541180372238159, 0.5482432842254639, 0.5324324369430542]","['title_description', 'title_description', 'description']"
萦的意思,['51386'],[],merged,1,0,[],,['51388'],[0.5959997177124023],['description']
萦的意思,['51386'],[],merged,3,0,[],,"['51388', '51381', '52336']","[0.5959997177124023, 0.5863441228866577, 0.5599644184112549]","['description', 'title_description', 'description']"
虔怎么读音,['51386'],[],merged,1,0,[],,['51388'],[0.5100415945053101],['title_description']
虔怎么读音,['51386'],[],merged,3,0,[],,"['51388', '51381', '51377']","[0.5100415945053101, 0.49290138483047485, 0.4925602674484253]","['title_description', 'title_description', 'description']"
螃笔顺,['51386'],[],merged,1,0,[],,['51388'],[0.5420357584953308],['description']
螃笔顺,['51386'],[],merged,3,0,[],,"['51388', '51382', '51381']","[0.5420357584953308, 0.5260207653045654, 0.5101552605628967]","['description', 'title_description', 'title_description']"
蠹的拼音,['51386'],[],merged,1,0,[],,['51388'],[0.5697994232177734],['description']
蠹的拼音,['51386'],[],merged,3,0,[],,"['51388', '51381', '51382']","[0.5697994232177734, 0.5456966757774353, 0.5259218215942383]","['description', 'title_description', 'description']"
谒怎么读音,['51386'],[],merged,1,0,[],,['51388'],[0.5151164531707764],['title_description']
谒怎么读音,['51386'],[],merged,3,0,[],,"['51388', '51381', '52336']","[0.5151164531707764, 0.500424861907959, 0.4885265529155731]","['title_description', 'title_description', 'title_description']"
贼的笔顺,['51386'],[],merged,1,0,[],,['51382'],[0.5210815668106079],['title_description']
贼的笔顺,['51386'],[],merged,3,0,[],,"['51382', '51381', '51388']","[0.5210815668106079, 0.47047191858291626, 0.4630853831768036]","['title_description', 'description', 'description']"
这的反义词,['51386'],[],merged,1,0,[],,['51388'],[0.6962270736694336],['title_description']
这的反义词,['51386'],[],merged,3,1,['51386'],2.0,"['51388', '51386', '52336']","[0.6962270736694336, 0.6540672183036804, 0.6350564360618591]","['title_description', 'title_description', 'description']"
这读音,['51386'],[],merged,1,0,[],,['51381'],[0.7129338979721069],['title_description']
这读音,['51386'],[],merged,3,0,[],,"['51381', '51388', '51377']","[0.7129338979721069, 0.7046599388122559, 0.6803277730941772]","['title_description', 'description', 'description']"
邓组词,['51386'],[],merged,1,0,[],,['51382'],[0.5634479522705078],['description']
邓组词,['51386'],[],merged,3,0,[],,"['51382', '51381', '51388']","[0.5634479522705078, 0.5182031393051147, 0.5037234425544739]","['description', 'title_description', 'description']"
邵的拼音,['51386'],[],merged,1,0,[],,['51381'],[0.5696351528167725],['description']
邵的拼音,['51386'],[],merged,3,0,[],,"['51381', '51388', '51382']","[0.5696351528167725, 0.5564128160476685, 0.5441699028015137]","['description', 'description', 'description']"
邹的读音,['51386'],[],merged,1,0,[],,['51381'],[0.5408502221107483],['title_description']
邹的读音,['51386'],[],merged,3,0,[],,"['51381', '51388', '51382']","[0.5408502221107483, 0.5135273933410645, 0.5108309984207153]","['title_description', 'description', 'description']"
郡怎么读音,['51386'],[],merged,1,0,[],,['51381'],[0.4999192953109741],['description']
郡怎么读音,['51386'],[],merged,3,0,[],,"['51381', '52524', '51388']","[0.4999192953109741, 0.48021602630615234, 0.47774961590766907]","['description', 'description', 'description']"
鄂是怎么读,['51386'],[],merged,1,0,[],,['52336'],[0.4941712021827698],['title_description']
鄂是怎么读,['51386'],[],merged,3,0,[],,"['52336', '51381', '52524']","[0.4941712021827698, 0.4937397837638855, 0.4850539565086365]","['title_description', 'title_description', 'description']"
鍪的意思,['51386'],[],merged,1,0,[],,['51388'],[0.5498597025871277],['description']
鍪的意思,['51386'],[],merged,3,0,[],,"['51388', '52523', '51381']","[0.5498597025871277, 0.5338813066482544, 0.531259298324585]","['description', 'description', 'title_description']"
钗的意思,['51386'],[],merged,1,0,[],,['51388'],[0.5955231785774231],['description']
钗的意思,['51386'],[],merged,3,0,[],,"['51388', '51381', '52336']","[0.5955231785774231, 0.5721726417541504, 0.5604090690612793]","['description', 'title_description', 'title_description']"
闲的拼音,['51386'],[],merged,1,0,[],,['51388'],[0.6209630966186523],['description']
闲的拼音,['51386'],[],merged,3,0,[],,"['51388', '51381', '52336']","[0.6209630966186523, 0.597235918045044, 0.5708238482475281]","['description', 'title_description', 'description']"
陉怎么读,['51386'],[],merged,1,0,[],,['51388'],[0.49871349334716797],['description']
陉怎么读,['51386'],[],merged,3,0,[],,"['51388', '51381', '52336']","[0.49871349334716797, 0.4974510669708252, 0.48621928691864014]","['description', 'title_description', 'description']"
霂的意思,['51386'],[],merged,1,0,[],,['51388'],[0.5843985676765442],['description']
霂的意思,['51386'],[],merged,3,0,[],,"['51388', '51381', '51382']","[0.5843985676765442, 0.5679640769958496, 0.5470700860023499]","['description', 'title_description', 'title_description']"
霖怎么读,['51386'],[],merged,1,0,[],,['51381'],[0.5074665546417236],['title_description']
霖怎么读,['51386'],[],merged,3,0,[],,"['51381', '51377', '51388']","[0.5074665546417236, 0.4997044801712036, 0.4993690550327301]","['title_description', 'description', 'description']"
靱怎么读,['51386'],[],merged,1,0,[],,['51381'],[0.49888163805007935],['title_description']
靱怎么读,['51386'],[],merged,3,0,[],,"['51381', '51388', '51382']","[0.49888163805007935, 0.4860817790031433, 0.48447149991989136]","['title_description', 'description', 'description']"
鞋组词,['51386'],[],merged,1,0,[],,['51382'],[0.5391578674316406],['title_description']
鞋组词,['51386'],[],merged,3,0,[],,"['51382', '51388', '51381']","[0.5391578674316406, 0.519831657409668, 0.5131754875183105]","['title_description', 'description', 'title_description']"
颦的意思,['51386'],[],merged,1,0,[],,['51388'],[0.5775008797645569],['description']
颦的意思,['51386'],[],merged,3,0,[],,"['51388', '52336', '51381']","[0.5775008797645569, 0.5260525345802307, 0.5207090973854065]","['description', 'description', 'description']"
鹳拼音,['51386'],[],merged,1,0,[],,['51381'],[0.5652393698692322],['description']
鹳拼音,['51386'],[],merged,3,0,[],,"['51381', '51388', '51377']","[0.5652393698692322, 0.553264319896698, 0.5335918664932251]","['description', 'description', 'description']"
麓的意思,['51386'],[],merged,1,0,[],,['51388'],[0.6258072853088379],['description']
麓的意思,['51386'],[],merged,3,0,[],,"['51388', '51381', '52336']","[0.6258072853088379, 0.5921638011932373, 0.5847676992416382]","['description', 'title_description', 'title_description']"
黍怎么读,['51386'],[],merged,1,0,[],,['51381'],[0.5022937655448914],['description']
黍怎么读,['51386'],[],merged,3,0,[],,"['51381', '51382', '51388']","[0.5022937655448914, 0.4946087598800659, 0.4919256865978241]","['description', 'description', 'description']"
串怎么读,['51386'],[],title_description,1,0,[],,['51381'],[0.5169401168823242],['title_description']
串怎么读,['51386'],[],title_description,3,0,[],,"['51381', '51382', '51388']","[0.5169401168823242, 0.5026648044586182, 0.5025529265403748]","['title_description', 'title_description', 'title_description']"
习怎么写,['51386'],[],title_description,1,0,[],,['51382'],[0.5509859323501587],['title_description']
习怎么写,['51386'],[],title_description,3,0,[],,"['51382', '51388', '51381']","[0.5509859323501587, 0.5350425839424133, 0.5276467800140381]","['title_description', 'title_description', 'title_description']"
了字怎么写,['51386'],[],title_description,1,0,[],,['51382'],[0.6528482437133789],['title_description']
了字怎么写,['51386'],[],title_description,3,0,[],,"['51382', '51381', '51388']","[0.6528482437133789, 0.6432250738143921, 0.5943291783332825]","['title_description', 'title_description', 'title_description']"
了有几个读音,['51386'],[],title_description,1,0,[],,['51388'],[0.6008729934692383],['title_description']
了有几个读音,['51386'],[],title_description,3,0,[],,"['51388', '51381', '51382']","[0.6008729934692383, 0.5896726846694946, 0.5677852630615234]","['title_description', 'title_description', 'title_description']"
仓字五笔怎么打,['51386'],[],title_description,1,0,[],,['51382'],[0.5735331773757935],['title_description']
仓字五笔怎么打,['51386'],[],title_description,3,0,[],,"['51382', '51381', '51388']","[0.5735331773757935, 0.5604677200317383, 0.5542829632759094]","['title_description', 'title_description', 'title_description']"
任的笔画顺序,['51386'],[],title_description,1,0,[],,['51382'],[0.6101011037826538],['title_description']
任的笔画顺序,['51386'],[],title_description,3,0,[],,"['51382', '51381', '51388']","[0.6101011037826538, 0.5719823837280273, 0.5371769070625305]","['title_description', 'title_description', 'title_description']"
俐的拼音,['51386'],[],title_description,1,0,[],,['51381'],[0.6099600195884705],['title_description']
俐的拼音,['51386'],[],title_description,3,0,[],,"['51381', '51388', '51382']","[0.6099600195884705, 0.6072468757629395, 0.5698981285095215]","['title_description', 'title_description', 'title_description']"
儒拼音,['51386'],[],title_description,1,0,[],,['51381'],[0.6520185470581055],['title_description']
儒拼音,['51386'],[],title_description,3,0,[],,"['51381', '51388', '51382']","[0.6520185470581055, 0.6255831718444824, 0.6039605140686035]","['title_description', 'title_description', 'title_description']"
儿的组词,['51386'],[],title_description,1,0,[],,['51382'],[0.5854285955429077],['title_description']
儿的组词,['51386'],[],title_description,3,0,[],,"['51382', '51381', '51387']","[0.5854285955429077, 0.5605961084365845, 0.547966480255127]","['title_description', 'title_description', 'title_description']"
函的意思,['51386'],[],title_description,1,0,[],,['51388'],[0.5747838020324707],['title_description']
函的意思,['51386'],[],title_description,3,0,[],,"['51388', '51381', '52336']","[0.5747838020324707, 0.5579119920730591, 0.5230785608291626]","['title_description', 'title_description', 'title_description']"
则的拼音,['51386'],[],title_description,1,0,[],,['51388'],[0.6131652593612671],['title_description']
则的拼音,['51386'],[],title_description,3,0,[],,"['51388', '51381', '51382']","[0.6131652593612671, 0.5922079086303711, 0.5780202746391296]","['title_description', 'title_description', 'title_description']"
力笔画,['51386'],[],title_description,1,0,[],,['51382'],[0.5508075952529907],['title_description']
力笔画,['51386'],[],title_description,3,0,[],,"['51382', '51381', '51388']","[0.5508075952529907, 0.5296913385391235, 0.5158228278160095]","['title_description', 'title_description', 'title_description']"
劼怎么读,['51386'],[],title_description,1,0,[],,['51388'],[0.5184807777404785],['title_description']
劼怎么读,['51386'],[],title_description,3,0,[],,"['51388', '51381', '52336']","[0.5184807777404785, 0.506619930267334, 0.5054683685302734]","['title_description', 'title_description', 'title_description']"
呈五行属什么,['51386'],[],title_description,1,0,[],,['51381'],[0.6362389922142029],['title_description']
呈五行属什么,['51386'],[],title_description,3,0,[],,"['51381', '51388', '51382']","[0.6362389922142029, 0.6023731231689453, 0.5826818943023682]","['title_description', 'title_description', 'title_description']"
咏字五行属什么,['51386'],[],title_description,1,0,[],,['51381'],[0.618742823600769],['title_description']
咏字五行属什么,['51386'],[],title_description,3,0,[],,"['51381', '51382', '51388']","[0.618742823600769, 0.5882214307785034, 0.5750614404678345]","['title_description', 'title_description', 'title_description']"
喝的笔画,['51386'],[],title_description,1,0,[],,['51382'],[0.5450738668441772],['title_description']
喝的笔画,['51386'],[],title_description,3,0,[],,"['51382', '51381', '51388']","[0.5450738668441772, 0.5300993919372559, 0.5090734362602234]","['title_description', 'title_description', 'title_description']"
喾读什么,['51386'],[],title_description,1,0,[],,['51381'],[0.5320762991905212],['title_description']
喾读什么,['51386'],[],title_description,3,0,[],,"['51381', '51388', '52336']","[0.5320762991905212, 0.5204461216926575, 0.517237663269043]","['title_description', 'title_description', 'title_description']"
嗯的读音,['51386'],[],title_description,1,0,[],,['51381'],[0.5677310228347778],['title_description']
嗯的读音,['51386'],[],title_description,3,0,[],,"['51381', '51388', '51382']","[0.5677310228347778, 0.5430141091346741, 0.5108652114868164]","['title_description', 'title_description', 'title_description']"
土的笔顺组词,['51386'],[],title_description,1,0,[],,['51382'],[0.6313479542732239],['title_description']
土的笔顺组词,['51386'],[],title_description,3,0,[],,"['51382', '51381', '51388']","[0.6313479542732239, 0.563370943069458, 0.5362072587013245]","['title_description', 'title_description', 'title_description']"
在字五行属什么,['51386'],[],title_description,1,0,[],,['51381'],[0.6594635248184204],['title_description']
在字五行属什么,['51386'],[],title_description,3,0,[],,"['51381', '51382', '51388']","[0.6594635248184204, 0.6174924969673157, 0.6048717498779297]","['title_description', 'title_description', 'title_description']"
坏的笔画顺序,['51386'],[],title_description,1,0,[],,['51382'],[0.5704253911972046],['title_description']
坏的笔画顺序,['51386'],[],title_description,3,0,[],,"['51382', '51381', '51388']","[0.5704253911972046, 0.5173744559288025, 0.5114802122116089]","['title_description', 'title_description', 'title_description']"
垚这个字念什么,['51386'],[],title_description,1,0,[],,['51381'],[0.5487022399902344],['title_description']
垚这个字念什么,['51386'],[],title_description,3,0,[],,"['51381', '51388', '51382']","[0.5487022399902344, 0.5191100239753723, 0.5124313831329346]","['title_description', 'title_description', 'title_description']"
垟怎么读,['51386'],[],title_description,1,0,[],,['51388'],[0.5244843363761902],['title_description']
垟怎么读,['51386'],[],title_description,3,0,[],,"['51388', '51381', '51382']","[0.5244843363761902, 0.5191987752914429, 0.5186740756034851]","['title_description', 'title_description', 'title_description']"
埭读音,['51386'],[],title_description,1,0,[],,['51388'],[0.5382257103919983],['title_description']
埭读音,['51386'],[],title_description,3,0,[],,"['51388', '51381', '51382']","[0.5382257103919983, 0.5227793455123901, 0.5086190104484558]","['title_description', 'title_description', 'title_description']"
埵的读音,['51386'],[],title_description,1,0,[],,['51388'],[0.5122436285018921],['title_description']
埵的读音,['51386'],[],title_description,3,0,[],,"['51388', '51381', '51382']","[0.5122436285018921, 0.5100439786911011, 0.49029380083084106]","['title_description', 'title_description', 'title_description']"
夙组词,['51386'],[],title_description,1,0,[],,['51382'],[0.5470330119132996],['title_description']
夙组词,['51386'],[],title_description,3,0,[],,"['51382', '51381', '51388']","[0.5470330119132996, 0.5295199155807495, 0.5142044425010681]","['title_description', 'title_description', 'title_description']"
妤读什么,['51386'],[],title_description,1,0,[],,['51381'],[0.5724643468856812],['title_description']
妤读什么,['51386'],[],title_description,3,0,[],,"['51381', '51388', '51382']","[0.5724643468856812, 0.5602220296859741, 0.5390093326568604]","['title_description', 'title_description', 'title_description']"
妥怎么读音,['51386'],[],title_description,1,0,[],,['51388'],[0.5264930129051208],['title_description']
妥怎么读音,['51386'],[],title_description,3,0,[],,"['51388', '51381', '51382']","[0.5264930129051208, 0.5240357518196106, 0.516698956489563]","['title_description', 'title_description', 'title_description']"
字的繁体,['51386'],[],title_description,1,0,[],,['51382'],[0.7082163691520691],['title_description']
字的繁体,['51386'],[],title_description,3,0,[],,"['51382', '51381', '51388']","[0.7082163691520691, 0.6919976472854614, 0.6704463958740234]","['title_description', 'title_description', 'title_description']"
孜字五行属什么,['51386'],[],title_description,1,0,[],,['51381'],[0.6036674976348877],['title_description']
孜字五行属什么,['51386'],[],title_description,3,0,[],,"['51381', '51382', '51388']","[0.6036674976348877, 0.5730546712875366, 0.5588509440422058]","['title_description', 'title_description', 'title_description']"
守组词,['51386'],[],title_description,1,0,[],,['51382'],[0.5232632756233215],['title_description']
守组词,['51386'],[],title_description,3,0,[],,"['51382', '51388', '51381']","[0.5232632756233215, 0.5024766325950623, 0.49632781744003296]","['title_description', 'title_description', 'title_description']"
寒笔顺,['51386'],[],title_description,1,0,[],,['51382'],[0.5474116206169128],['title_description']
寒笔顺,['51386'],[],title_description,3,0,[],,"['51382', '51381', '51388']","[0.5474116206169128, 0.5152215361595154, 0.4902501106262207]","['title_description', 'title_description', 'title_description']"
尕读音怎么读,['51386'],[],title_description,1,0,[],,['51381'],[0.5062362551689148],['title_description']
尕读音怎么读,['51386'],[],title_description,3,0,[],,"['51381', '51388', '51382']","[0.5062362551689148, 0.5006591081619263, 0.47988584637641907]","['title_description', 'title_description', 'title_description']"
屵字怎么读,['51386'],[],title_description,1,0,[],,['51381'],[0.5284498929977417],['title_description']
屵字怎么读,['51386'],[],title_description,3,0,[],,"['51381', '51382', '51388']","[0.5284498929977417, 0.5173628926277161, 0.5148377418518066]","['title_description', 'title_description', 'title_description']"
已怎么读音,['51386'],[],title_description,1,0,[],,['51381'],[0.5949445962905884],['title_description']
已怎么读音,['51386'],[],title_description,3,0,[],,"['51381', '51388', '52336']","[0.5949445962905884, 0.5852199792861938, 0.5674130320549011]","['title_description', 'title_description', 'title_description']"
已能组什么词,['51386'],[],title_description,1,0,[],,['51382'],[0.6259336471557617],['title_description']
已能组什么词,['51386'],[],title_description,3,1,['51386'],3.0,"['51382', '51387', '51386']","[0.6259336471557617, 0.6152905225753784, 0.6003807783126831]","['title_description', 'title_description', 'title_description']"
弢字的意思,['51386'],[],title_description,1,0,[],,['51381'],[0.5798300504684448],['title_description']
弢字的意思,['51386'],[],title_description,3,0,[],,"['51381', '51388', '51382']","[0.5798300504684448, 0.5752668380737305, 0.570448637008667]","['title_description', 'title_description', 'title_description']"
径组词,['51386'],[],title_description,1,0,[],,['51382'],[0.5485490560531616],['title_description']
径组词,['51386'],[],title_description,3,0,[],,"['51382', '51388', '51381']","[0.5485490560531616, 0.528611958026886, 0.5218403935432434]","['title_description', 'title_description', 'title_description']"
忘的组词,['51386'],[],title_description,1,0,[],,['51382'],[0.5605582594871521],['title_description']
忘的组词,['51386'],[],title_description,3,0,[],,"['51382', '51388', '51381']","[0.5605582594871521, 0.5432003140449524, 0.5341358184814453]","['title_description', 'title_description', 'title_description']"
急的笔顺,['51386'],[],title_description,1,0,[],,['51382'],[0.558208703994751],['title_description']
急的笔顺,['51386'],[],title_description,3,0,[],,"['51382', '51381', '51388']","[0.558208703994751, 0.5140313506126404, 0.4995018541812897]","['title_description', 'title_description', 'title_description']"
恩的读音,['51386'],[],title_description,1,0,[],,['51381'],[0.5780364274978638],['title_description']
恩的读音,['51386'],[],title_description,3,0,[],,"['51381', '51388', '51382']","[0.5780364274978638, 0.565632700920105, 0.5344938635826111]","['title_description', 'title_description', 'title_description']"
悟的组词,['51386'],[],title_description,1,0,[],,['51382'],[0.5810725092887878],['title_description']
悟的组词,['51386'],[],title_description,3,0,[],,"['51382', '51388', '51381']","[0.5810725092887878, 0.567814826965332, 0.5607288479804993]","['title_description', 'title_description', 'title_description']"
慌的组词,['51386'],[],title_description,1,0,[],,['51382'],[0.5499635934829712],['title_description']
慌的组词,['51386'],[],title_description,3,0,[],,"['51382', '51381', '51388']","[0.5499635934829712, 0.514980673789978, 0.5131222009658813]","['title_description', 'title_description', 'title_description']"
憇怎么读,['51386'],[],title_description,1,0,[],,['51388'],[0.5184407830238342],['title_description']
憇怎么读,['51386'],[],title_description,3,0,[],,"['51388', '51381', '52336']","[0.5184407830238342, 0.5182453989982605, 0.5143688917160034]","['title_description', 'title_description', 'title_description']"
扶的读音,['51386'],[],title_description,1,0,[],,['51381'],[0.575924277305603],['title_description']
扶的读音,['51386'],[],title_description,3,0,[],,"['51381', '51388', '51382']","[0.575924277305603, 0.5728683471679688, 0.5507891178131104]","['title_description', 'title_description', 'title_description']"
承的笔顺,['51386'],[],title_description,1,0,[],,['51382'],[0.5820394158363342],['title_description']
承的笔顺,['51386'],[],title_description,3,0,[],,"['51382', '51381', '51388']","[0.5820394158363342, 0.5405186414718628, 0.5168541073799133]","['title_description', 'title_description', 'title_description']"
披的意思,['51386'],[],title_description,1,0,[],,['51388'],[0.6068136692047119],['title_description']
披的意思,['51386'],[],title_description,3,0,[],,"['51388', '51381', '51382']","[0.6068136692047119, 0.5643069744110107, 0.5518026351928711]","['title_description', 'title_description', 'title_description']"
拨的意思,['51386'],[],title_description,1,0,[],,['51388'],[0.6851399540901184],['title_description']
拨的意思,['51386'],[],title_description,3,0,[],,"['51388', '51381', '51382']","[0.6851399540901184, 0.6428892612457275, 0.6233323812484741]","['title_description', 'title_description', 'title_description']"
拾字五行属什么,['51386'],[],title_description,1,0,[],,['51381'],[0.6252266764640808],['title_description']
拾字五行属什么,['51386'],[],title_description,3,0,[],,"['51381', '51382', '51388']","[0.6252266764640808, 0.5953757166862488, 0.5907580852508545]","['title_description', 'title_description', 'title_description']"
揭怎么组词,['51386'],[],title_description,1,0,[],,['51382'],[0.5235768556594849],['title_description']
揭怎么组词,['51386'],[],title_description,3,1,['51386'],3.0,"['51382', '51388', '51386']","[0.5235768556594849, 0.5131649971008301, 0.5108371376991272]","['title_description', 'title_description', 'title_description']"
搭的拼音,['51386'],[],title_description,1,0,[],,['51381'],[0.5740134716033936],['title_description']
搭的拼音,['51386'],[],title_description,3,0,[],,"['51381', '51388', '51382']","[0.5740134716033936, 0.5649212598800659, 0.5592415928840637]","['title_description', 'title_description', 'title_description']"
摝怎么读,['51386'],[],title_description,1,0,[],,['51381'],[0.5059511661529541],['title_description']
摝怎么读,['51386'],[],title_description,3,0,[],,"['51381', '51382', '51388']","[0.5059511661529541, 0.5051560401916504, 0.5049560070037842]","['title_description', 'title_description', 'title_description']"
敦怎么读,['51386'],[],title_description,1,0,[],,['51388'],[0.49955272674560547],['title_description']
敦怎么读,['51386'],[],title_description,3,0,[],,"['51388', '51381', '51382']","[0.49955272674560547, 0.4956059455871582, 0.48246803879737854]","['title_description', 'title_description', 'title_description']"
数的笔画顺序正确写法,['51386'],[],title_description,1,0,[],,['51382'],[0.5580537915229797],['title_description']
数的笔画顺序正确写法,['51386'],[],title_description,3,0,[],,"['51382', '51323', '51381']","[0.5580537915229797, 0.5507769584655762, 0.4826218783855438]","['title_description', 'title_description', 'title_description']"
斐怎么读音,['51386'],[],title_description,1,0,[],,['51388'],[0.5578330755233765],['title_description']
斐怎么读音,['51386'],[],title_description,3,0,[],,"['51388', '51381', '51382']","[0.5578330755233765, 0.5399476289749146, 0.529016375541687]","['title_description', 'title_description', 'title_description']"
昊什么意思,['51386'],[],title_description,1,0,[],,['51388'],[0.6034616231918335],['title_description']
昊什么意思,['51386'],[],title_description,3,0,[],,"['51388', '52336', '51381']","[0.6034616231918335, 0.5836236476898193, 0.5802861452102661]","['title_description', 'title_description', 'title_description']"
昕拼音,['51386'],[],title_description,1,0,[],,['51388'],[0.6290926933288574],['title_description']
昕拼音,['51386'],[],title_description,3,0,[],,"['51388', '51381', '51382']","[0.6290926933288574, 0.6263811588287354, 0.5754274129867554]","['title_description', 'title_description', 'title_description']"
朎怎么读,['51386'],[],title_description,1,0,[],,['51388'],[0.4829774498939514],['title_description']
朎怎么读,['51386'],[],title_description,3,0,[],,"['51388', '51382', '51381']","[0.4829774498939514, 0.4800400137901306, 0.47964704036712646]","['title_description', 'title_description', 'title_description']"
梡怎么读,['51386'],[],title_description,1,0,[],,['51388'],[0.5605351328849792],['title_description']
梡怎么读,['51386'],[],title_description,3,0,[],,"['51388', '51381', '51382']","[0.5605351328849792, 0.5358808040618896, 0.5316041707992554]","['title_description', 'title_description', 'title_description']"
棒的笔画,['51386'],[],title_description,1,0,[],,['51382'],[0.5441170334815979],['title_description']
棒的笔画,['51386'],[],title_description,3,0,[],,"['51382', '51388', '51381']","[0.5441170334815979, 0.504288911819458, 0.4976766109466553]","['title_description', 'title_description', 'title_description']"
棕的拼音,['51386'],[],title_description,1,0,[],,['51388'],[0.589002788066864],['title_description']
棕的拼音,['51386'],[],title_description,3,0,[],,"['51388', '51381', '51382']","[0.589002788066864, 0.5887202024459839, 0.5488849878311157]","['title_description', 'title_description', 'title_description']"
楠怎么读,['51386'],[],title_description,1,0,[],,['51381'],[0.5463029742240906],['title_description']
楠怎么读,['51386'],[],title_description,3,0,[],,"['51381', '51388', '51382']","[0.5463029742240906, 0.5364331007003784, 0.5245792865753174]","['title_description', 'title_description', 'title_description']"
楸是什么意思,['51386'],[],title_description,1,0,[],,['51388'],[0.5697509050369263],['title_description']
楸是什么意思,['51386'],[],title_description,3,0,[],,"['51388', '52336', '51381']","[0.5697509050369263, 0.5350502729415894, 0.5254021883010864]","['title_description', 'title_description', 'title_description']"
榖的拼音,['51386'],[],title_description,1,0,[],,['51381'],[0.6021014451980591],['title_description']
榖的拼音,['51386'],[],title_description,3,0,[],,"['51381', '51388', '51382']","[0.6021014451980591, 0.5933690071105957, 0.5725634694099426]","['title_description', 'title_description', 'title_description']"
河字笔顺,['51386'],[],title_description,1,0,[],,['51382'],[0.6121131181716919],['title_description']
河字笔顺,['51386'],[],title_description,3,0,[],,"['51382', '51381', '51380']","[0.6121131181716919, 0.564384937286377, 0.5260145664215088]","['title_description', 'title_description', 'title_description']"
泠 组词,['51386'],[],title_description,1,0,[],,['51382'],[0.5194613337516785],['title_description']
泠 组词,['51386'],[],title_description,3,1,['51386'],3.0,"['51382', '51381', '51386']","[0.5194613337516785, 0.5111785531044006, 0.49154841899871826]","['title_description', 'title_description', 'title_description']"
泯是什么意思,['51386'],[],title_description,1,0,[],,['51388'],[0.5355568528175354],['title_description']
泯是什么意思,['51386'],[],title_description,3,0,[],,"['51388', '51381', '52336']","[0.5355568528175354, 0.4949941635131836, 0.4913138747215271]","['title_description', 'title_description', 'title_description']"
洄字怎么读,['51386'],[],title_description,1,0,[],,['51381'],[0.5623252391815186],['title_description']
洄字怎么读,['51386'],[],title_description,3,0,[],,"['51381', '51382', '51388']","[0.5623252391815186, 0.5444783568382263, 0.542070209980011]","['title_description', 'title_description', 'title_description']"
涵笔画,['51386'],[],title_description,1,0,[],,['51382'],[0.5931201577186584],['title_description']
涵笔画,['51386'],[],title_description,3,0,[],,"['51382', '51381', '51388']","[0.5931201577186584, 0.5929378271102905, 0.5631765127182007]","['title_description', 'title_description', 'title_description']"
溉的笔顺,['51386'],[],title_description,1,0,[],,['51382'],[0.566788375377655],['title_description']
溉的笔顺,['51386'],[],title_description,3,0,[],,"['51382', '51381', '51323']","[0.566788375377655, 0.4944759011268616, 0.4846804141998291]","['title_description', 'title_description', 'title_description']"
溥怎么读音,['51386'],[],title_description,1,0,[],,['51381'],[0.5808959603309631],['title_description']
溥怎么读音,['51386'],[],title_description,3,0,[],,"['51381', '51388', '51382']","[0.5808959603309631, 0.5777689218521118, 0.5609511137008667]","['title_description', 'title_description', 'title_description']"
澈怎么读音,['51386'],[],title_description,1,0,[],,['51381'],[0.5258444547653198],['title_description']
澈怎么读音,['51386'],[],title_description,3,0,[],,"['51381', '51388', '52336']","[0.5258444547653198, 0.5163008570671082, 0.5102656483650208]","['title_description', 'title_description', 'title_description']"
瀹字怎么读,['51386'],[],title_description,1,0,[],,['51381'],[0.584962785243988],['title_description']
瀹字怎么读,['51386'],[],title_description,3,0,[],,"['51381', '51382', '51388']","[0.584962785243988, 0.566361129283905, 0.5645228624343872]","['title_description', 'title_description', 'title_description']"
炜怎么读,['51386'],[],title_description,1,0,[],,['51388'],[0.5526872873306274],['title_description']
炜怎么读,['51386'],[],title_description,3,0,[],,"['51388', '51381', '51382']","[0.5526872873306274, 0.5383768081665039, 0.5263627767562866]","['title_description', 'title_description', 'title_description']"
烅怎么读,['51386'],[],title_description,1,0,[],,['51388'],[0.4998522400856018],['title_description']
烅怎么读,['51386'],[],title_description,3,0,[],,"['51388', '51381', '51382']","[0.4998522400856018, 0.49595725536346436, 0.4779132306575775]","['title_description', 'title_description', 'title_description']"
烨字的意思,['51386'],[],title_description,1,0,[],,['51388'],[0.5947954058647156],['title_description']
烨字的意思,['51386'],[],title_description,3,0,[],,"['51388', '51381', '51382']","[0.5947954058647156, 0.5771654844284058, 0.5619000792503357]","['title_description', 'title_description', 'title_description']"
燊字怎么读,['51386'],[],title_description,1,0,[],,['51381'],[0.5893771052360535],['title_description']
燊字怎么读,['51386'],[],title_description,3,0,[],,"['51381', '51382', '51388']","[0.5893771052360535, 0.5527811050415039, 0.5517950057983398]","['title_description', 'title_description', 'title_description']"
猷组词,['51386'],[],title_description,1,0,[],,['51382'],[0.58809494972229],['title_description']
猷组词,['51386'],[],title_description,3,0,[],,"['51382', '51381', '51388']","[0.58809494972229, 0.5760603547096252, 0.5576974749565125]","['title_description', 'title_description', 'title_description']"
玺字五行属什么,['51386'],[],title_description,1,0,[],,['51381'],[0.5715756416320801],['title_description']
玺字五行属什么,['51386'],[],title_description,3,0,[],,"['51381', '51388', '51382']","[0.5715756416320801, 0.5426021218299866, 0.531097412109375]","['title_description', 'title_description', 'title_description']"
瑛的意思,['51386'],[],title_description,1,0,[],,['51388'],[0.6228554248809814],['title_description']
瑛的意思,['51386'],[],title_description,3,0,[],,"['51388', '51381', '52336']","[0.6228554248809814, 0.5972172617912292, 0.585389256477356]","['title_description', 'title_description', 'title_description']"
瑞字属于五行属什么,['51386'],[],title_description,1,0,[],,['51381'],[0.5423126816749573],['title_description']
瑞字属于五行属什么,['51386'],[],title_description,3,0,[],,"['51381', '51388', '51382']","[0.5423126816749573, 0.5112079381942749, 0.5022042989730835]","['title_description', 'title_description', 'title_description']"
瓣组词,['51386'],[],title_description,1,0,[],,['51382'],[0.5780470967292786],['title_description']
瓣组词,['51386'],[],title_description,3,0,[],,"['51382', '51388', '51381']","[0.5780470967292786, 0.5681495666503906, 0.540834903717041]","['title_description', 'title_description', 'title_description']"
疒字旁怎么读,['51386'],[],title_description,1,0,[],,['51381'],[0.4700522720813751],['title_description']
疒字旁怎么读,['51386'],[],title_description,3,0,[],,"['51381', '51382', '51388']","[0.4700522720813751, 0.462124764919281, 0.45035839080810547]","['title_description', 'title_description', 'title_description']"
的四字词语,['51386'],[],title_description,1,0,[],,['51387'],[0.6479685306549072],['title_description']
的四字词语,['51386'],[],title_description,3,1,['51386'],2.0,"['51387', '51386', '52336']","[0.6479685306549072, 0.5726437568664551, 0.56462162733078]","['title_description', 'title_description', 'title_description']"
的多音字组词,['51386'],[],title_description,1,0,[],,['51382'],[0.7008369565010071],['title_description']
的多音字组词,['51386'],[],title_description,3,0,[],,"['51382', '51381', '51388']","[0.7008369565010071, 0.635291337966919, 0.624533474445343]","['title_description', 'title_description', 'title_description']"
的拼音,['51386'],[],title_description,1,0,[],,['51388'],[0.7322992086410522],['title_description']
的拼音,['51386'],[],title_description,3,0,[],,"['51388', '51381', '51382']","[0.7322992086410522, 0.7291601896286011, 0.6809340715408325]","['title_description', 'title_description', 'title_description']"
的笔顺,['51386'],[],title_description,1,0,[],,['51382'],[0.6642277240753174],['title_description']
的笔顺,['51386'],[],title_description,3,0,[],,"['51382', '51381', '51388']","[0.6642277240753174, 0.5882361531257629, 0.5682124495506287]","['title_description', 'title_description', 'title_description']"
的组词,['51386'],[],title_description,1,0,[],,['51382'],[0.6771560907363892],['title_description']
的组词,['51386'],[],title_description,3,0,[],,"['51382', '51381', '51387']","[0.6771560907363892, 0.6298709511756897, 0.6275032758712769]","['title_description', 'title_description', 'title_description']"
的部首,['51386'],[],title_description,1,0,[],,['51381'],[0.6479219198226929],['title_description']
的部首,['51386'],[],title_description,3,0,[],,"['51381', '51382', '51388']","[0.6479219198226929, 0.6366100311279297, 0.6144087314605713]","['title_description', 'title_description', 'title_description']"
盛什么意思,['51386'],[],title_description,1,0,[],,['51388'],[0.6227341890335083],['title_description']
盛什么意思,['51386'],[],title_description,3,0,[],,"['51388', '52336', '51381']","[0.6227341890335083, 0.5960158109664917, 0.580579936504364]","['title_description', 'title_description', 'title_description']"
着五笔怎么打,['51386'],[],title_description,1,0,[],,['51388'],[0.6085903644561768],['title_description']
着五笔怎么打,['51386'],[],title_description,3,0,[],,"['51388', '51381', '51382']","[0.6085903644561768, 0.6004955768585205, 0.5989755988121033]","['title_description', 'title_description', 'title_description']"
祭怎么读,['51386'],[],title_description,1,0,[],,['51388'],[0.46669507026672363],['title_description']
祭怎么读,['51386'],[],title_description,3,0,[],,"['51388', '51382', '52336']","[0.46669507026672363, 0.45099279284477234, 0.4495292007923126]","['title_description', 'title_description', 'title_description']"
秾的意思,['51386'],[],title_description,1,0,[],,['51388'],[0.5511260032653809],['title_description']
秾的意思,['51386'],[],title_description,3,1,['51386'],3.0,"['51388', '52336', '51386']","[0.5511260032653809, 0.5358865261077881, 0.5302174091339111]","['title_description', 'title_description', 'title_description']"
究的拼音,['51386'],[],title_description,1,0,[],,['51388'],[0.606417179107666],['title_description']
究的拼音,['51386'],[],title_description,3,0,[],,"['51388', '51381', '51382']","[0.606417179107666, 0.5960620045661926, 0.5645554661750793]","['title_description', 'title_description', 'title_description']"
第是什么意思,['51386'],[],title_description,1,0,[],,['51388'],[0.6788747310638428],['title_description']
第是什么意思,['51386'],[],title_description,3,1,['51386'],3.0,"['51388', '51381', '51386']","[0.6788747310638428, 0.6344901323318481, 0.6168726682662964]","['title_description', 'title_description', 'title_description']"
綝怎么读,['51386'],[],title_description,1,0,[],,['51381'],[0.510495662689209],['title_description']
綝怎么读,['51386'],[],title_description,3,0,[],,"['51381', '51388', '51382']","[0.510495662689209, 0.5036100149154663, 0.48962166905403137]","['title_description', 'title_description', 'title_description']"
结几画,['51386'],[],title_description,1,0,[],,['51382'],[0.6269009113311768],['title_description']
结几画,['51386'],[],title_description,3,0,[],,"['51382', '51381', '51388']","[0.6269009113311768, 0.6154465675354004, 0.6010100245475769]","['title_description', 'title_description', 'title_description']"
缝的笔顺,['51386'],[],title_description,1,0,[],,['51382'],[0.5469061136245728],['title_description']
缝的笔顺,['51386'],[],title_description,3,0,[],,"['51382', '51381', '51388']","[0.5469061136245728, 0.5014687180519104, 0.4864700436592102]","['title_description', 'title_description', 'title_description']"
缪怎么读,['51386'],[],title_description,1,0,[],,['51388'],[0.5384765863418579],['title_description']
缪怎么读,['51386'],[],title_description,3,0,[],,"['51388', '51381', '51382']","[0.5384765863418579, 0.5270464420318604, 0.5253516435623169]","['title_description', 'title_description', 'title_description']"
耶的组词,['51386'],[],title_description,1,0,[],,['51382'],[0.545202374458313],['title_description']
耶的组词,['51386'],[],title_description,3,0,[],,"['51382', '51387', '51381']","[0.545202374458313, 0.5313327312469482, 0.5293130278587341]","['title_description', 'title_description', 'title_description']"
聆怎么读,['51386'],[],title_description,1,0,[],,['51381'],[0.5041244029998779],['title_description']
聆怎么读,['51386'],[],title_description,3,0,[],,"['51381', '51388', '52336']","[0.5041244029998779, 0.5000548958778381, 0.47179776430130005]","['title_description', 'title_description', 'title_description']"
肝组词,['51386'],[],title_description,1,0,[],,['51382'],[0.5930429100990295],['title_description']
肝组词,['51386'],[],title_description,3,0,[],,"['51382', '51381', '51388']","[0.5930429100990295, 0.5907212495803833, 0.5655328035354614]","['title_description', 'title_description', 'title_description']"
胤什么意思,['51386'],[],title_description,1,0,[],,['51388'],[0.6063085198402405],['title_description']
胤什么意思,['51386'],[],title_description,3,0,[],,"['51388', '52336', '51381']","[0.6063085198402405, 0.5734259486198425, 0.5728504061698914]","['title_description', 'title_description', 'title_description']"
脏的笔顺,['51386'],[],title_description,1,0,[],,['51382'],[0.5352052450180054],['title_description']
脏的笔顺,['51386'],[],title_description,3,0,[],,"['51382', '51381', '51388']","[0.5352052450180054, 0.4836353361606598, 0.4805302023887634]","['title_description', 'title_description', 'title_description']"
脑的笔画,['51386'],[],title_description,1,0,[],,['51382'],[0.5355504155158997],['title_description']
脑的笔画,['51386'],[],title_description,3,0,[],,"['51382', '51381', '51388']","[0.5355504155158997, 0.48056352138519287, 0.4761800169944763]","['title_description', 'title_description', 'title_description']"
臭的拼音,['51386'],[],title_description,1,0,[],,['51381'],[0.57140052318573],['title_description']
臭的拼音,['51386'],[],title_description,3,0,[],,"['51381', '51388', '51382']","[0.57140052318573, 0.5681771039962769, 0.5244527459144592]","['title_description', 'title_description', 'title_description']"
艽的意思,['51386'],[],title_description,1,0,[],,['51388'],[0.5956001877784729],['title_description']
艽的意思,['51386'],[],title_description,3,0,[],,"['51388', '52336', '51381']","[0.5956001877784729, 0.5663944482803345, 0.5616424083709717]","['title_description', 'title_description', 'title_description']"
菉部首,['51386'],[],title_description,1,0,[],,['51382'],[0.5541180372238159],['title_description']
菉部首,['51386'],[],title_description,3,0,[],,"['51382', '51381', '51388']","[0.5541180372238159, 0.5482432842254639, 0.5217822790145874]","['title_description', 'title_description', 'title_description']"
萦的意思,['51386'],[],title_description,1,0,[],,['51388'],[0.5915012359619141],['title_description']
萦的意思,['51386'],[],title_description,3,0,[],,"['51388', '51381', '52336']","[0.5915012359619141, 0.5863441228866577, 0.5516355037689209]","['title_description', 'title_description', 'title_description']"
虔怎么读音,['51386'],[],title_description,1,0,[],,['51388'],[0.5100415945053101],['title_description']
虔怎么读音,['51386'],[],title_description,3,0,[],,"['51388', '51381', '51377']","[0.5100415945053101, 0.49290138483047485, 0.46497678756713867]","['title_description', 'title_description', 'title_description']"
螃笔顺,['51386'],[],title_description,1,0,[],,['51388'],[0.5276213884353638],['title_description']
螃笔顺,['51386'],[],title_description,3,0,[],,"['51388', '51382', '51381']","[0.5276213884353638, 0.5260207653045654, 0.5101552605628967]","['title_description', 'title_description', 'title_description']"
蠹的拼音,['51386'],[],title_description,1,0,[],,['51388'],[0.5675616264343262],['title_description']
蠹的拼音,['51386'],[],title_description,3,0,[],,"['51388', '51381', '51382']","[0.5675616264343262, 0.5456966757774353, 0.525676965713501]","['title_description', 'title_description', 'title_description']"
谒怎么读音,['51386'],[],title_description,1,0,[],,['51388'],[0.5151164531707764],['title_description']
谒怎么读音,['51386'],[],title_description,3,0,[],,"['51388', '51381', '52336']","[0.5151164531707764, 0.500424861907959, 0.4885265529155731]","['title_description', 'title_description', 'title_description']"
贼的笔顺,['51386'],[],title_description,1,0,[],,['51382'],[0.5210815668106079],['title_description']
贼的笔顺,['51386'],[],title_description,3,0,[],,"['51382', '51381', '51388']","[0.5210815668106079, 0.47038331627845764, 0.4591970443725586]","['title_description', 'title_description', 'title_description']"
这的反义词,['51386'],[],title_description,1,0,[],,['51388'],[0.6962270736694336],['title_description']
这的反义词,['51386'],[],title_description,3,1,['51386'],2.0,"['51388', '51386', '51381']","[0.6962270736694336, 0.6540672183036804, 0.6268914937973022]","['title_description', 'title_description', 'title_description']"
这读音,['51386'],[],title_description,1,0,[],,['51381'],[0.7129338979721069],['title_description']
这读音,['51386'],[],title_description,3,0,[],,"['51381', '51388', '51382']","[0.7129338979721069, 0.6992746591567993, 0.6490780115127563]","['title_description', 'title_description', 'title_description']"
邓组词,['51386'],[],title_description,1,0,[],,['51382'],[0.5619243383407593],['title_description']
邓组词,['51386'],[],title_description,3,0,[],,"['51382', '51381', '51388']","[0.5619243383407593, 0.5182031393051147, 0.5025646686553955]","['title_description', 'title_description', 'title_description']"
邵的拼音,['51386'],[],title_description,1,0,[],,['51381'],[0.5646830797195435],['title_description']
邵的拼音,['51386'],[],title_description,3,0,[],,"['51381', '51388', '51382']","[0.5646830797195435, 0.5518052577972412, 0.5421297550201416]","['title_description', 'title_description', 'title_description']"
邹的读音,['51386'],[],title_description,1,0,[],,['51381'],[0.5408502221107483],['title_description']
邹的读音,['51386'],[],title_description,3,0,[],,"['51381', '51388', '51382']","[0.5408502221107483, 0.5113986730575562, 0.5033726096153259]","['title_description', 'title_description', 'title_description']"
郡怎么读音,['51386'],[],title_description,1,0,[],,['51381'],[0.4966661334037781],['title_description']
郡怎么读音,['51386'],[],title_description,3,0,[],,"['51381', '51388', '51382']","[0.4966661334037781, 0.47677338123321533, 0.46532636880874634]","['title_description', 'title_description', 'title_description']"
鄂是怎么读,['51386'],[],title_description,1,0,[],,['52336'],[0.4941712021827698],['title_description']
鄂是怎么读,['51386'],[],title_description,3,0,[],,"['52336', '51381', '51388']","[0.4941712021827698, 0.4937397837638855, 0.4838230609893799]","['title_description', 'title_description', 'title_description']"
鍪的意思,['51386'],[],title_description,1,0,[],,['51388'],[0.544892430305481],['title_description']
鍪的意思,['51386'],[],title_description,3,0,[],,"['51388', '51381', '52336']","[0.544892430305481, 0.531259298324585, 0.5172514915466309]","['title_description', 'title_description', 'title_description']"
钗的意思,['51386'],[],title_description,1,0,[],,['51388'],[0.5895969867706299],['title_description']
钗的意思,['51386'],[],title_description,3,0,[],,"['51388', '51381', '52336']","[0.5895969867706299, 0.5721726417541504, 0.5604090690612793]","['title_description', 'title_description', 'title_description']"
闲的拼音,['51386'],[],title_description,1,0,[],,['51388'],[0.6117469668388367],['title_description']
闲的拼音,['51386'],[],title_description,3,0,[],,"['51388', '51381', '51382']","[0.6117469668388367, 0.597235918045044, 0.5515862703323364]","['title_description', 'title_description', 'title_description']"
陉怎么读,['51386'],[],title_description,1,0,[],,['51381'],[0.4974510669708252],['title_description']
陉怎么读,['51386'],[],title_description,3,0,[],,"['51381', '51388', '52336']","[0.4974510669708252, 0.49197280406951904, 0.47564226388931274]","['title_description', 'title_description', 'title_description']"
霂的意思,['51386'],[],title_description,1,0,[],,['51388'],[0.5813948512077332],['title_description']
霂的意思,['51386'],[],title_description,3,0,[],,"['51388', '51381', '51382']","[0.5813948512077332, 0.5679640769958496, 0.5470700860023499]","['title_description', 'title_description', 'title_description']"
霖怎么读,['51386'],[],title_description,1,0,[],,['51381'],[0.5074665546417236],['title_description']
霖怎么读,['51386'],[],title_description,3,0,[],,"['51381', '51388', '51382']","[0.5074665546417236, 0.49562740325927734, 0.4908673167228699]","['title_description', 'title_description', 'title_description']"
靱怎么读,['51386'],[],title_description,1,0,[],,['51381'],[0.49888163805007935],['title_description']
靱怎么读,['51386'],[],title_description,3,0,[],,"['51381', '51388', '51382']","[0.49888163805007935, 0.4842047393321991, 0.47348326444625854]","['title_description', 'title_description', 'title_description']"
鞋组词,['51386'],[],title_description,1,0,[],,['51382'],[0.5391578674316406],['title_description']
鞋组词,['51386'],[],title_description,3,0,[],,"['51382', '51388', '51381']","[0.5391578674316406, 0.5169980525970459, 0.5131754875183105]","['title_description', 'title_description', 'title_description']"
颦的意思,['51386'],[],title_description,1,0,[],,['51388'],[0.5718406438827515],['title_description']
颦的意思,['51386'],[],title_description,3,0,[],,"['51388', '51381', '51382']","[0.5718406438827515, 0.5200188159942627, 0.5113127827644348]","['title_description', 'title_description', 'title_description']"
鹳拼音,['51386'],[],title_description,1,0,[],,['51381'],[0.5614944100379944],['title_description']
鹳拼音,['51386'],[],title_description,3,0,[],,"['51381', '51388', '51382']","[0.5614944100379944, 0.5444422960281372, 0.513135552406311]","['title_description', 'title_description', 'title_description']"
麓的意思,['51386'],[],title_description,1,0,[],,['51388'],[0.6192442178726196],['title_description']
麓的意思,['51386'],[],title_description,3,0,[],,"['51388', '51381', '52336']","[0.6192442178726196, 0.5921638011932373, 0.5847676992416382]","['title_description', 'title_description', 'title_description']"
黍怎么读,['51386'],[],title_description,1,0,[],,['51381'],[0.5021365880966187],['title_description']
黍怎么读,['51386'],[],title_description,3,0,[],,"['51381', '51388', '51382']","[0.5021365880966187, 0.4859699010848999, 0.4839394986629486]","['title_description', 'title_description', 'title_description']"
