query,gold_ids,missing_gold_ids,view,k,pass_at_k,hit_ids,first_hit_rank,recall_ids,recall_scores,recall_views
10月黄道吉日,['61277'],[],description,1,0,[],,['61111'],[0.7410125732421875],['description']
10月黄道吉日,['61277'],[],description,3,0,[],,"['61111', '5601', '62497']","[0.7410125732421875, 0.6398244500160217, 0.620290994644165]","['description', 'description', 'description']"
1969年的老黄历,['61277'],[],description,1,0,[],,['61111'],[0.5694772005081177],['description']
1969年的老黄历,['61277'],[],description,3,0,[],,"['61111', '5601', '62497']","[0.5694772005081177, 0.5658613443374634, 0.5313537120819092]","['description', 'description', 'description']"
2020.7.12黄道吉日,['61277'],[],description,1,0,[],,['61111'],[0.6486048102378845],['description']
2020.7.12黄道吉日,['61277'],[],description,3,0,[],,"['61111', '5601', '62497']","[0.6486048102378845, 0.5598782300949097, 0.5339823365211487]","['description', 'description', 'description']"
2020年8月份乔迁黄道吉日,['61277'],[],description,1,0,[],,['61111'],[0.5764726400375366],['description']
2020年8月份乔迁黄道吉日,['61277'],[],description,3,0,[],,"['61111', '5601', '62497']","[0.5764726400375366, 0.4967600703239441, 0.47162294387817383]","['description', 'description', 'description']"
2021年7月份回家吉日,['61277'],[],description,1,0,[],,['61111'],[0.598407506942749],['description']
2021年7月份回家吉日,['61277'],[],description,3,0,[],,"['61111', '5601', '62497']","[0.598407506942749, 0.5508324503898621, 0.5479593873023987]","['description', 'description', 'description']"
2021年农历5月26日吉时,['61277'],[],description,1,0,[],,['61111'],[0.5923130512237549],['description']
2021年农历5月26日吉时,['61277'],[],description,3,0,[],,"['61111', '62497', '5601']","[0.5923130512237549, 0.5299842953681946, 0.5268810987472534]","['description', 'description', 'description']"
2026.6.9是黄道吉日吗,['61277'],[],description,1,0,[],,['61111'],[0.6647237539291382],['description']
2026.6.9是黄道吉日吗,['61277'],[],description,3,0,[],,"['61111', '5601', '62497']","[0.6647237539291382, 0.5964857339859009, 0.540936291217804]","['description', 'description', 'description']"
2026农历六月搬家吉日,['61277'],[],description,1,0,[],,['61111'],[0.5501552820205688],['description']
2026农历六月搬家吉日,['61277'],[],description,3,0,[],,"['61111', '5601', '62497']","[0.5501552820205688, 0.49309998750686646, 0.4857816696166992]","['description', 'description', 'description']"
2026安葬吉日,['61277'],[],description,1,0,[],,['61111'],[0.5341774225234985],['description']
2026安葬吉日,['61277'],[],description,3,0,[],,"['61111', '5601', '62497']","[0.5341774225234985, 0.47958904504776, 0.4429202079772949]","['description', 'description', 'description']"
2026年10月份结婚黄道吉日,['61277'],[],description,1,0,[],,['61111'],[0.6057773232460022],['description']
2026年10月份结婚黄道吉日,['61277'],[],description,3,0,[],,"['61111', '5601', '62497']","[0.6057773232460022, 0.5248730778694153, 0.5047779083251953]","['description', 'description', 'description']"
2026年5月最吉利的日子,['61277'],[],description,1,0,[],,['61111'],[0.636684238910675],['description']
2026年5月最吉利的日子,['61277'],[],description,3,0,[],,"['61111', '5601', '62497']","[0.636684238910675, 0.5564358234405518, 0.5425924062728882]","['description', 'description', 'description']"
2026年6月12日是黄道吉日吗,['61277'],[],description,1,0,[],,['61111'],[0.6594308614730835],['description']
2026年6月12日是黄道吉日吗,['61277'],[],description,3,0,[],,"['61111', '5601', '62497']","[0.6594308614730835, 0.5839893817901611, 0.5378377437591553]","['description', 'description', 'description']"
2026年6月6日适合结婚吗,['61277'],[],description,1,0,[],,['61111'],[0.5979039072990417],['description']
2026年6月6日适合结婚吗,['61277'],[],description,3,0,[],,"['61111', '5601', '62497']","[0.5979039072990417, 0.5261512994766235, 0.4937257170677185]","['description', 'description', 'description']"
2026年6月理发的黄道吉日,['61277'],[],description,1,0,[],,['61111'],[0.5697227716445923],['description']
2026年6月理发的黄道吉日,['61277'],[],description,3,0,[],,"['61111', '5601', '62497']","[0.5697227716445923, 0.5048038959503174, 0.4967871904373169]","['description', 'description', 'description']"
2026年6月黄历,['61277'],[],description,1,0,[],,['61111'],[0.6307278871536255],['description']
2026年6月黄历,['61277'],[],description,3,0,[],,"['61111', '5601', '62497']","[0.6307278871536255, 0.5963929891586304, 0.5910646915435791]","['description', 'description', 'description']"
2026年7月10日黄历查询,['61277'],[],description,1,0,[],,['61111'],[0.6062511205673218],['description']
2026年7月10日黄历查询,['61277'],[],description,3,0,[],,"['61111', '5601', '62497']","[0.6062511205673218, 0.5793380737304688, 0.5667093992233276]","['description', 'description', 'description']"
2026年7月26号适合搬家吗,['61277'],[],description,1,0,[],,['61111'],[0.5582388639450073],['description']
2026年7月26号适合搬家吗,['61277'],[],description,3,0,[],,"['61111', '5601', '62497']","[0.5582388639450073, 0.5199286341667175, 0.4870325028896332]","['description', 'description', 'description']"
2026年7月26日是黄道吉日吗,['61277'],[],description,1,0,[],,['61111'],[0.6525201797485352],['description']
2026年7月26日是黄道吉日吗,['61277'],[],description,3,0,[],,"['61111', '5601', '62497']","[0.6525201797485352, 0.5879603028297424, 0.5557201504707336]","['description', 'description', 'description']"
2026年7月6日吉时,['61277'],[],description,1,0,[],,['61111'],[0.5933051109313965],['description']
2026年7月6日吉时,['61277'],[],description,3,0,[],,"['61111', '5601', '62497']","[0.5933051109313965, 0.5198357105255127, 0.5075427889823914]","['description', 'description', 'description']"
2026年7月6日宜忌,['61277'],[],description,1,0,[],,['61111'],[0.6630964279174805],['description']
2026年7月6日宜忌,['61277'],[],description,3,0,[],,"['61111', '5601', '62497']","[0.6630964279174805, 0.6021938323974609, 0.5780857801437378]","['description', 'description', 'description']"
2026年7月6日黄道吉日,['61277'],[],description,1,0,[],,['61111'],[0.6466273665428162],['description']
2026年7月6日黄道吉日,['61277'],[],description,3,0,[],,"['61111', '5601', '62497']","[0.6466273665428162, 0.564943790435791, 0.5464649200439453]","['description', 'description', 'description']"
2026年7月8日下葬合适吗,['61277'],[],description,1,0,[],,['61111'],[0.5838488340377808],['description']
2026年7月8日下葬合适吗,['61277'],[],description,3,0,[],,"['61111', '5601', '62497']","[0.5838488340377808, 0.5356078147888184, 0.5147960186004639]","['description', 'description', 'description']"
2026年7月8日的黄历,['61277'],[],description,1,0,[],,['61111'],[0.6544011831283569],['description']
2026年7月8日的黄历,['61277'],[],description,3,0,[],,"['61111', '5601', '62497']","[0.6544011831283569, 0.626451849937439, 0.6132959127426147]","['description', 'description', 'description']"
2026年7月8日适合领证吗,['61277'],[],description,1,0,[],,['61111'],[0.6230889558792114],['description']
2026年7月8日适合领证吗,['61277'],[],description,3,0,[],,"['61111', '5601', '62497']","[0.6230889558792114, 0.5702998638153076, 0.5421264171600342]","['description', 'description', 'description']"
2026年7月9日黄历查询,['61277'],[],description,1,0,[],,['61111'],[0.6018893122673035],['description']
2026年7月9日黄历查询,['61277'],[],description,3,0,[],,"['61111', '5601', '62497']","[0.6018893122673035, 0.571208119392395, 0.5534205436706543]","['description', 'description', 'description']"
2026年7月乔迁新居吉日有哪些,['61277'],[],description,1,0,[],,['61111'],[0.5523364543914795],['description']
2026年7月乔迁新居吉日有哪些,['61277'],[],description,3,0,[],,"['61111', '5601', '62497']","[0.5523364543914795, 0.4907986521720886, 0.47254306077957153]","['description', 'description', 'description']"
2026年7月份动土吉日,['61277'],[],description,1,0,[],,['61111'],[0.5592204332351685],['description']
2026年7月份动土吉日,['61277'],[],description,3,0,[],,"['61111', '62497', '5601']","[0.5592204332351685, 0.48897767066955566, 0.48442521691322327]","['description', 'description', 'description']"
2026年7月份提车吉日,['61277'],[],description,1,0,[],,['61111'],[0.615166425704956],['description']
2026年7月份提车吉日,['61277'],[],description,3,0,[],,"['61111', '5601', '62497']","[0.615166425704956, 0.5461225509643555, 0.5385206937789917]","['description', 'description', 'description']"
2026年7月份的结婚吉日,['61277'],[],description,1,0,[],,['61111'],[0.6256518363952637],['description']
2026年7月份的结婚吉日,['61277'],[],description,3,0,[],,"['61111', '5601', '62497']","[0.6256518363952637, 0.5473049879074097, 0.5420558452606201]","['description', 'description', 'description']"
2026年7月份装修开工吉日,['61277'],[],description,1,0,[],,['61111'],[0.5527883768081665],['description']
2026年7月份装修开工吉日,['61277'],[],description,3,0,[],,"['61111', '5601', '62497']","[0.5527883768081665, 0.4803670644760132, 0.47350093722343445]","['description', 'description', 'description']"
2026年7月份那天适合开业吗,['61277'],[],description,1,0,[],,['61111'],[0.6386065483093262],['description']
2026年7月份那天适合开业吗,['61277'],[],description,3,0,[],,"['61111', '5601', '62497']","[0.6386065483093262, 0.5683902502059937, 0.5411370992660522]","['description', 'description', 'description']"
2026年7月哪天是好日子,['61277'],[],description,1,0,[],,['61111'],[0.5909303426742554],['description']
2026年7月哪天是好日子,['61277'],[],description,3,0,[],,"['61111', '5601', '62497']","[0.5909303426742554, 0.5394800901412964, 0.5257203578948975]","['description', 'description', 'description']"
2026年7月安床吉日,['61277'],[],description,1,0,[],,['61111'],[0.5450429320335388],['description']
2026年7月安床吉日,['61277'],[],description,3,0,[],,"['61111', '5601', '62497']","[0.5450429320335388, 0.4836576282978058, 0.47332245111465454]","['description', 'description', 'description']"
2026年7月属羊出行黄道吉日查询表,['61277'],[],description,1,0,[],,['61111'],[0.5950685739517212],['description']
2026年7月属羊出行黄道吉日查询表,['61277'],[],description,3,0,[],,"['61111', '5601', '62497']","[0.5950685739517212, 0.5243789553642273, 0.507466197013855]","['description', 'description', 'description']"
2026年7月开业黄道吉日有哪些,['61277'],[],description,1,0,[],,['61111'],[0.6093915700912476],['description']
2026年7月开业黄道吉日有哪些,['61277'],[],description,3,0,[],,"['61111', '5601', '62497']","[0.6093915700912476, 0.528586745262146, 0.5028319358825684]","['description', 'description', 'description']"
2026年7月搬家的黄道吉日,['61277'],[],description,1,0,[],,['61111'],[0.5864009261131287],['description']
2026年7月搬家的黄道吉日,['61277'],[],description,3,0,[],,"['61111', '5601', '62497']","[0.5864009261131287, 0.5332927107810974, 0.5149868726730347]","['description', 'description', 'description']"
2026年7月最吉利的日子,['61277'],[],description,1,0,[],,['61111'],[0.6425975561141968],['description']
2026年7月最吉利的日子,['61277'],[],description,3,0,[],,"['61111', '5601', '62497']","[0.6425975561141968, 0.5636247396469116, 0.5607914328575134]","['description', 'description', 'description']"
2026年7月理发的吉日,['61277'],[],description,1,0,[],,['61111'],[0.5584515333175659],['description']
2026年7月理发的吉日,['61277'],[],description,3,0,[],,"['61111', '62497', '5601']","[0.5584515333175659, 0.5050071477890015, 0.49839165806770325]","['description', 'description', 'description']"
2026年7月的出行吉日,['61277'],[],description,1,0,[],,['61111'],[0.6302847266197205],['description']
2026年7月的出行吉日,['61277'],[],description,3,0,[],,"['61111', '5601', '62497']","[0.6302847266197205, 0.5570723414421082, 0.5395480394363403]","['description', 'description', 'description']"
2026年7月黄道吉日,['61277'],[],description,1,0,[],,['61111'],[0.6467154622077942],['description']
2026年7月黄道吉日,['61277'],[],description,3,0,[],,"['61111', '5601', '62497']","[0.6467154622077942, 0.5752626657485962, 0.5689487457275391]","['description', 'description', 'description']"
2026年8月8日是黄道吉日吗,['61277'],[],description,1,0,[],,['61111'],[0.6485979557037354],['description']
2026年8月8日是黄道吉日吗,['61277'],[],description,3,0,[],,"['61111', '5601', '62497']","[0.6485979557037354, 0.5694582462310791, 0.5343122482299805]","['description', 'description', 'description']"
2026年8月8日订婚合适吗,['61277'],[],description,1,0,[],,['61111'],[0.6222118735313416],['description']
2026年8月8日订婚合适吗,['61277'],[],description,3,0,[],,"['61111', '5601', '62497']","[0.6222118735313416, 0.5435241460800171, 0.5169949531555176]","['description', 'description', 'description']"
2026年8月份适合搬家的黄道吉日,['61277'],[],description,1,0,[],,['61111'],[0.5666409730911255],['description']
2026年8月份适合搬家的黄道吉日,['61277'],[],description,3,0,[],,"['61111', '5601', '62497']","[0.5666409730911255, 0.4966762363910675, 0.48016488552093506]","['description', 'description', 'description']"
2026年8月搬家入宅最好吉日是什么呢,['61277'],[],description,1,0,[],,['61111'],[0.5521901249885559],['description']
2026年8月搬家入宅最好吉日是什么呢,['61277'],[],description,3,0,[],,"['61111', '5601', '62497']","[0.5521901249885559, 0.49006789922714233, 0.4602736830711365]","['description', 'description', 'description']"
2026年8月最吉利的日子,['61277'],[],description,1,0,[],,['61111'],[0.6356505751609802],['description']
2026年8月最吉利的日子,['61277'],[],description,3,0,[],,"['61111', '5601', '62497']","[0.6356505751609802, 0.5506762266159058, 0.5425001382827759]","['description', 'description', 'description']"
2026年8月黄道吉日,['61277'],[],description,1,0,[],,['61111'],[0.6339932680130005],['description']
2026年8月黄道吉日,['61277'],[],description,3,0,[],,"['61111', '5601', '62497']","[0.6339932680130005, 0.5534948110580444, 0.5421313047409058]","['description', 'description', 'description']"
2026年9月黄道吉日,['61277'],[],description,1,0,[],,['61111'],[0.6363222599029541],['description']
2026年9月黄道吉日,['61277'],[],description,3,0,[],,"['61111', '5601', '62497']","[0.6363222599029541, 0.5598351955413818, 0.5458319187164307]","['description', 'description', 'description']"
2026年农历5月26日是黄道吉日吗,['61277'],[],description,1,0,[],,['61111'],[0.6553775072097778],['description']
2026年农历5月26日是黄道吉日吗,['61277'],[],description,3,0,[],,"['61111', '5601', '62497']","[0.6553775072097778, 0.5836942195892334, 0.5549306869506836]","['description', 'description', 'description']"
2026年农历五月二十七日的老皇历,['61277'],[],description,1,0,[],,['61111'],[0.576382040977478],['description']
2026年农历五月二十七日的老皇历,['61277'],[],description,3,0,[],,"['61111', '62497', '5601']","[0.576382040977478, 0.5677610039710999, 0.5636229515075684]","['description', 'description', 'description']"
2026年农历五月二十九日是黄道吉日吗,['61277'],[],description,1,0,[],,['61111'],[0.6445990800857544],['description']
2026年农历五月二十九日是黄道吉日吗,['61277'],[],description,3,0,[],,"['61111', '5601', '62497']","[0.6445990800857544, 0.5738173723220825, 0.5437952280044556]","['description', 'description', 'description']"
2026年农历五月二十六日吉时,['61277'],[],description,1,0,[],,['61111'],[0.5882081389427185],['description']
2026年农历五月二十六日吉时,['61277'],[],description,3,0,[],,"['61111', '5601', '62497']","[0.5882081389427185, 0.518909215927124, 0.5119584798812866]","['description', 'description', 'description']"
2026年农历五月二十四日是黄道吉日吗,['61277'],[],description,1,0,[],,['61111'],[0.6452091336250305],['description']
2026年农历五月二十四日是黄道吉日吗,['61277'],[],description,3,0,[],,"['61111', '5601', '62497']","[0.6452091336250305, 0.5723804235458374, 0.5504668951034546]","['description', 'description', 'description']"
2026年出门的好日子有哪些,['61277'],[],description,1,0,[],,['61111'],[0.5949158668518066],['description']
2026年出门的好日子有哪些,['61277'],[],description,3,0,[],,"['61111', '5601', '62497']","[0.5949158668518066, 0.54133141040802, 0.4993605613708496]","['description', 'description', 'description']"
2026年属鸡开业黄道吉日,['61277'],[],description,1,0,[],,['61111'],[0.5437071919441223],['description']
2026年属鸡开业黄道吉日,['61277'],[],description,3,0,[],,"['61111', '5601', '51323']","[0.5437071919441223, 0.47833114862442017, 0.4222036600112915]","['description', 'description', 'description']"
2026年老黄历万年历,['61277'],[],description,1,0,[],,['61111'],[0.6159626245498657],['description']
2026年老黄历万年历,['61277'],[],description,3,0,[],,"['61111', '5601', '62497']","[0.6159626245498657, 0.6144078969955444, 0.5903652906417847]","['description', 'description', 'description']"
2026年领证吉日,['61277'],[],description,1,0,[],,['61111'],[0.6102173924446106],['description']
2026年领证吉日,['61277'],[],description,3,0,[],,"['61111', '5601', '62497']","[0.6102173924446106, 0.5405031442642212, 0.5088261365890503]","['description', 'description', 'description']"
2026年黄道吉日查询表,['61277'],[],description,1,0,[],,['61111'],[0.6483907699584961],['description']
2026年黄道吉日查询表,['61277'],[],description,3,0,[],,"['61111', '5601', '62497']","[0.6483907699584961, 0.5783555507659912, 0.5468916893005371]","['description', 'description', 'description']"
2026结婚吉日,['61277'],[],description,1,0,[],,['61111'],[0.6080934405326843],['description']
2026结婚吉日,['61277'],[],description,3,0,[],,"['61111', '5601', '62497']","[0.6080934405326843, 0.5282108783721924, 0.4896427392959595]","['description', 'description', 'description']"
2027年2月的黄道吉日,['61277'],[],description,1,0,[],,['61111'],[0.6794582605361938],['description']
2027年2月的黄道吉日,['61277'],[],description,3,0,[],,"['61111', '5601', '62497']","[0.6794582605361938, 0.6255325078964233, 0.6127848625183105]","['description', 'description', 'description']"
2027年适合结婚的日子,['61277'],[],description,1,0,[],,['61111'],[0.5950831174850464],['description']
2027年适合结婚的日子,['61277'],[],description,3,0,[],,"['61111', '5601', '62497']","[0.5950831174850464, 0.5346713066101074, 0.5084343552589417]","['description', 'description', 'description']"
2027年黄道吉日,['61277'],[],description,1,0,[],,['61111'],[0.6829001903533936],['description']
2027年黄道吉日,['61277'],[],description,3,0,[],,"['61111', '5601', '62497']","[0.6829001903533936, 0.621604323387146, 0.5904068946838379]","['description', 'description', 'description']"
26年11月搬家吉日,['61277'],[],description,1,0,[],,['61111'],[0.5279085636138916],['description']
26年11月搬家吉日,['61277'],[],description,3,0,[],,"['61111', '5601', '62497']","[0.5279085636138916, 0.45420271158218384, 0.43300384283065796]","['description', 'description', 'description']"
26年7月24日宜忌,['61277'],[],description,1,0,[],,['61111'],[0.6182711124420166],['description']
26年7月24日宜忌,['61277'],[],description,3,0,[],,"['61111', '62497', '5601']","[0.6182711124420166, 0.5542311668395996, 0.5517163276672363]","['description', 'description', 'description']"
26年8月份结婚吉日有哪些,['61277'],[],description,1,0,[],,['61111'],[0.6231765151023865],['description']
26年8月份结婚吉日有哪些,['61277'],[],description,3,0,[],,"['61111', '5601', '62497']","[0.6231765151023865, 0.5243198871612549, 0.5174820423126221]","['description', 'description', 'description']"
26年8月搬家吉日一览表,['61277'],[],description,1,0,[],,['61111'],[0.554445743560791],['description']
26年8月搬家吉日一览表,['61277'],[],description,3,0,[],,"['61111', '5601', '62497']","[0.554445743560791, 0.47712141275405884, 0.4708824157714844]","['description', 'description', 'description']"
6月份适合种树一览表,['61277'],[],description,1,0,[],,['51323'],[0.4457505941390991],['description']
6月份适合种树一览表,['61277'],[],description,3,0,[],,"['51323', '61111', '5179']","[0.4457505941390991, 0.43663159012794495, 0.4061013460159302]","['description', 'description', 'description']"
7月10日适合理发吗,['61277'],[],description,1,0,[],,['61111'],[0.5638233423233032],['description']
7月10日适合理发吗,['61277'],[],description,3,0,[],,"['61111', '5601', '62497']","[0.5638233423233032, 0.5158959627151489, 0.49784359335899353]","['description', 'description', 'description']"
7月11号是黄道吉日吗,['61277'],[],description,1,0,[],,['61111'],[0.6561489105224609],['description']
7月11号是黄道吉日吗,['61277'],[],description,3,0,[],,"['61111', '5601', '62497']","[0.6561489105224609, 0.5784764289855957, 0.5475298166275024]","['description', 'description', 'description']"
7月12号适合订婚吗,['61277'],[],description,1,0,[],,['61111'],[0.6274861097335815],['description']
7月12号适合订婚吗,['61277'],[],description,3,0,[],,"['61111', '5601', '62497']","[0.6274861097335815, 0.5520445108413696, 0.5261008739471436]","['description', 'description', 'description']"
7月13号宜忌,['61277'],[],description,1,0,[],,['61111'],[0.6945254802703857],['description']
7月13号宜忌,['61277'],[],description,3,0,[],,"['61111', '5601', '62497']","[0.6945254802703857, 0.6204362511634827, 0.5834054946899414]","['description', 'description', 'description']"
7月13黄历吉日查询,['61277'],[],description,1,0,[],,['61111'],[0.6743481755256653],['description']
7月13黄历吉日查询,['61277'],[],description,3,0,[],,"['61111', '5601', '62497']","[0.6743481755256653, 0.5995806455612183, 0.5675113201141357]","['description', 'description', 'description']"
7月16号搬家合适吗,['61277'],[],description,1,0,[],,['61111'],[0.6435403823852539],['description']
7月16号搬家合适吗,['61277'],[],description,3,0,[],,"['61111', '5601', '62497']","[0.6435403823852539, 0.5707255601882935, 0.5336450934410095]","['description', 'description', 'description']"
7月16号是黄道吉日吗,['61277'],[],description,1,0,[],,['61111'],[0.6763927936553955],['description']
7月16号是黄道吉日吗,['61277'],[],description,3,0,[],,"['61111', '5601', '62497']","[0.6763927936553955, 0.5969395637512207, 0.5595133304595947]","['description', 'description', 'description']"
7月23日黄历,['61277'],[],description,1,0,[],,['61111'],[0.6609476804733276],['description']
7月23日黄历,['61277'],[],description,3,0,[],,"['61111', '5601', '62497']","[0.6609476804733276, 0.6249152421951294, 0.6180064678192139]","['description', 'description', 'description']"
7月8号日子好吗,['61277'],[],description,1,0,[],,['61111'],[0.6941770911216736],['description']
7月8号日子好吗,['61277'],[],description,3,0,[],,"['61111', '5601', '62497']","[0.6941770911216736, 0.6287175416946411, 0.5925929546356201]","['description', 'description', 'description']"
7月9号是黄道吉日吗,['61277'],[],description,1,0,[],,['61111'],[0.6874710321426392],['description']
7月9号是黄道吉日吗,['61277'],[],description,3,0,[],,"['61111', '5601', '62497']","[0.6874710321426392, 0.611877977848053, 0.5689256191253662]","['description', 'description', 'description']"
7月9号的黄历,['61277'],[],description,1,0,[],,['61111'],[0.6952625513076782],['description']
7月9号的黄历,['61277'],[],description,3,0,[],,"['61111', '5601', '62497']","[0.6952625513076782, 0.6662825345993042, 0.6406967639923096]","['description', 'description', 'description']"
7月9日黄历吉日查询表,['61277'],[],description,1,0,[],,['61111'],[0.6572219133377075],['description']
7月9日黄历吉日查询表,['61277'],[],description,3,0,[],,"['61111', '5601', '62497']","[0.6572219133377075, 0.5740702152252197, 0.55879145860672]","['description', 'description', 'description']"
7月份买房好吗,['61277'],[],description,1,0,[],,['61111'],[0.5333920121192932],['description']
7月份买房好吗,['61277'],[],description,3,0,[],,"['61111', '5601', '62497']","[0.5333920121192932, 0.499586820602417, 0.4899038076400757]","['description', 'description', 'description']"
7月份买车的黄道吉日查询,['61277'],[],description,1,0,[],,['61111'],[0.6773934960365295],['description']
7月份买车的黄道吉日查询,['61277'],[],description,3,0,[],,"['61111', '5601', '62497']","[0.6773934960365295, 0.6073378324508667, 0.5883126258850098]","['description', 'description', 'description']"
7月份搬家哪天合适,['61277'],[],description,1,0,[],,['61111'],[0.6217215061187744],['description']
7月份搬家哪天合适,['61277'],[],description,3,0,[],,"['61111', '5601', '62497']","[0.6217215061187744, 0.5611583590507507, 0.5446344017982483]","['description', 'description', 'description']"
7月份的理发吉日,['61277'],[],description,1,0,[],,['61111'],[0.6214272975921631],['description']
7月份的理发吉日,['61277'],[],description,3,0,[],,"['61111', '62497', '5601']","[0.6214272975921631, 0.5616892576217651, 0.5492534637451172]","['description', 'description', 'description']"
7月份的黄道吉日,['61277'],[],description,1,0,[],,['61111'],[0.7412251234054565],['description']
7月份的黄道吉日,['61277'],[],description,3,0,[],,"['61111', '62497', '5601']","[0.7412251234054565, 0.6502397656440735, 0.6457265615463257]","['description', 'description', 'description']"
7月搬家吉日,['61277'],[],description,1,0,[],,['61111'],[0.6289983987808228],['description']
7月搬家吉日,['61277'],[],description,3,0,[],,"['61111', '5601', '62497']","[0.6289983987808228, 0.5428521633148193, 0.5362423658370972]","['description', 'description', 'description']"
7月搬家的黄道吉日,['61277'],[],description,1,0,[],,['61111'],[0.6400942802429199],['description']
7月搬家的黄道吉日,['61277'],[],description,3,0,[],,"['61111', '5601', '62497']","[0.6400942802429199, 0.5686578154563904, 0.5498212575912476]","['description', 'description', 'description']"
7月有哪些好日子,['61277'],[],description,1,0,[],,['61111'],[0.6743497252464294],['description']
7月有哪些好日子,['61277'],[],description,3,0,[],,"['61111', '62497', '5601']","[0.6743497252464294, 0.6046206951141357, 0.6044496893882751]","['description', 'description', 'description']"
7月适合安床的日子,['61277'],[],description,1,0,[],,['61111'],[0.5999501943588257],['description']
7月适合安床的日子,['61277'],[],description,3,0,[],,"['61111', '62497', '5601']","[0.5999501943588257, 0.537695586681366, 0.5374473333358765]","['description', 'description', 'description']"
8.18黄历,['61277'],[],description,1,0,[],,['61111'],[0.6932207345962524],['description']
8.18黄历,['61277'],[],description,3,0,[],,"['61111', '5601', '62497']","[0.6932207345962524, 0.6552599668502808, 0.6104848384857178]","['description', 'description', 'description']"
8月2号适合结婚吗,['61277'],[],description,1,0,[],,['61111'],[0.6033939123153687],['description']
8月2号适合结婚吗,['61277'],[],description,3,0,[],,"['61111', '5601', '62497']","[0.6033939123153687, 0.531688392162323, 0.5062105655670166]","['description', 'description', 'description']"
8月搬家的吉日,['61277'],[],description,1,0,[],,['61111'],[0.6288424730300903],['description']
8月搬家的吉日,['61277'],[],description,3,0,[],,"['61111', '5601', '62497']","[0.6288424730300903, 0.5400463342666626, 0.5226719975471497]","['description', 'description', 'description']"
8月搬家的黄道吉日查询,['61277'],[],description,1,0,[],,['61111'],[0.6602949500083923],['description']
8月搬家的黄道吉日查询,['61277'],[],description,3,0,[],,"['61111', '5601', '62497']","[0.6602949500083923, 0.584744930267334, 0.5482994914054871]","['description', 'description', 'description']"
9.12黄历,['61277'],[],description,1,0,[],,['61111'],[0.71220862865448],['description']
9.12黄历,['61277'],[],description,3,0,[],,"['61111', '5601', '62497']","[0.71220862865448, 0.6687554121017456, 0.6199635863304138]","['description', 'description', 'description']"
七月份哪天适合开业,['61277'],[],description,1,0,[],,['61111'],[0.6353187561035156],['description']
七月份哪天适合开业,['61277'],[],description,3,0,[],,"['61111', '5601', '62497']","[0.6353187561035156, 0.5673264861106873, 0.5536952018737793]","['description', 'description', 'description']"
七月份安门的黄道吉日,['61277'],[],description,1,0,[],,['61111'],[0.6369780898094177],['description']
七月份安门的黄道吉日,['61277'],[],description,3,0,[],,"['61111', '62497', '5601']","[0.6369780898094177, 0.5573083162307739, 0.5480549931526184]","['description', 'description', 'description']"
七月份适合领证的日期,['61277'],[],description,1,0,[],,['61111'],[0.6580471992492676],['description']
七月份适合领证的日期,['61277'],[],description,3,0,[],,"['61111', '5601', '62497']","[0.6580471992492676, 0.6021082997322083, 0.590317964553833]","['description', 'description', 'description']"
七月开张吉日,['61277'],[],description,1,0,[],,['61111'],[0.5960077047348022],['description']
七月开张吉日,['61277'],[],description,3,0,[],,"['61111', '62497', '5601']","[0.5960077047348022, 0.5218970775604248, 0.49446749687194824]","['description', 'description', 'description']"
七月黄历黄道吉日查询,['61277'],[],description,1,0,[],,['61111'],[0.6738802194595337],['description']
七月黄历黄道吉日查询,['61277'],[],description,3,0,[],,"['61111', '62497', '5601']","[0.6738802194595337, 0.6315908432006836, 0.5930866003036499]","['description', 'description', 'description']"
万年历黄道吉日2026,['61277'],[],description,1,0,[],,['61111'],[0.6912671327590942],['description']
万年历黄道吉日2026,['61277'],[],description,3,0,[],,"['61111', '5601', '62497']","[0.6912671327590942, 0.6329565048217773, 0.6067032814025879]","['description', 'description', 'description']"
五月份黄道吉日,['61277'],[],description,1,0,[],,['61111'],[0.7320435643196106],['description']
五月份黄道吉日,['61277'],[],description,3,0,[],,"['61111', '5601', '62497']","[0.7320435643196106, 0.6310082674026489, 0.6174824237823486]","['description', 'description', 'description']"
今天适合理发吗,['61277'],[],description,1,0,[],,['61111'],[0.5442762970924377],['description']
今天适合理发吗,['61277'],[],description,3,0,[],,"['61111', '5601', '51323']","[0.5442762970924377, 0.5127460360527039, 0.46422791481018066]","['description', 'description', 'description']"
今天黄道吉日吗,['61277'],[],description,1,0,[],,['61111'],[0.7701956033706665],['description']
今天黄道吉日吗,['61277'],[],description,3,0,[],,"['61111', '5601', '62497']","[0.7701956033706665, 0.7055089473724365, 0.625044584274292]","['description', 'description', 'description']"
今日财神方位查询老黄历,['61277'],[],description,1,0,[],,['61111'],[0.6435996890068054],['description']
今日财神方位查询老黄历,['61277'],[],description,3,0,[],,"['61111', '5601', '62497']","[0.6435996890068054, 0.6028077006340027, 0.5296777486801147]","['description', 'description', 'description']"
八月8号是黄道吉日吗,['61277'],[],description,1,0,[],,['61111'],[0.702081561088562],['description']
八月8号是黄道吉日吗,['61277'],[],description,3,0,[],,"['61111', '5601', '62497']","[0.702081561088562, 0.6145584583282471, 0.5808054208755493]","['description', 'description', 'description']"
八月有适合结婚的日子吗,['61277'],[],description,1,0,[],,['61111'],[0.6395217180252075],['description']
八月有适合结婚的日子吗,['61277'],[],description,3,0,[],,"['61111', '5601', '62497']","[0.6395217180252075, 0.5612898468971252, 0.5565582513809204]","['description', 'description', 'description']"
六月份黄道吉日,['61277'],[],description,1,0,[],,['61111'],[0.7237926721572876],['description']
六月份黄道吉日,['61277'],[],description,3,0,[],,"['61111', '5601', '62497']","[0.7237926721572876, 0.6155206561088562, 0.5982128381729126]","['description', 'description', 'description']"
六月初一适不适合出门,['61277'],[],description,1,0,[],,['61111'],[0.6350154876708984],['description']
六月初一适不适合出门,['61277'],[],description,3,0,[],,"['61111', '5601', '62497']","[0.6350154876708984, 0.5708413124084473, 0.5412039160728455]","['description', 'description', 'description']"
六月初六是好日子吗,['61277'],[],description,1,0,[],,['61111'],[0.6462811231613159],['description']
六月初六是好日子吗,['61277'],[],description,3,0,[],,"['61111', '5601', '62497']","[0.6462811231613159, 0.572521984577179, 0.5327860713005066]","['description', 'description', 'description']"
六月十四号是黄道吉日吗,['61277'],[],description,1,0,[],,['61111'],[0.6913840770721436],['description']
六月十四号是黄道吉日吗,['61277'],[],description,3,0,[],,"['61111', '5601', '62497']","[0.6913840770721436, 0.6038677096366882, 0.5701587200164795]","['description', 'description', 'description']"
农历10月初九是黄道吉日吗,['61277'],[],description,1,0,[],,['61111'],[0.7049278020858765],['description']
农历10月初九是黄道吉日吗,['61277'],[],description,3,0,[],,"['61111', '5601', '62497']","[0.7049278020858765, 0.6178393363952637, 0.6027734279632568]","['description', 'description', 'description']"
农历5月26是好日子吗,['61277'],[],description,1,0,[],,['61111'],[0.6569148898124695],['description']
农历5月26是好日子吗,['61277'],[],description,3,0,[],,"['61111', '5601', '62497']","[0.6569148898124695, 0.5896252989768982, 0.5805347561836243]","['description', 'description', 'description']"
农历6月初6开业好吗,['61277'],[],description,1,0,[],,['61111'],[0.6280331611633301],['description']
农历6月初6开业好吗,['61277'],[],description,3,0,[],,"['61111', '5601', '62497']","[0.6280331611633301, 0.5477538108825684, 0.5211054086685181]","['description', 'description', 'description']"
农历6月初六搬家好吗,['61277'],[],description,1,0,[],,['61111'],[0.5788463354110718],['description']
农历6月初六搬家好吗,['61277'],[],description,3,0,[],,"['61111', '5601', '62497']","[0.5788463354110718, 0.5120222568511963, 0.49157679080963135]","['description', 'description', 'description']"
农历6月初四是黄道吉日吗,['61277'],[],description,1,0,[],,['61111'],[0.6751817464828491],['description']
农历6月初四是黄道吉日吗,['61277'],[],description,3,0,[],,"['61111', '5601', '62497']","[0.6751817464828491, 0.588339626789093, 0.566805362701416]","['description', 'description', 'description']"
农历6月黄道吉日查询,['61277'],[],description,1,0,[],,['61111'],[0.7485126256942749],['description']
农历6月黄道吉日查询,['61277'],[],description,3,0,[],,"['61111', '62497', '5601']","[0.7485126256942749, 0.6589285731315613, 0.6577876806259155]","['description', 'description', 'description']"
农历五月二十七号是黄道吉日吗,['61277'],[],description,1,0,[],,['61111'],[0.6896346807479858],['description']
农历五月二十七号是黄道吉日吗,['61277'],[],description,3,0,[],,"['61111', '5601', '62497']","[0.6896346807479858, 0.6114431619644165, 0.6043533682823181]","['description', 'description', 'description']"
农历五月二十八日是黄道吉日吗,['61277'],[],description,1,0,[],,['61111'],[0.6801837682723999],['description']
农历五月二十八日是黄道吉日吗,['61277'],[],description,3,0,[],,"['61111', '5601', '62497']","[0.6801837682723999, 0.595732569694519, 0.5865540504455566]","['description', 'description', 'description']"
农历五月二十四黄道吉日查询,['61277'],[],description,1,0,[],,['61111'],[0.691672682762146],['description']
农历五月二十四黄道吉日查询,['61277'],[],description,3,0,[],,"['61111', '5601', '62497']","[0.691672682762146, 0.6110764741897583, 0.610710859298706]","['description', 'description', 'description']"
农历五月安床吉日,['61277'],[],description,1,0,[],,['61111'],[0.6125479936599731],['description']
农历五月安床吉日,['61277'],[],description,3,0,[],,"['61111', '62497', '5601']","[0.6125479936599731, 0.5393277406692505, 0.5341963171958923]","['description', 'description', 'description']"
农历五月适合搬家的日子,['61277'],[],description,1,0,[],,['61111'],[0.6058667898178101],['description']
农历五月适合搬家的日子,['61277'],[],description,3,0,[],,"['61111', '62497', '5601']","[0.6058667898178101, 0.5428047180175781, 0.534827470779419]","['description', 'description', 'description']"
农历八月初二日结婚好吗,['61277'],[],description,1,0,[],,['61111'],[0.6163228750228882],['description']
农历八月初二日结婚好吗,['61277'],[],description,3,0,[],,"['61111', '5601', '62497']","[0.6163228750228882, 0.5364388227462769, 0.5319252014160156]","['description', 'description', 'description']"
农历六月适合搬家的日子,['61277'],[],description,1,0,[],,['61111'],[0.6019498109817505],['description']
农历六月适合搬家的日子,['61277'],[],description,3,0,[],,"['61111', '5601', '62497']","[0.6019498109817505, 0.5328422784805298, 0.5326387882232666]","['description', 'description', 'description']"
十月份适合结婚日子,['61277'],[],description,1,0,[],,['61111'],[0.6362086534500122],['description']
十月份适合结婚日子,['61277'],[],description,3,0,[],,"['61111', '5601', '62497']","[0.6362086534500122, 0.5492331981658936, 0.5342841148376465]","['description', 'description', 'description']"
属虎7月提车吉日查询,['61277'],[],description,1,0,[],,['61111'],[0.5842171907424927],['description']
属虎7月提车吉日查询,['61277'],[],description,3,0,[],,"['61111', '5601', '62497']","[0.5842171907424927, 0.5177291631698608, 0.4903026223182678]","['description', 'description', 'description']"
属鸡属猪搬家黄道吉日,['61277'],[],description,1,0,[],,['61111'],[0.5628247857093811],['description']
属鸡属猪搬家黄道吉日,['61277'],[],description,3,0,[],,"['61111', '5601', '51323']","[0.5628247857093811, 0.49627313017845154, 0.4485042989253998]","['description', 'description', 'description']"
属龙搬家吉日,['61277'],[],description,1,0,[],,['61111'],[0.5651931762695312],['description']
属龙搬家吉日,['61277'],[],description,3,0,[],,"['61111', '5601', '62497']","[0.5651931762695312, 0.48604440689086914, 0.43820273876190186]","['description', 'description', 'description']"
日历2027年黄道吉日一览表,['61277'],[],description,1,0,[],,['61111'],[0.7136017084121704],['description']
日历2027年黄道吉日一览表,['61277'],[],description,3,0,[],,"['61111', '5601', '62497']","[0.7136017084121704, 0.668786883354187, 0.660775363445282]","['description', 'description', 'description']"
日历吉日查询,['61277'],[],description,1,0,[],,['61111'],[0.8572300672531128],['description']
日历吉日查询,['61277'],[],description,3,0,[],,"['61111', '5601', '62497']","[0.8572300672531128, 0.7808883190155029, 0.7225357890129089]","['description', 'description', 'description']"
老黄历2026年黄历查询,['61277'],[],description,1,0,[],,['61111'],[0.6513615250587463],['description']
老黄历2026年黄历查询,['61277'],[],description,3,0,[],,"['61111', '5601', '62497']","[0.6513615250587463, 0.6321648359298706, 0.5947798490524292]","['description', 'description', 'description']"
老黄历财神方位,['61277'],[],description,1,0,[],,['61111'],[0.5808068513870239],['description']
老黄历财神方位,['61277'],[],description,3,0,[],,"['61111', '5601', '62497']","[0.5808068513870239, 0.566940426826477, 0.5021357536315918]","['description', 'description', 'description']"
这个月理发吉日,['61277'],[],description,1,0,[],,['61111'],[0.678408145904541],['description']
这个月理发吉日,['61277'],[],description,3,0,[],,"['61111', '62497', '5601']","[0.678408145904541, 0.589844822883606, 0.5827561616897583]","['description', 'description', 'description']"
适合开工装修的黄道吉日,['61277'],[],description,1,0,[],,['61111'],[0.6437172889709473],['description']
适合开工装修的黄道吉日,['61277'],[],description,3,0,[],,"['61111', '5601', '62497']","[0.6437172889709473, 0.5568126440048218, 0.4892846643924713]","['description', 'description', 'description']"
领证黄道吉日,['61277'],[],description,1,0,[],,['61111'],[0.7141557931900024],['description']
领证黄道吉日,['61277'],[],description,3,0,[],,"['61111', '5601', '62497']","[0.7141557931900024, 0.6377369165420532, 0.585040271282196]","['description', 'description', 'description']"
黄道吉日老黄历,['61277'],[],description,1,0,[],,['61111'],[0.8329288959503174],['description']
黄道吉日老黄历,['61277'],[],description,3,0,[],,"['61111', '5601', '62497']","[0.8329288959503174, 0.7507777810096741, 0.6958948373794556]","['description', 'description', 'description']"
10月黄道吉日,['61277'],[],merged,1,0,[],,['61111'],[0.7410125732421875],['description']
10月黄道吉日,['61277'],[],merged,3,0,[],,"['61111', '5601', '62497']","[0.7410125732421875, 0.6398244500160217, 0.620290994644165]","['description', 'description', 'description']"
1969年的老黄历,['61277'],[],merged,1,0,[],,['61111'],[0.5694772005081177],['description']
1969年的老黄历,['61277'],[],merged,3,0,[],,"['61111', '5601', '62497']","[0.5694772005081177, 0.5658613443374634, 0.5313537120819092]","['description', 'description', 'description']"
2020.7.12黄道吉日,['61277'],[],merged,1,0,[],,['61111'],[0.6486048102378845],['description']
2020.7.12黄道吉日,['61277'],[],merged,3,0,[],,"['61111', '5601', '62497']","[0.6486048102378845, 0.5598782300949097, 0.5339823365211487]","['description', 'description', 'description']"
2020年8月份乔迁黄道吉日,['61277'],[],merged,1,0,[],,['61111'],[0.5764726400375366],['description']
2020年8月份乔迁黄道吉日,['61277'],[],merged,3,0,[],,"['61111', '5601', '62497']","[0.5764726400375366, 0.4967600703239441, 0.47162294387817383]","['description', 'description', 'description']"
2021年7月份回家吉日,['61277'],[],merged,1,0,[],,['61111'],[0.598407506942749],['description']
2021年7月份回家吉日,['61277'],[],merged,3,0,[],,"['61111', '5601', '62497']","[0.598407506942749, 0.5508324503898621, 0.5479593873023987]","['description', 'description', 'description']"
2021年农历5月26日吉时,['61277'],[],merged,1,0,[],,['61111'],[0.5923130512237549],['description']
2021年农历5月26日吉时,['61277'],[],merged,3,0,[],,"['61111', '62497', '5601']","[0.5923130512237549, 0.5299842953681946, 0.5268810987472534]","['description', 'description', 'description']"
2026.6.9是黄道吉日吗,['61277'],[],merged,1,0,[],,['61111'],[0.6647237539291382],['description']
2026.6.9是黄道吉日吗,['61277'],[],merged,3,0,[],,"['61111', '5601', '62497']","[0.6647237539291382, 0.5964857339859009, 0.540936291217804]","['description', 'description', 'description']"
2026农历六月搬家吉日,['61277'],[],merged,1,0,[],,['61111'],[0.5501552820205688],['description']
2026农历六月搬家吉日,['61277'],[],merged,3,0,[],,"['61111', '5601', '62497']","[0.5501552820205688, 0.49309998750686646, 0.4857816696166992]","['description', 'description', 'description']"
2026安葬吉日,['61277'],[],merged,1,0,[],,['61111'],[0.5341774225234985],['description']
2026安葬吉日,['61277'],[],merged,3,0,[],,"['61111', '5601', '62497']","[0.5341774225234985, 0.47958904504776, 0.4429202079772949]","['description', 'description', 'description']"
2026年10月份结婚黄道吉日,['61277'],[],merged,1,0,[],,['61111'],[0.6057773232460022],['description']
2026年10月份结婚黄道吉日,['61277'],[],merged,3,0,[],,"['61111', '5601', '62497']","[0.6057773232460022, 0.5248730778694153, 0.5047779083251953]","['description', 'description', 'description']"
2026年5月最吉利的日子,['61277'],[],merged,1,0,[],,['61111'],[0.636684238910675],['description']
2026年5月最吉利的日子,['61277'],[],merged,3,0,[],,"['61111', '5601', '62497']","[0.636684238910675, 0.5564358234405518, 0.5425924062728882]","['description', 'description', 'description']"
2026年6月12日是黄道吉日吗,['61277'],[],merged,1,0,[],,['61111'],[0.6594308614730835],['description']
2026年6月12日是黄道吉日吗,['61277'],[],merged,3,0,[],,"['61111', '5601', '62497']","[0.6594308614730835, 0.5839893817901611, 0.5378377437591553]","['description', 'description', 'description']"
2026年6月6日适合结婚吗,['61277'],[],merged,1,0,[],,['61111'],[0.5979039072990417],['description']
2026年6月6日适合结婚吗,['61277'],[],merged,3,0,[],,"['61111', '5601', '62497']","[0.5979039072990417, 0.5261512994766235, 0.4937257170677185]","['description', 'description', 'description']"
2026年6月理发的黄道吉日,['61277'],[],merged,1,0,[],,['61111'],[0.5697227716445923],['description']
2026年6月理发的黄道吉日,['61277'],[],merged,3,0,[],,"['61111', '5601', '62497']","[0.5697227716445923, 0.5048038959503174, 0.4967871904373169]","['description', 'description', 'description']"
2026年6月黄历,['61277'],[],merged,1,0,[],,['61111'],[0.6307278871536255],['description']
2026年6月黄历,['61277'],[],merged,3,0,[],,"['61111', '5601', '62497']","[0.6307278871536255, 0.5963929891586304, 0.5910646915435791]","['description', 'description', 'description']"
2026年7月10日黄历查询,['61277'],[],merged,1,0,[],,['61111'],[0.6062511205673218],['description']
2026年7月10日黄历查询,['61277'],[],merged,3,0,[],,"['61111', '5601', '62497']","[0.6062511205673218, 0.5793380737304688, 0.5667093992233276]","['description', 'description', 'description']"
2026年7月26号适合搬家吗,['61277'],[],merged,1,0,[],,['61111'],[0.5582388639450073],['description']
2026年7月26号适合搬家吗,['61277'],[],merged,3,0,[],,"['61111', '5601', '62497']","[0.5582388639450073, 0.5199286341667175, 0.4870325028896332]","['description', 'description', 'description']"
2026年7月26日是黄道吉日吗,['61277'],[],merged,1,0,[],,['61111'],[0.6525201797485352],['description']
2026年7月26日是黄道吉日吗,['61277'],[],merged,3,0,[],,"['61111', '5601', '62497']","[0.6525201797485352, 0.5879603028297424, 0.5557201504707336]","['description', 'description', 'description']"
2026年7月6日吉时,['61277'],[],merged,1,0,[],,['61111'],[0.5933051109313965],['description']
2026年7月6日吉时,['61277'],[],merged,3,0,[],,"['61111', '5601', '62497']","[0.5933051109313965, 0.5198357105255127, 0.5075427889823914]","['description', 'description', 'description']"
2026年7月6日宜忌,['61277'],[],merged,1,0,[],,['61111'],[0.6630964279174805],['description']
2026年7月6日宜忌,['61277'],[],merged,3,0,[],,"['61111', '5601', '62497']","[0.6630964279174805, 0.6021938323974609, 0.5780857801437378]","['description', 'description', 'description']"
2026年7月6日黄道吉日,['61277'],[],merged,1,0,[],,['61111'],[0.6466273665428162],['description']
2026年7月6日黄道吉日,['61277'],[],merged,3,0,[],,"['61111', '5601', '62497']","[0.6466273665428162, 0.564943790435791, 0.5464649200439453]","['description', 'description', 'description']"
2026年7月8日下葬合适吗,['61277'],[],merged,1,0,[],,['61111'],[0.5838488340377808],['description']
2026年7月8日下葬合适吗,['61277'],[],merged,3,0,[],,"['61111', '5601', '62497']","[0.5838488340377808, 0.5356078147888184, 0.5147960186004639]","['description', 'description', 'description']"
2026年7月8日的黄历,['61277'],[],merged,1,0,[],,['61111'],[0.6544011831283569],['description']
2026年7月8日的黄历,['61277'],[],merged,3,0,[],,"['61111', '5601', '62497']","[0.6544011831283569, 0.626451849937439, 0.6132959127426147]","['description', 'description', 'description']"
2026年7月8日适合领证吗,['61277'],[],merged,1,0,[],,['61111'],[0.6452581882476807],['title_description']
2026年7月8日适合领证吗,['61277'],[],merged,3,0,[],,"['61111', '5601', '62497']","[0.6452581882476807, 0.5702998638153076, 0.5421264171600342]","['title_description', 'description', 'description']"
2026年7月9日黄历查询,['61277'],[],merged,1,0,[],,['61111'],[0.6018893122673035],['description']
2026年7月9日黄历查询,['61277'],[],merged,3,0,[],,"['61111', '5601', '62497']","[0.6018893122673035, 0.571208119392395, 0.5534205436706543]","['description', 'description', 'description']"
2026年7月乔迁新居吉日有哪些,['61277'],[],merged,1,0,[],,['61111'],[0.5727033019065857],['title_description']
2026年7月乔迁新居吉日有哪些,['61277'],[],merged,3,0,[],,"['61111', '5601', '62497']","[0.5727033019065857, 0.5033823251724243, 0.47254306077957153]","['title_description', 'title_description', 'description']"
2026年7月份动土吉日,['61277'],[],merged,1,0,[],,['61111'],[0.5592204332351685],['description']
2026年7月份动土吉日,['61277'],[],merged,3,0,[],,"['61111', '62497', '5601']","[0.5592204332351685, 0.48897767066955566, 0.48442521691322327]","['description', 'description', 'description']"
2026年7月份提车吉日,['61277'],[],merged,1,0,[],,['61111'],[0.6254323124885559],['title_description']
2026年7月份提车吉日,['61277'],[],merged,3,0,[],,"['61111', '5601', '62497']","[0.6254323124885559, 0.5461225509643555, 0.5385206937789917]","['title_description', 'description', 'description']"
2026年7月份的结婚吉日,['61277'],[],merged,1,0,[],,['61111'],[0.6256518363952637],['description']
2026年7月份的结婚吉日,['61277'],[],merged,3,0,[],,"['61111', '5601', '62497']","[0.6256518363952637, 0.5473049879074097, 0.5420558452606201]","['description', 'description', 'description']"
2026年7月份装修开工吉日,['61277'],[],merged,1,0,[],,['61111'],[0.5527883768081665],['description']
2026年7月份装修开工吉日,['61277'],[],merged,3,0,[],,"['61111', '5601', '62497']","[0.5527883768081665, 0.4803670644760132, 0.47350093722343445]","['description', 'description', 'description']"
2026年7月份那天适合开业吗,['61277'],[],merged,1,0,[],,['61111'],[0.6430148482322693],['title_description']
2026年7月份那天适合开业吗,['61277'],[],merged,3,0,[],,"['61111', '5601', '62497']","[0.6430148482322693, 0.5683902502059937, 0.5411370992660522]","['title_description', 'description', 'description']"
2026年7月哪天是好日子,['61277'],[],merged,1,0,[],,['61111'],[0.5909303426742554],['description']
2026年7月哪天是好日子,['61277'],[],merged,3,0,[],,"['61111', '5601', '62497']","[0.5909303426742554, 0.5394800901412964, 0.5257203578948975]","['description', 'description', 'description']"
2026年7月安床吉日,['61277'],[],merged,1,0,[],,['61111'],[0.5450429320335388],['description']
2026年7月安床吉日,['61277'],[],merged,3,0,[],,"['61111', '5601', '62497']","[0.5450429320335388, 0.4836576282978058, 0.47332245111465454]","['description', 'description', 'description']"
2026年7月属羊出行黄道吉日查询表,['61277'],[],merged,1,0,[],,['61111'],[0.5950685739517212],['description']
2026年7月属羊出行黄道吉日查询表,['61277'],[],merged,3,0,[],,"['61111', '5601', '62497']","[0.5950685739517212, 0.5243789553642273, 0.507466197013855]","['description', 'description', 'description']"
2026年7月开业黄道吉日有哪些,['61277'],[],merged,1,0,[],,['61111'],[0.6093915700912476],['description']
2026年7月开业黄道吉日有哪些,['61277'],[],merged,3,0,[],,"['61111', '5601', '62497']","[0.6093915700912476, 0.528586745262146, 0.5028319358825684]","['description', 'description', 'description']"
2026年7月搬家的黄道吉日,['61277'],[],merged,1,0,[],,['61111'],[0.5864009261131287],['description']
2026年7月搬家的黄道吉日,['61277'],[],merged,3,0,[],,"['61111', '5601', '62497']","[0.5864009261131287, 0.5332927107810974, 0.5149868726730347]","['description', 'description', 'description']"
2026年7月最吉利的日子,['61277'],[],merged,1,0,[],,['61111'],[0.6425975561141968],['description']
2026年7月最吉利的日子,['61277'],[],merged,3,0,[],,"['61111', '5601', '62497']","[0.6425975561141968, 0.5636247396469116, 0.5607914328575134]","['description', 'description', 'description']"
2026年7月理发的吉日,['61277'],[],merged,1,0,[],,['61111'],[0.5584515333175659],['description']
2026年7月理发的吉日,['61277'],[],merged,3,0,[],,"['61111', '62497', '5601']","[0.5584515333175659, 0.5050071477890015, 0.49839165806770325]","['description', 'description', 'description']"
2026年7月的出行吉日,['61277'],[],merged,1,0,[],,['61111'],[0.6302847266197205],['description']
2026年7月的出行吉日,['61277'],[],merged,3,0,[],,"['61111', '5601', '62497']","[0.6302847266197205, 0.5570723414421082, 0.5395480394363403]","['description', 'description', 'description']"
2026年7月黄道吉日,['61277'],[],merged,1,0,[],,['61111'],[0.6467154622077942],['description']
2026年7月黄道吉日,['61277'],[],merged,3,0,[],,"['61111', '5601', '62497']","[0.6467154622077942, 0.5752626657485962, 0.5689487457275391]","['description', 'description', 'description']"
2026年8月8日是黄道吉日吗,['61277'],[],merged,1,0,[],,['61111'],[0.6485979557037354],['description']
2026年8月8日是黄道吉日吗,['61277'],[],merged,3,0,[],,"['61111', '5601', '62497']","[0.6485979557037354, 0.5694582462310791, 0.5343122482299805]","['description', 'description', 'description']"
2026年8月8日订婚合适吗,['61277'],[],merged,1,0,[],,['61111'],[0.6222118735313416],['description']
2026年8月8日订婚合适吗,['61277'],[],merged,3,0,[],,"['61111', '5601', '62497']","[0.6222118735313416, 0.5435241460800171, 0.5169949531555176]","['description', 'description', 'description']"
2026年8月份适合搬家的黄道吉日,['61277'],[],merged,1,0,[],,['61111'],[0.5666409730911255],['description']
2026年8月份适合搬家的黄道吉日,['61277'],[],merged,3,0,[],,"['61111', '5601', '62497']","[0.5666409730911255, 0.4966762363910675, 0.48016488552093506]","['description', 'description', 'description']"
2026年8月搬家入宅最好吉日是什么呢,['61277'],[],merged,1,0,[],,['61111'],[0.5521901249885559],['description']
2026年8月搬家入宅最好吉日是什么呢,['61277'],[],merged,3,0,[],,"['61111', '5601', '62497']","[0.5521901249885559, 0.49006789922714233, 0.4602736830711365]","['description', 'description', 'description']"
2026年8月最吉利的日子,['61277'],[],merged,1,0,[],,['61111'],[0.6356505751609802],['description']
2026年8月最吉利的日子,['61277'],[],merged,3,0,[],,"['61111', '5601', '62497']","[0.6356505751609802, 0.5506762266159058, 0.5425001382827759]","['description', 'description', 'description']"
2026年8月黄道吉日,['61277'],[],merged,1,0,[],,['61111'],[0.6339932680130005],['description']
2026年8月黄道吉日,['61277'],[],merged,3,0,[],,"['61111', '5601', '62497']","[0.6339932680130005, 0.5534948110580444, 0.5421313047409058]","['description', 'description', 'description']"
2026年9月黄道吉日,['61277'],[],merged,1,0,[],,['61111'],[0.6363222599029541],['description']
2026年9月黄道吉日,['61277'],[],merged,3,0,[],,"['61111', '5601', '62497']","[0.6363222599029541, 0.5598351955413818, 0.5458319187164307]","['description', 'description', 'description']"
2026年农历5月26日是黄道吉日吗,['61277'],[],merged,1,0,[],,['61111'],[0.6553775072097778],['description']
2026年农历5月26日是黄道吉日吗,['61277'],[],merged,3,0,[],,"['61111', '5601', '62497']","[0.6553775072097778, 0.5836942195892334, 0.5549306869506836]","['description', 'description', 'description']"
2026年农历五月二十七日的老皇历,['61277'],[],merged,1,0,[],,['61111'],[0.576382040977478],['description']
2026年农历五月二十七日的老皇历,['61277'],[],merged,3,0,[],,"['61111', '62497', '5601']","[0.576382040977478, 0.5677610039710999, 0.5636229515075684]","['description', 'description', 'description']"
2026年农历五月二十九日是黄道吉日吗,['61277'],[],merged,1,0,[],,['61111'],[0.6445990800857544],['description']
2026年农历五月二十九日是黄道吉日吗,['61277'],[],merged,3,0,[],,"['61111', '5601', '62497']","[0.6445990800857544, 0.5738173723220825, 0.5437952280044556]","['description', 'description', 'description']"
2026年农历五月二十六日吉时,['61277'],[],merged,1,0,[],,['61111'],[0.5882081389427185],['description']
2026年农历五月二十六日吉时,['61277'],[],merged,3,0,[],,"['61111', '5601', '62497']","[0.5882081389427185, 0.518909215927124, 0.5119584798812866]","['description', 'description', 'description']"
2026年农历五月二十四日是黄道吉日吗,['61277'],[],merged,1,0,[],,['61111'],[0.6452091336250305],['description']
2026年农历五月二十四日是黄道吉日吗,['61277'],[],merged,3,0,[],,"['61111', '5601', '62497']","[0.6452091336250305, 0.5723804235458374, 0.5504668951034546]","['description', 'description', 'description']"
2026年出门的好日子有哪些,['61277'],[],merged,1,0,[],,['61111'],[0.5949158668518066],['description']
2026年出门的好日子有哪些,['61277'],[],merged,3,0,[],,"['61111', '5601', '62497']","[0.5949158668518066, 0.54133141040802, 0.4993605613708496]","['description', 'description', 'description']"
2026年属鸡开业黄道吉日,['61277'],[],merged,1,0,[],,['61111'],[0.5437071919441223],['description']
2026年属鸡开业黄道吉日,['61277'],[],merged,3,0,[],,"['61111', '5601', '51323']","[0.5437071919441223, 0.47833114862442017, 0.42797940969467163]","['description', 'description', 'title_description']"
2026年老黄历万年历,['61277'],[],merged,1,0,[],,['61111'],[0.6159626245498657],['description']
2026年老黄历万年历,['61277'],[],merged,3,0,[],,"['61111', '5601', '62497']","[0.6159626245498657, 0.6144078969955444, 0.5903652906417847]","['description', 'description', 'description']"
2026年领证吉日,['61277'],[],merged,1,0,[],,['61111'],[0.6187293529510498],['title_description']
2026年领证吉日,['61277'],[],merged,3,0,[],,"['61111', '5601', '62497']","[0.6187293529510498, 0.5405031442642212, 0.5088261365890503]","['title_description', 'description', 'description']"
2026年黄道吉日查询表,['61277'],[],merged,1,0,[],,['61111'],[0.6483907699584961],['description']
2026年黄道吉日查询表,['61277'],[],merged,3,0,[],,"['61111', '5601', '62497']","[0.6483907699584961, 0.5783555507659912, 0.5468916893005371]","['description', 'description', 'description']"
2026结婚吉日,['61277'],[],merged,1,0,[],,['61111'],[0.6080934405326843],['description']
2026结婚吉日,['61277'],[],merged,3,0,[],,"['61111', '5601', '62497']","[0.6080934405326843, 0.5282108783721924, 0.4896427392959595]","['description', 'description', 'description']"
2027年2月的黄道吉日,['61277'],[],merged,1,0,[],,['61111'],[0.6794582605361938],['description']
2027年2月的黄道吉日,['61277'],[],merged,3,0,[],,"['61111', '5601', '62497']","[0.6794582605361938, 0.6255325078964233, 0.6127848625183105]","['description', 'description', 'description']"
2027年适合结婚的日子,['61277'],[],merged,1,0,[],,['61111'],[0.5950831174850464],['description']
2027年适合结婚的日子,['61277'],[],merged,3,0,[],,"['61111', '5601', '62497']","[0.5950831174850464, 0.5346713066101074, 0.5084343552589417]","['description', 'description', 'description']"
2027年黄道吉日,['61277'],[],merged,1,0,[],,['61111'],[0.6829001903533936],['description']
2027年黄道吉日,['61277'],[],merged,3,0,[],,"['61111', '5601', '62497']","[0.6829001903533936, 0.621604323387146, 0.5904068946838379]","['description', 'description', 'description']"
26年11月搬家吉日,['61277'],[],merged,1,0,[],,['61111'],[0.5279085636138916],['description']
26年11月搬家吉日,['61277'],[],merged,3,0,[],,"['61111', '5601', '62497']","[0.5279085636138916, 0.45420271158218384, 0.43300384283065796]","['description', 'description', 'description']"
26年7月24日宜忌,['61277'],[],merged,1,0,[],,['61111'],[0.6182711124420166],['description']
26年7月24日宜忌,['61277'],[],merged,3,0,[],,"['61111', '62497', '5601']","[0.6182711124420166, 0.5542311668395996, 0.5517163276672363]","['description', 'description', 'description']"
26年8月份结婚吉日有哪些,['61277'],[],merged,1,0,[],,['61111'],[0.6231765151023865],['description']
26年8月份结婚吉日有哪些,['61277'],[],merged,3,0,[],,"['61111', '5601', '62497']","[0.6231765151023865, 0.5243198871612549, 0.5174820423126221]","['description', 'description', 'description']"
26年8月搬家吉日一览表,['61277'],[],merged,1,0,[],,['61111'],[0.554445743560791],['description']
26年8月搬家吉日一览表,['61277'],[],merged,3,0,[],,"['61111', '5601', '62497']","[0.554445743560791, 0.47712141275405884, 0.4708824157714844]","['description', 'description', 'description']"
6月份适合种树一览表,['61277'],[],merged,1,0,[],,['51323'],[0.4682381749153137],['title_description']
6月份适合种树一览表,['61277'],[],merged,3,0,[],,"['51323', '61111', '5601']","[0.4682381749153137, 0.4368652105331421, 0.4250885844230652]","['title_description', 'title_description', 'title_description']"
7月10日适合理发吗,['61277'],[],merged,1,0,[],,['61111'],[0.5705921649932861],['title_description']
7月10日适合理发吗,['61277'],[],merged,3,0,[],,"['61111', '5601', '62497']","[0.5705921649932861, 0.5158959627151489, 0.49784359335899353]","['title_description', 'description', 'description']"
7月11号是黄道吉日吗,['61277'],[],merged,1,0,[],,['61111'],[0.6561489105224609],['description']
7月11号是黄道吉日吗,['61277'],[],merged,3,0,[],,"['61111', '5601', '62497']","[0.6561489105224609, 0.5784764289855957, 0.5475298166275024]","['description', 'description', 'description']"
7月12号适合订婚吗,['61277'],[],merged,1,0,[],,['61111'],[0.6274861097335815],['description']
7月12号适合订婚吗,['61277'],[],merged,3,0,[],,"['61111', '5601', '62497']","[0.6274861097335815, 0.5520445108413696, 0.5261008739471436]","['description', 'description', 'description']"
7月13号宜忌,['61277'],[],merged,1,0,[],,['61111'],[0.6945254802703857],['description']
7月13号宜忌,['61277'],[],merged,3,0,[],,"['61111', '5601', '62497']","[0.6945254802703857, 0.6204362511634827, 0.5834054946899414]","['description', 'description', 'description']"
7月13黄历吉日查询,['61277'],[],merged,1,0,[],,['61111'],[0.6743481755256653],['description']
7月13黄历吉日查询,['61277'],[],merged,3,0,[],,"['61111', '5601', '62497']","[0.6743481755256653, 0.5995806455612183, 0.5675113201141357]","['description', 'description', 'description']"
7月16号搬家合适吗,['61277'],[],merged,1,0,[],,['61111'],[0.6435403823852539],['description']
7月16号搬家合适吗,['61277'],[],merged,3,0,[],,"['61111', '5601', '62497']","[0.6435403823852539, 0.5707255601882935, 0.5336450934410095]","['description', 'description', 'description']"
7月16号是黄道吉日吗,['61277'],[],merged,1,0,[],,['61111'],[0.6763927936553955],['description']
7月16号是黄道吉日吗,['61277'],[],merged,3,0,[],,"['61111', '5601', '62497']","[0.6763927936553955, 0.5969395637512207, 0.5595133304595947]","['description', 'description', 'description']"
7月23日黄历,['61277'],[],merged,1,0,[],,['61111'],[0.6609476804733276],['description']
7月23日黄历,['61277'],[],merged,3,0,[],,"['61111', '5601', '62497']","[0.6609476804733276, 0.6249152421951294, 0.6180064678192139]","['description', 'description', 'description']"
7月8号日子好吗,['61277'],[],merged,1,0,[],,['61111'],[0.6941770911216736],['description']
7月8号日子好吗,['61277'],[],merged,3,0,[],,"['61111', '5601', '62497']","[0.6941770911216736, 0.6287175416946411, 0.5925929546356201]","['description', 'description', 'description']"
7月9号是黄道吉日吗,['61277'],[],merged,1,0,[],,['61111'],[0.6874710321426392],['description']
7月9号是黄道吉日吗,['61277'],[],merged,3,0,[],,"['61111', '5601', '62497']","[0.6874710321426392, 0.611877977848053, 0.5689256191253662]","['description', 'description', 'description']"
7月9号的黄历,['61277'],[],merged,1,0,[],,['61111'],[0.6952625513076782],['description']
7月9号的黄历,['61277'],[],merged,3,0,[],,"['61111', '5601', '62497']","[0.6952625513076782, 0.6662825345993042, 0.6406967639923096]","['description', 'description', 'description']"
7月9日黄历吉日查询表,['61277'],[],merged,1,0,[],,['61111'],[0.6572219133377075],['description']
7月9日黄历吉日查询表,['61277'],[],merged,3,0,[],,"['61111', '5601', '62497']","[0.6572219133377075, 0.5740702152252197, 0.55879145860672]","['description', 'description', 'description']"
7月份买房好吗,['61277'],[],merged,1,0,[],,['61111'],[0.5660966634750366],['title_description']
7月份买房好吗,['61277'],[],merged,3,0,[],,"['61111', '5601', '62497']","[0.5660966634750366, 0.5039955377578735, 0.4899038076400757]","['title_description', 'title_description', 'description']"
7月份买车的黄道吉日查询,['61277'],[],merged,1,0,[],,['61111'],[0.6773934960365295],['description']
7月份买车的黄道吉日查询,['61277'],[],merged,3,0,[],,"['61111', '5601', '62497']","[0.6773934960365295, 0.6073378324508667, 0.5883126258850098]","['description', 'description', 'description']"
7月份搬家哪天合适,['61277'],[],merged,1,0,[],,['61111'],[0.6217215061187744],['description']
7月份搬家哪天合适,['61277'],[],merged,3,0,[],,"['61111', '5601', '62497']","[0.6217215061187744, 0.5611583590507507, 0.5446344017982483]","['description', 'description', 'description']"
7月份的理发吉日,['61277'],[],merged,1,0,[],,['61111'],[0.6214272975921631],['description']
7月份的理发吉日,['61277'],[],merged,3,0,[],,"['61111', '62497', '5601']","[0.6214272975921631, 0.5616892576217651, 0.5492534637451172]","['description', 'description', 'description']"
7月份的黄道吉日,['61277'],[],merged,1,0,[],,['61111'],[0.7412251234054565],['description']
7月份的黄道吉日,['61277'],[],merged,3,0,[],,"['61111', '62497', '5601']","[0.7412251234054565, 0.6502397656440735, 0.6457265615463257]","['description', 'description', 'description']"
7月搬家吉日,['61277'],[],merged,1,0,[],,['61111'],[0.6289983987808228],['description']
7月搬家吉日,['61277'],[],merged,3,0,[],,"['61111', '5601', '62497']","[0.6289983987808228, 0.5428521633148193, 0.5362423658370972]","['description', 'description', 'description']"
7月搬家的黄道吉日,['61277'],[],merged,1,0,[],,['61111'],[0.6400942802429199],['description']
7月搬家的黄道吉日,['61277'],[],merged,3,0,[],,"['61111', '5601', '62497']","[0.6400942802429199, 0.5686578154563904, 0.5498212575912476]","['description', 'description', 'description']"
7月有哪些好日子,['61277'],[],merged,1,0,[],,['61111'],[0.6743497252464294],['description']
7月有哪些好日子,['61277'],[],merged,3,0,[],,"['61111', '62497', '5601']","[0.6743497252464294, 0.6046206951141357, 0.6044496893882751]","['description', 'description', 'description']"
7月适合安床的日子,['61277'],[],merged,1,0,[],,['61111'],[0.5999501943588257],['description']
7月适合安床的日子,['61277'],[],merged,3,0,[],,"['61111', '62497', '5601']","[0.5999501943588257, 0.537695586681366, 0.5374473333358765]","['description', 'description', 'description']"
8.18黄历,['61277'],[],merged,1,0,[],,['61111'],[0.6932207345962524],['description']
8.18黄历,['61277'],[],merged,3,0,[],,"['61111', '5601', '62497']","[0.6932207345962524, 0.6552599668502808, 0.6104848384857178]","['description', 'description', 'description']"
8月2号适合结婚吗,['61277'],[],merged,1,0,[],,['61111'],[0.6033939123153687],['description']
8月2号适合结婚吗,['61277'],[],merged,3,0,[],,"['61111', '5601', '62497']","[0.6033939123153687, 0.531688392162323, 0.5062105655670166]","['description', 'description', 'description']"
8月搬家的吉日,['61277'],[],merged,1,0,[],,['61111'],[0.6288424730300903],['description']
8月搬家的吉日,['61277'],[],merged,3,0,[],,"['61111', '5601', '62497']","[0.6288424730300903, 0.5400463342666626, 0.5226719975471497]","['description', 'description', 'description']"
8月搬家的黄道吉日查询,['61277'],[],merged,1,0,[],,['61111'],[0.6602949500083923],['description']
8月搬家的黄道吉日查询,['61277'],[],merged,3,0,[],,"['61111', '5601', '62497']","[0.6602949500083923, 0.584744930267334, 0.5482994914054871]","['description', 'description', 'description']"
9.12黄历,['61277'],[],merged,1,0,[],,['61111'],[0.71220862865448],['description']
9.12黄历,['61277'],[],merged,3,0,[],,"['61111', '5601', '62497']","[0.71220862865448, 0.6687554121017456, 0.6199635863304138]","['description', 'description', 'description']"
七月份哪天适合开业,['61277'],[],merged,1,0,[],,['61111'],[0.6464828252792358],['title_description']
七月份哪天适合开业,['61277'],[],merged,3,0,[],,"['61111', '5601', '62497']","[0.6464828252792358, 0.5726621150970459, 0.5536952018737793]","['title_description', 'title_description', 'description']"
七月份安门的黄道吉日,['61277'],[],merged,1,0,[],,['61111'],[0.6369780898094177],['description']
七月份安门的黄道吉日,['61277'],[],merged,3,0,[],,"['61111', '62497', '5601']","[0.6369780898094177, 0.5573083162307739, 0.5480549931526184]","['description', 'description', 'description']"
七月份适合领证的日期,['61277'],[],merged,1,0,[],,['61111'],[0.6824852824211121],['title_description']
七月份适合领证的日期,['61277'],[],merged,3,0,[],,"['61111', '5601', '62497']","[0.6824852824211121, 0.6132868528366089, 0.590317964553833]","['title_description', 'title_description', 'description']"
七月开张吉日,['61277'],[],merged,1,0,[],,['61111'],[0.5960077047348022],['description']
七月开张吉日,['61277'],[],merged,3,0,[],,"['61111', '62497', '5601']","[0.5960077047348022, 0.5218970775604248, 0.4984951913356781]","['description', 'description', 'title_description']"
七月黄历黄道吉日查询,['61277'],[],merged,1,0,[],,['61111'],[0.6738802194595337],['description']
七月黄历黄道吉日查询,['61277'],[],merged,3,0,[],,"['61111', '62497', '5601']","[0.6738802194595337, 0.6315908432006836, 0.5930866003036499]","['description', 'description', 'description']"
万年历黄道吉日2026,['61277'],[],merged,1,0,[],,['61111'],[0.6912671327590942],['description']
万年历黄道吉日2026,['61277'],[],merged,3,0,[],,"['61111', '5601', '62497']","[0.6912671327590942, 0.6329565048217773, 0.6067032814025879]","['description', 'description', 'description']"
五月份黄道吉日,['61277'],[],merged,1,0,[],,['61111'],[0.7320435643196106],['description']
五月份黄道吉日,['61277'],[],merged,3,0,[],,"['61111', '5601', '62497']","[0.7320435643196106, 0.6310082674026489, 0.6174824237823486]","['description', 'description', 'description']"
今天适合理发吗,['61277'],[],merged,1,0,[],,['61111'],[0.5775479078292847],['title_description']
今天适合理发吗,['61277'],[],merged,3,0,[],,"['61111', '5601', '51323']","[0.5775479078292847, 0.5232478976249695, 0.46422791481018066]","['title_description', 'title_description', 'description']"
今天黄道吉日吗,['61277'],[],merged,1,0,[],,['61111'],[0.7701956033706665],['description']
今天黄道吉日吗,['61277'],[],merged,3,0,[],,"['61111', '5601', '62497']","[0.7701956033706665, 0.7055089473724365, 0.625044584274292]","['description', 'description', 'description']"
今日财神方位查询老黄历,['61277'],[],merged,1,0,[],,['61111'],[0.6435996890068054],['description']
今日财神方位查询老黄历,['61277'],[],merged,3,0,[],,"['61111', '5601', '62497']","[0.6435996890068054, 0.6028077006340027, 0.5296777486801147]","['description', 'description', 'description']"
八月8号是黄道吉日吗,['61277'],[],merged,1,0,[],,['61111'],[0.702081561088562],['description']
八月8号是黄道吉日吗,['61277'],[],merged,3,0,[],,"['61111', '5601', '62497']","[0.702081561088562, 0.6145584583282471, 0.5808054208755493]","['description', 'description', 'description']"
八月有适合结婚的日子吗,['61277'],[],merged,1,0,[],,['61111'],[0.6395217180252075],['description']
八月有适合结婚的日子吗,['61277'],[],merged,3,0,[],,"['61111', '5601', '62497']","[0.6395217180252075, 0.5612898468971252, 0.5565582513809204]","['description', 'description', 'description']"
六月份黄道吉日,['61277'],[],merged,1,0,[],,['61111'],[0.7237926721572876],['description']
六月份黄道吉日,['61277'],[],merged,3,0,[],,"['61111', '5601', '62497']","[0.7237926721572876, 0.6155206561088562, 0.5982128381729126]","['description', 'description', 'description']"
六月初一适不适合出门,['61277'],[],merged,1,0,[],,['61111'],[0.6350154876708984],['description']
六月初一适不适合出门,['61277'],[],merged,3,0,[],,"['61111', '5601', '62497']","[0.6350154876708984, 0.5708413124084473, 0.5412039160728455]","['description', 'description', 'description']"
六月初六是好日子吗,['61277'],[],merged,1,0,[],,['61111'],[0.6462811231613159],['description']
六月初六是好日子吗,['61277'],[],merged,3,0,[],,"['61111', '5601', '62497']","[0.6462811231613159, 0.572521984577179, 0.5327860713005066]","['description', 'description', 'description']"
六月十四号是黄道吉日吗,['61277'],[],merged,1,0,[],,['61111'],[0.6913840770721436],['description']
六月十四号是黄道吉日吗,['61277'],[],merged,3,0,[],,"['61111', '5601', '62497']","[0.6913840770721436, 0.6038677096366882, 0.5701587200164795]","['description', 'description', 'description']"
农历10月初九是黄道吉日吗,['61277'],[],merged,1,0,[],,['61111'],[0.7049278020858765],['description']
农历10月初九是黄道吉日吗,['61277'],[],merged,3,0,[],,"['61111', '5601', '62497']","[0.7049278020858765, 0.6178393363952637, 0.6027734279632568]","['description', 'description', 'description']"
农历5月26是好日子吗,['61277'],[],merged,1,0,[],,['61111'],[0.6569148898124695],['description']
农历5月26是好日子吗,['61277'],[],merged,3,0,[],,"['61111', '5601', '62497']","[0.6569148898124695, 0.5896252989768982, 0.5805347561836243]","['description', 'description', 'description']"
农历6月初6开业好吗,['61277'],[],merged,1,0,[],,['61111'],[0.6280331611633301],['description']
农历6月初6开业好吗,['61277'],[],merged,3,0,[],,"['61111', '5601', '62497']","[0.6280331611633301, 0.5477538108825684, 0.5211054086685181]","['description', 'description', 'description']"
农历6月初六搬家好吗,['61277'],[],merged,1,0,[],,['61111'],[0.5788463354110718],['description']
农历6月初六搬家好吗,['61277'],[],merged,3,0,[],,"['61111', '5601', '62497']","[0.5788463354110718, 0.5120222568511963, 0.49157679080963135]","['description', 'description', 'description']"
农历6月初四是黄道吉日吗,['61277'],[],merged,1,0,[],,['61111'],[0.6751817464828491],['description']
农历6月初四是黄道吉日吗,['61277'],[],merged,3,0,[],,"['61111', '5601', '62497']","[0.6751817464828491, 0.588339626789093, 0.566805362701416]","['description', 'description', 'description']"
农历6月黄道吉日查询,['61277'],[],merged,1,0,[],,['61111'],[0.7485126256942749],['description']
农历6月黄道吉日查询,['61277'],[],merged,3,0,[],,"['61111', '62497', '5601']","[0.7485126256942749, 0.6589285731315613, 0.6577876806259155]","['description', 'description', 'description']"
农历五月二十七号是黄道吉日吗,['61277'],[],merged,1,0,[],,['61111'],[0.6896346807479858],['description']
农历五月二十七号是黄道吉日吗,['61277'],[],merged,3,0,[],,"['61111', '5601', '62497']","[0.6896346807479858, 0.6114431619644165, 0.6043533682823181]","['description', 'description', 'description']"
农历五月二十八日是黄道吉日吗,['61277'],[],merged,1,0,[],,['61111'],[0.6801837682723999],['description']
农历五月二十八日是黄道吉日吗,['61277'],[],merged,3,0,[],,"['61111', '5601', '62497']","[0.6801837682723999, 0.595732569694519, 0.5865540504455566]","['description', 'description', 'description']"
农历五月二十四黄道吉日查询,['61277'],[],merged,1,0,[],,['61111'],[0.691672682762146],['description']
农历五月二十四黄道吉日查询,['61277'],[],merged,3,0,[],,"['61111', '5601', '62497']","[0.691672682762146, 0.6110764741897583, 0.610710859298706]","['description', 'description', 'description']"
农历五月安床吉日,['61277'],[],merged,1,0,[],,['61111'],[0.6125479936599731],['description']
农历五月安床吉日,['61277'],[],merged,3,0,[],,"['61111', '62497', '5601']","[0.6125479936599731, 0.5393277406692505, 0.5341963171958923]","['description', 'description', 'description']"
农历五月适合搬家的日子,['61277'],[],merged,1,0,[],,['61111'],[0.6058667898178101],['description']
农历五月适合搬家的日子,['61277'],[],merged,3,0,[],,"['61111', '62497', '5601']","[0.6058667898178101, 0.5428047180175781, 0.534827470779419]","['description', 'description', 'description']"
农历八月初二日结婚好吗,['61277'],[],merged,1,0,[],,['61111'],[0.6163228750228882],['description']
农历八月初二日结婚好吗,['61277'],[],merged,3,0,[],,"['61111', '5601', '62497']","[0.6163228750228882, 0.5364388227462769, 0.5319252014160156]","['description', 'description', 'description']"
农历六月适合搬家的日子,['61277'],[],merged,1,0,[],,['61111'],[0.6019498109817505],['description']
农历六月适合搬家的日子,['61277'],[],merged,3,0,[],,"['61111', '5601', '62497']","[0.6019498109817505, 0.5328422784805298, 0.5326387882232666]","['description', 'description', 'description']"
十月份适合结婚日子,['61277'],[],merged,1,0,[],,['61111'],[0.6362086534500122],['description']
十月份适合结婚日子,['61277'],[],merged,3,0,[],,"['61111', '5601', '62497']","[0.6362086534500122, 0.5492331981658936, 0.5342841148376465]","['description', 'description', 'description']"
属虎7月提车吉日查询,['61277'],[],merged,1,0,[],,['61111'],[0.5842171907424927],['description']
属虎7月提车吉日查询,['61277'],[],merged,3,0,[],,"['61111', '5601', '62497']","[0.5842171907424927, 0.5177291631698608, 0.4903026223182678]","['description', 'description', 'description']"
属鸡属猪搬家黄道吉日,['61277'],[],merged,1,0,[],,['61111'],[0.5628247857093811],['description']
属鸡属猪搬家黄道吉日,['61277'],[],merged,3,0,[],,"['61111', '5601', '51323']","[0.5628247857093811, 0.49627313017845154, 0.4485042989253998]","['description', 'description', 'description']"
属龙搬家吉日,['61277'],[],merged,1,0,[],,['61111'],[0.5651931762695312],['description']
属龙搬家吉日,['61277'],[],merged,3,0,[],,"['61111', '5601', '62497']","[0.5651931762695312, 0.48604440689086914, 0.43820273876190186]","['description', 'description', 'description']"
日历2027年黄道吉日一览表,['61277'],[],merged,1,0,[],,['61111'],[0.7136017084121704],['description']
日历2027年黄道吉日一览表,['61277'],[],merged,3,0,[],,"['61111', '5601', '62497']","[0.7136017084121704, 0.668786883354187, 0.660775363445282]","['description', 'description', 'description']"
日历吉日查询,['61277'],[],merged,1,0,[],,['61111'],[0.8572300672531128],['description']
日历吉日查询,['61277'],[],merged,3,0,[],,"['61111', '5601', '62497']","[0.8572300672531128, 0.7808883190155029, 0.7225357890129089]","['description', 'description', 'description']"
老黄历2026年黄历查询,['61277'],[],merged,1,0,[],,['61111'],[0.6513615250587463],['description']
老黄历2026年黄历查询,['61277'],[],merged,3,0,[],,"['61111', '5601', '62497']","[0.6513615250587463, 0.6321648359298706, 0.5947798490524292]","['description', 'description', 'description']"
老黄历财神方位,['61277'],[],merged,1,0,[],,['61111'],[0.5808068513870239],['description']
老黄历财神方位,['61277'],[],merged,3,0,[],,"['61111', '5601', '62497']","[0.5808068513870239, 0.566940426826477, 0.5021357536315918]","['description', 'description', 'description']"
这个月理发吉日,['61277'],[],merged,1,0,[],,['61111'],[0.678408145904541],['description']
这个月理发吉日,['61277'],[],merged,3,0,[],,"['61111', '62497', '5601']","[0.678408145904541, 0.589844822883606, 0.5827561616897583]","['description', 'description', 'description']"
适合开工装修的黄道吉日,['61277'],[],merged,1,0,[],,['61111'],[0.6437172889709473],['description']
适合开工装修的黄道吉日,['61277'],[],merged,3,0,[],,"['61111', '5601', '62497']","[0.6437172889709473, 0.5568126440048218, 0.4892846643924713]","['description', 'description', 'description']"
领证黄道吉日,['61277'],[],merged,1,0,[],,['61111'],[0.7141557931900024],['description']
领证黄道吉日,['61277'],[],merged,3,0,[],,"['61111', '5601', '62497']","[0.7141557931900024, 0.6377369165420532, 0.585040271282196]","['description', 'description', 'description']"
黄道吉日老黄历,['61277'],[],merged,1,0,[],,['61111'],[0.8329288959503174],['description']
黄道吉日老黄历,['61277'],[],merged,3,0,[],,"['61111', '5601', '62497']","[0.8329288959503174, 0.7507777810096741, 0.6958948373794556]","['description', 'description', 'description']"
10月黄道吉日,['61277'],[],title_description,1,0,[],,['61111'],[0.6603310704231262],['title_description']
10月黄道吉日,['61277'],[],title_description,3,0,[],,"['61111', '62497', '5601']","[0.6603310704231262, 0.620290994644165, 0.569311797618866]","['title_description', 'title_description', 'title_description']"
1969年的老黄历,['61277'],[],title_description,1,0,[],,['62497'],[0.5313537120819092],['title_description']
1969年的老黄历,['61277'],[],title_description,3,0,[],,"['62497', '61111', '5601']","[0.5313537120819092, 0.5114988088607788, 0.5031415820121765]","['title_description', 'title_description', 'title_description']"
2020.7.12黄道吉日,['61277'],[],title_description,1,0,[],,['61111'],[0.5936785936355591],['title_description']
2020.7.12黄道吉日,['61277'],[],title_description,3,0,[],,"['61111', '62497', '5601']","[0.5936785936355591, 0.5339823365211487, 0.5073956251144409]","['title_description', 'title_description', 'title_description']"
2020年8月份乔迁黄道吉日,['61277'],[],title_description,1,0,[],,['61111'],[0.5456020832061768],['title_description']
2020年8月份乔迁黄道吉日,['61277'],[],title_description,3,0,[],,"['61111', '62497', '5601']","[0.5456020832061768, 0.47162294387817383, 0.468545526266098]","['title_description', 'title_description', 'title_description']"
2021年7月份回家吉日,['61277'],[],title_description,1,0,[],,['61111'],[0.5666809678077698],['title_description']
2021年7月份回家吉日,['61277'],[],title_description,3,0,[],,"['61111', '62497', '5601']","[0.5666809678077698, 0.5479593873023987, 0.5263367891311646]","['title_description', 'title_description', 'title_description']"
2021年农历5月26日吉时,['61277'],[],title_description,1,0,[],,['61111'],[0.5797615051269531],['title_description']
2021年农历5月26日吉时,['61277'],[],title_description,3,0,[],,"['61111', '62497', '5601']","[0.5797615051269531, 0.5299842953681946, 0.5259169340133667]","['title_description', 'title_description', 'title_description']"
2026.6.9是黄道吉日吗,['61277'],[],title_description,1,0,[],,['61111'],[0.6401660442352295],['title_description']
2026.6.9是黄道吉日吗,['61277'],[],title_description,3,0,[],,"['61111', '5601', '62497']","[0.6401660442352295, 0.548591136932373, 0.540936291217804]","['title_description', 'title_description', 'title_description']"
2026农历六月搬家吉日,['61277'],[],title_description,1,0,[],,['61111'],[0.5222352743148804],['title_description']
2026农历六月搬家吉日,['61277'],[],title_description,3,0,[],,"['61111', '62497', '5601']","[0.5222352743148804, 0.4857816696166992, 0.46996229887008667]","['title_description', 'title_description', 'title_description']"
2026安葬吉日,['61277'],[],title_description,1,0,[],,['61111'],[0.5034030675888062],['title_description']
2026安葬吉日,['61277'],[],title_description,3,0,[],,"['61111', '5601', '62497']","[0.5034030675888062, 0.4548260569572449, 0.4429202079772949]","['title_description', 'title_description', 'title_description']"
2026年10月份结婚黄道吉日,['61277'],[],title_description,1,0,[],,['61111'],[0.5546846389770508],['title_description']
2026年10月份结婚黄道吉日,['61277'],[],title_description,3,0,[],,"['61111', '62497', '5601']","[0.5546846389770508, 0.5047779083251953, 0.4782065749168396]","['title_description', 'title_description', 'title_description']"
2026年5月最吉利的日子,['61277'],[],title_description,1,0,[],,['61111'],[0.6043428778648376],['title_description']
2026年5月最吉利的日子,['61277'],[],title_description,3,0,[],,"['61111', '62497', '5601']","[0.6043428778648376, 0.5425924062728882, 0.5373319387435913]","['title_description', 'title_description', 'title_description']"
2026年6月12日是黄道吉日吗,['61277'],[],title_description,1,0,[],,['61111'],[0.6255013942718506],['title_description']
2026年6月12日是黄道吉日吗,['61277'],[],title_description,3,0,[],,"['61111', '5601', '62497']","[0.6255013942718506, 0.5383592844009399, 0.5378377437591553]","['title_description', 'title_description', 'title_description']"
2026年6月6日适合结婚吗,['61277'],[],title_description,1,0,[],,['61111'],[0.5830154418945312],['title_description']
2026年6月6日适合结婚吗,['61277'],[],title_description,3,0,[],,"['61111', '5601', '62497']","[0.5830154418945312, 0.5032918453216553, 0.4937257170677185]","['title_description', 'title_description', 'title_description']"
2026年6月理发的黄道吉日,['61277'],[],title_description,1,0,[],,['61111'],[0.5448722839355469],['title_description']
2026年6月理发的黄道吉日,['61277'],[],title_description,3,0,[],,"['61111', '62497', '5601']","[0.5448722839355469, 0.4967871904373169, 0.48311126232147217]","['title_description', 'title_description', 'title_description']"
2026年6月黄历,['61277'],[],title_description,1,0,[],,['62497'],[0.5910646915435791],['title_description']
2026年6月黄历,['61277'],[],title_description,3,0,[],,"['62497', '61111', '5601']","[0.5910646915435791, 0.563232958316803, 0.5366588234901428]","['title_description', 'title_description', 'title_description']"
2026年7月10日黄历查询,['61277'],[],title_description,1,0,[],,['62497'],[0.5667093992233276],['title_description']
2026年7月10日黄历查询,['61277'],[],title_description,3,0,[],,"['62497', '61111', '5601']","[0.5667093992233276, 0.5660966038703918, 0.5271520614624023]","['title_description', 'title_description', 'title_description']"
2026年7月26号适合搬家吗,['61277'],[],title_description,1,0,[],,['61111'],[0.557275116443634],['title_description']
2026年7月26号适合搬家吗,['61277'],[],title_description,3,0,[],,"['61111', '5601', '62497']","[0.557275116443634, 0.48913273215293884, 0.4870325028896332]","['title_description', 'title_description', 'title_description']"
2026年7月26日是黄道吉日吗,['61277'],[],title_description,1,0,[],,['61111'],[0.6252180337905884],['title_description']
2026年7月26日是黄道吉日吗,['61277'],[],title_description,3,0,[],,"['61111', '62497', '5601']","[0.6252180337905884, 0.5557201504707336, 0.5393760204315186]","['title_description', 'title_description', 'title_description']"
2026年7月6日吉时,['61277'],[],title_description,1,0,[],,['61111'],[0.5813817977905273],['title_description']
2026年7月6日吉时,['61277'],[],title_description,3,0,[],,"['61111', '62497', '5601']","[0.5813817977905273, 0.5075427889823914, 0.5006820559501648]","['title_description', 'title_description', 'title_description']"
2026年7月6日宜忌,['61277'],[],title_description,1,0,[],,['61111'],[0.5948418974876404],['title_description']
2026年7月6日宜忌,['61277'],[],title_description,3,0,[],,"['61111', '62497', '5601']","[0.5948418974876404, 0.5780857801437378, 0.537358283996582]","['title_description', 'title_description', 'title_description']"
2026年7月6日黄道吉日,['61277'],[],title_description,1,0,[],,['61111'],[0.6074214577674866],['title_description']
2026年7月6日黄道吉日,['61277'],[],title_description,3,0,[],,"['61111', '62497', '5601']","[0.6074214577674866, 0.5464649200439453, 0.5302056074142456]","['title_description', 'title_description', 'title_description']"
2026年7月8日下葬合适吗,['61277'],[],title_description,1,0,[],,['61111'],[0.5621730089187622],['title_description']
2026年7月8日下葬合适吗,['61277'],[],title_description,3,0,[],,"['61111', '62497', '5601']","[0.5621730089187622, 0.5147960186004639, 0.4985552430152893]","['title_description', 'title_description', 'title_description']"
2026年7月8日的黄历,['61277'],[],title_description,1,0,[],,['62497'],[0.6132959127426147],['title_description']
2026年7月8日的黄历,['61277'],[],title_description,3,0,[],,"['62497', '61111', '5601']","[0.6132959127426147, 0.607830286026001, 0.5654800534248352]","['title_description', 'title_description', 'title_description']"
2026年7月8日适合领证吗,['61277'],[],title_description,1,0,[],,['61111'],[0.6452581882476807],['title_description']
2026年7月8日适合领证吗,['61277'],[],title_description,3,0,[],,"['61111', '5601', '62497']","[0.6452581882476807, 0.5637972354888916, 0.5421264171600342]","['title_description', 'title_description', 'title_description']"
2026年7月9日黄历查询,['61277'],[],title_description,1,0,[],,['61111'],[0.5671328902244568],['title_description']
2026年7月9日黄历查询,['61277'],[],title_description,3,0,[],,"['61111', '62497', '5601']","[0.5671328902244568, 0.5534205436706543, 0.5232112407684326]","['title_description', 'title_description', 'title_description']"
2026年7月乔迁新居吉日有哪些,['61277'],[],title_description,1,0,[],,['61111'],[0.5727033019065857],['title_description']
2026年7月乔迁新居吉日有哪些,['61277'],[],title_description,3,0,[],,"['61111', '5601', '62497']","[0.5727033019065857, 0.5033823251724243, 0.47254306077957153]","['title_description', 'title_description', 'title_description']"
2026年7月份动土吉日,['61277'],[],title_description,1,0,[],,['61111'],[0.5333117246627808],['title_description']
2026年7月份动土吉日,['61277'],[],title_description,3,0,[],,"['61111', '62497', '5601']","[0.5333117246627808, 0.48897767066955566, 0.46348488330841064]","['title_description', 'title_description', 'title_description']"
2026年7月份提车吉日,['61277'],[],title_description,1,0,[],,['61111'],[0.6254323124885559],['title_description']
2026年7月份提车吉日,['61277'],[],title_description,3,0,[],,"['61111', '62497', '5601']","[0.6254323124885559, 0.5385206937789917, 0.535919189453125]","['title_description', 'title_description', 'title_description']"
2026年7月份的结婚吉日,['61277'],[],title_description,1,0,[],,['61111'],[0.5980983972549438],['title_description']
2026年7月份的结婚吉日,['61277'],[],title_description,3,0,[],,"['61111', '62497', '5601']","[0.5980983972549438, 0.5420558452606201, 0.5281369090080261]","['title_description', 'title_description', 'title_description']"
2026年7月份装修开工吉日,['61277'],[],title_description,1,0,[],,['61111'],[0.5355501174926758],['title_description']
2026年7月份装修开工吉日,['61277'],[],title_description,3,0,[],,"['61111', '5601', '62497']","[0.5355501174926758, 0.4749763011932373, 0.47350093722343445]","['title_description', 'title_description', 'title_description']"
2026年7月份那天适合开业吗,['61277'],[],title_description,1,0,[],,['61111'],[0.6430148482322693],['title_description']
2026年7月份那天适合开业吗,['61277'],[],title_description,3,0,[],,"['61111', '5601', '62497']","[0.6430148482322693, 0.5578926205635071, 0.5411370992660522]","['title_description', 'title_description', 'title_description']"
2026年7月哪天是好日子,['61277'],[],title_description,1,0,[],,['61111'],[0.5713275671005249],['title_description']
2026年7月哪天是好日子,['61277'],[],title_description,3,0,[],,"['61111', '5601', '62497']","[0.5713275671005249, 0.5280475616455078, 0.5257203578948975]","['title_description', 'title_description', 'title_description']"
2026年7月安床吉日,['61277'],[],title_description,1,0,[],,['61111'],[0.5238444805145264],['title_description']
2026年7月安床吉日,['61277'],[],title_description,3,0,[],,"['61111', '62497', '5601']","[0.5238444805145264, 0.47332245111465454, 0.4582754373550415]","['title_description', 'title_description', 'title_description']"
2026年7月属羊出行黄道吉日查询表,['61277'],[],title_description,1,0,[],,['61111'],[0.5591855049133301],['title_description']
2026年7月属羊出行黄道吉日查询表,['61277'],[],title_description,3,0,[],,"['61111', '62497', '5601']","[0.5591855049133301, 0.507466197013855, 0.5052338242530823]","['title_description', 'title_description', 'title_description']"
2026年7月开业黄道吉日有哪些,['61277'],[],title_description,1,0,[],,['61111'],[0.5973877906799316],['title_description']
2026年7月开业黄道吉日有哪些,['61277'],[],title_description,3,0,[],,"['61111', '5601', '62497']","[0.5973877906799316, 0.5116696357727051, 0.5028319358825684]","['title_description', 'title_description', 'title_description']"
2026年7月搬家的黄道吉日,['61277'],[],title_description,1,0,[],,['61111'],[0.5642949342727661],['title_description']
2026年7月搬家的黄道吉日,['61277'],[],title_description,3,0,[],,"['61111', '62497', '5601']","[0.5642949342727661, 0.5149868726730347, 0.500414252281189]","['title_description', 'title_description', 'title_description']"
2026年7月最吉利的日子,['61277'],[],title_description,1,0,[],,['61111'],[0.6148045063018799],['title_description']
2026年7月最吉利的日子,['61277'],[],title_description,3,0,[],,"['61111', '62497', '5601']","[0.6148045063018799, 0.5607914328575134, 0.5462647676467896]","['title_description', 'title_description', 'title_description']"
2026年7月理发的吉日,['61277'],[],title_description,1,0,[],,['61111'],[0.5467141270637512],['title_description']
2026年7月理发的吉日,['61277'],[],title_description,3,0,[],,"['61111', '62497', '5601']","[0.5467141270637512, 0.5050071477890015, 0.48821017146110535]","['title_description', 'title_description', 'title_description']"
2026年7月的出行吉日,['61277'],[],title_description,1,0,[],,['61111'],[0.6015740633010864],['title_description']
2026年7月的出行吉日,['61277'],[],title_description,3,0,[],,"['61111', '62497', '5601']","[0.6015740633010864, 0.5395480394363403, 0.53789222240448]","['title_description', 'title_description', 'title_description']"
2026年7月黄道吉日,['61277'],[],title_description,1,0,[],,['61111'],[0.5942428708076477],['title_description']
2026年7月黄道吉日,['61277'],[],title_description,3,0,[],,"['61111', '62497', '5601']","[0.5942428708076477, 0.5689487457275391, 0.5317498445510864]","['title_description', 'title_description', 'title_description']"
2026年8月8日是黄道吉日吗,['61277'],[],title_description,1,0,[],,['61111'],[0.6148227453231812],['title_description']
2026年8月8日是黄道吉日吗,['61277'],[],title_description,3,0,[],,"['61111', '62497', '5601']","[0.6148227453231812, 0.5343122482299805, 0.5219727754592896]","['title_description', 'title_description', 'title_description']"
2026年8月8日订婚合适吗,['61277'],[],title_description,1,0,[],,['61111'],[0.6057469844818115],['title_description']
2026年8月8日订婚合适吗,['61277'],[],title_description,3,0,[],,"['61111', '62497', '5601']","[0.6057469844818115, 0.5169949531555176, 0.5142962336540222]","['title_description', 'title_description', 'title_description']"
2026年8月份适合搬家的黄道吉日,['61277'],[],title_description,1,0,[],,['61111'],[0.5393747091293335],['title_description']
2026年8月份适合搬家的黄道吉日,['61277'],[],title_description,3,0,[],,"['61111', '62497', '5601']","[0.5393747091293335, 0.48016488552093506, 0.47367870807647705]","['title_description', 'title_description', 'title_description']"
2026年8月搬家入宅最好吉日是什么呢,['61277'],[],title_description,1,0,[],,['61111'],[0.535415768623352],['title_description']
2026年8月搬家入宅最好吉日是什么呢,['61277'],[],title_description,3,0,[],,"['61111', '5601', '62497']","[0.535415768623352, 0.47647228837013245, 0.4602736830711365]","['title_description', 'title_description', 'title_description']"
2026年8月最吉利的日子,['61277'],[],title_description,1,0,[],,['61111'],[0.6023257970809937],['title_description']
2026年8月最吉利的日子,['61277'],[],title_description,3,0,[],,"['61111', '62497', '5601']","[0.6023257970809937, 0.5425001382827759, 0.5305762887001038]","['title_description', 'title_description', 'title_description']"
2026年8月黄道吉日,['61277'],[],title_description,1,0,[],,['61111'],[0.5745571851730347],['title_description']
2026年8月黄道吉日,['61277'],[],title_description,3,0,[],,"['61111', '62497', '5601']","[0.5745571851730347, 0.5421313047409058, 0.5065637826919556]","['title_description', 'title_description', 'title_description']"
2026年9月黄道吉日,['61277'],[],title_description,1,0,[],,['61111'],[0.5804934501647949],['title_description']
2026年9月黄道吉日,['61277'],[],title_description,3,0,[],,"['61111', '62497', '5601']","[0.5804934501647949, 0.5458319187164307, 0.5168337225914001]","['title_description', 'title_description', 'title_description']"
2026年农历5月26日是黄道吉日吗,['61277'],[],title_description,1,0,[],,['61111'],[0.6292794942855835],['title_description']
2026年农历5月26日是黄道吉日吗,['61277'],[],title_description,3,0,[],,"['61111', '62497', '5601']","[0.6292794942855835, 0.5549306869506836, 0.5497426390647888]","['title_description', 'title_description', 'title_description']"
2026年农历五月二十七日的老皇历,['61277'],[],title_description,1,0,[],,['62497'],[0.5677610039710999],['title_description']
2026年农历五月二十七日的老皇历,['61277'],[],title_description,3,0,[],,"['62497', '5601', '61111']","[0.5677610039710999, 0.5258780121803284, 0.5229493379592896]","['title_description', 'title_description', 'title_description']"
2026年农历五月二十九日是黄道吉日吗,['61277'],[],title_description,1,0,[],,['61111'],[0.6217442750930786],['title_description']
2026年农历五月二十九日是黄道吉日吗,['61277'],[],title_description,3,0,[],,"['61111', '5601', '62497']","[0.6217442750930786, 0.5448399782180786, 0.5437952280044556]","['title_description', 'title_description', 'title_description']"
2026年农历五月二十六日吉时,['61277'],[],title_description,1,0,[],,['61111'],[0.5782030820846558],['title_description']
2026年农历五月二十六日吉时,['61277'],[],title_description,3,0,[],,"['61111', '5601', '62497']","[0.5782030820846558, 0.515668511390686, 0.5119584798812866]","['title_description', 'title_description', 'title_description']"
2026年农历五月二十四日是黄道吉日吗,['61277'],[],title_description,1,0,[],,['61111'],[0.6180322170257568],['title_description']
2026年农历五月二十四日是黄道吉日吗,['61277'],[],title_description,3,0,[],,"['61111', '62497', '5601']","[0.6180322170257568, 0.5504668951034546, 0.5353142619132996]","['title_description', 'title_description', 'title_description']"
2026年出门的好日子有哪些,['61277'],[],title_description,1,0,[],,['61111'],[0.5789250731468201],['title_description']
2026年出门的好日子有哪些,['61277'],[],title_description,3,0,[],,"['61111', '5601', '62497']","[0.5789250731468201, 0.5304276943206787, 0.4993605613708496]","['title_description', 'title_description', 'title_description']"
2026年属鸡开业黄道吉日,['61277'],[],title_description,1,0,[],,['61111'],[0.5326789617538452],['title_description']
2026年属鸡开业黄道吉日,['61277'],[],title_description,3,0,[],,"['61111', '5601', '51323']","[0.5326789617538452, 0.45987075567245483, 0.42797940969467163]","['title_description', 'title_description', 'title_description']"
2026年老黄历万年历,['61277'],[],title_description,1,0,[],,['62497'],[0.5903652906417847],['title_description']
2026年老黄历万年历,['61277'],[],title_description,3,0,[],,"['62497', '5601', '61111']","[0.5903652906417847, 0.5558047890663147, 0.5433740019798279]","['title_description', 'title_description', 'title_description']"
2026年领证吉日,['61277'],[],title_description,1,0,[],,['61111'],[0.6187293529510498],['title_description']
2026年领证吉日,['61277'],[],title_description,3,0,[],,"['61111', '5601', '62497']","[0.6187293529510498, 0.5374155044555664, 0.5088261365890503]","['title_description', 'title_description', 'title_description']"
2026年黄道吉日查询表,['61277'],[],title_description,1,0,[],,['61111'],[0.6057770848274231],['title_description']
2026年黄道吉日查询表,['61277'],[],title_description,3,0,[],,"['61111', '62497', '5601']","[0.6057770848274231, 0.5468916893005371, 0.5460604429244995]","['title_description', 'title_description', 'title_description']"
2026结婚吉日,['61277'],[],title_description,1,0,[],,['61111'],[0.5820647478103638],['title_description']
2026结婚吉日,['61277'],[],title_description,3,0,[],,"['61111', '5601', '62497']","[0.5820647478103638, 0.5087583065032959, 0.4896427392959595]","['title_description', 'title_description', 'title_description']"
2027年2月的黄道吉日,['61277'],[],title_description,1,0,[],,['61111'],[0.6268193125724792],['title_description']
2027年2月的黄道吉日,['61277'],[],title_description,3,0,[],,"['61111', '62497', '5601']","[0.6268193125724792, 0.6127848625183105, 0.5612543225288391]","['title_description', 'title_description', 'title_description']"
2027年适合结婚的日子,['61277'],[],title_description,1,0,[],,['61111'],[0.5694394707679749],['title_description']
2027年适合结婚的日子,['61277'],[],title_description,3,0,[],,"['61111', '5601', '62497']","[0.5694394707679749, 0.5133072733879089, 0.5084343552589417]","['title_description', 'title_description', 'title_description']"
2027年黄道吉日,['61277'],[],title_description,1,0,[],,['61111'],[0.6245514154434204],['title_description']
2027年黄道吉日,['61277'],[],title_description,3,0,[],,"['61111', '62497', '5601']","[0.6245514154434204, 0.5904068946838379, 0.5627626776695251]","['title_description', 'title_description', 'title_description']"
26年11月搬家吉日,['61277'],[],title_description,1,0,[],,['61111'],[0.5248825550079346],['title_description']
26年11月搬家吉日,['61277'],[],title_description,3,0,[],,"['61111', '5601', '62497']","[0.5248825550079346, 0.44975900650024414, 0.43300384283065796]","['title_description', 'title_description', 'title_description']"
26年7月24日宜忌,['61277'],[],title_description,1,0,[],,['61111'],[0.5566328167915344],['title_description']
26年7月24日宜忌,['61277'],[],title_description,3,0,[],,"['61111', '62497', '51323']","[0.5566328167915344, 0.5542311668395996, 0.5102397799491882]","['title_description', 'title_description', 'title_description']"
26年8月份结婚吉日有哪些,['61277'],[],title_description,1,0,[],,['61111'],[0.59605872631073],['title_description']
26年8月份结婚吉日有哪些,['61277'],[],title_description,3,0,[],,"['61111', '62497', '5601']","[0.59605872631073, 0.5174820423126221, 0.5127216577529907]","['title_description', 'title_description', 'title_description']"
26年8月搬家吉日一览表,['61277'],[],title_description,1,0,[],,['61111'],[0.5384595394134521],['title_description']
26年8月搬家吉日一览表,['61277'],[],title_description,3,0,[],,"['61111', '62497', '5601']","[0.5384595394134521, 0.4708824157714844, 0.4657024145126343]","['title_description', 'title_description', 'title_description']"
6月份适合种树一览表,['61277'],[],title_description,1,0,[],,['51323'],[0.4682381749153137],['title_description']
6月份适合种树一览表,['61277'],[],title_description,3,0,[],,"['51323', '61111', '5601']","[0.4682381749153137, 0.4368652105331421, 0.4250885844230652]","['title_description', 'title_description', 'title_description']"
7月10日适合理发吗,['61277'],[],title_description,1,0,[],,['61111'],[0.5705921649932861],['title_description']
7月10日适合理发吗,['61277'],[],title_description,3,0,[],,"['61111', '5601', '62497']","[0.5705921649932861, 0.5128659605979919, 0.49784359335899353]","['title_description', 'title_description', 'title_description']"
7月11号是黄道吉日吗,['61277'],[],title_description,1,0,[],,['61111'],[0.6279192566871643],['title_description']
7月11号是黄道吉日吗,['61277'],[],title_description,3,0,[],,"['61111', '62497', '5601']","[0.6279192566871643, 0.5475298166275024, 0.5365846157073975]","['title_description', 'title_description', 'title_description']"
7月12号适合订婚吗,['61277'],[],title_description,1,0,[],,['61111'],[0.6108902096748352],['title_description']
7月12号适合订婚吗,['61277'],[],title_description,3,0,[],,"['61111', '62497', '5601']","[0.6108902096748352, 0.5261008739471436, 0.5235227942466736]","['title_description', 'title_description', 'title_description']"
7月13号宜忌,['61277'],[],title_description,1,0,[],,['61111'],[0.6361727118492126],['title_description']
7月13号宜忌,['61277'],[],title_description,3,0,[],,"['61111', '62497', '5601']","[0.6361727118492126, 0.5834054946899414, 0.5561639070510864]","['title_description', 'title_description', 'title_description']"
7月13黄历吉日查询,['61277'],[],title_description,1,0,[],,['61111'],[0.6280988454818726],['title_description']
7月13黄历吉日查询,['61277'],[],title_description,3,0,[],,"['61111', '62497', '5601']","[0.6280988454818726, 0.5675113201141357, 0.5530179738998413]","['title_description', 'title_description', 'title_description']"
7月16号搬家合适吗,['61277'],[],title_description,1,0,[],,['61111'],[0.6368652582168579],['title_description']
7月16号搬家合适吗,['61277'],[],title_description,3,0,[],,"['61111', '5601', '62497']","[0.6368652582168579, 0.5418862104415894, 0.5336450934410095]","['title_description', 'title_description', 'title_description']"
7月16号是黄道吉日吗,['61277'],[],title_description,1,0,[],,['61111'],[0.6461800336837769],['title_description']
7月16号是黄道吉日吗,['61277'],[],title_description,3,0,[],,"['61111', '62497', '5601']","[0.6461800336837769, 0.5595133304595947, 0.5497082471847534]","['title_description', 'title_description', 'title_description']"
7月23日黄历,['61277'],[],title_description,1,0,[],,['62497'],[0.6180064678192139],['title_description']
7月23日黄历,['61277'],[],title_description,3,0,[],,"['62497', '61111', '5601']","[0.6180064678192139, 0.5929219126701355, 0.54917973279953]","['title_description', 'title_description', 'title_description']"
7月8号日子好吗,['61277'],[],title_description,1,0,[],,['61111'],[0.691220760345459],['title_description']
7月8号日子好吗,['61277'],[],title_description,3,0,[],,"['61111', '5601', '62497']","[0.691220760345459, 0.5988684892654419, 0.5925929546356201]","['title_description', 'title_description', 'title_description']"
7月9号是黄道吉日吗,['61277'],[],title_description,1,0,[],,['61111'],[0.6630153656005859],['title_description']
7月9号是黄道吉日吗,['61277'],[],title_description,3,0,[],,"['61111', '62497', '5601']","[0.6630153656005859, 0.5689256191253662, 0.561674952507019]","['title_description', 'title_description', 'title_description']"
7月9号的黄历,['61277'],[],title_description,1,0,[],,['62497'],[0.6406967639923096],['title_description']
7月9号的黄历,['61277'],[],title_description,3,0,[],,"['62497', '61111', '5601']","[0.6406967639923096, 0.6335864067077637, 0.594795823097229]","['title_description', 'title_description', 'title_description']"
7月9日黄历吉日查询表,['61277'],[],title_description,1,0,[],,['61111'],[0.6135890483856201],['title_description']
7月9日黄历吉日查询表,['61277'],[],title_description,3,0,[],,"['61111', '62497', '5601']","[0.6135890483856201, 0.55879145860672, 0.5415775775909424]","['title_description', 'title_description', 'title_description']"
7月份买房好吗,['61277'],[],title_description,1,0,[],,['61111'],[0.5660966634750366],['title_description']
7月份买房好吗,['61277'],[],title_description,3,0,[],,"['61111', '5601', '62497']","[0.5660966634750366, 0.5039955377578735, 0.4899038076400757]","['title_description', 'title_description', 'title_description']"
7月份买车的黄道吉日查询,['61277'],[],title_description,1,0,[],,['61111'],[0.6732262969017029],['title_description']
7月份买车的黄道吉日查询,['61277'],[],title_description,3,0,[],,"['61111', '62497', '5601']","[0.6732262969017029, 0.5883126258850098, 0.5776100158691406]","['title_description', 'title_description', 'title_description']"
7月份搬家哪天合适,['61277'],[],title_description,1,0,[],,['61111'],[0.6211916208267212],['title_description']
7月份搬家哪天合适,['61277'],[],title_description,3,0,[],,"['61111', '5601', '62497']","[0.6211916208267212, 0.546377420425415, 0.5446344017982483]","['title_description', 'title_description', 'title_description']"
7月份的理发吉日,['61277'],[],title_description,1,0,[],,['61111'],[0.6024067401885986],['title_description']
7月份的理发吉日,['61277'],[],title_description,3,0,[],,"['61111', '62497', '5601']","[0.6024067401885986, 0.5616892576217651, 0.5370367765426636]","['title_description', 'title_description', 'title_description']"
7月份的黄道吉日,['61277'],[],title_description,1,0,[],,['61111'],[0.6813264489173889],['title_description']
7月份的黄道吉日,['61277'],[],title_description,3,0,[],,"['61111', '62497', '5601']","[0.6813264489173889, 0.6502397656440735, 0.5957454442977905]","['title_description', 'title_description', 'title_description']"
7月搬家吉日,['61277'],[],title_description,1,0,[],,['61111'],[0.6069071292877197],['title_description']
7月搬家吉日,['61277'],[],title_description,3,0,[],,"['61111', '62497', '5601']","[0.6069071292877197, 0.5362423658370972, 0.5159543752670288]","['title_description', 'title_description', 'title_description']"
7月搬家的黄道吉日,['61277'],[],title_description,1,0,[],,['61111'],[0.6123450994491577],['title_description']
7月搬家的黄道吉日,['61277'],[],title_description,3,0,[],,"['61111', '62497', '5601']","[0.6123450994491577, 0.5498212575912476, 0.5240185260772705]","['title_description', 'title_description', 'title_description']"
7月有哪些好日子,['61277'],[],title_description,1,0,[],,['61111'],[0.6457259058952332],['title_description']
7月有哪些好日子,['61277'],[],title_description,3,0,[],,"['61111', '62497', '5601']","[0.6457259058952332, 0.6046206951141357, 0.5918560028076172]","['title_description', 'title_description', 'title_description']"
7月适合安床的日子,['61277'],[],title_description,1,0,[],,['61111'],[0.5669808387756348],['title_description']
7月适合安床的日子,['61277'],[],title_description,3,0,[],,"['61111', '62497', '5601']","[0.5669808387756348, 0.537695586681366, 0.5037615299224854]","['title_description', 'title_description', 'title_description']"
8.18黄历,['61277'],[],title_description,1,0,[],,['61111'],[0.6344262361526489],['title_description']
8.18黄历,['61277'],[],title_description,3,0,[],,"['61111', '62497', '5601']","[0.6344262361526489, 0.6104848384857178, 0.5855204463005066]","['title_description', 'title_description', 'title_description']"
8月2号适合结婚吗,['61277'],[],title_description,1,0,[],,['61111'],[0.5883517265319824],['title_description']
8月2号适合结婚吗,['61277'],[],title_description,3,0,[],,"['61111', '62497', '5601']","[0.5883517265319824, 0.5062105655670166, 0.5045592784881592]","['title_description', 'title_description', 'title_description']"
8月搬家的吉日,['61277'],[],title_description,1,0,[],,['61111'],[0.6047917008399963],['title_description']
8月搬家的吉日,['61277'],[],title_description,3,0,[],,"['61111', '62497', '5601']","[0.6047917008399963, 0.5226719975471497, 0.5148061513900757]","['title_description', 'title_description', 'title_description']"
8月搬家的黄道吉日查询,['61277'],[],title_description,1,0,[],,['61111'],[0.63409823179245],['title_description']
8月搬家的黄道吉日查询,['61277'],[],title_description,3,0,[],,"['61111', '62497', '5601']","[0.63409823179245, 0.5482994914054871, 0.5409455299377441]","['title_description', 'title_description', 'title_description']"
9.12黄历,['61277'],[],title_description,1,0,[],,['61111'],[0.6306793689727783],['title_description']
9.12黄历,['61277'],[],title_description,3,0,[],,"['61111', '62497', '5601']","[0.6306793689727783, 0.6199635863304138, 0.5860083699226379]","['title_description', 'title_description', 'title_description']"
七月份哪天适合开业,['61277'],[],title_description,1,0,[],,['61111'],[0.6464828252792358],['title_description']
七月份哪天适合开业,['61277'],[],title_description,3,0,[],,"['61111', '5601', '62497']","[0.6464828252792358, 0.5726621150970459, 0.5536952018737793]","['title_description', 'title_description', 'title_description']"
七月份安门的黄道吉日,['61277'],[],title_description,1,0,[],,['61111'],[0.5973668098449707],['title_description']
七月份安门的黄道吉日,['61277'],[],title_description,3,0,[],,"['61111', '62497', '5601']","[0.5973668098449707, 0.5573083162307739, 0.5106191635131836]","['title_description', 'title_description', 'title_description']"
七月份适合领证的日期,['61277'],[],title_description,1,0,[],,['61111'],[0.6824852824211121],['title_description']
七月份适合领证的日期,['61277'],[],title_description,3,0,[],,"['61111', '5601', '62497']","[0.6824852824211121, 0.6132868528366089, 0.590317964553833]","['title_description', 'title_description', 'title_description']"
七月开张吉日,['61277'],[],title_description,1,0,[],,['61111'],[0.586845874786377],['title_description']
七月开张吉日,['61277'],[],title_description,3,0,[],,"['61111', '62497', '5601']","[0.586845874786377, 0.5218970775604248, 0.4984951913356781]","['title_description', 'title_description', 'title_description']"
七月黄历黄道吉日查询,['61277'],[],title_description,1,0,[],,['62497'],[0.6315908432006836],['title_description']
七月黄历黄道吉日查询,['61277'],[],title_description,3,0,[],,"['62497', '61111', '5601']","[0.6315908432006836, 0.5893850326538086, 0.532010555267334]","['title_description', 'title_description', 'title_description']"
万年历黄道吉日2026,['61277'],[],title_description,1,0,[],,['61111'],[0.6283450722694397],['title_description']
万年历黄道吉日2026,['61277'],[],title_description,3,0,[],,"['61111', '62497', '5601']","[0.6283450722694397, 0.6067032814025879, 0.5914002060890198]","['title_description', 'title_description', 'title_description']"
五月份黄道吉日,['61277'],[],title_description,1,0,[],,['61111'],[0.6638303995132446],['title_description']
五月份黄道吉日,['61277'],[],title_description,3,0,[],,"['61111', '62497', '5601']","[0.6638303995132446, 0.6174824237823486, 0.5836771130561829]","['title_description', 'title_description', 'title_description']"
今天适合理发吗,['61277'],[],title_description,1,0,[],,['61111'],[0.5775479078292847],['title_description']
今天适合理发吗,['61277'],[],title_description,3,0,[],,"['61111', '5601', '51323']","[0.5775479078292847, 0.5232478976249695, 0.46002256870269775]","['title_description', 'title_description', 'title_description']"
今天黄道吉日吗,['61277'],[],title_description,1,0,[],,['61111'],[0.7468062043190002],['title_description']
今天黄道吉日吗,['61277'],[],title_description,3,0,[],,"['61111', '5601', '62497']","[0.7468062043190002, 0.6473502516746521, 0.625044584274292]","['title_description', 'title_description', 'title_description']"
今日财神方位查询老黄历,['61277'],[],title_description,1,0,[],,['61111'],[0.6095097661018372],['title_description']
今日财神方位查询老黄历,['61277'],[],title_description,3,0,[],,"['61111', '5601', '62497']","[0.6095097661018372, 0.5604438781738281, 0.5296777486801147]","['title_description', 'title_description', 'title_description']"
八月8号是黄道吉日吗,['61277'],[],title_description,1,0,[],,['61111'],[0.6612460613250732],['title_description']
八月8号是黄道吉日吗,['61277'],[],title_description,3,0,[],,"['61111', '62497', '5601']","[0.6612460613250732, 0.5808054208755493, 0.5610539317131042]","['title_description', 'title_description', 'title_description']"
八月有适合结婚的日子吗,['61277'],[],title_description,1,0,[],,['61111'],[0.6252086162567139],['title_description']
八月有适合结婚的日子吗,['61277'],[],title_description,3,0,[],,"['61111', '62497', '5601']","[0.6252086162567139, 0.5565582513809204, 0.5483219623565674]","['title_description', 'title_description', 'title_description']"
六月份黄道吉日,['61277'],[],title_description,1,0,[],,['61111'],[0.6574772596359253],['title_description']
六月份黄道吉日,['61277'],[],title_description,3,0,[],,"['61111', '62497', '5601']","[0.6574772596359253, 0.5982128381729126, 0.5711483359336853]","['title_description', 'title_description', 'title_description']"
六月初一适不适合出门,['61277'],[],title_description,1,0,[],,['61111'],[0.6183632016181946],['title_description']
六月初一适不适合出门,['61277'],[],title_description,3,0,[],,"['61111', '5601', '62497']","[0.6183632016181946, 0.5523923635482788, 0.5412039160728455]","['title_description', 'title_description', 'title_description']"
六月初六是好日子吗,['61277'],[],title_description,1,0,[],,['61111'],[0.6211419105529785],['title_description']
六月初六是好日子吗,['61277'],[],title_description,3,0,[],,"['61111', '5601', '62497']","[0.6211419105529785, 0.5476768612861633, 0.5327860713005066]","['title_description', 'title_description', 'title_description']"
六月十四号是黄道吉日吗,['61277'],[],title_description,1,0,[],,['61111'],[0.6596530675888062],['title_description']
六月十四号是黄道吉日吗,['61277'],[],title_description,3,0,[],,"['61111', '62497', '5601']","[0.6596530675888062, 0.5701587200164795, 0.5522722005844116]","['title_description', 'title_description', 'title_description']"
农历10月初九是黄道吉日吗,['61277'],[],title_description,1,0,[],,['61111'],[0.6523522138595581],['title_description']
农历10月初九是黄道吉日吗,['61277'],[],title_description,3,0,[],,"['61111', '62497', '5601']","[0.6523522138595581, 0.6027734279632568, 0.5604978799819946]","['title_description', 'title_description', 'title_description']"
农历5月26是好日子吗,['61277'],[],title_description,1,0,[],,['61111'],[0.6300431489944458],['title_description']
农历5月26是好日子吗,['61277'],[],title_description,3,0,[],,"['61111', '62497', '5601']","[0.6300431489944458, 0.5805347561836243, 0.5641326904296875]","['title_description', 'title_description', 'title_description']"
农历6月初6开业好吗,['61277'],[],title_description,1,0,[],,['61111'],[0.617150604724884],['title_description']
农历6月初6开业好吗,['61277'],[],title_description,3,0,[],,"['61111', '5601', '62497']","[0.617150604724884, 0.5250831246376038, 0.5211054086685181]","['title_description', 'title_description', 'title_description']"
农历6月初六搬家好吗,['61277'],[],title_description,1,0,[],,['61111'],[0.5556970834732056],['title_description']
农历6月初六搬家好吗,['61277'],[],title_description,3,0,[],,"['61111', '62497', '5601']","[0.5556970834732056, 0.49157679080963135, 0.47492295503616333]","['title_description', 'title_description', 'title_description']"
农历6月初四是黄道吉日吗,['61277'],[],title_description,1,0,[],,['61111'],[0.6348199844360352],['title_description']
农历6月初四是黄道吉日吗,['61277'],[],title_description,3,0,[],,"['61111', '62497', '5601']","[0.6348199844360352, 0.566805362701416, 0.5370415449142456]","['title_description', 'title_description', 'title_description']"
农历6月黄道吉日查询,['61277'],[],title_description,1,0,[],,['61111'],[0.6730729937553406],['title_description']
农历6月黄道吉日查询,['61277'],[],title_description,3,0,[],,"['61111', '62497', '5601']","[0.6730729937553406, 0.6589285731315613, 0.5952862501144409]","['title_description', 'title_description', 'title_description']"
农历五月二十七号是黄道吉日吗,['61277'],[],title_description,1,0,[],,['61111'],[0.6482690572738647],['title_description']
农历五月二十七号是黄道吉日吗,['61277'],[],title_description,3,0,[],,"['61111', '62497', '5601']","[0.6482690572738647, 0.6043533682823181, 0.5635424852371216]","['title_description', 'title_description', 'title_description']"
农历五月二十八日是黄道吉日吗,['61277'],[],title_description,1,0,[],,['61111'],[0.6385159492492676],['title_description']
农历五月二十八日是黄道吉日吗,['61277'],[],title_description,3,0,[],,"['61111', '62497', '5601']","[0.6385159492492676, 0.5865540504455566, 0.5553945302963257]","['title_description', 'title_description', 'title_description']"
农历五月二十四黄道吉日查询,['61277'],[],title_description,1,0,[],,['61111'],[0.6354354619979858],['title_description']
农历五月二十四黄道吉日查询,['61277'],[],title_description,3,0,[],,"['61111', '62497', '5601']","[0.6354354619979858, 0.610710859298706, 0.5608702301979065]","['title_description', 'title_description', 'title_description']"
农历五月安床吉日,['61277'],[],title_description,1,0,[],,['61111'],[0.5574016571044922],['title_description']
农历五月安床吉日,['61277'],[],title_description,3,0,[],,"['61111', '62497', '5601']","[0.5574016571044922, 0.5393277406692505, 0.4955209791660309]","['title_description', 'title_description', 'title_description']"
农历五月适合搬家的日子,['61277'],[],title_description,1,0,[],,['61111'],[0.5662845969200134],['title_description']
农历五月适合搬家的日子,['61277'],[],title_description,3,0,[],,"['61111', '62497', '5601']","[0.5662845969200134, 0.5428047180175781, 0.5016520023345947]","['title_description', 'title_description', 'title_description']"
农历八月初二日结婚好吗,['61277'],[],title_description,1,0,[],,['61111'],[0.5804062485694885],['title_description']
农历八月初二日结婚好吗,['61277'],[],title_description,3,0,[],,"['61111', '62497', '5601']","[0.5804062485694885, 0.5319252014160156, 0.4890364110469818]","['title_description', 'title_description', 'title_description']"
农历六月适合搬家的日子,['61277'],[],title_description,1,0,[],,['61111'],[0.5670468807220459],['title_description']
农历六月适合搬家的日子,['61277'],[],title_description,3,0,[],,"['61111', '62497', '5601']","[0.5670468807220459, 0.5326387882232666, 0.5023687481880188]","['title_description', 'title_description', 'title_description']"
十月份适合结婚日子,['61277'],[],title_description,1,0,[],,['61111'],[0.6020433306694031],['title_description']
十月份适合结婚日子,['61277'],[],title_description,3,0,[],,"['61111', '62497', '5601']","[0.6020433306694031, 0.5342841148376465, 0.524837076663971]","['title_description', 'title_description', 'title_description']"
属虎7月提车吉日查询,['61277'],[],title_description,1,0,[],,['61111'],[0.5840036869049072],['title_description']
属虎7月提车吉日查询,['61277'],[],title_description,3,0,[],,"['61111', '5601', '62497']","[0.5840036869049072, 0.5081211924552917, 0.4903026223182678]","['title_description', 'title_description', 'title_description']"
属鸡属猪搬家黄道吉日,['61277'],[],title_description,1,0,[],,['61111'],[0.5251845717430115],['title_description']
属鸡属猪搬家黄道吉日,['61277'],[],title_description,3,0,[],,"['61111', '5601', '51323']","[0.5251845717430115, 0.44926464557647705, 0.43083107471466064]","['title_description', 'title_description', 'title_description']"
属龙搬家吉日,['61277'],[],title_description,1,0,[],,['61111'],[0.5458588600158691],['title_description']
属龙搬家吉日,['61277'],[],title_description,3,0,[],,"['61111', '5601', '62497']","[0.5458588600158691, 0.4713239073753357, 0.43820273876190186]","['title_description', 'title_description', 'title_description']"
日历2027年黄道吉日一览表,['61277'],[],title_description,1,0,[],,['62497'],[0.660775363445282],['title_description']
日历2027年黄道吉日一览表,['61277'],[],title_description,3,0,[],,"['62497', '5601', '61111']","[0.660775363445282, 0.6457372903823853, 0.6426907777786255]","['title_description', 'title_description', 'title_description']"
日历吉日查询,['61277'],[],title_description,1,0,[],,['61111'],[0.803856372833252],['title_description']
日历吉日查询,['61277'],[],title_description,3,0,[],,"['61111', '5601', '62497']","[0.803856372833252, 0.7347853183746338, 0.7225357890129089]","['title_description', 'title_description', 'title_description']"
老黄历2026年黄历查询,['61277'],[],title_description,1,0,[],,['62497'],[0.5947798490524292],['title_description']
老黄历2026年黄历查询,['61277'],[],title_description,3,0,[],,"['62497', '61111', '5601']","[0.5947798490524292, 0.5872998237609863, 0.571261465549469]","['title_description', 'title_description', 'title_description']"
老黄历财神方位,['61277'],[],title_description,1,0,[],,['61111'],[0.5571420192718506],['title_description']
老黄历财神方位,['61277'],[],title_description,3,0,[],,"['61111', '5601', '62497']","[0.5571420192718506, 0.5181722640991211, 0.5021357536315918]","['title_description', 'title_description', 'title_description']"
这个月理发吉日,['61277'],[],title_description,1,0,[],,['61111'],[0.6423808336257935],['title_description']
这个月理发吉日,['61277'],[],title_description,3,0,[],,"['61111', '62497', '5601']","[0.6423808336257935, 0.589844822883606, 0.5717872381210327]","['title_description', 'title_description', 'title_description']"
适合开工装修的黄道吉日,['61277'],[],title_description,1,0,[],,['61111'],[0.6192236542701721],['title_description']
适合开工装修的黄道吉日,['61277'],[],title_description,3,0,[],,"['61111', '5601', '62497']","[0.6192236542701721, 0.5343830585479736, 0.4892846643924713]","['title_description', 'title_description', 'title_description']"
领证黄道吉日,['61277'],[],title_description,1,0,[],,['61111'],[0.7130725383758545],['title_description']
领证黄道吉日,['61277'],[],title_description,3,0,[],,"['61111', '5601', '62497']","[0.7130725383758545, 0.6089357137680054, 0.585040271282196]","['title_description', 'title_description', 'title_description']"
黄道吉日老黄历,['61277'],[],title_description,1,0,[],,['61111'],[0.7314989566802979],['title_description']
黄道吉日老黄历,['61277'],[],title_description,3,0,[],,"['61111', '62497', '5601']","[0.7314989566802979, 0.6958948373794556, 0.65906822681427]","['title_description', 'title_description', 'title_description']"
