query,gold_ids,missing_gold_ids,view,k,pass_at_k,hit_ids,first_hit_rank,recall_ids,recall_scores,recall_views
2026年7月11日上午10时已值飞的贵阳龙洞堡机场飞上海的航班查询,['60872'],[],description,1,0,[],,['60868'],[0.610432505607605],['description']
2026年7月11日上午10时已值飞的贵阳龙洞堡机场飞上海的航班查询,['60872'],[],description,3,1,['60872'],3.0,"['60868', '5851', '60872']","[0.610432505607605, 0.499629944562912, 0.4455487132072449]","['description', 'description', 'description']"
7月12日泰国飞往杭州航班能准时起飞吗,['60872'],[],description,1,0,[],,['60868'],[0.5582919120788574],['description']
7月12日泰国飞往杭州航班能准时起飞吗,['60872'],[],description,3,0,[],,"['60868', '5851', '5671']","[0.5582919120788574, 0.45931410789489746, 0.45851367712020874]","['description', 'description', 'description']"
上海到呼伦贝尔机票,['60872'],[],description,1,0,[],,['60868'],[0.5796753764152527],['description']
上海到呼伦贝尔机票,['60872'],[],description,3,1,['60872'],2.0,"['60868', '60872', '5851']","[0.5796753764152527, 0.4482901096343994, 0.42852282524108887]","['description', 'description', 'description']"
上海到杭州机票,['60872'],[],description,1,0,[],,['60868'],[0.66315758228302],['description']
上海到杭州机票,['60872'],[],description,3,1,['60872'],2.0,"['60868', '60872', '5851']","[0.66315758228302, 0.5024200677871704, 0.49496832489967346]","['description', 'description', 'description']"
上海到泰国坐飞机要几个小时,['60872'],[],description,1,0,[],,['60868'],[0.45424413681030273],['description']
上海到泰国坐飞机要几个小时,['60872'],[],description,3,0,[],,"['60868', '5851', '47190']","[0.45424413681030273, 0.4360376298427582, 0.40991920232772827]","['description', 'description', 'description']"
上海到泰国的航班9c7281 7月11日,['60872'],[],description,1,0,[],,['60868'],[0.44075602293014526],['description']
上海到泰国的航班9c7281 7月11日,['60872'],[],description,3,1,['60872'],3.0,"['60868', '5851', '60872']","[0.44075602293014526, 0.3766881227493286, 0.3611178398132324]","['description', 'description', 'description']"
上海到珠海的飞机票,['60872'],[],description,1,0,[],,['60868'],[0.6528840065002441],['description']
上海到珠海的飞机票,['60872'],[],description,3,1,['60872'],2.0,"['60868', '60872', '5671']","[0.6528840065002441, 0.501081109046936, 0.48603132367134094]","['description', 'description', 'description']"
上海到鞍山的机票,['60872'],[],description,1,0,[],,['60868'],[0.6159147024154663],['description']
上海到鞍山的机票,['60872'],[],description,3,1,['60872'],2.0,"['60868', '60872', '5851']","[0.6159147024154663, 0.47357162833213806, 0.45846572518348694]","['description', 'description', 'description']"
上海至贵阳航班,['60872'],[],description,1,0,[],,['60868'],[0.6068042516708374],['description']
上海至贵阳航班,['60872'],[],description,3,1,['60872'],3.0,"['60868', '5851', '60872']","[0.6068042516708374, 0.5245190858840942, 0.4550502300262451]","['description', 'description', 'description']"
上海飞乌鲁木齐要几个小时,['60872'],[],description,1,0,[],,['60868'],[0.4974938631057739],['description']
上海飞乌鲁木齐要几个小时,['60872'],[],description,3,0,[],,"['60868', '5851', '47190']","[0.4974938631057739, 0.4420646131038666, 0.42966917157173157]","['description', 'description', 'description']"
上海飞北京要几个小时,['60872'],[],description,1,0,[],,['60868'],[0.5785160064697266],['description']
上海飞北京要几个小时,['60872'],[],description,3,0,[],,"['60868', '47190', '5851']","[0.5785160064697266, 0.4600130319595337, 0.45948994159698486]","['description', 'description', 'description']"
上海飞马来西亚,['60872'],[],description,1,0,[],,['60868'],[0.5175473690032959],['description']
上海飞马来西亚,['60872'],[],description,3,0,[],,"['60868', '47198', '5671']","[0.5175473690032959, 0.4100813567638397, 0.4034772217273712]","['description', 'description', 'description']"
东营飞广州,['60872'],[],description,1,0,[],,['47198'],[0.40471047163009644],['description']
东营飞广州,['60872'],[],description,3,0,[],,"['47198', '60868', '5012']","[0.40471047163009644, 0.39232563972473145, 0.3707584738731384]","['description', 'description', 'description']"
义乌到太原的飞机票查询,['60872'],[],description,1,0,[],,['60868'],[0.539953351020813],['description']
义乌到太原的飞机票查询,['60872'],[],description,3,0,[],,"['60868', '5671', '50192']","[0.539953351020813, 0.46083763241767883, 0.45358508825302124]","['description', 'description', 'description']"
乌兰浩特到北京的飞机票查询,['60872'],[],description,1,0,[],,['60868'],[0.6036679744720459],['description']
乌兰浩特到北京的飞机票查询,['60872'],[],description,3,0,[],,"['60868', '60874', '50133']","[0.6036679744720459, 0.523759663105011, 0.49053955078125]","['description', 'description', 'description']"
今天上海飞纽约的航班,['60872'],[],description,1,0,[],,['60868'],[0.6640427112579346],['description']
今天上海飞纽约的航班,['60872'],[],description,3,1,['60872'],3.0,"['60868', '5851', '60872']","[0.6640427112579346, 0.4972112774848938, 0.4813690781593323]","['description', 'description', 'description']"
今天到广州的航班,['60872'],[],description,1,0,[],,['60868'],[0.5814262628555298],['description']
今天到广州的航班,['60872'],[],description,3,0,[],,"['60868', '5851', '47190']","[0.5814262628555298, 0.5293538570404053, 0.4966603219509125]","['description', 'description', 'description']"
今天杭州飞南宁的航班时刻表,['60872'],[],description,1,0,[],,['60868'],[0.5507105588912964],['description']
今天杭州飞南宁的航班时刻表,['60872'],[],description,3,0,[],,"['60868', '5851', '50192']","[0.5507105588912964, 0.4877169132232666, 0.4462451636791229]","['description', 'description', 'description']"
从武汉到上海飞机票,['60872'],[],description,1,0,[],,['60868'],[0.612949550151825],['description']
从武汉到上海飞机票,['60872'],[],description,3,1,['60872'],2.0,"['60868', '60872', '47190']","[0.612949550151825, 0.5003684163093567, 0.4844989776611328]","['description', 'description', 'description']"
六安至重庆飞机票,['60872'],[],description,1,0,[],,['60868'],[0.47543931007385254],['description']
六安至重庆飞机票,['60872'],[],description,3,0,[],,"['60868', '5851', '60874']","[0.47543931007385254, 0.3884055018424988, 0.38183239102363586]","['description', 'description', 'description']"
兰州到深圳机票,['60872'],[],description,1,0,[],,['60868'],[0.5056971907615662],['description']
兰州到深圳机票,['60872'],[],description,3,1,['60872'],3.0,"['60868', '5851', '60872']","[0.5056971907615662, 0.4174532890319824, 0.4055069088935852]","['description', 'description', 'description']"
到韩国的飞机票多少钱,['60872'],[],description,1,0,[],,['60868'],[0.505823016166687],['description']
到韩国的飞机票多少钱,['60872'],[],description,3,0,[],,"['60868', '60338', '5671']","[0.505823016166687, 0.4992465376853943, 0.4586557149887085]","['description', 'description', 'description']"
包头到赤峰飞机票查询及票价查询,['60872'],[],description,1,0,[],,['60868'],[0.5855098962783813],['description']
包头到赤峰飞机票查询及票价查询,['60872'],[],description,3,1,['60872'],3.0,"['60868', '60874', '60872']","[0.5855098962783813, 0.49965712428092957, 0.4772121012210846]","['description', 'description', 'description']"
北京到伊春的飞机票,['60872'],[],description,1,0,[],,['60868'],[0.6067554950714111],['description']
北京到伊春的飞机票,['60872'],[],description,3,1,['60872'],3.0,"['60868', '60874', '60872']","[0.6067554950714111, 0.48638832569122314, 0.4549064040184021]","['description', 'description', 'description']"
北京到吕梁的飞机票,['60872'],[],description,1,0,[],,['60868'],[0.5519124269485474],['description']
北京到吕梁的飞机票,['60872'],[],description,3,0,[],,"['60868', '60874', '50133']","[0.5519124269485474, 0.4989927411079407, 0.4198349714279175]","['description', 'description', 'description']"
北京到昆明的航班,['60872'],[],description,1,0,[],,['60868'],[0.6312243938446045],['description']
北京到昆明的航班,['60872'],[],description,3,0,[],,"['60868', '60874', '5851']","[0.6312243938446045, 0.515703558921814, 0.5018647313117981]","['description', 'description', 'description']"
北京到普吉岛航班时刻表,['60872'],[],description,1,0,[],,['60868'],[0.57518470287323],['description']
北京到普吉岛航班时刻表,['60872'],[],description,3,0,[],,"['60868', '60874', '5851']","[0.57518470287323, 0.528161883354187, 0.519180417060852]","['description', 'description', 'description']"
北京到齐齐哈尔市的飞机,['60872'],[],description,1,0,[],,['60868'],[0.5660721063613892],['description']
北京到齐齐哈尔市的飞机,['60872'],[],description,3,0,[],,"['60868', '60874', '5851']","[0.5660721063613892, 0.48100242018699646, 0.45037856698036194]","['description', 'description', 'description']"
北京飞机票多少钱,['60872'],[],description,1,0,[],,['60868'],[0.6468353271484375],['description']
北京飞机票多少钱,['60872'],[],description,3,0,[],,"['60868', '60874', '50192']","[0.6468353271484375, 0.5399987101554871, 0.5192689895629883]","['description', 'description', 'description']"
南京到三亚的飞机票查询,['60872'],[],description,1,0,[],,['60868'],[0.6412463188171387],['description']
南京到三亚的飞机票查询,['60872'],[],description,3,0,[],,"['60868', '5671', '50192']","[0.6412463188171387, 0.5346063375473022, 0.5339623689651489]","['description', 'description', 'description']"
南京到北海的飞机票查询,['60872'],[],description,1,0,[],,['60868'],[0.6492474675178528],['description']
南京到北海的飞机票查询,['60872'],[],description,3,0,[],,"['60868', '50192', '60874']","[0.6492474675178528, 0.5384812355041504, 0.5247947573661804]","['description', 'description', 'description']"
南京到忻州机票,['60872'],[],description,1,0,[],,['60868'],[0.501264214515686],['description']
南京到忻州机票,['60872'],[],description,3,0,[],,"['60868', '50192', '60874']","[0.501264214515686, 0.41153621673583984, 0.41056230664253235]","['description', 'description', 'description']"
南京飞深圳,['60872'],[],description,1,0,[],,['60868'],[0.5004682540893555],['description']
南京飞深圳,['60872'],[],description,3,0,[],,"['60868', '47198', '47242']","[0.5004682540893555, 0.4623602032661438, 0.43332725763320923]","['description', 'description', 'description']"
南昌到北京的飞机时刻表查询,['60872'],[],description,1,0,[],,['60868'],[0.6232725977897644],['description']
南昌到北京的飞机时刻表查询,['60872'],[],description,3,0,[],,"['60868', '60874', '5851']","[0.6232725977897644, 0.5674018263816833, 0.5412305593490601]","['description', 'description', 'description']"
南昌到长春,['60872'],[],description,1,0,[],,['5851'],[0.5360205173492432],['description']
南昌到长春,['60872'],[],description,3,1,['60872'],2.0,"['5851', '60872', '47198']","[0.5360205173492432, 0.509122908115387, 0.4965662360191345]","['description', 'description', 'description']"
南昌到青岛的机票价格,['60872'],[],description,1,0,[],,['60868'],[0.5675740242004395],['description']
南昌到青岛的机票价格,['60872'],[],description,3,0,[],,"['60868', '5671', '47198']","[0.5675740242004395, 0.5120255947113037, 0.505596399307251]","['description', 'description', 'description']"
南昌飞大理,['60872'],[],description,1,0,[],,['47198'],[0.41056299209594727],['description']
南昌飞大理,['60872'],[],description,3,0,[],,"['47198', '60868', '39537']","[0.41056299209594727, 0.38959020376205444, 0.3875020742416382]","['description', 'description', 'description']"
厦门到三峡飞机票,['60872'],[],description,1,0,[],,['60868'],[0.4816948175430298],['description']
厦门到三峡飞机票,['60872'],[],description,3,1,['60872'],3.0,"['60868', '5671', '60872']","[0.4816948175430298, 0.39719587564468384, 0.395905464887619]","['description', 'description', 'description']"
厦门机票价格查询,['60872'],[],description,1,0,[],,['60868'],[0.5512580871582031],['description']
厦门机票价格查询,['60872'],[],description,3,0,[],,"['60868', '60338', '5671']","[0.5512580871582031, 0.5135960578918457, 0.48846518993377686]","['description', 'description', 'description']"
去日本的飞机票价格,['60872'],[],description,1,0,[],,['60868'],[0.5740118026733398],['description']
去日本的飞机票价格,['60872'],[],description,3,0,[],,"['60868', '5671', '47190']","[0.5740118026733398, 0.5144841074943542, 0.4759509563446045]","['description', 'description', 'description']"
合肥到北京的特价机票,['60872'],[],description,1,0,[],,['60868'],[0.5599967837333679],['description']
合肥到北京的特价机票,['60872'],[],description,3,0,[],,"['60868', '60874', '50192']","[0.5599967837333679, 0.5113903880119324, 0.4869043231010437]","['description', 'description', 'description']"
呼和浩特到海拉尔的航班,['60872'],[],description,1,0,[],,['60868'],[0.5176843404769897],['description']
呼和浩特到海拉尔的航班,['60872'],[],description,3,0,[],,"['60868', '5851', '50133']","[0.5176843404769897, 0.460188627243042, 0.4161304533481598]","['description', 'description', 'description']"
哈尔滨到上海飞机票价格查询表,['60872'],[],description,1,0,[],,['60868'],[0.5934003591537476],['description']
哈尔滨到上海飞机票价格查询表,['60872'],[],description,3,1,['60872'],3.0,"['60868', '5851', '60872']","[0.5934003591537476, 0.4908885359764099, 0.4814406633377075]","['description', 'description', 'description']"
哈尔滨到广州,['60872'],[],description,1,0,[],,['5851'],[0.5209007263183594],['description']
哈尔滨到广州,['60872'],[],description,3,1,['60872'],2.0,"['5851', '60872', '60868']","[0.5209007263183594, 0.47732555866241455, 0.4608033299446106]","['description', 'description', 'description']"
哈尔滨到榆林飞机时刻表,['60872'],[],description,1,0,[],,['5851'],[0.501374363899231],['description']
哈尔滨到榆林飞机时刻表,['60872'],[],description,3,1,['60872'],3.0,"['5851', '60868', '60872']","[0.501374363899231, 0.5012115240097046, 0.4211543798446655]","['description', 'description', 'description']"
哈尔滨到牡丹江的飞机时刻表,['60872'],[],description,1,0,[],,['60868'],[0.48630985617637634],['description']
哈尔滨到牡丹江的飞机时刻表,['60872'],[],description,3,0,[],,"['60868', '5851', '47190']","[0.48630985617637634, 0.4786152243614197, 0.4102674722671509]","['description', 'description', 'description']"
哈尔滨飞成都航班查询,['60872'],[],description,1,0,[],,['60868'],[0.6176308989524841],['description']
哈尔滨飞成都航班查询,['60872'],[],description,3,0,[],,"['60868', '50133', '50192']","[0.6176308989524841, 0.4839302897453308, 0.4768039584159851]","['description', 'description', 'description']"
嘉兴到成都飞机票查询,['60872'],[],description,1,0,[],,['60868'],[0.5685728192329407],['description']
嘉兴到成都飞机票查询,['60872'],[],description,3,0,[],,"['60868', '5851', '60874']","[0.5685728192329407, 0.4850327968597412, 0.46807876229286194]","['description', 'description', 'description']"
嘉兴到重庆飞机票多少钱,['60872'],[],description,1,0,[],,['60868'],[0.5195655822753906],['description']
嘉兴到重庆飞机票多少钱,['60872'],[],description,3,0,[],,"['60868', '5851', '60338']","[0.5195655822753906, 0.45264941453933716, 0.4519684910774231]","['description', 'description', 'description']"
大连到成都航班时刻表,['60872'],[],description,1,0,[],,['60868'],[0.5008043050765991],['description']
大连到成都航班时刻表,['60872'],[],description,3,0,[],,"['60868', '5851', '47198']","[0.5008043050765991, 0.5000295639038086, 0.42397165298461914]","['description', 'description', 'description']"
天津一长春飞机票查询,['60872'],[],description,1,0,[],,['60868'],[0.6325153708457947],['description']
天津一长春飞机票查询,['60872'],[],description,3,1,['60872'],2.0,"['60868', '60872', '5851']","[0.6325153708457947, 0.5335553884506226, 0.5176454186439514]","['description', 'description', 'description']"
天津到太原的飞机票,['60872'],[],description,1,0,[],,['60868'],[0.5475525856018066],['description']
天津到太原的飞机票,['60872'],[],description,3,0,[],,"['60868', '60874', '5671']","[0.5475525856018066, 0.4620358347892761, 0.4564509093761444]","['description', 'description', 'description']"
天津到宁波的飞机票,['60872'],[],description,1,0,[],,['60868'],[0.5633610486984253],['description']
天津到宁波的飞机票,['60872'],[],description,3,0,[],,"['60868', '60874', '5671']","[0.5633610486984253, 0.46334898471832275, 0.46024614572525024]","['description', 'description', 'description']"
天津到桂林,['60872'],[],description,1,0,[],,['5851'],[0.4872050881385803],['description']
天津到桂林,['60872'],[],description,3,1,['60872'],3.0,"['5851', '5671', '60872']","[0.4872050881385803, 0.4739875793457031, 0.4621426463127136]","['description', 'description', 'description']"
天津到武汉航班时刻表查询,['60872'],[],description,1,0,[],,['60868'],[0.5378156900405884],['description']
天津到武汉航班时刻表查询,['60872'],[],description,3,0,[],,"['60868', '5851', '60874']","[0.5378156900405884, 0.5334471464157104, 0.4855155944824219]","['description', 'description', 'description']"
宁波到十堰飞机票查询,['60872'],[],description,1,0,[],,['60868'],[0.5383020639419556],['description']
宁波到十堰飞机票查询,['60872'],[],description,3,0,[],,"['60868', '47198', '50192']","[0.5383020639419556, 0.4642046093940735, 0.46034127473831177]","['description', 'description', 'description']"
山东到深圳飞机票查询,['60872'],[],description,1,0,[],,['60868'],[0.5986021161079407],['description']
山东到深圳飞机票查询,['60872'],[],description,3,1,['60872'],2.0,"['60868', '60872', '47198']","[0.5986021161079407, 0.49322745203971863, 0.48836418986320496]","['description', 'description', 'description']"
广东到郑州飞机几个小时,['60872'],[],description,1,0,[],,['5851'],[0.5251846313476562],['description']
广东到郑州飞机几个小时,['60872'],[],description,3,0,[],,"['5851', '60868', '47198']","[0.5251846313476562, 0.44381803274154663, 0.4301864206790924]","['description', 'description', 'description']"
广州到上海机票,['60872'],[],description,1,0,[],,['60868'],[0.6287839412689209],['description']
广州到上海机票,['60872'],[],description,3,1,['60872'],3.0,"['60868', '5851', '60872']","[0.6287839412689209, 0.5386505126953125, 0.5138695240020752]","['description', 'description', 'description']"
广州到兰州的航班时刻表,['60872'],[],description,1,0,[],,['5851'],[0.5936404466629028],['description']
广州到兰州的航班时刻表,['60872'],[],description,3,0,[],,"['5851', '60868', '47190']","[0.5936404466629028, 0.5387979745864868, 0.479181170463562]","['description', 'description', 'description']"
广州到大同的飞机票查询,['60872'],[],description,1,0,[],,['60868'],[0.5701301097869873],['description']
广州到大同的飞机票查询,['60872'],[],description,3,0,[],,"['60868', '5671', '47198']","[0.5701301097869873, 0.4774468243122101, 0.47271728515625]","['description', 'description', 'description']"
广州到大理的航班时刻表,['60872'],[],description,1,0,[],,['5851'],[0.5595413446426392],['description']
广州到大理的航班时刻表,['60872'],[],description,3,0,[],,"['5851', '60868', '47190']","[0.5595413446426392, 0.5438838005065918, 0.4811089038848877]","['description', 'description', 'description']"
广州到福州的飞机票,['60872'],[],description,1,0,[],,['60868'],[0.5563221573829651],['description']
广州到福州的飞机票,['60872'],[],description,3,0,[],,"['60868', '5851', '5671']","[0.5563221573829651, 0.4572702646255493, 0.44900333881378174]","['description', 'description', 'description']"
广州到虹桥飞机多少时间,['60872'],[],description,1,0,[],,['5851'],[0.5626993179321289],['description']
广州到虹桥飞机多少时间,['60872'],[],description,3,0,[],,"['5851', '60868', '47190']","[0.5626993179321289, 0.5092839002609253, 0.4535263180732727]","['description', 'description', 'description']"
广州到银川的飞机时刻表,['60872'],[],description,1,0,[],,['5851'],[0.557286262512207],['description']
广州到银川的飞机时刻表,['60872'],[],description,3,0,[],,"['5851', '60868', '47190']","[0.557286262512207, 0.5341758131980896, 0.46715065836906433]","['description', 'description', 'description']"
徐州到沈阳航班,['60872'],[],description,1,0,[],,['60868'],[0.48954159021377563],['description']
徐州到沈阳航班,['60872'],[],description,3,0,[],,"['60868', '5851', '60874']","[0.48954159021377563, 0.3748512864112854, 0.37012165784835815]","['description', 'description', 'description']"
悉尼到北京的机票,['60872'],[],description,1,0,[],,['60868'],[0.6319928765296936],['description']
悉尼到北京的机票,['60872'],[],description,3,1,['60872'],2.0,"['60868', '60872', '5671']","[0.6319928765296936, 0.5019341707229614, 0.48064425587654114]","['description', 'description', 'description']"
成都到南通的飞机票查询,['60872'],[],description,1,0,[],,['60868'],[0.5687018632888794],['description']
成都到南通的飞机票查询,['60872'],[],description,3,0,[],,"['60868', '47198', '5671']","[0.5687018632888794, 0.5029069185256958, 0.4693639278411865]","['description', 'description', 'description']"
成都到徐州的飞机票,['60872'],[],description,1,0,[],,['60868'],[0.48909303545951843],['description']
成都到徐州的飞机票,['60872'],[],description,3,0,[],,"['60868', '5851', '60874']","[0.48909303545951843, 0.4160827398300171, 0.40543511509895325]","['description', 'description', 'description']"
成都到无锡的航班,['60872'],[],description,1,0,[],,['60868'],[0.5446528196334839],['description']
成都到无锡的航班,['60872'],[],description,3,0,[],,"['60868', '5851', '47198']","[0.5446528196334839, 0.4674757122993469, 0.4667850732803345]","['description', 'description', 'description']"
成都到西藏飞机票多少钱,['60872'],[],description,1,0,[],,['60868'],[0.4576845169067383],['description']
成都到西藏飞机票多少钱,['60872'],[],description,3,0,[],,"['60868', '5671', '60338']","[0.4576845169067383, 0.42865675687789917, 0.42475757002830505]","['description', 'description', 'description']"
成都天府机场到青岛胶东机场,['60872'],[],description,1,0,[],,['60868'],[0.5034708380699158],['description']
成都天府机场到青岛胶东机场,['60872'],[],description,3,0,[],,"['60868', '5851', '5671']","[0.5034708380699158, 0.4322471618652344, 0.43005385994911194]","['description', 'description', 'description']"
成都飞三亚的机票价格查询,['60872'],[],description,1,0,[],,['60868'],[0.6357178688049316],['description']
成都飞三亚的机票价格查询,['60872'],[],description,3,0,[],,"['60868', '50133', '5671']","[0.6357178688049316, 0.4889169931411743, 0.48352929949760437]","['description', 'description', 'description']"
昆明到晋江机票,['60872'],[],description,1,0,[],,['60868'],[0.4940779209136963],['description']
昆明到晋江机票,['60872'],[],description,3,0,[],,"['60868', '47198', '5851']","[0.4940779209136963, 0.39397484064102173, 0.39062315225601196]","['description', 'description', 'description']"
昆明到飞机票价格查询,['60872'],[],description,1,0,[],,['60868'],[0.5496769547462463],['description']
昆明到飞机票价格查询,['60872'],[],description,3,0,[],,"['60868', '47198', '5671']","[0.5496769547462463, 0.4923170208930969, 0.48770055174827576]","['description', 'description', 'description']"
昆明飞杭州要几个小时,['60872'],[],description,1,0,[],,['60868'],[0.4826473593711853],['description']
昆明飞杭州要几个小时,['60872'],[],description,3,0,[],,"['60868', '5851', '47198']","[0.4826473593711853, 0.4456789493560791, 0.4389672875404358]","['description', 'description', 'description']"
杭州到乌鲁木齐的机票,['60872'],[],description,1,0,[],,['60868'],[0.5923945903778076],['description']
杭州到乌鲁木齐的机票,['60872'],[],description,3,1,['60872'],3.0,"['60868', '5851', '60872']","[0.5923945903778076, 0.48858514428138733, 0.48641151189804077]","['description', 'description', 'description']"
杭州到兰州的飞机票查询,['60872'],[],description,1,0,[],,['60868'],[0.6142305731773376],['description']
杭州到兰州的飞机票查询,['60872'],[],description,3,0,[],,"['60868', '50192', '5851']","[0.6142305731773376, 0.5147764682769775, 0.5114653706550598]","['description', 'description', 'description']"
杭州到哈尔滨的飞机票查询,['60872'],[],description,1,0,[],,['60868'],[0.6340655088424683],['description']
杭州到哈尔滨的飞机票查询,['60872'],[],description,3,0,[],,"['60868', '50192', '50133']","[0.6340655088424683, 0.5468065738677979, 0.5342346429824829]","['description', 'description', 'description']"
杭州到洛阳的飞机票查询,['60872'],[],description,1,0,[],,['60868'],[0.5897472500801086],['description']
杭州到洛阳的飞机票查询,['60872'],[],description,3,0,[],,"['60868', '50192', '5671']","[0.5897472500801086, 0.5088074803352356, 0.4936804175376892]","['description', 'description', 'description']"
杭州到石家庄的飞机票查询,['60872'],[],description,1,0,[],,['60868'],[0.6276214122772217],['description']
杭州到石家庄的飞机票查询,['60872'],[],description,3,1,['60872'],2.0,"['60868', '60872', '50192']","[0.6276214122772217, 0.5514135360717773, 0.5388568043708801]","['description', 'description', 'description']"
杭州萧山到长春龙嘉的航班,['60872'],[],description,1,0,[],,['60868'],[0.53341144323349],['description']
杭州萧山到长春龙嘉的航班,['60872'],[],description,3,0,[],,"['60868', '5851', '47266']","[0.53341144323349, 0.500481903553009, 0.4338339567184448]","['description', 'description', 'description']"
武汉到恩施的飞机票,['60872'],[],description,1,0,[],,['60868'],[0.4793260991573334],['description']
武汉到恩施的飞机票,['60872'],[],description,3,0,[],,"['60868', '5671', '60874']","[0.4793260991573334, 0.40053969621658325, 0.3790513277053833]","['description', 'description', 'description']"
沈阳到威海的机票,['60872'],[],description,1,0,[],,['60868'],[0.5351595878601074],['description']
沈阳到威海的机票,['60872'],[],description,3,0,[],,"['60868', '5671', '50133']","[0.5351595878601074, 0.40574508905410767, 0.4001283049583435]","['description', 'description', 'description']"
沈阳到常州飞机票时刻表查询,['60872'],[],description,1,0,[],,['60868'],[0.5237909555435181],['description']
沈阳到常州飞机票时刻表查询,['60872'],[],description,3,0,[],,"['60868', '5851', '47198']","[0.5237909555435181, 0.4490887224674225, 0.4156297445297241]","['description', 'description', 'description']"
沈阳到成都的飞机票价格查询,['60872'],[],description,1,0,[],,['60868'],[0.5843087434768677],['description']
沈阳到成都的飞机票价格查询,['60872'],[],description,3,0,[],,"['60868', '50192', '50133']","[0.5843087434768677, 0.47170355916023254, 0.46758466958999634]","['description', 'description', 'description']"
泸州到丽江的飞机票价格查询,['60872'],[],description,1,0,[],,['60868'],[0.5503379106521606],['description']
泸州到丽江的飞机票价格查询,['60872'],[],description,3,0,[],,"['60868', '5671', '50133']","[0.5503379106521606, 0.4847588539123535, 0.48250454664230347]","['description', 'description', 'description']"
济南到上海的飞机票,['60872'],[],description,1,0,[],,['60868'],[0.6327399611473083],['description']
济南到上海的飞机票,['60872'],[],description,3,1,['60872'],2.0,"['60868', '60872', '5851']","[0.6327399611473083, 0.49884140491485596, 0.4926057457923889]","['description', 'description', 'description']"
济南到西双版纳,['60872'],[],description,1,0,[],,['5671'],[0.4146888852119446],['description']
济南到西双版纳,['60872'],[],description,3,0,[],,"['5671', '5851', '47198']","[0.4146888852119446, 0.4069629907608032, 0.4060265123844147]","['description', 'description', 'description']"
济宁到大连飞机票多少钱,['60872'],[],description,1,0,[],,['60868'],[0.5152153968811035],['description']
济宁到大连飞机票多少钱,['60872'],[],description,3,0,[],,"['60868', '47198', '60874']","[0.5152153968811035, 0.45233362913131714, 0.43604791164398193]","['description', 'description', 'description']"
海南到重庆的飞机时刻表,['60872'],[],description,1,0,[],,['5851'],[0.5037598609924316],['description']
海南到重庆的飞机时刻表,['60872'],[],description,3,0,[],,"['5851', '60868', '50133']","[0.5037598609924316, 0.4847272038459778, 0.420754075050354]","['description', 'description', 'description']"
深圳到宁波的飞机票价,['60872'],[],description,1,0,[],,['60868'],[0.5578948259353638],['description']
深圳到宁波的飞机票价,['60872'],[],description,3,0,[],,"['60868', '50192', '5671']","[0.5578948259353638, 0.4704574942588806, 0.46250617504119873]","['description', 'description', 'description']"
深圳到贵阳的飞机票,['60872'],[],description,1,0,[],,['60868'],[0.5387656092643738],['description']
深圳到贵阳的飞机票,['60872'],[],description,3,1,['60872'],3.0,"['60868', '5851', '60872']","[0.5387656092643738, 0.4813932776451111, 0.4531915783882141]","['description', 'description', 'description']"
深圳到长春的飞机,['60872'],[],description,1,0,[],,['60868'],[0.4895641803741455],['description']
深圳到长春的飞机,['60872'],[],description,3,1,['60872'],3.0,"['60868', '5851', '60872']","[0.4895641803741455, 0.43948066234588623, 0.4064543545246124]","['description', 'description', 'description']"
湖北到杭州飞机,['60872'],[],description,1,0,[],,['60868'],[0.47687822580337524],['description']
湖北到杭州飞机,['60872'],[],description,3,0,[],,"['60868', '5851', '50192']","[0.47687822580337524, 0.40800970792770386, 0.4047444462776184]","['description', 'description', 'description']"
湛江到杭州怎么走,['60872'],[],description,1,0,[],,['47190'],[0.4643625020980835],['description']
湛江到杭州怎么走,['60872'],[],description,3,0,[],,"['47190', '47198', '5851']","[0.4643625020980835, 0.4556514620780945, 0.42994076013565063]","['description', 'description', 'description']"
满洲里到上海的飞机票,['60872'],[],description,1,0,[],,['60868'],[0.5939540266990662],['description']
满洲里到上海的飞机票,['60872'],[],description,3,1,['60872'],3.0,"['60868', '5851', '60872']","[0.5939540266990662, 0.4749451279640198, 0.4742647707462311]","['description', 'description', 'description']"
瑞金到北京飞机票,['60872'],[],description,1,0,[],,['60868'],[0.5680835247039795],['description']
瑞金到北京飞机票,['60872'],[],description,3,1,['60872'],3.0,"['60868', '60874', '60872']","[0.5680835247039795, 0.5131819248199463, 0.45538416504859924]","['description', 'description', 'description']"
石家庄飞海口,['60872'],[],description,1,0,[],,['60868'],[0.4748874008655548],['description']
石家庄飞海口,['60872'],[],description,3,0,[],,"['60868', '5851', '50192']","[0.4748874008655548, 0.4037747383117676, 0.3913493752479553]","['description', 'description', 'description']"
美国到中国飞机票多少钱,['60872'],[],description,1,0,[],,['60868'],[0.5624321103096008],['description']
美国到中国飞机票多少钱,['60872'],[],description,3,0,[],,"['60868', '60338', '5293']","[0.5624321103096008, 0.4982169270515442, 0.475593239068985]","['description', 'description', 'description']"
衢州到成都飞机票,['60872'],[],description,1,0,[],,['60868'],[0.5206659436225891],['description']
衢州到成都飞机票,['60872'],[],description,3,0,[],,"['60868', '5851', '5671']","[0.5206659436225891, 0.41777414083480835, 0.41102108359336853]","['description', 'description', 'description']"
西双版纳到成都的飞机票,['60872'],[],description,1,0,[],,['60868'],[0.5070135593414307],['description']
西双版纳到成都的飞机票,['60872'],[],description,3,0,[],,"['60868', '5671', '47198']","[0.5070135593414307, 0.4269847869873047, 0.40573251247406006]","['description', 'description', 'description']"
西宁到南京飞机航班查询,['60872'],[],description,1,0,[],,['60868'],[0.574204683303833],['description']
西宁到南京飞机航班查询,['60872'],[],description,3,0,[],,"['60868', '50192', '47198']","[0.574204683303833, 0.4776064157485962, 0.46668896079063416]","['description', 'description', 'description']"
西安到乌鲁木齐的飞机票价查询,['60872'],[],description,1,0,[],,['60868'],[0.6035736799240112],['description']
西安到乌鲁木齐的飞机票价查询,['60872'],[],description,3,0,[],,"['60868', '50192', '5671']","[0.6035736799240112, 0.5362895727157593, 0.5238776206970215]","['description', 'description', 'description']"
西安到喀什飞机票多少钱,['60872'],[],description,1,0,[],,['60868'],[0.5205730199813843],['description']
西安到喀什飞机票多少钱,['60872'],[],description,3,0,[],,"['60868', '60338', '5671']","[0.5205730199813843, 0.4515092372894287, 0.43409979343414307]","['description', 'description', 'description']"
西安到大连的飞机票查询,['60872'],[],description,1,0,[],,['60868'],[0.6093267202377319],['description']
西安到大连的飞机票查询,['60872'],[],description,3,0,[],,"['60868', '50192', '47198']","[0.6093267202377319, 0.5428040027618408, 0.522071361541748]","['description', 'description', 'description']"
西安到天津,['60872'],[],description,1,0,[],,['5851'],[0.532823383808136],['description']
西安到天津,['60872'],[],description,3,1,['60872'],2.0,"['5851', '60872', '47266']","[0.532823383808136, 0.5160209536552429, 0.5101441144943237]","['description', 'description', 'description']"
西安到宁波飞机时刻表,['60872'],[],description,1,0,[],,['60868'],[0.5216412544250488],['description']
西安到宁波飞机时刻表,['60872'],[],description,3,0,[],,"['60868', '5851', '50192']","[0.5216412544250488, 0.5095778107643127, 0.4553724527359009]","['description', 'description', 'description']"
西安到库尔勒的飞机票,['60872'],[],description,1,0,[],,['60868'],[0.48252660036087036],['description']
西安到库尔勒的飞机票,['60872'],[],description,3,0,[],,"['60868', '5851', '50192']","[0.48252660036087036, 0.41517335176467896, 0.41034114360809326]","['description', 'description', 'description']"
西安到桂林的飞机票查询,['60872'],[],description,1,0,[],,['60868'],[0.5624778866767883],['description']
西安到桂林的飞机票查询,['60872'],[],description,3,0,[],,"['60868', '50192', '5671']","[0.5624778866767883, 0.5367568731307983, 0.5252339839935303]","['description', 'description', 'description']"
西安到澳门飞机票多钱,['60872'],[],description,1,0,[],,['60868'],[0.5315436124801636],['description']
西安到澳门飞机票多钱,['60872'],[],description,3,0,[],,"['60868', '5671', '50192']","[0.5315436124801636, 0.4709727466106415, 0.4642162024974823]","['description', 'description', 'description']"
西安到烟台飞机票查询,['60872'],[],description,1,0,[],,['60868'],[0.5863053798675537],['description']
西安到烟台飞机票查询,['60872'],[],description,3,0,[],,"['60868', '5671', '50192']","[0.5863053798675537, 0.4725954532623291, 0.47142308950424194]","['description', 'description', 'description']"
西安到韩国飞机正常飞行吗,['60872'],[],description,1,0,[],,['60868'],[0.48795562982559204],['description']
西安到韩国飞机正常飞行吗,['60872'],[],description,3,0,[],,"['60868', '50192', '47198']","[0.48795562982559204, 0.44687068462371826, 0.425462007522583]","['description', 'description', 'description']"
贵阳到南京的飞机票查询,['60872'],[],description,1,0,[],,['60868'],[0.5879981517791748],['description']
贵阳到南京的飞机票查询,['60872'],[],description,3,0,[],,"['60868', '5851', '5671']","[0.5879981517791748, 0.5209183692932129, 0.49574705958366394]","['description', 'description', 'description']"
赣州到北京飞机票查询及票价,['60872'],[],description,1,0,[],,['60868'],[0.607170820236206],['description']
赣州到北京飞机票查询及票价,['60872'],[],description,3,1,['60872'],3.0,"['60868', '60874', '60872']","[0.607170820236206, 0.5965210199356079, 0.5152870416641235]","['description', 'description', 'description']"
赣州到徐州的飞机票,['60872'],[],description,1,0,[],,['60868'],[0.47328153252601624],['description']
赣州到徐州的飞机票,['60872'],[],description,3,0,[],,"['60868', '5851', '60874']","[0.47328153252601624, 0.44739657640457153, 0.4287623167037964]","['description', 'description', 'description']"
赤峰到呼市飞机票查询,['60872'],[],description,1,0,[],,['60868'],[0.5450637936592102],['description']
赤峰到呼市飞机票查询,['60872'],[],description,3,1,['60872'],3.0,"['60868', '5851', '60872']","[0.5450637936592102, 0.4396968483924866, 0.43636202812194824]","['description', 'description', 'description']"
连云港至长沙飞机时刻表,['60872'],[],description,1,0,[],,['5851'],[0.5181177258491516],['description']
连云港至长沙飞机时刻表,['60872'],[],description,3,0,[],,"['5851', '60868', '47198']","[0.5181177258491516, 0.49349522590637207, 0.4241376519203186]","['description', 'description', 'description']"
遵义到合肥的飞机票查询,['60872'],[],description,1,0,[],,['60868'],[0.561181902885437],['description']
遵义到合肥的飞机票查询,['60872'],[],description,3,0,[],,"['60868', '50192', '5851']","[0.561181902885437, 0.49279534816741943, 0.48913079500198364]","['description', 'description', 'description']"
郑州到沈阳飞机票多少钱,['60872'],[],description,1,0,[],,['60868'],[0.5293495655059814],['description']
郑州到沈阳飞机票多少钱,['60872'],[],description,3,0,[],,"['60868', '60338', '50192']","[0.5293495655059814, 0.4456320106983185, 0.43451881408691406]","['description', 'description', 'description']"
郑州到长沙的飞机票多少钱,['60872'],[],description,1,0,[],,['60868'],[0.5082505941390991],['description']
郑州到长沙的飞机票多少钱,['60872'],[],description,3,0,[],,"['60868', '60338', '5851']","[0.5082505941390991, 0.4881451725959778, 0.47471487522125244]","['description', 'description', 'description']"
铜仁到贵阳飞机票查询,['60872'],[],description,1,0,[],,['60868'],[0.4718136489391327],['description']
铜仁到贵阳飞机票查询,['60872'],[],description,3,0,[],,"['60868', '5851', '47190']","[0.4718136489391327, 0.4110553562641144, 0.38099995255470276]","['description', 'description', 'description']"
银川到郑州的飞机票价查询,['60872'],[],description,1,0,[],,['60868'],[0.5866613388061523],['description']
银川到郑州的飞机票价查询,['60872'],[],description,3,0,[],,"['60868', '5851', '50192']","[0.5866613388061523, 0.5251598358154297, 0.5102778077125549]","['description', 'description', 'description']"
长春到长沙的飞机票查询,['60872'],[],description,1,0,[],,['60868'],[0.5950059294700623],['description']
长春到长沙的飞机票查询,['60872'],[],description,3,1,['60872'],3.0,"['60868', '5851', '60872']","[0.5950059294700623, 0.508073091506958, 0.49438801407814026]","['description', 'description', 'description']"
长春到陕西飞机票价多少钱,['60872'],[],description,1,0,[],,['60868'],[0.49640780687332153],['description']
长春到陕西飞机票价多少钱,['60872'],[],description,3,0,[],,"['60868', '60338', '50192']","[0.49640780687332153, 0.44766876101493835, 0.42907658219337463]","['description', 'description', 'description']"
长春飞韩国机票价格,['60872'],[],description,1,0,[],,['60868'],[0.5052928924560547],['description']
长春飞韩国机票价格,['60872'],[],description,3,0,[],,"['60868', '60338', '50133']","[0.5052928924560547, 0.3847058415412903, 0.3745899796485901]","['description', 'description', 'description']"
长沙到厦门的飞机票,['60872'],[],description,1,0,[],,['60868'],[0.5305431485176086],['description']
长沙到厦门的飞机票,['60872'],[],description,3,0,[],,"['60868', '50192', '5851']","[0.5305431485176086, 0.44748756289482117, 0.4449256658554077]","['description', 'description', 'description']"
长沙到沈阳的飞机,['60872'],[],description,1,0,[],,['60868'],[0.4829494059085846],['description']
长沙到沈阳的飞机,['60872'],[],description,3,0,[],,"['60868', '5851', '47198']","[0.4829494059085846, 0.3973817825317383, 0.38838982582092285]","['description', 'description', 'description']"
长沙到济南的飞机票,['60872'],[],description,1,0,[],,['60868'],[0.5495144128799438],['description']
长沙到济南的飞机票,['60872'],[],description,3,1,['60872'],3.0,"['60868', '5851', '60872']","[0.5495144128799438, 0.45636123418807983, 0.43736666440963745]","['description', 'description', 'description']"
青岛到延吉的机票,['60872'],[],description,1,0,[],,['60868'],[0.5451506972312927],['description']
青岛到延吉的机票,['60872'],[],description,3,0,[],,"['60868', '5851', '5671']","[0.5451506972312927, 0.4553876519203186, 0.4303004741668701]","['description', 'description', 'description']"
青岛到贵州的机票,['60872'],[],description,1,0,[],,['60868'],[0.49526163935661316],['description']
青岛到贵州的机票,['60872'],[],description,3,0,[],,"['60868', '5851', '47198']","[0.49526163935661316, 0.4438754916191101, 0.4207301139831543]","['description', 'description', 'description']"
韩国到南京的机票价格,['60872'],[],description,1,0,[],,['60868'],[0.5374324321746826],['description']
韩国到南京的机票价格,['60872'],[],description,3,0,[],,"['60868', '5671', '60338']","[0.5374324321746826, 0.4639192223548889, 0.4461006224155426]","['description', 'description', 'description']"
香港到成都机票查询,['60872'],[],description,1,0,[],,['60868'],[0.6317164897918701],['description']
香港到成都机票查询,['60872'],[],description,3,0,[],,"['60868', '50192', '50133']","[0.6317164897918701, 0.5306086540222168, 0.5196648836135864]","['description', 'description', 'description']"
2026年7月11日上午10时已值飞的贵阳龙洞堡机场飞上海的航班查询,['60872'],[],merged,1,0,[],,['60868'],[0.610432505607605],['description']
2026年7月11日上午10时已值飞的贵阳龙洞堡机场飞上海的航班查询,['60872'],[],merged,3,1,['60872'],3.0,"['60868', '5851', '60872']","[0.610432505607605, 0.5120834112167358, 0.4455487132072449]","['description', 'title_description', 'description']"
7月12日泰国飞往杭州航班能准时起飞吗,['60872'],[],merged,1,0,[],,['60868'],[0.5611718893051147],['title_description']
7月12日泰国飞往杭州航班能准时起飞吗,['60872'],[],merged,3,1,['60872'],2.0,"['60868', '60872', '5671']","[0.5611718893051147, 0.4977286756038666, 0.467735230922699]","['title_description', 'title_description', 'title_description']"
上海到呼伦贝尔机票,['60872'],[],merged,1,0,[],,['60868'],[0.5796753764152527],['description']
上海到呼伦贝尔机票,['60872'],[],merged,3,1,['60872'],2.0,"['60868', '60872', '60874']","[0.5796753764152527, 0.4482901096343994, 0.43345922231674194]","['description', 'description', 'title_description']"
上海到杭州机票,['60872'],[],merged,1,0,[],,['60868'],[0.66315758228302],['description']
上海到杭州机票,['60872'],[],merged,3,1,['60872'],2.0,"['60868', '60872', '47266']","[0.66315758228302, 0.5070048570632935, 0.4961109757423401]","['description', 'title_description', 'title_description']"
上海到泰国坐飞机要几个小时,['60872'],[],merged,1,0,[],,['60868'],[0.46689891815185547],['title_description']
上海到泰国坐飞机要几个小时,['60872'],[],merged,3,0,[],,"['60868', '47190', '5851']","[0.46689891815185547, 0.4397761821746826, 0.4360376298427582]","['title_description', 'title_description', 'description']"
上海到泰国的航班9c7281 7月11日,['60872'],[],merged,1,0,[],,['60868'],[0.44075602293014526],['description']
上海到泰国的航班9c7281 7月11日,['60872'],[],merged,3,1,['60872'],2.0,"['60868', '60872', '5851']","[0.44075602293014526, 0.37943392992019653, 0.3766881227493286]","['description', 'title_description', 'description']"
上海到珠海的飞机票,['60872'],[],merged,1,0,[],,['60868'],[0.6528840065002441],['description']
上海到珠海的飞机票,['60872'],[],merged,3,1,['60872'],2.0,"['60868', '60872', '5671']","[0.6528840065002441, 0.5461915731430054, 0.5338249206542969]","['description', 'title_description', 'title_description']"
上海到鞍山的机票,['60872'],[],merged,1,0,[],,['60868'],[0.6159147024154663],['description']
上海到鞍山的机票,['60872'],[],merged,3,1,['60872'],2.0,"['60868', '60872', '5671']","[0.6159147024154663, 0.5133799314498901, 0.4863430857658386]","['description', 'title_description', 'title_description']"
上海至贵阳航班,['60872'],[],merged,1,0,[],,['60868'],[0.6068042516708374],['description']
上海至贵阳航班,['60872'],[],merged,3,0,[],,"['60868', '5851', '47266']","[0.6068042516708374, 0.5245190858840942, 0.4776730239391327]","['description', 'description', 'title_description']"
上海飞乌鲁木齐要几个小时,['60872'],[],merged,1,0,[],,['60868'],[0.5385727882385254],['title_description']
上海飞乌鲁木齐要几个小时,['60872'],[],merged,3,0,[],,"['60868', '47190', '5851']","[0.5385727882385254, 0.46616244316101074, 0.4420646131038666]","['title_description', 'title_description', 'description']"
上海飞北京要几个小时,['60872'],[],merged,1,0,[],,['60868'],[0.5785160064697266],['description']
上海飞北京要几个小时,['60872'],[],merged,3,0,[],,"['60868', '47190', '47266']","[0.5785160064697266, 0.5009894371032715, 0.48185276985168457]","['description', 'title_description', 'title_description']"
上海飞马来西亚,['60872'],[],merged,1,0,[],,['60868'],[0.5402674674987793],['title_description']
上海飞马来西亚,['60872'],[],merged,3,0,[],,"['60868', '47266', '47190']","[0.5402674674987793, 0.4403381645679474, 0.43583375215530396]","['title_description', 'title_description', 'title_description']"
东营飞广州,['60872'],[],merged,1,0,[],,['60868'],[0.41447603702545166],['title_description']
东营飞广州,['60872'],[],merged,3,0,[],,"['60868', '47198', '62106']","[0.41447603702545166, 0.40471047163009644, 0.39891529083251953]","['title_description', 'description', 'title_description']"
义乌到太原的飞机票查询,['60872'],[],merged,1,0,[],,['60868'],[0.5798091888427734],['title_description']
义乌到太原的飞机票查询,['60872'],[],merged,3,1,['60872'],2.0,"['60868', '60872', '60874']","[0.5798091888427734, 0.5223783254623413, 0.5020869970321655]","['title_description', 'title_description', 'title_description']"
乌兰浩特到北京的飞机票查询,['60872'],[],merged,1,0,[],,['60868'],[0.6036679744720459],['description']
乌兰浩特到北京的飞机票查询,['60872'],[],merged,3,0,[],,"['60868', '60874', '5671']","[0.6036679744720459, 0.5405336618423462, 0.5095291137695312]","['description', 'title_description', 'title_description']"
今天上海飞纽约的航班,['60872'],[],merged,1,0,[],,['60868'],[0.6640427112579346],['description']
今天上海飞纽约的航班,['60872'],[],merged,3,1,['60872'],2.0,"['60868', '60872', '47266']","[0.6640427112579346, 0.533104419708252, 0.5191349387168884]","['description', 'title_description', 'title_description']"
今天到广州的航班,['60872'],[],merged,1,0,[],,['60868'],[0.5899840593338013],['title_description']
今天到广州的航班,['60872'],[],merged,3,1,['60872'],3.0,"['60868', '47190', '60872']","[0.5899840593338013, 0.550197958946228, 0.5466394424438477]","['title_description', 'title_description', 'title_description']"
今天杭州飞南宁的航班时刻表,['60872'],[],merged,1,0,[],,['60868'],[0.5507105588912964],['description']
今天杭州飞南宁的航班时刻表,['60872'],[],merged,3,0,[],,"['60868', '5851', '47190']","[0.5507105588912964, 0.4877169132232666, 0.47101181745529175]","['description', 'description', 'title_description']"
从武汉到上海飞机票,['60872'],[],merged,1,0,[],,['60868'],[0.6475353837013245],['title_description']
从武汉到上海飞机票,['60872'],[],merged,3,1,['60872'],2.0,"['60868', '60872', '60874']","[0.6475353837013245, 0.5744937658309937, 0.5371355414390564]","['title_description', 'title_description', 'title_description']"
六安至重庆飞机票,['60872'],[],merged,1,0,[],,['60868'],[0.47543931007385254],['description']
六安至重庆飞机票,['60872'],[],merged,3,0,[],,"['60868', '5671', '60874']","[0.47543931007385254, 0.3959139585494995, 0.3956649899482727]","['description', 'title_description', 'title_description']"
兰州到深圳机票,['60872'],[],merged,1,0,[],,['60868'],[0.5056971907615662],['description']
兰州到深圳机票,['60872'],[],merged,3,1,['60872'],2.0,"['60868', '60872', '47266']","[0.5056971907615662, 0.440437376499176, 0.43543684482574463]","['description', 'title_description', 'title_description']"
到韩国的飞机票多少钱,['60872'],[],merged,1,0,[],,['60868'],[0.5622166395187378],['title_description']
到韩国的飞机票多少钱,['60872'],[],merged,3,0,[],,"['60868', '60338', '5671']","[0.5622166395187378, 0.4992465376853943, 0.49007394909858704]","['title_description', 'description', 'title_description']"
包头到赤峰飞机票查询及票价查询,['60872'],[],merged,1,0,[],,['60868'],[0.5987430810928345],['title_description']
包头到赤峰飞机票查询及票价查询,['60872'],[],merged,3,1,['60872'],3.0,"['60868', '60874', '60872']","[0.5987430810928345, 0.5295697450637817, 0.527633547782898]","['title_description', 'title_description', 'title_description']"
北京到伊春的飞机票,['60872'],[],merged,1,0,[],,['60868'],[0.6067554950714111],['description']
北京到伊春的飞机票,['60872'],[],merged,3,1,['60872'],3.0,"['60868', '60874', '60872']","[0.6067554950714111, 0.5134199857711792, 0.48663920164108276]","['description', 'title_description', 'title_description']"
北京到吕梁的飞机票,['60872'],[],merged,1,0,[],,['60868'],[0.5519124269485474],['description']
北京到吕梁的飞机票,['60872'],[],merged,3,0,[],,"['60868', '60874', '5671']","[0.5519124269485474, 0.501690149307251, 0.46391987800598145]","['description', 'title_description', 'title_description']"
北京到昆明的航班,['60872'],[],merged,1,0,[],,['60868'],[0.6312243938446045],['description']
北京到昆明的航班,['60872'],[],merged,3,1,['60872'],3.0,"['60868', '60874', '60872']","[0.6312243938446045, 0.5494542121887207, 0.5386459231376648]","['description', 'title_description', 'title_description']"
北京到普吉岛航班时刻表,['60872'],[],merged,1,0,[],,['60868'],[0.57518470287323],['description']
北京到普吉岛航班时刻表,['60872'],[],merged,3,0,[],,"['60868', '60874', '5851']","[0.57518470287323, 0.5474570989608765, 0.519180417060852]","['description', 'title_description', 'description']"
北京到齐齐哈尔市的飞机,['60872'],[],merged,1,0,[],,['60868'],[0.5660721063613892],['description']
北京到齐齐哈尔市的飞机,['60872'],[],merged,3,1,['60872'],3.0,"['60868', '60874', '60872']","[0.5660721063613892, 0.5031580924987793, 0.47246053814888]","['description', 'title_description', 'title_description']"
北京飞机票多少钱,['60872'],[],merged,1,0,[],,['60868'],[0.6468353271484375],['description']
北京飞机票多少钱,['60872'],[],merged,3,1,['60872'],3.0,"['60868', '60874', '60872']","[0.6468353271484375, 0.5640794038772583, 0.529429018497467]","['description', 'title_description', 'title_description']"
南京到三亚的飞机票查询,['60872'],[],merged,1,0,[],,['60868'],[0.6519164443016052],['title_description']
南京到三亚的飞机票查询,['60872'],[],merged,3,1,['60872'],2.0,"['60868', '60872', '5671']","[0.6519164443016052, 0.5810239315032959, 0.5718326568603516]","['title_description', 'title_description', 'title_description']"
南京到北海的飞机票查询,['60872'],[],merged,1,0,[],,['60868'],[0.6492474675178528],['description']
南京到北海的飞机票查询,['60872'],[],merged,3,1,['60872'],3.0,"['60868', '60874', '60872']","[0.6492474675178528, 0.564283549785614, 0.5494838356971741]","['description', 'title_description', 'title_description']"
南京到忻州机票,['60872'],[],merged,1,0,[],,['60868'],[0.5047894716262817],['title_description']
南京到忻州机票,['60872'],[],merged,3,1,['60872'],3.0,"['60868', '60874', '60872']","[0.5047894716262817, 0.4589688777923584, 0.4369347393512726]","['title_description', 'title_description', 'title_description']"
南京飞深圳,['60872'],[],merged,1,0,[],,['60868'],[0.5121119022369385],['title_description']
南京飞深圳,['60872'],[],merged,3,0,[],,"['60868', '47266', '47190']","[0.5121119022369385, 0.49036064743995667, 0.475596159696579]","['title_description', 'title_description', 'title_description']"
南昌到北京的飞机时刻表查询,['60872'],[],merged,1,0,[],,['60868'],[0.6232725977897644],['description']
南昌到北京的飞机时刻表查询,['60872'],[],merged,3,0,[],,"['60868', '60874', '5851']","[0.6232725977897644, 0.5936458110809326, 0.552571177482605]","['description', 'title_description', 'title_description']"
南昌到长春,['60872'],[],merged,1,1,['60872'],1.0,['60872'],[0.5661565065383911],['title_description']
南昌到长春,['60872'],[],merged,3,1,['60872'],1.0,"['60872', '60874', '5851']","[0.5661565065383911, 0.5627800226211548, 0.5440869331359863]","['title_description', 'title_description', 'title_description']"
南昌到青岛的机票价格,['60872'],[],merged,1,0,[],,['60868'],[0.5989195108413696],['title_description']
南昌到青岛的机票价格,['60872'],[],merged,3,0,[],,"['60868', '5671', '60874']","[0.5989195108413696, 0.5515565276145935, 0.533745527267456]","['title_description', 'title_description', 'title_description']"
南昌飞大理,['60872'],[],merged,1,0,[],,['60868'],[0.42682039737701416],['title_description']
南昌飞大理,['60872'],[],merged,3,0,[],,"['60868', '47190', '5671']","[0.42682039737701416, 0.41869813203811646, 0.4139220714569092]","['title_description', 'title_description', 'title_description']"
厦门到三峡飞机票,['60872'],[],merged,1,0,[],,['60868'],[0.4816948175430298],['description']
厦门到三峡飞机票,['60872'],[],merged,3,1,['60872'],3.0,"['60868', '5671', '60872']","[0.4816948175430298, 0.4352553188800812, 0.42927682399749756]","['description', 'title_description', 'title_description']"
厦门机票价格查询,['60872'],[],merged,1,0,[],,['60868'],[0.5783079862594604],['title_description']
厦门机票价格查询,['60872'],[],merged,3,0,[],,"['60868', '5671', '60338']","[0.5783079862594604, 0.5227537751197815, 0.5135960578918457]","['title_description', 'title_description', 'description']"
去日本的飞机票价格,['60872'],[],merged,1,0,[],,['60868'],[0.6239820718765259],['title_description']
去日本的飞机票价格,['60872'],[],merged,3,1,['60872'],2.0,"['60868', '60872', '5671']","[0.6239820718765259, 0.5398957133293152, 0.5336488485336304]","['title_description', 'title_description', 'title_description']"
合肥到北京的特价机票,['60872'],[],merged,1,0,[],,['60868'],[0.5599967837333679],['description']
合肥到北京的特价机票,['60872'],[],merged,3,0,[],,"['60868', '60874', '50192']","[0.5599967837333679, 0.5113903880119324, 0.4869043231010437]","['description', 'description', 'description']"
呼和浩特到海拉尔的航班,['60872'],[],merged,1,0,[],,['60868'],[0.5176843404769897],['description']
呼和浩特到海拉尔的航班,['60872'],[],merged,3,0,[],,"['60868', '5851', '60874']","[0.5176843404769897, 0.460188627243042, 0.44703537225723267]","['description', 'description', 'title_description']"
哈尔滨到上海飞机票价格查询表,['60872'],[],merged,1,0,[],,['60868'],[0.5934003591537476],['description']
哈尔滨到上海飞机票价格查询表,['60872'],[],merged,3,1,['60872'],3.0,"['60868', '5851', '60872']","[0.5934003591537476, 0.4908885359764099, 0.4892444610595703]","['description', 'description', 'title_description']"
哈尔滨到广州,['60872'],[],merged,1,0,[],,['5851'],[0.5209007263183594],['description']
哈尔滨到广州,['60872'],[],merged,3,1,['60872'],3.0,"['5851', '47266', '60872']","[0.5209007263183594, 0.5124192833900452, 0.5110806822776794]","['description', 'title_description', 'title_description']"
哈尔滨到榆林飞机时刻表,['60872'],[],merged,1,0,[],,['5851'],[0.5028301477432251],['title_description']
哈尔滨到榆林飞机时刻表,['60872'],[],merged,3,1,['60872'],3.0,"['5851', '60868', '60872']","[0.5028301477432251, 0.5012115240097046, 0.4577926695346832]","['title_description', 'description', 'title_description']"
哈尔滨到牡丹江的飞机时刻表,['60872'],[],merged,1,0,[],,['60868'],[0.48630985617637634],['description']
哈尔滨到牡丹江的飞机时刻表,['60872'],[],merged,3,0,[],,"['60868', '5851', '47190']","[0.48630985617637634, 0.4786152243614197, 0.44270479679107666]","['description', 'description', 'title_description']"
哈尔滨飞成都航班查询,['60872'],[],merged,1,0,[],,['60868'],[0.6176308989524841],['description']
哈尔滨飞成都航班查询,['60872'],[],merged,3,0,[],,"['60868', '50133', '5851']","[0.6176308989524841, 0.4839302897453308, 0.4789336919784546]","['description', 'description', 'title_description']"
嘉兴到成都飞机票查询,['60872'],[],merged,1,0,[],,['60868'],[0.5769550800323486],['title_description']
嘉兴到成都飞机票查询,['60872'],[],merged,3,1,['60872'],3.0,"['60868', '60874', '60872']","[0.5769550800323486, 0.5225940346717834, 0.4973336458206177]","['title_description', 'title_description', 'title_description']"
嘉兴到重庆飞机票多少钱,['60872'],[],merged,1,0,[],,['60868'],[0.5496309995651245],['title_description']
嘉兴到重庆飞机票多少钱,['60872'],[],merged,3,0,[],,"['60868', '60874', '5671']","[0.5496309995651245, 0.47803372144699097, 0.4776228666305542]","['title_description', 'title_description', 'title_description']"
大连到成都航班时刻表,['60872'],[],merged,1,0,[],,['60868'],[0.5008043050765991],['description']
大连到成都航班时刻表,['60872'],[],merged,3,0,[],,"['60868', '5851', '47190']","[0.5008043050765991, 0.5000295639038086, 0.4490927457809448]","['description', 'description', 'title_description']"
天津一长春飞机票查询,['60872'],[],merged,1,0,[],,['60868'],[0.6325153708457947],['description']
天津一长春飞机票查询,['60872'],[],merged,3,1,['60872'],2.0,"['60868', '60872', '60874']","[0.6325153708457947, 0.5939267873764038, 0.5504167675971985]","['description', 'title_description', 'title_description']"
天津到太原的飞机票,['60872'],[],merged,1,0,[],,['60868'],[0.5478082895278931],['title_description']
天津到太原的飞机票,['60872'],[],merged,3,1,['60872'],2.0,"['60868', '60872', '5671']","[0.5478082895278931, 0.5117132663726807, 0.4998665452003479]","['title_description', 'title_description', 'title_description']"
天津到宁波的飞机票,['60872'],[],merged,1,0,[],,['60868'],[0.5633610486984253],['description']
天津到宁波的飞机票,['60872'],[],merged,3,0,[],,"['60868', '5671', '60874']","[0.5633610486984253, 0.4982818067073822, 0.4972931742668152]","['description', 'title_description', 'title_description']"
天津到桂林,['60872'],[],merged,1,0,[],,['5671'],[0.5208367109298706],['title_description']
天津到桂林,['60872'],[],merged,3,1,['60872'],2.0,"['5671', '60872', '47266']","[0.5208367109298706, 0.5147427320480347, 0.5089743733406067]","['title_description', 'title_description', 'title_description']"
天津到武汉航班时刻表查询,['60872'],[],merged,1,0,[],,['60868'],[0.5778317451477051],['title_description']
天津到武汉航班时刻表查询,['60872'],[],merged,3,1,['60872'],2.0,"['60868', '60872', '60874']","[0.5778317451477051, 0.5669060945510864, 0.5526641607284546]","['title_description', 'title_description', 'title_description']"
宁波到十堰飞机票查询,['60872'],[],merged,1,0,[],,['60868'],[0.5417091846466064],['title_description']
宁波到十堰飞机票查询,['60872'],[],merged,3,0,[],,"['60868', '60874', '5671']","[0.5417091846466064, 0.4959317445755005, 0.4862288236618042]","['title_description', 'title_description', 'title_description']"
山东到深圳飞机票查询,['60872'],[],merged,1,0,[],,['60868'],[0.5999584197998047],['title_description']
山东到深圳飞机票查询,['60872'],[],merged,3,1,['60872'],2.0,"['60868', '60872', '5671']","[0.5999584197998047, 0.5359231233596802, 0.5272541046142578]","['title_description', 'title_description', 'title_description']"
广东到郑州飞机几个小时,['60872'],[],merged,1,0,[],,['5851'],[0.5251846313476562],['description']
广东到郑州飞机几个小时,['60872'],[],merged,3,0,[],,"['5851', '60868', '47190']","[0.5251846313476562, 0.4604036509990692, 0.45883598923683167]","['description', 'title_description', 'title_description']"
广州到上海机票,['60872'],[],merged,1,0,[],,['60868'],[0.6287839412689209],['description']
广州到上海机票,['60872'],[],merged,3,0,[],,"['60868', '47266', '5851']","[0.6287839412689209, 0.5398289561271667, 0.5386505126953125]","['description', 'title_description', 'description']"
广州到兰州的航班时刻表,['60872'],[],merged,1,0,[],,['5851'],[0.5936404466629028],['description']
广州到兰州的航班时刻表,['60872'],[],merged,3,0,[],,"['5851', '60868', '47266']","[0.5936404466629028, 0.5393980741500854, 0.5198339819908142]","['description', 'title_description', 'title_description']"
广州到大同的飞机票查询,['60872'],[],merged,1,0,[],,['60868'],[0.5774706602096558],['title_description']
广州到大同的飞机票查询,['60872'],[],merged,3,1,['60872'],3.0,"['60868', '5671', '60872']","[0.5774706602096558, 0.5197733044624329, 0.5102928280830383]","['title_description', 'title_description', 'title_description']"
广州到大理的航班时刻表,['60872'],[],merged,1,0,[],,['5851'],[0.5595413446426392],['description']
广州到大理的航班时刻表,['60872'],[],merged,3,0,[],,"['5851', '60868', '60874']","[0.5595413446426392, 0.5535247325897217, 0.5166274905204773]","['description', 'title_description', 'title_description']"
广州到福州的飞机票,['60872'],[],merged,1,0,[],,['60868'],[0.5774500966072083],['title_description']
广州到福州的飞机票,['60872'],[],merged,3,0,[],,"['60868', '60874', '5671']","[0.5774500966072083, 0.5062558054924011, 0.5013107061386108]","['title_description', 'title_description', 'title_description']"
广州到虹桥飞机多少时间,['60872'],[],merged,1,0,[],,['5851'],[0.5626993179321289],['description']
广州到虹桥飞机多少时间,['60872'],[],merged,3,0,[],,"['5851', '60868', '47190']","[0.5626993179321289, 0.5092839002609253, 0.4900665581226349]","['description', 'description', 'title_description']"
广州到银川的飞机时刻表,['60872'],[],merged,1,0,[],,['5851'],[0.557286262512207],['description']
广州到银川的飞机时刻表,['60872'],[],merged,3,0,[],,"['5851', '60868', '47190']","[0.557286262512207, 0.5361916422843933, 0.5040687322616577]","['description', 'title_description', 'title_description']"
徐州到沈阳航班,['60872'],[],merged,1,0,[],,['60868'],[0.48954159021377563],['description']
徐州到沈阳航班,['60872'],[],merged,3,0,[],,"['60868', '60874', '47266']","[0.48954159021377563, 0.39689671993255615, 0.3909434974193573]","['description', 'title_description', 'title_description']"
悉尼到北京的机票,['60872'],[],merged,1,0,[],,['60868'],[0.6319928765296936],['description']
悉尼到北京的机票,['60872'],[],merged,3,1,['60872'],2.0,"['60868', '60872', '60874']","[0.6319928765296936, 0.5442407131195068, 0.5278431177139282]","['description', 'title_description', 'title_description']"
成都到南通的飞机票查询,['60872'],[],merged,1,0,[],,['60868'],[0.5781970620155334],['title_description']
成都到南通的飞机票查询,['60872'],[],merged,3,0,[],,"['60868', '5671', '47198']","[0.5781970620155334, 0.5129915475845337, 0.5029069185256958]","['title_description', 'title_description', 'description']"
成都到徐州的飞机票,['60872'],[],merged,1,0,[],,['60868'],[0.48909303545951843],['description']
成都到徐州的飞机票,['60872'],[],merged,3,0,[],,"['60868', '5671', '60874']","[0.48909303545951843, 0.4514017403125763, 0.4310489296913147]","['description', 'title_description', 'title_description']"
成都到无锡的航班,['60872'],[],merged,1,0,[],,['60868'],[0.5874069333076477],['title_description']
成都到无锡的航班,['60872'],[],merged,3,1,['60872'],2.0,"['60868', '60872', '47190']","[0.5874069333076477, 0.5099844932556152, 0.5075863599777222]","['title_description', 'title_description', 'title_description']"
成都到西藏飞机票多少钱,['60872'],[],merged,1,0,[],,['60868'],[0.48155081272125244],['title_description']
成都到西藏飞机票多少钱,['60872'],[],merged,3,0,[],,"['60868', '5671', '60338']","[0.48155081272125244, 0.4567437171936035, 0.42475757002830505]","['title_description', 'title_description', 'description']"
成都天府机场到青岛胶东机场,['60872'],[],merged,1,0,[],,['60868'],[0.5034708380699158],['description']
成都天府机场到青岛胶东机场,['60872'],[],merged,3,0,[],,"['60868', '5671', '47190']","[0.5034708380699158, 0.4642793536186218, 0.46155405044555664]","['description', 'title_description', 'title_description']"
成都飞三亚的机票价格查询,['60872'],[],merged,1,0,[],,['60868'],[0.6535347700119019],['title_description']
成都飞三亚的机票价格查询,['60872'],[],merged,3,1,['60872'],2.0,"['60868', '60872', '5671']","[0.6535347700119019, 0.5262312889099121, 0.5154426693916321]","['title_description', 'title_description', 'title_description']"
昆明到晋江机票,['60872'],[],merged,1,0,[],,['60868'],[0.5107818245887756],['title_description']
昆明到晋江机票,['60872'],[],merged,3,1,['60872'],2.0,"['60868', '60872', '60874']","[0.5107818245887756, 0.4326232671737671, 0.4322603940963745]","['title_description', 'title_description', 'title_description']"
昆明到飞机票价格查询,['60872'],[],merged,1,0,[],,['60868'],[0.5921742916107178],['title_description']
昆明到飞机票价格查询,['60872'],[],merged,3,1,['60872'],3.0,"['60868', '5671', '60872']","[0.5921742916107178, 0.5305564999580383, 0.4946218729019165]","['title_description', 'title_description', 'title_description']"
昆明飞杭州要几个小时,['60872'],[],merged,1,0,[],,['60868'],[0.5103486776351929],['title_description']
昆明飞杭州要几个小时,['60872'],[],merged,3,0,[],,"['60868', '47190', '5851']","[0.5103486776351929, 0.4774828553199768, 0.4456789493560791]","['title_description', 'title_description', 'description']"
杭州到乌鲁木齐的机票,['60872'],[],merged,1,0,[],,['60868'],[0.6005178093910217],['title_description']
杭州到乌鲁木齐的机票,['60872'],[],merged,3,1,['60872'],2.0,"['60868', '60872', '60874']","[0.6005178093910217, 0.5426026582717896, 0.5243004560470581]","['title_description', 'title_description', 'title_description']"
杭州到兰州的飞机票查询,['60872'],[],merged,1,0,[],,['60868'],[0.6150160431861877],['title_description']
杭州到兰州的飞机票查询,['60872'],[],merged,3,1,['60872'],2.0,"['60868', '60872', '5671']","[0.6150160431861877, 0.546322226524353, 0.535904049873352]","['title_description', 'title_description', 'title_description']"
杭州到哈尔滨的飞机票查询,['60872'],[],merged,1,0,[],,['60868'],[0.6340655088424683],['description']
杭州到哈尔滨的飞机票查询,['60872'],[],merged,3,1,['60872'],2.0,"['60868', '60872', '47266']","[0.6340655088424683, 0.5749475955963135, 0.5542256832122803]","['description', 'title_description', 'title_description']"
杭州到洛阳的飞机票查询,['60872'],[],merged,1,0,[],,['60868'],[0.5958588123321533],['title_description']
杭州到洛阳的飞机票查询,['60872'],[],merged,3,1,['60872'],3.0,"['60868', '5671', '60872']","[0.5958588123321533, 0.5336247682571411, 0.5248931646347046]","['title_description', 'title_description', 'title_description']"
杭州到石家庄的飞机票查询,['60872'],[],merged,1,0,[],,['60868'],[0.6276214122772217],['description']
杭州到石家庄的飞机票查询,['60872'],[],merged,3,1,['60872'],2.0,"['60868', '60872', '60874']","[0.6276214122772217, 0.5919776558876038, 0.5860929489135742]","['description', 'title_description', 'title_description']"
杭州萧山到长春龙嘉的航班,['60872'],[],merged,1,0,[],,['60868'],[0.53341144323349],['description']
杭州萧山到长春龙嘉的航班,['60872'],[],merged,3,0,[],,"['60868', '5851', '47266']","[0.53341144323349, 0.500481903553009, 0.4768916964530945]","['description', 'description', 'title_description']"
武汉到恩施的飞机票,['60872'],[],merged,1,0,[],,['60868'],[0.5283725261688232],['title_description']
武汉到恩施的飞机票,['60872'],[],merged,3,0,[],,"['60868', '60874', '5671']","[0.5283725261688232, 0.4560406804084778, 0.44630885124206543]","['title_description', 'title_description', 'title_description']"
沈阳到威海的机票,['60872'],[],merged,1,0,[],,['60868'],[0.5866183042526245],['title_description']
沈阳到威海的机票,['60872'],[],merged,3,1,['60872'],2.0,"['60868', '60872', '60874']","[0.5866183042526245, 0.4859040081501007, 0.4810156226158142]","['title_description', 'title_description', 'title_description']"
沈阳到常州飞机票时刻表查询,['60872'],[],merged,1,0,[],,['60868'],[0.5237909555435181],['description']
沈阳到常州飞机票时刻表查询,['60872'],[],merged,3,0,[],,"['60868', '5851', '60874']","[0.5237909555435181, 0.4693884253501892, 0.44848477840423584]","['description', 'title_description', 'title_description']"
沈阳到成都的飞机票价格查询,['60872'],[],merged,1,0,[],,['60868'],[0.5843087434768677],['description']
沈阳到成都的飞机票价格查询,['60872'],[],merged,3,1,['60872'],2.0,"['60868', '60872', '5671']","[0.5843087434768677, 0.49202054738998413, 0.49161839485168457]","['description', 'title_description', 'title_description']"
泸州到丽江的飞机票价格查询,['60872'],[],merged,1,0,[],,['60868'],[0.572545051574707],['title_description']
泸州到丽江的飞机票价格查询,['60872'],[],merged,3,0,[],,"['60868', '5671', '60874']","[0.572545051574707, 0.520742654800415, 0.4946434199810028]","['title_description', 'title_description', 'title_description']"
济南到上海的飞机票,['60872'],[],merged,1,0,[],,['60868'],[0.6327399611473083],['description']
济南到上海的飞机票,['60872'],[],merged,3,1,['60872'],3.0,"['60868', '5671', '60872']","[0.6327399611473083, 0.5295059084892273, 0.5279871225357056]","['description', 'title_description', 'title_description']"
济南到西双版纳,['60872'],[],merged,1,0,[],,['5671'],[0.4651195704936981],['title_description']
济南到西双版纳,['60872'],[],merged,3,0,[],,"['5671', '62106', '60874']","[0.4651195704936981, 0.4416655898094177, 0.4384148418903351]","['title_description', 'title_description', 'title_description']"
济宁到大连飞机票多少钱,['60872'],[],merged,1,0,[],,['60868'],[0.519027829170227],['title_description']
济宁到大连飞机票多少钱,['60872'],[],merged,3,0,[],,"['60868', '60874', '5671']","[0.519027829170227, 0.4760497212409973, 0.464872270822525]","['title_description', 'title_description', 'title_description']"
海南到重庆的飞机时刻表,['60872'],[],merged,1,0,[],,['5851'],[0.5037598609924316],['description']
海南到重庆的飞机时刻表,['60872'],[],merged,3,0,[],,"['5851', '60868', '47190']","[0.5037598609924316, 0.49589425325393677, 0.4514806270599365]","['description', 'title_description', 'title_description']"
深圳到宁波的飞机票价,['60872'],[],merged,1,0,[],,['60868'],[0.5732304453849792],['title_description']
深圳到宁波的飞机票价,['60872'],[],merged,3,1,['60872'],3.0,"['60868', '47266', '60872']","[0.5732304453849792, 0.49273207783699036, 0.49040332436561584]","['title_description', 'title_description', 'title_description']"
深圳到贵阳的飞机票,['60872'],[],merged,1,0,[],,['60868'],[0.5387656092643738],['description']
深圳到贵阳的飞机票,['60872'],[],merged,3,1,['60872'],3.0,"['60868', '5851', '60872']","[0.5387656092643738, 0.4813932776451111, 0.4768095314502716]","['description', 'description', 'title_description']"
深圳到长春的飞机,['60872'],[],merged,1,0,[],,['60868'],[0.4895641803741455],['description']
深圳到长春的飞机,['60872'],[],merged,3,1,['60872'],2.0,"['60868', '60872', '5851']","[0.4895641803741455, 0.4500630497932434, 0.4476756453514099]","['description', 'title_description', 'title_description']"
湖北到杭州飞机,['60872'],[],merged,1,0,[],,['60868'],[0.47687822580337524],['description']
湖北到杭州飞机,['60872'],[],merged,3,0,[],,"['60868', '5851', '50192']","[0.47687822580337524, 0.40800970792770386, 0.4047444462776184]","['description', 'description', 'description']"
湛江到杭州怎么走,['60872'],[],merged,1,0,[],,['47190'],[0.5105900764465332],['title_description']
湛江到杭州怎么走,['60872'],[],merged,3,0,[],,"['47190', '47266', '47242']","[0.5105900764465332, 0.48675188422203064, 0.46141931414604187]","['title_description', 'title_description', 'title_description']"
满洲里到上海的飞机票,['60872'],[],merged,1,0,[],,['60868'],[0.5939540266990662],['description']
满洲里到上海的飞机票,['60872'],[],merged,3,1,['60872'],2.0,"['60868', '60872', '5671']","[0.5939540266990662, 0.5174342393875122, 0.49987655878067017]","['description', 'title_description', 'title_description']"
瑞金到北京飞机票,['60872'],[],merged,1,0,[],,['60868'],[0.5680835247039795],['description']
瑞金到北京飞机票,['60872'],[],merged,3,1,['60872'],3.0,"['60868', '60874', '60872']","[0.5680835247039795, 0.5308459997177124, 0.4978313446044922]","['description', 'title_description', 'title_description']"
石家庄飞海口,['60872'],[],merged,1,0,[],,['60868'],[0.49108433723449707],['title_description']
石家庄飞海口,['60872'],[],merged,3,0,[],,"['60868', '60874', '47266']","[0.49108433723449707, 0.43049582839012146, 0.41386473178863525]","['title_description', 'title_description', 'title_description']"
美国到中国飞机票多少钱,['60872'],[],merged,1,0,[],,['60868'],[0.588783860206604],['title_description']
美国到中国飞机票多少钱,['60872'],[],merged,3,1,['60872'],3.0,"['60868', '60338', '60872']","[0.588783860206604, 0.4982169270515442, 0.49566471576690674]","['title_description', 'description', 'title_description']"
衢州到成都飞机票,['60872'],[],merged,1,0,[],,['60868'],[0.5206659436225891],['description']
衢州到成都飞机票,['60872'],[],merged,3,0,[],,"['60868', '5671', '60874']","[0.5206659436225891, 0.45575857162475586, 0.4440656304359436]","['description', 'title_description', 'title_description']"
西双版纳到成都的飞机票,['60872'],[],merged,1,0,[],,['60868'],[0.5205710530281067],['title_description']
西双版纳到成都的飞机票,['60872'],[],merged,3,0,[],,"['60868', '5671', '60874']","[0.5205710530281067, 0.4756046533584595, 0.45424607396125793]","['title_description', 'title_description', 'title_description']"
西宁到南京飞机航班查询,['60872'],[],merged,1,0,[],,['60868'],[0.5813379287719727],['title_description']
西宁到南京飞机航班查询,['60872'],[],merged,3,1,['60872'],3.0,"['60868', '47190', '60872']","[0.5813379287719727, 0.49215614795684814, 0.4861685037612915]","['title_description', 'title_description', 'title_description']"
西安到乌鲁木齐的飞机票价查询,['60872'],[],merged,1,0,[],,['60868'],[0.6608855724334717],['title_description']
西安到乌鲁木齐的飞机票价查询,['60872'],[],merged,3,1,['60872'],2.0,"['60868', '60872', '60874']","[0.6608855724334717, 0.5814559459686279, 0.5580266714096069]","['title_description', 'title_description', 'title_description']"
西安到喀什飞机票多少钱,['60872'],[],merged,1,0,[],,['60868'],[0.5529980063438416],['title_description']
西安到喀什飞机票多少钱,['60872'],[],merged,3,0,[],,"['60868', '60874', '5671']","[0.5529980063438416, 0.48084935545921326, 0.47550278902053833]","['title_description', 'title_description', 'title_description']"
西安到大连的飞机票查询,['60872'],[],merged,1,0,[],,['60868'],[0.6159908175468445],['title_description']
西安到大连的飞机票查询,['60872'],[],merged,3,1,['60872'],2.0,"['60868', '60872', '5671']","[0.6159908175468445, 0.5623868703842163, 0.5559127330780029]","['title_description', 'title_description', 'title_description']"
西安到天津,['60872'],[],merged,1,1,['60872'],1.0,['60872'],[0.5811070203781128],['title_description']
西安到天津,['60872'],[],merged,3,1,['60872'],1.0,"['60872', '47266', '60874']","[0.5811070203781128, 0.5733411312103271, 0.553598165512085]","['title_description', 'title_description', 'title_description']"
西安到宁波飞机时刻表,['60872'],[],merged,1,0,[],,['60868'],[0.5333123803138733],['title_description']
西安到宁波飞机时刻表,['60872'],[],merged,3,0,[],,"['60868', '5851', '60874']","[0.5333123803138733, 0.5095778107643127, 0.4911310076713562]","['title_description', 'description', 'title_description']"
西安到库尔勒的飞机票,['60872'],[],merged,1,0,[],,['60868'],[0.496038556098938],['title_description']
西安到库尔勒的飞机票,['60872'],[],merged,3,0,[],,"['60868', '60874', '5671']","[0.496038556098938, 0.4481889605522156, 0.44623464345932007]","['title_description', 'title_description', 'title_description']"
西安到桂林的飞机票查询,['60872'],[],merged,1,0,[],,['60868'],[0.6024806499481201],['title_description']
西安到桂林的飞机票查询,['60872'],[],merged,3,1,['60872'],3.0,"['60868', '5671', '60872']","[0.6024806499481201, 0.5636814832687378, 0.5418587923049927]","['title_description', 'title_description', 'title_description']"
西安到澳门飞机票多钱,['60872'],[],merged,1,0,[],,['60868'],[0.5601136684417725],['title_description']
西安到澳门飞机票多钱,['60872'],[],merged,3,0,[],,"['60868', '5671', '60874']","[0.5601136684417725, 0.5009679794311523, 0.4688715934753418]","['title_description', 'title_description', 'title_description']"
西安到烟台飞机票查询,['60872'],[],merged,1,0,[],,['60868'],[0.6079504489898682],['title_description']
西安到烟台飞机票查询,['60872'],[],merged,3,1,['60872'],2.0,"['60868', '60872', '5671']","[0.6079504489898682, 0.5326944589614868, 0.5214439630508423]","['title_description', 'title_description', 'title_description']"
西安到韩国飞机正常飞行吗,['60872'],[],merged,1,0,[],,['60868'],[0.5400040149688721],['title_description']
西安到韩国飞机正常飞行吗,['60872'],[],merged,3,0,[],,"['60868', '47242', '5671']","[0.5400040149688721, 0.4706460237503052, 0.4579364061355591]","['title_description', 'title_description', 'title_description']"
贵阳到南京的飞机票查询,['60872'],[],merged,1,0,[],,['60868'],[0.6056636571884155],['title_description']
贵阳到南京的飞机票查询,['60872'],[],merged,3,0,[],,"['60868', '5671', '47190']","[0.6056636571884155, 0.5359596610069275, 0.529429018497467]","['title_description', 'title_description', 'title_description']"
赣州到北京飞机票查询及票价,['60872'],[],merged,1,0,[],,['60868'],[0.607170820236206],['description']
赣州到北京飞机票查询及票价,['60872'],[],merged,3,1,['60872'],3.0,"['60868', '60874', '60872']","[0.607170820236206, 0.5998903512954712, 0.5385720729827881]","['description', 'title_description', 'title_description']"
赣州到徐州的飞机票,['60872'],[],merged,1,0,[],,['60868'],[0.4845457673072815],['title_description']
赣州到徐州的飞机票,['60872'],[],merged,3,0,[],,"['60868', '60874', '5851']","[0.4845457673072815, 0.4476992189884186, 0.44739657640457153]","['title_description', 'title_description', 'description']"
赤峰到呼市飞机票查询,['60872'],[],merged,1,0,[],,['60868'],[0.5496091842651367],['title_description']
赤峰到呼市飞机票查询,['60872'],[],merged,3,1,['60872'],3.0,"['60868', '60874', '60872']","[0.5496091842651367, 0.47423696517944336, 0.46677693724632263]","['title_description', 'title_description', 'title_description']"
连云港至长沙飞机时刻表,['60872'],[],merged,1,0,[],,['5851'],[0.5241132974624634],['title_description']
连云港至长沙飞机时刻表,['60872'],[],merged,3,1,['60872'],3.0,"['5851', '60868', '60872']","[0.5241132974624634, 0.49349522590637207, 0.4556792378425598]","['title_description', 'description', 'title_description']"
遵义到合肥的飞机票查询,['60872'],[],merged,1,0,[],,['60868'],[0.5825046300888062],['title_description']
遵义到合肥的飞机票查询,['60872'],[],merged,3,1,['60872'],3.0,"['60868', '5671', '60872']","[0.5825046300888062, 0.5083608627319336, 0.503624439239502]","['title_description', 'title_description', 'title_description']"
郑州到沈阳飞机票多少钱,['60872'],[],merged,1,0,[],,['60868'],[0.5362093448638916],['title_description']
郑州到沈阳飞机票多少钱,['60872'],[],merged,3,1,['60872'],2.0,"['60868', '60872', '60874']","[0.5362093448638916, 0.46368277072906494, 0.45158058404922485]","['title_description', 'title_description', 'title_description']"
郑州到长沙的飞机票多少钱,['60872'],[],merged,1,0,[],,['60868'],[0.5272771120071411],['title_description']
郑州到长沙的飞机票多少钱,['60872'],[],merged,3,1,['60872'],2.0,"['60868', '60872', '60338']","[0.5272771120071411, 0.4907150864601135, 0.4881451725959778]","['title_description', 'title_description', 'description']"
铜仁到贵阳飞机票查询,['60872'],[],merged,1,0,[],,['60868'],[0.49040141701698303],['title_description']
铜仁到贵阳飞机票查询,['60872'],[],merged,3,1,['60872'],3.0,"['60868', '5851', '60872']","[0.49040141701698303, 0.42604774236679077, 0.4132899045944214]","['title_description', 'title_description', 'title_description']"
银川到郑州的飞机票价查询,['60872'],[],merged,1,0,[],,['60868'],[0.5866613388061523],['description']
银川到郑州的飞机票价查询,['60872'],[],merged,3,1,['60872'],2.0,"['60868', '60872', '5851']","[0.5866613388061523, 0.535921573638916, 0.5281396508216858]","['description', 'title_description', 'title_description']"
长春到长沙的飞机票查询,['60872'],[],merged,1,0,[],,['60868'],[0.6025958061218262],['title_description']
长春到长沙的飞机票查询,['60872'],[],merged,3,1,['60872'],2.0,"['60868', '60872', '5671']","[0.6025958061218262, 0.5531203746795654, 0.533902645111084]","['title_description', 'title_description', 'title_description']"
长春到陕西飞机票价多少钱,['60872'],[],merged,1,0,[],,['60868'],[0.511328935623169],['title_description']
长春到陕西飞机票价多少钱,['60872'],[],merged,3,1,['60872'],3.0,"['60868', '60338', '60872']","[0.511328935623169, 0.44766876101493835, 0.446621298789978]","['title_description', 'description', 'title_description']"
长春飞韩国机票价格,['60872'],[],merged,1,0,[],,['60868'],[0.5052928924560547],['description']
长春飞韩国机票价格,['60872'],[],merged,3,1,['60872'],2.0,"['60868', '60872', '5671']","[0.5052928924560547, 0.4002673327922821, 0.3937961459159851]","['description', 'title_description', 'title_description']"
长沙到厦门的飞机票,['60872'],[],merged,1,0,[],,['60868'],[0.5428739786148071],['title_description']
长沙到厦门的飞机票,['60872'],[],merged,3,1,['60872'],3.0,"['60868', '5671', '60872']","[0.5428739786148071, 0.49381256103515625, 0.4842637777328491]","['title_description', 'title_description', 'title_description']"
长沙到沈阳的飞机,['60872'],[],merged,1,0,[],,['60868'],[0.4829494059085846],['description']
长沙到沈阳的飞机,['60872'],[],merged,3,1,['60872'],3.0,"['60868', '47190', '60872']","[0.4829494059085846, 0.41716521978378296, 0.41211867332458496]","['description', 'title_description', 'title_description']"
长沙到济南的飞机票,['60872'],[],merged,1,0,[],,['60868'],[0.5495144128799438],['description']
长沙到济南的飞机票,['60872'],[],merged,3,1,['60872'],3.0,"['60868', '5671', '60872']","[0.5495144128799438, 0.49296048283576965, 0.48488572239875793]","['description', 'title_description', 'title_description']"
青岛到延吉的机票,['60872'],[],merged,1,0,[],,['60868'],[0.5451506972312927],['description']
青岛到延吉的机票,['60872'],[],merged,3,0,[],,"['60868', '5671', '60874']","[0.5451506972312927, 0.4717629849910736, 0.4681813418865204]","['description', 'title_description', 'title_description']"
青岛到贵州的机票,['60872'],[],merged,1,0,[],,['60868'],[0.5105867385864258],['title_description']
青岛到贵州的机票,['60872'],[],merged,3,0,[],,"['60868', '5671', '5851']","[0.5105867385864258, 0.4592881202697754, 0.44531548023223877]","['title_description', 'title_description', 'title_description']"
韩国到南京的机票价格,['60872'],[],merged,1,0,[],,['60868'],[0.5611188411712646],['title_description']
韩国到南京的机票价格,['60872'],[],merged,3,1,['60872'],3.0,"['60868', '5671', '60872']","[0.5611188411712646, 0.4924898147583008, 0.48812949657440186]","['title_description', 'title_description', 'title_description']"
香港到成都机票查询,['60872'],[],merged,1,0,[],,['60868'],[0.6317164897918701],['description']
香港到成都机票查询,['60872'],[],merged,3,1,['60872'],2.0,"['60868', '60872', '5671']","[0.6317164897918701, 0.5537259578704834, 0.5398141145706177]","['description', 'title_description', 'title_description']"
2026年7月11日上午10时已值飞的贵阳龙洞堡机场飞上海的航班查询,['60872'],[],title_description,1,0,[],,['60868'],[0.5275299549102783],['title_description']
2026年7月11日上午10时已值飞的贵阳龙洞堡机场飞上海的航班查询,['60872'],[],title_description,3,0,[],,"['60868', '5851', '61111']","[0.5275299549102783, 0.5120834112167358, 0.4365922510623932]","['title_description', 'title_description', 'title_description']"
7月12日泰国飞往杭州航班能准时起飞吗,['60872'],[],title_description,1,0,[],,['60868'],[0.5611718893051147],['title_description']
7月12日泰国飞往杭州航班能准时起飞吗,['60872'],[],title_description,3,1,['60872'],2.0,"['60868', '60872', '5671']","[0.5611718893051147, 0.4977286756038666, 0.467735230922699]","['title_description', 'title_description', 'title_description']"
上海到呼伦贝尔机票,['60872'],[],title_description,1,0,[],,['60868'],[0.4866899251937866],['title_description']
上海到呼伦贝尔机票,['60872'],[],title_description,3,1,['60872'],2.0,"['60868', '60872', '60874']","[0.4866899251937866, 0.4364888668060303, 0.43345922231674194]","['title_description', 'title_description', 'title_description']"
上海到杭州机票,['60872'],[],title_description,1,0,[],,['60868'],[0.5749427080154419],['title_description']
上海到杭州机票,['60872'],[],title_description,3,1,['60872'],2.0,"['60868', '60872', '47266']","[0.5749427080154419, 0.5070048570632935, 0.4961109757423401]","['title_description', 'title_description', 'title_description']"
上海到泰国坐飞机要几个小时,['60872'],[],title_description,1,0,[],,['60868'],[0.46689891815185547],['title_description']
上海到泰国坐飞机要几个小时,['60872'],[],title_description,3,1,['60872'],3.0,"['60868', '47190', '60872']","[0.46689891815185547, 0.4397761821746826, 0.4237157702445984]","['title_description', 'title_description', 'title_description']"
上海到泰国的航班9c7281 7月11日,['60872'],[],title_description,1,0,[],,['60868'],[0.41743990778923035],['title_description']
上海到泰国的航班9c7281 7月11日,['60872'],[],title_description,3,1,['60872'],2.0,"['60868', '60872', '5851']","[0.41743990778923035, 0.37943392992019653, 0.37228918075561523]","['title_description', 'title_description', 'title_description']"
上海到珠海的飞机票,['60872'],[],title_description,1,0,[],,['60868'],[0.6177679300308228],['title_description']
上海到珠海的飞机票,['60872'],[],title_description,3,1,['60872'],2.0,"['60868', '60872', '5671']","[0.6177679300308228, 0.5461915731430054, 0.5338249206542969]","['title_description', 'title_description', 'title_description']"
上海到鞍山的机票,['60872'],[],title_description,1,0,[],,['60868'],[0.5689204335212708],['title_description']
上海到鞍山的机票,['60872'],[],title_description,3,1,['60872'],2.0,"['60868', '60872', '5671']","[0.5689204335212708, 0.5133799314498901, 0.4863430857658386]","['title_description', 'title_description', 'title_description']"
上海至贵阳航班,['60872'],[],title_description,1,0,[],,['60868'],[0.5425840020179749],['title_description']
上海至贵阳航班,['60872'],[],title_description,3,0,[],,"['60868', '5851', '47266']","[0.5425840020179749, 0.517959475517273, 0.4776730239391327]","['title_description', 'title_description', 'title_description']"
上海飞乌鲁木齐要几个小时,['60872'],[],title_description,1,0,[],,['60868'],[0.5385727882385254],['title_description']
上海飞乌鲁木齐要几个小时,['60872'],[],title_description,3,1,['60872'],3.0,"['60868', '47190', '60872']","[0.5385727882385254, 0.46616244316101074, 0.4383077025413513]","['title_description', 'title_description', 'title_description']"
上海飞北京要几个小时,['60872'],[],title_description,1,0,[],,['60868'],[0.545954167842865],['title_description']
上海飞北京要几个小时,['60872'],[],title_description,3,0,[],,"['60868', '47190', '47266']","[0.545954167842865, 0.5009894371032715, 0.48185276985168457]","['title_description', 'title_description', 'title_description']"
上海飞马来西亚,['60872'],[],title_description,1,0,[],,['60868'],[0.5402674674987793],['title_description']
上海飞马来西亚,['60872'],[],title_description,3,0,[],,"['60868', '47266', '47190']","[0.5402674674987793, 0.4403381645679474, 0.43583375215530396]","['title_description', 'title_description', 'title_description']"
东营飞广州,['60872'],[],title_description,1,0,[],,['60868'],[0.41447603702545166],['title_description']
东营飞广州,['60872'],[],title_description,3,0,[],,"['60868', '62106', '5671']","[0.41447603702545166, 0.39891529083251953, 0.3940533995628357]","['title_description', 'title_description', 'title_description']"
义乌到太原的飞机票查询,['60872'],[],title_description,1,0,[],,['60868'],[0.5798091888427734],['title_description']
义乌到太原的飞机票查询,['60872'],[],title_description,3,1,['60872'],2.0,"['60868', '60872', '60874']","[0.5798091888427734, 0.5223783254623413, 0.5020869970321655]","['title_description', 'title_description', 'title_description']"
乌兰浩特到北京的飞机票查询,['60872'],[],title_description,1,0,[],,['60868'],[0.577094554901123],['title_description']
乌兰浩特到北京的飞机票查询,['60872'],[],title_description,3,0,[],,"['60868', '60874', '5671']","[0.577094554901123, 0.5405336618423462, 0.5095291137695312]","['title_description', 'title_description', 'title_description']"
今天上海飞纽约的航班,['60872'],[],title_description,1,0,[],,['60868'],[0.6441444754600525],['title_description']
今天上海飞纽约的航班,['60872'],[],title_description,3,1,['60872'],2.0,"['60868', '60872', '47266']","[0.6441444754600525, 0.533104419708252, 0.5191349387168884]","['title_description', 'title_description', 'title_description']"
今天到广州的航班,['60872'],[],title_description,1,0,[],,['60868'],[0.5899840593338013],['title_description']
今天到广州的航班,['60872'],[],title_description,3,1,['60872'],3.0,"['60868', '47190', '60872']","[0.5899840593338013, 0.550197958946228, 0.5466394424438477]","['title_description', 'title_description', 'title_description']"
今天杭州飞南宁的航班时刻表,['60872'],[],title_description,1,0,[],,['60868'],[0.5467864274978638],['title_description']
今天杭州飞南宁的航班时刻表,['60872'],[],title_description,3,1,['60872'],3.0,"['60868', '47190', '60872']","[0.5467864274978638, 0.47101181745529175, 0.4701802432537079]","['title_description', 'title_description', 'title_description']"
从武汉到上海飞机票,['60872'],[],title_description,1,0,[],,['60868'],[0.6475353837013245],['title_description']
从武汉到上海飞机票,['60872'],[],title_description,3,1,['60872'],2.0,"['60868', '60872', '60874']","[0.6475353837013245, 0.5744937658309937, 0.5371355414390564]","['title_description', 'title_description', 'title_description']"
六安至重庆飞机票,['60872'],[],title_description,1,0,[],,['60868'],[0.44162383675575256],['title_description']
六安至重庆飞机票,['60872'],[],title_description,3,0,[],,"['60868', '5671', '60874']","[0.44162383675575256, 0.3959139585494995, 0.3956649899482727]","['title_description', 'title_description', 'title_description']"
兰州到深圳机票,['60872'],[],title_description,1,0,[],,['60868'],[0.5016996264457703],['title_description']
兰州到深圳机票,['60872'],[],title_description,3,1,['60872'],2.0,"['60868', '60872', '47266']","[0.5016996264457703, 0.440437376499176, 0.43543684482574463]","['title_description', 'title_description', 'title_description']"
到韩国的飞机票多少钱,['60872'],[],title_description,1,0,[],,['60868'],[0.5622166395187378],['title_description']
到韩国的飞机票多少钱,['60872'],[],title_description,3,1,['60872'],3.0,"['60868', '5671', '60872']","[0.5622166395187378, 0.49007394909858704, 0.47829461097717285]","['title_description', 'title_description', 'title_description']"
包头到赤峰飞机票查询及票价查询,['60872'],[],title_description,1,0,[],,['60868'],[0.5987430810928345],['title_description']
包头到赤峰飞机票查询及票价查询,['60872'],[],title_description,3,1,['60872'],3.0,"['60868', '60874', '60872']","[0.5987430810928345, 0.5295697450637817, 0.527633547782898]","['title_description', 'title_description', 'title_description']"
北京到伊春的飞机票,['60872'],[],title_description,1,0,[],,['60868'],[0.553184986114502],['title_description']
北京到伊春的飞机票,['60872'],[],title_description,3,1,['60872'],3.0,"['60868', '60874', '60872']","[0.553184986114502, 0.5134199857711792, 0.48663920164108276]","['title_description', 'title_description', 'title_description']"
北京到吕梁的飞机票,['60872'],[],title_description,1,0,[],,['60868'],[0.5193693041801453],['title_description']
北京到吕梁的飞机票,['60872'],[],title_description,3,0,[],,"['60868', '60874', '5671']","[0.5193693041801453, 0.501690149307251, 0.46391987800598145]","['title_description', 'title_description', 'title_description']"
北京到昆明的航班,['60872'],[],title_description,1,0,[],,['60868'],[0.5884535908699036],['title_description']
北京到昆明的航班,['60872'],[],title_description,3,1,['60872'],3.0,"['60868', '60874', '60872']","[0.5884535908699036, 0.5494542121887207, 0.5386459231376648]","['title_description', 'title_description', 'title_description']"
北京到普吉岛航班时刻表,['60872'],[],title_description,1,0,[],,['60868'],[0.549077033996582],['title_description']
北京到普吉岛航班时刻表,['60872'],[],title_description,3,0,[],,"['60868', '60874', '5851']","[0.549077033996582, 0.5474570989608765, 0.508407711982727]","['title_description', 'title_description', 'title_description']"
北京到齐齐哈尔市的飞机,['60872'],[],title_description,1,0,[],,['60868'],[0.5257282257080078],['title_description']
北京到齐齐哈尔市的飞机,['60872'],[],title_description,3,1,['60872'],3.0,"['60868', '60874', '60872']","[0.5257282257080078, 0.5031580924987793, 0.47246053814888]","['title_description', 'title_description', 'title_description']"
北京飞机票多少钱,['60872'],[],title_description,1,0,[],,['60868'],[0.6222208738327026],['title_description']
北京飞机票多少钱,['60872'],[],title_description,3,1,['60872'],3.0,"['60868', '60874', '60872']","[0.6222208738327026, 0.5640794038772583, 0.529429018497467]","['title_description', 'title_description', 'title_description']"
南京到三亚的飞机票查询,['60872'],[],title_description,1,0,[],,['60868'],[0.6519164443016052],['title_description']
南京到三亚的飞机票查询,['60872'],[],title_description,3,1,['60872'],2.0,"['60868', '60872', '5671']","[0.6519164443016052, 0.5810239315032959, 0.5718326568603516]","['title_description', 'title_description', 'title_description']"
南京到北海的飞机票查询,['60872'],[],title_description,1,0,[],,['60868'],[0.6259821653366089],['title_description']
南京到北海的飞机票查询,['60872'],[],title_description,3,1,['60872'],3.0,"['60868', '60874', '60872']","[0.6259821653366089, 0.564283549785614, 0.5494838356971741]","['title_description', 'title_description', 'title_description']"
南京到忻州机票,['60872'],[],title_description,1,0,[],,['60868'],[0.5047894716262817],['title_description']
南京到忻州机票,['60872'],[],title_description,3,1,['60872'],3.0,"['60868', '60874', '60872']","[0.5047894716262817, 0.4589688777923584, 0.4369347393512726]","['title_description', 'title_description', 'title_description']"
南京飞深圳,['60872'],[],title_description,1,0,[],,['60868'],[0.5121119022369385],['title_description']
南京飞深圳,['60872'],[],title_description,3,0,[],,"['60868', '47266', '47190']","[0.5121119022369385, 0.49036064743995667, 0.475596159696579]","['title_description', 'title_description', 'title_description']"
南昌到北京的飞机时刻表查询,['60872'],[],title_description,1,0,[],,['60868'],[0.6063864231109619],['title_description']
南昌到北京的飞机时刻表查询,['60872'],[],title_description,3,0,[],,"['60868', '60874', '5851']","[0.6063864231109619, 0.5936458110809326, 0.552571177482605]","['title_description', 'title_description', 'title_description']"
南昌到长春,['60872'],[],title_description,1,1,['60872'],1.0,['60872'],[0.5661565065383911],['title_description']
南昌到长春,['60872'],[],title_description,3,1,['60872'],1.0,"['60872', '60874', '5851']","[0.5661565065383911, 0.5627800226211548, 0.5440869331359863]","['title_description', 'title_description', 'title_description']"
南昌到青岛的机票价格,['60872'],[],title_description,1,0,[],,['60868'],[0.5989195108413696],['title_description']
南昌到青岛的机票价格,['60872'],[],title_description,3,0,[],,"['60868', '5671', '60874']","[0.5989195108413696, 0.5515565276145935, 0.533745527267456]","['title_description', 'title_description', 'title_description']"
南昌飞大理,['60872'],[],title_description,1,0,[],,['60868'],[0.42682039737701416],['title_description']
南昌飞大理,['60872'],[],title_description,3,0,[],,"['60868', '47190', '5671']","[0.42682039737701416, 0.41869813203811646, 0.4139220714569092]","['title_description', 'title_description', 'title_description']"
厦门到三峡飞机票,['60872'],[],title_description,1,0,[],,['60868'],[0.47800371050834656],['title_description']
厦门到三峡飞机票,['60872'],[],title_description,3,1,['60872'],3.0,"['60868', '5671', '60872']","[0.47800371050834656, 0.4352553188800812, 0.42927682399749756]","['title_description', 'title_description', 'title_description']"
厦门机票价格查询,['60872'],[],title_description,1,0,[],,['60868'],[0.5783079862594604],['title_description']
厦门机票价格查询,['60872'],[],title_description,3,0,[],,"['60868', '5671', '60874']","[0.5783079862594604, 0.5227537751197815, 0.4810042977333069]","['title_description', 'title_description', 'title_description']"
去日本的飞机票价格,['60872'],[],title_description,1,0,[],,['60868'],[0.6239820718765259],['title_description']
去日本的飞机票价格,['60872'],[],title_description,3,1,['60872'],2.0,"['60868', '60872', '5671']","[0.6239820718765259, 0.5398957133293152, 0.5336488485336304]","['title_description', 'title_description', 'title_description']"
合肥到北京的特价机票,['60872'],[],title_description,1,0,[],,['60868'],[0.5106168389320374],['title_description']
合肥到北京的特价机票,['60872'],[],title_description,3,0,[],,"['60868', '60874', '5671']","[0.5106168389320374, 0.5090438723564148, 0.4722108542919159]","['title_description', 'title_description', 'title_description']"
呼和浩特到海拉尔的航班,['60872'],[],title_description,1,0,[],,['60868'],[0.5021648406982422],['title_description']
呼和浩特到海拉尔的航班,['60872'],[],title_description,3,0,[],,"['60868', '5851', '60874']","[0.5021648406982422, 0.45517969131469727, 0.44703537225723267]","['title_description', 'title_description', 'title_description']"
哈尔滨到上海飞机票价格查询表,['60872'],[],title_description,1,0,[],,['60868'],[0.5380873680114746],['title_description']
哈尔滨到上海飞机票价格查询表,['60872'],[],title_description,3,1,['60872'],2.0,"['60868', '60872', '5851']","[0.5380873680114746, 0.4892444610595703, 0.488790363073349]","['title_description', 'title_description', 'title_description']"
哈尔滨到广州,['60872'],[],title_description,1,0,[],,['47266'],[0.5124192833900452],['title_description']
哈尔滨到广州,['60872'],[],title_description,3,1,['60872'],2.0,"['47266', '60872', '5851']","[0.5124192833900452, 0.5110806822776794, 0.49602511525154114]","['title_description', 'title_description', 'title_description']"
哈尔滨到榆林飞机时刻表,['60872'],[],title_description,1,0,[],,['5851'],[0.5028301477432251],['title_description']
哈尔滨到榆林飞机时刻表,['60872'],[],title_description,3,1,['60872'],3.0,"['5851', '60868', '60872']","[0.5028301477432251, 0.4866849184036255, 0.4577926695346832]","['title_description', 'title_description', 'title_description']"
哈尔滨到牡丹江的飞机时刻表,['60872'],[],title_description,1,0,[],,['60868'],[0.46854665875434875],['title_description']
哈尔滨到牡丹江的飞机时刻表,['60872'],[],title_description,3,0,[],,"['60868', '5851', '47190']","[0.46854665875434875, 0.46217551827430725, 0.44270479679107666]","['title_description', 'title_description', 'title_description']"
哈尔滨飞成都航班查询,['60872'],[],title_description,1,0,[],,['60868'],[0.5863052606582642],['title_description']
哈尔滨飞成都航班查询,['60872'],[],title_description,3,1,['60872'],3.0,"['60868', '5851', '60872']","[0.5863052606582642, 0.4789336919784546, 0.4759279489517212]","['title_description', 'title_description', 'title_description']"
嘉兴到成都飞机票查询,['60872'],[],title_description,1,0,[],,['60868'],[0.5769550800323486],['title_description']
嘉兴到成都飞机票查询,['60872'],[],title_description,3,1,['60872'],3.0,"['60868', '60874', '60872']","[0.5769550800323486, 0.5225940346717834, 0.4973336458206177]","['title_description', 'title_description', 'title_description']"
嘉兴到重庆飞机票多少钱,['60872'],[],title_description,1,0,[],,['60868'],[0.5496309995651245],['title_description']
嘉兴到重庆飞机票多少钱,['60872'],[],title_description,3,0,[],,"['60868', '60874', '5671']","[0.5496309995651245, 0.47803372144699097, 0.4776228666305542]","['title_description', 'title_description', 'title_description']"
大连到成都航班时刻表,['60872'],[],title_description,1,0,[],,['5851'],[0.4979100823402405],['title_description']
大连到成都航班时刻表,['60872'],[],title_description,3,0,[],,"['5851', '60868', '47190']","[0.4979100823402405, 0.48368048667907715, 0.4490927457809448]","['title_description', 'title_description', 'title_description']"
天津一长春飞机票查询,['60872'],[],title_description,1,0,[],,['60868'],[0.624403178691864],['title_description']
天津一长春飞机票查询,['60872'],[],title_description,3,1,['60872'],2.0,"['60868', '60872', '60874']","[0.624403178691864, 0.5939267873764038, 0.5504167675971985]","['title_description', 'title_description', 'title_description']"
天津到太原的飞机票,['60872'],[],title_description,1,0,[],,['60868'],[0.5478082895278931],['title_description']
天津到太原的飞机票,['60872'],[],title_description,3,1,['60872'],2.0,"['60868', '60872', '5671']","[0.5478082895278931, 0.5117132663726807, 0.4998665452003479]","['title_description', 'title_description', 'title_description']"
天津到宁波的飞机票,['60872'],[],title_description,1,0,[],,['60868'],[0.5533820390701294],['title_description']
天津到宁波的飞机票,['60872'],[],title_description,3,0,[],,"['60868', '5671', '60874']","[0.5533820390701294, 0.4982818067073822, 0.4972931742668152]","['title_description', 'title_description', 'title_description']"
天津到桂林,['60872'],[],title_description,1,0,[],,['5671'],[0.5208367109298706],['title_description']
天津到桂林,['60872'],[],title_description,3,1,['60872'],2.0,"['5671', '60872', '47266']","[0.5208367109298706, 0.5147427320480347, 0.5089743733406067]","['title_description', 'title_description', 'title_description']"
天津到武汉航班时刻表查询,['60872'],[],title_description,1,0,[],,['60868'],[0.5778317451477051],['title_description']
天津到武汉航班时刻表查询,['60872'],[],title_description,3,1,['60872'],2.0,"['60868', '60872', '60874']","[0.5778317451477051, 0.5669060945510864, 0.5526641607284546]","['title_description', 'title_description', 'title_description']"
宁波到十堰飞机票查询,['60872'],[],title_description,1,0,[],,['60868'],[0.5417091846466064],['title_description']
宁波到十堰飞机票查询,['60872'],[],title_description,3,0,[],,"['60868', '60874', '5671']","[0.5417091846466064, 0.4959317445755005, 0.4862288236618042]","['title_description', 'title_description', 'title_description']"
山东到深圳飞机票查询,['60872'],[],title_description,1,0,[],,['60868'],[0.5999584197998047],['title_description']
山东到深圳飞机票查询,['60872'],[],title_description,3,1,['60872'],2.0,"['60868', '60872', '5671']","[0.5999584197998047, 0.5359231233596802, 0.5272541046142578]","['title_description', 'title_description', 'title_description']"
广东到郑州飞机几个小时,['60872'],[],title_description,1,0,[],,['5851'],[0.5067719221115112],['title_description']
广东到郑州飞机几个小时,['60872'],[],title_description,3,0,[],,"['5851', '60868', '47190']","[0.5067719221115112, 0.4604036509990692, 0.45883598923683167]","['title_description', 'title_description', 'title_description']"
广州到上海机票,['60872'],[],title_description,1,0,[],,['60868'],[0.5835089683532715],['title_description']
广州到上海机票,['60872'],[],title_description,3,1,['60872'],3.0,"['60868', '47266', '60872']","[0.5835089683532715, 0.5398289561271667, 0.5356504321098328]","['title_description', 'title_description', 'title_description']"
广州到兰州的航班时刻表,['60872'],[],title_description,1,0,[],,['5851'],[0.5722144842147827],['title_description']
广州到兰州的航班时刻表,['60872'],[],title_description,3,0,[],,"['5851', '60868', '47266']","[0.5722144842147827, 0.5393980741500854, 0.5198339819908142]","['title_description', 'title_description', 'title_description']"
广州到大同的飞机票查询,['60872'],[],title_description,1,0,[],,['60868'],[0.5774706602096558],['title_description']
广州到大同的飞机票查询,['60872'],[],title_description,3,1,['60872'],3.0,"['60868', '5671', '60872']","[0.5774706602096558, 0.5197733044624329, 0.5102928280830383]","['title_description', 'title_description', 'title_description']"
广州到大理的航班时刻表,['60872'],[],title_description,1,0,[],,['60868'],[0.5535247325897217],['title_description']
广州到大理的航班时刻表,['60872'],[],title_description,3,0,[],,"['60868', '5851', '60874']","[0.5535247325897217, 0.5455751419067383, 0.5166274905204773]","['title_description', 'title_description', 'title_description']"
广州到福州的飞机票,['60872'],[],title_description,1,0,[],,['60868'],[0.5774500966072083],['title_description']
广州到福州的飞机票,['60872'],[],title_description,3,0,[],,"['60868', '60874', '5671']","[0.5774500966072083, 0.5062558054924011, 0.5013107061386108]","['title_description', 'title_description', 'title_description']"
广州到虹桥飞机多少时间,['60872'],[],title_description,1,0,[],,['5851'],[0.5392028093338013],['title_description']
广州到虹桥飞机多少时间,['60872'],[],title_description,3,0,[],,"['5851', '60868', '47190']","[0.5392028093338013, 0.4986468255519867, 0.4900665581226349]","['title_description', 'title_description', 'title_description']"
广州到银川的飞机时刻表,['60872'],[],title_description,1,0,[],,['5851'],[0.5446566343307495],['title_description']
广州到银川的飞机时刻表,['60872'],[],title_description,3,0,[],,"['5851', '60868', '47190']","[0.5446566343307495, 0.5361916422843933, 0.5040687322616577]","['title_description', 'title_description', 'title_description']"
徐州到沈阳航班,['60872'],[],title_description,1,0,[],,['60868'],[0.4656001925468445],['title_description']
徐州到沈阳航班,['60872'],[],title_description,3,0,[],,"['60868', '60874', '47266']","[0.4656001925468445, 0.39689671993255615, 0.3909434974193573]","['title_description', 'title_description', 'title_description']"
悉尼到北京的机票,['60872'],[],title_description,1,0,[],,['60868'],[0.6064047813415527],['title_description']
悉尼到北京的机票,['60872'],[],title_description,3,1,['60872'],2.0,"['60868', '60872', '60874']","[0.6064047813415527, 0.5442407131195068, 0.5278431177139282]","['title_description', 'title_description', 'title_description']"
成都到南通的飞机票查询,['60872'],[],title_description,1,0,[],,['60868'],[0.5781970620155334],['title_description']
成都到南通的飞机票查询,['60872'],[],title_description,3,1,['60872'],3.0,"['60868', '5671', '60872']","[0.5781970620155334, 0.5129915475845337, 0.5007731318473816]","['title_description', 'title_description', 'title_description']"
成都到徐州的飞机票,['60872'],[],title_description,1,0,[],,['60868'],[0.48664945363998413],['title_description']
成都到徐州的飞机票,['60872'],[],title_description,3,0,[],,"['60868', '5671', '60874']","[0.48664945363998413, 0.4514017403125763, 0.4310489296913147]","['title_description', 'title_description', 'title_description']"
成都到无锡的航班,['60872'],[],title_description,1,0,[],,['60868'],[0.5874069333076477],['title_description']
成都到无锡的航班,['60872'],[],title_description,3,1,['60872'],2.0,"['60868', '60872', '47190']","[0.5874069333076477, 0.5099844932556152, 0.5075863599777222]","['title_description', 'title_description', 'title_description']"
成都到西藏飞机票多少钱,['60872'],[],title_description,1,0,[],,['60868'],[0.48155081272125244],['title_description']
成都到西藏飞机票多少钱,['60872'],[],title_description,3,1,['60872'],3.0,"['60868', '5671', '60872']","[0.48155081272125244, 0.4567437171936035, 0.41431376338005066]","['title_description', 'title_description', 'title_description']"
成都天府机场到青岛胶东机场,['60872'],[],title_description,1,0,[],,['60868'],[0.5026171207427979],['title_description']
成都天府机场到青岛胶东机场,['60872'],[],title_description,3,0,[],,"['60868', '5671', '47190']","[0.5026171207427979, 0.4642793536186218, 0.46155405044555664]","['title_description', 'title_description', 'title_description']"
成都飞三亚的机票价格查询,['60872'],[],title_description,1,0,[],,['60868'],[0.6535347700119019],['title_description']
成都飞三亚的机票价格查询,['60872'],[],title_description,3,1,['60872'],2.0,"['60868', '60872', '5671']","[0.6535347700119019, 0.5262312889099121, 0.5154426693916321]","['title_description', 'title_description', 'title_description']"
昆明到晋江机票,['60872'],[],title_description,1,0,[],,['60868'],[0.5107818245887756],['title_description']
昆明到晋江机票,['60872'],[],title_description,3,1,['60872'],2.0,"['60868', '60872', '60874']","[0.5107818245887756, 0.4326232671737671, 0.4322603940963745]","['title_description', 'title_description', 'title_description']"
昆明到飞机票价格查询,['60872'],[],title_description,1,0,[],,['60868'],[0.5921742916107178],['title_description']
昆明到飞机票价格查询,['60872'],[],title_description,3,1,['60872'],3.0,"['60868', '5671', '60872']","[0.5921742916107178, 0.5305564999580383, 0.4946218729019165]","['title_description', 'title_description', 'title_description']"
昆明飞杭州要几个小时,['60872'],[],title_description,1,0,[],,['60868'],[0.5103486776351929],['title_description']
昆明飞杭州要几个小时,['60872'],[],title_description,3,0,[],,"['60868', '47190', '47266']","[0.5103486776351929, 0.4774828553199768, 0.44377779960632324]","['title_description', 'title_description', 'title_description']"
杭州到乌鲁木齐的机票,['60872'],[],title_description,1,0,[],,['60868'],[0.6005178093910217],['title_description']
杭州到乌鲁木齐的机票,['60872'],[],title_description,3,1,['60872'],2.0,"['60868', '60872', '60874']","[0.6005178093910217, 0.5426026582717896, 0.5243004560470581]","['title_description', 'title_description', 'title_description']"
杭州到兰州的飞机票查询,['60872'],[],title_description,1,0,[],,['60868'],[0.6150160431861877],['title_description']
杭州到兰州的飞机票查询,['60872'],[],title_description,3,1,['60872'],2.0,"['60868', '60872', '5671']","[0.6150160431861877, 0.546322226524353, 0.535904049873352]","['title_description', 'title_description', 'title_description']"
杭州到哈尔滨的飞机票查询,['60872'],[],title_description,1,0,[],,['60868'],[0.6205463409423828],['title_description']
杭州到哈尔滨的飞机票查询,['60872'],[],title_description,3,1,['60872'],2.0,"['60868', '60872', '47266']","[0.6205463409423828, 0.5749475955963135, 0.5542256832122803]","['title_description', 'title_description', 'title_description']"
杭州到洛阳的飞机票查询,['60872'],[],title_description,1,0,[],,['60868'],[0.5958588123321533],['title_description']
杭州到洛阳的飞机票查询,['60872'],[],title_description,3,1,['60872'],3.0,"['60868', '5671', '60872']","[0.5958588123321533, 0.5336247682571411, 0.5248931646347046]","['title_description', 'title_description', 'title_description']"
杭州到石家庄的飞机票查询,['60872'],[],title_description,1,0,[],,['60868'],[0.6176742315292358],['title_description']
杭州到石家庄的飞机票查询,['60872'],[],title_description,3,1,['60872'],2.0,"['60868', '60872', '60874']","[0.6176742315292358, 0.5919776558876038, 0.5860929489135742]","['title_description', 'title_description', 'title_description']"
杭州萧山到长春龙嘉的航班,['60872'],[],title_description,1,0,[],,['60868'],[0.5065281391143799],['title_description']
杭州萧山到长春龙嘉的航班,['60872'],[],title_description,3,0,[],,"['60868', '5851', '47266']","[0.5065281391143799, 0.49860280752182007, 0.4768916964530945]","['title_description', 'title_description', 'title_description']"
武汉到恩施的飞机票,['60872'],[],title_description,1,0,[],,['60868'],[0.5283725261688232],['title_description']
武汉到恩施的飞机票,['60872'],[],title_description,3,0,[],,"['60868', '60874', '5671']","[0.5283725261688232, 0.4560406804084778, 0.44630885124206543]","['title_description', 'title_description', 'title_description']"
沈阳到威海的机票,['60872'],[],title_description,1,0,[],,['60868'],[0.5866183042526245],['title_description']
沈阳到威海的机票,['60872'],[],title_description,3,1,['60872'],2.0,"['60868', '60872', '60874']","[0.5866183042526245, 0.4859040081501007, 0.4810156226158142]","['title_description', 'title_description', 'title_description']"
沈阳到常州飞机票时刻表查询,['60872'],[],title_description,1,0,[],,['60868'],[0.5023718476295471],['title_description']
沈阳到常州飞机票时刻表查询,['60872'],[],title_description,3,0,[],,"['60868', '5851', '60874']","[0.5023718476295471, 0.4693884253501892, 0.44848477840423584]","['title_description', 'title_description', 'title_description']"
沈阳到成都的飞机票价格查询,['60872'],[],title_description,1,0,[],,['60868'],[0.5835151672363281],['title_description']
沈阳到成都的飞机票价格查询,['60872'],[],title_description,3,1,['60872'],2.0,"['60868', '60872', '5671']","[0.5835151672363281, 0.49202054738998413, 0.49161839485168457]","['title_description', 'title_description', 'title_description']"
泸州到丽江的飞机票价格查询,['60872'],[],title_description,1,0,[],,['60868'],[0.572545051574707],['title_description']
泸州到丽江的飞机票价格查询,['60872'],[],title_description,3,0,[],,"['60868', '5671', '60874']","[0.572545051574707, 0.520742654800415, 0.4946434199810028]","['title_description', 'title_description', 'title_description']"
济南到上海的飞机票,['60872'],[],title_description,1,0,[],,['60868'],[0.5765363574028015],['title_description']
济南到上海的飞机票,['60872'],[],title_description,3,1,['60872'],3.0,"['60868', '5671', '60872']","[0.5765363574028015, 0.5295059084892273, 0.5279871225357056]","['title_description', 'title_description', 'title_description']"
济南到西双版纳,['60872'],[],title_description,1,0,[],,['5671'],[0.4651195704936981],['title_description']
济南到西双版纳,['60872'],[],title_description,3,0,[],,"['5671', '62106', '60874']","[0.4651195704936981, 0.4416655898094177, 0.4384148418903351]","['title_description', 'title_description', 'title_description']"
济宁到大连飞机票多少钱,['60872'],[],title_description,1,0,[],,['60868'],[0.519027829170227],['title_description']
济宁到大连飞机票多少钱,['60872'],[],title_description,3,0,[],,"['60868', '60874', '5671']","[0.519027829170227, 0.4760497212409973, 0.464872270822525]","['title_description', 'title_description', 'title_description']"
海南到重庆的飞机时刻表,['60872'],[],title_description,1,0,[],,['5851'],[0.4993647038936615],['title_description']
海南到重庆的飞机时刻表,['60872'],[],title_description,3,0,[],,"['5851', '60868', '47190']","[0.4993647038936615, 0.49589425325393677, 0.4514806270599365]","['title_description', 'title_description', 'title_description']"
深圳到宁波的飞机票价,['60872'],[],title_description,1,0,[],,['60868'],[0.5732304453849792],['title_description']
深圳到宁波的飞机票价,['60872'],[],title_description,3,1,['60872'],3.0,"['60868', '47266', '60872']","[0.5732304453849792, 0.49273207783699036, 0.49040332436561584]","['title_description', 'title_description', 'title_description']"
深圳到贵阳的飞机票,['60872'],[],title_description,1,0,[],,['60868'],[0.5382938385009766],['title_description']
深圳到贵阳的飞机票,['60872'],[],title_description,3,1,['60872'],2.0,"['60868', '60872', '5851']","[0.5382938385009766, 0.4768095314502716, 0.47433775663375854]","['title_description', 'title_description', 'title_description']"
深圳到长春的飞机,['60872'],[],title_description,1,0,[],,['60868'],[0.4792778193950653],['title_description']
深圳到长春的飞机,['60872'],[],title_description,3,1,['60872'],2.0,"['60868', '60872', '5851']","[0.4792778193950653, 0.4500630497932434, 0.4476756453514099]","['title_description', 'title_description', 'title_description']"
湖北到杭州飞机,['60872'],[],title_description,1,0,[],,['60868'],[0.456021785736084],['title_description']
湖北到杭州飞机,['60872'],[],title_description,3,0,[],,"['60868', '60874', '47190']","[0.456021785736084, 0.4023406505584717, 0.3972811698913574]","['title_description', 'title_description', 'title_description']"
湛江到杭州怎么走,['60872'],[],title_description,1,0,[],,['47190'],[0.5105900764465332],['title_description']
湛江到杭州怎么走,['60872'],[],title_description,3,0,[],,"['47190', '47266', '47242']","[0.5105900764465332, 0.48675188422203064, 0.46141931414604187]","['title_description', 'title_description', 'title_description']"
满洲里到上海的飞机票,['60872'],[],title_description,1,0,[],,['60868'],[0.5701001286506653],['title_description']
满洲里到上海的飞机票,['60872'],[],title_description,3,1,['60872'],2.0,"['60868', '60872', '5671']","[0.5701001286506653, 0.5174342393875122, 0.49987655878067017]","['title_description', 'title_description', 'title_description']"
瑞金到北京飞机票,['60872'],[],title_description,1,0,[],,['60868'],[0.5522666573524475],['title_description']
瑞金到北京飞机票,['60872'],[],title_description,3,1,['60872'],3.0,"['60868', '60874', '60872']","[0.5522666573524475, 0.5308459997177124, 0.4978313446044922]","['title_description', 'title_description', 'title_description']"
石家庄飞海口,['60872'],[],title_description,1,0,[],,['60868'],[0.49108433723449707],['title_description']
石家庄飞海口,['60872'],[],title_description,3,0,[],,"['60868', '60874', '47266']","[0.49108433723449707, 0.43049582839012146, 0.41386473178863525]","['title_description', 'title_description', 'title_description']"
美国到中国飞机票多少钱,['60872'],[],title_description,1,0,[],,['60868'],[0.588783860206604],['title_description']
美国到中国飞机票多少钱,['60872'],[],title_description,3,1,['60872'],2.0,"['60868', '60872', '5671']","[0.588783860206604, 0.49566471576690674, 0.4906565248966217]","['title_description', 'title_description', 'title_description']"
衢州到成都飞机票,['60872'],[],title_description,1,0,[],,['60868'],[0.5189774036407471],['title_description']
衢州到成都飞机票,['60872'],[],title_description,3,0,[],,"['60868', '5671', '60874']","[0.5189774036407471, 0.45575857162475586, 0.4440656304359436]","['title_description', 'title_description', 'title_description']"
西双版纳到成都的飞机票,['60872'],[],title_description,1,0,[],,['60868'],[0.5205710530281067],['title_description']
西双版纳到成都的飞机票,['60872'],[],title_description,3,0,[],,"['60868', '5671', '60874']","[0.5205710530281067, 0.4756046533584595, 0.45424607396125793]","['title_description', 'title_description', 'title_description']"
西宁到南京飞机航班查询,['60872'],[],title_description,1,0,[],,['60868'],[0.5813379287719727],['title_description']
西宁到南京飞机航班查询,['60872'],[],title_description,3,1,['60872'],3.0,"['60868', '47190', '60872']","[0.5813379287719727, 0.49215614795684814, 0.4861685037612915]","['title_description', 'title_description', 'title_description']"
西安到乌鲁木齐的飞机票价查询,['60872'],[],title_description,1,0,[],,['60868'],[0.6608855724334717],['title_description']
西安到乌鲁木齐的飞机票价查询,['60872'],[],title_description,3,1,['60872'],2.0,"['60868', '60872', '60874']","[0.6608855724334717, 0.5814559459686279, 0.5580266714096069]","['title_description', 'title_description', 'title_description']"
西安到喀什飞机票多少钱,['60872'],[],title_description,1,0,[],,['60868'],[0.5529980063438416],['title_description']
西安到喀什飞机票多少钱,['60872'],[],title_description,3,0,[],,"['60868', '60874', '5671']","[0.5529980063438416, 0.48084935545921326, 0.47550278902053833]","['title_description', 'title_description', 'title_description']"
西安到大连的飞机票查询,['60872'],[],title_description,1,0,[],,['60868'],[0.6159908175468445],['title_description']
西安到大连的飞机票查询,['60872'],[],title_description,3,1,['60872'],2.0,"['60868', '60872', '5671']","[0.6159908175468445, 0.5623868703842163, 0.5559127330780029]","['title_description', 'title_description', 'title_description']"
西安到天津,['60872'],[],title_description,1,1,['60872'],1.0,['60872'],[0.5811070203781128],['title_description']
西安到天津,['60872'],[],title_description,3,1,['60872'],1.0,"['60872', '47266', '60874']","[0.5811070203781128, 0.5733411312103271, 0.553598165512085]","['title_description', 'title_description', 'title_description']"
西安到宁波飞机时刻表,['60872'],[],title_description,1,0,[],,['60868'],[0.5333123803138733],['title_description']
西安到宁波飞机时刻表,['60872'],[],title_description,3,0,[],,"['60868', '5851', '60874']","[0.5333123803138733, 0.5064669847488403, 0.4911310076713562]","['title_description', 'title_description', 'title_description']"
西安到库尔勒的飞机票,['60872'],[],title_description,1,0,[],,['60868'],[0.496038556098938],['title_description']
西安到库尔勒的飞机票,['60872'],[],title_description,3,0,[],,"['60868', '60874', '5671']","[0.496038556098938, 0.4481889605522156, 0.44623464345932007]","['title_description', 'title_description', 'title_description']"
西安到桂林的飞机票查询,['60872'],[],title_description,1,0,[],,['60868'],[0.6024806499481201],['title_description']
西安到桂林的飞机票查询,['60872'],[],title_description,3,1,['60872'],3.0,"['60868', '5671', '60872']","[0.6024806499481201, 0.5636814832687378, 0.5418587923049927]","['title_description', 'title_description', 'title_description']"
西安到澳门飞机票多钱,['60872'],[],title_description,1,0,[],,['60868'],[0.5601136684417725],['title_description']
西安到澳门飞机票多钱,['60872'],[],title_description,3,0,[],,"['60868', '5671', '60874']","[0.5601136684417725, 0.5009679794311523, 0.4688715934753418]","['title_description', 'title_description', 'title_description']"
西安到烟台飞机票查询,['60872'],[],title_description,1,0,[],,['60868'],[0.6079504489898682],['title_description']
西安到烟台飞机票查询,['60872'],[],title_description,3,1,['60872'],2.0,"['60868', '60872', '5671']","[0.6079504489898682, 0.5326944589614868, 0.5214439630508423]","['title_description', 'title_description', 'title_description']"
西安到韩国飞机正常飞行吗,['60872'],[],title_description,1,0,[],,['60868'],[0.5400040149688721],['title_description']
西安到韩国飞机正常飞行吗,['60872'],[],title_description,3,0,[],,"['60868', '47242', '5671']","[0.5400040149688721, 0.4706460237503052, 0.4579364061355591]","['title_description', 'title_description', 'title_description']"
贵阳到南京的飞机票查询,['60872'],[],title_description,1,0,[],,['60868'],[0.6056636571884155],['title_description']
贵阳到南京的飞机票查询,['60872'],[],title_description,3,0,[],,"['60868', '5671', '47190']","[0.6056636571884155, 0.5359596610069275, 0.529429018497467]","['title_description', 'title_description', 'title_description']"
赣州到北京飞机票查询及票价,['60872'],[],title_description,1,0,[],,['60874'],[0.5998903512954712],['title_description']
赣州到北京飞机票查询及票价,['60872'],[],title_description,3,1,['60872'],3.0,"['60874', '60868', '60872']","[0.5998903512954712, 0.59324049949646, 0.5385720729827881]","['title_description', 'title_description', 'title_description']"
赣州到徐州的飞机票,['60872'],[],title_description,1,0,[],,['60868'],[0.4845457673072815],['title_description']
赣州到徐州的飞机票,['60872'],[],title_description,3,0,[],,"['60868', '60874', '5671']","[0.4845457673072815, 0.4476992189884186, 0.4367031455039978]","['title_description', 'title_description', 'title_description']"
赤峰到呼市飞机票查询,['60872'],[],title_description,1,0,[],,['60868'],[0.5496091842651367],['title_description']
赤峰到呼市飞机票查询,['60872'],[],title_description,3,1,['60872'],3.0,"['60868', '60874', '60872']","[0.5496091842651367, 0.47423696517944336, 0.46677693724632263]","['title_description', 'title_description', 'title_description']"
连云港至长沙飞机时刻表,['60872'],[],title_description,1,0,[],,['5851'],[0.5241132974624634],['title_description']
连云港至长沙飞机时刻表,['60872'],[],title_description,3,1,['60872'],3.0,"['5851', '60868', '60872']","[0.5241132974624634, 0.4896823763847351, 0.4556792378425598]","['title_description', 'title_description', 'title_description']"
遵义到合肥的飞机票查询,['60872'],[],title_description,1,0,[],,['60868'],[0.5825046300888062],['title_description']
遵义到合肥的飞机票查询,['60872'],[],title_description,3,1,['60872'],3.0,"['60868', '5671', '60872']","[0.5825046300888062, 0.5083608627319336, 0.503624439239502]","['title_description', 'title_description', 'title_description']"
郑州到沈阳飞机票多少钱,['60872'],[],title_description,1,0,[],,['60868'],[0.5362093448638916],['title_description']
郑州到沈阳飞机票多少钱,['60872'],[],title_description,3,1,['60872'],2.0,"['60868', '60872', '60874']","[0.5362093448638916, 0.46368277072906494, 0.45158058404922485]","['title_description', 'title_description', 'title_description']"
郑州到长沙的飞机票多少钱,['60872'],[],title_description,1,0,[],,['60868'],[0.5272771120071411],['title_description']
郑州到长沙的飞机票多少钱,['60872'],[],title_description,3,1,['60872'],2.0,"['60868', '60872', '5851']","[0.5272771120071411, 0.4907150864601135, 0.4837498068809509]","['title_description', 'title_description', 'title_description']"
铜仁到贵阳飞机票查询,['60872'],[],title_description,1,0,[],,['60868'],[0.49040141701698303],['title_description']
铜仁到贵阳飞机票查询,['60872'],[],title_description,3,1,['60872'],3.0,"['60868', '5851', '60872']","[0.49040141701698303, 0.42604774236679077, 0.4132899045944214]","['title_description', 'title_description', 'title_description']"
银川到郑州的飞机票价查询,['60872'],[],title_description,1,0,[],,['60868'],[0.5846394300460815],['title_description']
银川到郑州的飞机票价查询,['60872'],[],title_description,3,1,['60872'],2.0,"['60868', '60872', '5851']","[0.5846394300460815, 0.535921573638916, 0.5281396508216858]","['title_description', 'title_description', 'title_description']"
长春到长沙的飞机票查询,['60872'],[],title_description,1,0,[],,['60868'],[0.6025958061218262],['title_description']
长春到长沙的飞机票查询,['60872'],[],title_description,3,1,['60872'],2.0,"['60868', '60872', '5671']","[0.6025958061218262, 0.5531203746795654, 0.533902645111084]","['title_description', 'title_description', 'title_description']"
长春到陕西飞机票价多少钱,['60872'],[],title_description,1,0,[],,['60868'],[0.511328935623169],['title_description']
长春到陕西飞机票价多少钱,['60872'],[],title_description,3,1,['60872'],2.0,"['60868', '60872', '60874']","[0.511328935623169, 0.446621298789978, 0.4365440011024475]","['title_description', 'title_description', 'title_description']"
长春飞韩国机票价格,['60872'],[],title_description,1,0,[],,['60868'],[0.5032945275306702],['title_description']
长春飞韩国机票价格,['60872'],[],title_description,3,1,['60872'],2.0,"['60868', '60872', '5671']","[0.5032945275306702, 0.4002673327922821, 0.3937961459159851]","['title_description', 'title_description', 'title_description']"
长沙到厦门的飞机票,['60872'],[],title_description,1,0,[],,['60868'],[0.5428739786148071],['title_description']
长沙到厦门的飞机票,['60872'],[],title_description,3,1,['60872'],3.0,"['60868', '5671', '60872']","[0.5428739786148071, 0.49381256103515625, 0.4842637777328491]","['title_description', 'title_description', 'title_description']"
长沙到沈阳的飞机,['60872'],[],title_description,1,0,[],,['60868'],[0.4772210717201233],['title_description']
长沙到沈阳的飞机,['60872'],[],title_description,3,1,['60872'],3.0,"['60868', '47190', '60872']","[0.4772210717201233, 0.41716521978378296, 0.41211867332458496]","['title_description', 'title_description', 'title_description']"
长沙到济南的飞机票,['60872'],[],title_description,1,0,[],,['60868'],[0.5343037247657776],['title_description']
长沙到济南的飞机票,['60872'],[],title_description,3,1,['60872'],3.0,"['60868', '5671', '60872']","[0.5343037247657776, 0.49296048283576965, 0.48488572239875793]","['title_description', 'title_description', 'title_description']"
青岛到延吉的机票,['60872'],[],title_description,1,0,[],,['60868'],[0.5319465398788452],['title_description']
青岛到延吉的机票,['60872'],[],title_description,3,0,[],,"['60868', '5671', '60874']","[0.5319465398788452, 0.4717629849910736, 0.4681813418865204]","['title_description', 'title_description', 'title_description']"
青岛到贵州的机票,['60872'],[],title_description,1,0,[],,['60868'],[0.5105867385864258],['title_description']
青岛到贵州的机票,['60872'],[],title_description,3,0,[],,"['60868', '5671', '5851']","[0.5105867385864258, 0.4592881202697754, 0.44531548023223877]","['title_description', 'title_description', 'title_description']"
韩国到南京的机票价格,['60872'],[],title_description,1,0,[],,['60868'],[0.5611188411712646],['title_description']
韩国到南京的机票价格,['60872'],[],title_description,3,1,['60872'],3.0,"['60868', '5671', '60872']","[0.5611188411712646, 0.4924898147583008, 0.48812949657440186]","['title_description', 'title_description', 'title_description']"
香港到成都机票查询,['60872'],[],title_description,1,0,[],,['60868'],[0.6234424114227295],['title_description']
香港到成都机票查询,['60872'],[],title_description,3,1,['60872'],2.0,"['60868', '60872', '5671']","[0.6234424114227295, 0.5537259578704834, 0.5398141145706177]","['title_description', 'title_description', 'title_description']"
