query,gold_ids,missing_gold_ids,view,k,pass_at_k,hit_ids,first_hit_rank,recall_ids,recall_scores,recall_views
2025年下半年教资面试时间,['51712'],[],description,1,0,[],,['60293'],[0.6512975692749023],['description']
2025年下半年教资面试时间,['51712'],[],description,3,0,[],,"['60293', '5601', '51323']","[0.6512975692749023, 0.5247984528541565, 0.5133855938911438]","['description', 'description', 'description']"
2025年二建成绩查询时间,['51712'],[],description,1,0,[],,['60293'],[0.5759152173995972],['description']
2025年二建成绩查询时间,['51712'],[],description,3,0,[],,"['60293', '5601', '51323']","[0.5759152173995972, 0.46310946345329285, 0.4578477740287781]","['description', 'description', 'description']"
2025广西成人高考考试时间,['51712'],[],description,1,0,[],,['60293'],[0.6007668972015381],['description']
2025广西成人高考考试时间,['51712'],[],description,3,0,[],,"['60293', '51323', '5601']","[0.6007668972015381, 0.5039831399917603, 0.5006963610649109]","['description', 'description', 'description']"
2026年一级建造师报名时间,['51712'],[],description,1,0,[],,['60293'],[0.5520631074905396],['description']
2026年一级建造师报名时间,['51712'],[],description,3,0,[],,"['60293', '5601', '51323']","[0.5520631074905396, 0.4291651248931885, 0.42653632164001465]","['description', 'description', 'description']"
2026年下半年教资考试报名时间,['51712'],[],description,1,0,[],,['60293'],[0.6518172025680542],['description']
2026年下半年教资考试报名时间,['51712'],[],description,3,0,[],,"['60293', '5601', '51323']","[0.6518172025680542, 0.4900324046611786, 0.48418736457824707]","['description', 'description', 'description']"
2026年专升本考试时间,['51712'],[],description,1,0,[],,['60293'],[0.573390543460846],['description']
2026年专升本考试时间,['51712'],[],description,3,0,[],,"['60293', '51323', '5601']","[0.573390543460846, 0.4491344094276428, 0.4454922080039978]","['description', 'description', 'description']"
2026年中级会计考试时间,['51712'],[],description,1,0,[],,['60293'],[0.5830738544464111],['description']
2026年中级会计考试时间,['51712'],[],description,3,0,[],,"['60293', '5601', '51323']","[0.5830738544464111, 0.4861336946487427, 0.48220109939575195]","['description', 'description', 'description']"
2026年中级经济师报名时间,['51712'],[],description,1,0,[],,['60293'],[0.578717827796936],['description']
2026年中级经济师报名时间,['51712'],[],description,3,0,[],,"['60293', '51323', '5601']","[0.578717827796936, 0.4491344690322876, 0.4472198188304901]","['description', 'description', 'description']"
2026年二级建造师考试时间,['51712'],[],description,1,0,[],,['60293'],[0.5703016519546509],['description']
2026年二级建造师考试时间,['51712'],[],description,3,0,[],,"['60293', '5601', '51323']","[0.5703016519546509, 0.4395151734352112, 0.42121028900146484]","['description', 'description', 'description']"
2026年二级造价师考试报名时间,['51712'],[],description,1,0,[],,['60293'],[0.5654332041740417],['description']
2026年二级造价师考试报名时间,['51712'],[],description,3,0,[],,"['60293', '51323', '5601']","[0.5654332041740417, 0.4257287383079529, 0.4211849868297577]","['description', 'description', 'description']"
2026年初级会计考试报名时间,['51712'],[],description,1,0,[],,['60293'],[0.5859752893447876],['description']
2026年初级会计考试报名时间,['51712'],[],description,3,0,[],,"['60293', '5601', '51323']","[0.5859752893447876, 0.4808102250099182, 0.47482040524482727]","['description', 'description', 'description']"
2026年四六级什么时候出成绩,['51712'],[],description,1,0,[],,['60293'],[0.5664688348770142],['description']
2026年四六级什么时候出成绩,['51712'],[],description,3,0,[],,"['60293', '51323', '5601']","[0.5664688348770142, 0.48886197805404663, 0.47658389806747437]","['description', 'description', 'description']"
2026年四六级考试时间,['51712'],[],description,1,0,[],,['60293'],[0.6285778880119324],['description']
2026年四六级考试时间,['51712'],[],description,3,0,[],,"['60293', '51323', '5601']","[0.6285778880119324, 0.5373599529266357, 0.5288970470428467]","['description', 'description', 'description']"
2026年导游证考试报名时间,['51712'],[],description,1,0,[],,['60293'],[0.6045640707015991],['description']
2026年导游证考试报名时间,['51712'],[],description,3,0,[],,"['60293', '5671', '5601']","[0.6045640707015991, 0.514437198638916, 0.48074954748153687]","['description', 'description', 'description']"
2026年成人高考报名时间,['51712'],[],description,1,0,[],,['60293'],[0.5908952951431274],['description']
2026年成人高考报名时间,['51712'],[],description,3,0,[],,"['60293', '39537', '5601']","[0.5908952951431274, 0.48567068576812744, 0.4644511938095093]","['description', 'description', 'description']"
2026年执业兽医考试时间,['51712'],[],description,1,0,[],,['60293'],[0.6047061085700989],['description']
2026年执业兽医考试时间,['51712'],[],description,3,0,[],,"['60293', '5601', '61111']","[0.6047061085700989, 0.473768949508667, 0.4659636318683624]","['description', 'description', 'description']"
2026年新疆乌鲁木齐中级会计考试,['51712'],[],description,1,0,[],,['60293'],[0.4913875460624695],['description']
2026年新疆乌鲁木齐中级会计考试,['51712'],[],description,3,0,[],,"['60293', '51323', '5917']","[0.4913875460624695, 0.38967275619506836, 0.37827086448669434]","['description', 'description', 'description']"
2026年注册会计师考试时间,['51712'],[],description,1,0,[],,['60293'],[0.5924927592277527],['description']
2026年注册会计师考试时间,['51712'],[],description,3,0,[],,"['60293', '5601', '51323']","[0.5924927592277527, 0.4587753415107727, 0.45873919129371643]","['description', 'description', 'description']"
2026年的执业药师报名时间,['51712'],[],description,1,0,[],,['60293'],[0.5889489054679871],['description']
2026年的执业药师报名时间,['51712'],[],description,3,0,[],,"['60293', '5601', '51323']","[0.5889489054679871, 0.46063679456710815, 0.44316989183425903]","['description', 'description', 'description']"
2026年监理工程师考试成绩公布时间,['51712'],[],description,1,0,[],,['60293'],[0.6068837642669678],['description']
2026年监理工程师考试成绩公布时间,['51712'],[],description,3,0,[],,"['60293', '5601', '51323']","[0.6068837642669678, 0.44382768869400024, 0.44177067279815674]","['description', 'description', 'description']"
2026年社工考试成绩公布时间,['51712'],[],description,1,0,[],,['60293'],[0.6246702671051025],['description']
2026年社工考试成绩公布时间,['51712'],[],description,3,0,[],,"['60293', '5601', '51323']","[0.6246702671051025, 0.44597625732421875, 0.43459391593933105]","['description', 'description', 'description']"
2026年税务师报名时间,['51712'],[],description,1,0,[],,['60293'],[0.5605460405349731],['description']
2026年税务师报名时间,['51712'],[],description,3,0,[],,"['60293', '51323', '5601']","[0.5605460405349731, 0.45544469356536865, 0.43915271759033203]","['description', 'description', 'description']"
2026年软考报名时间,['51712'],[],description,1,0,[],,['60293'],[0.620826005935669],['description']
2026年软考报名时间,['51712'],[],description,3,0,[],,"['60293', '51323', '5601']","[0.620826005935669, 0.46808573603630066, 0.4598580002784729]","['description', 'description', 'description']"
2026深圳中级会计报考时间,['51712'],[],description,1,0,[],,['60293'],[0.5290386080741882],['description']
2026深圳中级会计报考时间,['51712'],[],description,3,0,[],,"['60293', '51323', '5601']","[0.5290386080741882, 0.4704968333244324, 0.4499243497848511]","['description', 'description', 'description']"
2026社工证报名时间,['51712'],[],description,1,0,[],,['60293'],[0.5655375719070435],['description']
2026社工证报名时间,['51712'],[],description,3,0,[],,"['60293', '5601', '51323']","[0.5655375719070435, 0.42646926641464233, 0.42531487345695496]","['description', 'description', 'description']"
2026银行从业资格证考试报名时间,['51712'],[],description,1,0,[],,['60293'],[0.6588191986083984],['description']
2026银行从业资格证考试报名时间,['51712'],[],description,3,0,[],,"['60293', '51323', '5601']","[0.6588191986083984, 0.4709073305130005, 0.466943621635437]","['description', 'description', 'description']"
26年二建成绩什么时候公布,['51712'],[],description,1,0,[],,['60293'],[0.573520302772522],['description']
26年二建成绩什么时候公布,['51712'],[],description,3,0,[],,"['60293', '5601', '51323']","[0.573520302772522, 0.4651075005531311, 0.45835626125335693]","['description', 'description', 'description']"
acca考试报名时间,['51712'],[],description,1,0,[],,['60293'],[0.6514548063278198],['description']
acca考试报名时间,['51712'],[],description,3,0,[],,"['60293', '51323', '5601']","[0.6514548063278198, 0.479382187128067, 0.4760313630104065]","['description', 'description', 'description']"
cet-6,['51712'],[],description,1,0,[],,['85'],[0.627456784248352],['description']
cet-6,['51712'],[],description,3,0,[],,"['85', '51388', '51323']","[0.627456784248352, 0.6179801821708679, 0.5762636661529541]","['description', 'description', 'description']"
cet4官网入口,['51712'],[],description,1,0,[],,['60293'],[0.6481258869171143],['description']
cet4官网入口,['51712'],[],description,3,0,[],,"['60293', '5917', '85']","[0.6481258869171143, 0.5669358968734741, 0.5524677038192749]","['description', 'description', 'description']"
一建准考证打印,['51712'],[],description,1,0,[],,['60293'],[0.6217262744903564],['description']
一建准考证打印,['51712'],[],description,3,0,[],,"['60293', '267', '51323']","[0.6217262744903564, 0.4819490611553192, 0.47764354944229126]","['description', 'description', 'description']"
一级建造师报名官网入口,['51712'],[],description,1,0,[],,['60293'],[0.5822950601577759],['description']
一级建造师报名官网入口,['51712'],[],description,3,0,[],,"['60293', '5917', '51474']","[0.5822950601577759, 0.4637841582298279, 0.4423638880252838]","['description', 'description', 'description']"
一造考试报名时间,['51712'],[],description,1,0,[],,['60293'],[0.6364293098449707],['description']
一造考试报名时间,['51712'],[],description,3,0,[],,"['60293', '51323', '61111']","[0.6364293098449707, 0.4575745463371277, 0.44577598571777344]","['description', 'description', 'description']"
上海2026年会计初级考试报名时间,['51712'],[],description,1,0,[],,['60293'],[0.5667099952697754],['description']
上海2026年会计初级考试报名时间,['51712'],[],description,3,0,[],,"['60293', '51323', '5601']","[0.5667099952697754, 0.4794080853462219, 0.4598873257637024]","['description', 'description', 'description']"
专升本啥时候报名考试,['51712'],[],description,1,0,[],,['60293'],[0.5796462297439575],['description']
专升本啥时候报名考试,['51712'],[],description,3,0,[],,"['60293', '39537', '51323']","[0.5796462297439575, 0.46142953634262085, 0.438040554523468]","['description', 'description', 'description']"
专升本官方网站入口,['51712'],[],description,1,0,[],,['60293'],[0.6048154830932617],['description']
专升本官方网站入口,['51712'],[],description,3,0,[],,"['60293', '39537', '4551']","[0.6048154830932617, 0.5706446766853333, 0.5060908794403076]","['description', 'description', 'description']"
中小学教师资格证考试报名官网入口,['51712'],[],description,1,0,[],,['60293'],[0.660995364189148],['description']
中小学教师资格证考试报名官网入口,['51712'],[],description,3,0,[],,"['60293', '5273', '39537']","[0.660995364189148, 0.505403995513916, 0.49488842487335205]","['description', 'description', 'description']"
中小学教资报名,['51712'],[],description,1,0,[],,['60293'],[0.6203343868255615],['description']
中小学教资报名,['51712'],[],description,3,0,[],,"['60293', '5273', '5917']","[0.6203343868255615, 0.542919397354126, 0.47372370958328247]","['description', 'description', 'description']"
中级会计职称准考证打印时间,['51712'],[],description,1,0,[],,['60293'],[0.5889705419540405],['description']
中级会计职称准考证打印时间,['51712'],[],description,3,0,[],,"['60293', '51323', '61111']","[0.5889705419540405, 0.41866534948349, 0.41815149784088135]","['description', 'description', 'description']"
中级经济师考试报名,['51712'],[],description,1,0,[],,['60293'],[0.5496611595153809],['description']
中级经济师考试报名,['51712'],[],description,3,0,[],,"['60293', '5273', '5917']","[0.5496611595153809, 0.4270060956478119, 0.40349358320236206]","['description', 'description', 'description']"
丽江什么时候可以考导游证,['51712'],[],description,1,0,[],,['5671'],[0.5282570123672485],['description']
丽江什么时候可以考导游证,['51712'],[],description,3,0,[],,"['5671', '60293', '5917']","[0.5282570123672485, 0.5255969166755676, 0.486121267080307]","['description', 'description', 'description']"
二建成绩查询入口,['51712'],[],description,1,0,[],,['60293'],[0.6139867305755615],['description']
二建成绩查询入口,['51712'],[],description,3,0,[],,"['60293', '5917', '47242']","[0.6139867305755615, 0.503742516040802, 0.49984148144721985]","['description', 'description', 'description']"
今年英语四级成绩查询时间,['51712'],[],description,1,0,[],,['60293'],[0.6102923154830933],['description']
今年英语四级成绩查询时间,['51712'],[],description,3,0,[],,"['60293', '51323', '85']","[0.6102923154830933, 0.5144301652908325, 0.5071567296981812]","['description', 'description', 'description']"
公务员考试报名入口,['51712'],[],description,1,0,[],,['60293'],[0.6167111396789551],['description']
公务员考试报名入口,['51712'],[],description,3,0,[],,"['60293', '51457', '267']","[0.6167111396789551, 0.481940895318985, 0.4764639437198639]","['description', 'description', 'description']"
六级出分时间,['51712'],[],description,1,0,[],,['60293'],[0.6181313395500183],['description']
六级出分时间,['51712'],[],description,3,0,[],,"['60293', '51323', '51388']","[0.6181313395500183, 0.5118111371994019, 0.5036177635192871]","['description', 'description', 'description']"
六级成绩什么时候出来,['51712'],[],description,1,0,[],,['60293'],[0.5815224647521973],['description']
六级成绩什么时候出来,['51712'],[],description,3,0,[],,"['60293', '85', '5917']","[0.5815224647521973, 0.47081464529037476, 0.4673544466495514]","['description', 'description', 'description']"
六级考试报名时间,['51712'],[],description,1,0,[],,['60293'],[0.6419863104820251],['description']
六级考试报名时间,['51712'],[],description,3,0,[],,"['60293', '51323', '5601']","[0.6419863104820251, 0.4777066707611084, 0.47300124168395996]","['description', 'description', 'description']"
兰州教师资格证考试时间,['51712'],[],description,1,0,[],,['60293'],[0.6256494522094727],['description']
兰州教师资格证考试时间,['51712'],[],description,3,0,[],,"['60293', '5917', '5601']","[0.6256494522094727, 0.4747741222381592, 0.4498021900653839]","['description', 'description', 'description']"
初级会计师,['51712'],[],description,1,0,[],,['60293'],[0.5069723129272461],['description']
初级会计师,['51712'],[],description,3,0,[],,"['60293', '51323', '51388']","[0.5069723129272461, 0.41721612215042114, 0.4023805260658264]","['description', 'description', 'description']"
初级会计成绩查询,['51712'],[],description,1,0,[],,['60293'],[0.6071946620941162],['description']
初级会计成绩查询,['51712'],[],description,3,0,[],,"['60293', '51388', '47198']","[0.6071946620941162, 0.4971923530101776, 0.47210466861724854]","['description', 'description', 'description']"
初级会计报名官网入口,['51712'],[],description,1,0,[],,['60293'],[0.5966261625289917],['description']
初级会计报名官网入口,['51712'],[],description,3,0,[],,"['60293', '51388', '5671']","[0.5966261625289917, 0.4699273109436035, 0.4617707431316376]","['description', 'description', 'description']"
初级会计考试时间,['51712'],[],description,1,0,[],,['60293'],[0.6253960132598877],['description']
初级会计考试时间,['51712'],[],description,3,0,[],,"['60293', '5601', '51323']","[0.6253960132598877, 0.47496578097343445, 0.4717469811439514]","['description', 'description', 'description']"
初级经济师2026年报名时间,['51712'],[],description,1,0,[],,['60293'],[0.5484205484390259],['description']
初级经济师2026年报名时间,['51712'],[],description,3,0,[],,"['60293', '5601', '51323']","[0.5484205484390259, 0.41058146953582764, 0.4079834818840027]","['description', 'description', 'description']"
合江县公务员,['51712'],[],description,1,0,[],,['51457'],[0.42329466342926025],['description']
合江县公务员,['51712'],[],description,3,0,[],,"['51457', '60293', '60265']","[0.42329466342926025, 0.39270710945129395, 0.3831968307495117]","['description', 'description', 'description']"
四六级准考证打印官网入口,['51712'],[],description,1,0,[],,['60293'],[0.6446423530578613],['description']
四六级准考证打印官网入口,['51712'],[],description,3,0,[],,"['60293', '5917', '85']","[0.6446423530578613, 0.5595812201499939, 0.4976005554199219]","['description', 'description', 'description']"
国考什么时候,['51712'],[],description,1,0,[],,['60293'],[0.6033953428268433],['description']
国考什么时候,['51712'],[],description,3,0,[],,"['60293', '5601', '61111']","[0.6033953428268433, 0.5221303105354309, 0.5098341703414917]","['description', 'description', 'description']"
基金从业资格证考试报名,['51712'],[],description,1,0,[],,['60293'],[0.6433384418487549],['description']
基金从业资格证考试报名,['51712'],[],description,3,0,[],,"['60293', '5802', '5273']","[0.6433384418487549, 0.4996318221092224, 0.45222997665405273]","['description', 'description', 'description']"
大兴社区工作者考试成绩公布,['51712'],[],description,1,0,[],,['60293'],[0.5380234718322754],['description']
大兴社区工作者考试成绩公布,['51712'],[],description,3,0,[],,"['60293', '51457', '5917']","[0.5380234718322754, 0.4593808054924011, 0.4509798288345337]","['description', 'description', 'description']"
宁夏一建报名时间,['51712'],[],description,1,0,[],,['60293'],[0.5215471982955933],['description']
宁夏一建报名时间,['51712'],[],description,3,0,[],,"['60293', '5917', '39537']","[0.5215471982955933, 0.4182230234146118, 0.4177113473415375]","['description', 'description', 'description']"
安徽省教师资格证报名时间,['51712'],[],description,1,0,[],,['60293'],[0.596107006072998],['description']
安徽省教师资格证报名时间,['51712'],[],description,3,0,[],,"['60293', '5273', '39537']","[0.596107006072998, 0.46372365951538086, 0.45619678497314453]","['description', 'description', 'description']"
安徽省注册安全工程师报名时间,['51712'],[],description,1,0,[],,['60293'],[0.5329265594482422],['description']
安徽省注册安全工程师报名时间,['51712'],[],description,3,0,[],,"['60293', '51474', '39537']","[0.5329265594482422, 0.4157605767250061, 0.4057352840900421]","['description', 'description', 'description']"
安徽省计算机二级考试报名官网入口,['51712'],[],description,1,0,[],,['60293'],[0.5552555322647095],['description']
安徽省计算机二级考试报名官网入口,['51712'],[],description,3,0,[],,"['60293', '39537', '5917']","[0.5552555322647095, 0.470511257648468, 0.43395012617111206]","['description', 'description', 'description']"
导游证官网报名入口,['51712'],[],description,1,0,[],,['60293'],[0.6503189206123352],['description']
导游证官网报名入口,['51712'],[],description,3,0,[],,"['60293', '5671', '5917']","[0.6503189206123352, 0.5946372747421265, 0.5390224456787109]","['description', 'description', 'description']"
小学教资考试时间,['51712'],[],description,1,0,[],,['60293'],[0.6800496578216553],['description']
小学教资考试时间,['51712'],[],description,3,0,[],,"['60293', '5601', '5273']","[0.6800496578216553, 0.46691077947616577, 0.459023654460907]","['description', 'description', 'description']"
山东省中级注册安全工程师报名时间,['51712'],[],description,1,0,[],,['60293'],[0.5458263158798218],['description']
山东省中级注册安全工程师报名时间,['51712'],[],description,3,0,[],,"['60293', '39537', '51474']","[0.5458263158798218, 0.4246789216995239, 0.39812466502189636]","['description', 'description', 'description']"
山东省计算机二级报名时间,['51712'],[],description,1,0,[],,['60293'],[0.5567775964736938],['description']
山东省计算机二级报名时间,['51712'],[],description,3,0,[],,"['60293', '39537', '51323']","[0.5567775964736938, 0.4520060122013092, 0.41874876618385315]","['description', 'description', 'description']"
幼儿教师资格证,['51712'],[],description,1,0,[],,['60293'],[0.5556626319885254],['description']
幼儿教师资格证,['51712'],[],description,3,0,[],,"['60293', '5273', '51381']","[0.5556626319885254, 0.4599757194519043, 0.4145144820213318]","['description', 'description', 'description']"
广东教资考试报名官网入口,['51712'],[],description,1,0,[],,['60293'],[0.6654232740402222],['description']
广东教资考试报名官网入口,['51712'],[],description,3,0,[],,"['60293', '5273', '39537']","[0.6654232740402222, 0.5359277725219727, 0.5262814164161682]","['description', 'description', 'description']"
广东省省考官网,['51712'],[],description,1,0,[],,['60293'],[0.5938258171081543],['description']
广东省省考官网,['51712'],[],description,3,0,[],,"['60293', '39537', '5917']","[0.5938258171081543, 0.5200087428092957, 0.462130606174469]","['description', 'description', 'description']"
广西教资考试官网报名入口,['51712'],[],description,1,0,[],,['60293'],[0.6440520882606506],['description']
广西教资考试官网报名入口,['51712'],[],description,3,0,[],,"['60293', '5273', '5917']","[0.6440520882606506, 0.5133354067802429, 0.5093002915382385]","['description', 'description', 'description']"
执业兽医考试官网,['51712'],[],description,1,0,[],,['60293'],[0.6271517276763916],['description']
执业兽医考试官网,['51712'],[],description,3,0,[],,"['60293', '51474', '5917']","[0.6271517276763916, 0.41536664962768555, 0.4002301096916199]","['description', 'description', 'description']"
执业医师的考试时间,['51712'],[],description,1,0,[],,['60293'],[0.6450562477111816],['description']
执业医师的考试时间,['51712'],[],description,3,0,[],,"['60293', '5601', '51323']","[0.6450562477111816, 0.4670080840587616, 0.45197394490242004]","['description', 'description', 'description']"
教师资格证什么时候报名,['51712'],[],description,1,0,[],,['60293'],[0.6336979866027832],['description']
教师资格证什么时候报名,['51712'],[],description,3,0,[],,"['60293', '5601', '51323']","[0.6336979866027832, 0.4564727544784546, 0.4403080642223358]","['description', 'description', 'description']"
教师资格证官网查询入口,['51712'],[],description,1,0,[],,['60293'],[0.7221621870994568],['description']
教师资格证官网查询入口,['51712'],[],description,3,0,[],,"['60293', '5917', '39537']","[0.7221621870994568, 0.5343874096870422, 0.530892014503479]","['description', 'description', 'description']"
教师资格证资格证考试报名时间,['51712'],[],description,1,0,[],,['60293'],[0.7171204090118408],['description']
教师资格证资格证考试报名时间,['51712'],[],description,3,0,[],,"['60293', '5601', '5273']","[0.7171204090118408, 0.47515547275543213, 0.46377161145210266]","['description', 'description', 'description']"
教师资格证面试是几月份,['51712'],[],description,1,0,[],,['60293'],[0.6231705546379089],['description']
教师资格证面试是几月份,['51712'],[],description,3,0,[],,"['60293', '5601', '62497']","[0.6231705546379089, 0.4859590530395508, 0.4828765392303467]","['description', 'description', 'description']"
教资报名时间,['51712'],[],description,1,0,[],,['60293'],[0.6954495906829834],['description']
教资报名时间,['51712'],[],description,3,0,[],,"['60293', '5601', '51323']","[0.6954495906829834, 0.5237032175064087, 0.5197610855102539]","['description', 'description', 'description']"
教资查询成绩入口,['51712'],[],description,1,0,[],,['60293'],[0.7194238901138306],['description']
教资查询成绩入口,['51712'],[],description,3,0,[],,"['60293', '5917', '5273']","[0.7194238901138306, 0.5575613975524902, 0.5484082102775574]","['description', 'description', 'description']"
教资考试报名官网入口,['51712'],[],description,1,0,[],,['60293'],[0.7032210826873779],['description']
教资考试报名官网入口,['51712'],[],description,3,0,[],,"['60293', '5273', '5917']","[0.7032210826873779, 0.551947832107544, 0.5279065370559692]","['description', 'description', 'description']"
教资考试的时间,['51712'],[],description,1,0,[],,['60293'],[0.7475264668464661],['description']
教资考试的时间,['51712'],[],description,3,0,[],,"['60293', '5601', '51323']","[0.7475264668464661, 0.5529619455337524, 0.5293700098991394]","['description', 'description', 'description']"
教资面试考试官网报名入口,['51712'],[],description,1,0,[],,['60293'],[0.7000640630722046],['description']
教资面试考试官网报名入口,['51712'],[],description,3,0,[],,"['60293', '5273', '5917']","[0.7000640630722046, 0.5176698565483093, 0.5122386813163757]","['description', 'description', 'description']"
新疆计算机二级报名时间,['51712'],[],description,1,0,[],,['60293'],[0.5227704048156738],['description']
新疆计算机二级报名时间,['51712'],[],description,3,0,[],,"['60293', '39537', '51323']","[0.5227704048156738, 0.4275941252708435, 0.41620925068855286]","['description', 'description', 'description']"
江苏省公务员网官网入口,['51712'],[],description,1,0,[],,['60293'],[0.5368460416793823],['description']
江苏省公务员网官网入口,['51712'],[],description,3,0,[],,"['60293', '39537', '51457']","[0.5368460416793823, 0.46036064624786377, 0.4386722147464752]","['description', 'description', 'description']"
江苏省初级注册安全工程师报名时间,['51712'],[],description,1,0,[],,['60293'],[0.5589331388473511],['description']
江苏省初级注册安全工程师报名时间,['51712'],[],description,3,0,[],,"['60293', '51474', '39537']","[0.5589331388473511, 0.42740821838378906, 0.4272240400314331]","['description', 'description', 'description']"
江苏省电工证考试时间,['51712'],[],description,1,0,[],,['60293'],[0.5990264415740967],['description']
江苏省电工证考试时间,['51712'],[],description,3,0,[],,"['60293', '5601', '61111']","[0.5990264415740967, 0.4049375653266907, 0.3945464491844177]","['description', 'description', 'description']"
江西成人高考报名是什么时间,['51712'],[],description,1,0,[],,['60293'],[0.5589783787727356],['description']
江西成人高考报名是什么时间,['51712'],[],description,3,0,[],,"['60293', '39537', '61111']","[0.5589783787727356, 0.445698618888855, 0.42761504650115967]","['description', 'description', 'description']"
江西省公务员考试笔试成绩,['51712'],[],description,1,0,[],,['60293'],[0.5532703399658203],['description']
江西省公务员考试笔试成绩,['51712'],[],description,3,0,[],,"['60293', '5917', '39537']","[0.5532703399658203, 0.44586700201034546, 0.4418433904647827]","['description', 'description', 'description']"
河北初级会计,['51712'],[],description,1,0,[],,['60293'],[0.4167632460594177],['description']
河北初级会计,['51712'],[],description,3,0,[],,"['60293', '39537', '51323']","[0.4167632460594177, 0.3961535096168518, 0.35767340660095215]","['description', 'description', 'description']"
河北省国考时间,['51712'],[],description,1,0,[],,['60293'],[0.5634844899177551],['description']
河北省国考时间,['51712'],[],description,3,0,[],,"['60293', '5601', '61111']","[0.5634844899177551, 0.46397900581359863, 0.44880664348602295]","['description', 'description', 'description']"
河北英语四级考试时间,['51712'],[],description,1,0,[],,['60293'],[0.5359992384910583],['description']
河北英语四级考试时间,['51712'],[],description,3,0,[],,"['60293', '5917', '85']","[0.5359992384910583, 0.4616668224334717, 0.44424426555633545]","['description', 'description', 'description']"
河南省一建,['51712'],[],description,1,0,[],,['60293'],[0.4742461144924164],['description']
河南省一建,['51712'],[],description,3,0,[],,"['60293', '39537', '5273']","[0.4742461144924164, 0.4590637683868408, 0.44550997018814087]","['description', 'description', 'description']"
河南省教师资格证报名时间,['51712'],[],description,1,0,[],,['60293'],[0.5875201225280762],['description']
河南省教师资格证报名时间,['51712'],[],description,3,0,[],,"['60293', '39537', '5273']","[0.5875201225280762, 0.4470187723636627, 0.4452524781227112]","['description', 'description', 'description']"
河南省省考成绩查询,['51712'],[],description,1,0,[],,['60293'],[0.5890676975250244],['description']
河南省省考成绩查询,['51712'],[],description,3,0,[],,"['60293', '39537', '47198']","[0.5890676975250244, 0.5275493860244751, 0.47372838854789734]","['description', 'description', 'description']"
注册安全工程师的报名时间,['51712'],[],description,1,0,[],,['60293'],[0.6481263041496277],['description']
注册安全工程师的报名时间,['51712'],[],description,3,0,[],,"['60293', '51474', '61111']","[0.6481263041496277, 0.4677530825138092, 0.4377668499946594]","['description', 'description', 'description']"
济南社工,['51712'],[],description,1,0,[],,['51457'],[0.4569239318370819],['description']
济南社工,['51712'],[],description,3,0,[],,"['51457', '60293', '39537']","[0.4569239318370819, 0.4402170777320862, 0.4400760531425476]","['description', 'description', 'description']"
湖北成考报名时间,['51712'],[],description,1,0,[],,['60293'],[0.5515873432159424],['description']
湖北成考报名时间,['51712'],[],description,3,0,[],,"['60293', '39537', '5601']","[0.5515873432159424, 0.47050487995147705, 0.4208797812461853]","['description', 'description', 'description']"
湖南初级会计证考试时间,['51712'],[],description,1,0,[],,['60293'],[0.5840644836425781],['description']
湖南初级会计证考试时间,['51712'],[],description,3,0,[],,"['60293', '5601', '51323']","[0.5840644836425781, 0.45061415433883667, 0.42971816658973694]","['description', 'description', 'description']"
湖南教资官网,['51712'],[],description,1,0,[],,['60293'],[0.6121217012405396],['description']
湖南教资官网,['51712'],[],description,3,0,[],,"['60293', '39537', '5273']","[0.6121217012405396, 0.5136837363243103, 0.5114215016365051]","['description', 'description', 'description']"
甘肃教资报名考试时间2026,['51712'],[],description,1,0,[],,['60293'],[0.5749868154525757],['description']
甘肃教资报名考试时间2026,['51712'],[],description,3,0,[],,"['60293', '5601', '61111']","[0.5749868154525757, 0.4437490999698639, 0.43136489391326904]","['description', 'description', 'description']"
甘肃省公务员考试官网入口,['51712'],[],description,1,0,[],,['60293'],[0.5057868361473083],['description']
甘肃省公务员考试官网入口,['51712'],[],description,3,0,[],,"['60293', '39537', '51457']","[0.5057868361473083, 0.42922699451446533, 0.3943898677825928]","['description', 'description', 'description']"
甘肃省计算机二级报名时间,['51712'],[],description,1,0,[],,['60293'],[0.5413488149642944],['description']
甘肃省计算机二级报名时间,['51712'],[],description,3,0,[],,"['60293', '39537', '5601']","[0.5413488149642944, 0.4345996677875519, 0.4060978889465332]","['description', 'description', 'description']"
电工证查询入口,['51712'],[],description,1,0,[],,['60293'],[0.6365375518798828],['description']
电工证查询入口,['51712'],[],description,3,0,[],,"['60293', '51457', '47198']","[0.6365375518798828, 0.5093488693237305, 0.4839659631252289]","['description', 'description', 'description']"
监理工程师成绩啥时候出来,['51712'],[],description,1,0,[],,['60293'],[0.6165778040885925],['description']
监理工程师成绩啥时候出来,['51712'],[],description,3,0,[],,"['60293', '5917', '51323']","[0.6165778040885925, 0.4690137505531311, 0.44830769300460815]","['description', 'description', 'description']"
省考成绩什么时候公布,['51712'],[],description,1,0,[],,['60293'],[0.6043968200683594],['description']
省考成绩什么时候公布,['51712'],[],description,3,0,[],,"['60293', '5601', '61111']","[0.6043968200683594, 0.46634870767593384, 0.4504902958869934]","['description', 'description', 'description']"
省考报名时间,['51712'],[],description,1,0,[],,['60293'],[0.6730177402496338],['description']
省考报名时间,['51712'],[],description,3,0,[],,"['60293', '5601', '61111']","[0.6730177402496338, 0.5399535298347473, 0.5347768664360046]","['description', 'description', 'description']"
社会工作者2026年报名时间云南,['51712'],[],description,1,0,[],,['60293'],[0.4971163272857666],['description']
社会工作者2026年报名时间云南,['51712'],[],description,3,0,[],,"['60293', '5601', '51323']","[0.4971163272857666, 0.3815873861312866, 0.378216952085495]","['description', 'description', 'description']"
社工报名入口,['51712'],[],description,1,0,[],,['60293'],[0.5971114635467529],['description']
社工报名入口,['51712'],[],description,3,0,[],,"['60293', '51457', '51474']","[0.5971114635467529, 0.5269251465797424, 0.48754578828811646]","['description', 'description', 'description']"
社工考试成绩查询时间,['51712'],[],description,1,0,[],,['60293'],[0.6706349849700928],['description']
社工考试成绩查询时间,['51712'],[],description,3,0,[],,"['60293', '51457', '5917']","[0.6706349849700928, 0.46396592259407043, 0.45437437295913696]","['description', 'description', 'description']"
社工证报名时间及考试时间,['51712'],[],description,1,0,[],,['60293'],[0.6840435266494751],['description']
社工证报名时间及考试时间,['51712'],[],description,3,0,[],,"['60293', '5601', '61111']","[0.6840435266494751, 0.4511423110961914, 0.4485308527946472]","['description', 'description', 'description']"
税务师考试报名及时间,['51712'],[],description,1,0,[],,['60293'],[0.6568816304206848],['description']
税务师考试报名及时间,['51712'],[],description,3,0,[],,"['60293', '51323', '51474']","[0.6568816304206848, 0.48475775122642517, 0.4729769825935364]","['description', 'description', 'description']"
英语六级考试成绩查询时间,['51712'],[],description,1,0,[],,['60293'],[0.6304073333740234],['description']
英语六级考试成绩查询时间,['51712'],[],description,3,0,[],,"['60293', '85', '5917']","[0.6304073333740234, 0.5169234275817871, 0.5088812112808228]","['description', 'description', 'description']"
英语四级下半年的报名时间,['51712'],[],description,1,0,[],,['60293'],[0.6283666491508484],['description']
英语四级下半年的报名时间,['51712'],[],description,3,0,[],,"['60293', '51323', '5917']","[0.6283666491508484, 0.5188810229301453, 0.5164883732795715]","['description', 'description', 'description']"
英语四级报名官网入口,['51712'],[],description,1,0,[],,['60293'],[0.6169732213020325],['description']
英语四级报名官网入口,['51712'],[],description,3,0,[],,"['60293', '5917', '85']","[0.6169732213020325, 0.5622232556343079, 0.5164424777030945]","['description', 'description', 'description']"
英语四级查询成绩入口,['51712'],[],description,1,0,[],,['60293'],[0.6447206139564514],['description']
英语四级查询成绩入口,['51712'],[],description,3,0,[],,"['60293', '5917', '85']","[0.6447206139564514, 0.6000736355781555, 0.5941528081893921]","['description', 'description', 'description']"
西陵区社工,['51712'],[],description,1,0,[],,['51457'],[0.4045414328575134],['description']
西陵区社工,['51712'],[],description,3,0,[],,"['51457', '51474', '5778']","[0.4045414328575134, 0.387531578540802, 0.38044461607933044]","['description', 'description', 'description']"
计算机二级官网报名入口,['51712'],[],description,1,0,[],,['60293'],[0.5940958857536316],['description']
计算机二级官网报名入口,['51712'],[],description,3,0,[],,"['60293', '5917', '5273']","[0.5940958857536316, 0.46478497982025146, 0.4544838070869446]","['description', 'description', 'description']"
计算机二级报名时间2026考试时间,['51712'],[],description,1,0,[],,['60293'],[0.6161095499992371],['description']
计算机二级报名时间2026考试时间,['51712'],[],description,3,0,[],,"['60293', '51323', '5601']","[0.6161095499992371, 0.4733608663082123, 0.4668325185775757]","['description', 'description', 'description']"
计算机二级福建考试时间,['51712'],[],description,1,0,[],,['60293'],[0.5889310240745544],['description']
计算机二级福建考试时间,['51712'],[],description,3,0,[],,"['60293', '5601', '51323']","[0.5889310240745544, 0.4212838113307953, 0.41045552492141724]","['description', 'description', 'description']"
计算机二级考试成绩查询,['51712'],[],description,1,0,[],,['60293'],[0.6049138307571411],['description']
计算机二级考试成绩查询,['51712'],[],description,3,0,[],,"['60293', '51388', '5917']","[0.6049138307571411, 0.4679088592529297, 0.4663131833076477]","['description', 'description', 'description']"
贵州省二级建造师成绩查询时间,['51712'],[],description,1,0,[],,['60293'],[0.5702425837516785],['description']
贵州省二级建造师成绩查询时间,['51712'],[],description,3,0,[],,"['60293', '39537', '5917']","[0.5702425837516785, 0.44144630432128906, 0.43143749237060547]","['description', 'description', 'description']"
贵州省公务员考试网官网入口,['51712'],[],description,1,0,[],,['60293'],[0.5066309571266174],['description']
贵州省公务员考试网官网入口,['51712'],[],description,3,0,[],,"['60293', '39537', '51457']","[0.5066309571266174, 0.3928515315055847, 0.38176077604293823]","['description', 'description', 'description']"
软考官网,['51712'],[],description,1,0,[],,['60293'],[0.6888392567634583],['description']
软考官网,['51712'],[],description,3,0,[],,"['60293', '267', '5917']","[0.6888392567634583, 0.5120384693145752, 0.48593586683273315]","['description', 'description', 'description']"
辽宁省教师资格证报名时间,['51712'],[],description,1,0,[],,['60293'],[0.5858560800552368],['description']
辽宁省教师资格证报名时间,['51712'],[],description,3,0,[],,"['60293', '5273', '39537']","[0.5858560800552368, 0.44963181018829346, 0.4430530071258545]","['description', 'description', 'description']"
重庆26年教资报名时间,['51712'],[],description,1,0,[],,['60293'],[0.6198749542236328],['description']
重庆26年教资报名时间,['51712'],[],description,3,0,[],,"['60293', '51323', '5273']","[0.6198749542236328, 0.5027945041656494, 0.48943811655044556]","['description', 'description', 'description']"
重庆市公务员,['51712'],[],description,1,0,[],,['60293'],[0.48378610610961914],['description']
重庆市公务员,['51712'],[],description,3,0,[],,"['60293', '39537', '51323']","[0.48378610610961914, 0.4431045353412628, 0.42790377140045166]","['description', 'description', 'description']"
银行从业资格证官网入口,['51712'],[],description,1,0,[],,['60293'],[0.6664053201675415],['description']
银行从业资格证官网入口,['51712'],[],description,3,0,[],,"['60293', '5273', '267']","[0.6664053201675415, 0.4984124004840851, 0.4913622736930847]","['description', 'description', 'description']"
陕西一造报名时间2026,['51712'],[],description,1,0,[],,['60293'],[0.4817914068698883],['description']
陕西一造报名时间2026,['51712'],[],description,3,0,[],,"['60293', '61111', '5601']","[0.4817914068698883, 0.3975371718406677, 0.3937584161758423]","['description', 'description', 'description']"
陕西省专升本,['51712'],[],description,1,0,[],,['39537'],[0.5181370973587036],['description']
陕西省专升本,['51712'],[],description,3,0,[],,"['39537', '60293', '4551']","[0.5181370973587036, 0.4952387809753418, 0.46807152032852173]","['description', 'description', 'description']"
雷州市公务员考试,['51712'],[],description,1,0,[],,['60293'],[0.42313152551651],['description']
雷州市公务员考试,['51712'],[],description,3,0,[],,"['60293', '52523', '39537']","[0.42313152551651, 0.37288427352905273, 0.35371822118759155]","['description', 'description', 'description']"
青海省教师资格证考试报名入口,['51712'],[],description,1,0,[],,['60293'],[0.6411381363868713],['description']
青海省教师资格证考试报名入口,['51712'],[],description,3,0,[],,"['60293', '5273', '39537']","[0.6411381363868713, 0.5033918023109436, 0.48835787177085876]","['description', 'description', 'description']"
高级会计师成绩查询2026年,['51712'],[],description,1,0,[],,['60293'],[0.5760127305984497],['description']
高级会计师成绩查询2026年,['51712'],[],description,3,0,[],,"['60293', '39537', '51323']","[0.5760127305984497, 0.461519718170166, 0.451863557100296]","['description', 'description', 'description']"
黑龙江教资报名时间,['51712'],[],description,1,0,[],,['60293'],[0.5813657641410828],['description']
黑龙江教资报名时间,['51712'],[],description,3,0,[],,"['60293', '5273', '39537']","[0.5813657641410828, 0.46306607127189636, 0.44846975803375244]","['description', 'description', 'description']"
黑龙江省公务员官网,['51712'],[],description,1,0,[],,['60293'],[0.4932834208011627],['description']
黑龙江省公务员官网,['51712'],[],description,3,0,[],,"['60293', '39537', '51457']","[0.4932834208011627, 0.43919336795806885, 0.42272457480430603]","['description', 'description', 'description']"
2025年下半年教资面试时间,['51712'],[],merged,1,0,[],,['60293'],[0.6512975692749023],['description']
2025年下半年教资面试时间,['51712'],[],merged,3,0,[],,"['60293', '61111', '5601']","[0.6512975692749023, 0.5248314738273621, 0.5247984528541565]","['description', 'title_description', 'description']"
2025年二建成绩查询时间,['51712'],[],merged,1,0,[],,['60293'],[0.5759152173995972],['description']
2025年二建成绩查询时间,['51712'],[],merged,3,0,[],,"['60293', '61111', '5601']","[0.5759152173995972, 0.4872681796550751, 0.46310946345329285]","['description', 'title_description', 'description']"
2025广西成人高考考试时间,['51712'],[],merged,1,0,[],,['60293'],[0.6007668972015381],['description']
2025广西成人高考考试时间,['51712'],[],merged,3,0,[],,"['60293', '51323', '5601']","[0.6007668972015381, 0.5039831399917603, 0.5006963610649109]","['description', 'description', 'description']"
2026年一级建造师报名时间,['51712'],[],merged,1,0,[],,['60293'],[0.5520631074905396],['description']
2026年一级建造师报名时间,['51712'],[],merged,3,0,[],,"['60293', '61111', '5601']","[0.5520631074905396, 0.4737527370452881, 0.45852357149124146]","['description', 'title_description', 'title_description']"
2026年下半年教资考试报名时间,['51712'],[],merged,1,0,[],,['60293'],[0.6590158939361572],['title_description']
2026年下半年教资考试报名时间,['51712'],[],merged,3,0,[],,"['60293', '61111', '5601']","[0.6590158939361572, 0.518132209777832, 0.505337655544281]","['title_description', 'title_description', 'title_description']"
2026年专升本考试时间,['51712'],[],merged,1,0,[],,['60293'],[0.573390543460846],['description']
2026年专升本考试时间,['51712'],[],merged,3,0,[],,"['60293', '61111', '51323']","[0.573390543460846, 0.44991156458854675, 0.4491344094276428]","['description', 'title_description', 'description']"
2026年中级会计考试时间,['51712'],[],merged,1,0,[],,['60293'],[0.5830738544464111],['description']
2026年中级会计考试时间,['51712'],[],merged,3,0,[],,"['60293', '61111', '5601']","[0.5830738544464111, 0.5011057257652283, 0.4861336946487427]","['description', 'title_description', 'description']"
2026年中级经济师报名时间,['51712'],[],merged,1,0,[],,['60293'],[0.578717827796936],['description']
2026年中级经济师报名时间,['51712'],[],merged,3,0,[],,"['60293', '61111', '5601']","[0.578717827796936, 0.4819512367248535, 0.45715397596359253]","['description', 'title_description', 'title_description']"
2026年二级建造师考试时间,['51712'],[],merged,1,0,[],,['60293'],[0.5703073143959045],['title_description']
2026年二级建造师考试时间,['51712'],[],merged,3,0,[],,"['60293', '61111', '5601']","[0.5703073143959045, 0.4497312307357788, 0.4395151734352112]","['title_description', 'title_description', 'description']"
2026年二级造价师考试报名时间,['51712'],[],merged,1,0,[],,['60293'],[0.5740545392036438],['title_description']
2026年二级造价师考试报名时间,['51712'],[],merged,3,0,[],,"['60293', '61111', '5601']","[0.5740545392036438, 0.4496314525604248, 0.4331982433795929]","['title_description', 'title_description', 'title_description']"
2026年初级会计考试报名时间,['51712'],[],merged,1,0,[],,['60293'],[0.5860865116119385],['title_description']
2026年初级会计考试报名时间,['51712'],[],merged,3,0,[],,"['60293', '61111', '5601']","[0.5860865116119385, 0.5254381895065308, 0.5066044330596924]","['title_description', 'title_description', 'title_description']"
2026年四六级什么时候出成绩,['51712'],[],merged,1,0,[],,['60293'],[0.5664688348770142],['description']
2026年四六级什么时候出成绩,['51712'],[],merged,3,0,[],,"['60293', '61111', '51323']","[0.5664688348770142, 0.5045369267463684, 0.48886197805404663]","['description', 'title_description', 'description']"
2026年四六级考试时间,['51712'],[],merged,1,0,[],,['60293'],[0.6285778880119324],['description']
2026年四六级考试时间,['51712'],[],merged,3,0,[],,"['60293', '51323', '61111']","[0.6285778880119324, 0.5373599529266357, 0.5319676995277405]","['description', 'description', 'title_description']"
2026年导游证考试报名时间,['51712'],[],merged,1,0,[],,['60293'],[0.6123812198638916],['title_description']
2026年导游证考试报名时间,['51712'],[],merged,3,0,[],,"['60293', '5671', '61111']","[0.6123812198638916, 0.5383341312408447, 0.496719092130661]","['title_description', 'title_description', 'title_description']"
2026年成人高考报名时间,['51712'],[],merged,1,0,[],,['60293'],[0.5908952951431274],['description']
2026年成人高考报名时间,['51712'],[],merged,3,0,[],,"['60293', '39537', '61111']","[0.5908952951431274, 0.48567068576812744, 0.4812335968017578]","['description', 'description', 'title_description']"
2026年执业兽医考试时间,['51712'],[],merged,1,0,[],,['60293'],[0.6047061085700989],['description']
2026年执业兽医考试时间,['51712'],[],merged,3,0,[],,"['60293', '5601', '61111']","[0.6047061085700989, 0.473768949508667, 0.468864381313324]","['description', 'description', 'title_description']"
2026年新疆乌鲁木齐中级会计考试,['51712'],[],merged,1,0,[],,['60293'],[0.5028600096702576],['title_description']
2026年新疆乌鲁木齐中级会计考试,['51712'],[],merged,3,0,[],,"['60293', '61111', '5601']","[0.5028600096702576, 0.420632541179657, 0.41049718856811523]","['title_description', 'title_description', 'title_description']"
2026年注册会计师考试时间,['51712'],[],merged,1,0,[],,['60293'],[0.597059965133667],['title_description']
2026年注册会计师考试时间,['51712'],[],merged,3,0,[],,"['60293', '61111', '5601']","[0.597059965133667, 0.4916343688964844, 0.47129279375076294]","['title_description', 'title_description', 'title_description']"
2026年的执业药师报名时间,['51712'],[],merged,1,0,[],,['60293'],[0.5889489054679871],['description']
2026年的执业药师报名时间,['51712'],[],merged,3,0,[],,"['60293', '61111', '5601']","[0.5889489054679871, 0.48799803853034973, 0.473857045173645]","['description', 'title_description', 'title_description']"
2026年监理工程师考试成绩公布时间,['51712'],[],merged,1,0,[],,['60293'],[0.6099836826324463],['title_description']
2026年监理工程师考试成绩公布时间,['51712'],[],merged,3,0,[],,"['60293', '61111', '5601']","[0.6099836826324463, 0.462384968996048, 0.44977450370788574]","['title_description', 'title_description', 'title_description']"
2026年社工考试成绩公布时间,['51712'],[],merged,1,0,[],,['60293'],[0.6246702671051025],['description']
2026年社工考试成绩公布时间,['51712'],[],merged,3,0,[],,"['60293', '61111', '5601']","[0.6246702671051025, 0.48522868752479553, 0.46635299921035767]","['description', 'title_description', 'title_description']"
2026年税务师报名时间,['51712'],[],merged,1,0,[],,['60293'],[0.5605460405349731],['description']
2026年税务师报名时间,['51712'],[],merged,3,0,[],,"['60293', '61111', '5601']","[0.5605460405349731, 0.47816798090934753, 0.45845741033554077]","['description', 'title_description', 'title_description']"
2026年软考报名时间,['51712'],[],merged,1,0,[],,['60293'],[0.620826005935669],['description']
2026年软考报名时间,['51712'],[],merged,3,0,[],,"['60293', '61111', '5601']","[0.620826005935669, 0.48934119939804077, 0.4827176332473755]","['description', 'title_description', 'title_description']"
2026深圳中级会计报考时间,['51712'],[],merged,1,0,[],,['60293'],[0.5290386080741882],['description']
2026深圳中级会计报考时间,['51712'],[],merged,3,0,[],,"['60293', '61111', '51323']","[0.5290386080741882, 0.4839748442173004, 0.4704968333244324]","['description', 'title_description', 'description']"
2026社工证报名时间,['51712'],[],merged,1,0,[],,['60293'],[0.5655375719070435],['description']
2026社工证报名时间,['51712'],[],merged,3,0,[],,"['60293', '61111', '5601']","[0.5655375719070435, 0.4746040105819702, 0.464749813079834]","['description', 'title_description', 'title_description']"
2026银行从业资格证考试报名时间,['51712'],[],merged,1,0,[],,['60293'],[0.6617444157600403],['title_description']
2026银行从业资格证考试报名时间,['51712'],[],merged,3,0,[],,"['60293', '61111', '5601']","[0.6617444157600403, 0.5362381935119629, 0.48586922883987427]","['title_description', 'title_description', 'title_description']"
26年二建成绩什么时候公布,['51712'],[],merged,1,0,[],,['60293'],[0.573520302772522],['description']
26年二建成绩什么时候公布,['51712'],[],merged,3,0,[],,"['60293', '61111', '5601']","[0.573520302772522, 0.5023193955421448, 0.46581602096557617]","['description', 'title_description', 'title_description']"
acca考试报名时间,['51712'],[],merged,1,0,[],,['60293'],[0.6514548063278198],['description']
acca考试报名时间,['51712'],[],merged,3,0,[],,"['60293', '61111', '5601']","[0.6514548063278198, 0.5356673002243042, 0.49043726921081543]","['description', 'title_description', 'title_description']"
cet-6,['51712'],[],merged,1,0,[],,['85'],[0.627456784248352],['description']
cet-6,['51712'],[],merged,3,0,[],,"['85', '51388', '51323']","[0.627456784248352, 0.6179801821708679, 0.5762636661529541]","['description', 'description', 'description']"
cet4官网入口,['51712'],[],merged,1,0,[],,['60293'],[0.6481258869171143],['description']
cet4官网入口,['51712'],[],merged,3,0,[],,"['60293', '5917', '85']","[0.6481258869171143, 0.5669358968734741, 0.5524677038192749]","['description', 'description', 'description']"
一建准考证打印,['51712'],[],merged,1,0,[],,['60293'],[0.6429040431976318],['title_description']
一建准考证打印,['51712'],[],merged,3,0,[],,"['60293', '61111', '5671']","[0.6429040431976318, 0.5150691270828247, 0.4996284246444702]","['title_description', 'title_description', 'title_description']"
一级建造师报名官网入口,['51712'],[],merged,1,0,[],,['60293'],[0.5822950601577759],['description']
一级建造师报名官网入口,['51712'],[],merged,3,0,[],,"['60293', '5917', '5671']","[0.5822950601577759, 0.4637841582298279, 0.458504855632782]","['description', 'description', 'title_description']"
一造考试报名时间,['51712'],[],merged,1,0,[],,['60293'],[0.6364293098449707],['description']
一造考试报名时间,['51712'],[],merged,3,0,[],,"['60293', '61111', '5601']","[0.6364293098449707, 0.5102804899215698, 0.46974894404411316]","['description', 'title_description', 'title_description']"
上海2026年会计初级考试报名时间,['51712'],[],merged,1,0,[],,['60293'],[0.5708655118942261],['title_description']
上海2026年会计初级考试报名时间,['51712'],[],merged,3,0,[],,"['60293', '61111', '5601']","[0.5708655118942261, 0.5113281607627869, 0.5102630257606506]","['title_description', 'title_description', 'title_description']"
专升本啥时候报名考试,['51712'],[],merged,1,0,[],,['60293'],[0.5796462297439575],['description']
专升本啥时候报名考试,['51712'],[],merged,3,0,[],,"['60293', '61111', '39537']","[0.5796462297439575, 0.4726655185222626, 0.46142953634262085]","['description', 'title_description', 'description']"
专升本官方网站入口,['51712'],[],merged,1,0,[],,['60293'],[0.6048154830932617],['description']
专升本官方网站入口,['51712'],[],merged,3,0,[],,"['60293', '39537', '4551']","[0.6048154830932617, 0.5706446766853333, 0.5060908794403076]","['description', 'description', 'description']"
中小学教师资格证考试报名官网入口,['51712'],[],merged,1,0,[],,['60293'],[0.6666374206542969],['title_description']
中小学教师资格证考试报名官网入口,['51712'],[],merged,3,0,[],,"['60293', '5273', '39537']","[0.6666374206542969, 0.505403995513916, 0.49488842487335205]","['title_description', 'description', 'description']"
中小学教资报名,['51712'],[],merged,1,0,[],,['60293'],[0.6318317651748657],['title_description']
中小学教资报名,['51712'],[],merged,3,0,[],,"['60293', '5273', '5917']","[0.6318317651748657, 0.542919397354126, 0.47372370958328247]","['title_description', 'description', 'description']"
中级会计职称准考证打印时间,['51712'],[],merged,1,0,[],,['60293'],[0.5928546190261841],['title_description']
中级会计职称准考证打印时间,['51712'],[],merged,3,0,[],,"['60293', '61111', '5601']","[0.5928546190261841, 0.4711473882198334, 0.44334328174591064]","['title_description', 'title_description', 'title_description']"
中级经济师考试报名,['51712'],[],merged,1,0,[],,['60293'],[0.5550727844238281],['title_description']
中级经济师考试报名,['51712'],[],merged,3,0,[],,"['60293', '5273', '61111']","[0.5550727844238281, 0.4270060956478119, 0.4143558740615845]","['title_description', 'description', 'title_description']"
丽江什么时候可以考导游证,['51712'],[],merged,1,0,[],,['5671'],[0.5653940439224243],['title_description']
丽江什么时候可以考导游证,['51712'],[],merged,3,0,[],,"['5671', '62106', '60293']","[0.5653940439224243, 0.5366109013557434, 0.5357958078384399]","['title_description', 'title_description', 'title_description']"
二建成绩查询入口,['51712'],[],merged,1,0,[],,['60293'],[0.6189780235290527],['title_description']
二建成绩查询入口,['51712'],[],merged,3,0,[],,"['60293', '47242', '5917']","[0.6189780235290527, 0.5201171636581421, 0.503742516040802]","['title_description', 'title_description', 'description']"
今年英语四级成绩查询时间,['51712'],[],merged,1,0,[],,['60293'],[0.6102923154830933],['description']
今年英语四级成绩查询时间,['51712'],[],merged,3,0,[],,"['60293', '61111', '51323']","[0.6102923154830933, 0.5403716564178467, 0.5144301652908325]","['description', 'title_description', 'description']"
公务员考试报名入口,['51712'],[],merged,1,0,[],,['60293'],[0.6169689297676086],['title_description']
公务员考试报名入口,['51712'],[],merged,3,0,[],,"['60293', '61111', '51457']","[0.6169689297676086, 0.4903309941291809, 0.481940895318985]","['title_description', 'title_description', 'description']"
六级出分时间,['51712'],[],merged,1,0,[],,['60293'],[0.6181313395500183],['description']
六级出分时间,['51712'],[],merged,3,0,[],,"['60293', '61111', '51323']","[0.6181313395500183, 0.5453780889511108, 0.5118111371994019]","['description', 'title_description', 'description']"
六级成绩什么时候出来,['51712'],[],merged,1,0,[],,['60293'],[0.5815224647521973],['description']
六级成绩什么时候出来,['51712'],[],merged,3,0,[],,"['60293', '61111', '85']","[0.5815224647521973, 0.5069353580474854, 0.47081464529037476]","['description', 'title_description', 'description']"
六级考试报名时间,['51712'],[],merged,1,0,[],,['60293'],[0.6419863104820251],['description']
六级考试报名时间,['51712'],[],merged,3,0,[],,"['60293', '61111', '5601']","[0.6419863104820251, 0.5224913358688354, 0.4904065728187561]","['description', 'title_description', 'title_description']"
兰州教师资格证考试时间,['51712'],[],merged,1,0,[],,['60293'],[0.6341452598571777],['title_description']
兰州教师资格证考试时间,['51712'],[],merged,3,0,[],,"['60293', '61111', '5917']","[0.6341452598571777, 0.4754233956336975, 0.4747741222381592]","['title_description', 'title_description', 'description']"
初级会计师,['51712'],[],merged,1,0,[],,['60293'],[0.5257612466812134],['title_description']
初级会计师,['51712'],[],merged,3,0,[],,"['60293', '51323', '61111']","[0.5257612466812134, 0.41721612215042114, 0.4159809947013855]","['title_description', 'description', 'title_description']"
初级会计成绩查询,['51712'],[],merged,1,0,[],,['60293'],[0.6199700832366943],['title_description']
初级会计成绩查询,['51712'],[],merged,3,0,[],,"['60293', '61111', '51388']","[0.6199700832366943, 0.5069254636764526, 0.5019012689590454]","['title_description', 'title_description', 'title_description']"
初级会计报名官网入口,['51712'],[],merged,1,0,[],,['60293'],[0.5966261625289917],['description']
初级会计报名官网入口,['51712'],[],merged,3,0,[],,"['60293', '61111', '5601']","[0.5966261625289917, 0.494035005569458, 0.48963236808776855]","['description', 'title_description', 'title_description']"
初级会计考试时间,['51712'],[],merged,1,0,[],,['60293'],[0.6261848211288452],['title_description']
初级会计考试时间,['51712'],[],merged,3,0,[],,"['60293', '61111', '5601']","[0.6261848211288452, 0.5286799669265747, 0.5022852420806885]","['title_description', 'title_description', 'title_description']"
初级经济师2026年报名时间,['51712'],[],merged,1,0,[],,['60293'],[0.5484205484390259],['description']
初级经济师2026年报名时间,['51712'],[],merged,3,0,[],,"['60293', '61111', '5601']","[0.5484205484390259, 0.4593220353126526, 0.4366292953491211]","['description', 'title_description', 'title_description']"
合江县公务员,['51712'],[],merged,1,0,[],,['51457'],[0.42329466342926025],['description']
合江县公务员,['51712'],[],merged,3,0,[],,"['51457', '60265', '60293']","[0.42329466342926025, 0.4175131916999817, 0.40430864691734314]","['description', 'title_description', 'title_description']"
四六级准考证打印官网入口,['51712'],[],merged,1,0,[],,['60293'],[0.652585506439209],['title_description']
四六级准考证打印官网入口,['51712'],[],merged,3,0,[],,"['60293', '5917', '5671']","[0.652585506439209, 0.5595812201499939, 0.5162442922592163]","['title_description', 'description', 'title_description']"
国考什么时候,['51712'],[],merged,1,0,[],,['60293'],[0.6033953428268433],['description']
国考什么时候,['51712'],[],merged,3,0,[],,"['60293', '61111', '5601']","[0.6033953428268433, 0.5647537112236023, 0.5226495265960693]","['description', 'title_description', 'title_description']"
基金从业资格证考试报名,['51712'],[],merged,1,0,[],,['60293'],[0.6607645750045776],['title_description']
基金从业资格证考试报名,['51712'],[],merged,3,0,[],,"['60293', '5802', '51255']","[0.6607645750045776, 0.4996318221092224, 0.4734284281730652]","['title_description', 'description', 'title_description']"
大兴社区工作者考试成绩公布,['51712'],[],merged,1,0,[],,['60293'],[0.5485213994979858],['title_description']
大兴社区工作者考试成绩公布,['51712'],[],merged,3,0,[],,"['60293', '47242', '61111']","[0.5485213994979858, 0.47491592168807983, 0.46565335988998413]","['title_description', 'title_description', 'title_description']"
宁夏一建报名时间,['51712'],[],merged,1,0,[],,['60293'],[0.5243366956710815],['title_description']
宁夏一建报名时间,['51712'],[],merged,3,0,[],,"['60293', '61111', '5601']","[0.5243366956710815, 0.4749259650707245, 0.4391869306564331]","['title_description', 'title_description', 'title_description']"
安徽省教师资格证报名时间,['51712'],[],merged,1,0,[],,['60293'],[0.6041627526283264],['title_description']
安徽省教师资格证报名时间,['51712'],[],merged,3,0,[],,"['60293', '5273', '39537']","[0.6041627526283264, 0.46372365951538086, 0.45619678497314453]","['title_description', 'description', 'description']"
安徽省注册安全工程师报名时间,['51712'],[],merged,1,0,[],,['60293'],[0.5408528447151184],['title_description']
安徽省注册安全工程师报名时间,['51712'],[],merged,3,0,[],,"['60293', '51474', '61111']","[0.5408528447151184, 0.4157605767250061, 0.4082767963409424]","['title_description', 'description', 'title_description']"
安徽省计算机二级考试报名官网入口,['51712'],[],merged,1,0,[],,['60293'],[0.5604356527328491],['title_description']
安徽省计算机二级考试报名官网入口,['51712'],[],merged,3,0,[],,"['60293', '39537', '5917']","[0.5604356527328491, 0.470511257648468, 0.43395012617111206]","['title_description', 'description', 'description']"
导游证官网报名入口,['51712'],[],merged,1,0,[],,['60293'],[0.656538188457489],['title_description']
导游证官网报名入口,['51712'],[],merged,3,0,[],,"['60293', '5671', '62106']","[0.656538188457489, 0.6289032697677612, 0.5496941804885864]","['title_description', 'title_description', 'title_description']"
小学教资考试时间,['51712'],[],merged,1,0,[],,['60293'],[0.6839719414710999],['title_description']
小学教资考试时间,['51712'],[],merged,3,0,[],,"['60293', '5601', '61111']","[0.6839719414710999, 0.47389641404151917, 0.4682554602622986]","['title_description', 'title_description', 'title_description']"
山东省中级注册安全工程师报名时间,['51712'],[],merged,1,0,[],,['60293'],[0.5544275045394897],['title_description']
山东省中级注册安全工程师报名时间,['51712'],[],merged,3,0,[],,"['60293', '39537', '61111']","[0.5544275045394897, 0.4246789216995239, 0.4046047627925873]","['title_description', 'description', 'title_description']"
山东省计算机二级报名时间,['51712'],[],merged,1,0,[],,['60293'],[0.5567775964736938],['description']
山东省计算机二级报名时间,['51712'],[],merged,3,0,[],,"['60293', '39537', '61111']","[0.5567775964736938, 0.4520060122013092, 0.4434720277786255]","['description', 'description', 'title_description']"
幼儿教师资格证,['51712'],[],merged,1,0,[],,['60293'],[0.5816695690155029],['title_description']
幼儿教师资格证,['51712'],[],merged,3,0,[],,"['60293', '5273', '51381']","[0.5816695690155029, 0.4599757194519043, 0.4168309271335602]","['title_description', 'description', 'title_description']"
广东教资考试报名官网入口,['51712'],[],merged,1,0,[],,['60293'],[0.6722849607467651],['title_description']
广东教资考试报名官网入口,['51712'],[],merged,3,0,[],,"['60293', '5273', '39537']","[0.6722849607467651, 0.5359277725219727, 0.5262814164161682]","['title_description', 'description', 'description']"
广东省省考官网,['51712'],[],merged,1,0,[],,['60293'],[0.5938258171081543],['description']
广东省省考官网,['51712'],[],merged,3,0,[],,"['60293', '39537', '5671']","[0.5938258171081543, 0.5200087428092957, 0.4670044779777527]","['description', 'description', 'title_description']"
广西教资考试官网报名入口,['51712'],[],merged,1,0,[],,['60293'],[0.6523998379707336],['title_description']
广西教资考试官网报名入口,['51712'],[],merged,3,0,[],,"['60293', '5273', '5917']","[0.6523998379707336, 0.5133354067802429, 0.5093002915382385]","['title_description', 'description', 'description']"
执业兽医考试官网,['51712'],[],merged,1,0,[],,['60293'],[0.636052131652832],['title_description']
执业兽医考试官网,['51712'],[],merged,3,0,[],,"['60293', '51474', '5671']","[0.636052131652832, 0.41536664962768555, 0.406014084815979]","['title_description', 'description', 'title_description']"
执业医师的考试时间,['51712'],[],merged,1,0,[],,['60293'],[0.6479411125183105],['title_description']
执业医师的考试时间,['51712'],[],merged,3,0,[],,"['60293', '61111', '5601']","[0.6479411125183105, 0.49194544553756714, 0.47482484579086304]","['title_description', 'title_description', 'title_description']"
教师资格证什么时候报名,['51712'],[],merged,1,0,[],,['60293'],[0.6368581056594849],['title_description']
教师资格证什么时候报名,['51712'],[],merged,3,0,[],,"['60293', '61111', '5601']","[0.6368581056594849, 0.4890679121017456, 0.4710543155670166]","['title_description', 'title_description', 'title_description']"
教师资格证官网查询入口,['51712'],[],merged,1,0,[],,['60293'],[0.7348051071166992],['title_description']
教师资格证官网查询入口,['51712'],[],merged,3,0,[],,"['60293', '5917', '39537']","[0.7348051071166992, 0.5343874096870422, 0.530892014503479]","['title_description', 'description', 'description']"
教师资格证资格证考试报名时间,['51712'],[],merged,1,0,[],,['60293'],[0.7217931151390076],['title_description']
教师资格证资格证考试报名时间,['51712'],[],merged,3,0,[],,"['60293', '61111', '5601']","[0.7217931151390076, 0.5050628781318665, 0.4830932021141052]","['title_description', 'title_description', 'title_description']"
教师资格证面试是几月份,['51712'],[],merged,1,0,[],,['60293'],[0.6253361701965332],['title_description']
教师资格证面试是几月份,['51712'],[],merged,3,0,[],,"['60293', '61111', '5601']","[0.6253361701965332, 0.5093210935592651, 0.4948025345802307]","['title_description', 'title_description', 'title_description']"
教资报名时间,['51712'],[],merged,1,0,[],,['60293'],[0.6954495906829834],['description']
教资报名时间,['51712'],[],merged,3,0,[],,"['60293', '61111', '5601']","[0.6954495906829834, 0.5571718215942383, 0.5248876214027405]","['description', 'title_description', 'title_description']"
教资查询成绩入口,['51712'],[],merged,1,0,[],,['60293'],[0.7264328002929688],['title_description']
教资查询成绩入口,['51712'],[],merged,3,0,[],,"['60293', '5917', '5273']","[0.7264328002929688, 0.5575613975524902, 0.5484082102775574]","['title_description', 'description', 'description']"
教资考试报名官网入口,['51712'],[],merged,1,0,[],,['60293'],[0.705046534538269],['title_description']
教资考试报名官网入口,['51712'],[],merged,3,0,[],,"['60293', '5273', '5917']","[0.705046534538269, 0.551947832107544, 0.5279065370559692]","['title_description', 'description', 'description']"
教资考试的时间,['51712'],[],merged,1,0,[],,['60293'],[0.7475264668464661],['description']
教资考试的时间,['51712'],[],merged,3,0,[],,"['60293', '61111', '5601']","[0.7475264668464661, 0.5776803493499756, 0.5529619455337524]","['description', 'title_description', 'description']"
教资面试考试官网报名入口,['51712'],[],merged,1,0,[],,['60293'],[0.7002920508384705],['title_description']
教资面试考试官网报名入口,['51712'],[],merged,3,0,[],,"['60293', '5273', '5917']","[0.7002920508384705, 0.5176698565483093, 0.5122386813163757]","['title_description', 'description', 'description']"
新疆计算机二级报名时间,['51712'],[],merged,1,0,[],,['60293'],[0.5227704048156738],['description']
新疆计算机二级报名时间,['51712'],[],merged,3,0,[],,"['60293', '51323', '61111']","[0.5227704048156738, 0.45388689637184143, 0.45010221004486084]","['description', 'title_description', 'title_description']"
江苏省公务员网官网入口,['51712'],[],merged,1,0,[],,['60293'],[0.5368460416793823],['description']
江苏省公务员网官网入口,['51712'],[],merged,3,0,[],,"['60293', '39537', '5601']","[0.5368460416793823, 0.46036064624786377, 0.443062961101532]","['description', 'description', 'title_description']"
江苏省初级注册安全工程师报名时间,['51712'],[],merged,1,0,[],,['60293'],[0.5684034824371338],['title_description']
江苏省初级注册安全工程师报名时间,['51712'],[],merged,3,0,[],,"['60293', '51474', '39537']","[0.5684034824371338, 0.42740821838378906, 0.4272240400314331]","['title_description', 'description', 'description']"
江苏省电工证考试时间,['51712'],[],merged,1,0,[],,['60293'],[0.609349250793457],['title_description']
江苏省电工证考试时间,['51712'],[],merged,3,0,[],,"['60293', '61111', '5601']","[0.609349250793457, 0.44578301906585693, 0.4373517334461212]","['title_description', 'title_description', 'title_description']"
江西成人高考报名是什么时间,['51712'],[],merged,1,0,[],,['60293'],[0.5589783787727356],['description']
江西成人高考报名是什么时间,['51712'],[],merged,3,0,[],,"['60293', '61111', '39537']","[0.5589783787727356, 0.4642843008041382, 0.445698618888855]","['description', 'title_description', 'description']"
江西省公务员考试笔试成绩,['51712'],[],merged,1,0,[],,['60293'],[0.5742825865745544],['title_description']
江西省公务员考试笔试成绩,['51712'],[],merged,3,0,[],,"['60293', '39537', '61111']","[0.5742825865745544, 0.47256866097450256, 0.45778781175613403]","['title_description', 'title_description', 'title_description']"
河北初级会计,['51712'],[],merged,1,0,[],,['60293'],[0.4316958487033844],['title_description']
河北初级会计,['51712'],[],merged,3,0,[],,"['60293', '39537', '5601']","[0.4316958487033844, 0.3961535096168518, 0.3776909112930298]","['title_description', 'description', 'title_description']"
河北省国考时间,['51712'],[],merged,1,0,[],,['60293'],[0.5634844899177551],['description']
河北省国考时间,['51712'],[],merged,3,0,[],,"['60293', '61111', '5601']","[0.5634844899177551, 0.4879639148712158, 0.4791387617588043]","['description', 'title_description', 'title_description']"
河北英语四级考试时间,['51712'],[],merged,1,0,[],,['60293'],[0.5402610301971436],['title_description']
河北英语四级考试时间,['51712'],[],merged,3,0,[],,"['60293', '5917', '85']","[0.5402610301971436, 0.4616668224334717, 0.44424426555633545]","['title_description', 'description', 'description']"
河南省一建,['51712'],[],merged,1,0,[],,['60293'],[0.49423837661743164],['title_description']
河南省一建,['51712'],[],merged,3,0,[],,"['60293', '39537', '5273']","[0.49423837661743164, 0.47190147638320923, 0.44550997018814087]","['title_description', 'title_description', 'description']"
河南省教师资格证报名时间,['51712'],[],merged,1,0,[],,['60293'],[0.5983015298843384],['title_description']
河南省教师资格证报名时间,['51712'],[],merged,3,0,[],,"['60293', '39537', '61111']","[0.5983015298843384, 0.4470187723636627, 0.4459770917892456]","['title_description', 'description', 'title_description']"
河南省省考成绩查询,['51712'],[],merged,1,0,[],,['60293'],[0.6076406240463257],['title_description']
河南省省考成绩查询,['51712'],[],merged,3,0,[],,"['60293', '39537', '61111']","[0.6076406240463257, 0.5445490479469299, 0.48522502183914185]","['title_description', 'title_description', 'title_description']"
注册安全工程师的报名时间,['51712'],[],merged,1,0,[],,['60293'],[0.6481263041496277],['description']
注册安全工程师的报名时间,['51712'],[],merged,3,0,[],,"['60293', '61111', '51474']","[0.6481263041496277, 0.4895259141921997, 0.4677530825138092]","['description', 'title_description', 'description']"
济南社工,['51712'],[],merged,1,0,[],,['51457'],[0.4569239318370819],['description']
济南社工,['51712'],[],merged,3,0,[],,"['51457', '60293', '61111']","[0.4569239318370819, 0.44338446855545044, 0.4407094120979309]","['description', 'title_description', 'title_description']"
湖北成考报名时间,['51712'],[],merged,1,0,[],,['60293'],[0.5515873432159424],['description']
湖北成考报名时间,['51712'],[],merged,3,0,[],,"['60293', '39537', '61111']","[0.5515873432159424, 0.47050487995147705, 0.44002336263656616]","['description', 'description', 'title_description']"
湖南初级会计证考试时间,['51712'],[],merged,1,0,[],,['60293'],[0.5957697629928589],['title_description']
湖南初级会计证考试时间,['51712'],[],merged,3,0,[],,"['60293', '61111', '5601']","[0.5957697629928589, 0.4912521243095398, 0.4755169153213501]","['title_description', 'title_description', 'title_description']"
湖南教资官网,['51712'],[],merged,1,0,[],,['60293'],[0.6255064010620117],['title_description']
湖南教资官网,['51712'],[],merged,3,0,[],,"['60293', '39537', '5273']","[0.6255064010620117, 0.5136837363243103, 0.5114215016365051]","['title_description', 'description', 'description']"
甘肃教资报名考试时间2026,['51712'],[],merged,1,0,[],,['60293'],[0.585986316204071],['title_description']
甘肃教资报名考试时间2026,['51712'],[],merged,3,0,[],,"['60293', '61111', '5601']","[0.585986316204071, 0.46343305706977844, 0.45375800132751465]","['title_description', 'title_description', 'title_description']"
甘肃省公务员考试官网入口,['51712'],[],merged,1,0,[],,['60293'],[0.5057868361473083],['description']
甘肃省公务员考试官网入口,['51712'],[],merged,3,0,[],,"['60293', '39537', '5671']","[0.5057868361473083, 0.42922699451446533, 0.4039948582649231]","['description', 'description', 'title_description']"
甘肃省计算机二级报名时间,['51712'],[],merged,1,0,[],,['60293'],[0.5413488149642944],['description']
甘肃省计算机二级报名时间,['51712'],[],merged,3,0,[],,"['60293', '39537', '61111']","[0.5413488149642944, 0.4345996677875519, 0.43253374099731445]","['description', 'description', 'title_description']"
电工证查询入口,['51712'],[],merged,1,0,[],,['60293'],[0.6555773615837097],['title_description']
电工证查询入口,['51712'],[],merged,3,0,[],,"['60293', '51457', '50731']","[0.6555773615837097, 0.5093488693237305, 0.49926793575286865]","['title_description', 'description', 'title_description']"
监理工程师成绩啥时候出来,['51712'],[],merged,1,0,[],,['60293'],[0.6165778040885925],['description']
监理工程师成绩啥时候出来,['51712'],[],merged,3,0,[],,"['60293', '61111', '5917']","[0.6165778040885925, 0.4967890977859497, 0.4690137505531311]","['description', 'title_description', 'description']"
省考成绩什么时候公布,['51712'],[],merged,1,0,[],,['60293'],[0.6043968200683594],['description']
省考成绩什么时候公布,['51712'],[],merged,3,0,[],,"['60293', '61111', '5601']","[0.6043968200683594, 0.5047687292098999, 0.47378697991371155]","['description', 'title_description', 'title_description']"
省考报名时间,['51712'],[],merged,1,0,[],,['60293'],[0.6730177402496338],['description']
省考报名时间,['51712'],[],merged,3,0,[],,"['60293', '61111', '5601']","[0.6730177402496338, 0.5816068053245544, 0.5506989359855652]","['description', 'title_description', 'title_description']"
社会工作者2026年报名时间云南,['51712'],[],merged,1,0,[],,['60293'],[0.4971163272857666],['description']
社会工作者2026年报名时间云南,['51712'],[],merged,3,0,[],,"['60293', '61111', '5601']","[0.4971163272857666, 0.4234911799430847, 0.4233788251876831]","['description', 'title_description', 'title_description']"
社工报名入口,['51712'],[],merged,1,0,[],,['60293'],[0.5971114635467529],['description']
社工报名入口,['51712'],[],merged,3,0,[],,"['60293', '51457', '61111']","[0.5971114635467529, 0.5269251465797424, 0.4935433268547058]","['description', 'description', 'title_description']"
社工考试成绩查询时间,['51712'],[],merged,1,0,[],,['60293'],[0.6706349849700928],['description']
社工考试成绩查询时间,['51712'],[],merged,3,0,[],,"['60293', '61111', '51457']","[0.6706349849700928, 0.49392443895339966, 0.46396592259407043]","['description', 'title_description', 'description']"
社工证报名时间及考试时间,['51712'],[],merged,1,0,[],,['60293'],[0.6840435266494751],['description']
社工证报名时间及考试时间,['51712'],[],merged,3,0,[],,"['60293', '61111', '5601']","[0.6840435266494751, 0.5110284090042114, 0.48612919449806213]","['description', 'title_description', 'title_description']"
税务师考试报名及时间,['51712'],[],merged,1,0,[],,['60293'],[0.659178614616394],['title_description']
税务师考试报名及时间,['51712'],[],merged,3,0,[],,"['60293', '61111', '51323']","[0.659178614616394, 0.50742506980896, 0.48475775122642517]","['title_description', 'title_description', 'description']"
英语六级考试成绩查询时间,['51712'],[],merged,1,0,[],,['60293'],[0.633876621723175],['title_description']
英语六级考试成绩查询时间,['51712'],[],merged,3,0,[],,"['60293', '85', '5917']","[0.633876621723175, 0.5169234275817871, 0.5088812112808228]","['title_description', 'description', 'description']"
英语四级下半年的报名时间,['51712'],[],merged,1,0,[],,['60293'],[0.6283666491508484],['description']
英语四级下半年的报名时间,['51712'],[],merged,3,0,[],,"['60293', '61111', '51323']","[0.6283666491508484, 0.5436850190162659, 0.5188810229301453]","['description', 'title_description', 'description']"
英语四级报名官网入口,['51712'],[],merged,1,0,[],,['60293'],[0.6169732213020325],['description']
英语四级报名官网入口,['51712'],[],merged,3,0,[],,"['60293', '5917', '85']","[0.6169732213020325, 0.5622232556343079, 0.5164424777030945]","['description', 'description', 'description']"
英语四级查询成绩入口,['51712'],[],merged,1,0,[],,['60293'],[0.6447206139564514],['description']
英语四级查询成绩入口,['51712'],[],merged,3,0,[],,"['60293', '5917', '85']","[0.6447206139564514, 0.6000736355781555, 0.5941528081893921]","['description', 'description', 'description']"
西陵区社工,['51712'],[],merged,1,0,[],,['51457'],[0.4045414328575134],['description']
西陵区社工,['51712'],[],merged,3,0,[],,"['51457', '50731', '51474']","[0.4045414328575134, 0.39628857374191284, 0.387531578540802]","['description', 'title_description', 'description']"
计算机二级官网报名入口,['51712'],[],merged,1,0,[],,['60293'],[0.5940958857536316],['description']
计算机二级官网报名入口,['51712'],[],merged,3,0,[],,"['60293', '5917', '5273']","[0.5940958857536316, 0.46478497982025146, 0.4544838070869446]","['description', 'description', 'description']"
计算机二级报名时间2026考试时间,['51712'],[],merged,1,0,[],,['60293'],[0.6161095499992371],['description']
计算机二级报名时间2026考试时间,['51712'],[],merged,3,0,[],,"['60293', '61111', '5601']","[0.6161095499992371, 0.48868122696876526, 0.4840542674064636]","['description', 'title_description', 'title_description']"
计算机二级福建考试时间,['51712'],[],merged,1,0,[],,['60293'],[0.5904020071029663],['title_description']
计算机二级福建考试时间,['51712'],[],merged,3,0,[],,"['60293', '5601', '61111']","[0.5904020071029663, 0.4362602233886719, 0.4336753487586975]","['title_description', 'title_description', 'title_description']"
计算机二级考试成绩查询,['51712'],[],merged,1,0,[],,['60293'],[0.6196929216384888],['title_description']
计算机二级考试成绩查询,['51712'],[],merged,3,0,[],,"['60293', '51388', '5917']","[0.6196929216384888, 0.4768218398094177, 0.4663131833076477]","['title_description', 'title_description', 'description']"
贵州省二级建造师成绩查询时间,['51712'],[],merged,1,0,[],,['60293'],[0.5817186832427979],['title_description']
贵州省二级建造师成绩查询时间,['51712'],[],merged,3,0,[],,"['60293', '39537', '5917']","[0.5817186832427979, 0.45062148571014404, 0.43143749237060547]","['title_description', 'title_description', 'description']"
贵州省公务员考试网官网入口,['51712'],[],merged,1,0,[],,['60293'],[0.5066309571266174],['description']
贵州省公务员考试网官网入口,['51712'],[],merged,3,0,[],,"['60293', '39537', '51457']","[0.5066309571266174, 0.3967665433883667, 0.38176077604293823]","['description', 'title_description', 'description']"
软考官网,['51712'],[],merged,1,0,[],,['60293'],[0.6893841028213501],['title_description']
软考官网,['51712'],[],merged,3,0,[],,"['60293', '267', '47242']","[0.6893841028213501, 0.5152282118797302, 0.500670313835144]","['title_description', 'title_description', 'title_description']"
辽宁省教师资格证报名时间,['51712'],[],merged,1,0,[],,['60293'],[0.5928313732147217],['title_description']
辽宁省教师资格证报名时间,['51712'],[],merged,3,0,[],,"['60293', '5273', '61111']","[0.5928313732147217, 0.44963181018829346, 0.4477834701538086]","['title_description', 'description', 'title_description']"
重庆26年教资报名时间,['51712'],[],merged,1,0,[],,['60293'],[0.6243934631347656],['title_description']
重庆26年教资报名时间,['51712'],[],merged,3,0,[],,"['60293', '61111', '5601']","[0.6243934631347656, 0.5141310691833496, 0.5076295733451843]","['title_description', 'title_description', 'title_description']"
重庆市公务员,['51712'],[],merged,1,0,[],,['60293'],[0.49963048100471497],['title_description']
重庆市公务员,['51712'],[],merged,3,0,[],,"['60293', '39537', '46679']","[0.49963048100471497, 0.4431045353412628, 0.442227840423584]","['title_description', 'description', 'title_description']"
银行从业资格证官网入口,['51712'],[],merged,1,0,[],,['60293'],[0.6693322062492371],['title_description']
银行从业资格证官网入口,['51712'],[],merged,3,0,[],,"['60293', '61111', '5273']","[0.6693322062492371, 0.5091844797134399, 0.4984124004840851]","['title_description', 'title_description', 'description']"
陕西一造报名时间2026,['51712'],[],merged,1,0,[],,['60293'],[0.4817914068698883],['description']
陕西一造报名时间2026,['51712'],[],merged,3,0,[],,"['60293', '61111', '5601']","[0.4817914068698883, 0.43240320682525635, 0.4194057285785675]","['description', 'title_description', 'title_description']"
陕西省专升本,['51712'],[],merged,1,0,[],,['39537'],[0.5181370973587036],['description']
陕西省专升本,['51712'],[],merged,3,0,[],,"['39537', '60293', '52364']","[0.5181370973587036, 0.4973420202732086, 0.4826272130012512]","['description', 'title_description', 'title_description']"
雷州市公务员考试,['51712'],[],merged,1,0,[],,['60293'],[0.4420895576477051],['title_description']
雷州市公务员考试,['51712'],[],merged,3,0,[],,"['60293', '52523', '61111']","[0.4420895576477051, 0.37288427352905273, 0.3685174882411957]","['title_description', 'description', 'title_description']"
青海省教师资格证考试报名入口,['51712'],[],merged,1,0,[],,['60293'],[0.6565723419189453],['title_description']
青海省教师资格证考试报名入口,['51712'],[],merged,3,0,[],,"['60293', '5273', '39537']","[0.6565723419189453, 0.5033918023109436, 0.48835787177085876]","['title_description', 'description', 'description']"
高级会计师成绩查询2026年,['51712'],[],merged,1,0,[],,['60293'],[0.5867946147918701],['title_description']
高级会计师成绩查询2026年,['51712'],[],merged,3,0,[],,"['60293', '39537', '61111']","[0.5867946147918701, 0.4806562066078186, 0.4754645526409149]","['title_description', 'title_description', 'title_description']"
黑龙江教资报名时间,['51712'],[],merged,1,0,[],,['60293'],[0.5850024223327637],['title_description']
黑龙江教资报名时间,['51712'],[],merged,3,0,[],,"['60293', '5273', '61111']","[0.5850024223327637, 0.46306607127189636, 0.45966637134552]","['title_description', 'description', 'title_description']"
黑龙江省公务员官网,['51712'],[],merged,1,0,[],,['60293'],[0.4932834208011627],['description']
黑龙江省公务员官网,['51712'],[],merged,3,0,[],,"['60293', '39537', '51457']","[0.4932834208011627, 0.4462328553199768, 0.42272457480430603]","['description', 'title_description', 'description']"
2025年下半年教资面试时间,['51712'],[],title_description,1,0,[],,['60293'],[0.6451307535171509],['title_description']
2025年下半年教资面试时间,['51712'],[],title_description,3,0,[],,"['60293', '61111', '5601']","[0.6451307535171509, 0.5248314738273621, 0.5191586017608643]","['title_description', 'title_description', 'title_description']"
2025年二建成绩查询时间,['51712'],[],title_description,1,0,[],,['60293'],[0.5739374160766602],['title_description']
2025年二建成绩查询时间,['51712'],[],title_description,3,0,[],,"['60293', '61111', '5601']","[0.5739374160766602, 0.4872681796550751, 0.45820507407188416]","['title_description', 'title_description', 'title_description']"
2025广西成人高考考试时间,['51712'],[],title_description,1,0,[],,['60293'],[0.5899809002876282],['title_description']
2025广西成人高考考试时间,['51712'],[],title_description,3,0,[],,"['60293', '61111', '5601']","[0.5899809002876282, 0.49725890159606934, 0.4802066385746002]","['title_description', 'title_description', 'title_description']"
2026年一级建造师报名时间,['51712'],[],title_description,1,0,[],,['60293'],[0.5496940612792969],['title_description']
2026年一级建造师报名时间,['51712'],[],title_description,3,0,[],,"['60293', '61111', '5601']","[0.5496940612792969, 0.4737527370452881, 0.45852357149124146]","['title_description', 'title_description', 'title_description']"
2026年下半年教资考试报名时间,['51712'],[],title_description,1,0,[],,['60293'],[0.6590158939361572],['title_description']
2026年下半年教资考试报名时间,['51712'],[],title_description,3,0,[],,"['60293', '61111', '5601']","[0.6590158939361572, 0.518132209777832, 0.505337655544281]","['title_description', 'title_description', 'title_description']"
2026年专升本考试时间,['51712'],[],title_description,1,0,[],,['60293'],[0.5687795877456665],['title_description']
2026年专升本考试时间,['51712'],[],title_description,3,0,[],,"['60293', '61111', '39537']","[0.5687795877456665, 0.44991156458854675, 0.4475760757923126]","['title_description', 'title_description', 'title_description']"
2026年中级会计考试时间,['51712'],[],title_description,1,0,[],,['60293'],[0.578475832939148],['title_description']
2026年中级会计考试时间,['51712'],[],title_description,3,0,[],,"['60293', '61111', '5601']","[0.578475832939148, 0.5011057257652283, 0.48115476965904236]","['title_description', 'title_description', 'title_description']"
2026年中级经济师报名时间,['51712'],[],title_description,1,0,[],,['60293'],[0.5694154500961304],['title_description']
2026年中级经济师报名时间,['51712'],[],title_description,3,0,[],,"['60293', '61111', '5601']","[0.5694154500961304, 0.4819512367248535, 0.45715397596359253]","['title_description', 'title_description', 'title_description']"
2026年二级建造师考试时间,['51712'],[],title_description,1,0,[],,['60293'],[0.5703073143959045],['title_description']
2026年二级建造师考试时间,['51712'],[],title_description,3,0,[],,"['60293', '61111', '5601']","[0.5703073143959045, 0.4497312307357788, 0.4341941475868225]","['title_description', 'title_description', 'title_description']"
2026年二级造价师考试报名时间,['51712'],[],title_description,1,0,[],,['60293'],[0.5740545392036438],['title_description']
2026年二级造价师考试报名时间,['51712'],[],title_description,3,0,[],,"['60293', '61111', '5601']","[0.5740545392036438, 0.4496314525604248, 0.4331982433795929]","['title_description', 'title_description', 'title_description']"
2026年初级会计考试报名时间,['51712'],[],title_description,1,0,[],,['60293'],[0.5860865116119385],['title_description']
2026年初级会计考试报名时间,['51712'],[],title_description,3,0,[],,"['60293', '61111', '5601']","[0.5860865116119385, 0.5254381895065308, 0.5066044330596924]","['title_description', 'title_description', 'title_description']"
2026年四六级什么时候出成绩,['51712'],[],title_description,1,0,[],,['60293'],[0.5600441694259644],['title_description']
2026年四六级什么时候出成绩,['51712'],[],title_description,3,0,[],,"['60293', '61111', '5601']","[0.5600441694259644, 0.5045369267463684, 0.47896403074264526]","['title_description', 'title_description', 'title_description']"
2026年四六级考试时间,['51712'],[],title_description,1,0,[],,['60293'],[0.6223616600036621],['title_description']
2026年四六级考试时间,['51712'],[],title_description,3,0,[],,"['60293', '61111', '5601']","[0.6223616600036621, 0.5319676995277405, 0.5211383700370789]","['title_description', 'title_description', 'title_description']"
2026年导游证考试报名时间,['51712'],[],title_description,1,0,[],,['60293'],[0.6123812198638916],['title_description']
2026年导游证考试报名时间,['51712'],[],title_description,3,0,[],,"['60293', '5671', '61111']","[0.6123812198638916, 0.5383341312408447, 0.496719092130661]","['title_description', 'title_description', 'title_description']"
2026年成人高考报名时间,['51712'],[],title_description,1,0,[],,['60293'],[0.5775713920593262],['title_description']
2026年成人高考报名时间,['51712'],[],title_description,3,0,[],,"['60293', '61111', '5601']","[0.5775713920593262, 0.4812335968017578, 0.46781522035598755]","['title_description', 'title_description', 'title_description']"
2026年执业兽医考试时间,['51712'],[],title_description,1,0,[],,['60293'],[0.6020493507385254],['title_description']
2026年执业兽医考试时间,['51712'],[],title_description,3,0,[],,"['60293', '61111', '5601']","[0.6020493507385254, 0.468864381313324, 0.45643264055252075]","['title_description', 'title_description', 'title_description']"
2026年新疆乌鲁木齐中级会计考试,['51712'],[],title_description,1,0,[],,['60293'],[0.5028600096702576],['title_description']
2026年新疆乌鲁木齐中级会计考试,['51712'],[],title_description,3,0,[],,"['60293', '61111', '5601']","[0.5028600096702576, 0.420632541179657, 0.41049718856811523]","['title_description', 'title_description', 'title_description']"
2026年注册会计师考试时间,['51712'],[],title_description,1,0,[],,['60293'],[0.597059965133667],['title_description']
2026年注册会计师考试时间,['51712'],[],title_description,3,0,[],,"['60293', '61111', '5601']","[0.597059965133667, 0.4916343688964844, 0.47129279375076294]","['title_description', 'title_description', 'title_description']"
2026年的执业药师报名时间,['51712'],[],title_description,1,0,[],,['60293'],[0.5878430604934692],['title_description']
2026年的执业药师报名时间,['51712'],[],title_description,3,0,[],,"['60293', '61111', '5601']","[0.5878430604934692, 0.48799803853034973, 0.473857045173645]","['title_description', 'title_description', 'title_description']"
2026年监理工程师考试成绩公布时间,['51712'],[],title_description,1,0,[],,['60293'],[0.6099836826324463],['title_description']
2026年监理工程师考试成绩公布时间,['51712'],[],title_description,3,0,[],,"['60293', '61111', '5601']","[0.6099836826324463, 0.462384968996048, 0.44977450370788574]","['title_description', 'title_description', 'title_description']"
2026年社工考试成绩公布时间,['51712'],[],title_description,1,0,[],,['60293'],[0.6234726905822754],['title_description']
2026年社工考试成绩公布时间,['51712'],[],title_description,3,0,[],,"['60293', '61111', '5601']","[0.6234726905822754, 0.48522868752479553, 0.46635299921035767]","['title_description', 'title_description', 'title_description']"
2026年税务师报名时间,['51712'],[],title_description,1,0,[],,['60293'],[0.5583130121231079],['title_description']
2026年税务师报名时间,['51712'],[],title_description,3,0,[],,"['60293', '61111', '5601']","[0.5583130121231079, 0.47816798090934753, 0.45845741033554077]","['title_description', 'title_description', 'title_description']"
2026年软考报名时间,['51712'],[],title_description,1,0,[],,['60293'],[0.6137708425521851],['title_description']
2026年软考报名时间,['51712'],[],title_description,3,0,[],,"['60293', '61111', '5601']","[0.6137708425521851, 0.48934119939804077, 0.4827176332473755]","['title_description', 'title_description', 'title_description']"
2026深圳中级会计报考时间,['51712'],[],title_description,1,0,[],,['60293'],[0.524833083152771],['title_description']
2026深圳中级会计报考时间,['51712'],[],title_description,3,0,[],,"['60293', '61111', '5601']","[0.524833083152771, 0.4839748442173004, 0.4704301953315735]","['title_description', 'title_description', 'title_description']"
2026社工证报名时间,['51712'],[],title_description,1,0,[],,['60293'],[0.5619349479675293],['title_description']
2026社工证报名时间,['51712'],[],title_description,3,0,[],,"['60293', '61111', '5601']","[0.5619349479675293, 0.4746040105819702, 0.464749813079834]","['title_description', 'title_description', 'title_description']"
2026银行从业资格证考试报名时间,['51712'],[],title_description,1,0,[],,['60293'],[0.6617444157600403],['title_description']
2026银行从业资格证考试报名时间,['51712'],[],title_description,3,0,[],,"['60293', '61111', '5601']","[0.6617444157600403, 0.5362381935119629, 0.48586922883987427]","['title_description', 'title_description', 'title_description']"
26年二建成绩什么时候公布,['51712'],[],title_description,1,0,[],,['60293'],[0.5717639923095703],['title_description']
26年二建成绩什么时候公布,['51712'],[],title_description,3,0,[],,"['60293', '61111', '5601']","[0.5717639923095703, 0.5023193955421448, 0.46581602096557617]","['title_description', 'title_description', 'title_description']"
acca考试报名时间,['51712'],[],title_description,1,0,[],,['60293'],[0.6407641172409058],['title_description']
acca考试报名时间,['51712'],[],title_description,3,0,[],,"['60293', '61111', '5601']","[0.6407641172409058, 0.5356673002243042, 0.49043726921081543]","['title_description', 'title_description', 'title_description']"
cet-6,['51712'],[],title_description,1,0,[],,['51388'],[0.6088227033615112],['title_description']
cet-6,['51712'],[],title_description,3,0,[],,"['51388', '51381', '267']","[0.6088227033615112, 0.5719987154006958, 0.5702515244483948]","['title_description', 'title_description', 'title_description']"
cet4官网入口,['51712'],[],title_description,1,0,[],,['60293'],[0.6341760754585266],['title_description']
cet4官网入口,['51712'],[],title_description,3,0,[],,"['60293', '51388', '47242']","[0.6341760754585266, 0.538741946220398, 0.518581748008728]","['title_description', 'title_description', 'title_description']"
一建准考证打印,['51712'],[],title_description,1,0,[],,['60293'],[0.6429040431976318],['title_description']
一建准考证打印,['51712'],[],title_description,3,0,[],,"['60293', '61111', '5671']","[0.6429040431976318, 0.5150691270828247, 0.4996284246444702]","['title_description', 'title_description', 'title_description']"
一级建造师报名官网入口,['51712'],[],title_description,1,0,[],,['60293'],[0.5797156691551208],['title_description']
一级建造师报名官网入口,['51712'],[],title_description,3,0,[],,"['60293', '5671', '47242']","[0.5797156691551208, 0.458504855632782, 0.4506506323814392]","['title_description', 'title_description', 'title_description']"
一造考试报名时间,['51712'],[],title_description,1,0,[],,['60293'],[0.6359966993331909],['title_description']
一造考试报名时间,['51712'],[],title_description,3,0,[],,"['60293', '61111', '5601']","[0.6359966993331909, 0.5102804899215698, 0.46974894404411316]","['title_description', 'title_description', 'title_description']"
上海2026年会计初级考试报名时间,['51712'],[],title_description,1,0,[],,['60293'],[0.5708655118942261],['title_description']
上海2026年会计初级考试报名时间,['51712'],[],title_description,3,0,[],,"['60293', '61111', '5601']","[0.5708655118942261, 0.5113281607627869, 0.5102630257606506]","['title_description', 'title_description', 'title_description']"
专升本啥时候报名考试,['51712'],[],title_description,1,0,[],,['60293'],[0.5696328282356262],['title_description']
专升本啥时候报名考试,['51712'],[],title_description,3,0,[],,"['60293', '61111', '5601']","[0.5696328282356262, 0.4726655185222626, 0.45083850622177124]","['title_description', 'title_description', 'title_description']"
专升本官方网站入口,['51712'],[],title_description,1,0,[],,['60293'],[0.5897610187530518],['title_description']
专升本官方网站入口,['51712'],[],title_description,3,0,[],,"['60293', '39537', '5671']","[0.5897610187530518, 0.5221241116523743, 0.4775242209434509]","['title_description', 'title_description', 'title_description']"
中小学教师资格证考试报名官网入口,['51712'],[],title_description,1,0,[],,['60293'],[0.6666374206542969],['title_description']
中小学教师资格证考试报名官网入口,['51712'],[],title_description,3,0,[],,"['60293', '5273', '39537']","[0.6666374206542969, 0.4767524003982544, 0.4659422039985657]","['title_description', 'title_description', 'title_description']"
中小学教资报名,['51712'],[],title_description,1,0,[],,['60293'],[0.6318317651748657],['title_description']
中小学教资报名,['51712'],[],title_description,3,0,[],,"['60293', '5273', '39537']","[0.6318317651748657, 0.5171677470207214, 0.45106297731399536]","['title_description', 'title_description', 'title_description']"
中级会计职称准考证打印时间,['51712'],[],title_description,1,0,[],,['60293'],[0.5928546190261841],['title_description']
中级会计职称准考证打印时间,['51712'],[],title_description,3,0,[],,"['60293', '61111', '5601']","[0.5928546190261841, 0.4711473882198334, 0.44334328174591064]","['title_description', 'title_description', 'title_description']"
中级经济师考试报名,['51712'],[],title_description,1,0,[],,['60293'],[0.5550727844238281],['title_description']
中级经济师考试报名,['51712'],[],title_description,3,0,[],,"['60293', '61111', '5273']","[0.5550727844238281, 0.4143558740615845, 0.41127270460128784]","['title_description', 'title_description', 'title_description']"
丽江什么时候可以考导游证,['51712'],[],title_description,1,0,[],,['5671'],[0.5653940439224243],['title_description']
丽江什么时候可以考导游证,['51712'],[],title_description,3,0,[],,"['5671', '62106', '60293']","[0.5653940439224243, 0.5366109013557434, 0.5357958078384399]","['title_description', 'title_description', 'title_description']"
二建成绩查询入口,['51712'],[],title_description,1,0,[],,['60293'],[0.6189780235290527],['title_description']
二建成绩查询入口,['51712'],[],title_description,3,0,[],,"['60293', '47242', '5671']","[0.6189780235290527, 0.5201171636581421, 0.4938271641731262]","['title_description', 'title_description', 'title_description']"
今年英语四级成绩查询时间,['51712'],[],title_description,1,0,[],,['60293'],[0.6060360074043274],['title_description']
今年英语四级成绩查询时间,['51712'],[],title_description,3,0,[],,"['60293', '61111', '5601']","[0.6060360074043274, 0.5403716564178467, 0.5012409090995789]","['title_description', 'title_description', 'title_description']"
公务员考试报名入口,['51712'],[],title_description,1,0,[],,['60293'],[0.6169689297676086],['title_description']
公务员考试报名入口,['51712'],[],title_description,3,0,[],,"['60293', '61111', '5671']","[0.6169689297676086, 0.4903309941291809, 0.47956085205078125]","['title_description', 'title_description', 'title_description']"
六级出分时间,['51712'],[],title_description,1,0,[],,['60293'],[0.6077451705932617],['title_description']
六级出分时间,['51712'],[],title_description,3,0,[],,"['60293', '61111', '51388']","[0.6077451705932617, 0.5453780889511108, 0.5073130130767822]","['title_description', 'title_description', 'title_description']"
六级成绩什么时候出来,['51712'],[],title_description,1,0,[],,['60293'],[0.5765546560287476],['title_description']
六级成绩什么时候出来,['51712'],[],title_description,3,0,[],,"['60293', '61111', '51388']","[0.5765546560287476, 0.5069353580474854, 0.46771180629730225]","['title_description', 'title_description', 'title_description']"
六级考试报名时间,['51712'],[],title_description,1,0,[],,['60293'],[0.6405556201934814],['title_description']
六级考试报名时间,['51712'],[],title_description,3,0,[],,"['60293', '61111', '5601']","[0.6405556201934814, 0.5224913358688354, 0.4904065728187561]","['title_description', 'title_description', 'title_description']"
兰州教师资格证考试时间,['51712'],[],title_description,1,0,[],,['60293'],[0.6341452598571777],['title_description']
兰州教师资格证考试时间,['51712'],[],title_description,3,0,[],,"['60293', '61111', '5601']","[0.6341452598571777, 0.4754233956336975, 0.464538037776947]","['title_description', 'title_description', 'title_description']"
初级会计师,['51712'],[],title_description,1,0,[],,['60293'],[0.5257612466812134],['title_description']
初级会计师,['51712'],[],title_description,3,0,[],,"['60293', '61111', '51044']","[0.5257612466812134, 0.4159809947013855, 0.4088735580444336]","['title_description', 'title_description', 'title_description']"
初级会计成绩查询,['51712'],[],title_description,1,0,[],,['60293'],[0.6199700832366943],['title_description']
初级会计成绩查询,['51712'],[],title_description,3,0,[],,"['60293', '61111', '51388']","[0.6199700832366943, 0.5069254636764526, 0.5019012689590454]","['title_description', 'title_description', 'title_description']"
初级会计报名官网入口,['51712'],[],title_description,1,0,[],,['60293'],[0.5903379917144775],['title_description']
初级会计报名官网入口,['51712'],[],title_description,3,0,[],,"['60293', '61111', '5601']","[0.5903379917144775, 0.494035005569458, 0.48963236808776855]","['title_description', 'title_description', 'title_description']"
初级会计考试时间,['51712'],[],title_description,1,0,[],,['60293'],[0.6261848211288452],['title_description']
初级会计考试时间,['51712'],[],title_description,3,0,[],,"['60293', '61111', '5601']","[0.6261848211288452, 0.5286799669265747, 0.5022852420806885]","['title_description', 'title_description', 'title_description']"
初级经济师2026年报名时间,['51712'],[],title_description,1,0,[],,['60293'],[0.5415931344032288],['title_description']
初级经济师2026年报名时间,['51712'],[],title_description,3,0,[],,"['60293', '61111', '5601']","[0.5415931344032288, 0.4593220353126526, 0.4366292953491211]","['title_description', 'title_description', 'title_description']"
合江县公务员,['51712'],[],title_description,1,0,[],,['60265'],[0.4175131916999817],['title_description']
合江县公务员,['51712'],[],title_description,3,0,[],,"['60265', '60293', '51381']","[0.4175131916999817, 0.40430864691734314, 0.392484188079834]","['title_description', 'title_description', 'title_description']"
四六级准考证打印官网入口,['51712'],[],title_description,1,0,[],,['60293'],[0.652585506439209],['title_description']
四六级准考证打印官网入口,['51712'],[],title_description,3,0,[],,"['60293', '5671', '5917']","[0.652585506439209, 0.5162442922592163, 0.5134022235870361]","['title_description', 'title_description', 'title_description']"
国考什么时候,['51712'],[],title_description,1,0,[],,['60293'],[0.5926560163497925],['title_description']
国考什么时候,['51712'],[],title_description,3,0,[],,"['60293', '61111', '5601']","[0.5926560163497925, 0.5647537112236023, 0.5226495265960693]","['title_description', 'title_description', 'title_description']"
基金从业资格证考试报名,['51712'],[],title_description,1,0,[],,['60293'],[0.6607645750045776],['title_description']
基金从业资格证考试报名,['51712'],[],title_description,3,0,[],,"['60293', '5802', '51255']","[0.6607645750045776, 0.4738233685493469, 0.4734284281730652]","['title_description', 'title_description', 'title_description']"
大兴社区工作者考试成绩公布,['51712'],[],title_description,1,0,[],,['60293'],[0.5485213994979858],['title_description']
大兴社区工作者考试成绩公布,['51712'],[],title_description,3,0,[],,"['60293', '47242', '61111']","[0.5485213994979858, 0.47491592168807983, 0.46565335988998413]","['title_description', 'title_description', 'title_description']"
宁夏一建报名时间,['51712'],[],title_description,1,0,[],,['60293'],[0.5243366956710815],['title_description']
宁夏一建报名时间,['51712'],[],title_description,3,0,[],,"['60293', '61111', '5601']","[0.5243366956710815, 0.4749259650707245, 0.4391869306564331]","['title_description', 'title_description', 'title_description']"
安徽省教师资格证报名时间,['51712'],[],title_description,1,0,[],,['60293'],[0.6041627526283264],['title_description']
安徽省教师资格证报名时间,['51712'],[],title_description,3,0,[],,"['60293', '61111', '5601']","[0.6041627526283264, 0.45549410581588745, 0.4462316632270813]","['title_description', 'title_description', 'title_description']"
安徽省注册安全工程师报名时间,['51712'],[],title_description,1,0,[],,['60293'],[0.5408528447151184],['title_description']
安徽省注册安全工程师报名时间,['51712'],[],title_description,3,0,[],,"['60293', '61111', '39537']","[0.5408528447151184, 0.4082767963409424, 0.4028240442276001]","['title_description', 'title_description', 'title_description']"
安徽省计算机二级考试报名官网入口,['51712'],[],title_description,1,0,[],,['60293'],[0.5604356527328491],['title_description']
安徽省计算机二级考试报名官网入口,['51712'],[],title_description,3,0,[],,"['60293', '39537', '5917']","[0.5604356527328491, 0.45911556482315063, 0.41699737310409546]","['title_description', 'title_description', 'title_description']"
导游证官网报名入口,['51712'],[],title_description,1,0,[],,['60293'],[0.656538188457489],['title_description']
导游证官网报名入口,['51712'],[],title_description,3,0,[],,"['60293', '5671', '62106']","[0.656538188457489, 0.6289032697677612, 0.5496941804885864]","['title_description', 'title_description', 'title_description']"
小学教资考试时间,['51712'],[],title_description,1,0,[],,['60293'],[0.6839719414710999],['title_description']
小学教资考试时间,['51712'],[],title_description,3,0,[],,"['60293', '5601', '61111']","[0.6839719414710999, 0.47389641404151917, 0.4682554602622986]","['title_description', 'title_description', 'title_description']"
山东省中级注册安全工程师报名时间,['51712'],[],title_description,1,0,[],,['60293'],[0.5544275045394897],['title_description']
山东省中级注册安全工程师报名时间,['51712'],[],title_description,3,0,[],,"['60293', '39537', '61111']","[0.5544275045394897, 0.4148162603378296, 0.4046047627925873]","['title_description', 'title_description', 'title_description']"
山东省计算机二级报名时间,['51712'],[],title_description,1,0,[],,['60293'],[0.5514774322509766],['title_description']
山东省计算机二级报名时间,['51712'],[],title_description,3,0,[],,"['60293', '39537', '61111']","[0.5514774322509766, 0.4466109871864319, 0.4434720277786255]","['title_description', 'title_description', 'title_description']"
幼儿教师资格证,['51712'],[],title_description,1,0,[],,['60293'],[0.5816695690155029],['title_description']
幼儿教师资格证,['51712'],[],title_description,3,0,[],,"['60293', '5273', '51381']","[0.5816695690155029, 0.4376146197319031, 0.4168309271335602]","['title_description', 'title_description', 'title_description']"
广东教资考试报名官网入口,['51712'],[],title_description,1,0,[],,['60293'],[0.6722849607467651],['title_description']
广东教资考试报名官网入口,['51712'],[],title_description,3,0,[],,"['60293', '5273', '39537']","[0.6722849607467651, 0.5054863691329956, 0.5040728449821472]","['title_description', 'title_description', 'title_description']"
广东省省考官网,['51712'],[],title_description,1,0,[],,['60293'],[0.5928816795349121],['title_description']
广东省省考官网,['51712'],[],title_description,3,0,[],,"['60293', '39537', '5671']","[0.5928816795349121, 0.5053347945213318, 0.4670044779777527]","['title_description', 'title_description', 'title_description']"
广西教资考试官网报名入口,['51712'],[],title_description,1,0,[],,['60293'],[0.6523998379707336],['title_description']
广西教资考试官网报名入口,['51712'],[],title_description,3,0,[],,"['60293', '5671', '39537']","[0.6523998379707336, 0.49227696657180786, 0.490959495306015]","['title_description', 'title_description', 'title_description']"
执业兽医考试官网,['51712'],[],title_description,1,0,[],,['60293'],[0.636052131652832],['title_description']
执业兽医考试官网,['51712'],[],title_description,3,0,[],,"['60293', '51474', '5671']","[0.636052131652832, 0.4080968201160431, 0.406014084815979]","['title_description', 'title_description', 'title_description']"
执业医师的考试时间,['51712'],[],title_description,1,0,[],,['60293'],[0.6479411125183105],['title_description']
执业医师的考试时间,['51712'],[],title_description,3,0,[],,"['60293', '61111', '5601']","[0.6479411125183105, 0.49194544553756714, 0.47482484579086304]","['title_description', 'title_description', 'title_description']"
教师资格证什么时候报名,['51712'],[],title_description,1,0,[],,['60293'],[0.6368581056594849],['title_description']
教师资格证什么时候报名,['51712'],[],title_description,3,0,[],,"['60293', '61111', '5601']","[0.6368581056594849, 0.4890679121017456, 0.4710543155670166]","['title_description', 'title_description', 'title_description']"
教师资格证官网查询入口,['51712'],[],title_description,1,0,[],,['60293'],[0.7348051071166992],['title_description']
教师资格证官网查询入口,['51712'],[],title_description,3,0,[],,"['60293', '5671', '39537']","[0.7348051071166992, 0.5287522077560425, 0.5144827365875244]","['title_description', 'title_description', 'title_description']"
教师资格证资格证考试报名时间,['51712'],[],title_description,1,0,[],,['60293'],[0.7217931151390076],['title_description']
教师资格证资格证考试报名时间,['51712'],[],title_description,3,0,[],,"['60293', '61111', '5601']","[0.7217931151390076, 0.5050628781318665, 0.4830932021141052]","['title_description', 'title_description', 'title_description']"
教师资格证面试是几月份,['51712'],[],title_description,1,0,[],,['60293'],[0.6253361701965332],['title_description']
教师资格证面试是几月份,['51712'],[],title_description,3,0,[],,"['60293', '61111', '5601']","[0.6253361701965332, 0.5093210935592651, 0.4948025345802307]","['title_description', 'title_description', 'title_description']"
教资报名时间,['51712'],[],title_description,1,0,[],,['60293'],[0.6870010495185852],['title_description']
教资报名时间,['51712'],[],title_description,3,0,[],,"['60293', '61111', '5601']","[0.6870010495185852, 0.5571718215942383, 0.5248876214027405]","['title_description', 'title_description', 'title_description']"
教资查询成绩入口,['51712'],[],title_description,1,0,[],,['60293'],[0.7264328002929688],['title_description']
教资查询成绩入口,['51712'],[],title_description,3,0,[],,"['60293', '5273', '5671']","[0.7264328002929688, 0.532694935798645, 0.5255074501037598]","['title_description', 'title_description', 'title_description']"
教资考试报名官网入口,['51712'],[],title_description,1,0,[],,['60293'],[0.705046534538269],['title_description']
教资考试报名官网入口,['51712'],[],title_description,3,0,[],,"['60293', '5273', '5671']","[0.705046534538269, 0.5218263268470764, 0.508638858795166]","['title_description', 'title_description', 'title_description']"
教资考试的时间,['51712'],[],title_description,1,0,[],,['60293'],[0.7475063800811768],['title_description']
教资考试的时间,['51712'],[],title_description,3,0,[],,"['60293', '61111', '5601']","[0.7475063800811768, 0.5776803493499756, 0.5510126948356628]","['title_description', 'title_description', 'title_description']"
教资面试考试官网报名入口,['51712'],[],title_description,1,0,[],,['60293'],[0.7002920508384705],['title_description']
教资面试考试官网报名入口,['51712'],[],title_description,3,0,[],,"['60293', '5671', '5273']","[0.7002920508384705, 0.49633926153182983, 0.4952482283115387]","['title_description', 'title_description', 'title_description']"
新疆计算机二级报名时间,['51712'],[],title_description,1,0,[],,['60293'],[0.5209416151046753],['title_description']
新疆计算机二级报名时间,['51712'],[],title_description,3,0,[],,"['60293', '51323', '61111']","[0.5209416151046753, 0.45388689637184143, 0.45010221004486084]","['title_description', 'title_description', 'title_description']"
江苏省公务员网官网入口,['51712'],[],title_description,1,0,[],,['60293'],[0.5352200865745544],['title_description']
江苏省公务员网官网入口,['51712'],[],title_description,3,0,[],,"['60293', '39537', '5601']","[0.5352200865745544, 0.45083698630332947, 0.443062961101532]","['title_description', 'title_description', 'title_description']"
江苏省初级注册安全工程师报名时间,['51712'],[],title_description,1,0,[],,['60293'],[0.5684034824371338],['title_description']
江苏省初级注册安全工程师报名时间,['51712'],[],title_description,3,0,[],,"['60293', '61111', '39537']","[0.5684034824371338, 0.42540088295936584, 0.421145498752594]","['title_description', 'title_description', 'title_description']"
江苏省电工证考试时间,['51712'],[],title_description,1,0,[],,['60293'],[0.609349250793457],['title_description']
江苏省电工证考试时间,['51712'],[],title_description,3,0,[],,"['60293', '61111', '5601']","[0.609349250793457, 0.44578301906585693, 0.4373517334461212]","['title_description', 'title_description', 'title_description']"
江西成人高考报名是什么时间,['51712'],[],title_description,1,0,[],,['60293'],[0.5472135543823242],['title_description']
江西成人高考报名是什么时间,['51712'],[],title_description,3,0,[],,"['60293', '61111', '5601']","[0.5472135543823242, 0.4642843008041382, 0.4413680136203766]","['title_description', 'title_description', 'title_description']"
江西省公务员考试笔试成绩,['51712'],[],title_description,1,0,[],,['60293'],[0.5742825865745544],['title_description']
江西省公务员考试笔试成绩,['51712'],[],title_description,3,0,[],,"['60293', '39537', '61111']","[0.5742825865745544, 0.47256866097450256, 0.45778781175613403]","['title_description', 'title_description', 'title_description']"
河北初级会计,['51712'],[],title_description,1,0,[],,['60293'],[0.4316958487033844],['title_description']
河北初级会计,['51712'],[],title_description,3,0,[],,"['60293', '39537', '5601']","[0.4316958487033844, 0.3849564790725708, 0.3776909112930298]","['title_description', 'title_description', 'title_description']"
河北省国考时间,['51712'],[],title_description,1,0,[],,['60293'],[0.5629316568374634],['title_description']
河北省国考时间,['51712'],[],title_description,3,0,[],,"['60293', '61111', '5601']","[0.5629316568374634, 0.4879639148712158, 0.4791387617588043]","['title_description', 'title_description', 'title_description']"
河北英语四级考试时间,['51712'],[],title_description,1,0,[],,['60293'],[0.5402610301971436],['title_description']
河北英语四级考试时间,['51712'],[],title_description,3,0,[],,"['60293', '5601', '61111']","[0.5402610301971436, 0.4376291036605835, 0.4365071654319763]","['title_description', 'title_description', 'title_description']"
河南省一建,['51712'],[],title_description,1,0,[],,['60293'],[0.49423837661743164],['title_description']
河南省一建,['51712'],[],title_description,3,0,[],,"['60293', '39537', '47242']","[0.49423837661743164, 0.47190147638320923, 0.4252411723136902]","['title_description', 'title_description', 'title_description']"
河南省教师资格证报名时间,['51712'],[],title_description,1,0,[],,['60293'],[0.5983015298843384],['title_description']
河南省教师资格证报名时间,['51712'],[],title_description,3,0,[],,"['60293', '61111', '5601']","[0.5983015298843384, 0.4459770917892456, 0.4406214952468872]","['title_description', 'title_description', 'title_description']"
河南省省考成绩查询,['51712'],[],title_description,1,0,[],,['60293'],[0.6076406240463257],['title_description']
河南省省考成绩查询,['51712'],[],title_description,3,0,[],,"['60293', '39537', '61111']","[0.6076406240463257, 0.5445490479469299, 0.48522502183914185]","['title_description', 'title_description', 'title_description']"
注册安全工程师的报名时间,['51712'],[],title_description,1,0,[],,['60293'],[0.6475945711135864],['title_description']
注册安全工程师的报名时间,['51712'],[],title_description,3,0,[],,"['60293', '61111', '5601']","[0.6475945711135864, 0.4895259141921997, 0.4639885723590851]","['title_description', 'title_description', 'title_description']"
济南社工,['51712'],[],title_description,1,0,[],,['60293'],[0.44338446855545044],['title_description']
济南社工,['51712'],[],title_description,3,0,[],,"['60293', '61111', '39537']","[0.44338446855545044, 0.4407094120979309, 0.4363858103752136]","['title_description', 'title_description', 'title_description']"
湖北成考报名时间,['51712'],[],title_description,1,0,[],,['60293'],[0.5422178506851196],['title_description']
湖北成考报名时间,['51712'],[],title_description,3,0,[],,"['60293', '61111', '39537']","[0.5422178506851196, 0.44002336263656616, 0.42806756496429443]","['title_description', 'title_description', 'title_description']"
湖南初级会计证考试时间,['51712'],[],title_description,1,0,[],,['60293'],[0.5957697629928589],['title_description']
湖南初级会计证考试时间,['51712'],[],title_description,3,0,[],,"['60293', '61111', '5601']","[0.5957697629928589, 0.4912521243095398, 0.4755169153213501]","['title_description', 'title_description', 'title_description']"
湖南教资官网,['51712'],[],title_description,1,0,[],,['60293'],[0.6255064010620117],['title_description']
湖南教资官网,['51712'],[],title_description,3,0,[],,"['60293', '39537', '5273']","[0.6255064010620117, 0.4938265383243561, 0.4843849539756775]","['title_description', 'title_description', 'title_description']"
甘肃教资报名考试时间2026,['51712'],[],title_description,1,0,[],,['60293'],[0.585986316204071],['title_description']
甘肃教资报名考试时间2026,['51712'],[],title_description,3,0,[],,"['60293', '61111', '5601']","[0.585986316204071, 0.46343305706977844, 0.45375800132751465]","['title_description', 'title_description', 'title_description']"
甘肃省公务员考试官网入口,['51712'],[],title_description,1,0,[],,['60293'],[0.5033143758773804],['title_description']
甘肃省公务员考试官网入口,['51712'],[],title_description,3,0,[],,"['60293', '39537', '5671']","[0.5033143758773804, 0.42497947812080383, 0.4039948582649231]","['title_description', 'title_description', 'title_description']"
甘肃省计算机二级报名时间,['51712'],[],title_description,1,0,[],,['60293'],[0.5360492467880249],['title_description']
甘肃省计算机二级报名时间,['51712'],[],title_description,3,0,[],,"['60293', '39537', '61111']","[0.5360492467880249, 0.43314576148986816, 0.43253374099731445]","['title_description', 'title_description', 'title_description']"
电工证查询入口,['51712'],[],title_description,1,0,[],,['60293'],[0.6555773615837097],['title_description']
电工证查询入口,['51712'],[],title_description,3,0,[],,"['60293', '50731', '60265']","[0.6555773615837097, 0.49926793575286865, 0.4908618927001953]","['title_description', 'title_description', 'title_description']"
监理工程师成绩啥时候出来,['51712'],[],title_description,1,0,[],,['60293'],[0.6140058636665344],['title_description']
监理工程师成绩啥时候出来,['51712'],[],title_description,3,0,[],,"['60293', '61111', '62016']","[0.6140058636665344, 0.4967890977859497, 0.4602198600769043]","['title_description', 'title_description', 'title_description']"
省考成绩什么时候公布,['51712'],[],title_description,1,0,[],,['60293'],[0.6007635593414307],['title_description']
省考成绩什么时候公布,['51712'],[],title_description,3,0,[],,"['60293', '61111', '5601']","[0.6007635593414307, 0.5047687292098999, 0.47378697991371155]","['title_description', 'title_description', 'title_description']"
省考报名时间,['51712'],[],title_description,1,0,[],,['60293'],[0.6667852997779846],['title_description']
省考报名时间,['51712'],[],title_description,3,0,[],,"['60293', '61111', '5601']","[0.6667852997779846, 0.5816068053245544, 0.5506989359855652]","['title_description', 'title_description', 'title_description']"
社会工作者2026年报名时间云南,['51712'],[],title_description,1,0,[],,['60293'],[0.4911997318267822],['title_description']
社会工作者2026年报名时间云南,['51712'],[],title_description,3,0,[],,"['60293', '61111', '5601']","[0.4911997318267822, 0.4234911799430847, 0.4233788251876831]","['title_description', 'title_description', 'title_description']"
社工报名入口,['51712'],[],title_description,1,0,[],,['60293'],[0.5880114436149597],['title_description']
社工报名入口,['51712'],[],title_description,3,0,[],,"['60293', '61111', '5671']","[0.5880114436149597, 0.4935433268547058, 0.4911658465862274]","['title_description', 'title_description', 'title_description']"
社工考试成绩查询时间,['51712'],[],title_description,1,0,[],,['60293'],[0.6692711710929871],['title_description']
社工考试成绩查询时间,['51712'],[],title_description,3,0,[],,"['60293', '61111', '5601']","[0.6692711710929871, 0.49392443895339966, 0.45824018120765686]","['title_description', 'title_description', 'title_description']"
社工证报名时间及考试时间,['51712'],[],title_description,1,0,[],,['60293'],[0.6820785999298096],['title_description']
社工证报名时间及考试时间,['51712'],[],title_description,3,0,[],,"['60293', '61111', '5601']","[0.6820785999298096, 0.5110284090042114, 0.48612919449806213]","['title_description', 'title_description', 'title_description']"
税务师考试报名及时间,['51712'],[],title_description,1,0,[],,['60293'],[0.659178614616394],['title_description']
税务师考试报名及时间,['51712'],[],title_description,3,0,[],,"['60293', '61111', '5671']","[0.659178614616394, 0.50742506980896, 0.47141963243484497]","['title_description', 'title_description', 'title_description']"
英语六级考试成绩查询时间,['51712'],[],title_description,1,0,[],,['60293'],[0.633876621723175],['title_description']
英语六级考试成绩查询时间,['51712'],[],title_description,3,0,[],,"['60293', '61111', '51388']","[0.633876621723175, 0.5001936554908752, 0.49546152353286743]","['title_description', 'title_description', 'title_description']"
英语四级下半年的报名时间,['51712'],[],title_description,1,0,[],,['60293'],[0.6219817399978638],['title_description']
英语四级下半年的报名时间,['51712'],[],title_description,3,0,[],,"['60293', '61111', '5601']","[0.6219817399978638, 0.5436850190162659, 0.5148689150810242]","['title_description', 'title_description', 'title_description']"
英语四级报名官网入口,['51712'],[],title_description,1,0,[],,['60293'],[0.6082216501235962],['title_description']
英语四级报名官网入口,['51712'],[],title_description,3,0,[],,"['60293', '51388', '5917']","[0.6082216501235962, 0.5035244822502136, 0.4987812638282776]","['title_description', 'title_description', 'title_description']"
英语四级查询成绩入口,['51712'],[],title_description,1,0,[],,['60293'],[0.6426633596420288],['title_description']
英语四级查询成绩入口,['51712'],[],title_description,3,0,[],,"['60293', '51388', '50143']","[0.6426633596420288, 0.5745390057563782, 0.5416750311851501]","['title_description', 'title_description', 'title_description']"
西陵区社工,['51712'],[],title_description,1,0,[],,['50731'],[0.39628857374191284],['title_description']
西陵区社工,['51712'],[],title_description,3,0,[],,"['50731', '51457', '5778']","[0.39628857374191284, 0.38885241746902466, 0.38303226232528687]","['title_description', 'title_description', 'title_description']"
计算机二级官网报名入口,['51712'],[],title_description,1,0,[],,['60293'],[0.5863237380981445],['title_description']
计算机二级官网报名入口,['51712'],[],title_description,3,0,[],,"['60293', '39537', '5273']","[0.5863237380981445, 0.4508276581764221, 0.4421575665473938]","['title_description', 'title_description', 'title_description']"
计算机二级报名时间2026考试时间,['51712'],[],title_description,1,0,[],,['60293'],[0.612839937210083],['title_description']
计算机二级报名时间2026考试时间,['51712'],[],title_description,3,0,[],,"['60293', '61111', '5601']","[0.612839937210083, 0.48868122696876526, 0.4840542674064636]","['title_description', 'title_description', 'title_description']"
计算机二级福建考试时间,['51712'],[],title_description,1,0,[],,['60293'],[0.5904020071029663],['title_description']
计算机二级福建考试时间,['51712'],[],title_description,3,0,[],,"['60293', '5601', '61111']","[0.5904020071029663, 0.4362602233886719, 0.4336753487586975]","['title_description', 'title_description', 'title_description']"
计算机二级考试成绩查询,['51712'],[],title_description,1,0,[],,['60293'],[0.6196929216384888],['title_description']
计算机二级考试成绩查询,['51712'],[],title_description,3,0,[],,"['60293', '51388', '51044']","[0.6196929216384888, 0.4768218398094177, 0.4618321359157562]","['title_description', 'title_description', 'title_description']"
贵州省二级建造师成绩查询时间,['51712'],[],title_description,1,0,[],,['60293'],[0.5817186832427979],['title_description']
贵州省二级建造师成绩查询时间,['51712'],[],title_description,3,0,[],,"['60293', '39537', '61111']","[0.5817186832427979, 0.45062148571014404, 0.42665302753448486]","['title_description', 'title_description', 'title_description']"
贵州省公务员考试网官网入口,['51712'],[],title_description,1,0,[],,['60293'],[0.5029076337814331],['title_description']
贵州省公务员考试网官网入口,['51712'],[],title_description,3,0,[],,"['60293', '39537', '60265']","[0.5029076337814331, 0.3967665433883667, 0.38034433126449585]","['title_description', 'title_description', 'title_description']"
软考官网,['51712'],[],title_description,1,0,[],,['60293'],[0.6893841028213501],['title_description']
软考官网,['51712'],[],title_description,3,0,[],,"['60293', '267', '47242']","[0.6893841028213501, 0.5152282118797302, 0.500670313835144]","['title_description', 'title_description', 'title_description']"
辽宁省教师资格证报名时间,['51712'],[],title_description,1,0,[],,['60293'],[0.5928313732147217],['title_description']
辽宁省教师资格证报名时间,['51712'],[],title_description,3,0,[],,"['60293', '61111', '5601']","[0.5928313732147217, 0.4477834701538086, 0.44739967584609985]","['title_description', 'title_description', 'title_description']"
重庆26年教资报名时间,['51712'],[],title_description,1,0,[],,['60293'],[0.6243934631347656],['title_description']
重庆26年教资报名时间,['51712'],[],title_description,3,0,[],,"['60293', '61111', '5601']","[0.6243934631347656, 0.5141310691833496, 0.5076295733451843]","['title_description', 'title_description', 'title_description']"
重庆市公务员,['51712'],[],title_description,1,0,[],,['60293'],[0.49963048100471497],['title_description']
重庆市公务员,['51712'],[],title_description,3,0,[],,"['60293', '46679', '39537']","[0.49963048100471497, 0.442227840423584, 0.4399522542953491]","['title_description', 'title_description', 'title_description']"
银行从业资格证官网入口,['51712'],[],title_description,1,0,[],,['60293'],[0.6693322062492371],['title_description']
银行从业资格证官网入口,['51712'],[],title_description,3,0,[],,"['60293', '61111', '60265']","[0.6693322062492371, 0.5091844797134399, 0.4941890835762024]","['title_description', 'title_description', 'title_description']"
陕西一造报名时间2026,['51712'],[],title_description,1,0,[],,['60293'],[0.48169249296188354],['title_description']
陕西一造报名时间2026,['51712'],[],title_description,3,0,[],,"['60293', '61111', '5601']","[0.48169249296188354, 0.43240320682525635, 0.4194057285785675]","['title_description', 'title_description', 'title_description']"
陕西省专升本,['51712'],[],title_description,1,0,[],,['60293'],[0.4973420202732086],['title_description']
陕西省专升本,['51712'],[],title_description,3,0,[],,"['60293', '52364', '39537']","[0.4973420202732086, 0.4826272130012512, 0.47267937660217285]","['title_description', 'title_description', 'title_description']"
雷州市公务员考试,['51712'],[],title_description,1,0,[],,['60293'],[0.4420895576477051],['title_description']
雷州市公务员考试,['51712'],[],title_description,3,0,[],,"['60293', '61111', '5601']","[0.4420895576477051, 0.3685174882411957, 0.36385488510131836]","['title_description', 'title_description', 'title_description']"
青海省教师资格证考试报名入口,['51712'],[],title_description,1,0,[],,['60293'],[0.6565723419189453],['title_description']
青海省教师资格证考试报名入口,['51712'],[],title_description,3,0,[],,"['60293', '39537', '5273']","[0.6565723419189453, 0.4766300320625305, 0.47107869386672974]","['title_description', 'title_description', 'title_description']"
高级会计师成绩查询2026年,['51712'],[],title_description,1,0,[],,['60293'],[0.5867946147918701],['title_description']
高级会计师成绩查询2026年,['51712'],[],title_description,3,0,[],,"['60293', '39537', '61111']","[0.5867946147918701, 0.4806562066078186, 0.4754645526409149]","['title_description', 'title_description', 'title_description']"
黑龙江教资报名时间,['51712'],[],title_description,1,0,[],,['60293'],[0.5850024223327637],['title_description']
黑龙江教资报名时间,['51712'],[],title_description,3,0,[],,"['60293', '61111', '5601']","[0.5850024223327637, 0.45966637134552, 0.4497942328453064]","['title_description', 'title_description', 'title_description']"
黑龙江省公务员官网,['51712'],[],title_description,1,0,[],,['60293'],[0.4929090738296509],['title_description']
黑龙江省公务员官网,['51712'],[],title_description,3,0,[],,"['60293', '39537', '61111']","[0.4929090738296509, 0.4462328553199768, 0.4189046621322632]","['title_description', 'title_description', 'title_description']"
